{"type":"FeatureCollection","province":"Aydın","province_id":"TR-P-09","features":[{"type":"Feature","properties":{"id":"TR-D-09-001","parent_id":"TR-P-09","region_id":"TR-R-EGE","level":"district","municipality_type":null,"municipality_type_label":null,"is_metropolitan_municipality":null,"name":"Bozdoğan","name_ascii":"bozdogan","slug":"bozdogan-aydin"},"geometry":{"type":"Polygon","coordinates":[[[28.459535,37.8079],[28.46347,37.811542],[28.467078,37.813603],[28.46773,37.809723],[28.46773,37.806796],[28.467496,37.804338],[28.467613,37.800593],[28.467379,37.797081],[28.469369,37.793921],[28.471827,37.791697],[28.475572,37.78959],[28.477913,37.78842],[28.479552,37.786196],[28.482361,37.783036],[28.482946,37.780695],[28.483809,37.775515],[28.486706,37.774286],[28.487935,37.773145],[28.488901,37.770863],[28.490657,37.768844],[28.491973,37.766912],[28.494344,37.764542],[28.49768,37.762874],[28.501015,37.761996],[28.50321,37.761557],[28.507687,37.759363],[28.511989,37.757431],[28.512691,37.755149],[28.512779,37.751813],[28.512867,37.749706],[28.51471,37.747863],[28.516466,37.74637],[28.519363,37.743649],[28.521118,37.742508],[28.522786,37.741279],[28.524454,37.738733],[28.526035,37.735836],[28.52779,37.734256],[28.529722,37.73329],[28.531389,37.731534],[28.533233,37.729076],[28.534023,37.727321],[28.534462,37.724599],[28.534989,37.721527],[28.536042,37.71942],[28.538237,37.71705],[28.54008,37.715645],[28.54166,37.713977],[28.542714,37.712836],[28.544645,37.712397],[28.546313,37.71029],[28.546664,37.70871],[28.546664,37.707042],[28.546401,37.704057],[28.546313,37.701863],[28.548157,37.698351],[28.549298,37.69721],[28.550088,37.695718],[28.551493,37.694489],[28.552546,37.692996],[28.553336,37.689573],[28.554038,37.686237],[28.555004,37.68413],[28.55597,37.682637],[28.55755,37.678248],[28.55834,37.675176],[28.559218,37.670172],[28.560183,37.667714],[28.562115,37.665431],[28.564748,37.663939],[28.567733,37.663149],[28.568874,37.662183],[28.568786,37.660164],[28.568347,37.657531],[28.567645,37.655512],[28.566855,37.653405],[28.566504,37.651034],[28.565187,37.648928],[28.563168,37.645241],[28.562115,37.640851],[28.562466,37.638832],[28.564134,37.63655],[28.567031,37.634618],[28.571332,37.63137],[28.57142,37.630229],[28.571157,37.627947],[28.571157,37.62584],[28.570981,37.623909],[28.569928,37.621099],[28.570103,37.619607],[28.568347,37.614252],[28.565363,37.61276],[28.559657,37.610828],[28.554565,37.609336],[28.553073,37.607844],[28.552458,37.605649],[28.55237,37.602928],[28.552458,37.599855],[28.552897,37.595027],[28.554389,37.588706],[28.556145,37.585722],[28.557725,37.582561],[28.558515,37.580542],[28.559832,37.577645],[28.564145,37.575933],[28.567239,37.575933],[28.569873,37.575802],[28.57165,37.574748],[28.572045,37.573892],[28.572441,37.571522],[28.572441,37.56981],[28.572506,37.568033],[28.572177,37.566584],[28.571585,37.565202],[28.570465,37.563687],[28.569346,37.562436],[28.568358,37.560856],[28.568358,37.559803],[28.568556,37.558552],[28.569017,37.55684],[28.569346,37.555589],[28.569609,37.554075],[28.56928,37.552955],[28.568424,37.552626],[28.56691,37.552099],[28.56606,37.551412],[28.565541,37.550756],[28.565415,37.549541],[28.565764,37.545591],[28.565919,37.543289],[28.56618,37.539665],[28.566205,37.539174],[28.566148,37.538827],[28.566022,37.538405],[28.565842,37.538013],[28.565618,37.537624],[28.565364,37.537238],[28.565088,37.536855],[28.564797,37.536473],[28.563878,37.535336],[28.562468,37.533657],[28.561681,37.53272],[28.561099,37.532015],[28.560601,37.531371],[28.5603,37.53095],[28.560076,37.530592],[28.559887,37.530232],[28.559737,37.529845],[28.559652,37.529461],[28.559647,37.529086],[28.559713,37.528794],[28.55984,37.528518],[28.560028,37.528264],[28.560325,37.527997],[28.560686,37.52776],[28.561094,37.527545],[28.561535,37.527347],[28.562,37.527162],[28.562482,37.526988],[28.562976,37.526822],[28.563478,37.526663],[28.563987,37.526513],[28.564474,37.526379],[28.565456,37.526129],[28.565962,37.526012],[28.566445,37.5259],[28.566942,37.525795],[28.567921,37.525609],[28.569368,37.525365],[28.570327,37.525195],[28.570863,37.525088],[28.571926,37.524854],[28.572984,37.524602],[28.574564,37.52421],[28.578773,37.52313],[28.581416,37.522438],[28.582999,37.522015],[28.584012,37.521735],[28.585579,37.521276],[28.587007,37.520838],[28.588107,37.520485],[28.588688,37.520288],[28.589556,37.519978],[28.590589,37.519569],[28.590943,37.519418],[28.591388,37.519211],[28.591821,37.518989],[28.592164,37.518794],[28.592496,37.518586],[28.592824,37.518364],[28.593131,37.51814],[28.593517,37.517835],[28.593905,37.517505],[28.594256,37.517191],[28.594968,37.516524],[28.595474,37.516031],[28.598315,37.513251],[28.598323,37.513243],[28.598866,37.512721],[28.599158,37.51244],[28.600199,37.511405],[28.600206,37.511398],[28.600856,37.510716],[28.601171,37.510361],[28.60147,37.509998],[28.601726,37.509652],[28.60174,37.509633],[28.60176,37.509604],[28.601939,37.509338],[28.602146,37.508998],[28.602331,37.508652],[28.602492,37.508298],[28.602637,37.507901],[28.602755,37.507497],[28.602854,37.507088],[28.602938,37.506675],[28.603012,37.50626],[28.603141,37.505424],[28.603433,37.503324],[28.603559,37.502485],[28.603649,37.501957],[28.603668,37.501848],[28.603706,37.501628],[28.603742,37.501443],[28.60378,37.501247],[28.603875,37.500755],[28.604148,37.499447],[28.604439,37.498142],[28.604648,37.497276],[28.604807,37.496703],[28.604885,37.496418],[28.605022,37.495993],[28.605177,37.495572],[28.605356,37.495152],[28.605553,37.494737],[28.605764,37.494325],[28.606214,37.493509],[28.60672,37.492648],[28.606928,37.492296],[28.607425,37.491495],[28.607641,37.491169],[28.607642,37.491168],[28.607948,37.490705],[28.607952,37.4907],[28.608222,37.490317],[28.608792,37.489552],[28.609675,37.488416],[28.611172,37.486535],[28.61178,37.485787],[28.6124,37.485046],[28.613034,37.484321],[28.613681,37.483602],[28.614663,37.482531],[28.615362,37.481783],[28.6154,37.481744],[28.615996,37.481123],[28.61634,37.480781],[28.616691,37.480445],[28.617053,37.480119],[28.617431,37.479808],[28.617938,37.479446],[28.61773,37.4791],[28.617604,37.478892],[28.617327,37.478546],[28.617258,37.478459],[28.615626,37.478014],[28.614402,37.477681],[28.614229,37.477661],[28.612844,37.477507],[28.6112,37.477421],[28.610052,37.476765],[28.609989,37.476729],[28.609479,37.476353],[28.608686,37.475769],[28.608344,37.475517],[28.606267,37.474305],[28.604969,37.473007],[28.603584,37.472488],[28.602113,37.472055],[28.599776,37.472055],[28.597007,37.473353],[28.593458,37.4737],[28.588352,37.474825],[28.58541,37.47569],[28.583765,37.475517],[28.582544,37.475262],[28.579611,37.474651],[28.575976,37.474651],[28.57113,37.474651],[28.564639,37.474825],[28.558668,37.47543],[28.554254,37.476555],[28.551052,37.476471],[28.550965,37.476469],[28.550877,37.476467],[28.546984,37.476382],[28.544128,37.475863],[28.541705,37.475171],[28.53556,37.475171],[28.529156,37.475171],[28.523271,37.476123],[28.519723,37.476988],[28.517819,37.4782],[28.510895,37.480969],[28.507779,37.481575],[28.501289,37.482008],[28.495317,37.483306],[28.491422,37.485296],[28.487095,37.485296],[28.48372,37.485383],[28.480345,37.485643],[28.476623,37.485729],[28.47169,37.485729],[28.467969,37.485383],[28.465199,37.485816],[28.463469,37.486854],[28.462517,37.489537],[28.46018,37.494816],[28.458709,37.497499],[28.457237,37.500096],[28.45542,37.502346],[28.45291,37.504769],[28.452045,37.505029],[28.449708,37.505115],[28.446939,37.504856],[28.442957,37.503125],[28.435861,37.500961],[28.430841,37.500528],[28.425735,37.500355],[28.417167,37.501653],[28.413792,37.501221],[28.409292,37.500096],[28.406522,37.498192],[28.399772,37.495855],[28.39406,37.494816],[28.387136,37.496547],[28.384194,37.497759],[28.380645,37.500355],[28.379088,37.503038],[28.375972,37.505461],[28.368529,37.508923],[28.3655,37.511606],[28.361432,37.514375],[28.357451,37.516279],[28.351393,37.517318],[28.349057,37.51827],[28.348018,37.519395],[28.346633,37.521818],[28.345076,37.524761],[28.343085,37.525713],[28.339104,37.525453],[28.335469,37.52502],[28.331142,37.523809],[28.324911,37.52303],[28.319545,37.520866],[28.314352,37.51853],[28.307515,37.517837],[28.30189,37.51602],[28.29462,37.515674],[28.288908,37.515674],[28.284927,37.517231],[28.28285,37.519135],[28.281898,37.522857],[28.282417,37.524674],[28.28285,37.527444],[28.283715,37.529434],[28.286658,37.535752],[28.288822,37.541118],[28.291591,37.547349],[28.293235,37.552109],[28.292543,37.552628],[28.289254,37.554446],[28.284581,37.556176],[28.280254,37.557302],[28.278263,37.557907],[28.276186,37.557821],[28.275234,37.556955],[28.271426,37.555484],[28.267618,37.555051],[28.262599,37.553926],[28.258964,37.551503],[28.256735,37.550128],[28.25361,37.551952],[28.252726,37.553365],[28.252314,37.555485],[28.252314,37.557841],[28.252373,37.559666],[28.25308,37.564023],[28.252785,37.567438],[28.251608,37.570736],[28.250607,37.572973],[28.249135,37.575034],[28.246956,37.577449],[28.245013,37.57898],[28.241892,37.581217],[28.238182,37.582689],[28.235179,37.584927],[28.23406,37.586634],[28.232294,37.587047],[28.230586,37.587753],[28.229173,37.588813],[28.227701,37.590756],[28.226877,37.592464],[28.226229,37.5937],[28.223285,37.596527],[28.22146,37.598117],[28.220341,37.600354],[28.219516,37.601767],[28.217632,37.603416],[28.216278,37.605536],[28.214924,37.60689],[28.212392,37.608362],[28.209506,37.609245],[28.20774,37.611306],[28.207151,37.613485],[28.207328,37.616194],[28.207622,37.61796],[28.20827,37.62008],[28.20774,37.624084],[28.207799,37.625733],[28.207681,37.628029],[28.207387,37.629501],[28.206562,37.63221],[28.206857,37.635331],[28.207975,37.638039],[28.208388,37.640689],[28.208623,37.643869],[28.2088,37.646165],[28.208623,37.650581],[28.209389,37.651994],[28.211626,37.653879],[28.2151,37.655351],[28.218398,37.65594],[28.219987,37.656882],[28.220753,37.657883],[28.22093,37.658766],[28.220576,37.660591],[28.219281,37.662358],[28.216631,37.666539],[28.215395,37.66807],[28.21457,37.668599],[28.213923,37.669424],[28.213923,37.670425],[28.213746,37.67119],[28.212686,37.672074],[28.210802,37.673075],[28.208976,37.674606],[28.208152,37.676372],[28.208564,37.678845],[28.208093,37.680906],[28.208034,37.682614],[28.20721,37.683615],[28.204266,37.684969],[28.200026,37.686088],[28.196317,37.686677],[28.194491,37.687089],[28.192254,37.687913],[28.190252,37.688855],[28.187366,37.689503],[28.184363,37.690563],[28.181772,37.691917],[28.176355,37.693978],[28.174497,37.695054],[28.17584,37.697694],[28.176647,37.698732],[28.178434,37.70023],[28.179991,37.701902],[28.181201,37.703228],[28.181893,37.704899],[28.182757,37.706686],[28.183853,37.708415],[28.18466,37.709914],[28.185409,37.711009],[28.187542,37.713545],[28.191048,37.717484],[28.1932,37.719713],[28.195736,37.721788],[28.197734,37.723479],[28.200271,37.725016],[28.202423,37.726476],[28.203883,37.726707],[28.206467,37.727091],[28.209695,37.727033],[28.213787,37.72686],[28.218053,37.726342],[28.219551,37.726514],[28.221742,37.726976],[28.224566,37.727206],[28.227737,37.727206],[28.231771,37.726572],[28.234596,37.725765],[28.23938,37.724843],[28.242954,37.724901],[28.246355,37.72588],[28.248891,37.727379],[28.251312,37.72882],[28.254194,37.730434],[28.256499,37.731529],[28.259381,37.732394],[28.261572,37.732394],[28.263128,37.732336],[28.265145,37.732624],[28.266471,37.733086],[28.267336,37.734757],[28.267739,37.736198],[28.26797,37.739599],[28.267912,37.742308],[28.267787,37.744268],[28.26771,37.745421],[28.26871,37.747649],[28.272552,37.750493],[28.275857,37.75203],[28.279623,37.754105],[28.281083,37.754643],[28.28385,37.755412],[28.28677,37.756795],[28.28946,37.759485],[28.291228,37.761868],[28.291535,37.762252],[28.292304,37.768708],[28.292381,37.772012],[28.290921,37.777776],[28.290306,37.787537],[28.290152,37.789766],[28.288538,37.792763],[28.286847,37.795376],[28.286156,37.798066],[28.284465,37.799603],[28.283081,37.80237],[28.282543,37.805444],[28.282159,37.808211],[28.282697,37.81213],[28.283696,37.814744],[28.284772,37.816895],[28.28654,37.819509],[28.288922,37.821584],[28.29069,37.82289],[28.293073,37.825196],[28.296992,37.829884],[28.302764,37.836788],[28.303538,37.835895],[28.307353,37.831453],[28.309275,37.829238],[28.311855,37.826287],[28.312801,37.82517],[28.313102,37.824793],[28.313391,37.824412],[28.313618,37.824092],[28.31383,37.823768],[28.314025,37.823439],[28.314199,37.823104],[28.314346,37.822764],[28.31447,37.822389],[28.314562,37.822009],[28.314627,37.821623],[28.314669,37.821234],[28.314688,37.820843],[28.314683,37.82045],[28.314659,37.820057],[28.314615,37.819664],[28.314551,37.819273],[28.314465,37.818884],[28.31436,37.818509],[28.314237,37.818138],[28.313956,37.8174],[28.313354,37.815949],[28.313221,37.815585],[28.313107,37.815219],[28.313013,37.814832],[28.312941,37.814443],[28.312887,37.81405],[28.312847,37.813656],[28.312818,37.81326],[28.31279,37.812464],[28.312793,37.811666],[28.312807,37.811267],[28.312832,37.810821],[28.312905,37.809929],[28.313048,37.808593],[28.313253,37.80704],[28.313442,37.805863],[28.313688,37.804546],[28.31464,37.799723],[28.315404,37.795772],[28.315679,37.794462],[28.315783,37.794029],[28.315898,37.793599],[28.316028,37.793174],[28.316179,37.792756],[28.316359,37.792346],[28.316571,37.791955],[28.316811,37.791573],[28.317097,37.791163],[28.32139,37.790393],[28.328148,37.789461],[28.328843,37.789501],[28.331577,37.788767],[28.333805,37.787614],[28.335958,37.784397],[28.337504,37.781717],[28.338948,37.778625],[28.339875,37.774914],[28.339772,37.772646],[28.338948,37.769553],[28.337504,37.766152],[28.336886,37.763162],[28.335958,37.76007],[28.335752,37.758318],[28.336267,37.756359],[28.338741,37.751823],[28.339978,37.750689],[28.342762,37.749143],[28.345957,37.748937],[28.349565,37.748422],[28.353379,37.747906],[28.355234,37.747185],[28.360492,37.744608],[28.364409,37.743268],[28.368326,37.741515],[28.371315,37.739866],[28.375438,37.738938],[28.383891,37.736155],[28.38688,37.735124],[28.390385,37.73399],[28.392447,37.733887],[28.394818,37.734815],[28.397188,37.736567],[28.39925,37.738114],[28.40193,37.739969],[28.404817,37.74234],[28.40729,37.743989],[28.411001,37.746051],[28.415022,37.747494],[28.421825,37.751514],[28.429865,37.753163],[28.435019,37.754194],[28.438936,37.755225],[28.441307,37.755947],[28.443472,37.756977],[28.445018,37.757905],[28.446771,37.759348],[28.448008,37.760276],[28.448935,37.763884],[28.448729,37.767079],[28.448008,37.770172],[28.44854,37.776838],[28.450602,37.781923],[28.453076,37.787008],[28.456512,37.792644],[28.457886,37.795392],[28.458986,37.80144],[28.459535,37.8079]]]}},{"type":"Feature","properties":{"id":"TR-D-09-002","parent_id":"TR-P-09","region_id":"TR-R-EGE","level":"district","municipality_type":null,"municipality_type_label":null,"is_metropolitan_municipality":null,"name":"Buharkent","name_ascii":"buharkent","slug":"buharkent-aydin"},"geometry":{"type":"Polygon","coordinates":[[[28.687275,38.065506],[28.697655,38.064603],[28.703443,38.063748],[28.708326,38.063144],[28.713964,38.062036],[28.719752,38.061482],[28.721917,38.060325],[28.723679,38.057657],[28.724434,38.05368],[28.72534,38.049955],[28.726548,38.045475],[28.727051,38.042355],[28.727343,38.038316],[28.728468,38.036066],[28.729766,38.032604],[28.730978,38.029489],[28.732016,38.026806],[28.732968,38.024902],[28.73392,38.022825],[28.73444,38.02144],[28.735132,38.018498],[28.735738,38.016767],[28.736257,38.014949],[28.73669,38.011228],[28.73669,38.008372],[28.736603,38.005949],[28.736344,38.002487],[28.737209,37.998679],[28.738767,37.995131],[28.741796,37.992102],[28.744219,37.989678],[28.748719,37.987774],[28.75547,37.986563],[28.761268,37.986563],[28.774077,37.983274],[28.779529,37.982755],[28.782645,37.982582],[28.786713,37.982668],[28.789482,37.982582],[28.794155,37.982322],[28.798829,37.982236],[28.802723,37.981197],[28.807397,37.979899],[28.810858,37.978774],[28.816484,37.97687],[28.820638,37.975398],[28.824879,37.974187],[28.825398,37.972716],[28.825658,37.96986],[28.825594,37.96894],[28.825485,37.96735],[28.825311,37.965879],[28.824792,37.961292],[28.825052,37.957916],[28.825225,37.954801],[28.825052,37.951079],[28.824273,37.94831],[28.822542,37.941213],[28.821503,37.936194],[28.820638,37.93429],[28.820032,37.933511],[28.819946,37.932559],[28.819989,37.932299],[28.820032,37.93204],[28.820551,37.930915],[28.820638,37.930309],[28.820335,37.930222],[28.820032,37.930136],[28.819253,37.930395],[28.818994,37.930612],[28.818734,37.930828],[28.818648,37.93152],[28.818042,37.932472],[28.817696,37.932516],[28.817349,37.932559],[28.816311,37.932386],[28.815705,37.931953],[28.815359,37.931088],[28.815359,37.930222],[28.815359,37.929357],[28.815099,37.928751],[28.81484,37.928664],[28.81458,37.928578],[28.813628,37.928578],[28.811637,37.929357],[28.810858,37.929963],[28.810512,37.930655],[28.810253,37.93152],[28.810166,37.933078],[28.81008,37.93403],[28.809387,37.934549],[28.808781,37.934636],[28.808479,37.934636],[28.808176,37.934636],[28.807397,37.93429],[28.806704,37.933597],[28.806272,37.932905],[28.80532,37.932386],[28.804108,37.932819],[28.802204,37.933771],[28.801339,37.934376],[28.800214,37.935328],[28.799608,37.936194],[28.799002,37.936713],[28.79805,37.9368],[28.796146,37.937319],[28.795194,37.937752],[28.793982,37.937752],[28.791992,37.937405],[28.789136,37.937232],[28.787665,37.937232],[28.786107,37.937665],[28.785155,37.93853],[28.784462,37.939396],[28.783597,37.940002],[28.782472,37.940175],[28.78152,37.940434],[28.781001,37.941213],[28.780481,37.942079],[28.779789,37.94329],[28.779183,37.944675],[28.778231,37.945627],[28.777193,37.945887],[28.776414,37.945714],[28.776241,37.945497],[28.776068,37.945281],[28.776154,37.944589],[28.776846,37.94329],[28.776673,37.942598],[28.775981,37.941992],[28.774769,37.941733],[28.773471,37.941213],[28.77226,37.9413],[28.771567,37.941819],[28.771221,37.942944],[28.771221,37.943983],[28.770615,37.944935],[28.769836,37.945368],[28.767759,37.946146],[28.766807,37.946406],[28.765855,37.946406],[28.765552,37.94632],[28.765249,37.946233],[28.763951,37.94606],[28.763086,37.94632],[28.76248,37.946925],[28.761874,37.94805],[28.761615,37.94818],[28.761355,37.94831],[28.760576,37.94831],[28.759364,37.948137],[28.759062,37.947964],[28.758759,37.947791],[28.758153,37.947445],[28.756682,37.947271],[28.755037,37.946579],[28.752527,37.94329],[28.751056,37.942079],[28.749412,37.940434],[28.747162,37.937838],[28.746123,37.936194],[28.744565,37.933338],[28.742142,37.931001],[28.740325,37.929876],[28.737209,37.927539],[28.735565,37.925203],[28.733661,37.923385],[28.731757,37.921914],[28.728641,37.919837],[28.727603,37.917587],[28.727862,37.915856],[28.727689,37.912394],[28.727819,37.910751],[28.724659,37.913088],[28.7218,37.915514],[28.71894,37.918374],[28.71504,37.922533],[28.714174,37.924873],[28.713221,37.92756],[28.712181,37.929899],[28.709321,37.932326],[28.706375,37.934492],[28.701955,37.937438],[28.698662,37.939865],[28.693463,37.940818],[28.688783,37.943678],[28.683931,37.94775],[28.680638,37.95295],[28.678558,37.956676],[28.674398,37.963695],[28.672752,37.967595],[28.671452,37.971234],[28.670066,37.975221],[28.668592,37.977647],[28.666079,37.980333],[28.662353,37.983106],[28.66218,37.984146],[28.662353,37.986313],[28.662006,37.987699],[28.66036,37.990299],[28.658974,37.992552],[28.657154,37.995585],[28.656114,37.998618],[28.654554,38.001044],[28.652908,38.003297],[28.650828,38.004597],[28.648748,38.005897],[28.646928,38.007284],[28.645628,38.008843],[28.644935,38.010836],[28.644935,38.01335],[28.645022,38.014823],[28.643462,38.017162],[28.642682,38.020282],[28.642249,38.023402],[28.646679,38.026283],[28.650254,38.028428],[28.651814,38.029468],[28.654283,38.031547],[28.656363,38.033952],[28.657533,38.034537],[28.659548,38.034667],[28.668907,38.033692],[28.670401,38.033887],[28.671831,38.035187],[28.672806,38.036487],[28.675341,38.041036],[28.678135,38.044806],[28.679695,38.046236],[28.680995,38.047925],[28.681775,38.04942],[28.682555,38.0515],[28.68379,38.05371],[28.68509,38.057869],[28.687169,38.061964],[28.687234,38.064564],[28.687275,38.065506]]]}},{"type":"Feature","properties":{"id":"TR-D-09-003","parent_id":"TR-P-09","region_id":"TR-R-EGE","level":"district","municipality_type":null,"municipality_type_label":null,"is_metropolitan_municipality":null,"name":"Çine","name_ascii":"cine","slug":"cine-aydin"},"geometry":{"type":"Polygon","coordinates":[[[27.909166,37.490414],[27.909401,37.492472],[27.909169,37.495019],[27.907317,37.497474],[27.906483,37.498863],[27.905696,37.500253],[27.903936,37.503356],[27.903372,37.505301],[27.903064,37.5074],[27.90294,37.509191],[27.903372,37.511476],[27.903866,37.513699],[27.904175,37.515798],[27.904731,37.517218],[27.905472,37.519133],[27.90504,37.520306],[27.904546,37.521726],[27.904484,37.523455],[27.904731,37.525431],[27.90436,37.526728],[27.903496,37.528086],[27.902755,37.528889],[27.901705,37.529321],[27.900655,37.52963],[27.90047,37.530433],[27.900717,37.531977],[27.900964,37.533273],[27.900655,37.534261],[27.900161,37.535496],[27.899791,37.53667],[27.899667,37.538522],[27.899235,37.540251],[27.898865,37.541239],[27.898432,37.542165],[27.898432,37.543462],[27.898185,37.545129],[27.898432,37.54655],[27.898926,37.547167],[27.900161,37.547723],[27.903311,37.548155],[27.905534,37.548773],[27.908683,37.549452],[27.910227,37.550069],[27.914302,37.551551],[27.91634,37.551983],[27.919119,37.552848],[27.92165,37.553033],[27.924429,37.553157],[27.926096,37.553157],[27.927331,37.553712],[27.928504,37.554762],[27.928998,37.556553],[27.929184,37.558961],[27.929307,37.562296],[27.929492,37.565013],[27.929184,37.568471],[27.929245,37.570755],[27.929369,37.573287],[27.929739,37.575634],[27.929492,37.577177],[27.92906,37.579215],[27.928257,37.580635],[27.928072,37.582241],[27.928751,37.58434],[27.930357,37.586316],[27.930851,37.587243],[27.930913,37.588477],[27.930913,37.590206],[27.93153,37.592244],[27.932024,37.593664],[27.932642,37.594344],[27.933259,37.595702],[27.933877,37.596258],[27.934556,37.596999],[27.934556,37.597555],[27.933074,37.59879],[27.932024,37.599778],[27.926837,37.602001],[27.923318,37.603915],[27.921033,37.605459],[27.920168,37.606755],[27.91918,37.608299],[27.918131,37.609596],[27.915475,37.610646],[27.91282,37.612004],[27.909918,37.613918],[27.907942,37.615647],[27.904052,37.617191],[27.901829,37.618056],[27.89905,37.61892],[27.897074,37.619414],[27.89516,37.621328],[27.893184,37.624045],[27.892937,37.624848],[27.892628,37.626701],[27.892504,37.628553],[27.892443,37.630035],[27.891269,37.632505],[27.888738,37.633802],[27.886083,37.634172],[27.884724,37.635654],[27.882872,37.637383],[27.881081,37.639297],[27.879784,37.641397],[27.877005,37.644052],[27.875276,37.645966],[27.873239,37.647263],[27.871324,37.648128],[27.869163,37.650598],[27.868607,37.652141],[27.868237,37.654056],[27.867434,37.655599],[27.865767,37.656402],[27.862556,37.656279],[27.860827,37.657205],[27.858419,37.657328],[27.855455,37.658625],[27.854158,37.659922],[27.852923,37.661651],[27.851935,37.663256],[27.851317,37.664553],[27.849033,37.665294],[27.846933,37.665911],[27.84681,37.666158],[27.845884,37.667826],[27.845081,37.669987],[27.843537,37.671778],[27.842364,37.674556],[27.841314,37.675977],[27.839462,37.677706],[27.8373,37.679126],[27.835386,37.680299],[27.832944,37.681225],[27.833374,37.6827],[27.833852,37.684533],[27.835048,37.685968],[27.837758,37.687004],[27.839909,37.688359],[27.842858,37.689395],[27.84517,37.690511],[27.846126,37.692105],[27.847003,37.694256],[27.848039,37.696647],[27.849712,37.700314],[27.850191,37.701908],[27.850988,37.704617],[27.851227,37.706929],[27.852502,37.709638],[27.854335,37.71195],[27.856407,37.713703],[27.859037,37.715855],[27.859595,37.71713],[27.860233,37.718724],[27.860233,37.721593],[27.860312,37.723347],[27.861349,37.724383],[27.863182,37.725499],[27.864696,37.726535],[27.865812,37.727172],[27.866729,37.727988],[27.867753,37.726924],[27.868448,37.726217],[27.869159,37.725521],[27.869525,37.725181],[27.869889,37.724856],[27.870637,37.72422],[27.871786,37.723284],[27.875271,37.720502],[27.876437,37.719578],[27.877223,37.718971],[27.878025,37.71838],[27.878436,37.718096],[27.878859,37.717824],[27.879277,37.717576],[27.879705,37.717339],[27.880142,37.717112],[27.880588,37.716895],[27.881035,37.716687],[27.881488,37.716486],[27.882405,37.716097],[27.883796,37.715535],[27.8852,37.714998],[27.886145,37.714658],[27.887091,37.714339],[27.888017,37.714047],[27.889486,37.713621],[27.890452,37.713365],[27.891337,37.713143],[27.895314,37.712186],[27.896771,37.711824],[27.897735,37.711568],[27.898691,37.71129],[27.899163,37.711141],[27.89963,37.710982],[27.900101,37.710808],[27.900567,37.710624],[27.901027,37.710431],[27.90148,37.710229],[27.901933,37.710016],[27.902379,37.709795],[27.902775,37.709588],[27.903249,37.709327],[27.903684,37.709072],[27.904111,37.708808],[27.904948,37.708263],[27.905763,37.707709],[27.907466,37.706515],[27.908408,37.706828],[27.910495,37.707408],[27.912756,37.708684],[27.914148,37.709728],[27.915887,37.710771],[27.917569,37.711583],[27.918903,37.712221],[27.920468,37.712975],[27.921222,37.713438],[27.922787,37.715062],[27.923715,37.716338],[27.924469,37.718657],[27.924991,37.720802],[27.925571,37.722368],[27.926788,37.724165],[27.927774,37.725615],[27.928238,37.726717],[27.929455,37.727702],[27.931369,37.727818],[27.932819,37.727934],[27.934094,37.728166],[27.93537,37.729036],[27.937051,37.730196],[27.938559,37.731297],[27.939661,37.731993],[27.94198,37.732747],[27.944995,37.733327],[27.947952,37.733965],[27.949808,37.73437],[27.952533,37.734196],[27.954156,37.734312],[27.956824,37.734776],[27.958389,37.73524],[27.962216,37.736226],[27.965115,37.736806],[27.966449,37.73756],[27.968246,37.737675],[27.97045,37.737444],[27.971899,37.737791],[27.973233,37.738081],[27.974682,37.738429],[27.976364,37.739357],[27.978277,37.739879],[27.980017,37.740285],[27.981177,37.740517],[27.982394,37.741502],[27.984366,37.743532],[27.985931,37.743996],[27.987323,37.744402],[27.989642,37.743938],[27.991845,37.743996],[27.994571,37.744286],[27.996252,37.744286],[27.998282,37.743996],[27.999963,37.744402],[28.001239,37.744518],[28.002282,37.744865],[28.002978,37.745445],[28.00321,37.746257],[28.00321,37.747243],[28.00321,37.747823],[28.004138,37.749852],[28.006689,37.753099],[28.008139,37.755128],[28.009704,37.756346],[28.010922,37.758723],[28.011908,37.760753],[28.012777,37.761797],[28.014227,37.762144],[28.016372,37.76226],[28.019272,37.762318],[28.021707,37.762376],[28.023736,37.762318],[28.025534,37.76226],[28.028317,37.76226],[28.032153,37.762492],[28.033765,37.762376],[28.0352,37.762246],[28.036244,37.761724],[28.037113,37.761115],[28.038505,37.761202],[28.038983,37.76155],[28.040505,37.761768],[28.042201,37.762115],[28.043202,37.762376],[28.044158,37.76242],[28.044985,37.762289],[28.046115,37.761811],[28.04755,37.761811],[28.048942,37.761811],[28.049986,37.761811],[28.050986,37.762115],[28.052378,37.762681],[28.053334,37.762811],[28.054291,37.762724],[28.056074,37.762637],[28.057161,37.762768],[28.058335,37.763377],[28.059292,37.764029],[28.059901,37.76442],[28.060379,37.764855],[28.060771,37.764986],[28.06151,37.764812],[28.062554,37.764116],[28.062728,37.76355],[28.063075,37.763072],[28.063902,37.762594],[28.064945,37.762333],[28.065815,37.762159],[28.06712,37.762072],[28.068772,37.763029],[28.069294,37.764029],[28.070642,37.766247],[28.072217,37.764592],[28.073453,37.762119],[28.073718,37.759778],[28.073453,37.75704],[28.073497,37.75439],[28.073232,37.753684],[28.073188,37.752403],[28.073453,37.751034],[28.074557,37.748782],[28.075404,37.747634],[28.077464,37.747045],[28.079702,37.746927],[28.081351,37.746338],[28.082293,37.745102],[28.082882,37.743924],[28.083942,37.741981],[28.084648,37.73992],[28.088358,37.737977],[28.090831,37.736622],[28.092185,37.734974],[28.093127,37.733148],[28.095365,37.728555],[28.096837,37.726318],[28.097956,37.724846],[28.103196,37.721372],[28.104315,37.720665],[28.105342,37.720004],[28.105578,37.719592],[28.105872,37.718886],[28.106638,37.718179],[28.107285,37.717767],[28.109111,37.71759],[28.110818,37.717649],[28.113704,37.717649],[28.11441,37.717237],[28.114822,37.716354],[28.115235,37.715647],[28.115706,37.715176],[28.116707,37.714469],[28.116942,37.71388],[28.116824,37.712821],[28.116177,37.712055],[28.115882,37.711466],[28.116118,37.71076],[28.116412,37.709464],[28.117354,37.707286],[28.118238,37.705578],[28.119945,37.703694],[28.121358,37.703105],[28.123714,37.702987],[28.124597,37.702752],[28.124774,37.702222],[28.12495,37.701338],[28.126128,37.700691],[28.127482,37.699984],[28.128601,37.699395],[28.129661,37.6981],[28.131074,37.697334],[28.132782,37.696804],[28.135726,37.697393],[28.137963,37.698041],[28.14026,37.698512],[28.142792,37.69969],[28.145265,37.699395],[28.150977,37.698571],[28.15345,37.698394],[28.1571,37.698453],[28.160869,37.698218],[28.16293,37.698453],[28.165992,37.69916],[28.168112,37.699395],[28.170055,37.697923],[28.172999,37.695921],[28.174497,37.695054],[28.176355,37.693978],[28.181772,37.691917],[28.184363,37.690563],[28.187366,37.689503],[28.190252,37.688855],[28.192254,37.687913],[28.194491,37.687089],[28.196317,37.686677],[28.200026,37.686088],[28.204266,37.684969],[28.20721,37.683615],[28.208034,37.682614],[28.208093,37.680906],[28.208564,37.678845],[28.208152,37.676372],[28.208976,37.674606],[28.210802,37.673075],[28.212686,37.672074],[28.213746,37.67119],[28.213923,37.670425],[28.213923,37.669424],[28.21457,37.668599],[28.215395,37.66807],[28.216631,37.666539],[28.219281,37.662358],[28.220576,37.660591],[28.22093,37.658766],[28.220753,37.657883],[28.219987,37.656882],[28.218398,37.65594],[28.2151,37.655351],[28.211626,37.653879],[28.209389,37.651994],[28.208623,37.650581],[28.2088,37.646165],[28.208623,37.643869],[28.208388,37.640689],[28.207975,37.638039],[28.206857,37.635331],[28.206562,37.63221],[28.207387,37.629501],[28.207681,37.628029],[28.207799,37.625733],[28.20774,37.624084],[28.20827,37.62008],[28.207622,37.61796],[28.207328,37.616194],[28.207151,37.613485],[28.20774,37.611306],[28.209506,37.609245],[28.212392,37.608362],[28.214924,37.60689],[28.216278,37.605536],[28.217632,37.603416],[28.219516,37.601767],[28.220341,37.600354],[28.22146,37.598117],[28.223285,37.596527],[28.226229,37.5937],[28.226877,37.592464],[28.227701,37.590756],[28.229173,37.588813],[28.230586,37.587753],[28.232294,37.587047],[28.23406,37.586634],[28.235179,37.584927],[28.238182,37.582689],[28.241892,37.581217],[28.245013,37.57898],[28.246956,37.577449],[28.249135,37.575034],[28.250607,37.572973],[28.251608,37.570736],[28.252785,37.567438],[28.25308,37.564023],[28.252373,37.559666],[28.252314,37.557841],[28.252314,37.555485],[28.252726,37.553365],[28.25361,37.551952],[28.256735,37.550128],[28.254896,37.548993],[28.251434,37.547522],[28.247886,37.544147],[28.245376,37.539993],[28.243472,37.537569],[28.242174,37.533848],[28.24053,37.531252],[28.238972,37.527617],[28.236549,37.523376],[28.235554,37.521553],[28.234991,37.52052],[28.23352,37.515068],[28.232568,37.511952],[28.23049,37.509789],[28.228933,37.507452],[28.227461,37.50425],[28.225644,37.499749],[28.222875,37.496115],[28.220624,37.494816],[28.214826,37.494211],[28.211191,37.493085],[28.204354,37.490749],[28.202277,37.488585],[28.200979,37.48746],[28.199421,37.486941],[28.197777,37.4872],[28.195007,37.488066],[28.192151,37.489451],[28.189728,37.490316],[28.186612,37.49196],[28.182891,37.493778],[28.180641,37.493864],[28.177179,37.493864],[28.175621,37.494384],[28.171034,37.494037],[28.167832,37.494124],[28.162899,37.493864],[28.158832,37.492739],[28.156841,37.492047],[28.156235,37.490922],[28.154937,37.488412],[28.153552,37.484864],[28.152254,37.482008],[28.151302,37.480363],[28.150696,37.478286],[28.150091,37.474132],[28.149312,37.470757],[28.148706,37.468074],[28.147494,37.464785],[28.146715,37.462362],[28.145071,37.460112],[28.143859,37.457602],[28.143773,37.455612],[28.141696,37.452669],[28.137628,37.450679],[28.135032,37.450246],[28.131743,37.450506],[28.128108,37.451977],[28.124993,37.453621],[28.123002,37.454919],[28.118156,37.456564],[28.114261,37.457256],[28.111319,37.457948],[28.108549,37.458035],[28.100847,37.459593],[28.095048,37.460545],[28.089423,37.460545],[28.083019,37.461497],[28.075835,37.463747],[28.0722,37.465305],[28.069864,37.467814],[28.067527,37.469199],[28.064585,37.471103],[28.062334,37.472055],[28.05818,37.472574],[28.054286,37.47318],[28.049093,37.473786],[28.0439,37.474046],[28.038015,37.474219],[28.033515,37.474046],[28.026851,37.47344],[28.022783,37.473786],[28.02036,37.474132],[28.018024,37.474565],[28.012917,37.472921],[28.007984,37.472748],[28.004436,37.473526],[28.002792,37.4737],[28.000628,37.472661],[27.998464,37.469545],[27.99483,37.467728],[27.992233,37.467122],[27.985483,37.465651],[27.981502,37.465305],[27.977607,37.464872],[27.970337,37.462622],[27.965751,37.462622],[27.959519,37.462016],[27.954067,37.461583],[27.953413,37.461724],[27.951644,37.462103],[27.948182,37.463401],[27.944374,37.464526],[27.941258,37.467122],[27.940826,37.471536],[27.942124,37.476988],[27.942297,37.481056],[27.940999,37.483392],[27.939874,37.485296],[27.938316,37.486854],[27.936239,37.488239],[27.935373,37.493172],[27.934075,37.494037],[27.931998,37.494557],[27.929662,37.494643],[27.92819,37.494124],[27.927723,37.493864],[27.925854,37.492826],[27.924902,37.491701],[27.923084,37.490403],[27.920401,37.490143],[27.917026,37.490143],[27.91391,37.490662],[27.910276,37.49023],[27.909166,37.490414]]]}},{"type":"Feature","properties":{"id":"TR-D-09-004","parent_id":"TR-P-09","region_id":"TR-R-EGE","level":"district","municipality_type":null,"municipality_type_label":null,"is_metropolitan_municipality":null,"name":"Didim","name_ascii":"didim","slug":"didim-aydin"},"geometry":{"type":"Polygon","coordinates":[[[27.391538,37.36538],[27.392232,37.365572],[27.393023,37.365765],[27.395078,37.36631],[27.39844,37.367332],[27.401978,37.368108],[27.405147,37.369579],[27.406678,37.370662],[27.408031,37.37162],[27.410344,37.373899],[27.41067,37.374691],[27.411659,37.377091],[27.411897,37.379694],[27.411992,37.380646],[27.412103,37.38182],[27.412995,37.383142],[27.414885,37.386219],[27.41862,37.386774],[27.420755,37.384362],[27.423279,37.384668],[27.424269,37.3848],[27.425212,37.384917],[27.428222,37.385353],[27.428165,37.38623],[27.428107,37.387175],[27.428049,37.388159],[27.427972,37.389046],[27.427933,37.390087],[27.427876,37.390782],[27.427143,37.401853],[27.425295,37.404131],[27.422857,37.407173],[27.420277,37.410301],[27.420261,37.410311],[27.416268,37.412737],[27.413337,37.414517],[27.413328,37.414518],[27.412454,37.414554],[27.41082,37.414621],[27.408937,37.414686],[27.408287,37.414708],[27.408119,37.414666],[27.408001,37.414637],[27.407923,37.414619],[27.407763,37.414583],[27.407715,37.414573],[27.407702,37.414573],[27.407445,37.414565],[27.406977,37.414637],[27.406922,37.414634],[27.40662,37.414621],[27.406215,37.414541],[27.405786,37.414637],[27.40504,37.414589],[27.404492,37.414359],[27.404243,37.414341],[27.404158,37.414335],[27.404095,37.41432],[27.40361,37.414208],[27.403509,37.414189],[27.403295,37.41415],[27.403094,37.414113],[27.403085,37.414106],[27.403046,37.41408],[27.4028,37.413914],[27.402372,37.413549],[27.402206,37.413486],[27.401847,37.413348],[27.401665,37.413279],[27.401583,37.413276],[27.401427,37.413271],[27.401233,37.413244],[27.400617,37.41316],[27.400314,37.413134],[27.39997,37.413104],[27.399783,37.413088],[27.399646,37.412982],[27.399511,37.412878],[27.399402,37.412794],[27.399299,37.412564],[27.399259,37.41235],[27.399203,37.412215],[27.399142,37.412087],[27.399102,37.412003],[27.399029,37.41185],[27.39901,37.411766],[27.398989,37.411675],[27.399023,37.411545],[27.399029,37.411524],[27.399058,37.411451],[27.3991,37.411349],[27.399138,37.411338],[27.399331,37.411278],[27.399527,37.411139],[27.39968,37.411032],[27.399808,37.410861],[27.400109,37.41046],[27.400122,37.410355],[27.40013,37.410286],[27.400133,37.41027],[27.400085,37.410111],[27.399853,37.409977],[27.399783,37.409936],[27.399758,37.409937],[27.399663,37.409941],[27.399577,37.409944],[27.399558,37.409961],[27.399362,37.410135],[27.399318,37.410197],[27.399077,37.410539],[27.398989,37.410762],[27.399021,37.411175],[27.398926,37.411294],[27.398759,37.411453],[27.398592,37.411476],[27.397544,37.410944],[27.397075,37.410786],[27.396782,37.410603],[27.396772,37.41059],[27.396721,37.410521],[27.396487,37.410208],[27.396385,37.410071],[27.396263,37.409991],[27.395781,37.409674],[27.395766,37.409666],[27.3954,37.409483],[27.395373,37.40948],[27.394914,37.409415],[27.394892,37.409412],[27.394805,37.409421],[27.394717,37.409431],[27.394447,37.40946],[27.394225,37.409563],[27.394042,37.409698],[27.394026,37.409706],[27.393784,37.409834],[27.39359,37.409936],[27.393439,37.409785],[27.393129,37.410055],[27.393235,37.410175],[27.393248,37.41019],[27.393256,37.410266],[27.393272,37.410428],[27.393232,37.410547],[27.393018,37.410651],[27.392682,37.410735],[27.39251,37.410778],[27.392114,37.410844],[27.391986,37.410865],[27.391951,37.410867],[27.391636,37.410883],[27.39157,37.410887],[27.391382,37.410897],[27.390628,37.410809],[27.390009,37.410722],[27.38923,37.410466],[27.388897,37.410357],[27.388876,37.410352],[27.388278,37.410222],[27.388232,37.410206],[27.388205,37.410198],[27.387754,37.410047],[27.387294,37.40979],[27.387285,37.409785],[27.386813,37.40959],[27.386515,37.409468],[27.386099,37.409365],[27.386031,37.409348],[27.385785,37.409271],[27.385729,37.409253],[27.38561,37.409174],[27.385591,37.409128],[27.385576,37.409074],[27.385574,37.409068],[27.385559,37.409022],[27.385507,37.408967],[27.385372,37.408864],[27.385324,37.408761],[27.385316,37.40858],[27.385316,37.40857],[27.385245,37.408388],[27.385102,37.408197],[27.38497,37.408096],[27.384864,37.408014],[27.384706,37.407951],[27.384566,37.407895],[27.38446,37.40795],[27.384433,37.407964],[27.384427,37.407967],[27.384389,37.407953],[27.384269,37.407907],[27.384074,37.407821],[27.38387,37.407753],[27.38386,37.407725],[27.383827,37.407647],[27.383803,37.407633],[27.383754,37.407602],[27.383683,37.407599],[27.383608,37.407596],[27.383467,37.407563],[27.383335,37.407494],[27.383195,37.40742],[27.383029,37.40735],[27.382906,37.40729],[27.382537,37.407157],[27.382257,37.407114],[27.382097,37.407089],[27.382022,37.407062],[27.381849,37.406997],[27.381786,37.406972],[27.38154,37.406824],[27.381405,37.406768],[27.381346,37.406744],[27.380975,37.406745],[27.380449,37.406673],[27.380206,37.406607],[27.37817,37.406053],[27.377488,37.405833],[27.377231,37.405749],[27.376562,37.405469],[27.376031,37.405147],[27.375791,37.404912],[27.375752,37.404871],[27.375683,37.404748],[27.375645,37.40468],[27.37564,37.404664],[27.375626,37.404623],[27.375593,37.404522],[27.375574,37.404465],[27.375677,37.404413],[27.375756,37.404367],[27.375756,37.404331],[27.375756,37.404299],[27.375748,37.404294],[27.375708,37.404273],[27.375642,37.404246],[27.375507,37.404209],[27.375299,37.404152],[27.374953,37.403965],[27.374803,37.403878],[27.374432,37.403623],[27.374169,37.40344],[27.373784,37.403172],[27.373507,37.402924],[27.373397,37.402771],[27.373239,37.402552],[27.373252,37.402477],[27.373262,37.402422],[27.373263,37.402417],[27.373398,37.402234],[27.373549,37.401988],[27.373559,37.401981],[27.373667,37.401889],[27.373619,37.401815],[27.373565,37.401781],[27.373471,37.401727],[27.373456,37.40171],[27.373402,37.401636],[27.373329,37.401493],[27.373327,37.401488],[27.373202,37.40138],[27.373114,37.401304],[27.372533,37.401],[27.372631,37.400857],[27.372734,37.400707],[27.372642,37.400673],[27.372437,37.400972],[27.372369,37.401004],[27.372351,37.401012],[27.372295,37.401011],[27.372188,37.40101],[27.372181,37.401008],[27.372117,37.400994],[27.371762,37.400916],[27.371734,37.400906],[27.371611,37.400862],[27.371381,37.400781],[27.370931,37.400596],[27.370627,37.400471],[27.370145,37.400214],[27.370031,37.400154],[27.369951,37.400103],[27.369842,37.400035],[27.369326,37.39971],[27.369253,37.399664],[27.369047,37.399534],[27.368896,37.399418],[27.368515,37.399124],[27.368491,37.399106],[27.36834,37.398915],[27.368312,37.398804],[27.3683,37.398756],[27.368286,37.398747],[27.368007,37.39855],[27.367982,37.398517],[27.367911,37.398423],[27.367895,37.398375],[27.367857,37.398261],[27.3678,37.398089],[27.367793,37.398052],[27.367768,37.397931],[27.367792,37.397748],[27.367722,37.397349],[27.367681,37.397113],[27.367586,37.396986],[27.367427,37.396835],[27.367348,37.396724],[27.367229,37.396366],[27.367149,37.396255],[27.367054,37.395938],[27.366847,37.395787],[27.366728,37.395644],[27.366657,37.395358],[27.366506,37.395088],[27.366371,37.394826],[27.366014,37.394612],[27.365918,37.394477],[27.365942,37.394334],[27.365656,37.394127],[27.3656,37.394065],[27.36541,37.393857],[27.365204,37.393738],[27.365069,37.393508],[27.364791,37.393254],[27.364783,37.393087],[27.364719,37.392913],[27.364856,37.392734],[27.365005,37.392539],[27.364958,37.392365],[27.364838,37.392158],[27.364688,37.391968],[27.364489,37.391547],[27.364378,37.391301],[27.36406,37.390864],[27.363941,37.390507],[27.363902,37.390213],[27.363917,37.390141],[27.363989,37.39011],[27.364307,37.390038],[27.364203,37.38999],[27.363909,37.389967],[27.363745,37.389935],[27.363743,37.389935],[27.363663,37.389856],[27.363497,37.389443],[27.363338,37.389181],[27.363195,37.388903],[27.363242,37.388768],[27.363282,37.388704],[27.363417,37.388704],[27.363449,37.388641],[27.363417,37.388482],[27.363505,37.388212],[27.363687,37.388021],[27.363647,37.387847],[27.363528,37.387418],[27.363528,37.387219],[27.363568,37.387045],[27.363671,37.386957],[27.363695,37.386878],[27.36379,37.386584],[27.363886,37.386481],[27.364116,37.386044],[27.364259,37.385925],[27.364277,37.385926],[27.364402,37.385933],[27.364473,37.385846],[27.364442,37.385758],[27.364481,37.385615],[27.364608,37.385576],[27.364664,37.385441],[27.364688,37.385147],[27.364664,37.384917],[27.364688,37.384853],[27.364759,37.384782],[27.364698,37.384636],[27.364561,37.384305],[27.364656,37.384043],[27.36487,37.383885],[27.365109,37.383607],[27.36518,37.383321],[27.365021,37.383154],[27.364907,37.383059],[27.364839,37.383003],[27.364783,37.382844],[27.364849,37.382632],[27.364894,37.382487],[27.364918,37.382352],[27.364878,37.382249],[27.364728,37.38215],[27.364346,37.3819],[27.364148,37.38178],[27.364084,37.381606],[27.364116,37.381344],[27.364219,37.38128],[27.36433,37.381185],[27.364337,37.381158],[27.364354,37.38109],[27.364291,37.38101],[27.364267,37.381006],[27.364203,37.380994],[27.3641,37.38097],[27.363973,37.380788],[27.363838,37.380748],[27.363624,37.380748],[27.363449,37.380828],[27.363179,37.380836],[27.362734,37.380709],[27.362473,37.380502],[27.362465,37.38028],[27.362369,37.380073],[27.362242,37.379907],[27.361464,37.379573],[27.361123,37.379327],[27.361091,37.379009],[27.360797,37.378676],[27.360781,37.378446],[27.360829,37.378326],[27.361004,37.378001],[27.361054,37.37781],[27.360985,37.377572],[27.360862,37.377419],[27.360617,37.377219],[27.360528,37.377146],[27.360448,37.37705],[27.360367,37.37697],[27.360283,37.376866],[27.360164,37.376559],[27.35996,37.37634],[27.359807,37.376048],[27.359446,37.375626],[27.359346,37.375611],[27.359304,37.375565],[27.3593,37.375496],[27.359304,37.375407],[27.359081,37.375127],[27.359058,37.374981],[27.359097,37.374778],[27.359208,37.374717],[27.359262,37.374674],[27.359223,37.374632],[27.359266,37.374517],[27.359519,37.37416],[27.359534,37.374064],[27.3595,37.373983],[27.359757,37.373711],[27.359738,37.373646],[27.35963,37.373557],[27.359484,37.373477],[27.359427,37.373412],[27.359431,37.373296],[27.359509,37.373212],[27.359538,37.373181],[27.359592,37.373089],[27.359542,37.373008],[27.359531,37.372903],[27.359457,37.37287],[27.359385,37.37289],[27.359296,37.372905],[27.359138,37.372883],[27.358954,37.372844],[27.358656,37.372782],[27.358374,37.372812],[27.358007,37.372886],[27.3577,37.372903],[27.357368,37.372792],[27.356594,37.372702],[27.356232,37.372581],[27.356111,37.372511],[27.356031,37.37239],[27.35598,37.372209],[27.35595,37.372139],[27.355407,37.371887],[27.355035,37.371666],[27.355035,37.371525],[27.354904,37.371425],[27.354852,37.371376],[27.354653,37.371193],[27.354351,37.371002],[27.353738,37.3707],[27.352993,37.3706],[27.352601,37.37068],[27.352457,37.37068],[27.352068,37.37068],[27.351656,37.37059],[27.350851,37.370419],[27.3507,37.370258],[27.350659,37.370198],[27.350493,37.369958],[27.350271,37.369716],[27.349458,37.369387],[27.348327,37.369184],[27.347263,37.368894],[27.346363,37.368971],[27.346112,37.368816],[27.345696,37.368816],[27.344796,37.369058],[27.344206,37.368903],[27.343877,37.368903],[27.343413,37.369],[27.342697,37.369],[27.342484,37.369058],[27.342252,37.369136],[27.341923,37.369416],[27.341446,37.370183],[27.341333,37.370364],[27.341266,37.370567],[27.34143,37.370674],[27.341885,37.370751],[27.342455,37.371022],[27.342707,37.371389],[27.342738,37.371945],[27.342548,37.372454],[27.34223,37.372957],[27.341817,37.373306],[27.3415,37.373486],[27.34114,37.373581],[27.340621,37.37356],[27.340071,37.373402],[27.339754,37.373169],[27.339626,37.372703],[27.33951,37.372502],[27.339468,37.372216],[27.339521,37.371899],[27.339669,37.371497],[27.339891,37.371274],[27.340092,37.371063],[27.340156,37.370893],[27.34006,37.370735],[27.339969,37.370682],[27.339711,37.370533],[27.339341,37.370407],[27.339076,37.370407],[27.338536,37.370586],[27.337563,37.370957],[27.336335,37.371814],[27.336175,37.372002],[27.335454,37.372146],[27.335162,37.372233],[27.334887,37.372376],[27.334606,37.372564],[27.334519,37.37278],[27.334626,37.372892],[27.334906,37.37287],[27.335245,37.372767],[27.335306,37.372787],[27.335569,37.372873],[27.335795,37.372841],[27.336032,37.372685],[27.336366,37.37262],[27.336928,37.372756],[27.337436,37.372894],[27.338018,37.373116],[27.3386,37.373486],[27.339023,37.37391],[27.339028,37.374134],[27.338732,37.374652],[27.338457,37.374832],[27.337938,37.374864],[27.337935,37.374864],[27.337303,37.374864],[27.337041,37.374739],[27.336934,37.374568],[27.336828,37.374525],[27.336656,37.374605],[27.336539,37.374733],[27.336456,37.374811],[27.335504,37.375033],[27.334319,37.375382],[27.334154,37.375384],[27.333997,37.375107],[27.333849,37.375061],[27.333636,37.375153],[27.333553,37.375384],[27.333664,37.375893],[27.333553,37.37642],[27.333276,37.377197],[27.332712,37.377696],[27.33224,37.378047],[27.332038,37.378207],[27.331935,37.378288],[27.331556,37.378417],[27.330872,37.378454],[27.329873,37.378149],[27.329522,37.377983],[27.329217,37.377825],[27.329034,37.377547],[27.328865,37.377289],[27.328819,37.376762],[27.328514,37.376392],[27.328477,37.376106],[27.328727,37.375236],[27.329161,37.374617],[27.329651,37.374118],[27.330262,37.373618],[27.330937,37.373406],[27.33139,37.373322],[27.331584,37.373119],[27.331575,37.37287],[27.331445,37.372601],[27.331334,37.372426],[27.330641,37.371723],[27.329115,37.371113],[27.327062,37.370872],[27.325334,37.370558],[27.324834,37.370595],[27.323965,37.371214],[27.323639,37.371399],[27.32354,37.371455],[27.323077,37.37139],[27.322587,37.371233],[27.322328,37.370863],[27.322042,37.370133],[27.321922,37.369347],[27.321783,37.369042],[27.321367,37.368811],[27.320942,37.368764],[27.320387,37.368783],[27.319823,37.369088],[27.319259,37.369227],[27.318612,37.369347],[27.318196,37.369245],[27.318149,37.369116],[27.31839,37.368746],[27.319129,37.368219],[27.319777,37.367886],[27.320415,37.367562],[27.320875,37.367278],[27.320923,37.367248],[27.321025,37.366841],[27.320821,37.366203],[27.320701,37.364613],[27.320479,37.36354],[27.320415,37.362523],[27.32022,37.361469],[27.320322,37.36084],[27.320489,37.360387],[27.322208,37.359592],[27.322689,37.359074],[27.323124,37.35863],[27.323512,37.358224],[27.323928,37.357576],[27.324011,37.356522],[27.324396,37.356106],[27.324455,37.356042],[27.325029,37.355709],[27.325774,37.355428],[27.326157,37.355283],[27.326952,37.355052],[27.32759,37.354997],[27.328782,37.354886],[27.329365,37.354941],[27.329901,37.354904],[27.330299,37.354664],[27.330363,37.354322],[27.330308,37.353878],[27.330077,37.353499],[27.33006,37.353488],[27.329799,37.353314],[27.329809,37.352916],[27.33028,37.352426],[27.330844,37.352269],[27.331464,37.351992],[27.331889,37.351585],[27.331976,37.351468],[27.332074,37.351335],[27.332071,37.351331],[27.33188,37.351012],[27.331482,37.350642],[27.331381,37.350207],[27.331686,37.349828],[27.332167,37.34944],[27.332389,37.349125],[27.332546,37.348709],[27.332934,37.34846],[27.333252,37.348352],[27.333563,37.348247],[27.333785,37.348071],[27.333628,37.34772],[27.333424,37.347433],[27.33311,37.346795],[27.332562,37.34637],[27.33249,37.346315],[27.332296,37.345926],[27.332295,37.34592],[27.33225,37.345612],[27.332611,37.345297],[27.332999,37.345039],[27.333073,37.344706],[27.332842,37.344484],[27.332305,37.344401],[27.331825,37.344456],[27.331436,37.344317],[27.331011,37.344169],[27.330771,37.343911],[27.33078,37.343541],[27.330678,37.34281],[27.330549,37.342607],[27.330308,37.342662],[27.330022,37.342857],[27.329707,37.342986],[27.329365,37.342912],[27.328829,37.34269],[27.328404,37.342644],[27.327914,37.34269],[27.327902,37.342692],[27.326721,37.342847],[27.326268,37.342838],[27.326037,37.342625],[27.32575,37.342257],[27.325648,37.342126],[27.325704,37.341775],[27.325787,37.341562],[27.325759,37.341377],[27.325436,37.341359],[27.324908,37.341544],[27.324445,37.341611],[27.323917,37.341491],[27.32375,37.341315],[27.323537,37.34138],[27.323695,37.341963],[27.323707,37.342027],[27.32375,37.342251],[27.323769,37.34251],[27.323621,37.342806],[27.323296,37.342973],[27.322972,37.342936],[27.322389,37.34263],[27.32212,37.342454],[27.321796,37.342482],[27.321407,37.342704],[27.32125,37.343056],[27.321065,37.343575],[27.320722,37.343871],[27.320055,37.343899],[27.319703,37.343677],[27.31937,37.343195],[27.319027,37.342565],[27.31899,37.342139],[27.319031,37.341897],[27.319046,37.341806],[27.31887,37.341667],[27.318407,37.341741],[27.318178,37.341882],[27.318046,37.341963],[27.317805,37.342538],[27.317277,37.343362],[27.317259,37.343704],[27.317342,37.344056],[27.317518,37.344242],[27.317722,37.344556],[27.317666,37.344797],[27.31724,37.345121],[27.316962,37.34514],[27.31649,37.345251],[27.315962,37.345446],[27.315036,37.345649],[27.314462,37.34564],[27.314092,37.34551],[27.313832,37.345066],[27.313675,37.344547],[27.313925,37.343603],[27.313804,37.342927],[27.31361,37.342584],[27.313688,37.341923],[27.313721,37.341639],[27.313656,37.341306],[27.31348,37.341037],[27.31323,37.340954],[27.31286,37.341],[27.312573,37.341315],[27.312601,37.341658],[27.31249,37.341926],[27.31236,37.342133],[27.312165,37.342445],[27.311869,37.342769],[27.311803,37.34303],[27.311452,37.343454],[27.31098,37.343797],[27.310424,37.34401],[27.309915,37.344093],[27.309434,37.344195],[27.309248,37.34439],[27.309165,37.344658],[27.309396,37.345112],[27.309674,37.345353],[27.309897,37.34564],[27.309813,37.345871],[27.30948,37.346158],[27.309147,37.346242],[27.308313,37.346483],[27.3076,37.346807],[27.30723,37.347112],[27.307035,37.347455],[27.307081,37.347863],[27.306878,37.348131],[27.306498,37.348363],[27.306118,37.348548],[27.305933,37.348631],[27.305905,37.348807],[27.305989,37.348946],[27.306183,37.348992],[27.3066,37.3489],[27.307193,37.348927],[27.307443,37.349011],[27.307517,37.349307],[27.3076,37.34977],[27.307443,37.350113],[27.307109,37.350307],[27.306739,37.3504],[27.306424,37.350604],[27.306313,37.350844],[27.306406,37.35103],[27.306767,37.351178],[27.307619,37.3514],[27.308054,37.351428],[27.3086,37.351576],[27.30873,37.351891],[27.308656,37.35278],[27.308563,37.352947],[27.308434,37.353011],[27.308174,37.352956],[27.307989,37.35291],[27.30786,37.352891],[27.307656,37.353058],[27.307406,37.35315],[27.307156,37.35316],[27.30697,37.35303],[27.306517,37.352845],[27.306211,37.352724],[27.305887,37.352789],[27.305396,37.352937],[27.305072,37.352956],[27.304924,37.352854],[27.30485,37.352465],[27.304581,37.352298],[27.304266,37.352197],[27.303794,37.352261],[27.303396,37.352187],[27.303174,37.351873],[27.302822,37.351484],[27.302553,37.351326],[27.302192,37.35128],[27.301794,37.351345],[27.301359,37.351585],[27.301081,37.351808],[27.300636,37.35191],[27.300247,37.351891],[27.299832,37.3517],[27.299618,37.35157],[27.299553,37.351319],[27.299525,37.350909],[27.299432,37.350639],[27.299227,37.350435],[27.298781,37.350369],[27.298353,37.3505],[27.297906,37.3505],[27.297553,37.35036],[27.297106,37.349895],[27.296827,37.349653],[27.296744,37.349617],[27.296566,37.349541],[27.296268,37.349541],[27.29558,37.349951],[27.295049,37.350453],[27.294991,37.350528],[27.294919,37.350621],[27.294807,37.350891],[27.294649,37.351216],[27.294277,37.351477],[27.293756,37.351635],[27.293393,37.351644],[27.292937,37.351886],[27.292635,37.351856],[27.292472,37.35184],[27.29236,37.351654],[27.292323,37.35143],[27.292193,37.351328],[27.291727,37.351616],[27.291504,37.351924],[27.291373,37.352198],[27.291392,37.352389],[27.291319,37.352629],[27.291141,37.352774],[27.291121,37.35279],[27.291113,37.352792],[27.290439,37.35297],[27.290134,37.353185],[27.289541,37.353293],[27.289111,37.353508],[27.288877,37.353742],[27.288841,37.354155],[27.288949,37.354711],[27.288949,37.354717],[27.288931,37.355286],[27.288734,37.355627],[27.288177,37.355968],[27.287738,37.356055],[27.286364,37.356327],[27.285341,37.356345],[27.283832,37.356094],[27.283223,37.356056],[27.282142,37.355984],[27.280648,37.355678],[27.279315,37.355239],[27.278086,37.354833],[27.277509,37.354454],[27.276322,37.353673],[27.275645,37.353144],[27.275403,37.352439],[27.275487,37.352012],[27.275747,37.351761],[27.275905,37.351436],[27.275765,37.350796],[27.275524,37.350202],[27.275552,37.349858],[27.275775,37.349533],[27.275868,37.349116],[27.275784,37.348754],[27.275274,37.348355],[27.274095,37.348262],[27.273733,37.348048],[27.273593,37.347612],[27.273064,37.347269],[27.272489,37.346999],[27.27157,37.346879],[27.270827,37.346647],[27.269946,37.346368],[27.268962,37.345756],[27.26886,37.345589],[27.268701,37.345441],[27.268447,37.345212],[27.268151,37.344996],[27.267969,37.344666],[27.268003,37.344267],[27.26831,37.343675],[27.268253,37.34339],[27.268071,37.343242],[27.267376,37.343014],[27.267091,37.343458],[27.266719,37.343827],[27.266519,37.343921],[27.266161,37.344089],[27.265687,37.344154],[27.265044,37.344049],[27.264268,37.343752],[27.263343,37.34318],[27.262633,37.342674],[27.262177,37.342211],[27.26216,37.341947],[27.262287,37.341733],[27.262446,37.341546],[27.262501,37.34132],[27.262447,37.340934],[27.262292,37.340643],[27.262226,37.340032],[27.262155,37.339526],[27.262279,37.339234],[27.262318,37.339203],[27.262404,37.339135],[27.262625,37.339266],[27.26313,37.338972],[27.262992,37.338581],[27.262492,37.338081],[27.262227,37.337911],[27.262019,37.337278],[27.261966,37.33697],[27.261876,37.336571],[27.261716,37.336507],[27.261498,37.336635],[27.260951,37.336571],[27.260508,37.337059],[27.260228,37.337342],[27.259888,37.337385],[27.259526,37.337326],[27.25918,37.337209],[27.258479,37.337113],[27.258464,37.335104],[27.258218,37.335246],[27.257331,37.336842],[27.256639,37.336699],[27.256406,37.336545],[27.25623,37.336396],[27.25597,37.336449],[27.255757,37.336507],[27.255608,37.336406],[27.255534,37.336125],[27.255396,37.33604],[27.255188,37.336077],[27.255114,37.336268],[27.25555,37.336773],[27.255491,37.336949],[27.255481,37.336956],[27.254875,37.337411],[27.254635,37.337496],[27.254237,37.337496],[27.253785,37.337454],[27.253423,37.337326],[27.253285,37.337113],[27.253195,37.336901],[27.253198,37.336887],[27.253227,37.336763],[27.253397,37.33655],[27.253859,37.336337],[27.253987,37.336321],[27.254109,37.3363],[27.254311,37.336263],[27.254364,37.336098],[27.254295,37.335955],[27.254098,37.335844],[27.253272,37.336225],[27.2527,37.336691],[27.25251,37.336617],[27.25227,37.336428],[27.251733,37.336215],[27.251377,37.336151],[27.250797,37.336141],[27.250233,37.336056],[27.249588,37.336268],[27.248868,37.336659],[27.247851,37.337184],[27.247841,37.337189],[27.246411,37.337559],[27.245533,37.337676],[27.245141,37.337644],[27.244991,37.337593],[27.244643,37.337475],[27.243564,37.337453],[27.242949,37.337623],[27.242528,37.337964],[27.242505,37.337983],[27.241584,37.338216],[27.241128,37.338385],[27.240652,37.338321],[27.240621,37.338269],[27.240514,37.338089],[27.240514,37.337909],[27.240292,37.337708],[27.239943,37.33758],[27.239572,37.337612],[27.239329,37.337813],[27.238768,37.338046],[27.238344,37.338142],[27.237211,37.338046],[27.236692,37.338099],[27.235814,37.338427],[27.2352,37.33883],[27.235041,37.339158],[27.235147,37.339497],[27.235626,37.339813],[27.235803,37.339931],[27.236692,37.34081],[27.236746,37.341138],[27.236597,37.341434],[27.236301,37.341815],[27.235104,37.342218],[27.233442,37.342334],[27.23305,37.342271],[27.232985,37.342261],[27.232013,37.342112],[27.231272,37.342101],[27.230531,37.342228],[27.230234,37.342419],[27.23015,37.342673],[27.230488,37.343086],[27.230948,37.343468],[27.231367,37.343816],[27.232362,37.344367],[27.232479,37.344621],[27.232098,37.34515],[27.23177,37.345521],[27.231642,37.34587],[27.2316,37.346431],[27.231748,37.347046],[27.231981,37.347575],[27.232151,37.348104],[27.232479,37.348263],[27.232998,37.34839],[27.233908,37.348951],[27.233919,37.349258],[27.233845,37.349587],[27.233654,37.349819],[27.233421,37.349936],[27.23286,37.34983],[27.232267,37.349809],[27.231674,37.349671],[27.231166,37.349396],[27.229811,37.348782],[27.22854,37.348136],[27.227905,37.347893],[27.226836,37.347787],[27.226518,37.347564],[27.226487,37.347257],[27.226159,37.346982],[27.224825,37.346749],[27.224126,37.346103],[27.223438,37.34605],[27.222845,37.345966],[27.222527,37.345966],[27.222157,37.345966],[27.221775,37.34604],[27.221405,37.345796],[27.220632,37.345225],[27.220007,37.345013],[27.219656,37.344945],[27.219298,37.344875],[27.218578,37.344907],[27.217265,37.345203],[27.216746,37.345256],[27.216175,37.345225],[27.215783,37.345341],[27.215349,37.345606],[27.213464,37.346696],[27.213083,37.347226],[27.212988,37.34767],[27.213369,37.348359],[27.213791,37.348557],[27.214385,37.348835],[27.215667,37.349015],[27.215952,37.349057],[27.216312,37.34929],[27.216535,37.349502],[27.217,37.349629],[27.217943,37.349788],[27.218303,37.35001],[27.218398,37.350381],[27.218409,37.350709],[27.218769,37.35108],[27.219414,37.35145],[27.220007,37.351672],[27.220568,37.351969],[27.220971,37.352509],[27.221161,37.353165],[27.221193,37.353525],[27.221479,37.354023],[27.221108,37.354002],[27.219912,37.354065],[27.219446,37.354023],[27.218758,37.353568],[27.217604,37.353377],[27.217075,37.353515],[27.215942,37.353324],[27.215608,37.353241],[27.214957,37.353081],[27.214555,37.352826],[27.213877,37.352615],[27.21176,37.352403],[27.209928,37.352339],[27.209113,37.352424],[27.208552,37.352636],[27.20833,37.352954],[27.208404,37.353462],[27.209204,37.35484],[27.209283,37.354976],[27.209706,37.355495],[27.209695,37.355759],[27.209537,37.356151],[27.209314,37.356511],[27.209018,37.356659],[27.208594,37.356617],[27.207366,37.356077],[27.206922,37.35578],[27.20671,37.355357],[27.206181,37.355008],[27.205725,37.354415],[27.205429,37.35415],[27.204847,37.354055],[27.204042,37.354044],[27.203576,37.354033],[27.203121,37.353906],[27.202782,37.353589],[27.202613,37.353134],[27.202761,37.352932],[27.203068,37.352721],[27.204152,37.352402],[27.204434,37.352318],[27.204624,37.352032],[27.204518,37.351757],[27.204285,37.351376],[27.203894,37.351037],[27.203195,37.350783],[27.202179,37.350646],[27.201406,37.350677],[27.201035,37.350815],[27.200252,37.351291],[27.199648,37.35144],[27.198991,37.351741],[27.198886,37.351789],[27.198526,37.352054],[27.198505,37.352361],[27.198579,37.3527],[27.198357,37.353028],[27.197764,37.353218],[27.197372,37.353123],[27.196949,37.353229],[27.195054,37.352901],[27.195031,37.352903],[27.194471,37.352954],[27.193899,37.353176],[27.193402,37.353409],[27.192968,37.353462],[27.192407,37.353356],[27.192121,37.353494],[27.192015,37.353875],[27.192301,37.354595],[27.192368,37.3548],[27.192649,37.355656],[27.192746,37.35595],[27.193296,37.356479],[27.193495,37.356555],[27.19455,37.35696],[27.194724,37.357016],[27.195383,37.357349],[27.195677,37.357722],[27.196208,37.357944],[27.196692,37.35796],[27.196875,37.357785],[27.197065,37.35769],[27.197256,37.357817],[27.197383,37.358253],[27.197888,37.358884],[27.197962,37.358975],[27.198612,37.359356],[27.199422,37.35961],[27.200882,37.36015],[27.201008,37.360151],[27.202151,37.360166],[27.202786,37.36034],[27.203064,37.36061],[27.203143,37.36111],[27.203114,37.361232],[27.203072,37.361411],[27.202603,37.361658],[27.202302,37.361967],[27.202223,37.36238],[27.202492,37.362879],[27.203,37.363356],[27.203627,37.363506],[27.204714,37.363602],[27.205167,37.364046],[27.205547,37.364657],[27.205627,37.365141],[27.205381,37.365442],[27.204905,37.365546],[27.20454,37.365831],[27.204445,37.366188],[27.204619,37.36649],[27.205214,37.366886],[27.205714,37.367006],[27.20623,37.367014],[27.206658,37.366767],[27.207122,37.366746],[27.207174,37.366744],[27.207492,37.366942],[27.207761,37.367355],[27.207841,37.367855],[27.207634,37.368458],[27.207373,37.368799],[27.206851,37.369187],[27.206468,37.369292],[27.206008,37.369418],[27.205183,37.36968],[27.204556,37.370037],[27.204008,37.370259],[27.203802,37.370552],[27.203961,37.370997],[27.204413,37.371766],[27.20444,37.371851],[27.204683,37.372616],[27.205143,37.373123],[27.208404,37.37521],[27.209348,37.375964],[27.20969,37.375996],[27.209975,37.375869],[27.210324,37.375948],[27.210729,37.376194],[27.211102,37.376543],[27.211348,37.376599],[27.211634,37.376551],[27.211887,37.3764],[27.212062,37.376345],[27.212253,37.376448],[27.2123,37.376615],[27.212046,37.376813],[27.211523,37.377099],[27.210904,37.377527],[27.210864,37.377837],[27.211023,37.378337],[27.211483,37.378924],[27.211531,37.379178],[27.211348,37.37936],[27.210991,37.379495],[27.210618,37.379408],[27.209904,37.379408],[27.209444,37.379503],[27.209039,37.379733],[27.208769,37.380035],[27.20869,37.380439],[27.20888,37.381042],[27.20942,37.381923],[27.209928,37.382407],[27.210253,37.382843],[27.210555,37.383026],[27.210991,37.383034],[27.211562,37.383121],[27.211856,37.383296],[27.212015,37.383764],[27.212253,37.384129],[27.212538,37.384454],[27.212856,37.384669],[27.212903,37.384835],[27.212673,37.385002],[27.212237,37.385454],[27.211816,37.385724],[27.211785,37.385994],[27.211927,37.386422],[27.212292,37.386851],[27.212792,37.387176],[27.213007,37.387493],[27.213135,37.387821],[27.213149,37.387858],[27.213498,37.388136],[27.21399,37.388414],[27.214332,37.388454],[27.214379,37.388431],[27.215379,37.387962],[27.215768,37.387993],[27.216061,37.388279],[27.216268,37.388707],[27.216228,37.388874],[27.216199,37.389012],[27.216072,37.389338],[27.215899,37.389784],[27.215684,37.390856],[27.215713,37.391285],[27.215856,37.391471],[27.216141,37.391471],[27.216428,37.391328],[27.216885,37.391171],[27.217435,37.391207],[27.217757,37.391228],[27.218014,37.391528],[27.218257,37.392215],[27.218173,37.392672],[27.218082,37.393166],[27.217957,37.393844],[27.2176,37.394373],[27.216996,37.394894],[27.216202,37.395315],[27.21557,37.395474],[27.215155,37.395545],[27.214727,37.395388],[27.214226,37.395016],[27.213835,37.394878],[27.213397,37.394802],[27.212196,37.395016],[27.211682,37.394988],[27.211339,37.394816],[27.211038,37.394416],[27.210921,37.39404],[27.21101,37.393787],[27.210795,37.393516],[27.210524,37.393358],[27.210337,37.393428],[27.210181,37.39363],[27.210138,37.394044],[27.209809,37.394845],[27.209509,37.39556],[27.209566,37.396046],[27.209695,37.396417],[27.209752,37.396832],[27.209652,37.397204],[27.209725,37.397623],[27.209823,37.39789],[27.210222,37.398267],[27.210324,37.398605],[27.210461,37.398766],[27.210863,37.398612],[27.211664,37.398655],[27.213139,37.398513],[27.213592,37.398617],[27.214051,37.399108],[27.214575,37.399578],[27.214777,37.399797],[27.214832,37.399999],[27.214777,37.400315],[27.214603,37.400441],[27.214362,37.400496],[27.214177,37.400518],[27.21416,37.400643],[27.214575,37.400813],[27.214903,37.400927],[27.216197,37.400649],[27.2164,37.400627],[27.216416,37.400518],[27.216329,37.400337],[27.216154,37.400102],[27.216378,37.399704],[27.216593,37.399779],[27.216887,37.399882],[27.217346,37.399938],[27.217746,37.400022],[27.218028,37.400218],[27.218186,37.400356],[27.218203,37.400583],[27.218349,37.400641],[27.218629,37.400618],[27.218821,37.400373],[27.218996,37.399925],[27.219204,37.399826],[27.21931,37.399723],[27.219428,37.399751],[27.219757,37.39976],[27.220345,37.399629],[27.220792,37.399583],[27.221221,37.399581],[27.22175,37.400126],[27.221792,37.400169],[27.221996,37.400496],[27.222264,37.400711],[27.222695,37.400816],[27.223401,37.40081],[27.224391,37.400968],[27.224869,37.401241],[27.225189,37.401235],[27.225609,37.400997],[27.226098,37.4006],[27.22639,37.400525],[27.227153,37.401032],[27.227642,37.401667],[27.228091,37.401876],[27.229145,37.402144],[27.229594,37.402447],[27.229786,37.403164],[27.229717,37.403455],[27.229483,37.403648],[27.228977,37.403735],[27.228674,37.403817],[27.228691,37.403974],[27.228901,37.404032],[27.229419,37.404242],[27.229678,37.404418],[27.229961,37.404604],[27.230212,37.404792],[27.230471,37.40498],[27.23078,37.405113],[27.231388,37.405173],[27.231902,37.405312],[27.231941,37.405483],[27.23183,37.405616],[27.231012,37.405643],[27.230747,37.405853],[27.230636,37.406091],[27.232366,37.406544],[27.231261,37.407732],[27.2302,37.407648],[27.229677,37.407612],[27.228781,37.407547],[27.228221,37.407843],[27.227625,37.408006],[27.227111,37.408039],[27.226573,37.407907],[27.226176,37.407921],[27.225274,37.408039],[27.224949,37.408195],[27.224864,37.408236],[27.224784,37.408366],[27.224781,37.408676],[27.224592,37.408876],[27.224145,37.409167],[27.224288,37.40946],[27.224349,37.409527],[27.224617,37.40982],[27.224781,37.410151],[27.224746,37.410469],[27.224542,37.41067],[27.224338,37.410802],[27.223933,37.410853],[27.223668,37.410916],[27.223417,37.411066],[27.223307,37.411089],[27.222638,37.411227],[27.222012,37.411286],[27.221542,37.411595],[27.221213,37.411845],[27.221132,37.411905],[27.220897,37.412028],[27.220818,37.412103],[27.220801,37.412188],[27.220839,37.412543],[27.220446,37.413002],[27.220248,37.413149],[27.220181,37.413198],[27.220201,37.413329],[27.220417,37.413381],[27.220966,37.41346],[27.22116,37.413456],[27.221327,37.413451],[27.22156,37.413444],[27.221743,37.413465],[27.221841,37.413476],[27.221849,37.413477],[27.222158,37.413721],[27.222193,37.413835],[27.22228,37.414109],[27.222386,37.414692],[27.222393,37.414737],[27.222406,37.414799],[27.222396,37.414835],[27.222253,37.415387],[27.222242,37.415939],[27.22216,37.416497],[27.221833,37.416917],[27.221596,37.417039],[27.221336,37.416967],[27.22109,37.417052],[27.221006,37.417349],[27.221073,37.417688],[27.221121,37.417901],[27.221187,37.418117],[27.221093,37.41831],[27.220744,37.418648],[27.220685,37.418702],[27.220624,37.418749],[27.220559,37.418807],[27.220507,37.418851],[27.220264,37.419065],[27.220141,37.419118],[27.219988,37.419179],[27.219824,37.419252],[27.219642,37.41933],[27.219499,37.41939],[27.219069,37.419413],[27.218838,37.419481],[27.218756,37.419659],[27.218885,37.420005],[27.219253,37.420441],[27.219253,37.420656],[27.219253,37.421023],[27.219233,37.421626],[27.21911,37.422048],[27.219044,37.422073],[27.218858,37.422145],[27.218779,37.422309],[27.2189,37.422636],[27.219035,37.422737],[27.219293,37.422929],[27.219814,37.423216],[27.219959,37.423322],[27.220137,37.423456],[27.220353,37.42382],[27.220397,37.424671],[27.22048,37.425163],[27.220519,37.426246],[27.220491,37.426799],[27.220557,37.427274],[27.220552,37.42781],[27.220452,37.428186],[27.220264,37.428435],[27.220077,37.428744],[27.220193,37.42943],[27.220148,37.42975],[27.220005,37.429999],[27.219756,37.430248],[27.219687,37.430496],[27.219679,37.430524],[27.219715,37.430815],[27.219728,37.430922],[27.220032,37.431358],[27.220353,37.431839],[27.220502,37.432226],[27.220563,37.433525],[27.220596,37.43442],[27.220563,37.434907],[27.220508,37.436078],[27.220281,37.436437],[27.22022,37.436452],[27.220049,37.436493],[27.219834,37.436426],[27.219519,37.436117],[27.219347,37.43615],[27.219408,37.436382],[27.219629,37.436592],[27.220278,37.437108],[27.220464,37.437255],[27.220607,37.437637],[27.220685,37.437985],[27.220674,37.43856],[27.220574,37.439041],[27.22048,37.439267],[27.220254,37.439814],[27.220187,37.440074],[27.220298,37.440289],[27.220497,37.440378],[27.220615,37.440512],[27.220657,37.44056],[27.220685,37.440892],[27.220668,37.440949],[27.22053,37.441422],[27.220292,37.441638],[27.220309,37.441754],[27.220442,37.441909],[27.220804,37.442035],[27.2209,37.442069],[27.221022,37.442274],[27.220989,37.44255],[27.220906,37.442837],[27.220955,37.443102],[27.221094,37.443296],[27.221088,37.443721],[27.221057,37.444014],[27.22105,37.444086],[27.221088,37.444248],[27.221182,37.44465],[27.221156,37.444771],[27.221094,37.445053],[27.221138,37.445711],[27.221121,37.44628],[27.221,37.446993],[27.220867,37.447165],[27.220635,37.447386],[27.220563,37.447579],[27.220524,37.447811],[27.220408,37.448021],[27.220425,37.448226],[27.220386,37.448424],[27.220237,37.44864],[27.220132,37.448916],[27.220281,37.449209],[27.22037,37.44948],[27.22042,37.449685],[27.220491,37.450071],[27.220497,37.450762],[27.220486,37.451083],[27.220342,37.451348],[27.220243,37.451436],[27.21995,37.451729],[27.219723,37.451801],[27.219563,37.451768],[27.219447,37.451718],[27.219359,37.451669],[27.219248,37.451658],[27.219165,37.451718],[27.218916,37.451879],[27.218568,37.452083],[27.218518,37.45221],[27.218552,37.452492],[27.218596,37.452851],[27.218684,37.453227],[27.218745,37.453636],[27.218944,37.454465],[27.219033,37.454846],[27.219137,37.454913],[27.21916,37.454819],[27.218961,37.453973],[27.218751,37.452923],[27.218723,37.452448],[27.218729,37.452282],[27.218833,37.452111],[27.218955,37.45205],[27.219154,37.452055],[27.219287,37.4521],[27.21937,37.452138],[27.219558,37.45205],[27.21974,37.452011],[27.219895,37.452028],[27.22011,37.452077],[27.220348,37.452171],[27.220674,37.452277],[27.220862,37.452287],[27.221066,37.452359],[27.221177,37.452503],[27.221575,37.452741],[27.221823,37.45305],[27.221785,37.453343],[27.221774,37.453465],[27.221807,37.453818],[27.221763,37.453957],[27.221685,37.454078],[27.221414,37.454294],[27.221232,37.454338],[27.220431,37.45436],[27.220436,37.454421],[27.221315,37.454404],[27.221425,37.454443],[27.221525,37.454515],[27.221652,37.454714],[27.221724,37.454819],[27.221928,37.454907],[27.222177,37.454957],[27.222274,37.455073],[27.223391,37.456411],[27.224498,37.458779],[27.224704,37.459112],[27.224884,37.459315],[27.226849,37.461051],[27.226956,37.461146],[27.226998,37.461185],[27.227114,37.46129],[27.227245,37.461501],[27.227252,37.461514],[27.227301,37.461609],[27.228712,37.464341],[27.228827,37.464563],[27.228832,37.464572],[27.228845,37.464624],[27.228857,37.464631],[27.228864,37.464648],[27.228869,37.464662],[27.228874,37.464674],[27.228924,37.464751],[27.229035,37.464958],[27.229029,37.465174],[27.229041,37.46519],[27.229044,37.465212],[27.229044,37.465254],[27.229045,37.465291],[27.229029,37.465523],[27.22902,37.465988],[27.229051,37.466577],[27.229039,37.466935],[27.229039,37.466974],[27.229039,37.467292],[27.229055,37.467832],[27.229039,37.468229],[27.22909,37.468682],[27.229106,37.469054],[27.229127,37.469515],[27.229172,37.470453],[27.229174,37.470482],[27.229175,37.4705],[27.229178,37.470544],[27.229183,37.470591],[27.229184,37.470609],[27.229186,37.470629],[27.229201,37.470794],[27.229202,37.470841],[27.229226,37.470959],[27.229242,37.471054],[27.229307,37.471204],[27.22932,37.471227],[27.229345,37.471272],[27.229352,37.471283],[27.229359,37.471296],[27.230499,37.473356],[27.230514,37.473383],[27.230528,37.47342],[27.23055,37.473453],[27.230564,37.473472],[27.230617,37.473569],[27.230627,37.473592],[27.23064,37.473608],[27.230646,37.473623],[27.230653,37.473643],[27.230656,37.47368],[27.23065,37.473719],[27.230631,37.473836],[27.23063,37.473853],[27.230628,37.473873],[27.230628,37.473899],[27.230625,37.473915],[27.230612,37.474012],[27.23061,37.474027],[27.23048,37.475055],[27.230461,37.475198],[27.230285,37.476545],[27.230286,37.47674],[27.230245,37.476895],[27.230034,37.476999],[27.226952,37.479153],[27.225008,37.481103],[27.224963,37.481147],[27.224908,37.481202],[27.224861,37.481249],[27.224849,37.481261],[27.224814,37.48129],[27.224764,37.481341],[27.224723,37.481351],[27.224678,37.481432],[27.224662,37.481451],[27.224707,37.481541],[27.224834,37.481621],[27.224944,37.481679],[27.22497,37.481701],[27.224991,37.481718],[27.225014,37.481736],[27.225295,37.481974],[27.226996,37.483393],[27.227004,37.4834],[27.227017,37.483411],[27.227073,37.483462],[27.227104,37.483526],[27.227234,37.483781],[27.227266,37.483861],[27.227964,37.485582],[27.228353,37.486511],[27.228385,37.48659],[27.228391,37.486604],[27.228396,37.486618],[27.22841,37.486653],[27.22844,37.486723],[27.228465,37.486778],[27.228469,37.486787],[27.228483,37.486822],[27.228501,37.486858],[27.228506,37.486873],[27.228521,37.486921],[27.228531,37.486946],[27.228543,37.486977],[27.228563,37.487032],[27.22854,37.487057],[27.228496,37.487061],[27.228478,37.487062],[27.228398,37.487089],[27.228328,37.487112],[27.228191,37.487147],[27.225715,37.487932],[27.225618,37.487963],[27.225513,37.487996],[27.225464,37.488],[27.225289,37.488059],[27.225154,37.488043],[27.225059,37.488027],[27.224829,37.487961],[27.224821,37.487959],[27.221674,37.487171],[27.217787,37.48581],[27.216649,37.484984],[27.214932,37.483807],[27.213119,37.482646],[27.211588,37.481715],[27.20856,37.48016],[27.208543,37.48015],[27.208488,37.48012],[27.208328,37.480041],[27.208217,37.479914],[27.20811,37.479687],[27.208081,37.479622],[27.208078,37.479618],[27.208041,37.479534],[27.208026,37.479502],[27.206958,37.477148],[27.206863,37.476906],[27.206756,37.476648],[27.206637,37.476376],[27.206571,37.476219],[27.206486,37.476029],[27.206412,37.47585],[27.206259,37.475496],[27.206178,37.475306],[27.20609,37.475088],[27.205947,37.474757],[27.205903,37.47465],[27.205867,37.47457],[27.205839,37.474507],[27.205826,37.474477],[27.205796,37.474403],[27.205738,37.474264],[27.205716,37.474202],[27.205673,37.474098],[27.205659,37.474088],[27.205645,37.474118],[27.205633,37.474146],[27.205617,37.474197],[27.205609,37.474229],[27.205519,37.474416],[27.205513,37.474572],[27.205466,37.474699],[27.205304,37.475202],[27.204459,37.477849],[27.204458,37.477854],[27.20443,37.477942],[27.204406,37.478093],[27.204428,37.478304],[27.204844,37.48046],[27.204955,37.480904],[27.205172,37.481414],[27.20675,37.484304],[27.207064,37.484872],[27.207346,37.485388],[27.207457,37.485614],[27.20764,37.485951],[27.208165,37.486914],[27.208187,37.486955],[27.208245,37.487059],[27.208295,37.48715],[27.208345,37.487246],[27.208373,37.4873],[27.208375,37.487305],[27.208395,37.487335],[27.208406,37.487352],[27.208408,37.487357],[27.20842,37.487374],[27.208438,37.487392],[27.208446,37.4874],[27.208448,37.487417],[27.20845,37.487444],[27.208411,37.487423],[27.208386,37.487411],[27.208373,37.487404],[27.208355,37.487396],[27.208337,37.487388],[27.208314,37.487377],[27.208269,37.487357],[27.208244,37.487346],[27.208224,37.487337],[27.208168,37.48731],[27.208156,37.487305],[27.208055,37.487257],[27.207966,37.487216],[27.207294,37.486909],[27.205557,37.486094],[27.205209,37.485892],[27.204825,37.485605],[27.203094,37.484136],[27.202824,37.483921],[27.202586,37.483723],[27.202308,37.48354],[27.201807,37.48327],[27.200108,37.482286],[27.199581,37.481975],[27.198969,37.481618],[27.198556,37.481403],[27.198031,37.481132],[27.195756,37.479887],[27.195702,37.479861],[27.194911,37.479458],[27.19402,37.479041],[27.193866,37.478966],[27.193692,37.478871],[27.192918,37.478513],[27.192187,37.478163],[27.191449,37.477758],[27.19099,37.477491],[27.188779,37.476151],[27.188268,37.475812],[27.187499,37.475328],[27.186303,37.47454],[27.185277,37.473907],[27.184748,37.473651],[27.184158,37.473366],[27.183098,37.472836],[27.182034,37.472296],[27.18097,37.471946],[27.178922,37.471228],[27.178792,37.471197],[27.178665,37.471213],[27.178626,37.471213],[27.178197,37.471308],[27.176532,37.471689],[27.175874,37.47184],[27.175668,37.471879],[27.175523,37.471913],[27.175389,37.471944],[27.175362,37.471951],[27.175317,37.47196],[27.175314,37.471954],[27.175301,37.471964],[27.175219,37.472008],[27.175163,37.472118],[27.175155,37.472174],[27.175151,37.47221],[27.175148,37.47224],[27.175136,37.472308],[27.175136,37.472312],[27.175131,37.472364],[27.175131,37.472388],[27.175115,37.472475],[27.175105,37.472665],[27.175017,37.473188],[27.174825,37.474609],[27.174815,37.474676],[27.174815,37.474694],[27.174818,37.474705],[27.174806,37.47474],[27.174799,37.474751],[27.174782,37.4748],[27.174784,37.47487],[27.174774,37.474958],[27.174807,37.475083],[27.174822,37.475173],[27.17483,37.475212],[27.174838,37.475282],[27.174965,37.475672],[27.175013,37.47595],[27.175499,37.47771],[27.176326,37.479935],[27.176361,37.48003],[27.176432,37.480158],[27.176495,37.480362],[27.176687,37.480666],[27.177161,37.481345],[27.178384,37.482998],[27.179194,37.484014],[27.180674,37.485722],[27.180847,37.485934],[27.180862,37.485953],[27.181014,37.486234],[27.182547,37.48913],[27.183945,37.49191],[27.18549,37.494712],[27.186082,37.496386],[27.186836,37.498408],[27.187603,37.500681],[27.187678,37.50095],[27.187719,37.501374],[27.188578,37.510594],[27.188449,37.513911],[27.1886,37.516401],[27.188664,37.517879],[27.188743,37.520039],[27.188775,37.522454],[27.188775,37.525473],[27.188795,37.527056],[27.188569,37.528777],[27.188378,37.530398],[27.188044,37.531939],[27.187675,37.533688],[27.186825,37.536896],[27.186074,37.538516],[27.18555,37.539565],[27.18397,37.542449],[27.182937,37.54418],[27.182293,37.545205],[27.181862,37.54589],[27.181824,37.545952],[27.181706,37.546158],[27.181608,37.546436],[27.181606,37.546445],[27.181064,37.548297],[27.182326,37.549117],[27.184113,37.550104],[27.186135,37.550574],[27.187922,37.55081],[27.189897,37.550716],[27.192484,37.550386],[27.195211,37.550527],[27.196058,37.550339],[27.196481,37.549681],[27.196569,37.549622],[27.197187,37.549211],[27.197798,37.548928],[27.200996,37.548787],[27.2033,37.548928],[27.204946,37.549352],[27.206316,37.549833],[27.206687,37.549963],[27.207439,37.549822],[27.20805,37.549305],[27.208285,37.548599],[27.208191,37.547941],[27.207627,37.547376],[27.207325,37.547135],[27.206922,37.546812],[27.205699,37.546107],[27.205448,37.545793],[27.204946,37.545166],[27.204946,37.544602],[27.204899,37.544084],[27.204931,37.544058],[27.205464,37.543614],[27.206189,37.543062],[27.206451,37.542862],[27.207008,37.542612],[27.207815,37.54225],[27.209508,37.541733],[27.211436,37.54131],[27.213365,37.540745],[27.215246,37.540275],[27.216498,37.540367],[27.217174,37.540416],[27.217911,37.54062],[27.219384,37.541028],[27.220513,37.541404],[27.22103,37.541968],[27.221548,37.542627],[27.222394,37.54305],[27.222606,37.543093],[27.224463,37.543473],[27.22578,37.543802],[27.227144,37.544226],[27.228414,37.544837],[27.229401,37.545777],[27.230295,37.547],[27.231236,37.5478],[27.23227,37.54827],[27.234716,37.548411],[27.237443,37.548035],[27.238478,37.547518],[27.239701,37.546718],[27.2405,37.546389],[27.240669,37.546408],[27.241347,37.546483],[27.24186,37.546675],[27.242475,37.546906],[27.243181,37.547612],[27.243557,37.548552],[27.244262,37.549305],[27.244921,37.549446],[27.246332,37.549211],[27.24826,37.550057],[27.248792,37.550668],[27.2492,37.551139],[27.250213,37.551815],[27.250848,37.552132],[27.251085,37.552399],[27.251694,37.553085],[27.251995,37.553728],[27.252065,37.553878],[27.252567,37.554381],[27.253255,37.554672],[27.25389,37.554989],[27.25434,37.555333],[27.254657,37.555651],[27.254525,37.556047],[27.253229,37.556127],[27.251681,37.556153],[27.251668,37.556153],[27.251555,37.556163],[27.250081,37.556285],[27.248626,37.55573],[27.247674,37.555386],[27.247408,37.555595],[27.247303,37.555677],[27.247074,37.556136],[27.246959,37.556365],[27.246963,37.556418],[27.247012,37.557185],[27.247383,37.557979],[27.24807,37.558984],[27.248361,37.559183],[27.248996,37.559619],[27.249816,37.560042],[27.250901,37.560015],[27.25241,37.559913],[27.252462,37.55991],[27.254657,37.559645],[27.255821,37.559328],[27.257065,37.55909],[27.257858,37.55909],[27.258969,37.559407],[27.259871,37.559457],[27.259922,37.55946],[27.261112,37.558957],[27.262144,37.558825],[27.263616,37.559168],[27.268845,37.558854],[27.273341,37.559168],[27.273646,37.559187],[27.278361,37.559482],[27.284426,37.561155],[27.287982,37.561155],[27.293419,37.560527],[27.299275,37.559691],[27.306805,37.559482],[27.311719,37.558227],[27.314647,37.555403],[27.315066,37.551429],[27.315655,37.547208],[27.315693,37.546933],[27.315911,37.546219],[27.316843,37.543168],[27.319249,37.539822],[27.32134,37.538462],[27.32751,37.533966],[27.33117,37.532711],[27.337653,37.531874],[27.343196,37.531038],[27.350097,37.530097],[27.353339,37.526855],[27.355012,37.525077],[27.360659,37.522672],[27.366202,37.519953],[27.374773,37.515066],[27.377057,37.513764],[27.379598,37.512609],[27.38773,37.508913],[27.420721,37.50115],[27.444331,37.497916],[27.471163,37.496078],[27.471555,37.493668],[27.471886,37.488382],[27.469862,37.479106],[27.46945,37.476959],[27.46945,37.475555],[27.469862,37.470435],[27.470441,37.467544],[27.470853,37.463415],[27.471019,37.460608],[27.471101,37.458378],[27.470853,37.456644],[27.46945,37.455735],[27.467468,37.455405],[27.46499,37.454166],[27.463586,37.452763],[27.463586,37.451193],[27.46433,37.449542],[27.466642,37.445991],[27.468376,37.443844],[27.469862,37.441944],[27.471266,37.440045],[27.471679,37.438228],[27.471679,37.437072],[27.471184,37.435668],[27.470028,37.434842],[27.467798,37.433273],[27.465321,37.430548],[27.464412,37.426089],[27.463751,37.422042],[27.463586,37.419235],[27.463421,37.416757],[27.463834,37.414115],[27.463504,37.411224],[27.463917,37.405444],[27.463586,37.403131],[27.462926,37.400406],[27.461935,37.398094],[27.462017,37.395699],[27.463339,37.39413],[27.46433,37.391405],[27.46433,37.388762],[27.464082,37.386863],[27.463917,37.384386],[27.46243,37.382982],[27.461109,37.382899],[27.459292,37.381578],[27.457888,37.379761],[27.455824,37.377944],[27.453924,37.376127],[27.451447,37.375467],[27.44897,37.375549],[27.446657,37.375302],[27.44451,37.375136],[27.442198,37.374311],[27.437739,37.372907],[27.434353,37.371007],[27.431215,37.369273],[27.429976,37.368035],[27.427416,37.367209],[27.424856,37.366135],[27.422213,37.364401],[27.419323,37.36341],[27.414781,37.361924],[27.409991,37.361428],[27.405862,37.361098],[27.403055,37.360189],[27.399421,37.359776],[27.3962,37.36085],[27.394053,37.363162],[27.393293,37.363785],[27.392468,37.364519],[27.391538,37.36538]]]}},{"type":"Feature","properties":{"id":"TR-D-09-005","parent_id":"TR-P-09","region_id":"TR-R-EGE","level":"district","municipality_type":null,"municipality_type_label":null,"is_metropolitan_municipality":null,"name":"Efeler","name_ascii":"efeler","slug":"efeler-aydin"},"geometry":{"type":"Polygon","coordinates":[[[27.748132,37.79366],[27.751539,37.796403],[27.753728,37.798179],[27.757284,37.799602],[27.763482,37.801634],[27.772626,37.804275],[27.775674,37.805393],[27.776792,37.806104],[27.777503,37.808543],[27.778011,37.811794],[27.777401,37.815959],[27.776792,37.818195],[27.777401,37.81982],[27.779332,37.822055],[27.780246,37.824595],[27.780043,37.827847],[27.779332,37.829269],[27.777706,37.830387],[27.774252,37.83252],[27.770289,37.834959],[27.768664,37.835264],[27.76653,37.838007],[27.76399,37.842579],[27.761894,37.847532],[27.761818,37.854466],[27.762809,37.862772],[27.762733,37.866658],[27.763276,37.872773],[27.764762,37.87666],[27.766533,37.879803],[27.768591,37.881517],[27.769448,37.883289],[27.769848,37.884489],[27.770877,37.884889],[27.773334,37.886261],[27.774934,37.887061],[27.77682,37.888433],[27.777506,37.889804],[27.777392,37.891862],[27.777449,37.893633],[27.778592,37.895862],[27.782078,37.898434],[27.783107,37.900091],[27.785107,37.906092],[27.786764,37.910664],[27.786593,37.913579],[27.786422,37.917351],[27.786422,37.919522],[27.790822,37.925123],[27.792422,37.926781],[27.79408,37.928895],[27.796766,37.93381],[27.797394,37.935467],[27.798652,37.936953],[27.799338,37.938668],[27.800081,37.939982],[27.800195,37.942497],[27.800881,37.944383],[27.801509,37.945583],[27.802995,37.94764],[27.804195,37.948955],[27.806253,37.950155],[27.807281,37.950841],[27.811603,37.954484],[27.812161,37.957227],[27.812589,37.959842],[27.812663,37.963165],[27.814124,37.963282],[27.818106,37.964321],[27.819663,37.965532],[27.820961,37.966657],[27.823212,37.967263],[27.824164,37.967783],[27.824856,37.969167],[27.825548,37.970898],[27.828751,37.972023],[27.831001,37.972975],[27.838444,37.97635],[27.841992,37.978254],[27.843463,37.979553],[27.845107,37.980418],[27.847098,37.980937],[27.849175,37.98137],[27.85004,37.982322],[27.851425,37.983534],[27.85506,37.985265],[27.860339,37.985265],[27.864667,37.985351],[27.867609,37.986217],[27.870032,37.987861],[27.872456,37.989938],[27.873667,37.991755],[27.874013,37.993573],[27.873581,37.99565],[27.8741,37.997121],[27.875311,38.00067],[27.877908,38.003958],[27.879293,38.005862],[27.879293,38.007766],[27.879639,38.010968],[27.882062,38.011574],[27.885351,38.012007],[27.888899,38.01192],[27.890976,38.011488],[27.89539,38.010795],[27.898159,38.011228],[27.900756,38.011141],[27.902573,38.011661],[27.903352,38.01218],[27.905775,38.013738],[27.90915,38.014863],[27.911401,38.015555],[27.914862,38.013997],[27.917113,38.012872],[27.919536,38.011661],[27.922132,38.010709],[27.925075,38.008026],[27.927411,38.005862],[27.9307,38.0024],[27.932344,38.00041],[27.934508,37.998679],[27.938749,37.9979],[27.942903,37.997727],[27.947057,37.997035],[27.950951,37.996342],[27.954154,37.997814],[27.95926,37.999112],[27.963068,37.999025],[27.966356,37.99816],[27.969039,37.996775],[27.971549,37.994525],[27.973799,37.992361],[27.975011,37.990025],[27.976828,37.988207],[27.978213,37.987428],[27.981415,37.985524],[27.98505,37.983274],[27.988858,37.980937],[27.991887,37.978514],[27.996647,37.97687],[27.999503,37.975485],[28.001667,37.974706],[28.004349,37.975139],[28.006427,37.977129],[28.008179,37.978478],[28.008535,37.977546],[28.008796,37.976949],[28.009131,37.976502],[28.009542,37.975718],[28.009504,37.975047],[28.009542,37.974637],[28.009803,37.973443],[28.009952,37.972697],[28.010138,37.971914],[28.01025,37.971392],[28.010176,37.970422],[28.009989,37.969863],[28.009542,37.969527],[28.009094,37.968893],[28.008609,37.967886],[28.007938,37.966618],[28.00749,37.965984],[28.006894,37.965425],[28.006633,37.96494],[28.006073,37.964194],[28.005551,37.963261],[28.005253,37.962553],[28.005141,37.961919],[28.005103,37.960725],[28.005103,37.960016],[28.005103,37.959532],[28.005439,37.959084],[28.006595,37.958487],[28.00708,37.957853],[28.007677,37.957219],[28.008423,37.957107],[28.009579,37.956995],[28.010623,37.956921],[28.011145,37.956884],[28.01163,37.956697],[28.011854,37.956324],[28.011966,37.955653],[28.011668,37.954646],[28.011556,37.954049],[28.011891,37.953601],[28.012563,37.953527],[28.013197,37.953154],[28.013644,37.952594],[28.014539,37.952147],[28.015248,37.951774],[28.015808,37.951364],[28.016255,37.950804],[28.016255,37.950469],[28.016031,37.950058],[28.015808,37.949499],[28.016367,37.948977],[28.016628,37.948492],[28.016591,37.947895],[28.016777,37.947373],[28.017299,37.946552],[28.017337,37.945918],[28.016852,37.945247],[28.016404,37.944911],[28.016255,37.944091],[28.01577,37.943084],[28.015435,37.942226],[28.015248,37.941294],[28.015248,37.940697],[28.015546,37.940137],[28.015957,37.93969],[28.016218,37.939242],[28.016367,37.938795],[28.016367,37.938273],[28.015248,37.937191],[28.014689,37.936408],[28.014353,37.935811],[28.014092,37.935214],[28.014017,37.934879],[28.01439,37.934543],[28.015099,37.934133],[28.015733,37.933834],[28.016255,37.933275],[28.016292,37.932678],[28.015696,37.932119],[28.01536,37.931559],[28.015174,37.931112],[28.014987,37.930403],[28.01495,37.929582],[28.014614,37.928986],[28.014614,37.928501],[28.014763,37.927792],[28.013831,37.926412],[28.012339,37.925256],[28.0104,37.924846],[28.008833,37.92369],[28.007863,37.922048],[28.00764,37.921116],[28.007546,37.918704],[28.007347,37.917461],[28.007347,37.915671],[28.007994,37.91393],[28.009237,37.912886],[28.011177,37.911941],[28.012917,37.911692],[28.015006,37.910151],[28.017989,37.907217],[28.019432,37.905228],[28.018934,37.903537],[28.018338,37.902145],[28.018039,37.900006],[28.017592,37.897719],[28.017243,37.895928],[28.017293,37.893492],[28.017989,37.890508],[28.018089,37.887972],[28.018636,37.885684],[28.019083,37.883745],[28.019879,37.882402],[28.020675,37.881656],[28.021719,37.880861],[28.022962,37.880065],[28.024255,37.879418],[28.025648,37.877777],[28.026593,37.875341],[28.026642,37.873252],[28.026493,37.871114],[28.025051,37.869125],[28.022913,37.86808],[28.020376,37.867086],[28.018835,37.865793],[28.016647,37.864301],[28.015254,37.862809],[28.014508,37.862063],[28.013116,37.860621],[28.010878,37.859427],[28.008143,37.858681],[28.006353,37.857786],[28.003469,37.85535],[28.002176,37.853012],[28.001529,37.851023],[28.000932,37.848984],[28.000537,37.847393],[27.999241,37.846332],[27.998298,37.845036],[27.997708,37.842914],[27.997708,37.839731],[27.997119,37.83867],[27.995351,37.836313],[27.994526,37.834309],[27.993818,37.832659],[27.992168,37.830655],[27.990872,37.828533],[27.989575,37.826411],[27.987925,37.825586],[27.987551,37.825382],[27.987189,37.822149],[27.986994,37.820672],[27.986322,37.815588],[27.987803,37.815205],[27.989495,37.814768],[27.994498,37.813504],[27.994874,37.813409],[27.995941,37.813127],[27.996468,37.812978],[27.996989,37.812822],[27.997499,37.812654],[27.997995,37.812469],[27.998471,37.812261],[27.998892,37.812041],[27.999288,37.811797],[27.999657,37.81153],[27.999996,37.811237],[28.000278,37.810946],[28.000538,37.810638],[28.001505,37.809359],[28.001755,37.809054],[28.002019,37.80876],[28.002301,37.808479],[28.002606,37.808217],[28.003005,37.807934],[28.003437,37.807679],[28.003893,37.807449],[28.004369,37.80724],[28.004862,37.807053],[28.005371,37.806889],[28.005821,37.80677],[28.00628,37.806667],[28.006746,37.806577],[28.007217,37.806499],[28.007691,37.806431],[28.008169,37.806372],[28.00871,37.806317],[28.009798,37.80623],[28.011436,37.806129],[28.016349,37.805853],[28.017439,37.805797],[28.018527,37.805753],[28.01907,37.80574],[28.019612,37.805736],[28.020153,37.805746],[28.020692,37.805774],[28.021277,37.80583],[28.021774,37.805893],[28.022313,37.805975],[28.023389,37.806166],[28.024952,37.806472],[28.027153,37.806925],[28.028219,37.807158],[28.028745,37.807282],[28.029263,37.807415],[28.029769,37.80756],[28.030258,37.807723],[28.030809,37.807956],[28.031153,37.808133],[28.031506,37.80837],[28.031826,37.808636],[28.032117,37.808926],[28.032379,37.809237],[28.03261,37.809566],[28.032808,37.809911],[28.032984,37.810313],[28.033125,37.81073],[28.033238,37.811158],[28.033333,37.811593],[28.033415,37.812033],[28.033813,37.814658],[28.033889,37.815066],[28.03397,37.815419],[28.034069,37.815746],[28.034196,37.816039],[28.034363,37.816286],[28.034585,37.816471],[28.034893,37.816587],[28.035261,37.816635],[28.035676,37.816633],[28.036124,37.816595],[28.036596,37.816531],[28.037086,37.81645],[28.037588,37.816356],[28.038068,37.81626],[28.039135,37.816048],[28.040186,37.815853],[28.040805,37.815757],[28.041268,37.815684],[28.042355,37.815541],[28.043443,37.815419],[28.043988,37.815366],[28.045078,37.815283],[28.045637,37.815257],[28.046616,37.815233],[28.047129,37.815234],[28.04764,37.815244],[28.04815,37.815265],[28.048657,37.815301],[28.049189,37.815356],[28.049716,37.815428],[28.05024,37.815515],[28.050759,37.815614],[28.051271,37.815728],[28.051808,37.815868],[28.052268,37.816007],[28.052744,37.816181],[28.053196,37.816381],[28.053631,37.816606],[28.054053,37.816848],[28.054463,37.817106],[28.054861,37.817374],[28.055248,37.817654],[28.055621,37.817943],[28.055976,37.818244],[28.05631,37.818557],[28.056614,37.818887],[28.056898,37.819258],[28.057151,37.819645],[28.057383,37.820043],[28.057599,37.82045],[28.058422,37.822104],[28.058638,37.822513],[28.058884,37.822942],[28.059119,37.823311],[28.059396,37.823697],[28.059694,37.824074],[28.060008,37.824444],[28.060332,37.824809],[28.061003,37.82553],[28.061689,37.826244],[28.062226,37.826792],[28.064815,37.829438],[28.068974,37.833706],[28.069683,37.834407],[28.070408,37.835089],[28.071087,37.83569],[28.071541,37.836071],[28.071937,37.83638],[28.072347,37.836674],[28.072776,37.836949],[28.073226,37.837199],[28.073694,37.837428],[28.074203,37.837656],[28.074667,37.837849],[28.075669,37.838241],[28.076684,37.838618],[28.079745,37.839732],[28.080756,37.840114],[28.081254,37.840312],[28.081747,37.840517],[28.08223,37.840732],[28.082701,37.84096],[28.083154,37.841207],[28.083572,37.841466],[28.083973,37.841743],[28.084362,37.842033],[28.085116,37.842638],[28.086217,37.84358],[28.088764,37.845807],[28.089507,37.846432],[28.09027,37.847041],[28.090683,37.84735],[28.091531,37.84795],[28.092834,37.848822],[28.093299,37.849116],[28.093719,37.84938],[28.094168,37.849648],[28.094623,37.849903],[28.095087,37.850141],[28.095513,37.850331],[28.095573,37.849751],[28.097119,37.845834],[28.100417,37.836453],[28.100933,37.835628],[28.102273,37.832021],[28.103201,37.82965],[28.104438,37.826454],[28.105056,37.824496],[28.105675,37.821816],[28.10619,37.820063],[28.107633,37.818723],[28.108767,37.815837],[28.108767,37.814188],[28.111756,37.810477],[28.114311,37.80395],[28.115471,37.801689],[28.116282,37.79908],[28.116514,37.797398],[28.116804,37.795311],[28.116862,37.793455],[28.11721,37.791136],[28.118022,37.789686],[28.11895,37.788469],[28.118312,37.786265],[28.116862,37.784758],[28.114949,37.782612],[28.113847,37.781279],[28.112803,37.780061],[28.111818,37.778902],[28.111586,37.777684],[28.110774,37.77664],[28.109614,37.775133],[28.109324,37.774147],[28.109672,37.772929],[28.109614,37.772349],[28.108397,37.771654],[28.107585,37.770784],[28.107295,37.770146],[28.105323,37.768291],[28.104164,37.767479],[28.103874,37.766087],[28.10312,37.76516],[28.101902,37.764522],[28.100975,37.764],[28.099873,37.76284],[28.098655,37.762434],[28.09796,37.76197],[28.09709,37.761275],[28.095988,37.761507],[28.094828,37.761449],[28.094249,37.760985],[28.093321,37.760869],[28.092335,37.760927],[28.091523,37.760521],[28.090712,37.759999],[28.090016,37.760057],[28.088682,37.760695],[28.087581,37.761391],[28.086421,37.761797],[28.085725,37.762202],[28.084855,37.763652],[28.083464,37.764696],[28.081956,37.765218],[28.080739,37.765681],[28.078013,37.766203],[28.076165,37.766508],[28.07386,37.766725],[28.071947,37.766638],[28.070642,37.766247],[28.069294,37.764029],[28.068772,37.763029],[28.06712,37.762072],[28.065815,37.762159],[28.064945,37.762333],[28.063902,37.762594],[28.063075,37.763072],[28.062728,37.76355],[28.062554,37.764116],[28.06151,37.764812],[28.060771,37.764986],[28.060379,37.764855],[28.059901,37.76442],[28.059292,37.764029],[28.058335,37.763377],[28.057161,37.762768],[28.056074,37.762637],[28.054291,37.762724],[28.053334,37.762811],[28.052378,37.762681],[28.050986,37.762115],[28.049986,37.761811],[28.048942,37.761811],[28.04755,37.761811],[28.046115,37.761811],[28.044985,37.762289],[28.044158,37.76242],[28.043202,37.762376],[28.042201,37.762115],[28.040505,37.761768],[28.038983,37.76155],[28.038505,37.761202],[28.037113,37.761115],[28.036244,37.761724],[28.0352,37.762246],[28.033765,37.762376],[28.032153,37.762492],[28.028317,37.76226],[28.025534,37.76226],[28.023736,37.762318],[28.021707,37.762376],[28.019272,37.762318],[28.016372,37.76226],[28.014227,37.762144],[28.012777,37.761797],[28.011908,37.760753],[28.010922,37.758723],[28.009704,37.756346],[28.008139,37.755128],[28.006689,37.753099],[28.004138,37.749852],[28.00321,37.747823],[28.00321,37.747243],[28.00321,37.746257],[28.002978,37.745445],[28.002282,37.744865],[28.001239,37.744518],[27.999963,37.744402],[27.998282,37.743996],[27.996252,37.744286],[27.994571,37.744286],[27.991845,37.743996],[27.989642,37.743938],[27.987323,37.744402],[27.985931,37.743996],[27.984366,37.743532],[27.982394,37.741502],[27.981177,37.740517],[27.980017,37.740285],[27.978277,37.739879],[27.976364,37.739357],[27.974682,37.738429],[27.973233,37.738081],[27.971899,37.737791],[27.97045,37.737444],[27.968246,37.737675],[27.966449,37.73756],[27.965115,37.736806],[27.962216,37.736226],[27.958389,37.73524],[27.956824,37.734776],[27.954156,37.734312],[27.952533,37.734196],[27.949808,37.73437],[27.947952,37.733965],[27.944995,37.733327],[27.94198,37.732747],[27.939661,37.731993],[27.938559,37.731297],[27.937051,37.730196],[27.93537,37.729036],[27.934094,37.728166],[27.932819,37.727934],[27.931369,37.727818],[27.929455,37.727702],[27.928238,37.726717],[27.927774,37.725615],[27.926788,37.724165],[27.925571,37.722368],[27.924991,37.720802],[27.924469,37.718657],[27.923715,37.716338],[27.922787,37.715062],[27.921222,37.713438],[27.920468,37.712975],[27.918903,37.712221],[27.917569,37.711583],[27.915887,37.710771],[27.914148,37.709728],[27.912756,37.708684],[27.910495,37.707408],[27.908408,37.706828],[27.907466,37.706515],[27.905763,37.707709],[27.904948,37.708263],[27.904111,37.708808],[27.903684,37.709072],[27.903249,37.709327],[27.902775,37.709588],[27.902379,37.709795],[27.901933,37.710016],[27.90148,37.710229],[27.901027,37.710431],[27.900567,37.710624],[27.900101,37.710808],[27.89963,37.710982],[27.899163,37.711141],[27.898691,37.71129],[27.897735,37.711568],[27.896771,37.711824],[27.895314,37.712186],[27.891337,37.713143],[27.890452,37.713365],[27.889486,37.713621],[27.888017,37.714047],[27.887091,37.714339],[27.886145,37.714658],[27.8852,37.714998],[27.883796,37.715535],[27.882405,37.716097],[27.881488,37.716486],[27.881035,37.716687],[27.880588,37.716895],[27.880142,37.717112],[27.879705,37.717339],[27.879277,37.717576],[27.878859,37.717824],[27.878436,37.718096],[27.878025,37.71838],[27.877223,37.718971],[27.876437,37.719578],[27.875271,37.720502],[27.871786,37.723284],[27.870637,37.72422],[27.869889,37.724856],[27.869525,37.725181],[27.869159,37.725521],[27.868448,37.726217],[27.867753,37.726924],[27.866729,37.727988],[27.860235,37.734781],[27.829519,37.766827],[27.823622,37.772976],[27.820768,37.776679],[27.820524,37.77688],[27.820126,37.777184],[27.819715,37.777463],[27.819286,37.777708],[27.818832,37.777904],[27.818381,37.778032],[27.817908,37.778116],[27.817419,37.778164],[27.816919,37.778182],[27.816411,37.778176],[27.815915,37.778148],[27.815417,37.778101],[27.81492,37.778037],[27.814426,37.777955],[27.813938,37.777853],[27.813429,37.777721],[27.812929,37.777569],[27.812437,37.7774],[27.811954,37.777217],[27.811482,37.777019],[27.811023,37.776806],[27.810583,37.776575],[27.810165,37.776323],[27.80976,37.776032],[27.809384,37.775717],[27.809031,37.775385],[27.808702,37.775036],[27.808398,37.774675],[27.808122,37.774301],[27.807895,37.773947],[27.807471,37.773231],[27.807249,37.772879],[27.807004,37.77254],[27.806699,37.772191],[27.806359,37.771862],[27.805991,37.771548],[27.8056,37.77125],[27.805083,37.770901],[27.804756,37.770699],[27.804322,37.770458],[27.803873,37.77023],[27.803414,37.770012],[27.802947,37.769801],[27.802,37.769395],[27.801041,37.769001],[27.799569,37.768418],[27.794649,37.766494],[27.793664,37.766113],[27.792573,37.765707],[27.791699,37.765402],[27.791219,37.765248],[27.790736,37.765101],[27.790249,37.764965],[27.789758,37.764842],[27.789262,37.764736],[27.788738,37.764647],[27.788208,37.764575],[27.787674,37.764516],[27.786598,37.764424],[27.785515,37.764353],[27.785124,37.764331],[27.784429,37.764293],[27.783345,37.764246],[27.781723,37.764194],[27.780641,37.764172],[27.779562,37.764168],[27.779025,37.764179],[27.778491,37.764202],[27.77796,37.764243],[27.777417,37.764308],[27.776881,37.764395],[27.776352,37.7645],[27.775833,37.764624],[27.775325,37.764769],[27.774884,37.764918],[27.774459,37.765088],[27.774055,37.765281],[27.773678,37.765502],[27.773349,37.765739],[27.773041,37.765999],[27.772782,37.766241],[27.771827,37.767195],[27.771114,37.767882],[27.770664,37.76829],[27.770374,37.768554],[27.769994,37.768882],[27.769606,37.769203],[27.769207,37.769517],[27.768809,37.769813],[27.7684,37.770099],[27.767981,37.770375],[27.767551,37.770641],[27.767121,37.770887],[27.76668,37.771122],[27.76623,37.771344],[27.765772,37.771553],[27.765314,37.771741],[27.764849,37.771912],[27.764377,37.772064],[27.763899,37.772193],[27.763429,37.772291],[27.762955,37.772362],[27.762482,37.772403],[27.76201,37.772409],[27.761545,37.772374],[27.761089,37.772301],[27.760647,37.772189],[27.760224,37.772036],[27.759782,37.771817],[27.759361,37.771559],[27.758954,37.771273],[27.757754,37.770352],[27.757345,37.770052],[27.756923,37.769769],[27.756509,37.769526],[27.756081,37.76931],[27.755642,37.769129],[27.755193,37.768991],[27.754759,37.768908],[27.754322,37.768874],[27.753891,37.768889],[27.753472,37.768959],[27.753032,37.769105],[27.752611,37.769309],[27.752203,37.769554],[27.751804,37.769829],[27.751413,37.770125],[27.751026,37.770435],[27.750643,37.770755],[27.749888,37.771413],[27.749156,37.772085],[27.748804,37.772425],[27.74847,37.772768],[27.748159,37.773115],[27.747883,37.773468],[27.747655,37.773828],[27.747494,37.774185],[27.747396,37.774555],[27.747369,37.774902],[27.747423,37.775251],[27.747577,37.775601],[27.747811,37.775939],[27.748104,37.776266],[27.74844,37.776585],[27.748794,37.776889],[27.749913,37.777804],[27.750218,37.778072],[27.750514,37.778348],[27.750799,37.778631],[27.751072,37.778921],[27.75133,37.779219],[27.751586,37.779542],[27.751826,37.779873],[27.752053,37.78021],[27.752269,37.780552],[27.752688,37.781277],[27.75286,37.781603],[27.753036,37.78196],[27.753199,37.782319],[27.753345,37.782682],[27.753474,37.783055],[27.753581,37.78343],[27.753666,37.783807],[27.753727,37.784185],[27.753758,37.784562],[27.753754,37.784939],[27.753702,37.785345],[27.753611,37.785751],[27.75349,37.786155],[27.753347,37.786557],[27.753189,37.786959],[27.753017,37.787359],[27.752645,37.788156],[27.752445,37.78855],[27.752233,37.78894],[27.752008,37.789326],[27.751765,37.789704],[27.751485,37.790094],[27.751187,37.790476],[27.750874,37.790852],[27.750552,37.791224],[27.749887,37.791957],[27.7492,37.792672],[27.748849,37.793019],[27.748489,37.793354],[27.748132,37.79366]]]}},{"type":"Feature","properties":{"id":"TR-D-09-006","parent_id":"TR-P-09","region_id":"TR-R-EGE","level":"district","municipality_type":null,"municipality_type_label":null,"is_metropolitan_municipality":null,"name":"Germencik","name_ascii":"germencik","slug":"germencik-aydin"},"geometry":{"type":"Polygon","coordinates":[[[27.702136,37.986822],[27.701792,37.984339],[27.700834,37.981988],[27.700225,37.980072],[27.700138,37.978069],[27.701444,37.974934],[27.701966,37.973105],[27.703099,37.970753],[27.704144,37.968838],[27.704405,37.966486],[27.705885,37.964396],[27.705798,37.963177],[27.70484,37.961522],[27.703447,37.95978],[27.702315,37.958039],[27.699876,37.955339],[27.698483,37.953771],[27.69709,37.951681],[27.695086,37.94933],[27.693867,37.947414],[27.693029,37.945498],[27.6912,37.943669],[27.68911,37.941056],[27.687738,37.938313],[27.687412,37.93668],[27.687542,37.933676],[27.687804,37.932108],[27.681468,37.926752],[27.678529,37.925119],[27.675132,37.923682],[27.672716,37.923421],[27.671213,37.921396],[27.671213,37.918522],[27.671017,37.916824],[27.669385,37.915191],[27.668535,37.913885],[27.668993,37.912056],[27.669581,37.908268],[27.670626,37.906569],[27.670756,37.904414],[27.670756,37.901932],[27.67043,37.899515],[27.670234,37.896511],[27.670103,37.894878],[27.669123,37.89233],[27.669254,37.889065],[27.669254,37.885734],[27.66847,37.881684],[27.666707,37.880704],[27.665727,37.87992],[27.663767,37.877634],[27.659195,37.87574],[27.655407,37.874695],[27.654231,37.869078],[27.653578,37.866661],[27.652794,37.86431],[27.652598,37.862873],[27.652664,37.860652],[27.652533,37.858562],[27.652141,37.856864],[27.652402,37.855362],[27.652598,37.852357],[27.652664,37.851181],[27.652468,37.850136],[27.65201,37.849222],[27.65188,37.848242],[27.652664,37.847393],[27.65299,37.846479],[27.653382,37.84478],[27.65299,37.843343],[27.652533,37.841384],[27.652729,37.839751],[27.652141,37.837791],[27.651749,37.836681],[27.65606,37.829431],[27.657954,37.826296],[27.659065,37.824402],[27.659261,37.823422],[27.659391,37.822116],[27.659783,37.818915],[27.659652,37.817674],[27.658999,37.816237],[27.658411,37.815061],[27.657366,37.813559],[27.657236,37.812188],[27.657497,37.810555],[27.658411,37.808269],[27.658853,37.807345],[27.658584,37.806876],[27.658321,37.806495],[27.658039,37.806122],[27.657739,37.805759],[27.657421,37.805405],[27.657081,37.805064],[27.656717,37.804736],[27.65641,37.804482],[27.655938,37.804112],[27.655533,37.80381],[27.654287,37.802926],[27.650075,37.800021],[27.647138,37.797981],[27.641703,37.794171],[27.640471,37.793319],[27.639587,37.79273],[27.639152,37.792455],[27.638724,37.792197],[27.638288,37.791949],[27.637844,37.791712],[27.637391,37.791489],[27.636927,37.791282],[27.636463,37.7911],[27.635988,37.790935],[27.635506,37.790782],[27.635017,37.790639],[27.634524,37.790506],[27.634026,37.790382],[27.633588,37.790282],[27.63302,37.790163],[27.63251,37.790074],[27.632012,37.790002],[27.63151,37.789942],[27.63059,37.78986],[27.629481,37.789787],[27.62897,37.789764],[27.627948,37.789741],[27.627438,37.789743],[27.626362,37.789773],[27.625311,37.789832],[27.62479,37.789874],[27.624275,37.789927],[27.623768,37.789994],[27.623274,37.79008],[27.622795,37.790193],[27.62234,37.790341],[27.621927,37.790524],[27.621539,37.790741],[27.621245,37.790937],[27.620829,37.791251],[27.620508,37.791536],[27.620215,37.791837],[27.619954,37.792155],[27.619734,37.792491],[27.619555,37.792863],[27.619419,37.793251],[27.619315,37.793651],[27.619234,37.79406],[27.619171,37.794474],[27.61912,37.794893],[27.619048,37.795736],[27.619008,37.796583],[27.619002,37.797006],[27.619008,37.797428],[27.619031,37.797849],[27.619075,37.798269],[27.619144,37.798695],[27.619232,37.79912],[27.619527,37.800394],[27.619605,37.800789],[27.619669,37.801185],[27.619717,37.801581],[27.619745,37.801976],[27.619748,37.80237],[27.619721,37.80276],[27.619664,37.803146],[27.61958,37.803527],[27.619465,37.803902],[27.619318,37.804266],[27.619147,37.804596],[27.618947,37.804913],[27.618723,37.805218],[27.618475,37.805508],[27.618205,37.805779],[27.617853,37.806073],[27.617472,37.80633],[27.617062,37.806541],[27.616622,37.806694],[27.616281,37.806756],[27.615694,37.806807],[27.615202,37.806799],[27.614699,37.806763],[27.614187,37.806707],[27.613148,37.806558],[27.610521,37.806118],[27.609467,37.805951],[27.608939,37.805876],[27.608397,37.805806],[27.60731,37.805682],[27.606222,37.805573],[27.604591,37.805422],[27.602963,37.80528],[27.59807,37.804854],[27.595353,37.804636],[27.594229,37.80456],[27.593888,37.804537],[27.592423,37.804449],[27.589798,37.804303],[27.586322,37.804109],[27.584885,37.804017],[27.583916,37.803935],[27.583436,37.803883],[27.582959,37.803821],[27.582487,37.803744],[27.582023,37.803649],[27.581507,37.803514],[27.580912,37.803323],[27.580504,37.803177],[27.580013,37.802984],[27.579529,37.802778],[27.579053,37.802561],[27.578586,37.802331],[27.57813,37.802088],[27.57769,37.801828],[27.577261,37.801547],[27.576845,37.801253],[27.575632,37.800347],[27.575223,37.800057],[27.574805,37.799785],[27.574279,37.799499],[27.573915,37.799333],[27.573447,37.799178],[27.572958,37.79906],[27.572453,37.79897],[27.571936,37.798903],[27.571411,37.798853],[27.570767,37.798814],[27.570347,37.798798],[27.569812,37.798793],[27.569277,37.798806],[27.568744,37.79884],[27.568193,37.798901],[27.567645,37.798985],[27.567098,37.799083],[27.566553,37.799193],[27.565466,37.799433],[27.56065,37.80057],[27.558084,37.801153],[27.557053,37.801372],[27.556535,37.801474],[27.556015,37.801568],[27.555492,37.801652],[27.554967,37.801722],[27.554407,37.801777],[27.553844,37.801816],[27.552711,37.801864],[27.552143,37.801877],[27.551522,37.801883],[27.551009,37.801888],[27.549894,37.801875],[27.549352,37.801855],[27.548888,37.801823],[27.548329,37.801761],[27.547869,37.801673],[27.547461,37.801543],[27.547127,37.801354],[27.546904,37.801125],[27.546736,37.800853],[27.542695,37.807816],[27.542397,37.80834],[27.54198,37.809018],[27.541761,37.809352],[27.541301,37.810012],[27.540825,37.810635],[27.540088,37.81156],[27.539507,37.812308],[27.538368,37.813816],[27.537474,37.815019],[27.536688,37.816093],[27.536148,37.81686],[27.535887,37.817246],[27.535636,37.817637],[27.535401,37.818032],[27.535209,37.818383],[27.535032,37.818738],[27.534868,37.819097],[27.534719,37.81946],[27.534569,37.819883],[27.534468,37.820211],[27.534365,37.820598],[27.534194,37.82138],[27.534058,37.822167],[27.533957,37.822956],[27.533922,37.823351],[27.533902,37.823747],[27.5339,37.824143],[27.533914,37.824538],[27.533944,37.824933],[27.533991,37.825327],[27.534057,37.825719],[27.534142,37.826101],[27.534243,37.826482],[27.534357,37.826861],[27.534613,37.827616],[27.535312,37.829483],[27.535704,37.830622],[27.535935,37.831386],[27.536039,37.831773],[27.53613,37.832162],[27.529687,37.839063],[27.520908,37.840651],[27.51846,37.841466],[27.51603,37.842479],[27.513397,37.843998],[27.511068,37.843998],[27.506815,37.84339],[27.503371,37.842681],[27.499928,37.842276],[27.495878,37.841466],[27.492333,37.840859],[27.488586,37.840352],[27.485447,37.839542],[27.478459,37.838124],[27.473801,37.837821],[27.46813,37.837314],[27.461547,37.836099],[27.458104,37.836302],[27.452433,37.836707],[27.44261,37.838833],[27.436331,37.837314],[27.43147,37.837213],[27.426711,37.836403],[27.421344,37.836909],[27.417606,37.838567],[27.418164,37.839345],[27.418789,37.840216],[27.420433,37.842639],[27.421187,37.843555],[27.421645,37.84411],[27.424414,37.844283],[27.428568,37.844803],[27.432636,37.84688],[27.433242,37.847399],[27.434453,37.848438],[27.435925,37.850168],[27.436177,37.850854],[27.43653,37.851813],[27.436357,37.856659],[27.436011,37.860035],[27.436014,37.860119],[27.436098,37.86315],[27.436182,37.866095],[27.436184,37.866179],[27.435838,37.870593],[27.431944,37.874834],[27.428309,37.878122],[27.428482,37.881325],[27.428309,37.883012],[27.428136,37.8847],[27.427616,37.886517],[27.427097,37.888335],[27.426578,37.890498],[27.426145,37.893354],[27.426318,37.895518],[27.426751,37.898807],[27.426578,37.901836],[27.426491,37.906682],[27.425107,37.91049],[27.424328,37.914211],[27.423376,37.918106],[27.423895,37.920529],[27.428049,37.922087],[27.428865,37.922359],[27.430905,37.923039],[27.433466,37.92354],[27.434886,37.923818],[27.437223,37.92477],[27.438694,37.925376],[27.440598,37.927107],[27.443194,37.928059],[27.444629,37.929206],[27.446223,37.930482],[27.450204,37.931347],[27.455051,37.933078],[27.457647,37.934636],[27.461109,37.93628],[27.463244,37.936915],[27.464311,37.937232],[27.465839,37.937519],[27.467081,37.937752],[27.468213,37.937996],[27.470283,37.938444],[27.472279,37.938815],[27.474004,37.939136],[27.475322,37.940825],[27.477379,37.943464],[27.478072,37.946752],[27.479543,37.949349],[27.479558,37.949514],[27.479889,37.953157],[27.479283,37.956186],[27.479197,37.959474],[27.479586,37.960253],[27.479716,37.960513],[27.479905,37.961067],[27.481014,37.964321],[27.481187,37.967783],[27.481274,37.970465],[27.482832,37.972975],[27.485082,37.975225],[27.485515,37.978081],[27.485688,37.980072],[27.487159,37.982668],[27.48889,37.985178],[27.49088,37.987428],[27.492698,37.989765],[27.493909,37.992275],[27.495294,37.994958],[27.497891,37.996948],[27.501872,37.99764],[27.506285,37.9979],[27.510093,37.99764],[27.513901,37.9979],[27.517882,37.998073],[27.522729,37.996862],[27.527056,37.996515],[27.53121,37.996256],[27.534585,37.997814],[27.538999,38.00015],[27.541509,38.002314],[27.544625,38.004651],[27.547913,38.006901],[27.551808,38.008199],[27.55475,38.008891],[27.558558,38.009843],[27.563751,38.010795],[27.569982,38.011228],[27.574742,38.011055],[27.579156,38.00993],[27.582358,38.008632],[27.584262,38.007247],[27.584954,38.006901],[27.58556,38.005862],[27.586685,38.004651],[27.589541,38.002833],[27.592397,38.001535],[27.59534,38.00041],[27.59984,37.998419],[27.603648,37.99565],[27.60711,37.994092],[27.611524,37.992707],[27.614899,37.992015],[27.617668,37.991669],[27.621995,37.991842],[27.626063,37.992967],[27.629698,37.994438],[27.631342,37.995304],[27.633679,37.996515],[27.637141,37.997121],[27.638699,37.995736],[27.641295,37.994092],[27.64467,37.992275],[27.650036,37.989419],[27.652719,37.987688],[27.655488,37.985265],[27.65921,37.983101],[27.664229,37.982841],[27.670547,37.983274],[27.675653,37.982409],[27.676865,37.982668],[27.680586,37.983274],[27.683961,37.983707],[27.686817,37.983793],[27.690106,37.985178],[27.694001,37.986217],[27.695558,37.986649],[27.699453,37.986995],[27.702136,37.986822]]]}},{"type":"Feature","properties":{"id":"TR-D-09-007","parent_id":"TR-P-09","region_id":"TR-R-EGE","level":"district","municipality_type":null,"municipality_type_label":null,"is_metropolitan_municipality":null,"name":"İncirliova","name_ascii":"incirliova","slug":"incirliova-aydin"},"geometry":{"type":"Polygon","coordinates":[[[27.812663,37.963165],[27.812589,37.959842],[27.812161,37.957227],[27.811603,37.954484],[27.807281,37.950841],[27.806253,37.950155],[27.804195,37.948955],[27.802995,37.94764],[27.801509,37.945583],[27.800881,37.944383],[27.800195,37.942497],[27.800081,37.939982],[27.799338,37.938668],[27.798652,37.936953],[27.797394,37.935467],[27.796766,37.93381],[27.79408,37.928895],[27.792422,37.926781],[27.790822,37.925123],[27.786422,37.919522],[27.786422,37.917351],[27.786593,37.913579],[27.786764,37.910664],[27.785107,37.906092],[27.783107,37.900091],[27.782078,37.898434],[27.778592,37.895862],[27.777449,37.893633],[27.777392,37.891862],[27.777506,37.889804],[27.77682,37.888433],[27.774934,37.887061],[27.773334,37.886261],[27.770877,37.884889],[27.769848,37.884489],[27.769448,37.883289],[27.768591,37.881517],[27.766533,37.879803],[27.764762,37.87666],[27.763276,37.872773],[27.762733,37.866658],[27.762809,37.862772],[27.761818,37.854466],[27.761894,37.847532],[27.76399,37.842579],[27.76653,37.838007],[27.768664,37.835264],[27.770289,37.834959],[27.774252,37.83252],[27.777706,37.830387],[27.779332,37.829269],[27.780043,37.827847],[27.780246,37.824595],[27.779332,37.822055],[27.777401,37.81982],[27.776792,37.818195],[27.777401,37.815959],[27.778011,37.811794],[27.777503,37.808543],[27.776792,37.806104],[27.775674,37.805393],[27.772626,37.804275],[27.763482,37.801634],[27.757284,37.799602],[27.753728,37.798179],[27.751539,37.796403],[27.748132,37.79366],[27.747734,37.793965],[27.747329,37.794223],[27.746954,37.794412],[27.746565,37.794563],[27.746165,37.794674],[27.74576,37.794738],[27.745354,37.794747],[27.74492,37.794688],[27.744487,37.794574],[27.744052,37.794424],[27.743171,37.794074],[27.74272,37.793903],[27.742268,37.793753],[27.741808,37.793628],[27.74134,37.793532],[27.740866,37.793476],[27.740379,37.793464],[27.739812,37.793501],[27.739392,37.79355],[27.738896,37.79363],[27.7384,37.79373],[27.737904,37.793844],[27.737384,37.793977],[27.736865,37.79412],[27.735312,37.794583],[27.732673,37.795393],[27.730637,37.796019],[27.729604,37.796343],[27.728595,37.796684],[27.728109,37.796865],[27.727644,37.79706],[27.727208,37.797272],[27.726815,37.797508],[27.726479,37.797778],[27.726234,37.798065],[27.726047,37.798379],[27.725914,37.798714],[27.725833,37.799062],[27.725808,37.799404],[27.725845,37.799774],[27.725963,37.800156],[27.726144,37.800536],[27.726371,37.800913],[27.726631,37.801289],[27.726913,37.801665],[27.727208,37.80204],[27.728115,37.803173],[27.728407,37.803557],[27.728683,37.803944],[27.728935,37.804338],[27.729144,37.80471],[27.729329,37.805084],[27.729492,37.805457],[27.729634,37.805823],[27.729752,37.806177],[27.729843,37.806513],[27.7299,37.806823],[27.729912,37.807095],[27.729807,37.807392],[27.729358,37.807544],[27.728818,37.807498],[27.727917,37.807341],[27.727455,37.807269],[27.726973,37.807204],[27.725973,37.807089],[27.724947,37.806993],[27.723913,37.806913],[27.722794,37.806846],[27.721681,37.806807],[27.721127,37.806804],[27.720577,37.806817],[27.719954,37.806859],[27.719499,37.806908],[27.718972,37.806984],[27.718447,37.807074],[27.717924,37.807174],[27.716358,37.807494],[27.715309,37.807694],[27.714783,37.807781],[27.714255,37.807854],[27.713725,37.807909],[27.713199,37.80794],[27.712671,37.807954],[27.712141,37.807953],[27.71161,37.807943],[27.711079,37.807924],[27.710014,37.807872],[27.708418,37.807763],[27.707356,37.807669],[27.7068,37.80761],[27.705692,37.807477],[27.704585,37.807333],[27.699062,37.806574],[27.697961,37.806411],[27.696866,37.806232],[27.696322,37.806132],[27.695782,37.806021],[27.695256,37.8059],[27.694734,37.805769],[27.693697,37.805486],[27.691116,37.804746],[27.690078,37.804467],[27.689555,37.804338],[27.689028,37.804222],[27.688492,37.804118],[27.68741,37.803944],[27.685771,37.803726],[27.683572,37.803465],[27.68181,37.803279],[27.680809,37.803193],[27.680264,37.80316],[27.679176,37.803117],[27.678634,37.803107],[27.678096,37.803108],[27.677563,37.803122],[27.677038,37.803152],[27.676524,37.803205],[27.676026,37.803289],[27.675551,37.803416],[27.675109,37.80359],[27.67469,37.803805],[27.674289,37.804051],[27.673904,37.804321],[27.673532,37.804607],[27.673114,37.804963],[27.672832,37.80522],[27.672509,37.805544],[27.67221,37.805878],[27.671944,37.806225],[27.671721,37.806589],[27.671551,37.806965],[27.671439,37.807303],[27.671323,37.807757],[27.671245,37.808165],[27.671183,37.80858],[27.67098,37.81026],[27.67092,37.810679],[27.670848,37.811097],[27.670757,37.81151],[27.670641,37.811918],[27.670491,37.812325],[27.670312,37.812724],[27.670112,37.813117],[27.669894,37.813502],[27.669661,37.813879],[27.669413,37.814245],[27.669148,37.814596],[27.668866,37.814926],[27.668561,37.815227],[27.668226,37.81549],[27.667854,37.815699],[27.667431,37.815846],[27.66697,37.815937],[27.666484,37.815986],[27.665981,37.816001],[27.66547,37.815989],[27.664956,37.815951],[27.664448,37.815888],[27.663952,37.815795],[27.663477,37.815668],[27.663033,37.815496],[27.66264,37.815278],[27.662282,37.815017],[27.661956,37.814724],[27.66166,37.814404],[27.661395,37.814061],[27.661177,37.813718],[27.660982,37.813361],[27.660807,37.812995],[27.660647,37.812621],[27.660499,37.812241],[27.660361,37.811859],[27.660111,37.811085],[27.659633,37.80935],[27.659508,37.80892],[27.659371,37.808495],[27.659216,37.808076],[27.659036,37.807666],[27.658853,37.807345],[27.658411,37.808269],[27.657497,37.810555],[27.657236,37.812188],[27.657366,37.813559],[27.658411,37.815061],[27.658999,37.816237],[27.659652,37.817674],[27.659783,37.818915],[27.659391,37.822116],[27.659261,37.823422],[27.659065,37.824402],[27.657954,37.826296],[27.65606,37.829431],[27.651749,37.836681],[27.652141,37.837791],[27.652729,37.839751],[27.652533,37.841384],[27.65299,37.843343],[27.653382,37.84478],[27.65299,37.846479],[27.652664,37.847393],[27.65188,37.848242],[27.65201,37.849222],[27.652468,37.850136],[27.652664,37.851181],[27.652598,37.852357],[27.652402,37.855362],[27.652141,37.856864],[27.652533,37.858562],[27.652664,37.860652],[27.652598,37.862873],[27.652794,37.86431],[27.653578,37.866661],[27.654231,37.869078],[27.655407,37.874695],[27.659195,37.87574],[27.663767,37.877634],[27.665727,37.87992],[27.666707,37.880704],[27.66847,37.881684],[27.669254,37.885734],[27.669254,37.889065],[27.669123,37.89233],[27.670103,37.894878],[27.670234,37.896511],[27.67043,37.899515],[27.670756,37.901932],[27.670756,37.904414],[27.670626,37.906569],[27.669581,37.908268],[27.668993,37.912056],[27.668535,37.913885],[27.669385,37.915191],[27.671017,37.916824],[27.671213,37.918522],[27.671213,37.921396],[27.672716,37.923421],[27.675132,37.923682],[27.678529,37.925119],[27.681468,37.926752],[27.687804,37.932108],[27.687542,37.933676],[27.687412,37.93668],[27.687738,37.938313],[27.68911,37.941056],[27.6912,37.943669],[27.693029,37.945498],[27.693867,37.947414],[27.695086,37.94933],[27.69709,37.951681],[27.698483,37.953771],[27.699876,37.955339],[27.702315,37.958039],[27.703447,37.95978],[27.70484,37.961522],[27.705798,37.963177],[27.705885,37.964396],[27.704405,37.966486],[27.704144,37.968838],[27.703099,37.970753],[27.701966,37.973105],[27.701444,37.974934],[27.700138,37.978069],[27.700225,37.980072],[27.700834,37.981988],[27.701792,37.984339],[27.702136,37.986822],[27.703694,37.986043],[27.705165,37.985005],[27.707069,37.983966],[27.708107,37.983966],[27.715031,37.983101],[27.718666,37.983101],[27.721435,37.982409],[27.725157,37.981457],[27.728445,37.981024],[27.731821,37.980418],[27.736234,37.978514],[27.7416,37.977995],[27.743677,37.977995],[27.74861,37.978947],[27.751985,37.979466],[27.754495,37.97938],[27.759342,37.978341],[27.763669,37.976956],[27.7699,37.97462],[27.773275,37.973235],[27.775785,37.972196],[27.779593,37.970812],[27.781584,37.96986],[27.78392,37.968561],[27.787382,37.967177],[27.795085,37.965619],[27.797681,37.964667],[27.801056,37.963975],[27.803393,37.96484],[27.805124,37.964753],[27.807201,37.964494],[27.809538,37.963802],[27.811961,37.963109],[27.812663,37.963165]]]}},{"type":"Feature","properties":{"id":"TR-D-09-008","parent_id":"TR-P-09","region_id":"TR-R-EGE","level":"district","municipality_type":null,"municipality_type_label":null,"is_metropolitan_municipality":null,"name":"Karacasu","name_ascii":"karacasu","slug":"karacasu-aydin"},"geometry":{"type":"Polygon","coordinates":[[[28.738853,37.836148],[28.740152,37.833033],[28.741017,37.831561],[28.741882,37.829225],[28.742315,37.826369],[28.742575,37.823513],[28.743873,37.82057],[28.746383,37.818493],[28.748719,37.816589],[28.750623,37.815031],[28.75322,37.814079],[28.754605,37.812954],[28.756422,37.811483],[28.757893,37.810444],[28.758156,37.810332],[28.758288,37.810275],[28.759105,37.809925],[28.761355,37.809666],[28.763605,37.809319],[28.765076,37.808887],[28.769144,37.805685],[28.771913,37.803954],[28.773558,37.802742],[28.776068,37.800752],[28.77927,37.798242],[28.780049,37.796165],[28.780308,37.794174],[28.780049,37.791837],[28.780308,37.789414],[28.781433,37.786731],[28.783164,37.784914],[28.785414,37.783616],[28.787838,37.782231],[28.790261,37.781712],[28.794328,37.782318],[28.799002,37.781885],[28.80255,37.780673],[28.804454,37.779288],[28.805839,37.777644],[28.807224,37.775048],[28.808435,37.773403],[28.812243,37.772451],[28.81458,37.772365],[28.818301,37.772451],[28.820378,37.771326],[28.822282,37.770721],[28.824879,37.770461],[28.826869,37.770028],[28.828254,37.769509],[28.83336,37.768557],[28.839764,37.766999],[28.842707,37.766566],[28.844871,37.764057],[28.846342,37.76198],[28.849977,37.758777],[28.853006,37.756441],[28.855516,37.755056],[28.858718,37.753758],[28.861227,37.753152],[28.865122,37.7522],[28.866247,37.750729],[28.867286,37.748738],[28.867372,37.74744],[28.866507,37.744238],[28.866572,37.743924],[28.866588,37.743845],[28.867026,37.741728],[28.866939,37.738699],[28.865987,37.736709],[28.863824,37.734978],[28.86192,37.733074],[28.859583,37.730997],[28.857419,37.730045],[28.852746,37.727535],[28.847813,37.725458],[28.843659,37.723986],[28.839591,37.721563],[28.837255,37.719919],[28.836043,37.717928],[28.835697,37.717236],[28.834139,37.714207],[28.831196,37.711351],[28.827821,37.70936],[28.824965,37.708235],[28.822109,37.707283],[28.819426,37.706678],[28.815359,37.706851],[28.81207,37.706851],[28.809474,37.707889],[28.804627,37.707716],[28.797963,37.705812],[28.796406,37.704687],[28.795627,37.703043],[28.795454,37.700966],[28.795107,37.699494],[28.794934,37.694821],[28.795021,37.689628],[28.79528,37.68383],[28.794848,37.679589],[28.794848,37.677858],[28.794502,37.672233],[28.794675,37.668165],[28.79355,37.664963],[28.791473,37.659338],[28.788876,37.655443],[28.787059,37.653453],[28.784289,37.651635],[28.777972,37.649298],[28.776068,37.647481],[28.774856,37.646875],[28.770788,37.646269],[28.766375,37.645404],[28.757807,37.643154],[28.756682,37.641942],[28.755557,37.639952],[28.755297,37.637355],[28.755297,37.635278],[28.755383,37.629653],[28.75521,37.627057],[28.755124,37.624806],[28.75547,37.62195],[28.756682,37.619181],[28.75772,37.61745],[28.757634,37.615546],[28.757287,37.613209],[28.756682,37.61044],[28.756249,37.606719],[28.755989,37.604641],[28.755903,37.60066],[28.754864,37.597285],[28.754085,37.595805],[28.753133,37.593996],[28.751056,37.591833],[28.747941,37.589583],[28.744825,37.588977],[28.741796,37.588025],[28.739719,37.587852],[28.735132,37.587419],[28.732189,37.587073],[28.729593,37.585515],[28.728468,37.583092],[28.726478,37.580063],[28.725352,37.577034],[28.722756,37.574957],[28.718169,37.570456],[28.711332,37.5676],[28.705447,37.566648],[28.701639,37.566043],[28.6961,37.564831],[28.685282,37.559292],[28.680436,37.557302],[28.670916,37.551417],[28.664598,37.548561],[28.655771,37.545532],[28.651184,37.543974],[28.642875,37.542676],[28.637683,37.54207],[28.633096,37.542156],[28.62998,37.542156],[28.625047,37.543281],[28.620807,37.543974],[28.617691,37.542935],[28.614662,37.542589],[28.611719,37.541637],[28.609296,37.53982],[28.606007,37.537137],[28.60445,37.536012],[28.60194,37.53255],[28.601161,37.530646],[28.600988,37.527617],[28.600469,37.525367],[28.599949,37.523463],[28.598997,37.521039],[28.598478,37.519309],[28.598478,37.517519],[28.598478,37.517259],[28.598478,37.516712],[28.598218,37.515587],[28.598323,37.513243],[28.598315,37.513251],[28.595474,37.516031],[28.594968,37.516524],[28.594256,37.517191],[28.593905,37.517505],[28.593517,37.517835],[28.593131,37.51814],[28.592824,37.518364],[28.592496,37.518586],[28.592164,37.518794],[28.591821,37.518989],[28.591388,37.519211],[28.590943,37.519418],[28.590589,37.519569],[28.589556,37.519978],[28.588688,37.520288],[28.588107,37.520485],[28.587007,37.520838],[28.585579,37.521276],[28.584012,37.521735],[28.582999,37.522015],[28.581416,37.522438],[28.578773,37.52313],[28.574564,37.52421],[28.572984,37.524602],[28.571926,37.524854],[28.570863,37.525088],[28.570327,37.525195],[28.569368,37.525365],[28.567921,37.525609],[28.566942,37.525795],[28.566445,37.5259],[28.565962,37.526012],[28.565456,37.526129],[28.564474,37.526379],[28.563987,37.526513],[28.563478,37.526663],[28.562976,37.526822],[28.562482,37.526988],[28.562,37.527162],[28.561535,37.527347],[28.561094,37.527545],[28.560686,37.52776],[28.560325,37.527997],[28.560028,37.528264],[28.55984,37.528518],[28.559713,37.528794],[28.559647,37.529086],[28.559652,37.529461],[28.559737,37.529845],[28.559887,37.530232],[28.560076,37.530592],[28.5603,37.53095],[28.560601,37.531371],[28.561099,37.532015],[28.561681,37.53272],[28.562468,37.533657],[28.563878,37.535336],[28.564797,37.536473],[28.565088,37.536855],[28.565364,37.537238],[28.565618,37.537624],[28.565842,37.538013],[28.566022,37.538405],[28.566148,37.538827],[28.566205,37.539174],[28.56618,37.539665],[28.565919,37.543289],[28.565764,37.545591],[28.565415,37.549541],[28.565541,37.550756],[28.56606,37.551412],[28.56691,37.552099],[28.568424,37.552626],[28.56928,37.552955],[28.569609,37.554075],[28.569346,37.555589],[28.569017,37.55684],[28.568556,37.558552],[28.568358,37.559803],[28.568358,37.560856],[28.569346,37.562436],[28.570465,37.563687],[28.571585,37.565202],[28.572177,37.566584],[28.572506,37.568033],[28.572441,37.56981],[28.572441,37.571522],[28.572045,37.573892],[28.57165,37.574748],[28.569873,37.575802],[28.567239,37.575933],[28.564145,37.575933],[28.559832,37.577645],[28.558515,37.580542],[28.557725,37.582561],[28.556145,37.585722],[28.554389,37.588706],[28.552897,37.595027],[28.552458,37.599855],[28.55237,37.602928],[28.552458,37.605649],[28.553073,37.607844],[28.554565,37.609336],[28.559657,37.610828],[28.565363,37.61276],[28.568347,37.614252],[28.570103,37.619607],[28.569928,37.621099],[28.570981,37.623909],[28.571157,37.62584],[28.571157,37.627947],[28.57142,37.630229],[28.571332,37.63137],[28.567031,37.634618],[28.564134,37.63655],[28.562466,37.638832],[28.562115,37.640851],[28.563168,37.645241],[28.565187,37.648928],[28.566504,37.651034],[28.566855,37.653405],[28.567645,37.655512],[28.568347,37.657531],[28.568786,37.660164],[28.568874,37.662183],[28.567733,37.663149],[28.564748,37.663939],[28.562115,37.665431],[28.560183,37.667714],[28.559218,37.670172],[28.55834,37.675176],[28.55755,37.678248],[28.55597,37.682637],[28.555004,37.68413],[28.554038,37.686237],[28.553336,37.689573],[28.552546,37.692996],[28.551493,37.694489],[28.550088,37.695718],[28.549298,37.69721],[28.548157,37.698351],[28.546313,37.701863],[28.546401,37.704057],[28.546664,37.707042],[28.546664,37.70871],[28.546313,37.71029],[28.544645,37.712397],[28.542714,37.712836],[28.54166,37.713977],[28.54008,37.715645],[28.538237,37.71705],[28.536042,37.71942],[28.534989,37.721527],[28.534462,37.724599],[28.534023,37.727321],[28.533233,37.729076],[28.531389,37.731534],[28.529722,37.73329],[28.52779,37.734256],[28.526035,37.735836],[28.524454,37.738733],[28.522786,37.741279],[28.521118,37.742508],[28.519363,37.743649],[28.516466,37.74637],[28.51471,37.747863],[28.512867,37.749706],[28.512779,37.751813],[28.512691,37.755149],[28.511989,37.757431],[28.507687,37.759363],[28.50321,37.761557],[28.501015,37.761996],[28.49768,37.762874],[28.494344,37.764542],[28.491973,37.766912],[28.490657,37.768844],[28.488901,37.770863],[28.487935,37.773145],[28.486706,37.774286],[28.483809,37.775515],[28.482946,37.780695],[28.482361,37.783036],[28.479552,37.786196],[28.477913,37.78842],[28.475572,37.78959],[28.471827,37.791697],[28.469369,37.793921],[28.467379,37.797081],[28.467613,37.800593],[28.467496,37.804338],[28.46773,37.806796],[28.46773,37.809723],[28.467078,37.813603],[28.473159,37.815253],[28.479241,37.816593],[28.484189,37.818654],[28.488931,37.821747],[28.495219,37.825458],[28.499857,37.827416],[28.508516,37.830921],[28.51635,37.83257],[28.521298,37.832983],[28.526865,37.833807],[28.535008,37.834941],[28.53975,37.835457],[28.542945,37.836075],[28.545522,37.837621],[28.549543,37.840198],[28.554903,37.843497],[28.561088,37.846796],[28.570571,37.851331],[28.575313,37.855351],[28.593765,37.859681],[28.611598,37.863907],[28.629843,37.867206],[28.637574,37.868649],[28.642316,37.870195],[28.644171,37.869886],[28.646336,37.867927],[28.648707,37.864629],[28.651387,37.860402],[28.654376,37.857104],[28.659221,37.852671],[28.670354,37.840302],[28.673962,37.837415],[28.676436,37.834323],[28.678291,37.831746],[28.679734,37.8302],[28.682311,37.829375],[28.687465,37.828963],[28.693547,37.828756],[28.698495,37.829066],[28.702618,37.8302],[28.707051,37.8302],[28.711277,37.830096],[28.715504,37.829581],[28.718905,37.829272],[28.723132,37.829478],[28.732203,37.832673],[28.737151,37.834941],[28.738853,37.836148]]]}},{"type":"Feature","properties":{"id":"TR-D-09-009","parent_id":"TR-P-09","region_id":"TR-R-EGE","level":"district","municipality_type":null,"municipality_type_label":null,"is_metropolitan_municipality":null,"name":"Karpuzlu","name_ascii":"karpuzlu","slug":"karpuzlu-aydin"},"geometry":{"type":"Polygon","coordinates":[[[27.832944,37.681225],[27.835386,37.680299],[27.8373,37.679126],[27.839462,37.677706],[27.841314,37.675977],[27.842364,37.674556],[27.843537,37.671778],[27.845081,37.669987],[27.845884,37.667826],[27.84681,37.666158],[27.846933,37.665911],[27.849033,37.665294],[27.851317,37.664553],[27.851935,37.663256],[27.852923,37.661651],[27.854158,37.659922],[27.855455,37.658625],[27.858419,37.657328],[27.860827,37.657205],[27.862556,37.656279],[27.865767,37.656402],[27.867434,37.655599],[27.868237,37.654056],[27.868607,37.652141],[27.869163,37.650598],[27.871324,37.648128],[27.873239,37.647263],[27.875276,37.645966],[27.877005,37.644052],[27.879784,37.641397],[27.881081,37.639297],[27.882872,37.637383],[27.884724,37.635654],[27.886083,37.634172],[27.888738,37.633802],[27.891269,37.632505],[27.892443,37.630035],[27.892504,37.628553],[27.892628,37.626701],[27.892937,37.624848],[27.893184,37.624045],[27.89516,37.621328],[27.897074,37.619414],[27.89905,37.61892],[27.901829,37.618056],[27.904052,37.617191],[27.907942,37.615647],[27.909918,37.613918],[27.91282,37.612004],[27.915475,37.610646],[27.918131,37.609596],[27.91918,37.608299],[27.920168,37.606755],[27.921033,37.605459],[27.923318,37.603915],[27.926837,37.602001],[27.932024,37.599778],[27.933074,37.59879],[27.934556,37.597555],[27.934556,37.596999],[27.933877,37.596258],[27.933259,37.595702],[27.932642,37.594344],[27.932024,37.593664],[27.93153,37.592244],[27.930913,37.590206],[27.930913,37.588477],[27.930851,37.587243],[27.930357,37.586316],[27.928751,37.58434],[27.928072,37.582241],[27.928257,37.580635],[27.92906,37.579215],[27.929492,37.577177],[27.929739,37.575634],[27.929369,37.573287],[27.929245,37.570755],[27.929184,37.568471],[27.929492,37.565013],[27.929307,37.562296],[27.929184,37.558961],[27.928998,37.556553],[27.928504,37.554762],[27.927331,37.553712],[27.926096,37.553157],[27.924429,37.553157],[27.92165,37.553033],[27.919119,37.552848],[27.91634,37.551983],[27.914302,37.551551],[27.910227,37.550069],[27.908683,37.549452],[27.905534,37.548773],[27.903311,37.548155],[27.900161,37.547723],[27.898926,37.547167],[27.898432,37.54655],[27.898185,37.545129],[27.898432,37.543462],[27.898432,37.542165],[27.898865,37.541239],[27.899235,37.540251],[27.899667,37.538522],[27.899791,37.53667],[27.900161,37.535496],[27.900655,37.534261],[27.900964,37.533273],[27.900717,37.531977],[27.90047,37.530433],[27.900655,37.52963],[27.901705,37.529321],[27.902755,37.528889],[27.903496,37.528086],[27.90436,37.526728],[27.904731,37.525431],[27.904484,37.523455],[27.904546,37.521726],[27.90504,37.520306],[27.905472,37.519133],[27.904731,37.517218],[27.904175,37.515798],[27.903866,37.513699],[27.903372,37.511476],[27.90294,37.509191],[27.903064,37.5074],[27.903372,37.505301],[27.903936,37.503356],[27.905696,37.500253],[27.906483,37.498863],[27.907317,37.497474],[27.909169,37.495019],[27.909401,37.492472],[27.909166,37.490414],[27.909016,37.490439],[27.908929,37.490454],[27.908718,37.490489],[27.905169,37.491787],[27.902743,37.491704],[27.90266,37.491701],[27.898765,37.491874],[27.895217,37.491874],[27.89314,37.491787],[27.888466,37.490403],[27.88137,37.490922],[27.876604,37.490587],[27.876437,37.490576],[27.870205,37.490662],[27.867609,37.49023],[27.863282,37.489451],[27.85956,37.487893],[27.856012,37.483912],[27.852031,37.479931],[27.849088,37.476988],[27.846925,37.475603],[27.845454,37.475084],[27.841923,37.474201],[27.839569,37.473613],[27.839222,37.473586],[27.837318,37.47344],[27.835068,37.47344],[27.833597,37.474132],[27.832039,37.474738],[27.829183,37.474738],[27.8265,37.475517],[27.823644,37.476123],[27.822,37.47569],[27.819404,37.474911],[27.817586,37.474046],[27.815855,37.472661],[27.814211,37.471363],[27.812628,37.470769],[27.811442,37.470324],[27.809624,37.469755],[27.805643,37.468507],[27.803912,37.468161],[27.802095,37.467641],[27.800537,37.467814],[27.798893,37.468593],[27.797075,37.46894],[27.795431,37.468491],[27.795171,37.46842],[27.794046,37.468766],[27.791277,37.469892],[27.788507,37.47067],[27.782363,37.47318],[27.778122,37.475777],[27.77492,37.478373],[27.771545,37.480969],[27.770419,37.482094],[27.769035,37.48547],[27.768948,37.487893],[27.769381,37.491874],[27.769384,37.49204],[27.769467,37.495941],[27.769467,37.500355],[27.769814,37.503211],[27.769641,37.505981],[27.768775,37.507538],[27.766871,37.509096],[27.762977,37.512298],[27.759688,37.514549],[27.756919,37.518183],[27.754582,37.52078],[27.752678,37.523203],[27.750687,37.524415],[27.747399,37.526059],[27.744023,37.526059],[27.736234,37.526492],[27.729484,37.526578],[27.72308,37.526751],[27.716935,37.526665],[27.715977,37.529837],[27.714383,37.531192],[27.713586,37.532786],[27.711275,37.535097],[27.708724,37.537249],[27.705775,37.539161],[27.702826,37.540357],[27.700993,37.541234],[27.698204,37.543545],[27.695335,37.545777],[27.694139,37.550001],[27.693661,37.553348],[27.694378,37.554623],[27.695654,37.555898],[27.697646,37.557572],[27.698602,37.559804],[27.700914,37.563071],[27.702029,37.564825],[27.703623,37.566897],[27.705457,37.568491],[27.708007,37.570563],[27.711195,37.573671],[27.713347,37.576062],[27.718448,37.578134],[27.722751,37.57933],[27.724505,37.579728],[27.732953,37.583076],[27.737017,37.584032],[27.741082,37.586184],[27.744748,37.590169],[27.746024,37.592799],[27.74706,37.594473],[27.749849,37.597023],[27.75216,37.598617],[27.75479,37.599574],[27.758058,37.599892],[27.762282,37.599494],[27.76563,37.599255],[27.767303,37.600052],[27.769854,37.601327],[27.772165,37.603319],[27.773839,37.605392],[27.774556,37.607623],[27.773998,37.61113],[27.772643,37.61384],[27.772324,37.616789],[27.772404,37.620056],[27.773839,37.622447],[27.774396,37.62428],[27.774396,37.626432],[27.7736,37.628903],[27.773042,37.630577],[27.773042,37.632091],[27.773042,37.633446],[27.77344,37.634801],[27.77615,37.63775],[27.778142,37.640539],[27.779418,37.643488],[27.779896,37.646277],[27.780374,37.648589],[27.78141,37.650502],[27.784757,37.652813],[27.786511,37.654327],[27.788663,37.656001],[27.791293,37.657595],[27.793923,37.661022],[27.79464,37.663253],[27.795278,37.665007],[27.797111,37.666999],[27.799502,37.668434],[27.803885,37.668593],[27.806037,37.668753],[27.809624,37.669231],[27.812413,37.669868],[27.815203,37.670108],[27.818151,37.669948],[27.820622,37.670347],[27.822774,37.671223],[27.827157,37.67218],[27.830027,37.673216],[27.831939,37.674172],[27.833613,37.675447],[27.833613,37.677201],[27.833055,37.678954],[27.832816,37.680787],[27.832944,37.681225]]]}},{"type":"Feature","properties":{"id":"TR-D-09-010","parent_id":"TR-P-09","region_id":"TR-R-EGE","level":"district","municipality_type":null,"municipality_type_label":null,"is_metropolitan_municipality":null,"name":"Koçarlı","name_ascii":"kocarli","slug":"kocarli-aydin"},"geometry":{"type":"Polygon","coordinates":[[[27.658853,37.807345],[27.659036,37.807666],[27.659216,37.808076],[27.659371,37.808495],[27.659508,37.80892],[27.659633,37.80935],[27.660111,37.811085],[27.660361,37.811859],[27.660499,37.812241],[27.660647,37.812621],[27.660807,37.812995],[27.660982,37.813361],[27.661177,37.813718],[27.661395,37.814061],[27.66166,37.814404],[27.661956,37.814724],[27.662282,37.815017],[27.66264,37.815278],[27.663033,37.815496],[27.663477,37.815668],[27.663952,37.815795],[27.664448,37.815888],[27.664956,37.815951],[27.66547,37.815989],[27.665981,37.816001],[27.666484,37.815986],[27.66697,37.815937],[27.667431,37.815846],[27.667854,37.815699],[27.668226,37.81549],[27.668561,37.815227],[27.668866,37.814926],[27.669148,37.814596],[27.669413,37.814245],[27.669661,37.813879],[27.669894,37.813502],[27.670112,37.813117],[27.670312,37.812724],[27.670491,37.812325],[27.670641,37.811918],[27.670757,37.81151],[27.670848,37.811097],[27.67092,37.810679],[27.67098,37.81026],[27.671183,37.80858],[27.671245,37.808165],[27.671323,37.807757],[27.671439,37.807303],[27.671551,37.806965],[27.671721,37.806589],[27.671944,37.806225],[27.67221,37.805878],[27.672509,37.805544],[27.672832,37.80522],[27.673114,37.804963],[27.673532,37.804607],[27.673904,37.804321],[27.674289,37.804051],[27.67469,37.803805],[27.675109,37.80359],[27.675551,37.803416],[27.676026,37.803289],[27.676524,37.803205],[27.677038,37.803152],[27.677563,37.803122],[27.678096,37.803108],[27.678634,37.803107],[27.679176,37.803117],[27.680264,37.80316],[27.680809,37.803193],[27.68181,37.803279],[27.683572,37.803465],[27.685771,37.803726],[27.68741,37.803944],[27.688492,37.804118],[27.689028,37.804222],[27.689555,37.804338],[27.690078,37.804467],[27.691116,37.804746],[27.693697,37.805486],[27.694734,37.805769],[27.695256,37.8059],[27.695782,37.806021],[27.696322,37.806132],[27.696866,37.806232],[27.697961,37.806411],[27.699062,37.806574],[27.704585,37.807333],[27.705692,37.807477],[27.7068,37.80761],[27.707356,37.807669],[27.708418,37.807763],[27.710014,37.807872],[27.711079,37.807924],[27.71161,37.807943],[27.712141,37.807953],[27.712671,37.807954],[27.713199,37.80794],[27.713725,37.807909],[27.714255,37.807854],[27.714783,37.807781],[27.715309,37.807694],[27.716358,37.807494],[27.717924,37.807174],[27.718447,37.807074],[27.718972,37.806984],[27.719499,37.806908],[27.719954,37.806859],[27.720577,37.806817],[27.721127,37.806804],[27.721681,37.806807],[27.722794,37.806846],[27.723913,37.806913],[27.724947,37.806993],[27.725973,37.807089],[27.726973,37.807204],[27.727455,37.807269],[27.727917,37.807341],[27.728818,37.807498],[27.729358,37.807544],[27.729807,37.807392],[27.729912,37.807095],[27.7299,37.806823],[27.729843,37.806513],[27.729752,37.806177],[27.729634,37.805823],[27.729492,37.805457],[27.729329,37.805084],[27.729144,37.80471],[27.728935,37.804338],[27.728683,37.803944],[27.728407,37.803557],[27.728115,37.803173],[27.727208,37.80204],[27.726913,37.801665],[27.726631,37.801289],[27.726371,37.800913],[27.726144,37.800536],[27.725963,37.800156],[27.725845,37.799774],[27.725808,37.799404],[27.725833,37.799062],[27.725914,37.798714],[27.726047,37.798379],[27.726234,37.798065],[27.726479,37.797778],[27.726815,37.797508],[27.727208,37.797272],[27.727644,37.79706],[27.728109,37.796865],[27.728595,37.796684],[27.729604,37.796343],[27.730637,37.796019],[27.732673,37.795393],[27.735312,37.794583],[27.736865,37.79412],[27.737384,37.793977],[27.737904,37.793844],[27.7384,37.79373],[27.738896,37.79363],[27.739392,37.79355],[27.739812,37.793501],[27.740379,37.793464],[27.740866,37.793476],[27.74134,37.793532],[27.741808,37.793628],[27.742268,37.793753],[27.74272,37.793903],[27.743171,37.794074],[27.744052,37.794424],[27.744487,37.794574],[27.74492,37.794688],[27.745354,37.794747],[27.74576,37.794738],[27.746165,37.794674],[27.746565,37.794563],[27.746954,37.794412],[27.747329,37.794223],[27.747734,37.793965],[27.748132,37.79366],[27.748489,37.793354],[27.748849,37.793019],[27.7492,37.792672],[27.749887,37.791957],[27.750552,37.791224],[27.750874,37.790852],[27.751187,37.790476],[27.751485,37.790094],[27.751765,37.789704],[27.752008,37.789326],[27.752233,37.78894],[27.752445,37.78855],[27.752645,37.788156],[27.753017,37.787359],[27.753189,37.786959],[27.753347,37.786557],[27.75349,37.786155],[27.753611,37.785751],[27.753702,37.785345],[27.753754,37.784939],[27.753758,37.784562],[27.753727,37.784185],[27.753666,37.783807],[27.753581,37.78343],[27.753474,37.783055],[27.753345,37.782682],[27.753199,37.782319],[27.753036,37.78196],[27.75286,37.781603],[27.752688,37.781277],[27.752269,37.780552],[27.752053,37.78021],[27.751826,37.779873],[27.751586,37.779542],[27.75133,37.779219],[27.751072,37.778921],[27.750799,37.778631],[27.750514,37.778348],[27.750218,37.778072],[27.749913,37.777804],[27.748794,37.776889],[27.74844,37.776585],[27.748104,37.776266],[27.747811,37.775939],[27.747577,37.775601],[27.747423,37.775251],[27.747369,37.774902],[27.747396,37.774555],[27.747494,37.774185],[27.747655,37.773828],[27.747883,37.773468],[27.748159,37.773115],[27.74847,37.772768],[27.748804,37.772425],[27.749156,37.772085],[27.749888,37.771413],[27.750643,37.770755],[27.751026,37.770435],[27.751413,37.770125],[27.751804,37.769829],[27.752203,37.769554],[27.752611,37.769309],[27.753032,37.769105],[27.753472,37.768959],[27.753891,37.768889],[27.754322,37.768874],[27.754759,37.768908],[27.755193,37.768991],[27.755642,37.769129],[27.756081,37.76931],[27.756509,37.769526],[27.756923,37.769769],[27.757345,37.770052],[27.757754,37.770352],[27.758954,37.771273],[27.759361,37.771559],[27.759782,37.771817],[27.760224,37.772036],[27.760647,37.772189],[27.761089,37.772301],[27.761545,37.772374],[27.76201,37.772409],[27.762482,37.772403],[27.762955,37.772362],[27.763429,37.772291],[27.763899,37.772193],[27.764377,37.772064],[27.764849,37.771912],[27.765314,37.771741],[27.765772,37.771553],[27.76623,37.771344],[27.76668,37.771122],[27.767121,37.770887],[27.767551,37.770641],[27.767981,37.770375],[27.7684,37.770099],[27.768809,37.769813],[27.769207,37.769517],[27.769606,37.769203],[27.769994,37.768882],[27.770374,37.768554],[27.770664,37.76829],[27.771114,37.767882],[27.771827,37.767195],[27.772782,37.766241],[27.773041,37.765999],[27.773349,37.765739],[27.773678,37.765502],[27.774055,37.765281],[27.774459,37.765088],[27.774884,37.764918],[27.775325,37.764769],[27.775833,37.764624],[27.776352,37.7645],[27.776881,37.764395],[27.777417,37.764308],[27.77796,37.764243],[27.778491,37.764202],[27.779025,37.764179],[27.779562,37.764168],[27.780641,37.764172],[27.781723,37.764194],[27.783345,37.764246],[27.784429,37.764293],[27.785124,37.764331],[27.785515,37.764353],[27.786598,37.764424],[27.787674,37.764516],[27.788208,37.764575],[27.788738,37.764647],[27.789262,37.764736],[27.789758,37.764842],[27.790249,37.764965],[27.790736,37.765101],[27.791219,37.765248],[27.791699,37.765402],[27.792573,37.765707],[27.793664,37.766113],[27.794649,37.766494],[27.799569,37.768418],[27.801041,37.769001],[27.802,37.769395],[27.802947,37.769801],[27.803414,37.770012],[27.803873,37.77023],[27.804322,37.770458],[27.804756,37.770699],[27.805083,37.770901],[27.8056,37.77125],[27.805991,37.771548],[27.806359,37.771862],[27.806699,37.772191],[27.807004,37.77254],[27.807249,37.772879],[27.807471,37.773231],[27.807895,37.773947],[27.808122,37.774301],[27.808398,37.774675],[27.808702,37.775036],[27.809031,37.775385],[27.809384,37.775717],[27.80976,37.776032],[27.810165,37.776323],[27.810583,37.776575],[27.811023,37.776806],[27.811482,37.777019],[27.811954,37.777217],[27.812437,37.7774],[27.812929,37.777569],[27.813429,37.777721],[27.813938,37.777853],[27.814426,37.777955],[27.81492,37.778037],[27.815417,37.778101],[27.815915,37.778148],[27.816411,37.778176],[27.816919,37.778182],[27.817419,37.778164],[27.817908,37.778116],[27.818381,37.778032],[27.818832,37.777904],[27.819286,37.777708],[27.819715,37.777463],[27.820126,37.777184],[27.820524,37.77688],[27.820768,37.776679],[27.823622,37.772976],[27.829519,37.766827],[27.860235,37.734781],[27.866729,37.727988],[27.865812,37.727172],[27.864696,37.726535],[27.863182,37.725499],[27.861349,37.724383],[27.860312,37.723347],[27.860233,37.721593],[27.860233,37.718724],[27.859595,37.71713],[27.859037,37.715855],[27.856407,37.713703],[27.854335,37.71195],[27.852502,37.709638],[27.851227,37.706929],[27.850988,37.704617],[27.850191,37.701908],[27.849712,37.700314],[27.848039,37.696647],[27.847003,37.694256],[27.846126,37.692105],[27.84517,37.690511],[27.842858,37.689395],[27.839909,37.688359],[27.837758,37.687004],[27.835048,37.685968],[27.833852,37.684533],[27.833374,37.6827],[27.832944,37.681225],[27.832816,37.680787],[27.833055,37.678954],[27.833613,37.677201],[27.833613,37.675447],[27.831939,37.674172],[27.830027,37.673216],[27.827157,37.67218],[27.822774,37.671223],[27.820622,37.670347],[27.818151,37.669948],[27.815203,37.670108],[27.812413,37.669868],[27.809624,37.669231],[27.806037,37.668753],[27.803885,37.668593],[27.799502,37.668434],[27.797111,37.666999],[27.795278,37.665007],[27.79464,37.663253],[27.793923,37.661022],[27.791293,37.657595],[27.788663,37.656001],[27.786511,37.654327],[27.784757,37.652813],[27.78141,37.650502],[27.780374,37.648589],[27.779896,37.646277],[27.779418,37.643488],[27.778142,37.640539],[27.77615,37.63775],[27.77344,37.634801],[27.773042,37.633446],[27.773042,37.632091],[27.773042,37.630577],[27.7736,37.628903],[27.774396,37.626432],[27.774396,37.62428],[27.773839,37.622447],[27.772404,37.620056],[27.772324,37.616789],[27.772643,37.61384],[27.773998,37.61113],[27.774556,37.607623],[27.773839,37.605392],[27.772165,37.603319],[27.769854,37.601327],[27.767303,37.600052],[27.76563,37.599255],[27.762282,37.599494],[27.758058,37.599892],[27.75479,37.599574],[27.75216,37.598617],[27.749849,37.597023],[27.74706,37.594473],[27.746024,37.592799],[27.744748,37.590169],[27.741082,37.586184],[27.737017,37.584032],[27.732953,37.583076],[27.724505,37.579728],[27.722751,37.57933],[27.718448,37.578134],[27.713347,37.576062],[27.711195,37.573671],[27.708007,37.570563],[27.705457,37.568491],[27.703623,37.566897],[27.702029,37.564825],[27.700914,37.563071],[27.698602,37.559804],[27.697646,37.557572],[27.695654,37.555898],[27.694378,37.554623],[27.693661,37.553348],[27.694139,37.550001],[27.695335,37.545777],[27.698204,37.543545],[27.700993,37.541234],[27.702826,37.540357],[27.705775,37.539161],[27.708724,37.537249],[27.711275,37.535097],[27.713586,37.532786],[27.714383,37.531192],[27.715977,37.529837],[27.716935,37.526665],[27.712435,37.526319],[27.709212,37.525733],[27.708627,37.525626],[27.706893,37.524504],[27.704213,37.52277],[27.696078,37.523116],[27.690625,37.52329],[27.680846,37.523463],[27.675653,37.523895],[27.669162,37.524934],[27.663277,37.52554],[27.657825,37.525626],[27.657121,37.525517],[27.64943,37.524328],[27.64493,37.525626],[27.636275,37.528482],[27.632208,37.530905],[27.627881,37.533415],[27.622774,37.535752],[27.61862,37.537656],[27.618073,37.538203],[27.619537,37.539668],[27.622693,37.542566],[27.625721,37.54598],[27.627717,37.548879],[27.629199,37.551777],[27.630229,37.554225],[27.632162,37.557123],[27.634416,37.559893],[27.636735,37.562341],[27.639376,37.564981],[27.642596,37.568717],[27.645881,37.572131],[27.647878,37.573162],[27.650326,37.573548],[27.651678,37.573548],[27.653997,37.57329],[27.656509,37.572002],[27.657411,37.572067],[27.65915,37.572582],[27.661469,37.572582],[27.66295,37.572711],[27.665269,37.572582],[27.666879,37.572131],[27.667845,37.572324],[27.669134,37.572904],[27.670744,37.573677],[27.672032,37.573935],[27.672612,37.574965],[27.672805,37.575931],[27.673514,37.577155],[27.675575,37.579474],[27.677571,37.581535],[27.679761,37.583983],[27.681629,37.586044],[27.683046,37.587847],[27.684463,37.58978],[27.685558,37.592163],[27.686911,37.593451],[27.68865,37.594546],[27.68981,37.594739],[27.691549,37.594868],[27.691935,37.595448],[27.691999,37.596285],[27.692257,37.597058],[27.693352,37.59738],[27.694512,37.598024],[27.695284,37.598411],[27.696057,37.597895],[27.69683,37.596543],[27.697217,37.595512],[27.698312,37.594546],[27.699407,37.594546],[27.700437,37.595255],[27.701597,37.59577],[27.70179,37.596607],[27.700953,37.597702],[27.70018,37.599055],[27.699729,37.600601],[27.700695,37.60176],[27.701532,37.602855],[27.702305,37.604787],[27.702241,37.606591],[27.701983,37.607299],[27.701532,37.608394],[27.70121,37.609167],[27.701532,37.610069],[27.701661,37.611357],[27.700631,37.612517],[27.698569,37.613612],[27.696379,37.614385],[27.69464,37.61432],[27.692966,37.613998],[27.691162,37.61374],[27.68923,37.61329],[27.687491,37.613547],[27.686203,37.614256],[27.684528,37.615351],[27.683175,37.616446],[27.682145,37.617541],[27.681114,37.618249],[27.680083,37.618314],[27.675639,37.618378],[27.6739,37.618829],[27.673191,37.61928],[27.672805,37.620117],[27.671839,37.620954],[27.670422,37.621019],[27.669262,37.621341],[27.668039,37.621921],[27.666879,37.622565],[27.664882,37.624304],[27.663337,37.625141],[27.662242,37.625334],[27.660374,37.625656],[27.658313,37.625592],[27.656316,37.625592],[27.653675,37.625463],[27.652451,37.62585],[27.651614,37.626236],[27.65097,37.627653],[27.650261,37.627911],[27.649166,37.627846],[27.647942,37.627718],[27.646783,37.627782],[27.645752,37.627975],[27.64498,37.627524],[27.643885,37.626623],[27.642983,37.626043],[27.642081,37.625979],[27.641372,37.625979],[27.640535,37.626429],[27.640471,37.627074],[27.640342,37.628169],[27.640278,37.62965],[27.640406,37.630552],[27.640342,37.631518],[27.639891,37.63184],[27.638989,37.632291],[27.63783,37.632871],[27.637379,37.633579],[27.637379,37.634288],[27.638023,37.635125],[27.638538,37.637122],[27.637508,37.639183],[27.636284,37.640278],[27.635447,37.640471],[27.634158,37.640664],[27.633321,37.641373],[27.632999,37.642532],[27.632677,37.643949],[27.632291,37.645495],[27.633063,37.646719],[27.633901,37.648071],[27.633772,37.648973],[27.633192,37.649553],[27.63287,37.649875],[27.633257,37.65097],[27.634223,37.651356],[27.634545,37.652001],[27.634481,37.652645],[27.633965,37.653289],[27.633643,37.65374],[27.633579,37.654641],[27.63345,37.655672],[27.632999,37.656767],[27.633063,37.657798],[27.63287,37.658957],[27.632226,37.659343],[27.63126,37.659665],[27.629867,37.659988],[27.628998,37.660471],[27.628659,37.660954],[27.628563,37.662016],[27.627983,37.662934],[27.627452,37.663611],[27.627065,37.664528],[27.627476,37.665374],[27.62779,37.666799],[27.627886,37.668007],[27.628273,37.668683],[27.628998,37.669601],[27.628514,37.670422],[27.628225,37.671147],[27.628273,37.671871],[27.628514,37.672548],[27.629094,37.673466],[27.629481,37.674287],[27.628901,37.674915],[27.627742,37.675253],[27.626727,37.675398],[27.625906,37.676074],[27.625181,37.676895],[27.62407,37.677475],[27.622573,37.678248],[27.622089,37.678634],[27.6218,37.679166],[27.621027,37.679842],[27.62093,37.680615],[27.621461,37.681581],[27.621896,37.682547],[27.621896,37.683562],[27.621606,37.684142],[27.620785,37.684625],[27.620689,37.685108],[27.620737,37.685736],[27.621027,37.686509],[27.621075,37.687378],[27.620495,37.688103],[27.619819,37.688248],[27.618708,37.688296],[27.617983,37.688683],[27.617693,37.689166],[27.617597,37.689794],[27.617935,37.690808],[27.617838,37.691388],[27.617355,37.692112],[27.616727,37.692499],[27.615906,37.692789],[27.615616,37.693127],[27.615858,37.693996],[27.615906,37.694818],[27.615036,37.696122],[27.614167,37.697233],[27.610979,37.699649],[27.610496,37.700421],[27.609384,37.702064],[27.608853,37.70332],[27.607549,37.704576],[27.605858,37.705542],[27.604409,37.706895],[27.603008,37.707958],[27.600641,37.709069],[27.599385,37.709697],[27.597742,37.710228],[27.596776,37.710518],[27.595133,37.710663],[27.594119,37.710808],[27.593008,37.711243],[27.592138,37.712064],[27.591365,37.712595],[27.590931,37.713996],[27.590882,37.715252],[27.590544,37.718006],[27.590544,37.719358],[27.589916,37.721001],[27.58866,37.722015],[27.587404,37.722933],[27.585375,37.724141],[27.583201,37.724479],[27.581511,37.724431],[27.579771,37.724189],[27.577694,37.723803],[27.575714,37.723803],[27.572767,37.72501],[27.570738,37.726605],[27.568322,37.728005],[27.566342,37.728585],[27.563057,37.728633],[27.560628,37.729063],[27.558223,37.730437],[27.557622,37.73121],[27.554015,37.73705],[27.551009,37.743663],[27.546973,37.75122],[27.543624,37.756974],[27.541952,37.762404],[27.53997,37.76357],[27.539092,37.772628],[27.539609,37.772679],[27.540251,37.772755],[27.540792,37.772836],[27.541317,37.772932],[27.541839,37.773043],[27.542875,37.773292],[27.544422,37.773703],[27.547002,37.774414],[27.548523,37.774844],[27.549526,37.775143],[27.550019,37.775302],[27.550534,37.775481],[27.550974,37.77565],[27.551426,37.775849],[27.551851,37.776072],[27.552275,37.776351],[27.552638,37.776642],[27.552972,37.776968],[27.553259,37.777317],[27.553491,37.777689],[27.553645,37.778051],[27.553752,37.778428],[27.553821,37.778816],[27.553859,37.779213],[27.55387,37.779615],[27.553855,37.780041],[27.553819,37.78047],[27.553767,37.780899],[27.553704,37.781329],[27.553549,37.782188],[27.553356,37.78304],[27.55324,37.783462],[27.553107,37.78388],[27.552949,37.784302],[27.552773,37.78472],[27.552584,37.785135],[27.552182,37.785959],[27.551762,37.786777],[27.551206,37.787842],[27.549842,37.790451],[27.549428,37.791272],[27.549032,37.792099],[27.548499,37.793317],[27.547991,37.794558],[27.547826,37.794961],[27.547497,37.795788],[27.547179,37.796619],[27.546886,37.797453],[27.546758,37.79787],[27.546649,37.798288],[27.546568,37.798704],[27.546523,37.799088],[27.546507,37.799468],[27.546518,37.799839],[27.546558,37.800197],[27.546632,37.800536],[27.546736,37.800853],[27.546904,37.801125],[27.547127,37.801354],[27.547461,37.801543],[27.547869,37.801673],[27.548329,37.801761],[27.548888,37.801823],[27.549352,37.801855],[27.549894,37.801875],[27.551009,37.801888],[27.551522,37.801883],[27.552143,37.801877],[27.552711,37.801864],[27.553844,37.801816],[27.554407,37.801777],[27.554967,37.801722],[27.555492,37.801652],[27.556015,37.801568],[27.556535,37.801474],[27.557053,37.801372],[27.558084,37.801153],[27.56065,37.80057],[27.565466,37.799433],[27.566553,37.799193],[27.567098,37.799083],[27.567645,37.798985],[27.568193,37.798901],[27.568744,37.79884],[27.569277,37.798806],[27.569812,37.798793],[27.570347,37.798798],[27.570767,37.798814],[27.571411,37.798853],[27.571936,37.798903],[27.572453,37.79897],[27.572958,37.79906],[27.573447,37.799178],[27.573915,37.799333],[27.574279,37.799499],[27.574805,37.799785],[27.575223,37.800057],[27.575632,37.800347],[27.576845,37.801253],[27.577261,37.801547],[27.57769,37.801828],[27.57813,37.802088],[27.578586,37.802331],[27.579053,37.802561],[27.579529,37.802778],[27.580013,37.802984],[27.580504,37.803177],[27.580912,37.803323],[27.581507,37.803514],[27.582023,37.803649],[27.582487,37.803744],[27.582959,37.803821],[27.583436,37.803883],[27.583916,37.803935],[27.584885,37.804017],[27.586322,37.804109],[27.589798,37.804303],[27.592423,37.804449],[27.593888,37.804537],[27.594229,37.80456],[27.595353,37.804636],[27.59807,37.804854],[27.602963,37.80528],[27.604591,37.805422],[27.606222,37.805573],[27.60731,37.805682],[27.608397,37.805806],[27.608939,37.805876],[27.609467,37.805951],[27.610521,37.806118],[27.613148,37.806558],[27.614187,37.806707],[27.614699,37.806763],[27.615202,37.806799],[27.615694,37.806807],[27.616281,37.806756],[27.616622,37.806694],[27.617062,37.806541],[27.617472,37.80633],[27.617853,37.806073],[27.618205,37.805779],[27.618475,37.805508],[27.618723,37.805218],[27.618947,37.804913],[27.619147,37.804596],[27.619318,37.804266],[27.619465,37.803902],[27.61958,37.803527],[27.619664,37.803146],[27.619721,37.80276],[27.619748,37.80237],[27.619745,37.801976],[27.619717,37.801581],[27.619669,37.801185],[27.619605,37.800789],[27.619527,37.800394],[27.619232,37.79912],[27.619144,37.798695],[27.619075,37.798269],[27.619031,37.797849],[27.619008,37.797428],[27.619002,37.797006],[27.619008,37.796583],[27.619048,37.795736],[27.61912,37.794893],[27.619171,37.794474],[27.619234,37.79406],[27.619315,37.793651],[27.619419,37.793251],[27.619555,37.792863],[27.619734,37.792491],[27.619954,37.792155],[27.620215,37.791837],[27.620508,37.791536],[27.620829,37.791251],[27.621245,37.790937],[27.621539,37.790741],[27.621927,37.790524],[27.62234,37.790341],[27.622795,37.790193],[27.623274,37.79008],[27.623768,37.789994],[27.624275,37.789927],[27.62479,37.789874],[27.625311,37.789832],[27.626362,37.789773],[27.627438,37.789743],[27.627948,37.789741],[27.62897,37.789764],[27.629481,37.789787],[27.63059,37.78986],[27.63151,37.789942],[27.632012,37.790002],[27.63251,37.790074],[27.63302,37.790163],[27.633588,37.790282],[27.634026,37.790382],[27.634524,37.790506],[27.635017,37.790639],[27.635506,37.790782],[27.635988,37.790935],[27.636463,37.7911],[27.636927,37.791282],[27.637391,37.791489],[27.637844,37.791712],[27.638288,37.791949],[27.638724,37.792197],[27.639152,37.792455],[27.639587,37.79273],[27.640471,37.793319],[27.641703,37.794171],[27.647138,37.797981],[27.650075,37.800021],[27.654287,37.802926],[27.655533,37.80381],[27.655938,37.804112],[27.65641,37.804482],[27.656717,37.804736],[27.657081,37.805064],[27.657421,37.805405],[27.657739,37.805759],[27.658039,37.806122],[27.658321,37.806495],[27.658584,37.806876],[27.658853,37.807345]]]}},{"type":"Feature","properties":{"id":"TR-D-09-011","parent_id":"TR-P-09","region_id":"TR-R-EGE","level":"district","municipality_type":null,"municipality_type_label":null,"is_metropolitan_municipality":null,"name":"Köşk","name_ascii":"kosk","slug":"kosk-aydin"},"geometry":{"type":"Polygon","coordinates":[[[28.101378,37.850763],[28.100818,37.850853],[28.100283,37.850906],[28.099745,37.850932],[28.099205,37.850936],[28.098665,37.850921],[28.098128,37.850889],[28.097595,37.850837],[28.09707,37.850765],[28.096556,37.850666],[28.096057,37.850533],[28.095513,37.850331],[28.095087,37.850141],[28.094623,37.849903],[28.094168,37.849648],[28.093719,37.84938],[28.093299,37.849116],[28.092834,37.848822],[28.091531,37.84795],[28.090683,37.84735],[28.09027,37.847041],[28.089507,37.846432],[28.088764,37.845807],[28.086217,37.84358],[28.085116,37.842638],[28.084362,37.842033],[28.083973,37.841743],[28.083572,37.841466],[28.083154,37.841207],[28.082701,37.84096],[28.08223,37.840732],[28.081747,37.840517],[28.081254,37.840312],[28.080756,37.840114],[28.079745,37.839732],[28.076684,37.838618],[28.075669,37.838241],[28.074667,37.837849],[28.074203,37.837656],[28.073694,37.837428],[28.073226,37.837199],[28.072776,37.836949],[28.072347,37.836674],[28.071937,37.83638],[28.071541,37.836071],[28.071087,37.83569],[28.070408,37.835089],[28.069683,37.834407],[28.068974,37.833706],[28.064815,37.829438],[28.062226,37.826792],[28.061689,37.826244],[28.061003,37.82553],[28.060332,37.824809],[28.060008,37.824444],[28.059694,37.824074],[28.059396,37.823697],[28.059119,37.823311],[28.058884,37.822942],[28.058638,37.822513],[28.058422,37.822104],[28.057599,37.82045],[28.057383,37.820043],[28.057151,37.819645],[28.056898,37.819258],[28.056614,37.818887],[28.05631,37.818557],[28.055976,37.818244],[28.055621,37.817943],[28.055248,37.817654],[28.054861,37.817374],[28.054463,37.817106],[28.054053,37.816848],[28.053631,37.816606],[28.053196,37.816381],[28.052744,37.816181],[28.052268,37.816007],[28.051808,37.815868],[28.051271,37.815728],[28.050759,37.815614],[28.05024,37.815515],[28.049716,37.815428],[28.049189,37.815356],[28.048657,37.815301],[28.04815,37.815265],[28.04764,37.815244],[28.047129,37.815234],[28.046616,37.815233],[28.045637,37.815257],[28.045078,37.815283],[28.043988,37.815366],[28.043443,37.815419],[28.042355,37.815541],[28.041268,37.815684],[28.040805,37.815757],[28.040186,37.815853],[28.039135,37.816048],[28.038068,37.81626],[28.037588,37.816356],[28.037086,37.81645],[28.036596,37.816531],[28.036124,37.816595],[28.035676,37.816633],[28.035261,37.816635],[28.034893,37.816587],[28.034585,37.816471],[28.034363,37.816286],[28.034196,37.816039],[28.034069,37.815746],[28.03397,37.815419],[28.033889,37.815066],[28.033813,37.814658],[28.033415,37.812033],[28.033333,37.811593],[28.033238,37.811158],[28.033125,37.81073],[28.032984,37.810313],[28.032808,37.809911],[28.03261,37.809566],[28.032379,37.809237],[28.032117,37.808926],[28.031826,37.808636],[28.031506,37.80837],[28.031153,37.808133],[28.030809,37.807956],[28.030258,37.807723],[28.029769,37.80756],[28.029263,37.807415],[28.028745,37.807282],[28.028219,37.807158],[28.027153,37.806925],[28.024952,37.806472],[28.023389,37.806166],[28.022313,37.805975],[28.021774,37.805893],[28.021277,37.80583],[28.020692,37.805774],[28.020153,37.805746],[28.019612,37.805736],[28.01907,37.80574],[28.018527,37.805753],[28.017439,37.805797],[28.016349,37.805853],[28.011436,37.806129],[28.009798,37.80623],[28.00871,37.806317],[28.008169,37.806372],[28.007691,37.806431],[28.007217,37.806499],[28.006746,37.806577],[28.00628,37.806667],[28.005821,37.80677],[28.005371,37.806889],[28.004862,37.807053],[28.004369,37.80724],[28.003893,37.807449],[28.003437,37.807679],[28.003005,37.807934],[28.002606,37.808217],[28.002301,37.808479],[28.002019,37.80876],[28.001755,37.809054],[28.001505,37.809359],[28.000538,37.810638],[28.000278,37.810946],[27.999996,37.811237],[27.999657,37.81153],[27.999288,37.811797],[27.998892,37.812041],[27.998471,37.812261],[27.997995,37.812469],[27.997499,37.812654],[27.996989,37.812822],[27.996468,37.812978],[27.995941,37.813127],[27.994874,37.813409],[27.994498,37.813504],[27.989495,37.814768],[27.987803,37.815205],[27.986322,37.815588],[27.986994,37.820672],[27.987189,37.822149],[27.987551,37.825382],[27.987925,37.825586],[27.989575,37.826411],[27.990872,37.828533],[27.992168,37.830655],[27.993818,37.832659],[27.994526,37.834309],[27.995351,37.836313],[27.997119,37.83867],[27.997708,37.839731],[27.997708,37.842914],[27.998298,37.845036],[27.999241,37.846332],[28.000537,37.847393],[28.000932,37.848984],[28.001529,37.851023],[28.002176,37.853012],[28.003469,37.85535],[28.006353,37.857786],[28.008143,37.858681],[28.010878,37.859427],[28.013116,37.860621],[28.014508,37.862063],[28.015254,37.862809],[28.016647,37.864301],[28.018835,37.865793],[28.020376,37.867086],[28.022913,37.86808],[28.025051,37.869125],[28.026493,37.871114],[28.026642,37.873252],[28.026593,37.875341],[28.025648,37.877777],[28.024255,37.879418],[28.022962,37.880065],[28.021719,37.880861],[28.020675,37.881656],[28.019879,37.882402],[28.019083,37.883745],[28.018636,37.885684],[28.018089,37.887972],[28.017989,37.890508],[28.017293,37.893492],[28.017243,37.895928],[28.017592,37.897719],[28.018039,37.900006],[28.018338,37.902145],[28.018934,37.903537],[28.019432,37.905228],[28.017989,37.907217],[28.015006,37.910151],[28.012917,37.911692],[28.011177,37.911941],[28.009237,37.912886],[28.007994,37.91393],[28.007347,37.915671],[28.007347,37.917461],[28.007546,37.918704],[28.00764,37.921116],[28.007863,37.922048],[28.008833,37.92369],[28.0104,37.924846],[28.012339,37.925256],[28.013831,37.926412],[28.014763,37.927792],[28.014614,37.928501],[28.014614,37.928986],[28.01495,37.929582],[28.014987,37.930403],[28.015174,37.931112],[28.01536,37.931559],[28.015696,37.932119],[28.016292,37.932678],[28.016255,37.933275],[28.015733,37.933834],[28.015099,37.934133],[28.01439,37.934543],[28.014017,37.934879],[28.014092,37.935214],[28.014353,37.935811],[28.014689,37.936408],[28.015248,37.937191],[28.016367,37.938273],[28.016367,37.938795],[28.016218,37.939242],[28.015957,37.93969],[28.015546,37.940137],[28.015248,37.940697],[28.015248,37.941294],[28.015435,37.942226],[28.01577,37.943084],[28.016255,37.944091],[28.016404,37.944911],[28.016852,37.945247],[28.017337,37.945918],[28.017299,37.946552],[28.016777,37.947373],[28.016591,37.947895],[28.016628,37.948492],[28.016367,37.948977],[28.015808,37.949499],[28.016031,37.950058],[28.016255,37.950469],[28.016255,37.950804],[28.015808,37.951364],[28.015248,37.951774],[28.014539,37.952147],[28.013644,37.952594],[28.013197,37.953154],[28.012563,37.953527],[28.011891,37.953601],[28.011556,37.954049],[28.011668,37.954646],[28.011966,37.955653],[28.011854,37.956324],[28.01163,37.956697],[28.011145,37.956884],[28.010623,37.956921],[28.009579,37.956995],[28.008423,37.957107],[28.007677,37.957219],[28.00708,37.957853],[28.006595,37.958487],[28.005439,37.959084],[28.005103,37.959532],[28.005103,37.960016],[28.005103,37.960725],[28.005141,37.961919],[28.005253,37.962553],[28.005551,37.963261],[28.006073,37.964194],[28.006633,37.96494],[28.006894,37.965425],[28.00749,37.965984],[28.007938,37.966618],[28.008609,37.967886],[28.009094,37.968893],[28.009542,37.969527],[28.009989,37.969863],[28.010176,37.970422],[28.01025,37.971392],[28.010138,37.971914],[28.009952,37.972697],[28.009803,37.973443],[28.009542,37.974637],[28.009504,37.975047],[28.009542,37.975718],[28.009131,37.976502],[28.008796,37.976949],[28.008535,37.977546],[28.008179,37.978478],[28.008677,37.97886],[28.01084,37.980245],[28.013177,37.981457],[28.015341,37.982236],[28.017591,37.985005],[28.019235,37.989159],[28.021831,37.992102],[28.024947,37.994784],[28.027284,37.996775],[28.033169,38.001621],[28.033948,38.004477],[28.034294,38.010276],[28.034294,38.011574],[28.03438,38.014517],[28.035592,38.018325],[28.036977,38.021873],[28.038275,38.024296],[28.040006,38.026546],[28.042083,38.02897],[28.046237,38.030787],[28.050305,38.031133],[28.052814,38.030787],[28.056622,38.030181],[28.063546,38.028104],[28.065969,38.026287],[28.068133,38.025767],[28.070816,38.026633],[28.073585,38.026719],[28.07722,38.024383],[28.081461,38.023777],[28.084317,38.023863],[28.089163,38.02421],[28.091673,38.026979],[28.095654,38.030181],[28.101453,38.031566],[28.103876,38.030354],[28.107251,38.028623],[28.11054,38.027325],[28.114521,38.026114],[28.119281,38.026373],[28.123089,38.025681],[28.122194,38.01784],[28.121777,38.012837],[28.121277,38.008085],[28.121611,38.004666],[28.123028,38.002332],[28.125112,38.000247],[28.127614,37.99833],[28.130449,37.995078],[28.131949,37.990492],[28.131783,37.987574],[28.131032,37.983072],[28.131282,37.978819],[28.130699,37.977402],[28.129698,37.975901],[28.127864,37.973567],[28.12753,37.970732],[28.128031,37.968314],[28.129365,37.96648],[28.130449,37.964812],[28.131616,37.962644],[28.132199,37.957391],[28.131949,37.955474],[28.130949,37.953389],[28.129948,37.952139],[28.127864,37.951472],[28.123028,37.951222],[28.120277,37.950221],[28.117108,37.949054],[28.114273,37.947219],[28.112856,37.945302],[28.111105,37.942967],[28.108937,37.939132],[28.10702,37.937464],[28.1011,37.935296],[28.097181,37.933962],[28.093262,37.930711],[28.090177,37.927792],[28.089093,37.925875],[28.088093,37.92254],[28.086259,37.920122],[28.084508,37.917871],[28.083841,37.916203],[28.083174,37.914035],[28.083007,37.912118],[28.082673,37.909533],[28.08284,37.907699],[28.083841,37.901279],[28.084841,37.897026],[28.085675,37.893108],[28.08801,37.889606],[28.090594,37.88452],[28.093596,37.879017],[28.096848,37.873597],[28.099516,37.869428],[28.103017,37.863842],[28.104101,37.860424],[28.106019,37.855171],[28.104231,37.853462],[28.101378,37.850763]]]}},{"type":"Feature","properties":{"id":"TR-D-09-012","parent_id":"TR-P-09","region_id":"TR-R-EGE","level":"district","municipality_type":null,"municipality_type_label":null,"is_metropolitan_municipality":null,"name":"Kuşadası","name_ascii":"kusadasi","slug":"kusadasi-aydin"},"geometry":{"type":"Polygon","coordinates":[[[27.025774,37.651758],[27.025002,37.65135],[27.021257,37.651474],[27.01838,37.653536],[27.01869,37.656862],[27.015421,37.659314],[27.010644,37.658559],[27.009051,37.659251],[27.008397,37.659541],[27.00835,37.659709],[27.008375,37.65994],[27.008603,37.661912],[27.010883,37.664036],[27.011693,37.665496],[27.012502,37.666922],[27.010461,37.667112],[27.006885,37.66765],[27.006835,37.667659],[27.006799,37.667665],[27.006314,37.667596],[27.005965,37.667556],[27.00582,37.667569],[27.005759,37.667591],[27.00572,37.667657],[27.005729,37.667796],[27.005759,37.667853],[27.005761,37.667896],[27.005764,37.667941],[27.005733,37.667967],[27.005873,37.668168],[27.005847,37.668251],[27.005829,37.668321],[27.005777,37.66836],[27.005702,37.66836],[27.00565,37.668434],[27.005641,37.668517],[27.00575,37.668517],[27.005947,37.668539],[27.006144,37.6686],[27.006231,37.668666],[27.006196,37.668714],[27.006227,37.668745],[27.006397,37.668745],[27.006401,37.668661],[27.00641,37.668614],[27.006471,37.668592],[27.006655,37.668614],[27.006869,37.668653],[27.006834,37.668701],[27.00676,37.668696],[27.006659,37.668731],[27.006541,37.668793],[27.006546,37.668871],[27.007312,37.669312],[27.00801,37.669958],[27.010888,37.672619],[27.011478,37.672947],[27.013457,37.674154],[27.013832,37.674378],[27.013547,37.677889],[27.015845,37.680746],[27.01614,37.683603],[27.016592,37.684967],[27.017097,37.68649],[27.017202,37.686665],[27.017346,37.686784],[27.020184,37.688286],[27.021227,37.688368],[27.022561,37.688415],[27.024483,37.688495],[27.026128,37.688459],[27.026675,37.688447],[27.028399,37.688385],[27.031519,37.689743],[27.032583,37.690206],[27.036618,37.69043],[27.039351,37.688598],[27.043238,37.686988],[27.04684,37.686295],[27.049716,37.684005],[27.053318,37.684111],[27.056588,37.684802],[27.058324,37.685168],[27.060825,37.68563],[27.063883,37.686012],[27.068888,37.686825],[27.073211,37.686818],[27.074081,37.686657],[27.075079,37.68641],[27.07613,37.686171],[27.07656,37.686108],[27.077484,37.685901],[27.078631,37.685725],[27.079726,37.685566],[27.079998,37.685562],[27.080701,37.685432],[27.084304,37.685537],[27.088195,37.685185],[27.091794,37.684377],[27.09529,37.683941],[27.096646,37.683818],[27.097582,37.683723],[27.099716,37.68356],[27.103464,37.683666],[27.107055,37.68412],[27.10869,37.684516],[27.110547,37.684977],[27.11385,37.686406],[27.114484,37.686691],[27.115437,37.687009],[27.116802,37.687421],[27.119247,37.688263],[27.122235,37.689302],[27.12428,37.690041],[27.124915,37.690216],[27.128899,37.691597],[27.130376,37.691787],[27.132281,37.69201],[27.134757,37.692279],[27.13679,37.692549],[27.13879,37.693025],[27.140203,37.693359],[27.141965,37.69401],[27.143186,37.694466],[27.144489,37.694962],[27.146505,37.695581],[27.147871,37.696058],[27.149442,37.696645],[27.152014,37.697629],[27.154586,37.698645],[27.157682,37.699836],[27.158888,37.700296],[27.15938,37.700439],[27.159476,37.700471],[27.161508,37.70055],[27.162984,37.700661],[27.165731,37.70082],[27.166922,37.70089],[27.169795,37.701788],[27.171239,37.702249],[27.174431,37.702852],[27.17597,37.703058],[27.177018,37.703138],[27.178431,37.703265],[27.181654,37.703217],[27.182659,37.70324],[27.184813,37.703582],[27.186336,37.70387],[27.186623,37.703963],[27.186875,37.704097],[27.188512,37.70509],[27.189588,37.705733],[27.192912,37.707437],[27.193535,37.707636],[27.196323,37.708709],[27.19791,37.709186],[27.200943,37.710091],[27.202452,37.710524],[27.202736,37.710599],[27.203594,37.710837],[27.205236,37.711072],[27.2081,37.711531],[27.208987,37.711863],[27.210073,37.712273],[27.21188,37.712876],[27.214376,37.713823],[27.216442,37.715286],[27.217009,37.715692],[27.218734,37.717607],[27.221262,37.719503],[27.2222,37.720218],[27.225523,37.721595],[27.229051,37.721816],[27.230602,37.722908],[27.233197,37.724649],[27.23568,37.727438],[27.236932,37.728806],[27.238733,37.730778],[27.240163,37.732415],[27.241331,37.733684],[27.244021,37.736628],[27.244733,37.737466],[27.245556,37.738305],[27.246024,37.738845],[27.246811,37.739705],[27.248135,37.741153],[27.249052,37.742233],[27.251126,37.746169],[27.252012,37.747245],[27.252581,37.748242],[27.253072,37.749176],[27.253641,37.75115],[27.255208,37.75435],[27.255588,37.755015],[27.255904,37.755695],[27.256718,37.757513],[27.257559,37.759553],[27.258522,37.761403],[27.259473,37.764063],[27.259951,37.765596],[27.260964,37.768727],[27.262274,37.772813],[27.262981,37.775177],[27.263379,37.776449],[27.263996,37.778363],[27.264042,37.778773],[27.264194,37.778984],[27.264254,37.779863],[27.264525,37.780777],[27.264636,37.781137],[27.265242,37.783097],[27.265499,37.784205],[27.265957,37.786301],[27.266868,37.790092],[27.267711,37.794562],[27.267932,37.795898],[27.268274,37.798108],[27.268585,37.800256],[27.268803,37.801937],[27.268847,37.802286],[27.268945,37.803061],[27.269105,37.80396],[27.269219,37.805439],[27.269321,37.806406],[27.269423,37.807385],[27.269503,37.808352],[27.269537,37.809957],[27.26956,37.810696],[27.269514,37.810958],[27.269472,37.811207],[27.269446,37.811356],[27.269378,37.811732],[27.269284,37.81212],[27.26912,37.812258],[27.269054,37.812448],[27.268878,37.812977],[27.268798,37.813193],[27.268671,37.813492],[27.268547,37.813746],[27.268254,37.814199],[27.268196,37.814855],[27.267869,37.815726],[27.267573,37.816155],[27.267371,37.816376],[27.267156,37.816534],[27.267068,37.81659],[27.266998,37.816571],[27.266879,37.816672],[27.266677,37.816843],[27.266494,37.816969],[27.266311,37.817108],[27.266242,37.817171],[27.26616,37.817139],[27.266046,37.817246],[27.265914,37.817379],[27.265693,37.817606],[27.265459,37.817833],[27.265163,37.817631],[27.264866,37.817442],[27.264854,37.817347],[27.264772,37.817347],[27.264873,37.817126],[27.265005,37.817164],[27.265024,37.817089],[27.264803,37.817013],[27.264633,37.817373],[27.264854,37.817543],[27.26539,37.817921],[27.265138,37.818136],[27.265056,37.818211],[27.265075,37.818331],[27.264866,37.818495],[27.264627,37.818375],[27.263914,37.817972],[27.264002,37.81748],[27.263889,37.817467],[27.263819,37.81806],[27.264766,37.818558],[27.264677,37.818949],[27.264633,37.819158],[27.264457,37.819511],[27.264368,37.819675],[27.264349,37.819732],[27.264135,37.819927],[27.26392,37.820116],[27.263756,37.820287],[27.263573,37.820615],[27.263428,37.820848],[27.263353,37.821056],[27.263145,37.821359],[27.262999,37.821573],[27.262331,37.822015],[27.261896,37.822248],[27.261624,37.82262],[27.261151,37.823005],[27.260691,37.823327],[27.260476,37.823478],[27.259883,37.823718],[27.259284,37.824021],[27.258565,37.824394],[27.258262,37.824582],[27.258014,37.824738],[27.257177,37.825017],[27.256532,37.825074],[27.256094,37.825106],[27.255745,37.825083],[27.255424,37.825156],[27.255246,37.825201],[27.254736,37.825155],[27.254396,37.825176],[27.254098,37.825121],[27.253574,37.825126],[27.25314,37.825082],[27.252946,37.825147],[27.252707,37.825169],[27.252281,37.825054],[27.251754,37.824736],[27.251293,37.824534],[27.251148,37.824346],[27.250975,37.824209],[27.25078,37.824216],[27.250405,37.82431],[27.249972,37.82457],[27.24982,37.824527],[27.248824,37.824895],[27.248398,37.825068],[27.248145,37.825285],[27.247402,37.825631],[27.247152,37.825729],[27.247127,37.825739],[27.246817,37.825826],[27.246669,37.825826],[27.246572,37.825826],[27.246464,37.825869],[27.246341,37.82592],[27.246153,37.825948],[27.246001,37.82597],[27.245633,37.826021],[27.245393,37.826047],[27.245027,37.825934],[27.244803,37.825679],[27.244608,37.825487],[27.244464,37.8254],[27.244456,37.825284],[27.244363,37.825241],[27.24429,37.825371],[27.244067,37.825306],[27.24393,37.82527],[27.243807,37.825118],[27.243756,37.824851],[27.243641,37.824794],[27.243193,37.825039],[27.243367,37.825248],[27.243374,37.8254],[27.243121,37.825609],[27.242933,37.825739],[27.242897,37.825876],[27.242515,37.82597],[27.2425,37.826151],[27.24263,37.826273],[27.242587,37.826396],[27.242594,37.826613],[27.242493,37.826865],[27.242515,37.827147],[27.242601,37.827349],[27.242479,37.827717],[27.242464,37.828193],[27.242729,37.828359],[27.242811,37.82841],[27.242869,37.82872],[27.242955,37.828843],[27.242883,37.829016],[27.242346,37.828851],[27.242282,37.828832],[27.242174,37.829085],[27.242135,37.829177],[27.242351,37.829227],[27.242395,37.829045],[27.243037,37.829208],[27.243052,37.829292],[27.243013,37.829622],[27.242768,37.830383],[27.242729,37.830452],[27.242514,37.830629],[27.242092,37.830729],[27.241654,37.830867],[27.24127,37.830974],[27.240917,37.831051],[27.240698,37.831166],[27.240609,37.831212],[27.239864,37.831643],[27.239603,37.831773],[27.239434,37.831842],[27.239173,37.832073],[27.239196,37.832334],[27.239042,37.832472],[27.239304,37.832895],[27.239497,37.833145],[27.239588,37.833263],[27.239549,37.833509],[27.239503,37.83387],[27.239496,37.834124],[27.239242,37.834385],[27.238925,37.834314],[27.238858,37.834421],[27.238789,37.834531],[27.238722,37.834706],[27.238704,37.834753],[27.238694,37.834766],[27.238482,37.835022],[27.238236,37.835352],[27.238005,37.835529],[27.237905,37.835613],[27.237921,37.835759],[27.238059,37.835898],[27.238142,37.835923],[27.238482,37.836028],[27.238658,37.836351],[27.238704,37.836466],[27.238712,37.836658],[27.238551,37.836735],[27.238366,37.836927],[27.238305,37.837004],[27.238243,37.837011],[27.238113,37.836981],[27.238042,37.83705],[27.238193,37.837191],[27.238163,37.837257],[27.238037,37.837247],[27.237957,37.837267],[27.237881,37.837413],[27.237942,37.837519],[27.237957,37.837634],[27.237796,37.837791],[27.237544,37.838193],[27.237584,37.838364],[27.237529,37.838616],[27.237031,37.838938],[27.236897,37.838996],[27.236784,37.839044],[27.236562,37.839044],[27.236547,37.838994],[27.236341,37.838943],[27.2362,37.838963],[27.236139,37.839064],[27.236215,37.839215],[27.236321,37.839245],[27.236401,37.839255],[27.236492,37.839316],[27.236507,37.839537],[27.236396,37.839693],[27.236175,37.839809],[27.23617,37.840161],[27.23626,37.840282],[27.236457,37.840333],[27.236467,37.840393],[27.236452,37.840488],[27.236441,37.840725],[27.236487,37.840937],[27.236507,37.841037],[27.236673,37.84146],[27.236754,37.841606],[27.236713,37.842115],[27.237403,37.842155],[27.237408,37.842054],[27.23695,37.842034],[27.236839,37.841974],[27.237036,37.841017],[27.237051,37.841015],[27.237287,37.840987],[27.237484,37.841017],[27.237604,37.841214],[27.23772,37.841229],[27.237811,37.841118],[27.238118,37.841173],[27.238853,37.841641],[27.238903,37.841818],[27.238858,37.841941],[27.238802,37.842094],[27.238878,37.842286],[27.239084,37.842386],[27.239568,37.842407],[27.239824,37.842427],[27.24011,37.842335],[27.240172,37.842315],[27.240487,37.842099],[27.24086,37.842059],[27.241253,37.842256],[27.242197,37.843377],[27.242312,37.843669],[27.243219,37.845972],[27.243475,37.847034],[27.243043,37.848115],[27.242984,37.84843],[27.24318,37.848705],[27.24318,37.849472],[27.243161,37.849747],[27.243259,37.850003],[27.242787,37.85075],[27.242649,37.851202],[27.242748,37.851576],[27.243003,37.851811],[27.2432,37.852224],[27.243475,37.852382],[27.243534,37.852716],[27.243711,37.852952],[27.243849,37.853286],[27.243593,37.854466],[27.243298,37.855115],[27.242964,37.85596],[27.242905,37.856766],[27.242864,37.857981],[27.242709,37.858318],[27.242197,37.858575],[27.241509,37.859086],[27.241293,37.859755],[27.241391,37.860069],[27.241588,37.860109],[27.241981,37.860148],[27.242335,37.859932],[27.242512,37.859637],[27.242997,37.858712],[27.24332,37.858581],[27.243608,37.858534],[27.243958,37.858487],[27.244202,37.858449],[27.244395,37.858423],[27.244566,37.858409],[27.245064,37.858307],[27.245167,37.858282],[27.246029,37.858436],[27.246351,37.858475],[27.246737,37.858642],[27.246776,37.858809],[27.246904,37.858925],[27.247162,37.858989],[27.247381,37.859092],[27.247509,37.859144],[27.247741,37.859388],[27.247895,37.859543],[27.247895,37.859749],[27.247908,37.859942],[27.247934,37.860186],[27.248294,37.860521],[27.24868,37.860688],[27.249337,37.860984],[27.249581,37.861048],[27.24963,37.861063],[27.249665,37.861143],[27.249594,37.86125],[27.249452,37.861464],[27.249265,37.861766],[27.248829,37.862461],[27.248695,37.862674],[27.248615,37.862746],[27.248312,37.862754],[27.248087,37.8628],[27.247769,37.86287],[27.247653,37.863004],[27.247556,37.863191],[27.247395,37.863271],[27.247146,37.863182],[27.246924,37.863288],[27.246781,37.863573],[27.246772,37.863698],[27.246568,37.863751],[27.246327,37.863849],[27.246416,37.864001],[27.246879,37.864134],[27.247048,37.864116],[27.247173,37.864107],[27.247217,37.864107],[27.247324,37.86409],[27.247524,37.864081],[27.247657,37.864052],[27.247831,37.864018],[27.248223,37.863929],[27.248784,37.863671],[27.248918,37.863484],[27.249024,37.86336],[27.248811,37.86295],[27.248882,37.862808],[27.248846,37.862763],[27.249149,37.862301],[27.249327,37.862042],[27.249469,37.86182],[27.249567,37.86165],[27.249611,37.861586],[27.249675,37.861488],[27.249792,37.861325],[27.24996,37.861151],[27.250055,37.861114],[27.250592,37.861267],[27.25116,37.86133],[27.251797,37.861272],[27.252591,37.86102],[27.253145,37.860963],[27.253171,37.86096],[27.253821,37.860897],[27.254607,37.861447],[27.254817,37.861595],[27.252871,37.863396],[27.253018,37.863514],[27.25357,37.862997],[27.254405,37.862232],[27.25456,37.862349],[27.254628,37.8623],[27.255452,37.862901],[27.255391,37.862953],[27.25556,37.863081],[27.25381,37.864658],[27.253901,37.864713],[27.253966,37.864765],[27.255445,37.86343],[27.256365,37.862614],[27.256098,37.86242],[27.256293,37.862241],[27.256201,37.862186],[27.256039,37.862294],[27.255271,37.861762],[27.25524,37.861716],[27.255276,37.861673],[27.25533,37.861625],[27.255738,37.861262],[27.256379,37.861621],[27.256484,37.861525],[27.256623,37.861569],[27.256581,37.861625],[27.256719,37.861685],[27.256819,37.861574],[27.257258,37.861682],[27.257539,37.8618],[27.257662,37.861934],[27.257815,37.862042],[27.258022,37.86218],[27.258249,37.862303],[27.25829,37.862354],[27.258461,37.862564],[27.25851,37.86264],[27.258552,37.862714],[27.258377,37.862939],[27.258417,37.863067],[27.2585,37.863128],[27.258572,37.863104],[27.258587,37.863027],[27.258535,37.862911],[27.258693,37.862722],[27.258839,37.862624],[27.259549,37.862766],[27.259955,37.862846],[27.259993,37.86283],[27.26035,37.862982],[27.260741,37.863209],[27.261005,37.863436],[27.26127,37.863665],[27.261306,37.863733],[27.261261,37.863831],[27.261013,37.863995],[27.260999,37.864046],[27.261117,37.86417],[27.261436,37.863983],[27.26151,37.863983],[27.261653,37.864064],[27.26196,37.864297],[27.262066,37.864344],[27.262126,37.864393],[27.262381,37.864953],[27.262466,37.865157],[27.26245,37.865254],[27.262549,37.865745],[27.262935,37.866237],[27.263093,37.866377],[27.263199,37.866377],[27.263287,37.866443],[27.26341,37.866535],[27.263498,37.866711],[27.26355,37.866852],[27.263498,37.866992],[27.263461,37.867077],[27.263374,37.867273],[27.263216,37.867554],[27.263146,37.867625],[27.261389,37.868169],[27.261108,37.868257],[27.26102,37.868292],[27.26102,37.86838],[27.261073,37.86845],[27.261178,37.86845],[27.262461,37.868046],[27.262584,37.868257],[27.262338,37.868363],[27.262426,37.868591],[27.262635,37.868529],[27.262654,37.868582],[27.262995,37.868476],[27.263009,37.868514],[27.262654,37.868615],[27.262711,37.868759],[27.263009,37.868668],[27.263009,37.86886],[27.263019,37.869196],[27.263605,37.869187],[27.263618,37.86967],[27.263624,37.869864],[27.263633,37.87025],[27.263631,37.870485],[27.263646,37.870748],[27.263281,37.870763],[27.263237,37.870237],[27.263164,37.870237],[27.263179,37.870763],[27.262712,37.870792],[27.262683,37.870237],[27.26261,37.870223],[27.262639,37.871463],[27.262726,37.871434],[27.262712,37.870923],[27.263193,37.870908],[27.263223,37.871434],[27.263295,37.871448],[27.263281,37.870894],[27.263631,37.870908],[27.263617,37.872266],[27.262929,37.872313],[27.262976,37.872707],[27.262962,37.87282],[27.262844,37.87282],[27.262016,37.872851],[27.26158,37.872873],[27.261039,37.87283],[27.260487,37.872342],[27.260391,37.869613],[27.260497,37.869581],[27.260731,37.86956],[27.260773,37.869475],[27.26072,37.869369],[27.260529,37.869337],[27.260274,37.869284],[27.260285,37.869188],[27.259659,37.867765],[27.259669,37.867691],[27.259659,37.867479],[27.259595,37.867373],[27.259489,37.867373],[27.259404,37.867394],[27.259308,37.867458],[27.259351,37.867712],[27.260106,37.869588],[27.260127,37.869939],[27.260138,37.870215],[27.260159,37.870767],[27.260191,37.871787],[27.260212,37.872616],[27.260191,37.872722],[27.260414,37.87302],[27.260744,37.873243],[27.261115,37.873434],[27.2612,37.873615],[27.261338,37.8737],[27.261434,37.873827],[27.261519,37.873912],[27.261715,37.87409],[27.261847,37.874137],[27.26211,37.874174],[27.262194,37.874459],[27.262258,37.874501],[27.2623,37.874448],[27.26221,37.874174],[27.26241,37.874201],[27.262537,37.874232],[27.262621,37.874301],[27.26299,37.874227],[27.263156,37.874215],[27.263338,37.874228],[27.263643,37.874387],[27.263619,37.874444],[27.263744,37.874492],[27.263657,37.874608],[27.263797,37.87468],[27.263912,37.874579],[27.264071,37.874642],[27.26411,37.874598],[27.264259,37.874733],[27.264143,37.874839],[27.26411,37.874829],[27.264052,37.874873],[27.264172,37.874979],[27.264245,37.874912],[27.264216,37.87488],[27.264341,37.874776],[27.264406,37.874829],[27.264484,37.874906],[27.264622,37.874984],[27.264803,37.875226],[27.264752,37.87524],[27.264805,37.875525],[27.264758,37.875545],[27.264752,37.875651],[27.264695,37.875786],[27.264689,37.875829],[27.264718,37.875869],[27.264755,37.875899],[27.264758,37.875935],[27.264718,37.875972],[27.264702,37.876028],[27.264698,37.876058],[27.264715,37.876091],[27.264758,37.876104],[27.264811,37.876104],[27.264857,37.876094],[27.264867,37.876008],[27.264881,37.875968],[27.264947,37.875958],[27.264987,37.875945],[27.265016,37.875985],[27.26498,37.876035],[27.264947,37.876071],[27.26492,37.876127],[27.264914,37.876213],[27.264871,37.876332],[27.264867,37.876379],[27.264881,37.876425],[27.26498,37.876409],[27.26502,37.876383],[27.265137,37.876355],[27.265179,37.876329],[27.265233,37.876331],[27.265257,37.87639],[27.265217,37.876443],[27.265158,37.876488],[27.26513,37.876542],[27.26514,37.876593],[27.26521,37.876652],[27.265268,37.876689],[27.265336,37.876703],[27.265379,37.876721],[27.265402,37.876731],[27.265387,37.876763],[27.265378,37.876783],[27.265317,37.876787],[27.265247,37.876806],[27.265226,37.876865],[27.265327,37.876916],[27.265414,37.876897],[27.265505,37.876876],[27.265708,37.876886],[27.265825,37.876909],[27.265872,37.876944],[27.265825,37.87701],[27.265746,37.877066],[27.265593,37.877141],[27.265483,37.877223],[27.26548,37.877225],[27.265378,37.87729],[27.265341,37.877314],[27.265399,37.877333],[27.265472,37.877346],[27.265503,37.877342],[27.265561,37.877332],[27.265689,37.8773],[27.265872,37.877297],[27.265949,37.877321],[27.266007,37.877384],[27.265998,37.877456],[27.265972,37.877555],[27.265717,37.877662],[27.265659,37.87766],[27.265621,37.877599],[27.265575,37.877543],[27.265544,37.877548],[27.26546,37.877562],[27.265125,37.877726],[27.265055,37.87773],[27.265006,37.877688],[27.265006,37.877634],[27.265011,37.877578],[27.264922,37.877475],[27.264863,37.877487],[27.264786,37.877529],[27.264938,37.877747],[27.264936,37.877812],[27.264903,37.877878],[27.265089,37.878038],[27.264864,37.878001],[27.26484,37.87801],[27.264825,37.878024],[27.264812,37.878042],[27.264784,37.878048],[27.264763,37.878048],[27.264736,37.878055],[27.264723,37.878071],[27.264701,37.878079],[27.264677,37.878081],[27.264654,37.878097],[27.264627,37.878125],[27.264613,37.878141],[27.264591,37.878157],[27.264539,37.878159],[27.264427,37.878218],[27.264374,37.878275],[27.264326,37.87833],[27.264305,37.878353],[27.264292,37.878381],[27.264271,37.878433],[27.264271,37.878474],[27.264261,37.878519],[27.264261,37.878566],[27.264264,37.878584],[27.264278,37.878597],[27.264299,37.878599],[27.264328,37.878615],[27.26434,37.878626],[27.264351,37.87864],[27.264356,37.878665],[27.264361,37.87868],[27.264375,37.878696],[27.26441,37.878725],[27.264419,37.878744],[27.264411,37.878762],[27.264332,37.878762],[27.264321,37.878777],[27.264313,37.878794],[27.264301,37.87881],[27.26429,37.878833],[27.26429,37.878874],[27.264295,37.878895],[27.264305,37.878912],[27.264381,37.87897],[27.264535,37.879053],[27.264545,37.879056],[27.264567,37.879076],[27.264606,37.879097],[27.264621,37.879114],[27.264628,37.879135],[27.264629,37.879175],[27.264631,37.879193],[27.26464,37.87921],[27.264662,37.879222],[27.264683,37.879228],[27.264705,37.879237],[27.2647,37.87926],[27.264686,37.879272],[27.26466,37.879274],[27.264639,37.879273],[27.26461,37.879274],[27.264516,37.879318],[27.264506,37.879341],[27.264505,37.879393],[27.264506,37.879434],[27.264506,37.879459],[27.2645,37.879483],[27.264481,37.879531],[27.264453,37.879566],[27.264402,37.879616],[27.264375,37.87965],[27.264375,37.879671],[27.26438,37.879691],[27.2644,37.879731],[27.264395,37.87978],[27.264392,37.879839],[27.264394,37.879863],[27.2644,37.879881],[27.26442,37.879914],[27.264441,37.879927],[27.264462,37.879935],[27.264515,37.879935],[27.264539,37.87994],[27.26456,37.87995],[27.264593,37.879984],[27.264601,37.88],[27.264615,37.880017],[27.264637,37.880032],[27.264684,37.880052],[27.264731,37.880065],[27.264756,37.880083],[27.264773,37.880098],[27.264796,37.880123],[27.264815,37.88015],[27.264832,37.880182],[27.264836,37.880202],[27.264837,37.880223],[27.264847,37.880245],[27.264878,37.880268],[27.264903,37.880275],[27.264956,37.880319],[27.264978,37.880323],[27.264998,37.880338],[27.265018,37.880347],[27.265065,37.880362],[27.265179,37.880361],[27.265214,37.88036],[27.265248,37.88036],[27.265278,37.880355],[27.265326,37.880341],[27.265374,37.880318],[27.265404,37.880284],[27.265424,37.880259],[27.265438,37.880245],[27.265446,37.88023],[27.265477,37.8802],[27.265501,37.880185],[27.265567,37.880173],[27.265618,37.880116],[27.265648,37.880096],[27.265664,37.880081],[27.265687,37.880066],[27.265697,37.880053],[27.265727,37.880055],[27.265749,37.880061],[27.265776,37.880059],[27.265812,37.880057],[27.265836,37.88003],[27.265904,37.879928],[27.265909,37.87992],[27.265933,37.879912],[27.266011,37.87991],[27.266042,37.87993],[27.266075,37.879978],[27.266073,37.880052],[27.266067,37.880104],[27.266067,37.880165],[27.266101,37.880218],[27.266126,37.880238],[27.266241,37.88032],[27.266267,37.880353],[27.266259,37.880399],[27.266241,37.880432],[27.266241,37.880475],[27.266246,37.880506],[27.266261,37.880534],[27.266257,37.880623],[27.266243,37.88066],[27.266228,37.880697],[27.266226,37.880741],[27.266253,37.880795],[27.266241,37.880812],[27.266216,37.880828],[27.266192,37.880828],[27.266169,37.88084],[27.266133,37.880881],[27.266054,37.880896],[27.26598,37.88087],[27.265944,37.880845],[27.265913,37.880842],[27.265907,37.880842],[27.265894,37.880868],[27.265891,37.880899],[27.265907,37.880917],[27.265947,37.880922],[27.265957,37.880948],[27.265904,37.880968],[27.265903,37.880968],[27.265736,37.881006],[27.265641,37.881097],[27.265546,37.881223],[27.265537,37.881266],[27.265529,37.881296],[27.265519,37.881332],[27.265505,37.881375],[27.265503,37.881449],[27.265513,37.881498],[27.265526,37.881534],[27.265552,37.881588],[27.26558,37.881621],[27.265595,37.881634],[27.265615,37.881654],[27.265651,37.881682],[27.265662,37.8817],[27.26568,37.881712],[27.265692,37.88175],[27.265705,37.881768],[27.265728,37.881776],[27.265764,37.881779],[27.265801,37.881783],[27.265805,37.881785],[27.265835,37.881804],[27.265873,37.881845],[27.265812,37.88182],[27.2658,37.881817],[27.265758,37.881807],[27.265723,37.881804],[27.265695,37.881814],[27.265626,37.88181],[27.265595,37.881806],[27.26557,37.881787],[27.265542,37.881787],[27.265508,37.881799],[27.265478,37.881794],[27.265421,37.881763],[27.265386,37.881763],[27.265348,37.881768],[27.265324,37.881786],[27.265312,37.881807],[27.265306,37.881833],[27.265274,37.881845],[27.265248,37.881848],[27.265245,37.881875],[27.265273,37.881885],[27.265304,37.881903],[27.265301,37.881929],[27.265294,37.881952],[27.265269,37.881972],[27.265264,37.881998],[27.265269,37.882019],[27.265312,37.882034],[27.265413,37.882033],[27.265441,37.882039],[27.265474,37.882041],[27.265501,37.882042],[27.265483,37.882067],[27.265446,37.882082],[27.265422,37.882098],[27.265424,37.882123],[27.265457,37.882131],[27.265488,37.882133],[27.265519,37.882144],[27.265551,37.882154],[27.265534,37.882223],[27.265503,37.88221],[27.265442,37.88223],[27.265424,37.882268],[27.265465,37.882271],[27.265525,37.882255],[27.265695,37.882283],[27.265667,37.88232],[27.265597,37.882327],[27.265562,37.88234],[27.265508,37.882371],[27.265441,37.882383],[27.265395,37.882403],[27.26539,37.882431],[27.265432,37.882473],[27.265544,37.882536],[27.265655,37.882562],[27.265697,37.882572],[27.265888,37.882579],[27.265931,37.882597],[27.265947,37.882658],[27.265924,37.882686],[27.265918,37.88272],[27.265952,37.882766],[27.265985,37.882796],[27.265801,37.882799],[27.265671,37.882801],[27.265633,37.882786],[27.265676,37.882748],[27.265683,37.882722],[27.265645,37.882707],[27.265624,37.88271],[27.265594,37.882715],[27.265543,37.882751],[27.265525,37.882819],[27.265479,37.882803],[27.265372,37.882803],[27.265288,37.882857],[27.265234,37.882862],[27.26516,37.88285],[27.265089,37.882878],[27.265031,37.882923],[27.264893,37.882918],[27.264822,37.882896],[27.264742,37.882918],[27.264704,37.882964],[27.264689,37.88302],[27.264684,37.883074],[27.264683,37.883165],[27.264655,37.883222],[27.264637,37.883306],[27.264594,37.883438],[27.264596,37.883536],[27.264587,37.883584],[27.264587,37.883645],[27.264617,37.883702],[27.264698,37.883793],[27.264732,37.883857],[27.264745,37.883901],[27.264805,37.883939],[27.265092,37.883939],[27.265153,37.883967],[27.265257,37.884053],[27.265298,37.884046],[27.265329,37.884041],[27.265408,37.884045],[27.265536,37.884068],[27.265604,37.884186],[27.265647,37.884239],[27.265703,37.884259],[27.265795,37.88426],[27.265861,37.88427],[27.265954,37.884362],[27.26603,37.884374],[27.266252,37.88455],[27.266295,37.884679],[27.26626,37.884808],[27.26626,37.884862],[27.266489,37.884907],[27.26653,37.884938],[27.266585,37.885142],[27.266211,37.885135],[27.266213,37.885096],[27.266073,37.885096],[27.266061,37.885256],[27.266211,37.88526],[27.26621,37.885221],[27.266591,37.885227],[27.266599,37.885405],[27.265935,37.885663],[27.265889,37.88563],[27.265785,37.885696],[27.265825,37.885718],[27.26579,37.88575],[27.265552,37.885836],[27.265496,37.885719],[27.265392,37.885754],[27.265448,37.885874],[27.265445,37.8859],[27.265213,37.885917],[27.265022,37.885922],[27.264876,37.885962],[27.264486,37.886071],[27.264075,37.886211],[27.263785,37.886334],[27.263558,37.886474],[27.263392,37.886648],[27.26348,37.886844],[27.263481,37.886951],[27.263462,37.887147],[27.2633,37.887349],[27.263266,37.887504],[27.263292,37.887644],[27.26348,37.887815],[27.263534,37.887943],[27.263536,37.888169],[27.26356,37.888262],[27.263669,37.888325],[27.263641,37.888435],[27.263562,37.888529],[27.26361,37.888789],[27.263611,37.888909],[27.263653,37.889011],[27.263717,37.889116],[27.263825,37.889256],[27.263919,37.889401],[27.264031,37.88948],[27.264125,37.889564],[27.264182,37.889662],[27.264192,37.889766],[27.26414,37.889863],[27.264046,37.889947],[27.263974,37.890044],[27.263977,37.890162],[27.26403,37.89032],[27.264136,37.890416],[27.264243,37.89049],[27.264332,37.89058],[27.264408,37.890677],[27.264518,37.890791],[27.264776,37.890824],[27.265007,37.89095],[27.265171,37.891028],[27.265382,37.89113],[27.265653,37.891151],[27.265701,37.891194],[27.265745,37.891233],[27.265803,37.891345],[27.265964,37.8915],[27.266044,37.891554],[27.266172,37.89157],[27.266328,37.891537],[27.266651,37.891397],[27.266786,37.89137],[27.26684,37.891419],[27.266845,37.891505],[27.266841,37.891659],[27.266659,37.891759],[27.266586,37.891814],[27.266586,37.891932],[27.266613,37.892087],[27.266777,37.892196],[27.266935,37.892242],[27.267078,37.892287],[27.26715,37.892354],[27.267259,37.89239],[27.267596,37.892299],[27.268048,37.892142],[27.268078,37.892103],[27.268121,37.892056],[27.268189,37.892049],[27.268221,37.892063],[27.268433,37.892493],[27.268485,37.892537],[27.268539,37.892537],[27.268579,37.8926],[27.268814,37.893282],[27.268814,37.89336],[27.268639,37.893595],[27.268574,37.893629],[27.268458,37.893647],[27.268321,37.893662],[27.268223,37.893727],[27.268124,37.893664],[27.268053,37.893715],[27.267886,37.8939],[27.267823,37.894019],[27.267759,37.894041],[27.267746,37.894046],[27.267668,37.894055],[27.267644,37.894093],[27.267656,37.894144],[27.267651,37.894183],[27.267525,37.894284],[27.267525,37.894329],[27.267573,37.894356],[27.267641,37.894365],[27.26771,37.894421],[27.267728,37.894508],[27.267795,37.894559],[27.267801,37.89465],[27.267717,37.89474],[27.267699,37.894788],[27.267765,37.894843],[27.267861,37.894861],[27.267861,37.894939],[27.267813,37.895017],[27.267843,37.895132],[27.267916,37.895271],[27.268766,37.895626],[27.269429,37.895952],[27.269965,37.896211],[27.270718,37.896699],[27.270923,37.896856],[27.271297,37.897145],[27.27143,37.897296],[27.27155,37.897278],[27.27152,37.897199],[27.271529,37.897198],[27.271604,37.897181],[27.272044,37.897434],[27.272068,37.897477],[27.271907,37.89757],[27.271839,37.897609],[27.271821,37.8977],[27.27199,37.897742],[27.272053,37.897733],[27.2724,37.897682],[27.272533,37.897712],[27.272611,37.897874],[27.272689,37.898115],[27.272611,37.898646],[27.27261,37.898652],[27.272442,37.899894],[27.272365,37.900621],[27.272313,37.901189],[27.272105,37.901162],[27.272085,37.90129],[27.272268,37.901295],[27.272161,37.902199],[27.27199,37.902871],[27.271748,37.903857],[27.27155,37.904075],[27.271435,37.904336],[27.271404,37.904679],[27.271362,37.904783],[27.27081,37.905346],[27.270269,37.905825],[27.269686,37.90621],[27.269217,37.906397],[27.268954,37.906471],[27.268889,37.906489],[27.268864,37.906514],[27.26887,37.906585],[27.269077,37.907099],[27.269296,37.907554],[27.269355,37.907607],[27.269467,37.907619],[27.270188,37.907542],[27.270347,37.90756],[27.271009,37.90756],[27.271293,37.907607],[27.271429,37.907725],[27.271535,37.907897],[27.271659,37.908281],[27.271653,37.908369],[27.271582,37.908458],[27.27144,37.908535],[27.271157,37.908671],[27.270867,37.908777],[27.270773,37.908866],[27.270678,37.909078],[27.27072,37.909315],[27.270791,37.909504],[27.270968,37.909711],[27.270991,37.909799],[27.270968,37.909894],[27.270873,37.909941],[27.270046,37.910224],[27.269284,37.910549],[27.268918,37.910685],[27.268776,37.910691],[27.268616,37.910668],[27.268581,37.910573],[27.268622,37.910295],[27.26851,37.909533],[27.268528,37.909291],[27.268569,37.909191],[27.268741,37.908807],[27.269036,37.908298],[27.269178,37.907979],[27.269213,37.907832],[27.269048,37.907383],[27.268794,37.907123],[27.268729,37.907016],[27.268556,37.906684],[27.268545,37.906629],[27.268571,37.906576],[27.26854,37.906503],[27.268454,37.906463],[27.268384,37.906382],[27.268362,37.906325],[27.268326,37.906227],[27.268247,37.906106],[27.268227,37.905974],[27.268039,37.905716],[27.267825,37.905488],[27.267784,37.905391],[27.267691,37.905319],[27.267609,37.905279],[27.267603,37.905391],[27.267552,37.905394],[27.267503,37.905351],[27.267274,37.905221],[27.267133,37.905118],[27.267073,37.905118],[27.266992,37.905151],[27.266631,37.905326],[27.266447,37.90549],[27.266119,37.905736],[27.265771,37.9059],[27.265362,37.905674],[27.264993,37.905449],[27.264523,37.905408],[27.264359,37.905429],[27.264236,37.905572],[27.264277,37.905756],[27.263868,37.906227],[27.263683,37.906207],[27.263601,37.906288],[27.263581,37.906657],[27.263758,37.907114],[27.263827,37.907292],[27.263745,37.908233],[27.263438,37.908479],[27.262885,37.908643],[27.262717,37.908679],[27.262414,37.908745],[27.262291,37.908848],[27.262127,37.909237],[27.261923,37.909421],[27.261677,37.909544],[27.261452,37.909707],[27.26137,37.909953],[27.261472,37.910199],[27.262143,37.910655],[27.262207,37.910628],[27.262272,37.9106],[27.262309,37.910516],[27.262254,37.910406],[27.262207,37.910387],[27.262069,37.910332],[27.261654,37.910009],[27.261635,37.909843],[27.261882,37.909564],[27.262189,37.909728],[27.262282,37.90981],[27.262516,37.910014],[27.262783,37.910281],[27.262967,37.910465],[27.263192,37.910731],[27.263376,37.910936],[27.263806,37.91155],[27.263765,37.911796],[27.263581,37.912226],[27.263315,37.912574],[27.262967,37.91284],[27.262799,37.91289],[27.262762,37.912901],[27.262496,37.912656],[27.262168,37.912492],[27.261268,37.912471],[27.261001,37.912615],[27.260899,37.913065],[27.261042,37.913413],[27.261242,37.913555],[27.261508,37.913555],[27.261648,37.913694],[27.261857,37.91375],[27.262095,37.913708],[27.262193,37.913778],[27.262248,37.913904],[27.262438,37.913883],[27.262492,37.913898],[27.262531,37.913937],[27.262535,37.914034],[27.262778,37.914145],[27.263035,37.914354],[27.263133,37.914374],[27.263288,37.914296],[27.263331,37.914417],[27.263427,37.91448],[27.263587,37.914584],[27.263886,37.914868],[27.263927,37.914999],[27.263927,37.915154],[27.263827,37.915286],[27.263765,37.915312],[27.263754,37.915317],[27.263636,37.915317],[27.263554,37.91534],[27.263541,37.915376],[27.263536,37.915508],[27.263496,37.915685],[27.263291,37.916053],[27.263241,37.91618],[27.263232,37.916321],[27.263332,37.916571],[27.263482,37.916679],[27.263586,37.91673],[27.263618,37.916825],[27.263677,37.91692],[27.263714,37.916907],[27.263702,37.916795],[27.263788,37.916757],[27.263864,37.916805],[27.264045,37.917043],[27.264359,37.917166],[27.264512,37.917281],[27.264622,37.917342],[27.264702,37.917386],[27.264836,37.917481],[27.265007,37.91789],[27.265121,37.917976],[27.265207,37.918005],[27.265217,37.91811],[27.265102,37.918148],[27.265039,37.9182],[27.264941,37.918281],[27.264893,37.918386],[27.264912,37.91851],[27.265017,37.918567],[27.265179,37.918529],[27.265183,37.918472],[27.265188,37.918395],[27.265388,37.918315],[27.265487,37.918433],[27.265649,37.918846],[27.265683,37.919232],[27.265654,37.919281],[27.265624,37.919332],[27.265649,37.919659],[27.265598,37.91997],[27.266208,37.920345],[27.266365,37.920517],[27.266488,37.920742],[27.266529,37.921028],[27.266485,37.921271],[27.265546,37.92195],[27.264666,37.922523],[27.264236,37.922973],[27.263929,37.923465],[27.264537,37.92366],[27.266706,37.924605],[27.269123,37.924261],[27.271893,37.923799],[27.275863,37.923202],[27.276395,37.923122],[27.276489,37.923081],[27.276807,37.922942],[27.280035,37.921378],[27.280855,37.920981],[27.283288,37.919647],[27.286075,37.916507],[27.287527,37.91478],[27.28839,37.912936],[27.288508,37.91062],[27.288469,37.909247],[27.287762,37.906971],[27.287645,37.905205],[27.288712,37.90322],[27.291568,37.901489],[27.293559,37.900364],[27.29503,37.89846],[27.296069,37.896383],[27.297107,37.894912],[27.29953,37.891623],[27.301867,37.889892],[27.303252,37.889027],[27.307233,37.888162],[27.310522,37.887296],[27.314503,37.885738],[27.316493,37.884527],[27.319263,37.881411],[27.322551,37.880113],[27.326186,37.879421],[27.331033,37.87769],[27.334235,37.877257],[27.339168,37.876045],[27.34211,37.87492],[27.346957,37.873016],[27.350419,37.871285],[27.352496,37.869814],[27.354053,37.866266],[27.354486,37.862112],[27.357083,37.858217],[27.359333,37.854496],[27.360544,37.852678],[27.36392,37.844803],[27.36617,37.841341],[27.367814,37.840908],[27.372141,37.838831],[27.374391,37.837014],[27.379584,37.831994],[27.384431,37.828792],[27.388325,37.827234],[27.392393,37.82533],[27.393128,37.825404],[27.393056,37.823899],[27.393264,37.82195],[27.39336,37.820373],[27.393404,37.819654],[27.393609,37.819214],[27.394378,37.817566],[27.395213,37.815548],[27.395906,37.814062],[27.396187,37.81346],[27.396535,37.812787],[27.397231,37.811442],[27.397997,37.810119],[27.399041,37.808797],[27.399029,37.808664],[27.398762,37.805596],[27.398068,37.804968],[27.397301,37.804273],[27.396093,37.804139],[27.395422,37.804065],[27.394117,37.804099],[27.392777,37.804134],[27.389785,37.804134],[27.386375,37.803508],[27.385444,37.802899],[27.384565,37.802325],[27.382686,37.80081],[27.379903,37.798567],[27.37684,37.794043],[27.375626,37.792876],[27.373291,37.790633],[27.371667,37.789612],[27.370855,37.789102],[27.367585,37.78778],[27.366319,37.787615],[27.364383,37.787362],[27.361043,37.787084],[27.359651,37.786666],[27.357888,37.786202],[27.357006,37.78597],[27.355754,37.784718],[27.355371,37.783361],[27.354988,37.782004],[27.352761,37.778385],[27.350465,37.775183],[27.349164,37.773304],[27.348586,37.772469],[27.347542,37.771356],[27.345941,37.769129],[27.345106,37.767319],[27.343436,37.764605],[27.34287,37.763509],[27.342322,37.762448],[27.342183,37.760569],[27.341487,37.757785],[27.339886,37.754793],[27.338425,37.752287],[27.336337,37.750826],[27.333832,37.749364],[27.33376,37.749227],[27.331118,37.744145],[27.327788,37.738636],[27.32729,37.737812],[27.326761,37.737131],[27.324854,37.73468],[27.323114,37.732592],[27.321723,37.730365],[27.321723,37.727582],[27.322836,37.725981],[27.32395,37.723893],[27.324273,37.72287],[27.324785,37.721249],[27.324557,37.719623],[27.324298,37.717769],[27.32331,37.715846],[27.322975,37.715194],[27.321166,37.713385],[27.318034,37.712619],[27.314972,37.711645],[27.311562,37.710879],[27.307038,37.709627],[27.30502,37.709418],[27.302793,37.709209],[27.301749,37.709209],[27.30083,37.709164],[27.298896,37.70907],[27.29653,37.708722],[27.295327,37.708568],[27.293816,37.708374],[27.291519,37.706912],[27.290475,37.70559],[27.289918,37.704964],[27.289362,37.704337],[27.289049,37.703537],[27.288735,37.702737],[27.288495,37.701237],[27.288457,37.700997],[27.288447,37.700893],[27.288248,37.698909],[27.287831,37.696613],[27.288457,37.691672],[27.288455,37.6916],[27.288387,37.689305],[27.287691,37.687426],[27.286787,37.685408],[27.286513,37.685232],[27.284629,37.684016],[27.281985,37.683668],[27.280175,37.683877],[27.278505,37.684364],[27.276487,37.685269],[27.273007,37.686104],[27.267509,37.68673],[27.265074,37.686591],[27.26236,37.686243],[27.259715,37.684991],[27.255748,37.682972],[27.251433,37.680189],[27.251365,37.680154],[27.247884,37.678379],[27.245309,37.677405],[27.242247,37.677057],[27.241409,37.676784],[27.239255,37.676083],[27.235775,37.674203],[27.2332,37.672812],[27.231742,37.672461],[27.229442,37.671907],[27.228136,37.671943],[27.226937,37.671977],[27.225614,37.672173],[27.225058,37.672255],[27.217472,37.6749],[27.211417,37.676083],[27.206267,37.676083],[27.201883,37.676779],[27.200155,37.676454],[27.199737,37.67636],[27.196443,37.675619],[27.192175,37.674134],[27.186886,37.673299],[27.183824,37.672185],[27.181133,37.670979],[27.178727,37.670044],[27.177792,37.66968],[27.175722,37.668952],[27.172781,37.667917],[27.171204,37.666896],[27.169998,37.665597],[27.167907,37.66423],[27.167585,37.66402],[27.162853,37.66235],[27.159698,37.661793],[27.157007,37.661143],[27.15311,37.661329],[27.150454,37.661282],[27.148245,37.660907],[27.146765,37.660656],[27.143564,37.659612],[27.139736,37.65829],[27.138275,37.657559],[27.136813,37.656828],[27.136683,37.656824],[27.134865,37.656759],[27.132916,37.657455],[27.131037,37.658708],[27.128253,37.660795],[27.124982,37.661004],[27.121376,37.660624],[27.121016,37.660587],[27.11691,37.660587],[27.112734,37.660587],[27.112699,37.660586],[27.110229,37.660517],[27.107723,37.660099],[27.105079,37.659403],[27.102713,37.658777],[27.099163,37.658429],[27.09631,37.657733],[27.09297,37.657107],[27.088376,37.656351],[27.087472,37.656202],[27.08441,37.656202],[27.082113,37.655506],[27.081506,37.655347],[27.07919,37.654741],[27.076406,37.654254],[27.070978,37.654184],[27.068577,37.654428],[27.066176,37.654671],[27.059426,37.655228],[27.051701,37.656689],[27.047525,37.657733],[27.040844,37.658916],[27.040777,37.658915],[27.037504,37.658847],[27.034998,37.65829],[27.032215,37.656898],[27.028526,37.653906],[27.025774,37.651758]]]}},{"type":"Feature","properties":{"id":"TR-D-09-013","parent_id":"TR-P-09","region_id":"TR-R-EGE","level":"district","municipality_type":null,"municipality_type_label":null,"is_metropolitan_municipality":null,"name":"Kuyucak","name_ascii":"kuyucak","slug":"kuyucak-aydin"},"geometry":{"type":"Polygon","coordinates":[[[28.467078,37.813603],[28.46347,37.811542],[28.459535,37.8079],[28.458345,37.811432],[28.456542,37.814638],[28.454638,37.817643],[28.452734,37.820449],[28.451432,37.823655],[28.450931,37.82616],[28.45147,37.828614],[28.452146,37.831244],[28.453498,37.833574],[28.454926,37.835678],[28.455753,37.838082],[28.456053,37.841689],[28.455677,37.844319],[28.455302,37.846498],[28.454625,37.8477],[28.454475,37.849128],[28.45425,37.85018],[28.453649,37.857093],[28.452296,37.861752],[28.45162,37.866937],[28.448314,37.877081],[28.445684,37.88159],[28.442753,37.885121],[28.438395,37.891508],[28.434788,37.896994],[28.431031,37.906086],[28.429378,37.913375],[28.4281,37.916906],[28.423441,37.921039],[28.422314,37.924195],[28.422227,37.927201],[28.422227,37.929505],[28.421926,37.93221],[28.422026,37.934415],[28.423817,37.936944],[28.425696,37.938522],[28.427649,37.940251],[28.428852,37.941904],[28.430655,37.942806],[28.432458,37.943332],[28.435915,37.942881],[28.439221,37.94243],[28.442903,37.941303],[28.445308,37.941904],[28.448013,37.941303],[28.452146,37.941904],[28.453874,37.943782],[28.455527,37.946863],[28.458458,37.948967],[28.461614,37.950846],[28.463643,37.952649],[28.463868,37.954603],[28.463868,37.956932],[28.463643,37.958285],[28.464544,37.960539],[28.466498,37.962869],[28.467099,37.965048],[28.468301,37.967302],[28.469203,37.969331],[28.472134,37.969706],[28.475214,37.969556],[28.477469,37.969556],[28.479948,37.970082],[28.482203,37.970909],[28.485284,37.972261],[28.487237,37.973539],[28.48844,37.974966],[28.488515,37.976695],[28.488364,37.979475],[28.48859,37.983533],[28.48874,37.985186],[28.490393,37.988717],[28.493173,37.991423],[28.494225,37.99285],[28.494451,37.994128],[28.494225,37.995856],[28.493474,37.999538],[28.492948,38.002844],[28.492422,38.006376],[28.492046,38.00878],[28.492122,38.010584],[28.492272,38.013439],[28.49107,38.015393],[28.490919,38.017798],[28.491896,38.020878],[28.492873,38.02411],[28.492798,38.026589],[28.493624,38.028843],[28.494301,38.031098],[28.494751,38.034404],[28.495879,38.036433],[28.497081,38.038311],[28.496931,38.040566],[28.496254,38.042144],[28.495803,38.043571],[28.496104,38.045149],[28.497156,38.046577],[28.498433,38.049508],[28.498809,38.05071],[28.498884,38.051912],[28.498959,38.053716],[28.498433,38.055218],[28.497306,38.057172],[28.497457,38.061305],[28.497457,38.06401],[28.497607,38.067091],[28.497832,38.070397],[28.498358,38.072501],[28.499561,38.076033],[28.50204,38.079189],[28.506248,38.0849],[28.507451,38.086553],[28.511133,38.088507],[28.514664,38.090686],[28.516918,38.093391],[28.519022,38.096021],[28.520074,38.097448],[28.5206,38.099402],[28.52045,38.102558],[28.52045,38.105714],[28.519924,38.108344],[28.519316,38.110513],[28.520155,38.109975],[28.522838,38.108331],[28.526127,38.105821],[28.527858,38.103052],[28.532791,38.101321],[28.536685,38.101321],[28.540666,38.10184],[28.546205,38.102965],[28.550013,38.104263],[28.553735,38.105042],[28.557196,38.104956],[28.559446,38.104523],[28.562216,38.103138],[28.563947,38.102446],[28.565764,38.101927],[28.568274,38.100888],[28.570697,38.100023],[28.573726,38.098638],[28.577967,38.098811],[28.580736,38.098811],[28.583419,38.098811],[28.590083,38.098811],[28.594843,38.099244],[28.598478,38.098811],[28.602026,38.098551],[28.603757,38.097773],[28.606094,38.095609],[28.607565,38.094138],[28.60895,38.093099],[28.610335,38.092493],[28.612931,38.091714],[28.616479,38.090849],[28.619335,38.09007],[28.621845,38.089291],[28.624095,38.088166],[28.629115,38.086002],[28.629591,38.085662],[28.630932,38.084704],[28.631884,38.082195],[28.631798,38.080204],[28.632404,38.076742],[28.634048,38.073886],[28.635606,38.071982],[28.636471,38.070771],[28.639414,38.069559],[28.641231,38.06878],[28.643135,38.067915],[28.645212,38.067828],[28.646857,38.067482],[28.649193,38.06653],[28.650491,38.065924],[28.652136,38.065232],[28.653607,38.063934],[28.656117,38.062982],[28.657934,38.062895],[28.660877,38.062809],[28.664944,38.063155],[28.668493,38.063241],[28.671522,38.062982],[28.675243,38.063847],[28.678186,38.064626],[28.680869,38.064799],[28.685455,38.065664],[28.687275,38.065506],[28.687234,38.064564],[28.687169,38.061964],[28.68509,38.057869],[28.68379,38.05371],[28.682555,38.0515],[28.681775,38.04942],[28.680995,38.047925],[28.679695,38.046236],[28.678135,38.044806],[28.675341,38.041036],[28.672806,38.036487],[28.671831,38.035187],[28.670401,38.033887],[28.668907,38.033692],[28.659548,38.034667],[28.657533,38.034537],[28.656363,38.033952],[28.654283,38.031547],[28.651814,38.029468],[28.650254,38.028428],[28.646679,38.026283],[28.642249,38.023402],[28.642682,38.020282],[28.643462,38.017162],[28.645022,38.014823],[28.644935,38.01335],[28.644935,38.010836],[28.645628,38.008843],[28.646928,38.007284],[28.648748,38.005897],[28.650828,38.004597],[28.652908,38.003297],[28.654554,38.001044],[28.656114,37.998618],[28.657154,37.995585],[28.658974,37.992552],[28.66036,37.990299],[28.662006,37.987699],[28.662353,37.986313],[28.66218,37.984146],[28.662353,37.983106],[28.666079,37.980333],[28.668592,37.977647],[28.670066,37.975221],[28.671452,37.971234],[28.672752,37.967595],[28.674398,37.963695],[28.678558,37.956676],[28.680638,37.95295],[28.683931,37.94775],[28.688783,37.943678],[28.693463,37.940818],[28.698662,37.939865],[28.701955,37.937438],[28.706375,37.934492],[28.709321,37.932326],[28.712181,37.929899],[28.713221,37.92756],[28.714174,37.924873],[28.71504,37.922533],[28.71894,37.918374],[28.7218,37.915514],[28.724659,37.913088],[28.727819,37.910751],[28.727949,37.909105],[28.728814,37.907548],[28.729593,37.906076],[28.730718,37.903047],[28.732968,37.900278],[28.735478,37.897941],[28.739978,37.895777],[28.743267,37.892056],[28.743094,37.890066],[28.742575,37.888162],[28.741277,37.887123],[28.739286,37.88669],[28.73643,37.885565],[28.734613,37.88444],[28.73193,37.882623],[28.730718,37.881238],[28.72968,37.879247],[28.729247,37.876651],[28.728987,37.873276],[28.728468,37.870074],[28.728208,37.867564],[28.728208,37.863929],[28.729247,37.861246],[28.732968,37.857784],[28.734613,37.854409],[28.73643,37.852765],[28.738074,37.850947],[28.739026,37.848784],[28.739632,37.846447],[28.739632,37.845235],[28.739632,37.843851],[28.739113,37.842379],[28.739026,37.840216],[28.738767,37.837879],[28.738853,37.836148],[28.737151,37.834941],[28.732203,37.832673],[28.723132,37.829478],[28.718905,37.829272],[28.715504,37.829581],[28.711277,37.830096],[28.707051,37.8302],[28.702618,37.8302],[28.698495,37.829066],[28.693547,37.828756],[28.687465,37.828963],[28.682311,37.829375],[28.679734,37.8302],[28.678291,37.831746],[28.676436,37.834323],[28.673962,37.837415],[28.670354,37.840302],[28.659221,37.852671],[28.654376,37.857104],[28.651387,37.860402],[28.648707,37.864629],[28.646336,37.867927],[28.644171,37.869886],[28.642316,37.870195],[28.637574,37.868649],[28.629843,37.867206],[28.611598,37.863907],[28.593765,37.859681],[28.575313,37.855351],[28.570571,37.851331],[28.561088,37.846796],[28.554903,37.843497],[28.549543,37.840198],[28.545522,37.837621],[28.542945,37.836075],[28.53975,37.835457],[28.535008,37.834941],[28.526865,37.833807],[28.521298,37.832983],[28.51635,37.83257],[28.508516,37.830921],[28.499857,37.827416],[28.495219,37.825458],[28.488931,37.821747],[28.484189,37.818654],[28.479241,37.816593],[28.473159,37.815253],[28.467078,37.813603]]]}},{"type":"Feature","properties":{"id":"TR-D-09-014","parent_id":"TR-P-09","region_id":"TR-R-EGE","level":"district","municipality_type":null,"municipality_type_label":null,"is_metropolitan_municipality":null,"name":"Nazilli","name_ascii":"nazilli","slug":"nazilli-aydin"},"geometry":{"type":"Polygon","coordinates":[[[28.48468,38.121812],[28.485451,38.122438],[28.487441,38.12287],[28.493586,38.123476],[28.50025,38.123563],[28.507,38.117851],[28.510722,38.116812],[28.513318,38.115081],[28.51678,38.112139],[28.519316,38.110513],[28.519924,38.108344],[28.52045,38.105714],[28.52045,38.102558],[28.5206,38.099402],[28.520074,38.097448],[28.519022,38.096021],[28.516918,38.093391],[28.514664,38.090686],[28.511133,38.088507],[28.507451,38.086553],[28.506248,38.0849],[28.50204,38.079189],[28.499561,38.076033],[28.498358,38.072501],[28.497832,38.070397],[28.497607,38.067091],[28.497457,38.06401],[28.497457,38.061305],[28.497306,38.057172],[28.498433,38.055218],[28.498959,38.053716],[28.498884,38.051912],[28.498809,38.05071],[28.498433,38.049508],[28.497156,38.046577],[28.496104,38.045149],[28.495803,38.043571],[28.496254,38.042144],[28.496931,38.040566],[28.497081,38.038311],[28.495879,38.036433],[28.494751,38.034404],[28.494301,38.031098],[28.493624,38.028843],[28.492798,38.026589],[28.492873,38.02411],[28.491896,38.020878],[28.490919,38.017798],[28.49107,38.015393],[28.492272,38.013439],[28.492122,38.010584],[28.492046,38.00878],[28.492422,38.006376],[28.492948,38.002844],[28.493474,37.999538],[28.494225,37.995856],[28.494451,37.994128],[28.494225,37.99285],[28.493173,37.991423],[28.490393,37.988717],[28.48874,37.985186],[28.48859,37.983533],[28.488364,37.979475],[28.488515,37.976695],[28.48844,37.974966],[28.487237,37.973539],[28.485284,37.972261],[28.482203,37.970909],[28.479948,37.970082],[28.477469,37.969556],[28.475214,37.969556],[28.472134,37.969706],[28.469203,37.969331],[28.468301,37.967302],[28.467099,37.965048],[28.466498,37.962869],[28.464544,37.960539],[28.463643,37.958285],[28.463868,37.956932],[28.463868,37.954603],[28.463643,37.952649],[28.461614,37.950846],[28.458458,37.948967],[28.455527,37.946863],[28.453874,37.943782],[28.452146,37.941904],[28.448013,37.941303],[28.445308,37.941904],[28.442903,37.941303],[28.439221,37.94243],[28.435915,37.942881],[28.432458,37.943332],[28.430655,37.942806],[28.428852,37.941904],[28.427649,37.940251],[28.425696,37.938522],[28.423817,37.936944],[28.422026,37.934415],[28.421926,37.93221],[28.422227,37.929505],[28.422227,37.927201],[28.422314,37.924195],[28.423441,37.921039],[28.4281,37.916906],[28.429378,37.913375],[28.431031,37.906086],[28.434788,37.896994],[28.438395,37.891508],[28.442753,37.885121],[28.445684,37.88159],[28.448314,37.877081],[28.45162,37.866937],[28.452296,37.861752],[28.453649,37.857093],[28.45425,37.85018],[28.454475,37.849128],[28.454625,37.8477],[28.455302,37.846498],[28.455677,37.844319],[28.456053,37.841689],[28.455753,37.838082],[28.454926,37.835678],[28.453498,37.833574],[28.452146,37.831244],[28.45147,37.828614],[28.450931,37.82616],[28.451432,37.823655],[28.452734,37.820449],[28.454638,37.817643],[28.456542,37.814638],[28.458345,37.811432],[28.459535,37.8079],[28.458986,37.80144],[28.457886,37.795392],[28.456512,37.792644],[28.453076,37.787008],[28.450602,37.781923],[28.44854,37.776838],[28.448008,37.770172],[28.448729,37.767079],[28.448935,37.763884],[28.448008,37.760276],[28.446771,37.759348],[28.445018,37.757905],[28.443472,37.756977],[28.441307,37.755947],[28.438936,37.755225],[28.435019,37.754194],[28.429865,37.753163],[28.421825,37.751514],[28.415022,37.747494],[28.411001,37.746051],[28.40729,37.743989],[28.404817,37.74234],[28.40193,37.739969],[28.39925,37.738114],[28.397188,37.736567],[28.394818,37.734815],[28.392447,37.733887],[28.390385,37.73399],[28.38688,37.735124],[28.383891,37.736155],[28.375438,37.738938],[28.371315,37.739866],[28.368326,37.741515],[28.364409,37.743268],[28.360492,37.744608],[28.355234,37.747185],[28.353379,37.747906],[28.349565,37.748422],[28.345957,37.748937],[28.342762,37.749143],[28.339978,37.750689],[28.338741,37.751823],[28.336267,37.756359],[28.335752,37.758318],[28.335958,37.76007],[28.336886,37.763162],[28.337504,37.766152],[28.338948,37.769553],[28.339772,37.772646],[28.339875,37.774914],[28.338948,37.778625],[28.337504,37.781717],[28.335958,37.784397],[28.333805,37.787614],[28.331577,37.788767],[28.328843,37.789501],[28.328148,37.789461],[28.32139,37.790393],[28.317097,37.791163],[28.316811,37.791573],[28.316571,37.791955],[28.316359,37.792346],[28.316179,37.792756],[28.316028,37.793174],[28.315898,37.793599],[28.315783,37.794029],[28.315679,37.794462],[28.315404,37.795772],[28.31464,37.799723],[28.313688,37.804546],[28.313442,37.805863],[28.313253,37.80704],[28.313048,37.808593],[28.312905,37.809929],[28.312832,37.810821],[28.312807,37.811267],[28.312793,37.811666],[28.31279,37.812464],[28.312818,37.81326],[28.312847,37.813656],[28.312887,37.81405],[28.312941,37.814443],[28.313013,37.814832],[28.313107,37.815219],[28.313221,37.815585],[28.313354,37.815949],[28.313956,37.8174],[28.314237,37.818138],[28.31436,37.818509],[28.314465,37.818884],[28.314551,37.819273],[28.314615,37.819664],[28.314659,37.820057],[28.314683,37.82045],[28.314688,37.820843],[28.314669,37.821234],[28.314627,37.821623],[28.314562,37.822009],[28.31447,37.822389],[28.314346,37.822764],[28.314199,37.823104],[28.314025,37.823439],[28.31383,37.823768],[28.313618,37.824092],[28.313391,37.824412],[28.313102,37.824793],[28.312801,37.82517],[28.311855,37.826287],[28.309275,37.829238],[28.307353,37.831453],[28.303538,37.835895],[28.302764,37.836788],[28.302578,37.837002],[28.301925,37.837731],[28.301591,37.838091],[28.301248,37.838444],[28.300893,37.838789],[28.300531,37.839117],[28.300157,37.839437],[28.299772,37.839749],[28.299378,37.840054],[28.298577,37.840639],[28.298167,37.840925],[28.297336,37.841481],[28.296486,37.842017],[28.296052,37.842275],[28.295592,37.842535],[28.294654,37.843036],[28.293223,37.843763],[28.291157,37.844789],[28.286982,37.846863],[28.285594,37.847558],[28.281232,37.84974],[28.279789,37.850449],[28.278818,37.850903],[28.278326,37.851118],[28.277827,37.851319],[28.277319,37.851502],[28.276809,37.851654],[28.276357,37.851766],[28.275563,37.851941],[28.27488,37.852072],[28.274196,37.852193],[28.272939,37.852397],[28.271664,37.852591],[28.268525,37.85217],[28.265205,37.851724],[28.264208,37.852235],[28.263742,37.852449],[28.26329,37.852629],[28.262828,37.852786],[28.262356,37.852916],[28.261875,37.853017],[28.261292,37.85309],[28.260921,37.85312],[28.260436,37.853138],[28.259947,37.853142],[28.259393,37.853131],[28.258278,37.853083],[28.257158,37.853016],[28.255835,37.852929],[28.25502,37.858523],[28.254528,37.862827],[28.252314,37.871067],[28.250592,37.878201],[28.249239,37.885334],[28.247764,37.893697],[28.245919,37.900215],[28.244443,37.90575],[28.242475,37.911776],[28.240308,37.915035],[28.238463,37.91854],[28.236433,37.920477],[28.232928,37.923706],[28.231268,37.926104],[28.230161,37.92841],[28.229239,37.931731],[28.22804,37.934406],[28.227855,37.936712],[28.228316,37.938741],[28.229147,37.94077],[28.2297,37.941877],[28.230622,37.946028],[28.230991,37.948057],[28.229977,37.950455],[28.229884,37.952392],[28.227394,37.956728],[28.225457,37.958111],[28.224627,37.959956],[28.225088,37.961709],[28.227209,37.963738],[28.228501,37.965029],[28.229977,37.966321],[28.232006,37.968534],[28.233113,37.969457],[28.234127,37.970471],[28.234958,37.971117],[28.235234,37.971947],[28.235603,37.97287],[28.235511,37.9737],[28.234589,37.974714],[28.233666,37.97536],[28.232006,37.978404],[28.229608,37.979788],[28.227486,37.981448],[28.225549,37.983201],[28.22435,37.985045],[28.223704,37.987444],[28.223151,37.990764],[28.222505,37.992517],[28.221214,37.994085],[28.220107,37.995284],[28.219185,37.997221],[28.218539,37.998328],[28.216971,37.999896],[28.215587,38.000818],[28.214019,38.002387],[28.213281,38.003955],[28.213097,38.006076],[28.213097,38.007736],[28.212359,38.008843],[28.211529,38.010135],[28.211436,38.011426],[28.211344,38.013548],[28.211344,38.015208],[28.211067,38.018529],[28.211436,38.020927],[28.211436,38.023141],[28.211067,38.025631],[28.21052,38.02825],[28.214739,38.026633],[28.220971,38.02646],[28.222875,38.026719],[28.227808,38.029402],[28.234818,38.032258],[28.238539,38.033297],[28.244078,38.036066],[28.248751,38.036153],[28.252819,38.035807],[28.257319,38.033989],[28.260521,38.032085],[28.263464,38.031306],[28.267618,38.032864],[28.274196,38.034076],[28.277571,38.034335],[28.279302,38.035374],[28.280859,38.038403],[28.282417,38.04022],[28.285792,38.044201],[28.288908,38.048096],[28.290466,38.050952],[28.293322,38.054587],[28.298688,38.060126],[28.301284,38.064366],[28.302322,38.067309],[28.302409,38.071376],[28.303794,38.078387],[28.3044,38.079512],[28.304313,38.081069],[28.304746,38.086262],[28.307602,38.089637],[28.310977,38.092407],[28.314093,38.093965],[28.316949,38.09483],[28.321362,38.095522],[28.32569,38.096994],[28.328026,38.098811],[28.330623,38.10158],[28.330969,38.102879],[28.330796,38.104956],[28.330103,38.108331],[28.329844,38.110668],[28.330363,38.112918],[28.330796,38.115081],[28.330276,38.117332],[28.330449,38.119149],[28.330882,38.121226],[28.3327,38.121918],[28.335209,38.122265],[28.3372,38.122265],[28.340662,38.121572],[28.343085,38.121572],[28.346201,38.122351],[28.348537,38.123303],[28.350355,38.124688],[28.352605,38.125294],[28.356586,38.125726],[28.360567,38.125726],[28.363336,38.124601],[28.366019,38.122957],[28.369135,38.120793],[28.373203,38.118803],[28.375626,38.119062],[28.378741,38.118976],[28.381251,38.118457],[28.383674,38.116553],[28.386617,38.114562],[28.388607,38.113004],[28.390425,38.111273],[28.393194,38.109889],[28.395271,38.108331],[28.398993,38.105994],[28.400551,38.103398],[28.401849,38.10158],[28.404012,38.099936],[28.406263,38.098292],[28.409119,38.096388],[28.412148,38.095782],[28.414657,38.095955],[28.41786,38.096215],[28.420542,38.094917],[28.422273,38.092407],[28.424264,38.09033],[28.42712,38.089637],[28.42963,38.089291],[28.434649,38.087474],[28.43664,38.08756],[28.438717,38.087906],[28.440707,38.088512],[28.443563,38.091022],[28.44616,38.093791],[28.448583,38.096301],[28.451352,38.098638],[28.45542,38.101407],[28.457324,38.103052],[28.458879,38.103513],[28.460542,38.104463],[28.462125,38.105928],[28.46537,38.108065],[28.467309,38.109252],[28.46909,38.110439],[28.471188,38.111785],[28.472771,38.11317],[28.474314,38.113724],[28.475383,38.114674],[28.476966,38.116534],[28.479499,38.117999],[28.481251,38.119564],[28.482162,38.120188],[28.484066,38.121313],[28.48468,38.121812]]]}},{"type":"Feature","properties":{"id":"TR-D-09-015","parent_id":"TR-P-09","region_id":"TR-R-EGE","level":"district","municipality_type":null,"municipality_type_label":null,"is_metropolitan_municipality":null,"name":"Söke","name_ascii":"soke","slug":"soke-aydin"},"geometry":{"type":"Polygon","coordinates":[[[27.181064,37.548297],[27.180991,37.548549],[27.180947,37.548679],[27.180935,37.548713],[27.180921,37.548755],[27.180909,37.548793],[27.18088,37.548879],[27.180855,37.548956],[27.180835,37.549013],[27.180852,37.54907],[27.180888,37.549116],[27.180929,37.549207],[27.180991,37.549335],[27.181048,37.54945],[27.181147,37.549617],[27.181467,37.550285],[27.182129,37.551583],[27.182174,37.551655],[27.182217,37.551745],[27.18227,37.551838],[27.18227,37.551862],[27.182206,37.551901],[27.181872,37.551933],[27.180808,37.55206],[27.178504,37.552324],[27.178475,37.552327],[27.178298,37.552354],[27.178168,37.552404],[27.178106,37.552434],[27.175288,37.553907],[27.17498,37.554104],[27.174885,37.554231],[27.174473,37.555959],[27.174314,37.556624],[27.174298,37.556735],[27.174298,37.556878],[27.174806,37.55756],[27.176074,37.559272],[27.176185,37.559272],[27.177104,37.558733],[27.179004,37.55761],[27.181119,37.5556],[27.181201,37.555519],[27.181246,37.555474],[27.181285,37.555443],[27.181336,37.55541],[27.181483,37.555348],[27.184262,37.554088],[27.184438,37.554],[27.184475,37.55399],[27.184554,37.553951],[27.184596,37.553928],[27.184652,37.553956],[27.184706,37.553973],[27.184859,37.554035],[27.188057,37.555296],[27.191097,37.556858],[27.191372,37.557037],[27.191602,37.557253],[27.193542,37.559397],[27.196157,37.561456],[27.196445,37.56165],[27.196702,37.561753],[27.200175,37.562805],[27.202555,37.563997],[27.203201,37.564321],[27.203426,37.564378],[27.203727,37.564438],[27.2046,37.564473],[27.20609,37.5646],[27.207168,37.564727],[27.207374,37.564663],[27.210247,37.563],[27.21065,37.562577],[27.212382,37.560588],[27.212763,37.56027],[27.213326,37.559769],[27.214516,37.558705],[27.214762,37.558459],[27.214912,37.558422],[27.215185,37.55848],[27.216691,37.558816],[27.217682,37.559017],[27.217786,37.559038],[27.217885,37.559069],[27.218131,37.559085],[27.218424,37.559164],[27.218488,37.55918],[27.218567,37.55926],[27.218602,37.559379],[27.218607,37.559418],[27.218633,37.55952],[27.218635,37.559529],[27.218657,37.559642],[27.218678,37.559957],[27.218739,37.560372],[27.218866,37.561039],[27.218945,37.561467],[27.218971,37.561725],[27.218977,37.561784],[27.219023,37.562011],[27.219003,37.562076],[27.217322,37.564542],[27.215247,37.566868],[27.214514,37.567863],[27.213194,37.569707],[27.211455,37.572357],[27.216379,37.575018],[27.21794,37.575772],[27.217227,37.578525],[27.216672,37.581535],[27.217322,37.583075],[27.217961,37.584583],[27.221573,37.584684],[27.222927,37.586008],[27.224153,37.587182],[27.222047,37.590146],[27.220507,37.591446],[27.21931,37.592468],[27.218034,37.593342],[27.216526,37.594369],[27.212995,37.596489],[27.21112,37.598894],[27.20957,37.601419],[27.20583,37.601314],[27.202373,37.602694],[27.199229,37.604761],[27.197448,37.606123],[27.192904,37.609583],[27.191383,37.610408],[27.18934,37.611529],[27.185857,37.610975],[27.18297,37.609151],[27.179209,37.608596],[27.178654,37.612032],[27.17527,37.613929],[27.172343,37.615358],[27.169571,37.616663],[27.165733,37.618347],[27.161991,37.618703],[27.157959,37.618483],[27.154914,37.619408],[27.152704,37.620089],[27.151625,37.620403],[27.150137,37.620874],[27.142793,37.623106],[27.140331,37.62385],[27.132977,37.626081],[27.128,37.62759],[27.123124,37.629085],[27.121233,37.629665],[27.119472,37.630188],[27.117871,37.631615],[27.115073,37.634107],[27.113124,37.634253],[27.109499,37.634274],[27.105175,37.634851],[27.102592,37.63714],[27.099573,37.638976],[27.096263,37.640014],[27.088287,37.641102],[27.085173,37.64231],[27.081307,37.641755],[27.077567,37.642436],[27.074704,37.644316],[27.070724,37.644546],[27.066318,37.643622],[27.061708,37.642713],[27.054802,37.64593],[27.051058,37.646163],[27.047479,37.647433],[27.04372,37.648463],[27.039544,37.64927],[27.036101,37.650388],[27.032349,37.652024],[27.02803,37.652948],[27.025774,37.651758],[27.028526,37.653906],[27.032215,37.656898],[27.034998,37.65829],[27.037504,37.658847],[27.040777,37.658915],[27.040844,37.658916],[27.047525,37.657733],[27.051701,37.656689],[27.059426,37.655228],[27.066176,37.654671],[27.068577,37.654428],[27.070978,37.654184],[27.076406,37.654254],[27.07919,37.654741],[27.081506,37.655347],[27.082113,37.655506],[27.08441,37.656202],[27.087472,37.656202],[27.088376,37.656351],[27.09297,37.657107],[27.09631,37.657733],[27.099163,37.658429],[27.102713,37.658777],[27.105079,37.659403],[27.107723,37.660099],[27.110229,37.660517],[27.112699,37.660586],[27.112734,37.660587],[27.11691,37.660587],[27.121016,37.660587],[27.121376,37.660624],[27.124982,37.661004],[27.128253,37.660795],[27.131037,37.658708],[27.132916,37.657455],[27.134865,37.656759],[27.136683,37.656824],[27.136813,37.656828],[27.138275,37.657559],[27.139736,37.65829],[27.143564,37.659612],[27.146765,37.660656],[27.148245,37.660907],[27.150454,37.661282],[27.15311,37.661329],[27.157007,37.661143],[27.159698,37.661793],[27.162853,37.66235],[27.167585,37.66402],[27.167907,37.66423],[27.169998,37.665597],[27.171204,37.666896],[27.172781,37.667917],[27.175722,37.668952],[27.177792,37.66968],[27.178727,37.670044],[27.181133,37.670979],[27.183824,37.672185],[27.186886,37.673299],[27.192175,37.674134],[27.196443,37.675619],[27.199737,37.67636],[27.200155,37.676454],[27.201883,37.676779],[27.206267,37.676083],[27.211417,37.676083],[27.217472,37.6749],[27.225058,37.672255],[27.225614,37.672173],[27.226937,37.671977],[27.228136,37.671943],[27.229442,37.671907],[27.231742,37.672461],[27.2332,37.672812],[27.235775,37.674203],[27.239255,37.676083],[27.241409,37.676784],[27.242247,37.677057],[27.245309,37.677405],[27.247884,37.678379],[27.251365,37.680154],[27.251433,37.680189],[27.255748,37.682972],[27.259715,37.684991],[27.26236,37.686243],[27.265074,37.686591],[27.267509,37.68673],[27.273007,37.686104],[27.276487,37.685269],[27.278505,37.684364],[27.280175,37.683877],[27.281985,37.683668],[27.284629,37.684016],[27.286513,37.685232],[27.286787,37.685408],[27.287691,37.687426],[27.288387,37.689305],[27.288455,37.6916],[27.288457,37.691672],[27.287831,37.696613],[27.288248,37.698909],[27.288447,37.700893],[27.288457,37.700997],[27.288495,37.701237],[27.288735,37.702737],[27.289049,37.703537],[27.289362,37.704337],[27.289918,37.704964],[27.290475,37.70559],[27.291519,37.706912],[27.293816,37.708374],[27.295327,37.708568],[27.29653,37.708722],[27.298896,37.70907],[27.30083,37.709164],[27.301749,37.709209],[27.302793,37.709209],[27.30502,37.709418],[27.307038,37.709627],[27.311562,37.710879],[27.314972,37.711645],[27.318034,37.712619],[27.321166,37.713385],[27.322975,37.715194],[27.32331,37.715846],[27.324298,37.717769],[27.324557,37.719623],[27.324785,37.721249],[27.324273,37.72287],[27.32395,37.723893],[27.322836,37.725981],[27.321723,37.727582],[27.321723,37.730365],[27.323114,37.732592],[27.324854,37.73468],[27.326761,37.737131],[27.32729,37.737812],[27.327788,37.738636],[27.331118,37.744145],[27.33376,37.749227],[27.333832,37.749364],[27.336337,37.750826],[27.338425,37.752287],[27.339886,37.754793],[27.341487,37.757785],[27.342183,37.760569],[27.342322,37.762448],[27.34287,37.763509],[27.343436,37.764605],[27.345106,37.767319],[27.345941,37.769129],[27.347542,37.771356],[27.348586,37.772469],[27.349164,37.773304],[27.350465,37.775183],[27.352761,37.778385],[27.354988,37.782004],[27.355371,37.783361],[27.355754,37.784718],[27.357006,37.78597],[27.357888,37.786202],[27.359651,37.786666],[27.361043,37.787084],[27.364383,37.787362],[27.366319,37.787615],[27.367585,37.78778],[27.370855,37.789102],[27.371667,37.789612],[27.373291,37.790633],[27.375626,37.792876],[27.37684,37.794043],[27.379903,37.798567],[27.382686,37.80081],[27.384565,37.802325],[27.385444,37.802899],[27.386375,37.803508],[27.389785,37.804134],[27.392777,37.804134],[27.394117,37.804099],[27.395422,37.804065],[27.396093,37.804139],[27.397301,37.804273],[27.398068,37.804968],[27.398762,37.805596],[27.399029,37.808664],[27.399041,37.808797],[27.397997,37.810119],[27.397231,37.811442],[27.396535,37.812787],[27.396187,37.81346],[27.395906,37.814062],[27.395213,37.815548],[27.394378,37.817566],[27.393609,37.819214],[27.393404,37.819654],[27.39336,37.820373],[27.393264,37.82195],[27.393056,37.823899],[27.393128,37.825404],[27.394124,37.825503],[27.39871,37.826628],[27.401218,37.827492],[27.40399,37.828446],[27.405139,37.829003],[27.409875,37.831302],[27.414462,37.834417],[27.415933,37.836235],[27.417606,37.838567],[27.421344,37.836909],[27.426711,37.836403],[27.43147,37.837213],[27.436331,37.837314],[27.44261,37.838833],[27.452433,37.836707],[27.458104,37.836302],[27.461547,37.836099],[27.46813,37.837314],[27.473801,37.837821],[27.478459,37.838124],[27.485447,37.839542],[27.488586,37.840352],[27.492333,37.840859],[27.495878,37.841466],[27.499928,37.842276],[27.503371,37.842681],[27.506815,37.84339],[27.511068,37.843998],[27.513397,37.843998],[27.51603,37.842479],[27.51846,37.841466],[27.520908,37.840651],[27.529687,37.839063],[27.53613,37.832162],[27.536039,37.831773],[27.535935,37.831386],[27.535704,37.830622],[27.535312,37.829483],[27.534613,37.827616],[27.534357,37.826861],[27.534243,37.826482],[27.534142,37.826101],[27.534057,37.825719],[27.533991,37.825327],[27.533944,37.824933],[27.533914,37.824538],[27.5339,37.824143],[27.533902,37.823747],[27.533922,37.823351],[27.533957,37.822956],[27.534058,37.822167],[27.534194,37.82138],[27.534365,37.820598],[27.534468,37.820211],[27.534569,37.819883],[27.534719,37.81946],[27.534868,37.819097],[27.535032,37.818738],[27.535209,37.818383],[27.535401,37.818032],[27.535636,37.817637],[27.535887,37.817246],[27.536148,37.81686],[27.536688,37.816093],[27.537474,37.815019],[27.538368,37.813816],[27.539507,37.812308],[27.540088,37.81156],[27.540825,37.810635],[27.541301,37.810012],[27.541761,37.809352],[27.54198,37.809018],[27.542397,37.80834],[27.542695,37.807816],[27.546736,37.800853],[27.546632,37.800536],[27.546558,37.800197],[27.546518,37.799839],[27.546507,37.799468],[27.546523,37.799088],[27.546568,37.798704],[27.546649,37.798288],[27.546758,37.79787],[27.546886,37.797453],[27.547179,37.796619],[27.547497,37.795788],[27.547826,37.794961],[27.547991,37.794558],[27.548499,37.793317],[27.549032,37.792099],[27.549428,37.791272],[27.549842,37.790451],[27.551206,37.787842],[27.551762,37.786777],[27.552182,37.785959],[27.552584,37.785135],[27.552773,37.78472],[27.552949,37.784302],[27.553107,37.78388],[27.55324,37.783462],[27.553356,37.78304],[27.553549,37.782188],[27.553704,37.781329],[27.553767,37.780899],[27.553819,37.78047],[27.553855,37.780041],[27.55387,37.779615],[27.553859,37.779213],[27.553821,37.778816],[27.553752,37.778428],[27.553645,37.778051],[27.553491,37.777689],[27.553259,37.777317],[27.552972,37.776968],[27.552638,37.776642],[27.552275,37.776351],[27.551851,37.776072],[27.551426,37.775849],[27.550974,37.77565],[27.550534,37.775481],[27.550019,37.775302],[27.549526,37.775143],[27.548523,37.774844],[27.547002,37.774414],[27.544422,37.773703],[27.542875,37.773292],[27.541839,37.773043],[27.541317,37.772932],[27.540792,37.772836],[27.540251,37.772755],[27.539609,37.772679],[27.539092,37.772628],[27.53997,37.76357],[27.541952,37.762404],[27.543624,37.756974],[27.546973,37.75122],[27.551009,37.743663],[27.554015,37.73705],[27.557622,37.73121],[27.558223,37.730437],[27.560628,37.729063],[27.563057,37.728633],[27.566342,37.728585],[27.568322,37.728005],[27.570738,37.726605],[27.572767,37.72501],[27.575714,37.723803],[27.577694,37.723803],[27.579771,37.724189],[27.581511,37.724431],[27.583201,37.724479],[27.585375,37.724141],[27.587404,37.722933],[27.58866,37.722015],[27.589916,37.721001],[27.590544,37.719358],[27.590544,37.718006],[27.590882,37.715252],[27.590931,37.713996],[27.591365,37.712595],[27.592138,37.712064],[27.593008,37.711243],[27.594119,37.710808],[27.595133,37.710663],[27.596776,37.710518],[27.597742,37.710228],[27.599385,37.709697],[27.600641,37.709069],[27.603008,37.707958],[27.604409,37.706895],[27.605858,37.705542],[27.607549,37.704576],[27.608853,37.70332],[27.609384,37.702064],[27.610496,37.700421],[27.610979,37.699649],[27.614167,37.697233],[27.615036,37.696122],[27.615906,37.694818],[27.615858,37.693996],[27.615616,37.693127],[27.615906,37.692789],[27.616727,37.692499],[27.617355,37.692112],[27.617838,37.691388],[27.617935,37.690808],[27.617597,37.689794],[27.617693,37.689166],[27.617983,37.688683],[27.618708,37.688296],[27.619819,37.688248],[27.620495,37.688103],[27.621075,37.687378],[27.621027,37.686509],[27.620737,37.685736],[27.620689,37.685108],[27.620785,37.684625],[27.621606,37.684142],[27.621896,37.683562],[27.621896,37.682547],[27.621461,37.681581],[27.62093,37.680615],[27.621027,37.679842],[27.6218,37.679166],[27.622089,37.678634],[27.622573,37.678248],[27.62407,37.677475],[27.625181,37.676895],[27.625906,37.676074],[27.626727,37.675398],[27.627742,37.675253],[27.628901,37.674915],[27.629481,37.674287],[27.629094,37.673466],[27.628514,37.672548],[27.628273,37.671871],[27.628225,37.671147],[27.628514,37.670422],[27.628998,37.669601],[27.628273,37.668683],[27.627886,37.668007],[27.62779,37.666799],[27.627476,37.665374],[27.627065,37.664528],[27.627452,37.663611],[27.627983,37.662934],[27.628563,37.662016],[27.628659,37.660954],[27.628998,37.660471],[27.629867,37.659988],[27.63126,37.659665],[27.632226,37.659343],[27.63287,37.658957],[27.633063,37.657798],[27.632999,37.656767],[27.63345,37.655672],[27.633579,37.654641],[27.633643,37.65374],[27.633965,37.653289],[27.634481,37.652645],[27.634545,37.652001],[27.634223,37.651356],[27.633257,37.65097],[27.63287,37.649875],[27.633192,37.649553],[27.633772,37.648973],[27.633901,37.648071],[27.633063,37.646719],[27.632291,37.645495],[27.632677,37.643949],[27.632999,37.642532],[27.633321,37.641373],[27.634158,37.640664],[27.635447,37.640471],[27.636284,37.640278],[27.637508,37.639183],[27.638538,37.637122],[27.638023,37.635125],[27.637379,37.634288],[27.637379,37.633579],[27.63783,37.632871],[27.638989,37.632291],[27.639891,37.63184],[27.640342,37.631518],[27.640406,37.630552],[27.640278,37.62965],[27.640342,37.628169],[27.640471,37.627074],[27.640535,37.626429],[27.641372,37.625979],[27.642081,37.625979],[27.642983,37.626043],[27.643885,37.626623],[27.64498,37.627524],[27.645752,37.627975],[27.646783,37.627782],[27.647942,37.627718],[27.649166,37.627846],[27.650261,37.627911],[27.65097,37.627653],[27.651614,37.626236],[27.652451,37.62585],[27.653675,37.625463],[27.656316,37.625592],[27.658313,37.625592],[27.660374,37.625656],[27.662242,37.625334],[27.663337,37.625141],[27.664882,37.624304],[27.666879,37.622565],[27.668039,37.621921],[27.669262,37.621341],[27.670422,37.621019],[27.671839,37.620954],[27.672805,37.620117],[27.673191,37.61928],[27.6739,37.618829],[27.675639,37.618378],[27.680083,37.618314],[27.681114,37.618249],[27.682145,37.617541],[27.683175,37.616446],[27.684528,37.615351],[27.686203,37.614256],[27.687491,37.613547],[27.68923,37.61329],[27.691162,37.61374],[27.692966,37.613998],[27.69464,37.61432],[27.696379,37.614385],[27.698569,37.613612],[27.700631,37.612517],[27.701661,37.611357],[27.701532,37.610069],[27.70121,37.609167],[27.701532,37.608394],[27.701983,37.607299],[27.702241,37.606591],[27.702305,37.604787],[27.701532,37.602855],[27.700695,37.60176],[27.699729,37.600601],[27.70018,37.599055],[27.700953,37.597702],[27.70179,37.596607],[27.701597,37.59577],[27.700437,37.595255],[27.699407,37.594546],[27.698312,37.594546],[27.697217,37.595512],[27.69683,37.596543],[27.696057,37.597895],[27.695284,37.598411],[27.694512,37.598024],[27.693352,37.59738],[27.692257,37.597058],[27.691999,37.596285],[27.691935,37.595448],[27.691549,37.594868],[27.68981,37.594739],[27.68865,37.594546],[27.686911,37.593451],[27.685558,37.592163],[27.684463,37.58978],[27.683046,37.587847],[27.681629,37.586044],[27.679761,37.583983],[27.677571,37.581535],[27.675575,37.579474],[27.673514,37.577155],[27.672805,37.575931],[27.672612,37.574965],[27.672032,37.573935],[27.670744,37.573677],[27.669134,37.572904],[27.667845,37.572324],[27.666879,37.572131],[27.665269,37.572582],[27.66295,37.572711],[27.661469,37.572582],[27.65915,37.572582],[27.657411,37.572067],[27.656509,37.572002],[27.653997,37.57329],[27.651678,37.573548],[27.650326,37.573548],[27.647878,37.573162],[27.645881,37.572131],[27.642596,37.568717],[27.639376,37.564981],[27.636735,37.562341],[27.634416,37.559893],[27.632162,37.557123],[27.630229,37.554225],[27.629199,37.551777],[27.627717,37.548879],[27.625721,37.54598],[27.622693,37.542566],[27.619537,37.539668],[27.618073,37.538203],[27.617668,37.538608],[27.616716,37.539733],[27.612562,37.54181],[27.609879,37.542589],[27.607543,37.542935],[27.605812,37.542849],[27.604946,37.542262],[27.603129,37.541031],[27.602315,37.540701],[27.599927,37.539733],[27.598942,37.539021],[27.596367,37.537158],[27.594886,37.535837],[27.593966,37.535016],[27.59085,37.534237],[27.587605,37.534432],[27.583905,37.535146],[27.579686,37.535795],[27.575921,37.536639],[27.573195,37.536834],[27.569301,37.537548],[27.564952,37.538392],[27.560408,37.539106],[27.559175,37.540923],[27.558656,37.543519],[27.558071,37.545012],[27.557293,37.545726],[27.554956,37.546116],[27.553723,37.54631],[27.549179,37.546765],[27.545479,37.547024],[27.541779,37.547479],[27.536587,37.547998],[27.534055,37.547738],[27.529966,37.547998],[27.5296,37.54791],[27.528084,37.547544],[27.525682,37.547219],[27.523475,37.5467],[27.51997,37.546181],[27.516141,37.546375],[27.513869,37.546116],[27.513637,37.546056],[27.511597,37.545532],[27.509974,37.54339],[27.509978,37.543267],[27.510039,37.541248],[27.510039,37.539755],[27.509022,37.539214],[27.506989,37.538132],[27.506729,37.538109],[27.504068,37.537872],[27.501471,37.537486],[27.501017,37.537418],[27.49868,37.537353],[27.496408,37.538002],[27.494331,37.538262],[27.491346,37.538132],[27.487256,37.537937],[27.484985,37.537807],[27.482518,37.537548],[27.479857,37.537548],[27.477455,37.537431],[27.477196,37.537418],[27.475313,37.536379],[27.474859,37.534173],[27.474015,37.53242],[27.472847,37.530667],[27.472369,37.530014],[27.471613,37.52898],[27.471645,37.528833],[27.472003,37.527162],[27.471884,37.527038],[27.470575,37.52567],[27.469926,37.523982],[27.469536,37.52184],[27.469385,37.521153],[27.468952,37.519179],[27.468547,37.518026],[27.468108,37.516777],[27.468822,37.510027],[27.470124,37.503137],[27.470785,37.498402],[27.471163,37.496078],[27.444331,37.497916],[27.420721,37.50115],[27.38773,37.508913],[27.379598,37.512609],[27.377057,37.513764],[27.374773,37.515066],[27.366202,37.519953],[27.360659,37.522672],[27.355012,37.525077],[27.353339,37.526855],[27.350097,37.530097],[27.343196,37.531038],[27.337653,37.531874],[27.33117,37.532711],[27.32751,37.533966],[27.32134,37.538462],[27.319249,37.539822],[27.316843,37.543168],[27.315911,37.546219],[27.315693,37.546933],[27.315655,37.547208],[27.315066,37.551429],[27.314647,37.555403],[27.311719,37.558227],[27.306805,37.559482],[27.299275,37.559691],[27.293419,37.560527],[27.287982,37.561155],[27.284426,37.561155],[27.278361,37.559482],[27.273646,37.559187],[27.273341,37.559168],[27.268845,37.558854],[27.263616,37.559168],[27.262144,37.558825],[27.261112,37.558957],[27.259922,37.55946],[27.259871,37.559457],[27.258969,37.559407],[27.257858,37.55909],[27.257065,37.55909],[27.255821,37.559328],[27.254657,37.559645],[27.252462,37.55991],[27.25241,37.559913],[27.250901,37.560015],[27.249816,37.560042],[27.248996,37.559619],[27.248361,37.559183],[27.24807,37.558984],[27.247383,37.557979],[27.247012,37.557185],[27.246963,37.556418],[27.246959,37.556365],[27.247074,37.556136],[27.247303,37.555677],[27.247408,37.555595],[27.247674,37.555386],[27.248626,37.55573],[27.250081,37.556285],[27.251555,37.556163],[27.251668,37.556153],[27.251681,37.556153],[27.253229,37.556127],[27.254525,37.556047],[27.254657,37.555651],[27.25434,37.555333],[27.25389,37.554989],[27.253255,37.554672],[27.252567,37.554381],[27.252065,37.553878],[27.251995,37.553728],[27.251694,37.553085],[27.251085,37.552399],[27.250848,37.552132],[27.250213,37.551815],[27.2492,37.551139],[27.248792,37.550668],[27.24826,37.550057],[27.246332,37.549211],[27.244921,37.549446],[27.244262,37.549305],[27.243557,37.548552],[27.243181,37.547612],[27.242475,37.546906],[27.24186,37.546675],[27.241347,37.546483],[27.240669,37.546408],[27.2405,37.546389],[27.239701,37.546718],[27.238478,37.547518],[27.237443,37.548035],[27.234716,37.548411],[27.23227,37.54827],[27.231236,37.5478],[27.230295,37.547],[27.229401,37.545777],[27.228414,37.544837],[27.227144,37.544226],[27.22578,37.543802],[27.224463,37.543473],[27.222606,37.543093],[27.222394,37.54305],[27.221548,37.542627],[27.22103,37.541968],[27.220513,37.541404],[27.219384,37.541028],[27.217911,37.54062],[27.217174,37.540416],[27.216498,37.540367],[27.215246,37.540275],[27.213365,37.540745],[27.211436,37.54131],[27.209508,37.541733],[27.207815,37.54225],[27.207008,37.542612],[27.206451,37.542862],[27.206189,37.543062],[27.205464,37.543614],[27.204931,37.544058],[27.204899,37.544084],[27.204946,37.544602],[27.204946,37.545166],[27.205448,37.545793],[27.205699,37.546107],[27.206922,37.546812],[27.207325,37.547135],[27.207627,37.547376],[27.208191,37.547941],[27.208285,37.548599],[27.20805,37.549305],[27.207439,37.549822],[27.206687,37.549963],[27.206316,37.549833],[27.204946,37.549352],[27.2033,37.548928],[27.200996,37.548787],[27.197798,37.548928],[27.197187,37.549211],[27.196569,37.549622],[27.196481,37.549681],[27.196058,37.550339],[27.195211,37.550527],[27.192484,37.550386],[27.189897,37.550716],[27.187922,37.55081],[27.186135,37.550574],[27.184113,37.550104],[27.182326,37.549117],[27.181064,37.548297]]]}},{"type":"Feature","properties":{"id":"TR-D-09-016","parent_id":"TR-P-09","region_id":"TR-R-EGE","level":"district","municipality_type":null,"municipality_type_label":null,"is_metropolitan_municipality":null,"name":"Sultanhisar","name_ascii":"sultanhisar","slug":"sultanhisar-aydin"},"geometry":{"type":"Polygon","coordinates":[[[28.177539,38.032991],[28.17865,38.032778],[28.183497,38.03347],[28.188689,38.033903],[28.192584,38.03321],[28.194748,38.032085],[28.197863,38.029662],[28.201498,38.029229],[28.209547,38.028623],[28.21052,38.02825],[28.211067,38.025631],[28.211436,38.023141],[28.211436,38.020927],[28.211067,38.018529],[28.211344,38.015208],[28.211344,38.013548],[28.211436,38.011426],[28.211529,38.010135],[28.212359,38.008843],[28.213097,38.007736],[28.213097,38.006076],[28.213281,38.003955],[28.214019,38.002387],[28.215587,38.000818],[28.216971,37.999896],[28.218539,37.998328],[28.219185,37.997221],[28.220107,37.995284],[28.221214,37.994085],[28.222505,37.992517],[28.223151,37.990764],[28.223704,37.987444],[28.22435,37.985045],[28.225549,37.983201],[28.227486,37.981448],[28.229608,37.979788],[28.232006,37.978404],[28.233666,37.97536],[28.234589,37.974714],[28.235511,37.9737],[28.235603,37.97287],[28.235234,37.971947],[28.234958,37.971117],[28.234127,37.970471],[28.233113,37.969457],[28.232006,37.968534],[28.229977,37.966321],[28.228501,37.965029],[28.227209,37.963738],[28.225088,37.961709],[28.224627,37.959956],[28.225457,37.958111],[28.227394,37.956728],[28.229884,37.952392],[28.229977,37.950455],[28.230991,37.948057],[28.230622,37.946028],[28.2297,37.941877],[28.229147,37.94077],[28.228316,37.938741],[28.227855,37.936712],[28.22804,37.934406],[28.229239,37.931731],[28.230161,37.92841],[28.231268,37.926104],[28.232928,37.923706],[28.236433,37.920477],[28.238463,37.91854],[28.240308,37.915035],[28.242475,37.911776],[28.244443,37.90575],[28.245919,37.900215],[28.247764,37.893697],[28.249239,37.885334],[28.250592,37.878201],[28.252314,37.871067],[28.254528,37.862827],[28.25502,37.858523],[28.255835,37.852929],[28.253225,37.852756],[28.252974,37.852738],[28.251543,37.852636],[28.250433,37.852535],[28.249885,37.85247],[28.249345,37.852389],[28.248818,37.852285],[28.248308,37.852151],[28.247849,37.851989],[28.247411,37.851795],[28.246994,37.851572],[28.246603,37.851321],[28.246215,37.85102],[28.245859,37.850692],[28.245534,37.85034],[28.245244,37.849967],[28.245021,37.849626],[28.244819,37.849273],[28.244633,37.848913],[28.244108,37.847817],[28.243927,37.847458],[28.243733,37.847109],[28.243518,37.846777],[28.243276,37.846467],[28.242988,37.846179],[28.242665,37.845928],[28.242281,37.845706],[28.241926,37.845559],[28.24152,37.845459],[28.241095,37.845412],[28.240657,37.845411],[28.240214,37.845456],[28.239752,37.845549],[28.239293,37.845682],[28.23884,37.845847],[28.238393,37.846037],[28.237923,37.846265],[28.237461,37.84651],[28.237004,37.846768],[28.236103,37.847304],[28.231671,37.85005],[28.226801,37.853022],[28.225491,37.853846],[28.225065,37.854128],[28.224647,37.854416],[28.224242,37.854714],[28.223855,37.855023],[28.223491,37.855348],[28.223174,37.855674],[28.222878,37.856014],[28.222598,37.856366],[28.222071,37.857088],[28.22132,37.858182],[28.220828,37.858873],[28.220579,37.859192],[28.220319,37.859488],[28.220041,37.859752],[28.21974,37.859974],[28.219406,37.860137],[28.218992,37.860237],[28.218538,37.860269],[28.218056,37.86025],[28.21759,37.8602],[28.217035,37.860116],[28.216508,37.860019],[28.215973,37.859909],[28.214893,37.859671],[28.210947,37.858763],[28.208911,37.858295],[28.206766,37.85781],[28.205118,37.857437],[28.203492,37.857079],[28.202797,37.856936],[28.202405,37.856855],[28.201859,37.856752],[28.201312,37.856658],[28.200763,37.856579],[28.200244,37.856519],[28.199723,37.856474],[28.199201,37.856441],[28.19868,37.856421],[28.198159,37.856415],[28.19764,37.856425],[28.197124,37.856454],[28.196612,37.856508],[28.196086,37.856595],[28.195564,37.856705],[28.195046,37.856831],[28.193501,37.857238],[28.192988,37.857362],[28.192474,37.857468],[28.192033,37.857535],[28.191445,37.857586],[28.190936,37.857577],[28.190428,37.857527],[28.189921,37.857445],[28.189417,37.857337],[28.188917,37.857205],[28.188426,37.857052],[28.187944,37.856875],[28.187482,37.856675],[28.187031,37.856456],[28.18659,37.85622],[28.186159,37.855971],[28.18577,37.85573],[28.185389,37.85548],[28.185015,37.855223],[28.184649,37.854958],[28.184292,37.854685],[28.183924,37.854387],[28.183214,37.853769],[28.182533,37.853131],[28.182203,37.852805],[28.181884,37.852474],[28.181576,37.852137],[28.181313,37.85183],[28.181061,37.851517],[28.18082,37.851199],[28.18059,37.850876],[28.18037,37.850549],[28.180158,37.850207],[28.179959,37.849862],[28.179772,37.849512],[28.179598,37.849158],[28.179439,37.848799],[28.17929,37.848424],[28.179156,37.848046],[28.179035,37.847664],[28.178826,37.846892],[28.178659,37.846108],[28.178534,37.845318],[28.178488,37.844922],[28.178455,37.844521],[28.178415,37.843719],[28.178375,37.842522],[28.17835,37.842129],[28.178307,37.84174],[28.178237,37.841359],[28.17813,37.840988],[28.177968,37.840616],[28.177764,37.840256],[28.177526,37.839908],[28.177261,37.839573],[28.176975,37.839252],[28.176624,37.838909],[28.176344,37.838666],[28.175999,37.838414],[28.175631,37.838202],[28.175235,37.838041],[28.174775,37.837939],[28.174285,37.837894],[28.173774,37.837892],[28.173247,37.83792],[28.17271,37.837969],[28.172165,37.838032],[28.171063,37.838183],[28.167175,37.838773],[28.165524,37.839037],[28.164982,37.839133],[28.164447,37.839238],[28.163922,37.839355],[28.163412,37.839491],[28.162922,37.839651],[28.162422,37.839868],[28.162032,37.840085],[28.161631,37.840357],[28.161251,37.840655],[28.160884,37.840971],[28.160528,37.8413],[28.160179,37.841638],[28.159494,37.842331],[28.158985,37.842862],[28.158481,37.843388],[28.155546,37.84652],[28.154896,37.847196],[28.154227,37.847856],[28.153879,37.848176],[28.153518,37.848486],[28.153148,37.848778],[28.15276,37.849064],[28.152372,37.849334],[28.151971,37.849601],[28.15115,37.850116],[28.150729,37.850364],[28.150302,37.850603],[28.149867,37.850832],[28.149422,37.851047],[28.148929,37.851262],[28.148424,37.851463],[28.147912,37.851652],[28.147394,37.851835],[28.146348,37.852185],[28.142275,37.853495],[28.140549,37.854049],[28.134757,37.855939],[28.133699,37.85627],[28.133167,37.856427],[28.132632,37.856575],[28.132094,37.856711],[28.13155,37.856827],[28.131049,37.856914],[28.130543,37.856983],[28.130035,37.857038],[28.129525,37.857081],[28.129014,37.857111],[28.128503,37.857128],[28.127993,37.85713],[28.127486,37.857112],[28.126982,37.857071],[28.126465,37.856999],[28.125953,37.856903],[28.125443,37.856787],[28.124936,37.856658],[28.124432,37.856519],[28.123431,37.856216],[28.122445,37.855883],[28.121982,37.855712],[28.121526,37.855534],[28.121078,37.855347],[28.120641,37.855153],[28.120216,37.854949],[28.119809,37.854733],[28.119424,37.854502],[28.119113,37.854281],[28.118756,37.853974],[28.118465,37.853636],[28.118218,37.853269],[28.118,37.852883],[28.117388,37.851688],[28.11716,37.851302],[28.116898,37.850934],[28.116622,37.850624],[28.116313,37.850336],[28.115977,37.850068],[28.115618,37.849823],[28.115237,37.849602],[28.114735,37.849375],[28.114412,37.849258],[28.113941,37.849141],[28.113449,37.849063],[28.112943,37.849014],[28.112546,37.848992],[28.111902,37.848973],[28.111373,37.848971],[28.110307,37.848993],[28.10924,37.849043],[28.108709,37.84908],[28.108179,37.849127],[28.107654,37.849188],[28.107133,37.849267],[28.106597,37.849372],[28.106067,37.849496],[28.105541,37.849634],[28.104938,37.849803],[28.102929,37.850388],[28.102406,37.850529],[28.10188,37.850658],[28.101378,37.850763],[28.104231,37.853462],[28.106019,37.855171],[28.104101,37.860424],[28.103017,37.863842],[28.099516,37.869428],[28.096848,37.873597],[28.093596,37.879017],[28.090594,37.88452],[28.08801,37.889606],[28.085675,37.893108],[28.084841,37.897026],[28.083841,37.901279],[28.08284,37.907699],[28.082673,37.909533],[28.083007,37.912118],[28.083174,37.914035],[28.083841,37.916203],[28.084508,37.917871],[28.086259,37.920122],[28.088093,37.92254],[28.089093,37.925875],[28.090177,37.927792],[28.093262,37.930711],[28.097181,37.933962],[28.1011,37.935296],[28.10702,37.937464],[28.108937,37.939132],[28.111105,37.942967],[28.112856,37.945302],[28.114273,37.947219],[28.117108,37.949054],[28.120277,37.950221],[28.123028,37.951222],[28.127864,37.951472],[28.129948,37.952139],[28.130949,37.953389],[28.131949,37.955474],[28.132199,37.957391],[28.131616,37.962644],[28.130449,37.964812],[28.129365,37.96648],[28.128031,37.968314],[28.12753,37.970732],[28.127864,37.973567],[28.129698,37.975901],[28.130699,37.977402],[28.131282,37.978819],[28.131032,37.983072],[28.131783,37.987574],[28.131949,37.990492],[28.130449,37.995078],[28.127614,37.99833],[28.125112,38.000247],[28.123028,38.002332],[28.121611,38.004666],[28.121277,38.008085],[28.121777,38.012837],[28.122194,38.01784],[28.123089,38.025681],[28.124041,38.025508],[28.127762,38.025335],[28.130445,38.025594],[28.131916,38.027498],[28.131916,38.030787],[28.132262,38.032778],[28.133387,38.034335],[28.133907,38.038057],[28.137455,38.040826],[28.139965,38.041951],[28.145763,38.041432],[28.154072,38.041345],[28.157187,38.04048],[28.159524,38.039182],[28.164024,38.037105],[28.169303,38.034595],[28.17415,38.033643],[28.177539,38.032991]]]}},{"type":"Feature","properties":{"id":"TR-D-09-017","parent_id":"TR-P-09","region_id":"TR-R-EGE","level":"district","municipality_type":null,"municipality_type_label":null,"is_metropolitan_municipality":null,"name":"Yenipazar","name_ascii":"yenipazar","slug":"yenipazar-aydin"},"geometry":{"type":"Polygon","coordinates":[[[28.095513,37.850331],[28.096057,37.850533],[28.096556,37.850666],[28.09707,37.850765],[28.097595,37.850837],[28.098128,37.850889],[28.098665,37.850921],[28.099205,37.850936],[28.099745,37.850932],[28.100283,37.850906],[28.100818,37.850853],[28.101378,37.850763],[28.10188,37.850658],[28.102406,37.850529],[28.102929,37.850388],[28.104938,37.849803],[28.105541,37.849634],[28.106067,37.849496],[28.106597,37.849372],[28.107133,37.849267],[28.107654,37.849188],[28.108179,37.849127],[28.108709,37.84908],[28.10924,37.849043],[28.110307,37.848993],[28.111373,37.848971],[28.111902,37.848973],[28.112546,37.848992],[28.112943,37.849014],[28.113449,37.849063],[28.113941,37.849141],[28.114412,37.849258],[28.114735,37.849375],[28.115237,37.849602],[28.115618,37.849823],[28.115977,37.850068],[28.116313,37.850336],[28.116622,37.850624],[28.116898,37.850934],[28.11716,37.851302],[28.117388,37.851688],[28.118,37.852883],[28.118218,37.853269],[28.118465,37.853636],[28.118756,37.853974],[28.119113,37.854281],[28.119424,37.854502],[28.119809,37.854733],[28.120216,37.854949],[28.120641,37.855153],[28.121078,37.855347],[28.121526,37.855534],[28.121982,37.855712],[28.122445,37.855883],[28.123431,37.856216],[28.124432,37.856519],[28.124936,37.856658],[28.125443,37.856787],[28.125953,37.856903],[28.126465,37.856999],[28.126982,37.857071],[28.127486,37.857112],[28.127993,37.85713],[28.128503,37.857128],[28.129014,37.857111],[28.129525,37.857081],[28.130035,37.857038],[28.130543,37.856983],[28.131049,37.856914],[28.13155,37.856827],[28.132094,37.856711],[28.132632,37.856575],[28.133167,37.856427],[28.133699,37.85627],[28.134757,37.855939],[28.140549,37.854049],[28.142275,37.853495],[28.146348,37.852185],[28.147394,37.851835],[28.147912,37.851652],[28.148424,37.851463],[28.148929,37.851262],[28.149422,37.851047],[28.149867,37.850832],[28.150302,37.850603],[28.150729,37.850364],[28.15115,37.850116],[28.151971,37.849601],[28.152372,37.849334],[28.15276,37.849064],[28.153148,37.848778],[28.153518,37.848486],[28.153879,37.848176],[28.154227,37.847856],[28.154896,37.847196],[28.155546,37.84652],[28.158481,37.843388],[28.158985,37.842862],[28.159494,37.842331],[28.160179,37.841638],[28.160528,37.8413],[28.160884,37.840971],[28.161251,37.840655],[28.161631,37.840357],[28.162032,37.840085],[28.162422,37.839868],[28.162922,37.839651],[28.163412,37.839491],[28.163922,37.839355],[28.164447,37.839238],[28.164982,37.839133],[28.165524,37.839037],[28.167175,37.838773],[28.171063,37.838183],[28.172165,37.838032],[28.17271,37.837969],[28.173247,37.83792],[28.173774,37.837892],[28.174285,37.837894],[28.174775,37.837939],[28.175235,37.838041],[28.175631,37.838202],[28.175999,37.838414],[28.176344,37.838666],[28.176624,37.838909],[28.176975,37.839252],[28.177261,37.839573],[28.177526,37.839908],[28.177764,37.840256],[28.177968,37.840616],[28.17813,37.840988],[28.178237,37.841359],[28.178307,37.84174],[28.17835,37.842129],[28.178375,37.842522],[28.178415,37.843719],[28.178455,37.844521],[28.178488,37.844922],[28.178534,37.845318],[28.178659,37.846108],[28.178826,37.846892],[28.179035,37.847664],[28.179156,37.848046],[28.17929,37.848424],[28.179439,37.848799],[28.179598,37.849158],[28.179772,37.849512],[28.179959,37.849862],[28.180158,37.850207],[28.18037,37.850549],[28.18059,37.850876],[28.18082,37.851199],[28.181061,37.851517],[28.181313,37.85183],[28.181576,37.852137],[28.181884,37.852474],[28.182203,37.852805],[28.182533,37.853131],[28.183214,37.853769],[28.183924,37.854387],[28.184292,37.854685],[28.184649,37.854958],[28.185015,37.855223],[28.185389,37.85548],[28.18577,37.85573],[28.186159,37.855971],[28.18659,37.85622],[28.187031,37.856456],[28.187482,37.856675],[28.187944,37.856875],[28.188426,37.857052],[28.188917,37.857205],[28.189417,37.857337],[28.189921,37.857445],[28.190428,37.857527],[28.190936,37.857577],[28.191445,37.857586],[28.192033,37.857535],[28.192474,37.857468],[28.192988,37.857362],[28.193501,37.857238],[28.195046,37.856831],[28.195564,37.856705],[28.196086,37.856595],[28.196612,37.856508],[28.197124,37.856454],[28.19764,37.856425],[28.198159,37.856415],[28.19868,37.856421],[28.199201,37.856441],[28.199723,37.856474],[28.200244,37.856519],[28.200763,37.856579],[28.201312,37.856658],[28.201859,37.856752],[28.202405,37.856855],[28.202797,37.856936],[28.203492,37.857079],[28.205118,37.857437],[28.206766,37.85781],[28.208911,37.858295],[28.210947,37.858763],[28.214893,37.859671],[28.215973,37.859909],[28.216508,37.860019],[28.217035,37.860116],[28.21759,37.8602],[28.218056,37.86025],[28.218538,37.860269],[28.218992,37.860237],[28.219406,37.860137],[28.21974,37.859974],[28.220041,37.859752],[28.220319,37.859488],[28.220579,37.859192],[28.220828,37.858873],[28.22132,37.858182],[28.222071,37.857088],[28.222598,37.856366],[28.222878,37.856014],[28.223174,37.855674],[28.223491,37.855348],[28.223855,37.855023],[28.224242,37.854714],[28.224647,37.854416],[28.225065,37.854128],[28.225491,37.853846],[28.226801,37.853022],[28.231671,37.85005],[28.236103,37.847304],[28.237004,37.846768],[28.237461,37.84651],[28.237923,37.846265],[28.238393,37.846037],[28.23884,37.845847],[28.239293,37.845682],[28.239752,37.845549],[28.240214,37.845456],[28.240657,37.845411],[28.241095,37.845412],[28.24152,37.845459],[28.241926,37.845559],[28.242281,37.845706],[28.242665,37.845928],[28.242988,37.846179],[28.243276,37.846467],[28.243518,37.846777],[28.243733,37.847109],[28.243927,37.847458],[28.244108,37.847817],[28.244633,37.848913],[28.244819,37.849273],[28.245021,37.849626],[28.245244,37.849967],[28.245534,37.85034],[28.245859,37.850692],[28.246215,37.85102],[28.246603,37.851321],[28.246994,37.851572],[28.247411,37.851795],[28.247849,37.851989],[28.248308,37.852151],[28.248818,37.852285],[28.249345,37.852389],[28.249885,37.85247],[28.250433,37.852535],[28.251543,37.852636],[28.252974,37.852738],[28.253225,37.852756],[28.255835,37.852929],[28.257158,37.853016],[28.258278,37.853083],[28.259393,37.853131],[28.259947,37.853142],[28.260436,37.853138],[28.260921,37.85312],[28.261292,37.85309],[28.261875,37.853017],[28.262356,37.852916],[28.262828,37.852786],[28.26329,37.852629],[28.263742,37.852449],[28.264208,37.852235],[28.265205,37.851724],[28.268525,37.85217],[28.271664,37.852591],[28.272939,37.852397],[28.274196,37.852193],[28.27488,37.852072],[28.275563,37.851941],[28.276357,37.851766],[28.276809,37.851654],[28.277319,37.851502],[28.277827,37.851319],[28.278326,37.851118],[28.278818,37.850903],[28.279789,37.850449],[28.281232,37.84974],[28.285594,37.847558],[28.286982,37.846863],[28.291157,37.844789],[28.293223,37.843763],[28.294654,37.843036],[28.295592,37.842535],[28.296052,37.842275],[28.296486,37.842017],[28.297336,37.841481],[28.298167,37.840925],[28.298577,37.840639],[28.299378,37.840054],[28.299772,37.839749],[28.300157,37.839437],[28.300531,37.839117],[28.300893,37.838789],[28.301248,37.838444],[28.301591,37.838091],[28.301925,37.837731],[28.302578,37.837002],[28.302764,37.836788],[28.296992,37.829884],[28.293073,37.825196],[28.29069,37.82289],[28.288922,37.821584],[28.28654,37.819509],[28.284772,37.816895],[28.283696,37.814744],[28.282697,37.81213],[28.282159,37.808211],[28.282543,37.805444],[28.283081,37.80237],[28.284465,37.799603],[28.286156,37.798066],[28.286847,37.795376],[28.288538,37.792763],[28.290152,37.789766],[28.290306,37.787537],[28.290921,37.777776],[28.292381,37.772012],[28.292304,37.768708],[28.291535,37.762252],[28.291228,37.761868],[28.28946,37.759485],[28.28677,37.756795],[28.28385,37.755412],[28.281083,37.754643],[28.279623,37.754105],[28.275857,37.75203],[28.272552,37.750493],[28.26871,37.747649],[28.26771,37.745421],[28.267787,37.744268],[28.267912,37.742308],[28.26797,37.739599],[28.267739,37.736198],[28.267336,37.734757],[28.266471,37.733086],[28.265145,37.732624],[28.263128,37.732336],[28.261572,37.732394],[28.259381,37.732394],[28.256499,37.731529],[28.254194,37.730434],[28.251312,37.72882],[28.248891,37.727379],[28.246355,37.72588],[28.242954,37.724901],[28.23938,37.724843],[28.234596,37.725765],[28.231771,37.726572],[28.227737,37.727206],[28.224566,37.727206],[28.221742,37.726976],[28.219551,37.726514],[28.218053,37.726342],[28.213787,37.72686],[28.209695,37.727033],[28.206467,37.727091],[28.203883,37.726707],[28.202423,37.726476],[28.200271,37.725016],[28.197734,37.723479],[28.195736,37.721788],[28.1932,37.719713],[28.191048,37.717484],[28.187542,37.713545],[28.185409,37.711009],[28.18466,37.709914],[28.183853,37.708415],[28.182757,37.706686],[28.181893,37.704899],[28.181201,37.703228],[28.179991,37.701902],[28.178434,37.70023],[28.176647,37.698732],[28.17584,37.697694],[28.174497,37.695054],[28.172999,37.695921],[28.170055,37.697923],[28.168112,37.699395],[28.165992,37.69916],[28.16293,37.698453],[28.160869,37.698218],[28.1571,37.698453],[28.15345,37.698394],[28.150977,37.698571],[28.145265,37.699395],[28.142792,37.69969],[28.14026,37.698512],[28.137963,37.698041],[28.135726,37.697393],[28.132782,37.696804],[28.131074,37.697334],[28.129661,37.6981],[28.128601,37.699395],[28.127482,37.699984],[28.126128,37.700691],[28.12495,37.701338],[28.124774,37.702222],[28.124597,37.702752],[28.123714,37.702987],[28.121358,37.703105],[28.119945,37.703694],[28.118238,37.705578],[28.117354,37.707286],[28.116412,37.709464],[28.116118,37.71076],[28.115882,37.711466],[28.116177,37.712055],[28.116824,37.712821],[28.116942,37.71388],[28.116707,37.714469],[28.115706,37.715176],[28.115235,37.715647],[28.114822,37.716354],[28.11441,37.717237],[28.113704,37.717649],[28.110818,37.717649],[28.109111,37.71759],[28.107285,37.717767],[28.106638,37.718179],[28.105872,37.718886],[28.105578,37.719592],[28.105342,37.720004],[28.104315,37.720665],[28.103196,37.721372],[28.097956,37.724846],[28.096837,37.726318],[28.095365,37.728555],[28.093127,37.733148],[28.092185,37.734974],[28.090831,37.736622],[28.088358,37.737977],[28.084648,37.73992],[28.083942,37.741981],[28.082882,37.743924],[28.082293,37.745102],[28.081351,37.746338],[28.079702,37.746927],[28.077464,37.747045],[28.075404,37.747634],[28.074557,37.748782],[28.073453,37.751034],[28.073188,37.752403],[28.073232,37.753684],[28.073497,37.75439],[28.073453,37.75704],[28.073718,37.759778],[28.073453,37.762119],[28.072217,37.764592],[28.070642,37.766247],[28.071947,37.766638],[28.07386,37.766725],[28.076165,37.766508],[28.078013,37.766203],[28.080739,37.765681],[28.081956,37.765218],[28.083464,37.764696],[28.084855,37.763652],[28.085725,37.762202],[28.086421,37.761797],[28.087581,37.761391],[28.088682,37.760695],[28.090016,37.760057],[28.090712,37.759999],[28.091523,37.760521],[28.092335,37.760927],[28.093321,37.760869],[28.094249,37.760985],[28.094828,37.761449],[28.095988,37.761507],[28.09709,37.761275],[28.09796,37.76197],[28.098655,37.762434],[28.099873,37.76284],[28.100975,37.764],[28.101902,37.764522],[28.10312,37.76516],[28.103874,37.766087],[28.104164,37.767479],[28.105323,37.768291],[28.107295,37.770146],[28.107585,37.770784],[28.108397,37.771654],[28.109614,37.772349],[28.109672,37.772929],[28.109324,37.774147],[28.109614,37.775133],[28.110774,37.77664],[28.111586,37.777684],[28.111818,37.778902],[28.112803,37.780061],[28.113847,37.781279],[28.114949,37.782612],[28.116862,37.784758],[28.118312,37.786265],[28.11895,37.788469],[28.118022,37.789686],[28.11721,37.791136],[28.116862,37.793455],[28.116804,37.795311],[28.116514,37.797398],[28.116282,37.79908],[28.115471,37.801689],[28.114311,37.80395],[28.111756,37.810477],[28.108767,37.814188],[28.108767,37.815837],[28.107633,37.818723],[28.10619,37.820063],[28.105675,37.821816],[28.105056,37.824496],[28.104438,37.826454],[28.103201,37.82965],[28.102273,37.832021],[28.100933,37.835628],[28.100417,37.836453],[28.097119,37.845834],[28.095573,37.849751],[28.095513,37.850331]]]}}]}