{"type":"FeatureCollection","province":"Çorum","province_id":"TR-P-19","features":[{"type":"Feature","properties":{"id":"TR-D-19-001","parent_id":"TR-P-19","region_id":"TR-R-KAR","level":"district","municipality_type":null,"municipality_type_label":null,"is_metropolitan_municipality":null,"name":"Alaca","name_ascii":"alaca","slug":"alaca-corum"},"geometry":{"type":"Polygon","coordinates":[[[35.087924,40.022331],[35.075619,40.018758],[35.057297,40.01251],[35.048262,40.009048],[35.043956,40.005333],[35.040748,40.003138],[35.03585,40.002293],[35.029856,40.002124],[35.024536,40.002209],[35.017021,40.002462],[35.009253,40.002378],[35.003512,40.001871],[34.999206,40.001111],[34.9949,40.000351],[34.980968,40.001111],[34.97548,40.0028],[34.970836,40.005164],[34.967374,40.006008],[34.956904,40.007022],[34.944999,40.006515],[34.940861,40.005755],[34.93799,40.004742],[34.926507,40.001787],[34.922961,40.00052],[34.92009,39.999],[34.914771,39.997565],[34.910043,39.998072],[34.907425,39.999169],[34.903794,40.00128],[34.901346,40.004151],[34.899657,40.006684],[34.898137,40.010906],[34.897715,40.016901],[34.898137,40.02222],[34.897377,40.033956],[34.896449,40.037165],[34.891636,40.040964],[34.883614,40.045355],[34.878802,40.046031],[34.874327,40.046031],[34.870189,40.044764],[34.867403,40.043244],[34.858706,40.036405],[34.857271,40.034379],[34.85516,40.031001],[34.852289,40.027961],[34.848152,40.024584],[34.845112,40.022135],[34.841144,40.01994],[34.834811,40.016478],[34.824426,40.013692],[34.817502,40.011666],[34.808383,40.009048],[34.800277,40.006346],[34.793269,40.005502],[34.779169,40.005333],[34.773934,40.005924],[34.762197,40.00947],[34.754429,40.011919],[34.746155,40.015465],[34.742661,40.016901],[34.740065,40.017597],[34.734429,40.018104],[34.725373,40.018737],[34.711568,40.019687],[34.705869,40.020257],[34.69504,40.021777],[34.690227,40.022347],[34.686997,40.023043],[34.679462,40.023613],[34.671799,40.024563],[34.667176,40.022853],[34.663567,40.020067],[34.659957,40.015381],[34.657588,40.012973],[34.656744,40.015392],[34.654342,40.022103],[34.653596,40.024423],[34.650365,40.0371],[34.649205,40.041656],[34.64821,40.047208],[34.647796,40.052842],[34.647548,40.056404],[34.647216,40.06063],[34.647382,40.067092],[34.648376,40.073472],[34.650365,40.076703],[34.652436,40.078526],[34.654839,40.080846],[34.657324,40.084077],[34.658816,40.085568],[34.662544,40.090871],[34.664781,40.094682],[34.667515,40.098328],[34.671243,40.102056],[34.672735,40.105039],[34.673398,40.10711],[34.672901,40.11059],[34.671575,40.117135],[34.669089,40.125006],[34.668178,40.129314],[34.667267,40.133623],[34.665527,40.140914],[34.664035,40.145056],[34.661978,40.154557],[34.661757,40.159307],[34.661536,40.162842],[34.661204,40.168255],[34.6601,40.173226],[34.658885,40.178197],[34.657739,40.182533],[34.656247,40.188002],[34.653844,40.192807],[34.651027,40.197115],[34.650033,40.199187],[34.64763,40.206229],[34.646553,40.207638],[34.642908,40.213686],[34.641665,40.217663],[34.640754,40.220065],[34.63976,40.222468],[34.637605,40.225037],[34.634871,40.228185],[34.6328,40.231665],[34.630811,40.23473],[34.630149,40.238624],[34.630397,40.240613],[34.633297,40.247821],[34.634788,40.251964],[34.635451,40.255444],[34.635203,40.257432],[34.634291,40.26116],[34.633928,40.263338],[34.635736,40.264394],[34.638046,40.26541],[34.640541,40.266057],[34.642204,40.265965],[34.644976,40.264763],[34.647286,40.263285],[34.649412,40.263193],[34.654956,40.263193],[34.659668,40.263655],[34.662255,40.263839],[34.666783,40.266889],[34.672974,40.27234],[34.675746,40.274927],[34.678056,40.276036],[34.686464,40.278346],[34.693764,40.280379],[34.700047,40.282689],[34.708086,40.284168],[34.712336,40.285276],[34.716679,40.286662],[34.723147,40.289896],[34.7298,40.292761],[34.735067,40.295071],[34.73904,40.29618],[34.744677,40.296734],[34.756134,40.296272],[34.759553,40.29618],[34.765837,40.297011],[34.770734,40.297473],[34.774892,40.298582],[34.780066,40.299968],[34.787274,40.301909],[34.789953,40.30274],[34.800579,40.304588],[34.806863,40.305789],[34.819614,40.307822],[34.82331,40.307637],[34.829039,40.306529],[34.83255,40.306067],[34.836338,40.306251],[34.841328,40.307268],[34.845116,40.308377],[34.851862,40.310502],[34.860917,40.312997],[34.871728,40.315676],[34.883463,40.319927],[34.890762,40.322699],[34.896399,40.324454],[34.906563,40.327042],[34.913123,40.327873],[34.923195,40.32852],[34.935946,40.326395],[34.943616,40.323992],[34.952117,40.320019],[34.956644,40.317432],[34.962003,40.313828],[34.968287,40.310871],[34.972445,40.30736],[34.979098,40.30043],[34.981408,40.29849],[34.985381,40.294794],[34.997116,40.28001],[35.004046,40.272155],[35.011992,40.266796],[35.014857,40.265872],[35.026499,40.264394],[35.034815,40.264209],[35.047567,40.263562],[35.058568,40.262477],[35.062522,40.261185],[35.067807,40.259538],[35.074305,40.257026],[35.07985,40.254773],[35.085396,40.252867],[35.089901,40.252087],[35.102291,40.248795],[35.109136,40.247755],[35.11676,40.245502],[35.120399,40.244029],[35.125598,40.241863],[35.13097,40.23987],[35.136342,40.237791],[35.145006,40.233545],[35.151504,40.22852],[35.154023,40.225506],[35.152708,40.224441],[35.148487,40.219713],[35.146122,40.205444],[35.145785,40.199618],[35.146122,40.195058],[35.146291,40.193369],[35.147727,40.183744],[35.148402,40.17834],[35.149331,40.1753],[35.151526,40.169981],[35.154481,40.166519],[35.159547,40.161537],[35.163516,40.159933],[35.173479,40.158835],[35.180741,40.157907],[35.185638,40.157991],[35.189269,40.159089],[35.195686,40.159849],[35.19881,40.15968],[35.205733,40.156556],[35.207169,40.155289],[35.20776,40.151659],[35.207506,40.14921],[35.206915,40.146761],[35.203791,40.144313],[35.201512,40.143553],[35.199401,40.143215],[35.189269,40.142033],[35.182092,40.140682],[35.175421,40.138824],[35.170271,40.137473],[35.166556,40.13646],[35.160561,40.132914],[35.15617,40.130043],[35.15389,40.12751],[35.148318,40.122866],[35.141816,40.118729],[35.137003,40.116787],[35.133964,40.114761],[35.131515,40.11189],[35.130249,40.106317],[35.131515,40.101673],[35.139959,40.092132],[35.145278,40.085377],[35.150766,40.078031],[35.152202,40.076258],[35.154566,40.071952],[35.157774,40.06697],[35.16808,40.057058],[35.172135,40.053079],[35.173122,40.05035],[35.173435,40.049484],[35.173818,40.043899],[35.173741,40.04038],[35.172594,40.038161],[35.169304,40.033341],[35.166473,40.031046],[35.161654,40.029363],[35.158197,40.027708],[35.148993,40.025428],[35.13903,40.024753],[35.129826,40.023993],[35.119525,40.025513],[35.112517,40.026188],[35.097319,40.024922],[35.091324,40.023318],[35.087924,40.022331]]]}},{"type":"Feature","properties":{"id":"TR-D-19-002","parent_id":"TR-P-19","region_id":"TR-R-KAR","level":"district","municipality_type":null,"municipality_type_label":null,"is_metropolitan_municipality":null,"name":"Bayat","name_ascii":"bayat","slug":"bayat-corum"},"geometry":{"type":"Polygon","coordinates":[[[34.199606,40.846615],[34.202147,40.842579],[34.206481,40.836675],[34.209172,40.834059],[34.210592,40.832864],[34.214702,40.828081],[34.219336,40.822326],[34.224044,40.815151],[34.226884,40.811041],[34.229949,40.80551],[34.233237,40.799531],[34.240187,40.787723],[34.247512,40.775541],[34.252145,40.769861],[34.254163,40.767918],[34.257526,40.765078],[34.261114,40.762537],[34.265822,40.758875],[34.270904,40.755138],[34.275164,40.752971],[34.281367,40.750355],[34.289065,40.747067],[34.300201,40.742358],[34.306777,40.738696],[34.31582,40.73466],[34.319333,40.732792],[34.32307,40.72771],[34.326059,40.721283],[34.330543,40.715603],[34.334729,40.71209],[34.336522,40.710745],[34.346836,40.703944],[34.35132,40.70073],[34.354907,40.697815],[34.357448,40.6952],[34.361559,40.690267],[34.364997,40.68384],[34.369332,40.674946],[34.371873,40.66949],[34.372994,40.663437],[34.373965,40.65955],[34.376357,40.652675],[34.378524,40.649685],[34.38256,40.643258],[34.383531,40.63855],[34.383681,40.633094],[34.382111,40.627788],[34.379122,40.622706],[34.374713,40.61867],[34.368211,40.614634],[34.362082,40.610748],[34.356701,40.607684],[34.348854,40.603349],[34.343622,40.599537],[34.336971,40.594754],[34.333159,40.589672],[34.332113,40.585711],[34.332038,40.582647],[34.332038,40.576145],[34.332262,40.568895],[34.332337,40.564561],[34.333159,40.554023],[34.335327,40.54625],[34.337195,40.538478],[34.339736,40.532873],[34.340932,40.530033],[34.344071,40.525623],[34.351316,40.51283],[34.351561,40.512398],[34.351138,40.512078],[34.350319,40.511488],[34.349903,40.511204],[34.349481,40.510931],[34.349052,40.510675],[34.348613,40.510443],[34.348162,40.510244],[34.347733,40.510099],[34.347297,40.509995],[34.346857,40.509935],[34.346418,40.509927],[34.345996,40.509976],[34.345582,40.510075],[34.345183,40.510216],[34.344801,40.510395],[34.344444,40.51061],[34.344094,40.510875],[34.343769,40.51117],[34.343457,40.511484],[34.342841,40.512137],[34.34218,40.512801],[34.341483,40.513449],[34.341122,40.513764],[34.340751,40.514072],[34.340369,40.514371],[34.339974,40.514658],[34.339612,40.5149],[34.339239,40.515132],[34.338858,40.515356],[34.338469,40.515572],[34.338074,40.51578],[34.337646,40.515995],[34.337212,40.5162],[34.336771,40.516394],[34.336323,40.516574],[34.335868,40.516735],[34.335401,40.516873],[34.334853,40.516997],[34.334292,40.517087],[34.333723,40.517149],[34.333149,40.517184],[34.332572,40.517189],[34.332048,40.517168],[34.331524,40.517124],[34.331001,40.517062],[34.33048,40.516984],[34.329963,40.516891],[34.329432,40.516777],[34.328905,40.516648],[34.328383,40.516506],[34.327867,40.516353],[34.327358,40.516185],[34.32683,40.515995],[34.326309,40.515792],[34.325281,40.515364],[34.321727,40.513802],[34.320196,40.51315],[34.31762,40.512107],[34.31348,40.510466],[34.311914,40.509872],[34.31086,40.509504],[34.309794,40.50917],[34.309256,40.509016],[34.308713,40.508873],[34.308165,40.508744],[34.307681,40.508646],[34.307193,40.50856],[34.306701,40.508485],[34.306207,40.50842],[34.305711,40.508366],[34.305212,40.508323],[34.304675,40.508291],[34.304137,40.508271],[34.303056,40.508255],[34.301972,40.508258],[34.300326,40.508288],[34.296955,40.508384],[34.295834,40.508407],[34.294737,40.508408],[34.294194,40.508393],[34.293655,40.508362],[34.293124,40.508308],[34.292675,40.508239],[34.292234,40.508149],[34.291804,40.508037],[34.291387,40.507904],[34.290986,40.507747],[34.290546,40.507532],[34.290128,40.507287],[34.28973,40.507019],[34.28935,40.506731],[34.288974,40.506413],[34.288611,40.506082],[34.287914,40.505395],[34.286223,40.50363],[34.285531,40.502934],[34.285204,40.502619],[34.284528,40.502005],[34.284178,40.501707],[34.283819,40.501416],[34.283448,40.501136],[34.283037,40.50085],[34.282614,40.500575],[34.28218,40.500309],[34.281289,40.499799],[34.280833,40.499556],[34.28037,40.49932],[34.2799,40.499095],[34.279419,40.498884],[34.278963,40.498701],[34.278498,40.498532],[34.278026,40.498374],[34.277547,40.498226],[34.277063,40.49809],[34.276572,40.497964],[34.276077,40.497849],[34.275077,40.497638],[34.274069,40.497446],[34.273055,40.49727],[34.271904,40.497091],[34.268442,40.496581],[34.266776,40.496303],[34.265115,40.496002],[34.264013,40.495785],[34.263466,40.495668],[34.262374,40.495409],[34.2613,40.49512],[34.260772,40.494963],[34.260252,40.494793],[34.259746,40.494608],[34.259256,40.494401],[34.258798,40.494174],[34.25836,40.493926],[34.25794,40.493659],[34.257538,40.493376],[34.257156,40.493077],[34.25685,40.49281],[34.25656,40.492532],[34.256287,40.492245],[34.25603,40.491949],[34.255791,40.491644],[34.255523,40.491253],[34.255279,40.49085],[34.255051,40.49044],[34.25463,40.489606],[34.254231,40.488763],[34.251906,40.483681],[34.251343,40.482428],[34.25081,40.481213],[34.249458,40.478021],[34.249301,40.477671],[34.249132,40.477329],[34.248946,40.476998],[34.248734,40.476682],[34.248433,40.476339],[34.238447,40.467631],[34.236456,40.464696],[34.233312,40.459666],[34.227862,40.456207],[34.22367,40.455369],[34.219478,40.455054],[34.218744,40.454949],[34.216858,40.455264],[34.213399,40.456731],[34.207111,40.459456],[34.204072,40.461028],[34.201032,40.462286],[34.197155,40.465115],[34.194639,40.468155],[34.192028,40.470289],[34.193391,40.474271],[34.193391,40.476367],[34.193307,40.476749],[34.191789,40.480137],[34.188293,40.481303],[34.187845,40.4812],[34.187356,40.481099],[34.186863,40.481011],[34.1863,40.480929],[34.185733,40.480865],[34.185163,40.480816],[34.184592,40.480784],[34.184019,40.480769],[34.183453,40.480773],[34.182887,40.480792],[34.181753,40.48086],[34.180619,40.480949],[34.178918,40.481102],[34.173239,40.481655],[34.172099,40.481745],[34.171529,40.481775],[34.170959,40.481788],[34.17041,40.481782],[34.169861,40.481759],[34.169314,40.481721],[34.168768,40.48167],[34.168224,40.481606],[34.167652,40.481523],[34.167084,40.481427],[34.16652,40.481318],[34.16596,40.481196],[34.165407,40.481059],[34.164863,40.480906],[34.164354,40.480741],[34.163852,40.480562],[34.163356,40.480373],[34.16139,40.479576],[34.160397,40.479185],[34.159798,40.480067],[34.15952,40.480523],[34.159519,40.480525],[34.159242,40.481024],[34.15899,40.481553],[34.158781,40.4821],[34.158635,40.482628],[34.158564,40.483113],[34.158572,40.483541],[34.158634,40.483934],[34.158738,40.484324],[34.15888,40.484708],[34.159057,40.485086],[34.159286,40.485486],[34.159548,40.485877],[34.159836,40.48626],[34.160148,40.486633],[34.160482,40.486995],[34.160841,40.487349],[34.161026,40.487517],[34.16197,40.488375],[34.162333,40.488718],[34.162674,40.489068],[34.162981,40.489429],[34.163238,40.489806],[34.163419,40.490172],[34.163555,40.490552],[34.163655,40.490943],[34.163728,40.491342],[34.163778,40.491747],[34.163807,40.492155],[34.163816,40.492573],[34.163808,40.492991],[34.163784,40.493408],[34.163743,40.493824],[34.163684,40.494237],[34.1636,40.494644],[34.163487,40.495044],[34.163334,40.495433],[34.163139,40.495803],[34.162906,40.496162],[34.162644,40.496512],[34.16236,40.496856],[34.162059,40.497194],[34.161743,40.497527],[34.161416,40.497854],[34.161076,40.498175],[34.160724,40.498489],[34.160333,40.498814],[34.159518,40.499445],[34.157001,40.501285],[34.156188,40.50191],[34.155798,40.502232],[34.155425,40.502563],[34.155076,40.502906],[34.154773,40.503244],[34.154492,40.503594],[34.15423,40.503953],[34.153983,40.504319],[34.153751,40.504691],[34.153533,40.505068],[34.153332,40.50545],[34.153148,40.505837],[34.152987,40.506229],[34.152842,40.506656],[34.152718,40.507087],[34.152378,40.508382],[34.152245,40.508805],[34.152085,40.509218],[34.151884,40.509617],[34.151645,40.509983],[34.151544,40.51011],[34.151365,40.510335],[34.151057,40.510676],[34.150726,40.51101],[34.150379,40.511337],[34.149649,40.511978],[34.148885,40.5126],[34.148491,40.512904],[34.14764,40.513521],[34.146329,40.514419],[34.142352,40.517076],[34.141034,40.517966],[34.139734,40.51887],[34.139308,40.519178],[34.138483,40.519797],[34.136869,40.521064],[34.130867,40.52586],[34.126033,40.529686],[34.125245,40.530332],[34.124862,40.53066],[34.124491,40.530993],[34.124137,40.531334],[34.123808,40.531685],[34.123513,40.532051],[34.123255,40.532441],[34.123033,40.532846],[34.122837,40.533262],[34.122662,40.533685],[34.122503,40.534114],[34.12236,40.534547],[34.122231,40.534982],[34.12212,40.535419],[34.12203,40.535858],[34.121968,40.536297],[34.121944,40.536737],[34.121961,40.537118],[34.122006,40.537498],[34.122075,40.537879],[34.122168,40.538278],[34.124374,40.540549],[34.127298,40.543147],[34.129789,40.548638],[34.129909,40.548903],[34.129999,40.54952],[34.130276,40.551418],[34.130503,40.552966],[34.130601,40.557303],[34.130336,40.560313],[34.130334,40.560328],[34.130305,40.560654],[34.128137,40.563118],[34.115163,40.565878],[34.105996,40.569057],[34.098455,40.572901],[34.094907,40.576524],[34.094611,40.577411],[34.093428,40.581994],[34.092615,40.585765],[34.091876,40.591161],[34.092172,40.595745],[34.093428,40.600919],[34.09609,40.604542],[34.097642,40.606686],[34.09949,40.609273],[34.099712,40.610826],[34.099712,40.614892],[34.099416,40.619032],[34.099416,40.621175],[34.099934,40.622728],[34.102004,40.625907],[34.104074,40.628938],[34.106292,40.632338],[34.108435,40.634926],[34.112354,40.638105],[34.116124,40.640766],[34.117676,40.642688],[34.118859,40.647567],[34.119746,40.654886],[34.11982,40.661613],[34.119303,40.668341],[34.118268,40.671593],[34.116567,40.674698],[34.113167,40.677803],[34.104591,40.683939],[34.09572,40.689484],[34.088253,40.693919],[34.082487,40.696802],[34.077091,40.701164],[34.07125,40.705452],[34.066075,40.710775],[34.064597,40.714619],[34.063858,40.71898],[34.06326,40.7215],[34.06156,40.723422],[34.058972,40.725122],[34.057272,40.726675],[34.05535,40.727636],[34.052171,40.729558],[34.050619,40.730889],[34.04877,40.732072],[34.047292,40.733107],[34.046109,40.734141],[34.045739,40.73525],[34.045296,40.736655],[34.045739,40.737986],[34.047292,40.739168],[34.048992,40.739834],[34.050766,40.740647],[34.053502,40.741756],[34.056533,40.743826],[34.059194,40.745452],[34.06156,40.747005],[34.064073,40.748188],[34.067252,40.749296],[34.07324,40.751219],[34.080929,40.754397],[34.085666,40.756313],[34.090102,40.757496],[34.09365,40.758088],[34.096311,40.759566],[34.099564,40.762893],[34.101338,40.76548],[34.103039,40.769177],[34.104369,40.772281],[34.104074,40.775904],[34.102743,40.7796],[34.100895,40.781818],[34.100082,40.783814],[34.09986,40.786845],[34.09949,40.789802],[34.098529,40.791576],[34.097273,40.793129],[34.096164,40.794681],[34.094907,40.79749],[34.09402,40.801778],[34.090989,40.807027],[34.089288,40.810058],[34.088032,40.815603],[34.087219,40.820777],[34.087071,40.825213],[34.087071,40.826913],[34.092541,40.827653],[34.098086,40.829205],[34.106735,40.832014],[34.114793,40.834897],[34.121594,40.838002],[34.12603,40.840146],[34.132314,40.842955],[34.135714,40.843842],[34.140889,40.84399],[34.151461,40.844138],[34.163733,40.844064],[34.166542,40.843916],[34.17569,40.842804],[34.180324,40.842355],[34.185406,40.843327],[34.19273,40.844373],[34.199606,40.846615]]]}},{"type":"Feature","properties":{"id":"TR-D-19-003","parent_id":"TR-P-19","region_id":"TR-R-KAR","level":"district","municipality_type":null,"municipality_type_label":null,"is_metropolitan_municipality":null,"name":"Boğazkale","name_ascii":"bogazkale","slug":"bogazkale-corum"},"geometry":{"type":"Polygon","coordinates":[[[34.669089,40.125006],[34.671575,40.117135],[34.672901,40.11059],[34.673398,40.10711],[34.672735,40.105039],[34.671243,40.102056],[34.667515,40.098328],[34.664781,40.094682],[34.662544,40.090871],[34.658816,40.085568],[34.657324,40.084077],[34.654839,40.080846],[34.652436,40.078526],[34.650365,40.076703],[34.648376,40.073472],[34.647382,40.067092],[34.647216,40.06063],[34.647548,40.056404],[34.647796,40.052842],[34.64821,40.047208],[34.649205,40.041656],[34.650365,40.0371],[34.653596,40.024423],[34.654342,40.022103],[34.656744,40.015392],[34.657588,40.012973],[34.656158,40.011518],[34.651471,40.007022],[34.649508,40.004172],[34.649002,40.002399],[34.649698,40.000499],[34.649762,39.998916],[34.650268,39.99651],[34.651091,39.994103],[34.652041,39.99157],[34.652231,39.990114],[34.651915,39.988277],[34.650648,39.985807],[34.648164,39.982279],[34.645029,39.975827],[34.644124,39.971847],[34.642194,39.967625],[34.641049,39.965635],[34.63538,39.960087],[34.63134,39.956288],[34.629048,39.954962],[34.627299,39.954238],[34.623983,39.952308],[34.620787,39.949655],[34.617711,39.948147],[34.613912,39.947846],[34.603902,39.947906],[34.589549,39.949534],[34.578634,39.95267],[34.570252,39.955504],[34.566212,39.957133],[34.559639,39.959123],[34.555598,39.96051],[34.55198,39.96262],[34.549508,39.963464],[34.546673,39.965093],[34.543417,39.967264],[34.540522,39.969615],[34.536844,39.972088],[34.533768,39.974018],[34.531718,39.974982],[34.526471,39.977575],[34.515134,39.982943],[34.509948,39.98451],[34.502893,39.987103],[34.498068,39.988189],[34.497959,39.988206],[34.493907,39.988852],[34.489505,39.989094],[34.486008,39.988852],[34.481244,39.989094],[34.477746,39.989877],[34.473706,39.990963],[34.469484,39.993013],[34.463032,39.994943],[34.453022,39.997536],[34.447474,39.998441],[34.441323,40.000189],[34.437282,40.000913],[34.430769,40.001999],[34.425825,40.002059],[34.422086,40.001094],[34.417925,39.999526],[34.417744,40.005699],[34.418661,40.013284],[34.419161,40.018869],[34.419911,40.024287],[34.420994,40.029121],[34.422912,40.033872],[34.424579,40.03779],[34.425496,40.039707],[34.427996,40.042958],[34.431414,40.046292],[34.433164,40.047959],[34.439416,40.051043],[34.445251,40.054211],[34.450502,40.057378],[34.455753,40.059212],[34.467589,40.062296],[34.476758,40.064713],[34.482677,40.06588],[34.495013,40.069965],[34.500848,40.073549],[34.506182,40.077133],[34.508433,40.079467],[34.510683,40.084302],[34.513267,40.089303],[34.515268,40.093971],[34.520186,40.098055],[34.527354,40.101973],[34.534689,40.105307],[34.538524,40.107307],[34.544942,40.109808],[34.56403,40.116726],[34.570948,40.11956],[34.580034,40.122478],[34.588119,40.124395],[34.597038,40.125645],[34.604874,40.125145],[34.605791,40.125145],[34.611292,40.125228],[34.615126,40.124562],[34.618044,40.123228],[34.623128,40.119727],[34.62988,40.114559],[34.634381,40.110475],[34.635881,40.108808],[34.639216,40.103556],[34.640299,40.101056],[34.6433,40.098472],[34.644967,40.098472],[34.650302,40.097638],[34.654136,40.097555],[34.656136,40.098388],[34.657137,40.100306],[34.657803,40.104056],[34.65772,40.108974],[34.65822,40.113142],[34.658054,40.115893],[34.659387,40.11856],[34.661971,40.120477],[34.669089,40.125006]]]}},{"type":"Feature","properties":{"id":"TR-D-19-004","parent_id":"TR-P-19","region_id":"TR-R-KAR","level":"district","municipality_type":null,"municipality_type_label":null,"is_metropolitan_municipality":null,"name":"Çorum","name_ascii":"corum","slug":"corum-corum"},"geometry":{"type":"Polygon","coordinates":[[[35.230737,40.716743],[35.231258,40.716304],[35.231594,40.715409],[35.232265,40.714458],[35.233105,40.713562],[35.234503,40.713171],[35.236238,40.712555],[35.237805,40.712052],[35.239875,40.711716],[35.241274,40.710429],[35.242393,40.709254],[35.243344,40.708079],[35.243624,40.707911],[35.243903,40.707743],[35.244575,40.707296],[35.243344,40.706568],[35.242169,40.706009],[35.241917,40.705813],[35.241665,40.705617],[35.242001,40.704666],[35.24312,40.703715],[35.244295,40.703211],[35.245358,40.702875],[35.246477,40.702428],[35.247037,40.701756],[35.2481,40.700581],[35.249499,40.699966],[35.250834,40.699686],[35.251716,40.699644],[35.252765,40.69935],[35.252975,40.699204],[35.253184,40.699057],[35.253814,40.698469],[35.254192,40.698008],[35.254318,40.697776],[35.254443,40.697546],[35.254737,40.697],[35.255157,40.696413],[35.255828,40.695993],[35.256059,40.695804],[35.25629,40.695616],[35.256877,40.695238],[35.257842,40.694147],[35.259731,40.692636],[35.267714,40.687588],[35.272363,40.685906],[35.277693,40.684955],[35.285879,40.685431],[35.290733,40.686477],[35.292961,40.68761],[35.292884,40.684461],[35.292443,40.680777],[35.29008,40.67487],[35.286535,40.669962],[35.2829,40.665418],[35.279537,40.66042],[35.273266,40.655966],[35.267814,40.652331],[35.257726,40.647696],[35.252454,40.644152],[35.250546,40.641789],[35.247274,40.638881],[35.245002,40.637245],[35.242275,40.635063],[35.239276,40.633428],[35.237459,40.631428],[35.235459,40.630156],[35.23346,40.628429],[35.232642,40.627157],[35.230461,40.625612],[35.227553,40.625703],[35.22319,40.62543],[35.220918,40.624976],[35.217737,40.62443],[35.216556,40.624248],[35.214465,40.622794],[35.212012,40.621613],[35.209467,40.620704],[35.207467,40.620159],[35.205832,40.620068],[35.203832,40.619341],[35.201469,40.617978],[35.199833,40.616887],[35.197107,40.615796],[35.195925,40.615069],[35.194653,40.613524],[35.193653,40.612525],[35.192381,40.61207],[35.191018,40.612252],[35.189564,40.61207],[35.186201,40.611434],[35.184111,40.610343],[35.181839,40.609525],[35.180203,40.609435],[35.178203,40.609253],[35.176476,40.60898],[35.174931,40.608162],[35.17275,40.606345],[35.170842,40.6048],[35.168661,40.603527],[35.167661,40.602255],[35.167297,40.600346],[35.166752,40.599165],[35.164753,40.597165],[35.157664,40.593257],[35.150302,40.58944],[35.145395,40.58326],[35.138851,40.575354],[35.135488,40.570173],[35.133489,40.564993],[35.131399,40.559722],[35.129399,40.556177],[35.121765,40.54509],[35.118857,40.540818],[35.114767,40.537456],[35.112586,40.534456],[35.111859,40.532911],[35.11095,40.530276],[35.108678,40.518098],[35.107678,40.514371],[35.10377,40.501648],[35.102044,40.496013],[35.100953,40.49156],[35.097409,40.487016],[35.094955,40.485107],[35.088229,40.480199],[35.084049,40.475655],[35.082049,40.468748],[35.080777,40.465204],[35.080232,40.462114],[35.080232,40.460569],[35.081504,40.457024],[35.084776,40.453116],[35.086866,40.45139],[35.092955,40.445482],[35.09759,40.439757],[35.102771,40.43594],[35.108224,40.432486],[35.116312,40.428942],[35.12122,40.427215],[35.127582,40.425579],[35.136397,40.42367],[35.150484,40.421671],[35.157664,40.420762],[35.165934,40.419035],[35.172205,40.417218],[35.176022,40.415128],[35.179476,40.410856],[35.182202,40.407402],[35.183929,40.40504],[35.185383,40.40195],[35.189291,40.395315],[35.191109,40.39068],[35.192108,40.385772],[35.192108,40.380865],[35.189836,40.374321],[35.188291,40.371504],[35.185383,40.368505],[35.183293,40.366324],[35.181475,40.364415],[35.181021,40.362325],[35.180748,40.360507],[35.180112,40.351419],[35.179566,40.342967],[35.179566,40.337605],[35.179566,40.331606],[35.180839,40.326063],[35.181748,40.321609],[35.182747,40.316156],[35.177385,40.314248],[35.174023,40.313066],[35.172478,40.311794],[35.161774,40.306436],[35.150871,40.303295],[35.145419,40.302001],[35.116682,40.295348],[35.111138,40.294332],[35.104023,40.292484],[35.097648,40.290728],[35.078428,40.284814],[35.075934,40.283151],[35.06965,40.277145],[35.067618,40.273634],[35.064846,40.268829],[35.058568,40.262477],[35.047567,40.263562],[35.034815,40.264209],[35.026499,40.264394],[35.014857,40.265872],[35.011992,40.266796],[35.004046,40.272155],[34.997116,40.28001],[34.985381,40.294794],[34.981408,40.29849],[34.979098,40.30043],[34.972445,40.30736],[34.968287,40.310871],[34.962003,40.313828],[34.956644,40.317432],[34.952117,40.320019],[34.943616,40.323992],[34.935946,40.326395],[34.923195,40.32852],[34.913123,40.327873],[34.906563,40.327042],[34.896399,40.324454],[34.890762,40.322699],[34.883463,40.319927],[34.871728,40.315676],[34.860917,40.312997],[34.851862,40.310502],[34.845116,40.308377],[34.841328,40.307268],[34.836338,40.306251],[34.83255,40.306067],[34.829039,40.306529],[34.82331,40.307637],[34.819614,40.307822],[34.806863,40.305789],[34.800579,40.304588],[34.789953,40.30274],[34.787274,40.301909],[34.780066,40.299968],[34.774892,40.298582],[34.770734,40.297473],[34.765837,40.297011],[34.759553,40.29618],[34.756134,40.296272],[34.744677,40.296734],[34.73904,40.29618],[34.735067,40.295071],[34.7298,40.292761],[34.723147,40.289896],[34.716679,40.286662],[34.712336,40.285276],[34.708086,40.284168],[34.700047,40.282689],[34.693764,40.280379],[34.686464,40.278346],[34.678056,40.276036],[34.675746,40.274927],[34.672974,40.27234],[34.666783,40.266889],[34.662255,40.263839],[34.659668,40.263655],[34.654956,40.263193],[34.649412,40.263193],[34.647286,40.263285],[34.644976,40.264763],[34.642204,40.265965],[34.640541,40.266057],[34.638046,40.26541],[34.635736,40.264394],[34.633928,40.263338],[34.633463,40.266131],[34.6328,40.268534],[34.633048,40.272511],[34.630563,40.278062],[34.628657,40.280962],[34.626503,40.284525],[34.624183,40.286679],[34.618715,40.29049],[34.615318,40.29339],[34.609601,40.296787],[34.607861,40.297284],[34.602724,40.298941],[34.592285,40.300515],[34.588557,40.301095],[34.5811,40.301675],[34.575383,40.30093],[34.566186,40.301344],[34.559227,40.303167],[34.551439,40.306232],[34.545722,40.309795],[34.537188,40.3146],[34.527909,40.323963],[34.525423,40.32678],[34.522689,40.332413],[34.520203,40.337467],[34.516972,40.344261],[34.515149,40.349564],[34.513244,40.355529],[34.512498,40.362489],[34.511835,40.368289],[34.512001,40.371603],[34.511918,40.375942],[34.512433,40.375942],[34.517479,40.377282],[34.523312,40.38012],[34.530171,40.383826],[34.531275,40.385008],[34.535926,40.389423],[34.53971,40.393916],[34.544046,40.398962],[34.546095,40.401405],[34.547593,40.405584],[34.547908,40.410865],[34.547987,40.41867],[34.547199,40.422139],[34.545543,40.426711],[34.543651,40.431362],[34.543021,40.435304],[34.542705,40.438694],[34.542548,40.442478],[34.542705,40.444685],[34.543494,40.447208],[34.544834,40.449021],[34.54783,40.451543],[34.550589,40.452962],[34.553584,40.456116],[34.555555,40.459506],[34.557605,40.462817],[34.558787,40.465182],[34.561389,40.47204],[34.562571,40.479372],[34.563202,40.484575],[34.563596,40.489699],[34.562414,40.494192],[34.555555,40.504835],[34.550431,40.511851],[34.545386,40.517054],[34.543336,40.519182],[34.536083,40.527066],[34.529934,40.53424],[34.525599,40.538339],[34.521578,40.54165],[34.518661,40.544409],[34.515902,40.550164],[34.515114,40.553475],[34.515035,40.557732],[34.513537,40.56057],[34.51062,40.56396],[34.508886,40.566246],[34.507861,40.566404],[34.5066,40.566798],[34.504865,40.568138],[34.504314,40.570266],[34.503683,40.572237],[34.503052,40.574681],[34.501791,40.576888],[34.50116,40.578465],[34.50053,40.57949],[34.500057,40.580594],[34.499505,40.582564],[34.498716,40.584535],[34.497376,40.585481],[34.495169,40.586585],[34.487539,40.59104],[34.484449,40.5928],[34.484497,40.59308],[34.48458,40.593471],[34.484678,40.59386],[34.484794,40.594244],[34.484927,40.594614],[34.485082,40.594977],[34.485262,40.595332],[34.485473,40.595675],[34.485751,40.596048],[34.486063,40.596408],[34.486401,40.596757],[34.486757,40.5971],[34.487125,40.597438],[34.487884,40.598104],[34.49294,40.602388],[34.498725,40.607357],[34.499508,40.608009],[34.499907,40.608328],[34.500298,40.608629],[34.500699,40.608921],[34.501112,40.609201],[34.501541,40.609464],[34.501962,40.609693],[34.502397,40.609905],[34.502845,40.610103],[34.503304,40.610289],[34.503764,40.61046],[34.504702,40.610776],[34.507568,40.611653],[34.508512,40.611968],[34.508977,40.612136],[34.509442,40.612318],[34.509899,40.61251],[34.510347,40.612714],[34.510782,40.612931],[34.511222,40.613173],[34.511647,40.613431],[34.512056,40.613702],[34.51245,40.613988],[34.512806,40.614272],[34.513149,40.614567],[34.513479,40.614872],[34.513797,40.615185],[34.514114,40.615515],[34.514723,40.616189],[34.515618,40.617209],[34.515922,40.617541],[34.516233,40.617863],[34.516556,40.618169],[34.516895,40.618452],[34.517258,40.618705],[34.517652,40.618917],[34.518059,40.619072],[34.518494,40.619188],[34.518951,40.619273],[34.519423,40.619333],[34.519908,40.619372],[34.520401,40.619391],[34.5209,40.619392],[34.521434,40.619372],[34.52197,40.619335],[34.522505,40.619284],[34.523038,40.619221],[34.523566,40.619148],[34.524086,40.619064],[34.524594,40.618966],[34.525087,40.618851],[34.525557,40.618714],[34.525996,40.618548],[34.526395,40.618343],[34.526757,40.618081],[34.527074,40.617777],[34.527356,40.617443],[34.527611,40.617086],[34.527843,40.616711],[34.528054,40.616324],[34.528246,40.615927],[34.528426,40.615501],[34.52859,40.615069],[34.528743,40.614632],[34.529327,40.612876],[34.529644,40.612005],[34.529817,40.611582],[34.530188,40.610741],[34.530581,40.609906],[34.531393,40.608235],[34.532014,40.606981],[34.532441,40.606153],[34.532663,40.605745],[34.532895,40.605345],[34.53314,40.604958],[34.533405,40.604588],[34.533698,40.604245],[34.534028,40.603939],[34.534367,40.603703],[34.534739,40.603511],[34.535139,40.603367],[34.535561,40.603278],[34.535986,40.603252],[34.536425,40.603275],[34.536871,40.603338],[34.537321,40.603433],[34.537771,40.603556],[34.538218,40.603704],[34.538684,40.603887],[34.539144,40.60409],[34.539596,40.604309],[34.540042,40.60454],[34.540488,40.604787],[34.540929,40.605041],[34.541795,40.605566],[34.542648,40.606107],[34.544341,40.607214],[34.544772,40.607488],[34.54521,40.607753],[34.545674,40.608015],[34.546147,40.608267],[34.546627,40.608511],[34.547601,40.608985],[34.548587,40.609447],[34.551072,40.610576],[34.552576,40.611237],[34.555073,40.6123],[34.55606,40.612734],[34.556546,40.612959],[34.557023,40.613191],[34.557489,40.613435],[34.557939,40.613694],[34.558372,40.613972],[34.558791,40.614264],[34.560807,40.615761],[34.562019,40.616637],[34.563252,40.617492],[34.564088,40.618045],[34.564937,40.618577],[34.565803,40.619082],[34.566245,40.619323],[34.566686,40.61955],[34.567135,40.619765],[34.567592,40.619969],[34.568058,40.620159],[34.568519,40.620327],[34.56899,40.620477],[34.569469,40.620609],[34.569957,40.620721],[34.570435,40.620806],[34.570921,40.620873],[34.571411,40.620925],[34.571906,40.620964],[34.572403,40.620993],[34.572901,40.621012],[34.574906,40.621047],[34.575402,40.62107],[34.575895,40.621108],[34.576379,40.621167],[34.576856,40.621247],[34.577325,40.621347],[34.577783,40.621467],[34.578226,40.621609],[34.578652,40.621777],[34.579106,40.622],[34.579535,40.622253],[34.579941,40.62253],[34.580324,40.622829],[34.580696,40.623158],[34.581043,40.623503],[34.581364,40.623864],[34.581655,40.624239],[34.58187,40.624561],[34.582062,40.624892],[34.582233,40.62523],[34.582382,40.625574],[34.582509,40.625924],[34.582619,40.626313],[34.582708,40.626707],[34.582922,40.6279],[34.583077,40.628677],[34.58317,40.629062],[34.583278,40.629443],[34.583408,40.629818],[34.583557,40.630175],[34.583729,40.630524],[34.583924,40.630865],[34.584144,40.631196],[34.58439,40.631515],[34.584701,40.631855],[34.585044,40.63218],[34.585412,40.632492],[34.585801,40.63279],[34.586214,40.633079],[34.586641,40.633359],[34.587524,40.633899],[34.588425,40.634426],[34.58979,40.635208],[34.591615,40.636243],[34.592532,40.636753],[34.593461,40.637247],[34.593934,40.637484],[34.594415,40.637709],[34.594924,40.637929],[34.595443,40.638136],[34.59597,40.638331],[34.596503,40.638517],[34.597042,40.638692],[34.597587,40.638854],[34.598138,40.639002],[34.598617,40.639115],[34.599101,40.639216],[34.599589,40.639307],[34.600079,40.639389],[34.600573,40.639462],[34.601069,40.639526],[34.601563,40.639579],[34.602557,40.63966],[34.603555,40.639716],[34.604055,40.639735],[34.604555,40.639748],[34.605555,40.639759],[34.606555,40.639756],[34.607618,40.639736],[34.609307,40.63968],[34.611557,40.63959],[34.613244,40.639515],[34.61493,40.639429],[34.616051,40.639356],[34.617546,40.639227],[34.619039,40.639073],[34.621529,40.638796],[34.623024,40.63865],[34.624022,40.638572],[34.625022,40.638519],[34.625521,40.638506],[34.62652,40.638504],[34.627517,40.638535],[34.628014,40.638565],[34.62851,40.638605],[34.629004,40.638657],[34.629495,40.63872],[34.629981,40.638794],[34.630462,40.638883],[34.630936,40.638988],[34.631417,40.639117],[34.631889,40.639265],[34.63235,40.639431],[34.6328,40.639615],[34.633259,40.639828],[34.633707,40.640058],[34.634144,40.640301],[34.634573,40.640555],[34.634999,40.640823],[34.635832,40.64138],[34.636241,40.641667],[34.637052,40.642257],[34.638246,40.643166],[34.64061,40.645037],[34.641015,40.645343],[34.641415,40.645633],[34.641823,40.645915],[34.64224,40.64619],[34.642666,40.646457],[34.643087,40.646707],[34.643951,40.647187],[34.645355,40.647921],[34.648281,40.649391],[34.650111,40.650281],[34.650939,40.650665],[34.651891,40.651089],[34.653335,40.651701],[34.654312,40.652086],[34.654808,40.652267],[34.65531,40.652438],[34.655835,40.652602],[34.656366,40.652756],[34.657967,40.653202],[34.658494,40.653359],[34.659011,40.653528],[34.659515,40.653715],[34.65999,40.65392],[34.660447,40.654145],[34.660886,40.654388],[34.661306,40.654648],[34.661701,40.654925],[34.662071,40.65522],[34.662408,40.655532],[34.662707,40.655865],[34.662931,40.656175],[34.663125,40.656499],[34.663297,40.656835],[34.66345,40.657179],[34.663589,40.657529],[34.663737,40.657942],[34.663875,40.65836],[34.664127,40.659203],[34.664357,40.660052],[34.664462,40.660478],[34.664649,40.661334],[34.664721,40.66173],[34.664842,40.662527],[34.665107,40.66452],[34.665239,40.665313],[34.665408,40.666094],[34.66551,40.666482],[34.665623,40.666868],[34.665751,40.66725],[34.66589,40.667616],[34.666044,40.667979],[34.666212,40.668338],[34.666394,40.668692],[34.666591,40.669042],[34.666798,40.669373],[34.66702,40.669699],[34.667255,40.67002],[34.667503,40.670334],[34.667765,40.670641],[34.6681,40.670999],[34.668456,40.671345],[34.668831,40.671677],[34.66923,40.671992],[34.669624,40.672268],[34.670036,40.672528],[34.670466,40.672773],[34.670911,40.673002],[34.671391,40.673225],[34.671883,40.673434],[34.672383,40.673633],[34.673401,40.674014],[34.680102,40.676391],[34.681653,40.676919],[34.682174,40.677083],[34.682653,40.677224],[34.683135,40.677352],[34.683621,40.677464],[34.684113,40.677555],[34.68459,40.677617],[34.685072,40.677657],[34.685557,40.677676],[34.686043,40.677677],[34.68653,40.677659],[34.687016,40.67762],[34.687511,40.677557],[34.688004,40.677476],[34.688495,40.677382],[34.689472,40.677164],[34.69094,40.676812],[34.691432,40.676709],[34.691927,40.676625],[34.692409,40.676569],[34.692893,40.676537],[34.693376,40.676529],[34.693856,40.676545],[34.69433,40.676586],[34.694793,40.676658],[34.695255,40.676768],[34.695701,40.676909],[34.69613,40.677077],[34.696536,40.677272],[34.696917,40.677492],[34.697263,40.67774],[34.697555,40.678003],[34.697812,40.678288],[34.698036,40.678592],[34.698227,40.678911],[34.698384,40.679243],[34.698509,40.679606],[34.698598,40.679978],[34.698657,40.680358],[34.698687,40.680742],[34.69869,40.681129],[34.698667,40.681526],[34.698528,40.682721],[34.69849,40.683119],[34.69847,40.68351],[34.698471,40.683899],[34.698496,40.684284],[34.69855,40.684664],[34.69864,40.685037],[34.698764,40.685383],[34.698922,40.685719],[34.699112,40.686045],[34.699332,40.686359],[34.699583,40.68666],[34.69991,40.686986],[34.700273,40.687292],[34.700667,40.687578],[34.701089,40.687843],[34.701531,40.688082],[34.701993,40.688303],[34.70247,40.688512],[34.70345,40.688904],[34.70445,40.689278],[34.705964,40.68982],[34.707489,40.690336],[34.708002,40.690497],[34.708518,40.690649],[34.709001,40.690778],[34.709488,40.690895],[34.70998,40.690999],[34.710533,40.691093],[34.710962,40.691152],[34.711452,40.691201],[34.711946,40.691237],[34.712441,40.691259],[34.712938,40.691268],[34.713436,40.691264],[34.71394,40.691245],[34.71595,40.691114],[34.716449,40.691091],[34.716943,40.691082],[34.717431,40.691089],[34.71791,40.691113],[34.718377,40.69116],[34.718827,40.691233],[34.719254,40.691341],[34.719661,40.691494],[34.720034,40.691687],[34.720368,40.691915],[34.720655,40.692179],[34.720918,40.692519],[34.721127,40.692892],[34.721297,40.69329],[34.721439,40.693704],[34.721563,40.69413],[34.721775,40.695002],[34.722426,40.698107],[34.723102,40.701204],[34.723281,40.702083],[34.723357,40.702519],[34.72342,40.702953],[34.723462,40.703382],[34.723475,40.703804],[34.723446,40.704217],[34.72336,40.704616],[34.723233,40.704935],[34.723061,40.705241],[34.722847,40.705532],[34.722595,40.705805],[34.722304,40.706056],[34.721957,40.706298],[34.72158,40.706521],[34.720798,40.706955],[34.720411,40.707187],[34.720046,40.707435],[34.719712,40.7077],[34.719421,40.707987],[34.719196,40.708283],[34.719015,40.708598],[34.718875,40.708928],[34.718772,40.70927],[34.718707,40.709621],[34.71868,40.710023],[34.71869,40.710432],[34.718727,40.710845],[34.718785,40.71126],[34.718936,40.712097],[34.719115,40.712937],[34.719306,40.713777],[34.719534,40.714722],[34.720112,40.714698],[34.729675,40.714311],[34.735694,40.715707],[34.73962,40.717015],[34.745639,40.718934],[34.750612,40.72033],[34.75794,40.723122],[34.765617,40.726873],[34.771985,40.730013],[34.785768,40.736207],[34.794318,40.739784],[34.806967,40.743361],[34.822931,40.745978],[34.831132,40.747286],[34.835668,40.74781],[34.847968,40.748595],[34.866637,40.751299],[34.87318,40.751212],[34.88391,40.750863],[34.903277,40.751648],[34.911652,40.751038],[34.918805,40.749991],[34.925697,40.749555],[34.931018,40.748333],[34.934159,40.746676],[34.93695,40.745018],[34.942533,40.742663],[34.960504,40.736992],[34.970188,40.736033],[34.978617,40.734354],[34.984702,40.73311],[34.988955,40.730951],[34.997787,40.727287],[35.00132,40.725913],[35.008125,40.724932],[35.012901,40.724278],[35.019117,40.721791],[35.023435,40.721203],[35.02952,40.718062],[35.036913,40.714463],[35.039923,40.71394],[35.041811,40.710697],[35.048664,40.702891],[35.048963,40.702671],[35.049261,40.70245],[35.057487,40.697064],[35.062181,40.695848],[35.078743,40.692802],[35.094258,40.691374],[35.10549,40.691088],[35.111296,40.690898],[35.119567,40.690417],[35.127192,40.690672],[35.13376,40.689565],[35.140994,40.688709],[35.144897,40.688709],[35.151179,40.690422],[35.156795,40.692231],[35.170311,40.696895],[35.181639,40.701273],[35.186969,40.705176],[35.189183,40.706968],[35.189518,40.707104],[35.189853,40.70724],[35.193994,40.709534],[35.195896,40.710709],[35.197519,40.711492],[35.199365,40.712499],[35.201044,40.712723],[35.202611,40.713059],[35.204289,40.71345],[35.206359,40.71401],[35.207702,40.714737],[35.209828,40.715185],[35.211059,40.715185],[35.212794,40.715688],[35.213857,40.716304],[35.2152,40.716696],[35.21783,40.717031],[35.219284,40.717199],[35.22197,40.71815],[35.225607,40.718206],[35.227901,40.717815],[35.230195,40.717199],[35.230737,40.716743]]]}},{"type":"Feature","properties":{"id":"TR-D-19-005","parent_id":"TR-P-19","region_id":"TR-R-KAR","level":"district","municipality_type":null,"municipality_type_label":null,"is_metropolitan_municipality":null,"name":"Dodurga","name_ascii":"dodurga","slug":"dodurga-corum"},"geometry":{"type":"Polygon","coordinates":[[[34.867559,40.847289],[34.867598,40.846953],[34.867627,40.84656],[34.867649,40.84568],[34.867645,40.845237],[34.867615,40.84435],[34.867548,40.843464],[34.867494,40.843023],[34.867421,40.842584],[34.867324,40.84215],[34.867208,40.841718],[34.866939,40.840858],[34.866486,40.839575],[34.86507,40.835735],[34.864136,40.833174],[34.863368,40.831037],[34.862305,40.828037],[34.861833,40.826757],[34.861486,40.825917],[34.861292,40.825506],[34.861078,40.825103],[34.860835,40.824713],[34.860556,40.82434],[34.860243,40.823985],[34.859899,40.823647],[34.859523,40.823329],[34.85914,40.823052],[34.858732,40.822793],[34.858305,40.82255],[34.85786,40.822323],[34.857426,40.822122],[34.856094,40.821546],[34.855645,40.821342],[34.855203,40.821129],[34.854773,40.820904],[34.854356,40.820666],[34.853909,40.820381],[34.853478,40.82008],[34.85306,40.819767],[34.852651,40.819446],[34.851849,40.818788],[34.851059,40.818118],[34.847531,40.815077],[34.846759,40.814395],[34.846009,40.813703],[34.845651,40.813349],[34.84531,40.812988],[34.844994,40.812619],[34.844704,40.812239],[34.844444,40.81185],[34.84422,40.811448],[34.844056,40.811081],[34.843921,40.810705],[34.843808,40.810323],[34.843712,40.809936],[34.843629,40.809547],[34.843403,40.808303],[34.843317,40.807894],[34.843212,40.807491],[34.843077,40.807099],[34.842902,40.806721],[34.842664,40.806346],[34.842377,40.805989],[34.842049,40.805649],[34.841686,40.805327],[34.841314,40.805042],[34.84092,40.80477],[34.840507,40.804509],[34.840081,40.804259],[34.839648,40.804022],[34.839207,40.803793],[34.838757,40.803573],[34.838299,40.803363],[34.837838,40.803165],[34.837369,40.802981],[34.836891,40.802812],[34.836404,40.802663],[34.835932,40.802543],[34.835453,40.802442],[34.834968,40.802355],[34.834477,40.802282],[34.833984,40.80222],[34.833487,40.80217],[34.83299,40.802133],[34.832492,40.802106],[34.831994,40.802091],[34.831497,40.802088],[34.831001,40.802098],[34.830508,40.802124],[34.830018,40.802167],[34.829533,40.802227],[34.829053,40.8023],[34.828579,40.802386],[34.828115,40.802483],[34.827662,40.802591],[34.826701,40.802847],[34.826229,40.802951],[34.825755,40.803013],[34.825265,40.803015],[34.824767,40.802966],[34.824265,40.802879],[34.823758,40.802764],[34.823249,40.802628],[34.822738,40.802477],[34.821711,40.802147],[34.820686,40.801794],[34.820176,40.80161],[34.819169,40.801228],[34.818676,40.801026],[34.818194,40.800813],[34.817728,40.800585],[34.817283,40.800337],[34.816849,40.800055],[34.816438,40.79975],[34.816042,40.799431],[34.815659,40.7991],[34.815284,40.798762],[34.814548,40.798071],[34.810573,40.794211],[34.806939,40.790718],[34.806222,40.790015],[34.805523,40.789304],[34.805188,40.788942],[34.804865,40.788575],[34.804562,40.788199],[34.804324,40.787872],[34.804102,40.787539],[34.803894,40.7872],[34.803701,40.786856],[34.803522,40.786507],[34.803353,40.786141],[34.803196,40.78577],[34.802478,40.783911],[34.802324,40.783548],[34.802155,40.783193],[34.801966,40.782851],[34.801748,40.782525],[34.801491,40.78222],[34.801162,40.781918],[34.800788,40.78164],[34.800385,40.781377],[34.799961,40.781125],[34.798654,40.780371],[34.79823,40.780103],[34.797813,40.779811],[34.79741,40.779505],[34.79702,40.779188],[34.796638,40.778863],[34.795892,40.778198],[34.794796,40.77718],[34.789373,40.772044],[34.788656,40.771357],[34.787953,40.770664],[34.787279,40.769958],[34.786961,40.769597],[34.786663,40.769227],[34.786422,40.768895],[34.786198,40.768556],[34.785987,40.768212],[34.785787,40.767863],[34.785418,40.767151],[34.785079,40.766426],[34.784762,40.765695],[34.784143,40.764211],[34.783809,40.763483],[34.783627,40.763127],[34.78343,40.762778],[34.783214,40.762437],[34.782974,40.762107],[34.782673,40.761756],[34.782341,40.761419],[34.781987,40.761094],[34.781614,40.760777],[34.781216,40.760459],[34.780807,40.760148],[34.779968,40.759535],[34.779114,40.758931],[34.774815,40.75593],[34.773108,40.754722],[34.772273,40.754108],[34.771864,40.753796],[34.771466,40.753477],[34.771082,40.75315],[34.770716,40.752811],[34.77038,40.752466],[34.770063,40.752109],[34.769759,40.751744],[34.769465,40.751374],[34.768618,40.75024],[34.766686,40.747558],[34.766177,40.746886],[34.766053,40.747118],[34.760838,40.753399],[34.755864,40.759616],[34.753638,40.762299],[34.75089,40.764393],[34.748468,40.766357],[34.745916,40.769564],[34.744476,40.771854],[34.741793,40.773883],[34.74068,40.776436],[34.739764,40.777221],[34.738128,40.778333],[34.734921,40.779446],[34.731191,40.780755],[34.727329,40.781148],[34.723533,40.781082],[34.720065,40.78082],[34.717316,40.779511],[34.715222,40.77925],[34.7128,40.779381],[34.708743,40.781344],[34.705601,40.782784],[34.702198,40.785991],[34.699384,40.787954],[34.695326,40.789525],[34.692381,40.79175],[34.691465,40.793321],[34.68996,40.796462],[34.689305,40.798818],[34.688454,40.800258],[34.687211,40.801829],[34.684986,40.803923],[34.681255,40.807915],[34.679357,40.810991],[34.677394,40.814329],[34.674056,40.818452],[34.673075,40.822051],[34.67242,40.824735],[34.670719,40.828727],[34.668821,40.831737],[34.665679,40.835533],[34.660378,40.839983],[34.657564,40.841096],[34.655208,40.841947],[34.64814,40.84247],[34.642969,40.84234],[34.638323,40.843779],[34.631909,40.846135],[34.625757,40.847706],[34.621307,40.849277],[34.616529,40.850782],[34.610705,40.852484],[34.609592,40.853269],[34.605665,40.85556],[34.603713,40.856836],[34.60205,40.859583],[34.60022,40.864637],[34.59839,40.87161],[34.597518,40.87405],[34.597083,40.879366],[34.596124,40.882678],[34.593596,40.888517],[34.590546,40.894443],[34.589,40.898264],[34.593387,40.897236],[34.598939,40.896208],[34.604354,40.895728],[34.609289,40.896688],[34.612922,40.897716],[34.617925,40.899498],[34.626219,40.902651],[34.632114,40.903885],[34.637118,40.903748],[34.641299,40.902994],[34.643835,40.902034],[34.647468,40.89895],[34.650278,40.896756],[34.654939,40.894563],[34.658298,40.893192],[34.666728,40.891684],[34.671389,40.890793],[34.67276,40.890862],[34.675845,40.891479],[34.68174,40.892575],[34.688662,40.894083],[34.693598,40.894563],[34.698053,40.895248],[34.702782,40.895865],[34.707718,40.895797],[34.720398,40.89895],[34.725882,40.898264],[34.729583,40.898127],[34.734313,40.89847],[34.742264,40.899498],[34.748981,40.899909],[34.754739,40.899635],[34.760702,40.899498],[34.765431,40.899293],[34.774411,40.897853],[34.784692,40.896962],[34.791547,40.896619],[34.79607,40.89614],[34.806009,40.897168],[34.814988,40.898196],[34.821295,40.897442],[34.826435,40.895797],[34.831713,40.893672],[34.83679,40.888661],[34.839932,40.884153],[34.835086,40.879747],[34.83435,40.879043],[34.833998,40.878684],[34.833663,40.878318],[34.833354,40.877944],[34.83312,40.877618],[34.832913,40.877286],[34.832736,40.876948],[34.832594,40.876605],[34.832495,40.876257],[34.832445,40.875904],[34.832442,40.875551],[34.832482,40.875201],[34.832564,40.87486],[34.832692,40.874532],[34.83286,40.874233],[34.83307,40.873955],[34.833318,40.873703],[34.833603,40.873484],[34.833927,40.873306],[34.834336,40.873165],[34.834785,40.873075],[34.835262,40.873026],[34.835757,40.873013],[34.836263,40.873031],[34.836773,40.873079],[34.837283,40.873159],[34.837837,40.873284],[34.838385,40.873439],[34.83893,40.873613],[34.840551,40.874182],[34.841093,40.874365],[34.84157,40.874514],[34.842052,40.874649],[34.842538,40.874767],[34.843029,40.87486],[34.84351,40.874924],[34.843996,40.874964],[34.844485,40.874984],[34.844976,40.874987],[34.845469,40.874973],[34.845961,40.874943],[34.846543,40.874888],[34.847124,40.874815],[34.847705,40.87473],[34.848865,40.874537],[34.855261,40.87338],[34.856417,40.873157],[34.856987,40.873036],[34.857546,40.872905],[34.858091,40.872758],[34.858612,40.87259],[34.859046,40.872418],[34.859448,40.872222],[34.859813,40.871999],[34.860128,40.871745],[34.860373,40.871472],[34.860571,40.871173],[34.860726,40.870854],[34.860843,40.870519],[34.860923,40.870173],[34.860966,40.869796],[34.860975,40.869412],[34.860955,40.869023],[34.860913,40.868631],[34.86085,40.868239],[34.860761,40.867807],[34.860656,40.867376],[34.8602,40.865654],[34.860103,40.865224],[34.860024,40.864794],[34.859972,40.864363],[34.859951,40.863927],[34.859957,40.863491],[34.859983,40.863053],[34.860074,40.862178],[34.860194,40.861301],[34.860396,40.859986],[34.860681,40.858234],[34.860836,40.857362],[34.861019,40.856499],[34.861129,40.856073],[34.861258,40.855654],[34.861416,40.855244],[34.86161,40.854845],[34.861843,40.854472],[34.862111,40.85411],[34.862406,40.853756],[34.86272,40.853409],[34.863048,40.853065],[34.863737,40.852378],[34.865164,40.850995],[34.865855,40.850298],[34.866185,40.849945],[34.866498,40.849588],[34.866785,40.849224],[34.867039,40.848852],[34.867245,40.848467],[34.867385,40.848102],[34.867484,40.847726],[34.867559,40.847289]]]}},{"type":"Feature","properties":{"id":"TR-D-19-006","parent_id":"TR-P-19","region_id":"TR-R-KAR","level":"district","municipality_type":null,"municipality_type_label":null,"is_metropolitan_municipality":null,"name":"İskilip","name_ascii":"iskilip","slug":"iskilip-corum"},"geometry":{"type":"Polygon","coordinates":[[[34.44366,40.970873],[34.445127,40.970372],[34.451707,40.967905],[34.46144,40.962421],[34.467198,40.958377],[34.473846,40.953031],[34.478576,40.950083],[34.481386,40.947753],[34.485842,40.944737],[34.490914,40.941036],[34.494341,40.938157],[34.503252,40.933359],[34.509421,40.930137],[34.513191,40.927053],[34.51792,40.923146],[34.521142,40.919513],[34.527242,40.91355],[34.532314,40.909094],[34.534782,40.907655],[34.53814,40.905941],[34.547531,40.903954],[34.561377,40.900595],[34.571933,40.899361],[34.576868,40.898744],[34.589,40.898264],[34.590546,40.894443],[34.593596,40.888517],[34.596124,40.882678],[34.597083,40.879366],[34.597518,40.87405],[34.59839,40.87161],[34.60022,40.864637],[34.60205,40.859583],[34.603713,40.856836],[34.605665,40.85556],[34.609592,40.853269],[34.610705,40.852484],[34.611032,40.8498],[34.61202,40.845955],[34.613554,40.842152],[34.614513,40.834831],[34.616082,40.828992],[34.616343,40.82385],[34.61643,40.818447],[34.615559,40.811301],[34.614861,40.80398],[34.613816,40.798402],[34.610417,40.794393],[34.605536,40.791691],[34.601092,40.788292],[34.598826,40.785504],[34.596995,40.78071],[34.595165,40.775568],[34.594555,40.771995],[34.593945,40.766417],[34.593335,40.759968],[34.594207,40.755175],[34.598041,40.750294],[34.600569,40.747941],[34.603532,40.746111],[34.614077,40.743148],[34.623925,40.741056],[34.629939,40.739575],[34.634209,40.738442],[34.640571,40.737047],[34.648153,40.73452],[34.655648,40.730772],[34.665584,40.722493],[34.677872,40.715085],[34.67979,40.713778],[34.683798,40.710989],[34.68711,40.709246],[34.691381,40.707851],[34.695738,40.704975],[34.700706,40.702099],[34.709334,40.694604],[34.710337,40.691809],[34.710533,40.691093],[34.70998,40.690999],[34.709488,40.690895],[34.709001,40.690778],[34.708518,40.690649],[34.708002,40.690497],[34.707489,40.690336],[34.705964,40.68982],[34.70445,40.689278],[34.70345,40.688904],[34.70247,40.688512],[34.701993,40.688303],[34.701531,40.688082],[34.701089,40.687843],[34.700667,40.687578],[34.700273,40.687292],[34.69991,40.686986],[34.699583,40.68666],[34.699332,40.686359],[34.699112,40.686045],[34.698922,40.685719],[34.698764,40.685383],[34.69864,40.685037],[34.69855,40.684664],[34.698496,40.684284],[34.698471,40.683899],[34.69847,40.68351],[34.69849,40.683119],[34.698528,40.682721],[34.698667,40.681526],[34.69869,40.681129],[34.698687,40.680742],[34.698657,40.680358],[34.698598,40.679978],[34.698509,40.679606],[34.698384,40.679243],[34.698227,40.678911],[34.698036,40.678592],[34.697812,40.678288],[34.697555,40.678003],[34.697263,40.67774],[34.696917,40.677492],[34.696536,40.677272],[34.69613,40.677077],[34.695701,40.676909],[34.695255,40.676768],[34.694793,40.676658],[34.69433,40.676586],[34.693856,40.676545],[34.693376,40.676529],[34.692893,40.676537],[34.692409,40.676569],[34.691927,40.676625],[34.691432,40.676709],[34.69094,40.676812],[34.689472,40.677164],[34.688495,40.677382],[34.688004,40.677476],[34.687511,40.677557],[34.687016,40.67762],[34.68653,40.677659],[34.686043,40.677677],[34.685557,40.677676],[34.685072,40.677657],[34.68459,40.677617],[34.684113,40.677555],[34.683621,40.677464],[34.683135,40.677352],[34.682653,40.677224],[34.682174,40.677083],[34.681653,40.676919],[34.680102,40.676391],[34.673401,40.674014],[34.672383,40.673633],[34.671883,40.673434],[34.671391,40.673225],[34.670911,40.673002],[34.670466,40.672773],[34.670036,40.672528],[34.669624,40.672268],[34.66923,40.671992],[34.668831,40.671677],[34.668456,40.671345],[34.6681,40.670999],[34.667765,40.670641],[34.667503,40.670334],[34.667255,40.67002],[34.66702,40.669699],[34.666798,40.669373],[34.666591,40.669042],[34.666394,40.668692],[34.666212,40.668338],[34.666044,40.667979],[34.66589,40.667616],[34.665751,40.66725],[34.665623,40.666868],[34.66551,40.666482],[34.665408,40.666094],[34.665239,40.665313],[34.665107,40.66452],[34.664842,40.662527],[34.664721,40.66173],[34.664649,40.661334],[34.664462,40.660478],[34.664357,40.660052],[34.664127,40.659203],[34.663875,40.65836],[34.663737,40.657942],[34.663589,40.657529],[34.66345,40.657179],[34.663297,40.656835],[34.663125,40.656499],[34.662931,40.656175],[34.662707,40.655865],[34.662408,40.655532],[34.662071,40.65522],[34.661701,40.654925],[34.661306,40.654648],[34.660886,40.654388],[34.660447,40.654145],[34.65999,40.65392],[34.659515,40.653715],[34.659011,40.653528],[34.658494,40.653359],[34.657967,40.653202],[34.656366,40.652756],[34.655835,40.652602],[34.65531,40.652438],[34.654808,40.652267],[34.654312,40.652086],[34.653335,40.651701],[34.651891,40.651089],[34.650939,40.650665],[34.650111,40.650281],[34.648281,40.649391],[34.645355,40.647921],[34.643951,40.647187],[34.643087,40.646707],[34.642666,40.646457],[34.64224,40.64619],[34.641823,40.645915],[34.641415,40.645633],[34.641015,40.645343],[34.64061,40.645037],[34.638246,40.643166],[34.637052,40.642257],[34.636241,40.641667],[34.635832,40.64138],[34.634999,40.640823],[34.634573,40.640555],[34.634144,40.640301],[34.633707,40.640058],[34.633259,40.639828],[34.6328,40.639615],[34.63235,40.639431],[34.631889,40.639265],[34.631417,40.639117],[34.630936,40.638988],[34.630462,40.638883],[34.629981,40.638794],[34.629495,40.63872],[34.629004,40.638657],[34.62851,40.638605],[34.628014,40.638565],[34.627517,40.638535],[34.62652,40.638504],[34.625521,40.638506],[34.625022,40.638519],[34.624022,40.638572],[34.623024,40.63865],[34.621529,40.638796],[34.619039,40.639073],[34.617546,40.639227],[34.616051,40.639356],[34.61493,40.639429],[34.613244,40.639515],[34.611557,40.63959],[34.609307,40.63968],[34.607618,40.639736],[34.606555,40.639756],[34.605555,40.639759],[34.604555,40.639748],[34.604055,40.639735],[34.603555,40.639716],[34.602557,40.63966],[34.601563,40.639579],[34.601069,40.639526],[34.600573,40.639462],[34.600079,40.639389],[34.599589,40.639307],[34.599101,40.639216],[34.598617,40.639115],[34.598138,40.639002],[34.597587,40.638854],[34.597042,40.638692],[34.596503,40.638517],[34.59597,40.638331],[34.595443,40.638136],[34.594924,40.637929],[34.594415,40.637709],[34.593934,40.637484],[34.593461,40.637247],[34.592532,40.636753],[34.591615,40.636243],[34.58979,40.635208],[34.588425,40.634426],[34.587524,40.633899],[34.586641,40.633359],[34.586214,40.633079],[34.585801,40.63279],[34.585412,40.632492],[34.585044,40.63218],[34.584701,40.631855],[34.58439,40.631515],[34.584144,40.631196],[34.583924,40.630865],[34.583729,40.630524],[34.583557,40.630175],[34.583408,40.629818],[34.583278,40.629443],[34.58317,40.629062],[34.583077,40.628677],[34.582922,40.6279],[34.582708,40.626707],[34.582619,40.626313],[34.582509,40.625924],[34.582382,40.625574],[34.582233,40.62523],[34.582062,40.624892],[34.58187,40.624561],[34.581655,40.624239],[34.581364,40.623864],[34.581043,40.623503],[34.580696,40.623158],[34.580324,40.622829],[34.579941,40.62253],[34.579535,40.622253],[34.579106,40.622],[34.578652,40.621777],[34.578226,40.621609],[34.577783,40.621467],[34.577325,40.621347],[34.576856,40.621247],[34.576379,40.621167],[34.575895,40.621108],[34.575402,40.62107],[34.574906,40.621047],[34.572901,40.621012],[34.572403,40.620993],[34.571906,40.620964],[34.571411,40.620925],[34.570921,40.620873],[34.570435,40.620806],[34.569957,40.620721],[34.569469,40.620609],[34.56899,40.620477],[34.568519,40.620327],[34.568058,40.620159],[34.567592,40.619969],[34.567135,40.619765],[34.566686,40.61955],[34.566245,40.619323],[34.565803,40.619082],[34.564937,40.618577],[34.564088,40.618045],[34.563252,40.617492],[34.562019,40.616637],[34.560807,40.615761],[34.558791,40.614264],[34.558372,40.613972],[34.557939,40.613694],[34.557489,40.613435],[34.557023,40.613191],[34.556546,40.612959],[34.55606,40.612734],[34.555073,40.6123],[34.552576,40.611237],[34.551072,40.610576],[34.548587,40.609447],[34.547601,40.608985],[34.546627,40.608511],[34.546147,40.608267],[34.545674,40.608015],[34.54521,40.607753],[34.544772,40.607488],[34.544341,40.607214],[34.542648,40.606107],[34.541795,40.605566],[34.540929,40.605041],[34.540488,40.604787],[34.540042,40.60454],[34.539596,40.604309],[34.539144,40.60409],[34.538684,40.603887],[34.538218,40.603704],[34.537771,40.603556],[34.537321,40.603433],[34.536871,40.603338],[34.536425,40.603275],[34.535986,40.603252],[34.535561,40.603278],[34.535139,40.603367],[34.534739,40.603511],[34.534367,40.603703],[34.534028,40.603939],[34.533698,40.604245],[34.533405,40.604588],[34.53314,40.604958],[34.532895,40.605345],[34.532663,40.605745],[34.532441,40.606153],[34.532014,40.606981],[34.531393,40.608235],[34.530581,40.609906],[34.530188,40.610741],[34.529817,40.611582],[34.529644,40.612005],[34.529327,40.612876],[34.528743,40.614632],[34.52859,40.615069],[34.528426,40.615501],[34.528246,40.615927],[34.528054,40.616324],[34.527843,40.616711],[34.527611,40.617086],[34.527356,40.617443],[34.527074,40.617777],[34.526757,40.618081],[34.526395,40.618343],[34.525996,40.618548],[34.525557,40.618714],[34.525087,40.618851],[34.524594,40.618966],[34.524086,40.619064],[34.523566,40.619148],[34.523038,40.619221],[34.522505,40.619284],[34.52197,40.619335],[34.521434,40.619372],[34.5209,40.619392],[34.520401,40.619391],[34.519908,40.619372],[34.519423,40.619333],[34.518951,40.619273],[34.518494,40.619188],[34.518059,40.619072],[34.517652,40.618917],[34.517258,40.618705],[34.516895,40.618452],[34.516556,40.618169],[34.516233,40.617863],[34.515922,40.617541],[34.515618,40.617209],[34.514723,40.616189],[34.514114,40.615515],[34.513797,40.615185],[34.513479,40.614872],[34.513149,40.614567],[34.512806,40.614272],[34.51245,40.613988],[34.512056,40.613702],[34.511647,40.613431],[34.511222,40.613173],[34.510782,40.612931],[34.510347,40.612714],[34.509899,40.61251],[34.509442,40.612318],[34.508977,40.612136],[34.508512,40.611968],[34.507568,40.611653],[34.504702,40.610776],[34.503764,40.61046],[34.503304,40.610289],[34.502845,40.610103],[34.502397,40.609905],[34.501962,40.609693],[34.501541,40.609464],[34.501112,40.609201],[34.500699,40.608921],[34.500298,40.608629],[34.499907,40.608328],[34.499508,40.608009],[34.498725,40.607357],[34.49294,40.602388],[34.487884,40.598104],[34.487125,40.597438],[34.486757,40.5971],[34.486401,40.596757],[34.486063,40.596408],[34.485751,40.596048],[34.485473,40.595675],[34.485262,40.595332],[34.485082,40.594977],[34.484927,40.594614],[34.484794,40.594244],[34.484678,40.59386],[34.48458,40.593471],[34.484497,40.59308],[34.484449,40.5928],[34.484333,40.591893],[34.484299,40.591496],[34.484222,40.590289],[34.484187,40.589887],[34.484135,40.589486],[34.484059,40.589089],[34.483962,40.588695],[34.483848,40.588304],[34.483718,40.587914],[34.483574,40.587528],[34.483416,40.587145],[34.483242,40.586766],[34.483049,40.586392],[34.482815,40.585992],[34.482561,40.585598],[34.482292,40.58521],[34.48201,40.584826],[34.481417,40.584071],[34.481105,40.583701],[34.480781,40.583339],[34.480442,40.582987],[34.480081,40.582649],[34.479708,40.582336],[34.479315,40.582036],[34.478907,40.581746],[34.478487,40.581465],[34.478058,40.581192],[34.477621,40.580926],[34.477176,40.580668],[34.476721,40.58042],[34.476256,40.580183],[34.475775,40.579959],[34.475284,40.579746],[34.474283,40.579343],[34.473267,40.578957],[34.471734,40.578391],[34.469684,40.577647],[34.468141,40.577099],[34.465985,40.576366],[34.456791,40.573305],[34.449226,40.570769],[34.448142,40.570416],[34.447052,40.570079],[34.446503,40.569923],[34.44595,40.569778],[34.44539,40.56965],[34.444828,40.569543],[34.44426,40.569453],[34.443687,40.569375],[34.442533,40.569241],[34.440211,40.569015],[34.43323,40.568384],[34.431485,40.568239],[34.428603,40.568033],[34.428034,40.567976],[34.427464,40.567902],[34.426897,40.567815],[34.426333,40.567715],[34.425211,40.56749],[34.424115,40.567236],[34.423043,40.566963],[34.421442,40.566533],[34.415583,40.564927],[34.413573,40.564365],[34.412106,40.563932],[34.411141,40.563622],[34.410666,40.563455],[34.410174,40.563269],[34.409206,40.562871],[34.408251,40.562452],[34.406837,40.5618],[34.405906,40.561349],[34.404993,40.56088],[34.404518,40.56062],[34.403583,40.560083],[34.402661,40.559533],[34.401288,40.558697],[34.39718,40.556178],[34.395363,40.555051],[34.394465,40.554478],[34.393612,40.553912],[34.392804,40.553354],[34.390799,40.551947],[34.389986,40.551394],[34.389573,40.551125],[34.389153,40.550861],[34.388703,40.550592],[34.388245,40.550329],[34.387315,40.549818],[34.385427,40.548823],[34.380679,40.54636],[34.37925,40.545626],[34.377809,40.544906],[34.376823,40.544439],[34.375811,40.543983],[34.374279,40.543316],[34.371194,40.541999],[34.370174,40.541553],[34.36967,40.541324],[34.369174,40.54109],[34.36869,40.540847],[34.368223,40.540592],[34.36778,40.540319],[34.367451,40.540087],[34.367145,40.53984],[34.366863,40.539578],[34.366611,40.539301],[34.366351,40.538947],[34.366129,40.538574],[34.365936,40.538187],[34.365768,40.53779],[34.365618,40.537384],[34.365381,40.536617],[34.365175,40.535839],[34.364698,40.53387],[34.364496,40.533077],[34.364272,40.532289],[34.364148,40.531898],[34.363863,40.531115],[34.363547,40.53034],[34.363035,40.529185],[34.362671,40.528421],[34.362481,40.528042],[34.362041,40.527219],[34.361348,40.525994],[34.357331,40.519079],[34.356849,40.518268],[34.356349,40.517463],[34.356087,40.517065],[34.355575,40.516343],[34.35503,40.515634],[34.354746,40.515285],[34.354451,40.514942],[34.354145,40.514604],[34.353823,40.514275],[34.353471,40.513944],[34.353103,40.513622],[34.352336,40.512994],[34.351941,40.512685],[34.351561,40.512398],[34.351316,40.51283],[34.344071,40.525623],[34.340932,40.530033],[34.339736,40.532873],[34.337195,40.538478],[34.335327,40.54625],[34.333159,40.554023],[34.332337,40.564561],[34.332262,40.568895],[34.332038,40.576145],[34.332038,40.582647],[34.332113,40.585711],[34.333159,40.589672],[34.336971,40.594754],[34.343622,40.599537],[34.348854,40.603349],[34.356701,40.607684],[34.362082,40.610748],[34.368211,40.614634],[34.374713,40.61867],[34.379122,40.622706],[34.382111,40.627788],[34.383681,40.633094],[34.383531,40.63855],[34.38256,40.643258],[34.378524,40.649685],[34.376357,40.652675],[34.373965,40.65955],[34.372994,40.663437],[34.371873,40.66949],[34.369332,40.674946],[34.364997,40.68384],[34.361559,40.690267],[34.357448,40.6952],[34.354907,40.697815],[34.35132,40.70073],[34.346836,40.703944],[34.336522,40.710745],[34.334729,40.71209],[34.330543,40.715603],[34.326059,40.721283],[34.32307,40.72771],[34.319333,40.732792],[34.31582,40.73466],[34.306777,40.738696],[34.300201,40.742358],[34.289065,40.747067],[34.281367,40.750355],[34.275164,40.752971],[34.270904,40.755138],[34.265822,40.758875],[34.261114,40.762537],[34.257526,40.765078],[34.254163,40.767918],[34.252145,40.769861],[34.247512,40.775541],[34.240187,40.787723],[34.233237,40.799531],[34.229949,40.80551],[34.226884,40.811041],[34.224044,40.815151],[34.219336,40.822326],[34.214702,40.828081],[34.210592,40.832864],[34.209172,40.834059],[34.206481,40.836675],[34.202147,40.842579],[34.199606,40.846615],[34.203044,40.849903],[34.207338,40.854638],[34.208236,40.855227],[34.21282,40.858997],[34.217551,40.863137],[34.219399,40.864764],[34.224944,40.868164],[34.229084,40.870456],[34.23315,40.874005],[34.236329,40.87844],[34.239212,40.887016],[34.24143,40.892634],[34.244239,40.900249],[34.246087,40.905276],[34.247344,40.909933],[34.248231,40.913481],[34.248896,40.916069],[34.249488,40.920726],[34.249414,40.923092],[34.248835,40.925803],[34.249623,40.92807],[34.252482,40.931125],[34.255537,40.933294],[34.257706,40.937138],[34.259184,40.939996],[34.260268,40.943446],[34.260367,40.947291],[34.260761,40.951923],[34.260958,40.956359],[34.260564,40.959316],[34.259579,40.962569],[34.259579,40.964639],[34.26017,40.96661],[34.261648,40.967497],[34.264704,40.968877],[34.266084,40.970848],[34.266084,40.972918],[34.266873,40.974397],[34.268351,40.97489],[34.270717,40.975777],[34.275152,40.977748],[34.281362,40.980114],[34.286094,40.982184],[34.296739,40.988098],[34.304624,40.993618],[34.308074,40.995786],[34.313496,41.000419],[34.321184,41.008206],[34.325915,41.013825],[34.327098,41.015599],[34.327848,41.013349],[34.329356,41.010813],[34.330522,41.008757],[34.332509,41.00533],[34.336622,41.000257],[34.339981,40.995802],[34.3419,40.994568],[34.34567,40.992443],[34.349028,40.99073],[34.352661,40.989222],[34.355883,40.988399],[34.358145,40.987714],[34.359858,40.987303],[34.364793,40.986549],[34.370345,40.985726],[34.376172,40.984629],[34.379188,40.984013],[34.382546,40.983122],[34.387344,40.982368],[34.39036,40.981819],[34.392828,40.980997],[34.400162,40.978323],[34.411677,40.971675],[34.416201,40.969755],[34.421342,40.96955],[34.425455,40.969687],[34.42943,40.969961],[34.437518,40.971332],[34.442316,40.971332],[34.44366,40.970873]]]}},{"type":"Feature","properties":{"id":"TR-D-19-007","parent_id":"TR-P-19","region_id":"TR-R-KAR","level":"district","municipality_type":null,"municipality_type_label":null,"is_metropolitan_municipality":null,"name":"Kargı","name_ascii":"kargi","slug":"kargi-corum"},"geometry":{"type":"Polygon","coordinates":[[[34.57357,41.29344],[34.575656,41.293338],[34.579888,41.292262],[34.583331,41.290469],[34.586845,41.287743],[34.592583,41.284516],[34.598321,41.283297],[34.601119,41.283942],[34.607072,41.286237],[34.612666,41.289393],[34.618189,41.290612],[34.623712,41.291545],[34.628804,41.291258],[34.631888,41.290828],[34.637555,41.288819],[34.642145,41.28803],[34.646592,41.287815],[34.650393,41.287457],[34.655245,41.286939],[34.659306,41.287308],[34.665344,41.288486],[34.669958,41.290302],[34.673884,41.291234],[34.676645,41.29219],[34.679514,41.292692],[34.679814,41.292673],[34.680115,41.292654],[34.685321,41.29251],[34.688364,41.29202],[34.68911,41.291549],[34.689383,41.291376],[34.689656,41.291204],[34.691635,41.289465],[34.693356,41.286524],[34.693572,41.28344],[34.692639,41.278778],[34.690057,41.272323],[34.690057,41.270673],[34.690918,41.268019],[34.692711,41.265365],[34.696727,41.261851],[34.704115,41.256113],[34.709853,41.252455],[34.715806,41.249873],[34.724413,41.24643],[34.733594,41.244494],[34.740121,41.242987],[34.743779,41.242629],[34.750019,41.241696],[34.764148,41.235815],[34.772182,41.232157],[34.779641,41.228427],[34.781649,41.227925],[34.789324,41.225917],[34.799509,41.223837],[34.80331,41.223335],[34.816292,41.219103],[34.820954,41.217669],[34.824469,41.215732],[34.827911,41.213867],[34.833291,41.212433],[34.840894,41.209277],[34.843846,41.208711],[34.84531,41.20843],[34.84554,41.208386],[34.846129,41.208273],[34.84669,41.208339],[34.847173,41.208371],[34.849931,41.208631],[34.850811,41.208714],[34.850588,41.208543],[34.850231,41.208245],[34.84989,41.207935],[34.849537,41.207578],[34.849203,41.20721],[34.848569,41.206451],[34.847961,41.205676],[34.847749,41.205397],[34.843804,41.200206],[34.836934,41.191257],[34.836046,41.190086],[34.835467,41.1893],[34.835185,41.188905],[34.834647,41.18812],[34.833609,41.186534],[34.832347,41.184537],[34.831619,41.18333],[34.831164,41.182518],[34.830952,41.182108],[34.830756,41.181695],[34.830279,41.180576],[34.830109,41.18021],[34.829917,41.179851],[34.829668,41.179465],[34.829387,41.179092],[34.829079,41.178731],[34.828749,41.178383],[34.828397,41.178048],[34.828023,41.177732],[34.827624,41.177438],[34.827195,41.177173],[34.826789,41.176972],[34.82636,41.176796],[34.825914,41.176641],[34.825453,41.176506],[34.824981,41.17639],[34.824499,41.176293],[34.824021,41.176216],[34.822567,41.176033],[34.822084,41.175965],[34.821606,41.175883],[34.821059,41.175763],[34.820521,41.175619],[34.819991,41.175454],[34.819471,41.17527],[34.818967,41.175073],[34.81847,41.174862],[34.817978,41.174642],[34.817005,41.174185],[34.815075,41.173238],[34.813157,41.172276],[34.812211,41.171784],[34.811746,41.171531],[34.811289,41.171271],[34.810844,41.171002],[34.810416,41.17072],[34.810001,41.170415],[34.809605,41.170096],[34.809224,41.169767],[34.808856,41.169429],[34.808501,41.169085],[34.808161,41.168736],[34.807838,41.168381],[34.807537,41.168019],[34.807266,41.167651],[34.807034,41.167274],[34.806855,41.166884],[34.806746,41.166514],[34.806678,41.166134],[34.806563,41.164967],[34.806515,41.164614],[34.80645,41.164264],[34.806362,41.163919],[34.806246,41.16358],[34.806096,41.163252],[34.805861,41.162871],[34.805579,41.162503],[34.805262,41.162147],[34.804919,41.161798],[34.804559,41.161456],[34.804185,41.161118],[34.803411,41.160458],[34.803014,41.160136],[34.802609,41.159823],[34.802197,41.159522],[34.801775,41.159236],[34.801339,41.158973],[34.800886,41.15874],[34.800407,41.158549],[34.799942,41.158418],[34.799456,41.15832],[34.798957,41.158246],[34.797425,41.158073],[34.796918,41.158005],[34.79642,41.157918],[34.795936,41.157802],[34.795433,41.157635],[34.794947,41.157432],[34.794474,41.157202],[34.794011,41.156954],[34.793555,41.156691],[34.793105,41.156418],[34.791769,41.155568],[34.785145,41.15122],[34.777171,41.146036],[34.776298,41.145453],[34.775448,41.144855],[34.775039,41.144547],[34.774645,41.144229],[34.774273,41.143898],[34.773941,41.143567],[34.773629,41.143224],[34.773332,41.142872],[34.773045,41.142514],[34.771663,41.14069],[34.771092,41.139969],[34.770793,41.139616],[34.770479,41.139271],[34.770126,41.138916],[34.769757,41.138569],[34.768986,41.137894],[34.767786,41.136905],[34.760452,41.131045],[34.759235,41.130064],[34.758435,41.129404],[34.758043,41.12907],[34.757659,41.128731],[34.757285,41.128387],[34.756927,41.128035],[34.756589,41.127672],[34.756287,41.127309],[34.756004,41.126936],[34.755735,41.126557],[34.754713,41.125023],[34.754453,41.124648],[34.754184,41.124283],[34.753899,41.123934],[34.753594,41.123605],[34.753258,41.123306],[34.752882,41.123046],[34.752455,41.122834],[34.751988,41.122658],[34.751493,41.122506],[34.749937,41.122082],[34.749408,41.121916],[34.748884,41.121734],[34.748365,41.12154],[34.747851,41.121337],[34.747343,41.121124],[34.746843,41.120904],[34.746351,41.120677],[34.745871,41.12044],[34.745407,41.120192],[34.744964,41.119931],[34.74455,41.119652],[34.744173,41.119349],[34.74388,41.11906],[34.743612,41.118755],[34.7431,41.118126],[34.742832,41.117814],[34.742508,41.117477],[34.742158,41.117154],[34.741782,41.116846],[34.741382,41.116555],[34.740987,41.116303],[34.740575,41.116063],[34.740149,41.115835],[34.739713,41.115614],[34.739223,41.115378],[34.738227,41.114919],[34.730639,41.111573],[34.728114,41.110444],[34.724572,41.108844],[34.724211,41.108685],[34.720826,41.106308],[34.719253,41.105252],[34.717016,41.10391],[34.715291,41.102524],[34.711917,41.099814],[34.707904,41.096804],[34.705774,41.095561],[34.702888,41.093878],[34.695364,41.090367],[34.686168,41.085351],[34.680567,41.081924],[34.676722,41.080001],[34.667442,41.076991],[34.659416,41.074901],[34.650806,41.07231],[34.645539,41.069969],[34.631829,41.063866],[34.622131,41.059519],[34.614189,41.057262],[34.611179,41.056426],[34.603572,41.054754],[34.59446,41.05258],[34.589945,41.052162],[34.581084,41.053249],[34.573476,41.054837],[34.567206,41.056426],[34.565869,41.057178],[34.564197,41.059686],[34.560518,41.069216],[34.558595,41.072059],[34.555586,41.07766],[34.553245,41.083345],[34.550988,41.086856],[34.548062,41.089364],[34.544969,41.090952],[34.542879,41.091119],[34.537779,41.091454],[34.53084,41.092039],[34.526493,41.092373],[34.523233,41.092457],[34.52039,41.09229],[34.517966,41.091872],[34.514371,41.092039],[34.509021,41.092708],[34.499156,41.092791],[34.495478,41.093126],[34.492385,41.092624],[34.488455,41.090869],[34.48461,41.088193],[34.483021,41.085769],[34.481851,41.08301],[34.481935,41.081255],[34.482353,41.07766],[34.483105,41.073731],[34.483941,41.071306],[34.4867,41.054921],[34.488288,41.047982],[34.490796,41.037532],[34.49205,41.029925],[34.493388,41.023237],[34.491549,41.016465],[34.489041,41.008941],[34.485613,41.000916],[34.479761,40.992639],[34.474327,40.988208],[34.467138,40.984446],[34.456353,40.977508],[34.44908,40.973662],[34.44366,40.970873],[34.442316,40.971332],[34.437518,40.971332],[34.42943,40.969961],[34.425455,40.969687],[34.421342,40.96955],[34.416201,40.969755],[34.411677,40.971675],[34.400162,40.978323],[34.392828,40.980997],[34.39036,40.981819],[34.387344,40.982368],[34.382546,40.983122],[34.379188,40.984013],[34.376172,40.984629],[34.370345,40.985726],[34.364793,40.986549],[34.359858,40.987303],[34.358145,40.987714],[34.355883,40.988399],[34.352661,40.989222],[34.349028,40.99073],[34.34567,40.992443],[34.3419,40.994568],[34.339981,40.995802],[34.336622,41.000257],[34.332509,41.00533],[34.330522,41.008757],[34.329356,41.010813],[34.327848,41.013349],[34.327098,41.015599],[34.32631,41.02171],[34.325225,41.026244],[34.322564,41.031863],[34.319903,41.038368],[34.318227,41.042508],[34.315664,41.047634],[34.310144,41.052661],[34.303935,41.055421],[34.294176,41.056308],[34.28825,41.056653],[34.280487,41.058944],[34.277161,41.060867],[34.269768,41.064119],[34.264371,41.066559],[34.260601,41.068407],[34.249143,41.073212],[34.243524,41.075726],[34.238645,41.0775],[34.232435,41.081788],[34.227186,41.088145],[34.225634,41.092729],[34.224525,41.103005],[34.224229,41.111137],[34.224303,41.115572],[34.225708,41.121708],[34.227704,41.126366],[34.229848,41.13021],[34.230735,41.135163],[34.231326,41.142482],[34.23103,41.14566],[34.228295,41.152536],[34.226151,41.15771],[34.221198,41.167691],[34.217945,41.176118],[34.217936,41.179815],[34.218324,41.182032],[34.218657,41.182864],[34.219544,41.184361],[34.220598,41.185137],[34.222095,41.185969],[34.226974,41.187743],[34.232352,41.189351],[34.238007,41.190571],[34.242886,41.191902],[34.24954,41.193121],[34.254031,41.193953],[34.261017,41.195228],[34.265674,41.19667],[34.27072,41.198998],[34.27632,41.202214],[34.280423,41.204543],[34.285579,41.209311],[34.291179,41.216131],[34.293508,41.220456],[34.2975,41.228218],[34.301048,41.234594],[34.302324,41.236479],[34.305151,41.241137],[34.306815,41.243299],[34.309143,41.245295],[34.312026,41.246681],[34.316185,41.248954],[34.319179,41.251394],[34.320177,41.253834],[34.320509,41.256273],[34.320898,41.25899],[34.322117,41.262206],[34.324058,41.265366],[34.325555,41.268582],[34.326941,41.271909],[34.331099,41.276843],[34.335258,41.280004],[34.336755,41.281279],[34.338307,41.28394],[34.340026,41.288487],[34.340525,41.29076],[34.342355,41.292645],[34.343963,41.293366],[34.346513,41.29331],[34.348509,41.29331],[34.354553,41.29259],[34.363535,41.292035],[34.368843,41.291423],[34.373985,41.289782],[34.382625,41.286657],[34.387162,41.285173],[34.39266,41.282206],[34.395055,41.280154],[34.396325,41.278367],[34.398332,41.276447],[34.399902,41.275313],[34.402084,41.274614],[34.405923,41.273655],[34.409501,41.273306],[34.412468,41.273131],[34.415522,41.272869],[34.418663,41.274789],[34.422416,41.280286],[34.426604,41.286482],[34.430007,41.290932],[34.435105,41.30098],[34.437766,41.302828],[34.440428,41.304011],[34.441611,41.305194],[34.44235,41.306155],[34.443828,41.30719],[34.445603,41.308225],[34.447377,41.30889],[34.448781,41.309778],[34.45026,41.311182],[34.451147,41.313474],[34.451886,41.314657],[34.453069,41.315987],[34.453587,41.318279],[34.454326,41.319462],[34.454696,41.321532],[34.45567,41.322557],[34.455963,41.322866],[34.4561,41.32301],[34.458614,41.324045],[34.46401,41.325598],[34.469851,41.327076],[34.476726,41.328333],[34.484414,41.330255],[34.489811,41.33129],[34.495651,41.331808],[34.497869,41.331438],[34.501343,41.330255],[34.507775,41.326929],[34.510362,41.325376],[34.514207,41.32168],[34.519455,41.316357],[34.524704,41.310517],[34.528696,41.306303],[34.531653,41.302533],[34.536385,41.299354],[34.545478,41.295879],[34.554423,41.292848],[34.558636,41.291592],[34.562037,41.291739],[34.566399,41.292257],[34.57357,41.29344]]]}},{"type":"Feature","properties":{"id":"TR-D-19-008","parent_id":"TR-P-19","region_id":"TR-R-KAR","level":"district","municipality_type":null,"municipality_type_label":null,"is_metropolitan_municipality":null,"name":"Lâçin","name_ascii":"lacin","slug":"lacin-corum"},"geometry":{"type":"Polygon","coordinates":[[[34.719534,40.714722],[34.719711,40.715453],[34.720031,40.716614],[34.720278,40.717381],[34.720558,40.71812],[34.72071,40.718487],[34.721031,40.719218],[34.721602,40.720422],[34.722209,40.721616],[34.722642,40.722402],[34.722873,40.72279],[34.723127,40.723191],[34.723391,40.723588],[34.724224,40.724766],[34.72537,40.726322],[34.725952,40.727095],[34.726546,40.72786],[34.726851,40.728236],[34.727166,40.728605],[34.727495,40.728966],[34.727841,40.729313],[34.728213,40.729642],[34.72858,40.729924],[34.728967,40.730192],[34.729369,40.730451],[34.730229,40.730979],[34.734327,40.733441],[34.735684,40.734273],[34.736576,40.734837],[34.736991,40.735109],[34.737803,40.735667],[34.738197,40.735956],[34.738595,40.736267],[34.738982,40.736586],[34.73936,40.736913],[34.740098,40.737592],[34.741892,40.739362],[34.742623,40.740059],[34.742992,40.740391],[34.74337,40.740717],[34.743757,40.741035],[34.744156,40.741343],[34.744558,40.741633],[34.744973,40.741909],[34.745402,40.742168],[34.745849,40.742407],[34.74628,40.742606],[34.746726,40.742784],[34.747186,40.742941],[34.747657,40.743076],[34.748169,40.743192],[34.748691,40.743287],[34.749221,40.743366],[34.749755,40.743431],[34.750293,40.743484],[34.750832,40.743527],[34.751373,40.743559],[34.751913,40.743579],[34.752452,40.743584],[34.752989,40.743571],[34.753523,40.743533],[34.754018,40.743473],[34.754509,40.743392],[34.754999,40.743296],[34.755486,40.743191],[34.756948,40.742857],[34.757439,40.742756],[34.757931,40.74267],[34.758424,40.74261],[34.758985,40.74258],[34.759544,40.74259],[34.760096,40.742637],[34.760637,40.742723],[34.76116,40.742853],[34.761627,40.743019],[34.762073,40.743221],[34.762503,40.743452],[34.762915,40.743707],[34.763325,40.743994],[34.763719,40.744299],[34.764098,40.744619],[34.764461,40.744951],[34.764819,40.745307],[34.765163,40.745673],[34.765494,40.746046],[34.765814,40.746426],[34.766177,40.746886],[34.766686,40.747558],[34.768618,40.75024],[34.769465,40.751374],[34.769759,40.751744],[34.770063,40.752109],[34.77038,40.752466],[34.770716,40.752811],[34.771082,40.75315],[34.771466,40.753477],[34.771864,40.753796],[34.772273,40.754108],[34.773108,40.754722],[34.774815,40.75593],[34.779114,40.758931],[34.779968,40.759535],[34.780807,40.760148],[34.781216,40.760459],[34.781614,40.760777],[34.781987,40.761094],[34.782341,40.761419],[34.782673,40.761756],[34.782974,40.762107],[34.783214,40.762437],[34.78343,40.762778],[34.783627,40.763127],[34.783809,40.763483],[34.784143,40.764211],[34.784762,40.765695],[34.785079,40.766426],[34.785418,40.767151],[34.785787,40.767863],[34.785987,40.768212],[34.786198,40.768556],[34.786422,40.768895],[34.786663,40.769227],[34.786961,40.769597],[34.787279,40.769958],[34.787953,40.770664],[34.788656,40.771357],[34.789373,40.772044],[34.794796,40.77718],[34.795892,40.778198],[34.796638,40.778863],[34.79702,40.779188],[34.79741,40.779505],[34.797813,40.779811],[34.79823,40.780103],[34.798654,40.780371],[34.799961,40.781125],[34.800385,40.781377],[34.800788,40.78164],[34.801162,40.781918],[34.801491,40.78222],[34.801748,40.782525],[34.801966,40.782851],[34.802155,40.783193],[34.802324,40.783548],[34.802478,40.783911],[34.803196,40.78577],[34.803353,40.786141],[34.803522,40.786507],[34.803701,40.786856],[34.803894,40.7872],[34.804102,40.787539],[34.804324,40.787872],[34.804562,40.788199],[34.804865,40.788575],[34.805188,40.788942],[34.805523,40.789304],[34.806222,40.790015],[34.806939,40.790718],[34.810573,40.794211],[34.814548,40.798071],[34.815284,40.798762],[34.815659,40.7991],[34.816042,40.799431],[34.816438,40.79975],[34.816849,40.800055],[34.817283,40.800337],[34.817728,40.800585],[34.818194,40.800813],[34.818676,40.801026],[34.819169,40.801228],[34.820176,40.80161],[34.820686,40.801794],[34.821711,40.802147],[34.822738,40.802477],[34.823249,40.802628],[34.823758,40.802764],[34.824265,40.802879],[34.824767,40.802966],[34.825265,40.803015],[34.825755,40.803013],[34.826229,40.802951],[34.826701,40.802847],[34.827662,40.802591],[34.828115,40.802483],[34.828579,40.802386],[34.829053,40.8023],[34.829533,40.802227],[34.830018,40.802167],[34.830508,40.802124],[34.831001,40.802098],[34.831497,40.802088],[34.831994,40.802091],[34.832492,40.802106],[34.83299,40.802133],[34.833487,40.80217],[34.833984,40.80222],[34.834477,40.802282],[34.834968,40.802355],[34.835453,40.802442],[34.835932,40.802543],[34.836404,40.802663],[34.836891,40.802812],[34.837369,40.802981],[34.837838,40.803165],[34.838299,40.803363],[34.838757,40.803573],[34.839207,40.803793],[34.839648,40.804022],[34.840081,40.804259],[34.840507,40.804509],[34.84092,40.80477],[34.841314,40.805042],[34.841686,40.805327],[34.842049,40.805649],[34.842377,40.805989],[34.842664,40.806346],[34.842902,40.806721],[34.843077,40.807099],[34.843212,40.807491],[34.843317,40.807894],[34.843403,40.808303],[34.843629,40.809547],[34.843712,40.809936],[34.843808,40.810323],[34.843921,40.810705],[34.844056,40.811081],[34.84422,40.811448],[34.844444,40.81185],[34.844704,40.812239],[34.844994,40.812619],[34.84531,40.812988],[34.845651,40.813349],[34.846009,40.813703],[34.846759,40.814395],[34.847531,40.815077],[34.851059,40.818118],[34.851849,40.818788],[34.852651,40.819446],[34.85306,40.819767],[34.853478,40.82008],[34.853909,40.820381],[34.854356,40.820666],[34.854773,40.820904],[34.855203,40.821129],[34.855645,40.821342],[34.856094,40.821546],[34.857426,40.822122],[34.85786,40.822323],[34.858305,40.82255],[34.858732,40.822793],[34.85914,40.823052],[34.859523,40.823329],[34.859899,40.823647],[34.860243,40.823985],[34.860556,40.82434],[34.860835,40.824713],[34.861078,40.825103],[34.861292,40.825506],[34.861486,40.825917],[34.861833,40.826757],[34.862305,40.828037],[34.863368,40.831037],[34.864136,40.833174],[34.86507,40.835735],[34.866486,40.839575],[34.866939,40.840858],[34.867208,40.841718],[34.867324,40.84215],[34.867421,40.842584],[34.867494,40.843023],[34.867548,40.843464],[34.867615,40.84435],[34.867645,40.845237],[34.867649,40.84568],[34.867627,40.84656],[34.867598,40.846953],[34.867559,40.847289],[34.869911,40.847391],[34.878708,40.847979],[34.884582,40.849838],[34.893652,40.854001],[34.896255,40.855117],[34.90079,40.855711],[34.906663,40.855637],[34.91157,40.855786],[34.916477,40.855786],[34.923615,40.855265],[34.926663,40.85467],[34.934321,40.853927],[34.940046,40.85363],[34.945994,40.853109],[34.95276,40.852366],[34.961161,40.851102],[34.967109,40.849763],[34.975139,40.848499],[34.982053,40.848574],[34.987035,40.849392],[34.996403,40.850433],[35.004581,40.850879],[35.01278,40.852825],[35.011929,40.848532],[35.010977,40.846533],[35.008883,40.844344],[35.00705,40.842338],[35.005647,40.839204],[35.0046,40.836063],[35.003839,40.833494],[35.003173,40.829972],[35.00184,40.822739],[35.001079,40.820359],[35.000317,40.817313],[34.998794,40.813221],[34.997081,40.809033],[34.995368,40.803227],[34.994511,40.798754],[34.992513,40.787047],[34.992608,40.781336],[34.992893,40.778005],[34.995273,40.774483],[34.998505,40.771264],[35.002449,40.764592],[35.007646,40.757541],[35.010025,40.754305],[35.01231,40.749832],[35.016117,40.742979],[35.019995,40.736849],[35.023059,40.73297],[35.030769,40.723452],[35.035243,40.718883],[35.038289,40.715456],[35.039923,40.71394],[35.036913,40.714463],[35.02952,40.718062],[35.023435,40.721203],[35.019117,40.721791],[35.012901,40.724278],[35.008125,40.724932],[35.00132,40.725913],[34.997787,40.727287],[34.988955,40.730951],[34.984702,40.73311],[34.978617,40.734354],[34.970188,40.736033],[34.960504,40.736992],[34.942533,40.742663],[34.93695,40.745018],[34.934159,40.746676],[34.931018,40.748333],[34.925697,40.749555],[34.918805,40.749991],[34.911652,40.751038],[34.903277,40.751648],[34.88391,40.750863],[34.87318,40.751212],[34.866637,40.751299],[34.847968,40.748595],[34.835668,40.74781],[34.831132,40.747286],[34.822931,40.745978],[34.806967,40.743361],[34.794318,40.739784],[34.785768,40.736207],[34.771985,40.730013],[34.765617,40.726873],[34.75794,40.723122],[34.750612,40.72033],[34.745639,40.718934],[34.73962,40.717015],[34.735694,40.715707],[34.729675,40.714311],[34.720112,40.714698],[34.719534,40.714722]]]}},{"type":"Feature","properties":{"id":"TR-D-19-009","parent_id":"TR-P-19","region_id":"TR-R-KAR","level":"district","municipality_type":null,"municipality_type_label":null,"is_metropolitan_municipality":null,"name":"Mecitözü","name_ascii":"mecitozu","slug":"mecitozu-corum"},"geometry":{"type":"Polygon","coordinates":[[[35.397999,40.633178],[35.40152,40.63156],[35.408088,40.628799],[35.416003,40.626381],[35.422936,40.624231],[35.432453,40.622137],[35.436165,40.621471],[35.439497,40.620709],[35.443304,40.617568],[35.447492,40.613761],[35.4493,40.611858],[35.450061,40.61024],[35.450347,40.60805],[35.450537,40.605005],[35.450537,40.600151],[35.450537,40.596153],[35.450061,40.592441],[35.449966,40.589205],[35.450061,40.587206],[35.451108,40.584541],[35.453393,40.580639],[35.457771,40.576261],[35.462962,40.572413],[35.463929,40.57072],[35.464333,40.569389],[35.464897,40.568502],[35.465199,40.568301],[35.465502,40.568099],[35.467497,40.568614],[35.469862,40.568543],[35.471654,40.567826],[35.473231,40.567109],[35.476456,40.566679],[35.479466,40.565604],[35.481043,40.565317],[35.481401,40.565246],[35.48176,40.565174],[35.484268,40.564529],[35.486131,40.564457],[35.487206,40.564314],[35.488926,40.564457],[35.490503,40.564386],[35.492223,40.564171],[35.493298,40.563812],[35.494302,40.563024],[35.495448,40.562451],[35.49681,40.562092],[35.498315,40.562307],[35.499892,40.562522],[35.50068,40.563024],[35.502185,40.562666],[35.504407,40.562236],[35.505626,40.562307],[35.506557,40.563167],[35.507561,40.563526],[35.509137,40.563382],[35.511072,40.562809],[35.512578,40.562236],[35.513653,40.561376],[35.514943,40.561519],[35.516663,40.561662],[35.518239,40.561949],[35.52039,40.562666],[35.521966,40.563454],[35.522873,40.563507],[35.524681,40.56227],[35.52649,40.562079],[35.528584,40.562174],[35.530392,40.562841],[35.53201,40.563221],[35.532962,40.563126],[35.533818,40.56246],[35.533914,40.560652],[35.533438,40.559319],[35.532676,40.55732],[35.531344,40.554084],[35.529821,40.550848],[35.527822,40.544852],[35.525823,40.540093],[35.524586,40.537428],[35.522587,40.535334],[35.51859,40.532098],[35.514089,40.530314],[35.512326,40.528493],[35.507927,40.524881],[35.506199,40.523462],[35.500696,40.521153],[35.493177,40.517726],[35.485277,40.514109],[35.478805,40.511444],[35.474617,40.50935],[35.471667,40.507352],[35.469097,40.504591],[35.465195,40.500499],[35.460079,40.495296],[35.447206,40.482986],[35.440924,40.477561],[35.43331,40.470898],[35.428075,40.46652],[35.42246,40.460524],[35.418462,40.456907],[35.41218,40.451672],[35.409991,40.448531],[35.407707,40.445295],[35.407041,40.443487],[35.40666,40.440632],[35.406565,40.438442],[35.40685,40.435397],[35.406565,40.432827],[35.405899,40.426164],[35.405613,40.423785],[35.403709,40.420454],[35.401806,40.417598],[35.401044,40.415124],[35.399807,40.410555],[35.399236,40.408081],[35.399331,40.405416],[35.398777,40.4032],[35.398379,40.401608],[35.397618,40.398563],[35.396571,40.395707],[35.394001,40.392947],[35.39048,40.390948],[35.385911,40.388188],[35.38501,40.387859],[35.379725,40.389235],[35.376329,40.389412],[35.368567,40.388026],[35.362099,40.387194],[35.354614,40.385901],[35.34676,40.384145],[35.339184,40.380726],[35.332161,40.376938],[35.322182,40.371024],[35.315714,40.367605],[35.303609,40.362708],[35.29095,40.359012],[35.28439,40.356333],[35.276443,40.354023],[35.266095,40.348848],[35.253158,40.34275],[35.241978,40.338222],[35.232645,40.334526],[35.20086,40.322052],[35.199971,40.321604],[35.190472,40.317701],[35.182747,40.316156],[35.181748,40.321609],[35.180839,40.326063],[35.179566,40.331606],[35.179566,40.337605],[35.179566,40.342967],[35.180112,40.351419],[35.180748,40.360507],[35.181021,40.362325],[35.181475,40.364415],[35.183293,40.366324],[35.185383,40.368505],[35.188291,40.371504],[35.189836,40.374321],[35.192108,40.380865],[35.192108,40.385772],[35.191109,40.39068],[35.189291,40.395315],[35.185383,40.40195],[35.183929,40.40504],[35.182202,40.407402],[35.179476,40.410856],[35.176022,40.415128],[35.172205,40.417218],[35.165934,40.419035],[35.157664,40.420762],[35.150484,40.421671],[35.136397,40.42367],[35.127582,40.425579],[35.12122,40.427215],[35.116312,40.428942],[35.108224,40.432486],[35.102771,40.43594],[35.09759,40.439757],[35.092955,40.445482],[35.086866,40.45139],[35.084776,40.453116],[35.081504,40.457024],[35.080232,40.460569],[35.080232,40.462114],[35.080777,40.465204],[35.082049,40.468748],[35.084049,40.475655],[35.088229,40.480199],[35.094955,40.485107],[35.097409,40.487016],[35.100953,40.49156],[35.102044,40.496013],[35.10377,40.501648],[35.107678,40.514371],[35.108678,40.518098],[35.11095,40.530276],[35.111859,40.532911],[35.112586,40.534456],[35.114767,40.537456],[35.118857,40.540818],[35.121765,40.54509],[35.129399,40.556177],[35.131399,40.559722],[35.133489,40.564993],[35.135488,40.570173],[35.138851,40.575354],[35.145395,40.58326],[35.150302,40.58944],[35.157664,40.593257],[35.164753,40.597165],[35.166752,40.599165],[35.167297,40.600346],[35.167661,40.602255],[35.168661,40.603527],[35.170842,40.6048],[35.17275,40.606345],[35.174931,40.608162],[35.176476,40.60898],[35.178203,40.609253],[35.180203,40.609435],[35.181839,40.609525],[35.184111,40.610343],[35.186201,40.611434],[35.189564,40.61207],[35.191018,40.612252],[35.192381,40.61207],[35.193653,40.612525],[35.194653,40.613524],[35.195925,40.615069],[35.197107,40.615796],[35.199833,40.616887],[35.201469,40.617978],[35.203832,40.619341],[35.205832,40.620068],[35.207467,40.620159],[35.209467,40.620704],[35.212012,40.621613],[35.214465,40.622794],[35.216556,40.624248],[35.217737,40.62443],[35.220918,40.624976],[35.22319,40.62543],[35.227553,40.625703],[35.230461,40.625612],[35.232642,40.627157],[35.23346,40.628429],[35.235459,40.630156],[35.237459,40.631428],[35.239276,40.633428],[35.242275,40.635063],[35.245002,40.637245],[35.247274,40.638881],[35.250546,40.641789],[35.252454,40.644152],[35.257726,40.647696],[35.267814,40.652331],[35.273266,40.655966],[35.279537,40.66042],[35.2829,40.665418],[35.286535,40.669962],[35.29008,40.67487],[35.292443,40.680777],[35.292884,40.684461],[35.292961,40.68761],[35.296539,40.689428],[35.302059,40.69057],[35.307674,40.691998],[35.311101,40.692093],[35.315955,40.691903],[35.320999,40.689428],[35.325473,40.686002],[35.330137,40.681338],[35.331374,40.678863],[35.332326,40.675913],[35.333563,40.671249],[35.334215,40.667065],[35.334413,40.662413],[35.333468,40.658019],[35.333182,40.653355],[35.334991,40.648121],[35.337656,40.644885],[35.343081,40.641934],[35.35041,40.63984],[35.354693,40.639269],[35.358405,40.640221],[35.362307,40.640982],[35.367161,40.642315],[35.369255,40.642695],[35.372301,40.643076],[35.376393,40.642791],[35.383056,40.641363],[35.388386,40.639079],[35.395239,40.635271],[35.397999,40.633178]]]}},{"type":"Feature","properties":{"id":"TR-D-19-010","parent_id":"TR-P-19","region_id":"TR-R-KAR","level":"district","municipality_type":null,"municipality_type_label":null,"is_metropolitan_municipality":null,"name":"Oğuzlar","name_ascii":"oguzlar","slug":"oguzlar-corum"},"geometry":{"type":"Polygon","coordinates":[[[34.766177,40.746886],[34.765814,40.746426],[34.765494,40.746046],[34.765163,40.745673],[34.764819,40.745307],[34.764461,40.744951],[34.764098,40.744619],[34.763719,40.744299],[34.763325,40.743994],[34.762915,40.743707],[34.762503,40.743452],[34.762073,40.743221],[34.761627,40.743019],[34.76116,40.742853],[34.760637,40.742723],[34.760096,40.742637],[34.759544,40.74259],[34.758985,40.74258],[34.758424,40.74261],[34.757931,40.74267],[34.757439,40.742756],[34.756948,40.742857],[34.755486,40.743191],[34.754999,40.743296],[34.754509,40.743392],[34.754018,40.743473],[34.753523,40.743533],[34.752989,40.743571],[34.752452,40.743584],[34.751913,40.743579],[34.751373,40.743559],[34.750832,40.743527],[34.750293,40.743484],[34.749755,40.743431],[34.749221,40.743366],[34.748691,40.743287],[34.748169,40.743192],[34.747657,40.743076],[34.747186,40.742941],[34.746726,40.742784],[34.74628,40.742606],[34.745849,40.742407],[34.745402,40.742168],[34.744973,40.741909],[34.744558,40.741633],[34.744156,40.741343],[34.743757,40.741035],[34.74337,40.740717],[34.742992,40.740391],[34.742623,40.740059],[34.741892,40.739362],[34.740098,40.737592],[34.73936,40.736913],[34.738982,40.736586],[34.738595,40.736267],[34.738197,40.735956],[34.737803,40.735667],[34.736991,40.735109],[34.736576,40.734837],[34.735684,40.734273],[34.734327,40.733441],[34.730229,40.730979],[34.729369,40.730451],[34.728967,40.730192],[34.72858,40.729924],[34.728213,40.729642],[34.727841,40.729313],[34.727495,40.728966],[34.727166,40.728605],[34.726851,40.728236],[34.726546,40.72786],[34.725952,40.727095],[34.72537,40.726322],[34.724224,40.724766],[34.723391,40.723588],[34.723127,40.723191],[34.722873,40.72279],[34.722642,40.722402],[34.722209,40.721616],[34.721602,40.720422],[34.721031,40.719218],[34.72071,40.718487],[34.720558,40.71812],[34.720278,40.717381],[34.720031,40.716614],[34.719711,40.715453],[34.719534,40.714722],[34.719306,40.713777],[34.719115,40.712937],[34.718936,40.712097],[34.718785,40.71126],[34.718727,40.710845],[34.71869,40.710432],[34.71868,40.710023],[34.718707,40.709621],[34.718772,40.70927],[34.718875,40.708928],[34.719015,40.708598],[34.719196,40.708283],[34.719421,40.707987],[34.719712,40.7077],[34.720046,40.707435],[34.720411,40.707187],[34.720798,40.706955],[34.72158,40.706521],[34.721957,40.706298],[34.722304,40.706056],[34.722595,40.705805],[34.722847,40.705532],[34.723061,40.705241],[34.723233,40.704935],[34.72336,40.704616],[34.723446,40.704217],[34.723475,40.703804],[34.723462,40.703382],[34.72342,40.702953],[34.723357,40.702519],[34.723281,40.702083],[34.723102,40.701204],[34.722426,40.698107],[34.721775,40.695002],[34.721563,40.69413],[34.721439,40.693704],[34.721297,40.69329],[34.721127,40.692892],[34.720918,40.692519],[34.720655,40.692179],[34.720368,40.691915],[34.720034,40.691687],[34.719661,40.691494],[34.719254,40.691341],[34.718827,40.691233],[34.718377,40.69116],[34.71791,40.691113],[34.717431,40.691089],[34.716943,40.691082],[34.716449,40.691091],[34.71595,40.691114],[34.71394,40.691245],[34.713436,40.691264],[34.712938,40.691268],[34.712441,40.691259],[34.711946,40.691237],[34.711452,40.691201],[34.710962,40.691152],[34.710533,40.691093],[34.710337,40.691809],[34.709334,40.694604],[34.700706,40.702099],[34.695738,40.704975],[34.691381,40.707851],[34.68711,40.709246],[34.683798,40.710989],[34.67979,40.713778],[34.677872,40.715085],[34.665584,40.722493],[34.655648,40.730772],[34.648153,40.73452],[34.640571,40.737047],[34.634209,40.738442],[34.629939,40.739575],[34.623925,40.741056],[34.614077,40.743148],[34.603532,40.746111],[34.600569,40.747941],[34.598041,40.750294],[34.594207,40.755175],[34.593335,40.759968],[34.593945,40.766417],[34.594555,40.771995],[34.595165,40.775568],[34.596995,40.78071],[34.598826,40.785504],[34.601092,40.788292],[34.605536,40.791691],[34.610417,40.794393],[34.613816,40.798402],[34.614861,40.80398],[34.615559,40.811301],[34.61643,40.818447],[34.616343,40.82385],[34.616082,40.828992],[34.614513,40.834831],[34.613554,40.842152],[34.61202,40.845955],[34.611032,40.8498],[34.610705,40.852484],[34.616529,40.850782],[34.621307,40.849277],[34.625757,40.847706],[34.631909,40.846135],[34.638323,40.843779],[34.642969,40.84234],[34.64814,40.84247],[34.655208,40.841947],[34.657564,40.841096],[34.660378,40.839983],[34.665679,40.835533],[34.668821,40.831737],[34.670719,40.828727],[34.67242,40.824735],[34.673075,40.822051],[34.674056,40.818452],[34.677394,40.814329],[34.679357,40.810991],[34.681255,40.807915],[34.684986,40.803923],[34.687211,40.801829],[34.688454,40.800258],[34.689305,40.798818],[34.68996,40.796462],[34.691465,40.793321],[34.692381,40.79175],[34.695326,40.789525],[34.699384,40.787954],[34.702198,40.785991],[34.705601,40.782784],[34.708743,40.781344],[34.7128,40.779381],[34.715222,40.77925],[34.717316,40.779511],[34.720065,40.78082],[34.723533,40.781082],[34.727329,40.781148],[34.731191,40.780755],[34.734921,40.779446],[34.738128,40.778333],[34.739764,40.777221],[34.74068,40.776436],[34.741793,40.773883],[34.744476,40.771854],[34.745916,40.769564],[34.748468,40.766357],[34.75089,40.764393],[34.753638,40.762299],[34.755864,40.759616],[34.760838,40.753399],[34.766053,40.747118],[34.766177,40.746886]]]}},{"type":"Feature","properties":{"id":"TR-D-19-011","parent_id":"TR-P-19","region_id":"TR-R-KAR","level":"district","municipality_type":null,"municipality_type_label":null,"is_metropolitan_municipality":null,"name":"Ortaköy","name_ascii":"ortakoy","slug":"ortakoy-corum"},"geometry":{"type":"Polygon","coordinates":[[[35.38501,40.387859],[35.380962,40.38638],[35.378297,40.385143],[35.375822,40.38381],[35.372872,40.380003],[35.368874,40.373816],[35.3664,40.369533],[35.365543,40.368391],[35.362592,40.364108],[35.36145,40.361633],[35.360879,40.358968],[35.360689,40.354305],[35.36145,40.347357],[35.362021,40.343454],[35.36383,40.339552],[35.365733,40.338029],[35.369065,40.33565],[35.373443,40.333746],[35.376584,40.332699],[35.379439,40.331462],[35.381438,40.329178],[35.384674,40.324799],[35.386101,40.32242],[35.386673,40.318327],[35.386635,40.316751],[35.386577,40.31433],[35.386482,40.30643],[35.384864,40.302528],[35.382865,40.297483],[35.381818,40.291963],[35.380022,40.285499],[35.378403,40.279324],[35.377727,40.277382],[35.375194,40.267588],[35.373337,40.261846],[35.369875,40.254585],[35.365231,40.252727],[35.358814,40.250532],[35.350455,40.247914],[35.345135,40.246563],[35.338127,40.245297],[35.33019,40.243777],[35.320649,40.23964],[35.309926,40.233898],[35.297598,40.228157],[35.282316,40.218869],[35.276068,40.215238],[35.271677,40.21262],[35.265682,40.209412],[35.255043,40.20291],[35.248542,40.199702],[35.245924,40.197507],[35.242716,40.194889],[35.238663,40.194467],[35.234695,40.194889],[35.231233,40.195734],[35.22338,40.198351],[35.21747,40.201306],[35.210884,40.204515],[35.205649,40.20747],[35.196361,40.213718],[35.187918,40.21946],[35.182345,40.224188],[35.179221,40.226046],[35.175421,40.227903],[35.172044,40.228916],[35.166049,40.229423],[35.16284,40.229423],[35.158281,40.227903],[35.156339,40.227312],[35.154481,40.225877],[35.154023,40.225506],[35.151504,40.22852],[35.145006,40.233545],[35.136342,40.237791],[35.13097,40.23987],[35.125598,40.241863],[35.120399,40.244029],[35.11676,40.245502],[35.109136,40.247755],[35.102291,40.248795],[35.089901,40.252087],[35.085396,40.252867],[35.07985,40.254773],[35.074305,40.257026],[35.067807,40.259538],[35.062522,40.261185],[35.058568,40.262477],[35.064846,40.268829],[35.067618,40.273634],[35.06965,40.277145],[35.075934,40.283151],[35.078428,40.284814],[35.097648,40.290728],[35.104023,40.292484],[35.111138,40.294332],[35.116682,40.295348],[35.145419,40.302001],[35.150871,40.303295],[35.161774,40.306436],[35.172478,40.311794],[35.174023,40.313066],[35.177385,40.314248],[35.182747,40.316156],[35.190472,40.317701],[35.199971,40.321604],[35.20086,40.322052],[35.232645,40.334526],[35.241978,40.338222],[35.253158,40.34275],[35.266095,40.348848],[35.276443,40.354023],[35.28439,40.356333],[35.29095,40.359012],[35.303609,40.362708],[35.315714,40.367605],[35.322182,40.371024],[35.332161,40.376938],[35.339184,40.380726],[35.34676,40.384145],[35.354614,40.385901],[35.362099,40.387194],[35.368567,40.388026],[35.376329,40.389412],[35.379725,40.389235],[35.38501,40.387859]]]}},{"type":"Feature","properties":{"id":"TR-D-19-012","parent_id":"TR-P-19","region_id":"TR-R-KAR","level":"district","municipality_type":null,"municipality_type_label":null,"is_metropolitan_municipality":null,"name":"Osmancık","name_ascii":"osmancik","slug":"osmancik-corum"},"geometry":{"type":"Polygon","coordinates":[[[34.589,40.898264],[34.576868,40.898744],[34.571933,40.899361],[34.561377,40.900595],[34.547531,40.903954],[34.53814,40.905941],[34.534782,40.907655],[34.532314,40.909094],[34.527242,40.91355],[34.521142,40.919513],[34.51792,40.923146],[34.513191,40.927053],[34.509421,40.930137],[34.503252,40.933359],[34.494341,40.938157],[34.490914,40.941036],[34.485842,40.944737],[34.481386,40.947753],[34.478576,40.950083],[34.473846,40.953031],[34.467198,40.958377],[34.46144,40.962421],[34.451707,40.967905],[34.445127,40.970372],[34.44366,40.970873],[34.44908,40.973662],[34.456353,40.977508],[34.467138,40.984446],[34.474327,40.988208],[34.479761,40.992639],[34.485613,41.000916],[34.489041,41.008941],[34.491549,41.016465],[34.493388,41.023237],[34.49205,41.029925],[34.490796,41.037532],[34.488288,41.047982],[34.4867,41.054921],[34.483941,41.071306],[34.483105,41.073731],[34.482353,41.07766],[34.481935,41.081255],[34.481851,41.08301],[34.483021,41.085769],[34.48461,41.088193],[34.488455,41.090869],[34.492385,41.092624],[34.495478,41.093126],[34.499156,41.092791],[34.509021,41.092708],[34.514371,41.092039],[34.517966,41.091872],[34.52039,41.09229],[34.523233,41.092457],[34.526493,41.092373],[34.53084,41.092039],[34.537779,41.091454],[34.542879,41.091119],[34.544969,41.090952],[34.548062,41.089364],[34.550988,41.086856],[34.553245,41.083345],[34.555586,41.07766],[34.558595,41.072059],[34.560518,41.069216],[34.564197,41.059686],[34.565869,41.057178],[34.567206,41.056426],[34.573476,41.054837],[34.581084,41.053249],[34.589945,41.052162],[34.59446,41.05258],[34.603572,41.054754],[34.611179,41.056426],[34.614189,41.057262],[34.622131,41.059519],[34.631829,41.063866],[34.645539,41.069969],[34.650806,41.07231],[34.659416,41.074901],[34.667442,41.076991],[34.676722,41.080001],[34.680567,41.081924],[34.686168,41.085351],[34.695364,41.090367],[34.702888,41.093878],[34.705774,41.095561],[34.707904,41.096804],[34.711917,41.099814],[34.715291,41.102524],[34.717016,41.10391],[34.719253,41.105252],[34.720826,41.106308],[34.724211,41.108685],[34.724572,41.108844],[34.728114,41.110444],[34.730639,41.111573],[34.738227,41.114919],[34.739223,41.115378],[34.739713,41.115614],[34.740149,41.115835],[34.740575,41.116063],[34.740987,41.116303],[34.741382,41.116555],[34.741782,41.116846],[34.742158,41.117154],[34.742508,41.117477],[34.742832,41.117814],[34.7431,41.118126],[34.743612,41.118755],[34.74388,41.11906],[34.744173,41.119349],[34.74455,41.119652],[34.744964,41.119931],[34.745407,41.120192],[34.745871,41.12044],[34.746351,41.120677],[34.746843,41.120904],[34.747343,41.121124],[34.747851,41.121337],[34.748365,41.12154],[34.748884,41.121734],[34.749408,41.121916],[34.749937,41.122082],[34.751493,41.122506],[34.751988,41.122658],[34.752455,41.122834],[34.752882,41.123046],[34.753258,41.123306],[34.753594,41.123605],[34.753899,41.123934],[34.754184,41.124283],[34.754453,41.124648],[34.754713,41.125023],[34.755735,41.126557],[34.756004,41.126936],[34.756287,41.127309],[34.756589,41.127672],[34.756927,41.128035],[34.757285,41.128387],[34.757659,41.128731],[34.758043,41.12907],[34.758435,41.129404],[34.759235,41.130064],[34.760452,41.131045],[34.767786,41.136905],[34.768986,41.137894],[34.769757,41.138569],[34.770126,41.138916],[34.770479,41.139271],[34.770793,41.139616],[34.771092,41.139969],[34.771663,41.14069],[34.773045,41.142514],[34.773332,41.142872],[34.773629,41.143224],[34.773941,41.143567],[34.774273,41.143898],[34.774645,41.144229],[34.775039,41.144547],[34.775448,41.144855],[34.776298,41.145453],[34.777171,41.146036],[34.785145,41.15122],[34.791769,41.155568],[34.793105,41.156418],[34.793555,41.156691],[34.794011,41.156954],[34.794474,41.157202],[34.794947,41.157432],[34.795433,41.157635],[34.795936,41.157802],[34.79642,41.157918],[34.796918,41.158005],[34.797425,41.158073],[34.798957,41.158246],[34.799456,41.15832],[34.799942,41.158418],[34.800407,41.158549],[34.800886,41.15874],[34.801339,41.158973],[34.801775,41.159236],[34.802197,41.159522],[34.802609,41.159823],[34.803014,41.160136],[34.803411,41.160458],[34.804185,41.161118],[34.804559,41.161456],[34.804919,41.161798],[34.805262,41.162147],[34.805579,41.162503],[34.805861,41.162871],[34.806096,41.163252],[34.806246,41.16358],[34.806362,41.163919],[34.80645,41.164264],[34.806515,41.164614],[34.806563,41.164967],[34.806678,41.166134],[34.806746,41.166514],[34.806855,41.166884],[34.807034,41.167274],[34.807266,41.167651],[34.807537,41.168019],[34.807838,41.168381],[34.808161,41.168736],[34.808501,41.169085],[34.808856,41.169429],[34.809224,41.169767],[34.809605,41.170096],[34.810001,41.170415],[34.810416,41.17072],[34.810844,41.171002],[34.811289,41.171271],[34.811746,41.171531],[34.812211,41.171784],[34.813157,41.172276],[34.815075,41.173238],[34.817005,41.174185],[34.817978,41.174642],[34.81847,41.174862],[34.818967,41.175073],[34.819471,41.17527],[34.819991,41.175454],[34.820521,41.175619],[34.821059,41.175763],[34.821606,41.175883],[34.822084,41.175965],[34.822567,41.176033],[34.824021,41.176216],[34.824499,41.176293],[34.824981,41.17639],[34.825453,41.176506],[34.825914,41.176641],[34.82636,41.176796],[34.826789,41.176972],[34.827195,41.177173],[34.827624,41.177438],[34.828023,41.177732],[34.828397,41.178048],[34.828749,41.178383],[34.829079,41.178731],[34.829387,41.179092],[34.829668,41.179465],[34.829917,41.179851],[34.830109,41.18021],[34.830279,41.180576],[34.830756,41.181695],[34.830952,41.182108],[34.831164,41.182518],[34.831619,41.18333],[34.832347,41.184537],[34.833609,41.186534],[34.834647,41.18812],[34.835185,41.188905],[34.835467,41.1893],[34.836046,41.190086],[34.836934,41.191257],[34.843804,41.200206],[34.847749,41.205397],[34.847961,41.205676],[34.848569,41.206451],[34.849203,41.20721],[34.849537,41.207578],[34.84989,41.207935],[34.850231,41.208245],[34.850588,41.208543],[34.850811,41.208714],[34.851017,41.208869],[34.851347,41.209102],[34.851746,41.209361],[34.852159,41.209602],[34.852374,41.20971],[34.852589,41.20982],[34.853039,41.210009],[34.853522,41.210168],[34.854024,41.210299],[34.85454,41.21041],[34.855066,41.210509],[34.856664,41.210783],[34.857195,41.210885],[34.85772,41.211002],[34.858257,41.211142],[34.858786,41.211299],[34.85931,41.21147],[34.860344,41.211837],[34.861365,41.21223],[34.862368,41.212644],[34.862859,41.212861],[34.863339,41.213088],[34.863773,41.213308],[34.864192,41.213541],[34.864592,41.213789],[34.864968,41.214055],[34.86528,41.214315],[34.865351,41.214374],[34.865706,41.214714],[34.866041,41.215068],[34.866361,41.215434],[34.866961,41.216171],[34.867543,41.216921],[34.871275,41.221838],[34.871842,41.222596],[34.872389,41.22336],[34.87265,41.223746],[34.872818,41.224013],[34.872897,41.224137],[34.873098,41.224482],[34.873286,41.22483],[34.873461,41.225182],[34.873624,41.225537],[34.873745,41.225829],[34.873773,41.225896],[34.873929,41.226325],[34.874069,41.226757],[34.874317,41.22763],[34.874645,41.228949],[34.874756,41.22946],[34.874933,41.230273],[34.875086,41.231157],[34.875126,41.231476],[34.875141,41.231601],[34.875172,41.231999],[34.875187,41.232398],[34.875187,41.232796],[34.875172,41.233194],[34.875139,41.233592],[34.87509,41.233983],[34.875023,41.234372],[34.874939,41.234759],[34.874839,41.235145],[34.874719,41.235527],[34.874584,41.235894],[34.874432,41.236259],[34.874266,41.236621],[34.873905,41.237339],[34.873131,41.238736],[34.872756,41.239439],[34.872583,41.239794],[34.872424,41.240151],[34.872284,41.240509],[34.872169,41.24087],[34.872085,41.241237],[34.872034,41.241605],[34.872017,41.241972],[34.87203,41.242178],[34.872039,41.242337],[34.872106,41.242696],[34.87224,41.243092],[34.872425,41.243481],[34.872646,41.243865],[34.872895,41.244245],[34.873163,41.244622],[34.873445,41.244996],[34.874039,41.245737],[34.87466,41.246467],[34.874748,41.246565],[34.875307,41.247182],[34.875351,41.247228],[34.875966,41.24787],[34.876016,41.247924],[34.883758,41.250803],[34.887703,41.252561],[34.888728,41.253018],[34.889236,41.253244],[34.89081,41.253965],[34.892048,41.254533],[34.893513,41.255205],[34.8944,41.255611],[34.894924,41.255685],[34.89899,41.256256],[34.902003,41.255898],[34.910036,41.254607],[34.912259,41.253961],[34.91147,41.253029],[34.909677,41.250518],[34.908745,41.247936],[34.908897,41.24705],[34.909124,41.245718],[34.909843,41.244081],[34.911429,41.241655],[34.914405,41.238431],[34.918992,41.233968],[34.922092,41.232232],[34.924943,41.230001],[34.927051,41.227893],[34.927547,41.223926],[34.929799,41.216198],[34.930295,41.206114],[34.930153,41.203472],[34.930319,41.199731],[34.930984,41.19782],[34.934059,41.195575],[34.936304,41.193913],[34.939296,41.192084],[34.943536,41.190588],[34.947775,41.188842],[34.953261,41.187761],[34.955589,41.186681],[34.958083,41.185018],[34.960078,41.182857],[34.961657,41.179033],[34.962821,41.176789],[34.96307,41.172466],[34.963237,41.166897],[34.963153,41.163156],[34.961408,41.155841],[34.959579,41.150937],[34.95775,41.143871],[34.956836,41.139632],[34.955755,41.133647],[34.955755,41.129407],[34.953926,41.126664],[34.950352,41.124004],[34.945115,41.12176],[34.939795,41.117603],[34.935971,41.112865],[34.934475,41.109125],[34.934808,41.106797],[34.937218,41.103805],[34.938798,41.100064],[34.940876,41.095825],[34.94337,41.092084],[34.946528,41.090089],[34.954675,41.088094],[34.961491,41.086099],[34.967476,41.084353],[34.972214,41.08294],[34.976952,41.081776],[34.981441,41.081693],[34.985764,41.080613],[34.991582,41.080613],[34.996487,41.080114],[35.000975,41.079781],[35.006046,41.079781],[35.0112,41.080031],[35.013694,41.079532],[35.015689,41.078618],[35.018266,41.078784],[35.02184,41.079532],[35.024999,41.080945],[35.029488,41.082524],[35.032231,41.082608],[35.034724,41.082192],[35.039296,41.081943],[35.042289,41.081028],[35.047027,41.080031],[35.050352,41.079948],[35.054841,41.079781],[35.058748,41.079615],[35.06465,41.078701],[35.070459,41.07741],[35.074025,41.076496],[35.076244,41.076207],[35.077836,41.07611],[35.079235,41.076062],[35.080827,41.076158],[35.082033,41.076786],[35.083287,41.077509],[35.084493,41.078136],[35.085978,41.078388],[35.086359,41.075437],[35.088548,41.07163],[35.091022,41.0663],[35.09245,41.061922],[35.094258,41.053832],[35.095305,41.048502],[35.095401,41.046313],[35.095157,41.04285],[35.09544,41.041012],[35.094875,41.039811],[35.093108,41.037903],[35.091624,41.036348],[35.090847,41.035218],[35.089292,41.033734],[35.088444,41.03225],[35.087172,41.030836],[35.085476,41.029564],[35.084275,41.028857],[35.083356,41.027939],[35.083002,41.027303],[35.082861,41.026525],[35.082578,41.026419],[35.082296,41.026313],[35.081236,41.026031],[35.080458,41.025607],[35.07961,41.0249],[35.078692,41.024264],[35.077702,41.023275],[35.07643,41.022921],[35.07537,41.022285],[35.075052,41.022285],[35.074734,41.022285],[35.073392,41.022497],[35.072544,41.022073],[35.070918,41.021084],[35.069717,41.020943],[35.067809,41.021296],[35.066678,41.020943],[35.064558,41.020589],[35.063428,41.019812],[35.062438,41.019741],[35.060389,41.019741],[35.058622,41.0196],[35.056785,41.019529],[35.054453,41.01854],[35.054064,41.018434],[35.053675,41.018328],[35.051838,41.01854],[35.049789,41.018257],[35.047881,41.01748],[35.046538,41.016985],[35.045195,41.015501],[35.043923,41.0143],[35.042298,41.013311],[35.040814,41.012533],[35.038906,41.011968],[35.037563,41.011403],[35.036675,41.009955],[35.03382,41.005671],[35.031726,41.001388],[35.030013,40.998343],[35.028216,40.994314],[35.027968,40.991979],[35.028023,40.989786],[35.028205,40.987735],[35.029918,40.985684],[35.033059,40.982924],[35.035343,40.980354],[35.036961,40.977975],[35.037913,40.9755],[35.039055,40.972264],[35.043528,40.966172],[35.046669,40.961414],[35.051618,40.956084],[35.055901,40.952657],[35.061517,40.950087],[35.063421,40.947993],[35.065229,40.945424],[35.067894,40.939903],[35.070273,40.936382],[35.071796,40.932765],[35.072367,40.929529],[35.072272,40.926102],[35.07113,40.91944],[35.069988,40.915823],[35.068655,40.913348],[35.067037,40.911254],[35.064848,40.909732],[35.062374,40.908114],[35.059233,40.905829],[35.056663,40.902498],[35.053903,40.899167],[35.051428,40.89812],[35.04962,40.896978],[35.047526,40.89574],[35.045622,40.894122],[35.042576,40.891362],[35.040578,40.888316],[35.038484,40.886223],[35.03658,40.884509],[35.034772,40.883462],[35.032678,40.882415],[35.030298,40.881083],[35.0283,40.880702],[35.026491,40.880036],[35.024873,40.879275],[35.022113,40.878323],[35.019163,40.87661],[35.016307,40.874991],[35.014784,40.873469],[35.013928,40.872231],[35.012786,40.870899],[35.011739,40.86909],[35.011453,40.866901],[35.011834,40.865188],[35.012024,40.86338],[35.012119,40.86081],[35.012786,40.857574],[35.012881,40.855765],[35.01278,40.852825],[35.004581,40.850879],[34.996403,40.850433],[34.987035,40.849392],[34.982053,40.848574],[34.975139,40.848499],[34.967109,40.849763],[34.961161,40.851102],[34.95276,40.852366],[34.945994,40.853109],[34.940046,40.85363],[34.934321,40.853927],[34.926663,40.85467],[34.923615,40.855265],[34.916477,40.855786],[34.91157,40.855786],[34.906663,40.855637],[34.90079,40.855711],[34.896255,40.855117],[34.893652,40.854001],[34.884582,40.849838],[34.878708,40.847979],[34.869911,40.847391],[34.867559,40.847289],[34.867484,40.847726],[34.867385,40.848102],[34.867245,40.848467],[34.867039,40.848852],[34.866785,40.849224],[34.866498,40.849588],[34.866185,40.849945],[34.865855,40.850298],[34.865164,40.850995],[34.863737,40.852378],[34.863048,40.853065],[34.86272,40.853409],[34.862406,40.853756],[34.862111,40.85411],[34.861843,40.854472],[34.86161,40.854845],[34.861416,40.855244],[34.861258,40.855654],[34.861129,40.856073],[34.861019,40.856499],[34.860836,40.857362],[34.860681,40.858234],[34.860396,40.859986],[34.860194,40.861301],[34.860074,40.862178],[34.859983,40.863053],[34.859957,40.863491],[34.859951,40.863927],[34.859972,40.864363],[34.860024,40.864794],[34.860103,40.865224],[34.8602,40.865654],[34.860656,40.867376],[34.860761,40.867807],[34.86085,40.868239],[34.860913,40.868631],[34.860955,40.869023],[34.860975,40.869412],[34.860966,40.869796],[34.860923,40.870173],[34.860843,40.870519],[34.860726,40.870854],[34.860571,40.871173],[34.860373,40.871472],[34.860128,40.871745],[34.859813,40.871999],[34.859448,40.872222],[34.859046,40.872418],[34.858612,40.87259],[34.858091,40.872758],[34.857546,40.872905],[34.856987,40.873036],[34.856417,40.873157],[34.855261,40.87338],[34.848865,40.874537],[34.847705,40.87473],[34.847124,40.874815],[34.846543,40.874888],[34.845961,40.874943],[34.845469,40.874973],[34.844976,40.874987],[34.844485,40.874984],[34.843996,40.874964],[34.84351,40.874924],[34.843029,40.87486],[34.842538,40.874767],[34.842052,40.874649],[34.84157,40.874514],[34.841093,40.874365],[34.840551,40.874182],[34.83893,40.873613],[34.838385,40.873439],[34.837837,40.873284],[34.837283,40.873159],[34.836773,40.873079],[34.836263,40.873031],[34.835757,40.873013],[34.835262,40.873026],[34.834785,40.873075],[34.834336,40.873165],[34.833927,40.873306],[34.833603,40.873484],[34.833318,40.873703],[34.83307,40.873955],[34.83286,40.874233],[34.832692,40.874532],[34.832564,40.87486],[34.832482,40.875201],[34.832442,40.875551],[34.832445,40.875904],[34.832495,40.876257],[34.832594,40.876605],[34.832736,40.876948],[34.832913,40.877286],[34.83312,40.877618],[34.833354,40.877944],[34.833663,40.878318],[34.833998,40.878684],[34.83435,40.879043],[34.835086,40.879747],[34.839932,40.884153],[34.83679,40.888661],[34.831713,40.893672],[34.826435,40.895797],[34.821295,40.897442],[34.814988,40.898196],[34.806009,40.897168],[34.79607,40.89614],[34.791547,40.896619],[34.784692,40.896962],[34.774411,40.897853],[34.765431,40.899293],[34.760702,40.899498],[34.754739,40.899635],[34.748981,40.899909],[34.742264,40.899498],[34.734313,40.89847],[34.729583,40.898127],[34.725882,40.898264],[34.720398,40.89895],[34.707718,40.895797],[34.702782,40.895865],[34.698053,40.895248],[34.693598,40.894563],[34.688662,40.894083],[34.68174,40.892575],[34.675845,40.891479],[34.67276,40.890862],[34.671389,40.890793],[34.666728,40.891684],[34.658298,40.893192],[34.654939,40.894563],[34.650278,40.896756],[34.647468,40.89895],[34.643835,40.902034],[34.641299,40.902994],[34.637118,40.903748],[34.632114,40.903885],[34.626219,40.902651],[34.617925,40.899498],[34.612922,40.897716],[34.609289,40.896688],[34.604354,40.895728],[34.598939,40.896208],[34.593387,40.897236],[34.589,40.898264]]]}},{"type":"Feature","properties":{"id":"TR-D-19-013","parent_id":"TR-P-19","region_id":"TR-R-KAR","level":"district","municipality_type":null,"municipality_type_label":null,"is_metropolitan_municipality":null,"name":"Sungurlu","name_ascii":"sungurlu","slug":"sungurlu-corum"},"geometry":{"type":"Polygon","coordinates":[[[34.140822,40.473333],[34.141298,40.473293],[34.141792,40.473318],[34.142299,40.473391],[34.142815,40.473498],[34.142844,40.473505],[34.143338,40.473629],[34.143865,40.473777],[34.144929,40.474103],[34.150284,40.475855],[34.157234,40.478094],[34.158202,40.478416],[34.158403,40.478483],[34.158827,40.478624],[34.159879,40.478993],[34.160394,40.479184],[34.160397,40.479185],[34.16139,40.479576],[34.163356,40.480373],[34.163852,40.480562],[34.164354,40.480741],[34.164863,40.480906],[34.165407,40.481059],[34.16596,40.481196],[34.16652,40.481318],[34.167084,40.481427],[34.167652,40.481523],[34.168224,40.481606],[34.168768,40.48167],[34.169314,40.481721],[34.169861,40.481759],[34.17041,40.481782],[34.170959,40.481788],[34.171529,40.481775],[34.172099,40.481745],[34.173239,40.481655],[34.178918,40.481102],[34.180619,40.480949],[34.181753,40.48086],[34.182887,40.480792],[34.183453,40.480773],[34.184019,40.480769],[34.184592,40.480784],[34.185163,40.480816],[34.185733,40.480865],[34.1863,40.480929],[34.186863,40.481011],[34.187356,40.481099],[34.187845,40.4812],[34.188293,40.481303],[34.191789,40.480137],[34.193307,40.476749],[34.193391,40.476367],[34.193391,40.474271],[34.192028,40.470289],[34.190351,40.468402],[34.188779,40.463791],[34.186893,40.458865],[34.185216,40.456245],[34.183853,40.452682],[34.183434,40.448175],[34.182177,40.443145],[34.182281,40.440315],[34.182596,40.436542],[34.183329,40.432664],[34.18515,40.428682],[34.186094,40.426009],[34.187194,40.422786],[34.18853,40.419642],[34.190102,40.417599],[34.193246,40.41642],[34.199299,40.415005],[34.202178,40.414236],[34.209174,40.413843],[34.221907,40.414708],[34.231418,40.417223],[34.236292,40.418874],[34.239357,40.419738],[34.247139,40.421939],[34.254685,40.424297],[34.261051,40.428778],[34.263645,40.431372],[34.264667,40.433651],[34.266239,40.436559],[34.269619,40.43876],[34.274335,40.439703],[34.280545,40.441511],[34.284161,40.443319],[34.287305,40.446463],[34.291471,40.449765],[34.296341,40.451915],[34.297631,40.45207],[34.30219,40.452149],[34.30667,40.452149],[34.311701,40.451363],[34.319246,40.449162],[34.322233,40.447669],[34.325535,40.444524],[34.327421,40.442795],[34.328836,40.440044],[34.329936,40.437372],[34.329622,40.435092],[34.329308,40.431634],[34.329543,40.429276],[34.329858,40.425581],[34.330015,40.423145],[34.330172,40.418428],[34.33025,40.409052],[34.331274,40.40377],[34.33159,40.401957],[34.333403,40.398252],[34.337739,40.395178],[34.342626,40.393443],[34.348697,40.391945],[34.35185,40.391709],[34.357605,40.391315],[34.363517,40.390763],[34.370533,40.389186],[34.37479,40.388319],[34.378338,40.386506],[34.384172,40.383983],[34.390478,40.383037],[34.397967,40.382407],[34.400411,40.381855],[34.408531,40.378465],[34.411606,40.376967],[34.415468,40.375785],[34.420987,40.374129],[34.422879,40.373971],[34.429658,40.373577],[34.434152,40.37405],[34.438645,40.374917],[34.445662,40.376809],[34.450865,40.380357],[34.459142,40.385402],[34.460719,40.385954],[34.463241,40.385954],[34.472938,40.383116],[34.485472,40.380909],[34.496667,40.377677],[34.503368,40.376573],[34.510226,40.375942],[34.511918,40.375942],[34.512001,40.371603],[34.511835,40.368289],[34.512498,40.362489],[34.513244,40.355529],[34.515149,40.349564],[34.516972,40.344261],[34.520203,40.337467],[34.522689,40.332413],[34.525423,40.32678],[34.527909,40.323963],[34.537188,40.3146],[34.545722,40.309795],[34.551439,40.306232],[34.559227,40.303167],[34.566186,40.301344],[34.575383,40.30093],[34.5811,40.301675],[34.588557,40.301095],[34.592285,40.300515],[34.602724,40.298941],[34.607861,40.297284],[34.609601,40.296787],[34.615318,40.29339],[34.618715,40.29049],[34.624183,40.286679],[34.626503,40.284525],[34.628657,40.280962],[34.630563,40.278062],[34.633048,40.272511],[34.6328,40.268534],[34.633463,40.266131],[34.633928,40.263338],[34.634291,40.26116],[34.635203,40.257432],[34.635451,40.255444],[34.634788,40.251964],[34.633297,40.247821],[34.630397,40.240613],[34.630149,40.238624],[34.630811,40.23473],[34.6328,40.231665],[34.634871,40.228185],[34.637605,40.225037],[34.63976,40.222468],[34.640754,40.220065],[34.641665,40.217663],[34.642908,40.213686],[34.646553,40.207638],[34.64763,40.206229],[34.650033,40.199187],[34.651027,40.197115],[34.653844,40.192807],[34.656247,40.188002],[34.657739,40.182533],[34.658885,40.178197],[34.6601,40.173226],[34.661204,40.168255],[34.661536,40.162842],[34.661757,40.159307],[34.661978,40.154557],[34.664035,40.145056],[34.665527,40.140914],[34.667267,40.133623],[34.668178,40.129314],[34.669089,40.125006],[34.661971,40.120477],[34.659387,40.11856],[34.658054,40.115893],[34.65822,40.113142],[34.65772,40.108974],[34.657803,40.104056],[34.657137,40.100306],[34.656136,40.098388],[34.654136,40.097555],[34.650302,40.097638],[34.644967,40.098472],[34.6433,40.098472],[34.640299,40.101056],[34.639216,40.103556],[34.635881,40.108808],[34.634381,40.110475],[34.62988,40.114559],[34.623128,40.119727],[34.618044,40.123228],[34.615126,40.124562],[34.611292,40.125228],[34.605791,40.125145],[34.604874,40.125145],[34.597038,40.125645],[34.588119,40.124395],[34.580034,40.122478],[34.570948,40.11956],[34.56403,40.116726],[34.544942,40.109808],[34.538524,40.107307],[34.534689,40.105307],[34.527354,40.101973],[34.520186,40.098055],[34.515268,40.093971],[34.513267,40.089303],[34.510683,40.084302],[34.508433,40.079467],[34.506182,40.077133],[34.500848,40.073549],[34.495013,40.069965],[34.482677,40.06588],[34.476758,40.064713],[34.467589,40.062296],[34.455753,40.059212],[34.450502,40.057378],[34.445251,40.054211],[34.439416,40.051043],[34.433164,40.047959],[34.431414,40.046292],[34.427996,40.042958],[34.425496,40.039707],[34.424579,40.03779],[34.422912,40.033872],[34.420994,40.029121],[34.419911,40.024287],[34.419161,40.018869],[34.418661,40.013284],[34.417744,40.005699],[34.417925,39.999526],[34.41491,39.998682],[34.404839,39.9944],[34.399863,39.991541],[34.399592,39.991385],[34.395009,39.989274],[34.388677,39.98644],[34.381139,39.983365],[34.374385,39.98047],[34.370647,39.978239],[34.367149,39.975947],[34.361722,39.969857],[34.357259,39.965997],[34.355933,39.964851],[34.354666,39.962017],[34.351892,39.956771],[34.349842,39.954539],[34.348636,39.953816],[34.343028,39.950198],[34.33754,39.947544],[34.334886,39.945916],[34.330967,39.942841],[34.327228,39.939524],[34.324514,39.938438],[34.321378,39.937775],[34.318966,39.937473],[34.310343,39.936207],[34.304493,39.935725],[34.296955,39.935604],[34.293518,39.936147],[34.288272,39.93675],[34.282422,39.937293],[34.278322,39.937534],[34.275789,39.937534],[34.273497,39.937172],[34.27211,39.93681],[34.266502,39.935483],[34.261557,39.934458],[34.259386,39.934096],[34.255466,39.932951],[34.251607,39.931865],[34.249557,39.931021],[34.247084,39.929574],[34.244762,39.927902],[34.240038,39.931161],[34.235309,39.935665],[34.230016,39.946137],[34.228168,39.951372],[34.226892,39.955426],[34.220511,39.964659],[34.216983,39.969163],[34.211353,39.974718],[34.208276,39.97772],[34.204372,39.980723],[34.199643,39.984476],[34.19574,39.987929],[34.193262,39.990632],[34.188758,39.996262],[34.18433,40.003768],[34.182002,40.007747],[34.179075,40.013227],[34.175847,40.01683],[34.174571,40.018631],[34.173595,40.019457],[34.173295,40.01957],[34.172995,40.019682],[34.169692,40.021109],[34.164737,40.023961],[34.158282,40.030192],[34.157006,40.032143],[34.154303,40.036947],[34.151826,40.040926],[34.147697,40.04543],[34.145971,40.046481],[34.142293,40.049333],[34.137639,40.053987],[34.137579,40.054046],[34.134711,40.05684],[34.130432,40.058717],[34.130409,40.058724],[34.123376,40.061044],[34.113092,40.063896],[34.111678,40.064704],[34.105093,40.065483],[34.104896,40.06587],[34.104678,40.066206],[34.104427,40.066529],[34.104158,40.066833],[34.10415,40.066841],[34.103851,40.067143],[34.103534,40.067433],[34.103198,40.06771],[34.102845,40.067971],[34.102447,40.06823],[34.102033,40.068467],[34.101606,40.06868],[34.101169,40.068864],[34.100724,40.069014],[34.100272,40.069119],[34.099813,40.069167],[34.099318,40.069145],[34.098818,40.069062],[34.098314,40.068936],[34.097808,40.068781],[34.096512,40.068327],[34.0963,40.068253],[34.095808,40.06809],[34.095326,40.067952],[34.094858,40.067851],[34.094412,40.067806],[34.093993,40.067837],[34.09361,40.067962],[34.093256,40.068165],[34.092924,40.068425],[34.092607,40.068726],[34.092303,40.069057],[34.092195,40.069187],[34.092009,40.06941],[34.091725,40.069777],[34.091452,40.070156],[34.091191,40.070544],[34.090946,40.070938],[34.090723,40.07134],[34.090529,40.071751],[34.09039,40.072113],[34.090275,40.072482],[34.090181,40.072854],[34.090106,40.07323],[34.09005,40.073607],[34.090012,40.073987],[34.089992,40.074434],[34.089994,40.074883],[34.090037,40.075783],[34.090109,40.076683],[34.090318,40.078929],[34.090378,40.079821],[34.090379,40.079873],[34.090389,40.080172],[34.090392,40.080265],[34.090389,40.080704],[34.090362,40.081139],[34.090302,40.081568],[34.090195,40.081987],[34.090048,40.082357],[34.08986,40.082718],[34.08964,40.083071],[34.089392,40.083417],[34.089122,40.083755],[34.088829,40.084085],[34.088516,40.084404],[34.088149,40.084741],[34.087763,40.085068],[34.086154,40.08634],[34.085763,40.086664],[34.085388,40.086996],[34.085041,40.087334],[34.084718,40.087681],[34.08442,40.088038],[34.084151,40.088405],[34.08392,40.088781],[34.083736,40.089169],[34.083616,40.089535],[34.083538,40.08991],[34.083492,40.090291],[34.083474,40.090677],[34.08348,40.091066],[34.083507,40.091452],[34.08355,40.09184],[34.083665,40.092617],[34.083854,40.093788],[34.084027,40.095103],[34.084071,40.095554],[34.084156,40.096419],[34.084176,40.096736],[34.084212,40.097297],[34.084226,40.097736],[34.084227,40.098174],[34.084213,40.098582],[34.084149,40.099396],[34.084047,40.100207],[34.083982,40.100611],[34.083906,40.101012],[34.083816,40.101411],[34.083708,40.101806],[34.083577,40.102196],[34.083406,40.102608],[34.083209,40.103015],[34.082994,40.103418],[34.082764,40.103817],[34.082274,40.104608],[34.081755,40.105392],[34.081237,40.106136],[34.079918,40.107987],[34.079412,40.108734],[34.079173,40.109111],[34.078947,40.109491],[34.078738,40.109881],[34.078549,40.110275],[34.078382,40.110673],[34.078242,40.111075],[34.078136,40.111482],[34.078071,40.111865],[34.078036,40.112252],[34.078022,40.112641],[34.078027,40.113032],[34.078047,40.113423],[34.07808,40.113815],[34.078125,40.114207],[34.078182,40.114598],[34.078429,40.11592],[34.078498,40.116358],[34.078543,40.116794],[34.078551,40.11723],[34.078516,40.117629],[34.078447,40.118028],[34.078351,40.118426],[34.078236,40.118823],[34.077965,40.119615],[34.077933,40.119694],[34.077655,40.120404],[34.077313,40.121187],[34.077128,40.121576],[34.076931,40.12196],[34.076714,40.122351],[34.076248,40.123122],[34.075754,40.123884],[34.075242,40.124638],[34.07471,40.125381],[34.074434,40.125746],[34.074147,40.126103],[34.073845,40.126449],[34.073523,40.126781],[34.073195,40.127078],[34.072846,40.127356],[34.072475,40.127615],[34.072084,40.127852],[34.071669,40.128062],[34.071231,40.128241],[34.070773,40.128396],[34.070301,40.128535],[34.06982,40.128664],[34.068408,40.129023],[34.067947,40.129147],[34.06749,40.129278],[34.067039,40.12942],[34.066608,40.12957],[34.066184,40.129732],[34.065767,40.129905],[34.065358,40.130088],[34.064957,40.130281],[34.064488,40.130527],[34.06403,40.130784],[34.063578,40.131051],[34.062687,40.1316],[34.060047,40.133293],[34.058293,40.134435],[34.057434,40.135016],[34.057017,40.135314],[34.056614,40.135618],[34.056231,40.135933],[34.055876,40.136261],[34.055578,40.136581],[34.055312,40.136914],[34.055077,40.137256],[34.054877,40.137605],[34.054715,40.13796],[34.054601,40.13832],[34.054548,40.138684],[34.05457,40.139088],[34.054659,40.139496],[34.054796,40.139906],[34.054965,40.140318],[34.05574,40.141989],[34.055913,40.142415],[34.056054,40.14282],[34.056174,40.143229],[34.056273,40.143641],[34.056352,40.144056],[34.05641,40.144472],[34.056444,40.144891],[34.056459,40.145311],[34.05645,40.146153],[34.056384,40.147443],[34.056063,40.151899],[34.055984,40.152787],[34.055879,40.153668],[34.055807,40.154103],[34.055716,40.154535],[34.055597,40.154959],[34.055441,40.155374],[34.055238,40.155781],[34.054998,40.156178],[34.054731,40.15657],[34.054149,40.157342],[34.053005,40.158801],[34.052471,40.15952],[34.052223,40.15988],[34.051995,40.16024],[34.051795,40.160599],[34.051633,40.160959],[34.051523,40.161319],[34.051484,40.161678],[34.051532,40.162051],[34.051655,40.162425],[34.051834,40.162797],[34.052052,40.16317],[34.052299,40.163542],[34.052565,40.163915],[34.053134,40.164659],[34.053726,40.165404],[34.057305,40.169868],[34.058212,40.170973],[34.059102,40.172008],[34.060012,40.173031],[34.06058,40.173649],[34.061111,40.175935],[34.060515,40.177447],[34.059894,40.179019],[34.059658,40.179618],[34.059549,40.179895],[34.059374,40.180264],[34.059191,40.180649],[34.058914,40.181235],[34.055888,40.185942],[34.053535,40.189556],[34.049668,40.195187],[34.046643,40.198213],[34.041768,40.202079],[34.037061,40.205357],[34.03227,40.208971],[34.027564,40.210904],[34.023361,40.212165],[34.018319,40.213174],[34.013864,40.213846],[34.00714,40.215611],[34.00129,40.217662],[33.995937,40.219469],[33.992337,40.220848],[33.986285,40.22284],[33.981612,40.224755],[33.978241,40.226747],[33.974793,40.230194],[33.972495,40.235174],[33.970197,40.241532],[33.970733,40.247508],[33.970828,40.248028],[33.971576,40.252104],[33.972878,40.257467],[33.976326,40.266584],[33.977705,40.270337],[33.97985,40.273861],[33.984676,40.278381],[33.995631,40.285429],[34.00536,40.290716],[34.015243,40.296002],[34.027271,40.30236],[34.044431,40.310864],[34.049487,40.314005],[34.056765,40.319444],[34.06772,40.32971],[34.070402,40.332774],[34.077897,40.340179],[34.087294,40.348555],[34.087739,40.348923],[34.089643,40.350496],[34.090308,40.350856],[34.099879,40.357029],[34.113407,40.361098],[34.113803,40.361401],[34.114164,40.361692],[34.114536,40.362012],[34.114895,40.36234],[34.115245,40.362674],[34.115927,40.363354],[34.116593,40.364045],[34.117247,40.364743],[34.117886,40.365448],[34.11817,40.365772],[34.118198,40.365804],[34.118501,40.366163],[34.118793,40.366527],[34.119069,40.366897],[34.119208,40.367102],[34.119336,40.367291],[34.119584,40.367693],[34.119816,40.3681],[34.120033,40.368512],[34.120233,40.368928],[34.120414,40.369349],[34.120572,40.369775],[34.120701,40.370196],[34.120808,40.370621],[34.120901,40.37105],[34.121058,40.371913],[34.121398,40.374082],[34.121517,40.374771],[34.121541,40.374907],[34.121703,40.375728],[34.121895,40.376539],[34.12201,40.376939],[34.122142,40.377332],[34.1223,40.377718],[34.12249,40.378092],[34.122731,40.378471],[34.122736,40.378478],[34.123018,40.378851],[34.123328,40.379215],[34.123656,40.379574],[34.123997,40.379927],[34.124705,40.380626],[34.124971,40.38088],[34.129077,40.38478],[34.133416,40.388953],[34.134149,40.389638],[34.134522,40.389975],[34.13467,40.390104],[34.134902,40.390306],[34.135292,40.390628],[34.135695,40.390937],[34.136118,40.39123],[34.136561,40.391499],[34.137022,40.391752],[34.137498,40.391993],[34.137983,40.392224],[34.138456,40.392441],[34.138475,40.39245],[34.139471,40.392889],[34.143503,40.394613],[34.147027,40.396135],[34.148544,40.396774],[34.149053,40.396977],[34.149567,40.397171],[34.150084,40.397352],[34.150609,40.397514],[34.151143,40.397651],[34.151525,40.397726],[34.151635,40.397748],[34.152135,40.39782],[34.152639,40.397873],[34.153147,40.397907],[34.153657,40.397923],[34.154166,40.397919],[34.154674,40.397894],[34.155179,40.397841],[34.155468,40.397794],[34.155686,40.397758],[34.156189,40.397652],[34.156691,40.397529],[34.158196,40.397132],[34.158721,40.397007],[34.159248,40.396897],[34.159496,40.396856],[34.159775,40.396809],[34.160301,40.39675],[34.16086,40.396726],[34.161409,40.39674],[34.161941,40.396788],[34.162446,40.396869],[34.162911,40.396988],[34.163318,40.397152],[34.163646,40.397371],[34.163845,40.397607],[34.163985,40.397882],[34.164077,40.398186],[34.164133,40.398513],[34.16416,40.398857],[34.164164,40.399213],[34.164145,40.39964],[34.164127,40.399861],[34.164108,40.400076],[34.164059,40.400517],[34.163939,40.401405],[34.163345,40.405402],[34.162913,40.408486],[34.162382,40.412445],[34.161816,40.416853],[34.161687,40.417733],[34.161613,40.418172],[34.161528,40.418607],[34.161427,40.419039],[34.161305,40.419465],[34.161203,40.419743],[34.161152,40.419883],[34.160974,40.420269],[34.160767,40.420645],[34.160538,40.421014],[34.160292,40.421376],[34.16003,40.421728],[34.159753,40.422069],[34.159462,40.422397],[34.159154,40.422706],[34.158825,40.422991],[34.158469,40.423244],[34.15808,40.423454],[34.157664,40.42361],[34.157219,40.423729],[34.156753,40.423826],[34.156062,40.423951],[34.155796,40.423999],[34.155319,40.424099],[34.154853,40.424223],[34.154356,40.424401],[34.153878,40.424615],[34.153416,40.424857],[34.152968,40.425121],[34.152534,40.425405],[34.152116,40.425705],[34.151715,40.426022],[34.15134,40.426351],[34.150981,40.426692],[34.150294,40.427399],[34.149629,40.428124],[34.149129,40.428683],[34.148975,40.428855],[34.146057,40.432159],[34.14543,40.4329],[34.145329,40.433026],[34.145128,40.433275],[34.144838,40.433654],[34.144564,40.434039],[34.144339,40.434389],[34.144131,40.434745],[34.143939,40.435106],[34.143764,40.435472],[34.143593,40.43588],[34.14344,40.436293],[34.143167,40.437128],[34.142801,40.438392],[34.142538,40.43935],[34.141523,40.443044],[34.141453,40.443296],[34.139976,40.448569],[34.139759,40.449421],[34.139663,40.449847],[34.139579,40.450273],[34.139513,40.4507],[34.139472,40.451128],[34.139461,40.451536],[34.139477,40.451944],[34.139515,40.452351],[34.139574,40.452757],[34.139656,40.453159],[34.139763,40.453557],[34.139899,40.45395],[34.140065,40.454332],[34.140258,40.454708],[34.140468,40.455081],[34.141386,40.456578],[34.141833,40.457341],[34.142039,40.457728],[34.142228,40.458118],[34.142398,40.458522],[34.142548,40.458931],[34.142682,40.459343],[34.142803,40.459758],[34.142912,40.460176],[34.143009,40.460595],[34.143093,40.461015],[34.143161,40.461424],[34.143261,40.462241],[34.143293,40.46265],[34.143312,40.463057],[34.143314,40.463462],[34.143296,40.463865],[34.14325,40.464263],[34.143167,40.464655],[34.143038,40.465046],[34.142872,40.465431],[34.142679,40.465812],[34.142468,40.466191],[34.142429,40.466256],[34.141797,40.467321],[34.141583,40.4677],[34.141385,40.468082],[34.141214,40.468473],[34.141068,40.468945],[34.140951,40.469477],[34.140862,40.470045],[34.140795,40.470621],[34.14076,40.471076],[34.140713,40.471696],[34.140751,40.472262],[34.140822,40.473333]]]}},{"type":"Feature","properties":{"id":"TR-D-19-014","parent_id":"TR-P-19","region_id":"TR-R-KAR","level":"district","municipality_type":null,"municipality_type_label":null,"is_metropolitan_municipality":null,"name":"Uğurludağ","name_ascii":"ugurludag","slug":"ugurludag-corum"},"geometry":{"type":"Polygon","coordinates":[[[34.484449,40.5928],[34.487539,40.59104],[34.495169,40.586585],[34.497376,40.585481],[34.498716,40.584535],[34.499505,40.582564],[34.500057,40.580594],[34.50053,40.57949],[34.50116,40.578465],[34.501791,40.576888],[34.503052,40.574681],[34.503683,40.572237],[34.504314,40.570266],[34.504865,40.568138],[34.5066,40.566798],[34.507861,40.566404],[34.508886,40.566246],[34.51062,40.56396],[34.513537,40.56057],[34.515035,40.557732],[34.515114,40.553475],[34.515902,40.550164],[34.518661,40.544409],[34.521578,40.54165],[34.525599,40.538339],[34.529934,40.53424],[34.536083,40.527066],[34.543336,40.519182],[34.545386,40.517054],[34.550431,40.511851],[34.555555,40.504835],[34.562414,40.494192],[34.563596,40.489699],[34.563202,40.484575],[34.562571,40.479372],[34.561389,40.47204],[34.558787,40.465182],[34.557605,40.462817],[34.555555,40.459506],[34.553584,40.456116],[34.550589,40.452962],[34.54783,40.451543],[34.544834,40.449021],[34.543494,40.447208],[34.542705,40.444685],[34.542548,40.442478],[34.542705,40.438694],[34.543021,40.435304],[34.543651,40.431362],[34.545543,40.426711],[34.547199,40.422139],[34.547987,40.41867],[34.547908,40.410865],[34.547593,40.405584],[34.546095,40.401405],[34.544046,40.398962],[34.53971,40.393916],[34.535926,40.389423],[34.531275,40.385008],[34.530171,40.383826],[34.523312,40.38012],[34.517479,40.377282],[34.512433,40.375942],[34.511918,40.375942],[34.510226,40.375942],[34.503368,40.376573],[34.496667,40.377677],[34.485472,40.380909],[34.472938,40.383116],[34.463241,40.385954],[34.460719,40.385954],[34.459142,40.385402],[34.450865,40.380357],[34.445662,40.376809],[34.438645,40.374917],[34.434152,40.37405],[34.429658,40.373577],[34.422879,40.373971],[34.420987,40.374129],[34.415468,40.375785],[34.411606,40.376967],[34.408531,40.378465],[34.400411,40.381855],[34.397967,40.382407],[34.390478,40.383037],[34.384172,40.383983],[34.378338,40.386506],[34.37479,40.388319],[34.370533,40.389186],[34.363517,40.390763],[34.357605,40.391315],[34.35185,40.391709],[34.348697,40.391945],[34.342626,40.393443],[34.337739,40.395178],[34.333403,40.398252],[34.33159,40.401957],[34.331274,40.40377],[34.33025,40.409052],[34.330172,40.418428],[34.330015,40.423145],[34.329858,40.425581],[34.329543,40.429276],[34.329308,40.431634],[34.329622,40.435092],[34.329936,40.437372],[34.328836,40.440044],[34.327421,40.442795],[34.325535,40.444524],[34.322233,40.447669],[34.319246,40.449162],[34.311701,40.451363],[34.30667,40.452149],[34.30219,40.452149],[34.297631,40.45207],[34.296341,40.451915],[34.291471,40.449765],[34.287305,40.446463],[34.284161,40.443319],[34.280545,40.441511],[34.274335,40.439703],[34.269619,40.43876],[34.266239,40.436559],[34.264667,40.433651],[34.263645,40.431372],[34.261051,40.428778],[34.254685,40.424297],[34.247139,40.421939],[34.239357,40.419738],[34.236292,40.418874],[34.231418,40.417223],[34.221907,40.414708],[34.209174,40.413843],[34.202178,40.414236],[34.199299,40.415005],[34.193246,40.41642],[34.190102,40.417599],[34.18853,40.419642],[34.187194,40.422786],[34.186094,40.426009],[34.18515,40.428682],[34.183329,40.432664],[34.182596,40.436542],[34.182281,40.440315],[34.182177,40.443145],[34.183434,40.448175],[34.183853,40.452682],[34.185216,40.456245],[34.186893,40.458865],[34.188779,40.463791],[34.190351,40.468402],[34.192028,40.470289],[34.194639,40.468155],[34.197155,40.465115],[34.201032,40.462286],[34.204072,40.461028],[34.207111,40.459456],[34.213399,40.456731],[34.216858,40.455264],[34.218744,40.454949],[34.219478,40.455054],[34.22367,40.455369],[34.227862,40.456207],[34.233312,40.459666],[34.236456,40.464696],[34.238447,40.467631],[34.248433,40.476339],[34.248734,40.476682],[34.248946,40.476998],[34.249132,40.477329],[34.249301,40.477671],[34.249458,40.478021],[34.25081,40.481213],[34.251343,40.482428],[34.251906,40.483681],[34.254231,40.488763],[34.25463,40.489606],[34.255051,40.49044],[34.255279,40.49085],[34.255523,40.491253],[34.255791,40.491644],[34.25603,40.491949],[34.256287,40.492245],[34.25656,40.492532],[34.25685,40.49281],[34.257156,40.493077],[34.257538,40.493376],[34.25794,40.493659],[34.25836,40.493926],[34.258798,40.494174],[34.259256,40.494401],[34.259746,40.494608],[34.260252,40.494793],[34.260772,40.494963],[34.2613,40.49512],[34.262374,40.495409],[34.263466,40.495668],[34.264013,40.495785],[34.265115,40.496002],[34.266776,40.496303],[34.268442,40.496581],[34.271904,40.497091],[34.273055,40.49727],[34.274069,40.497446],[34.275077,40.497638],[34.276077,40.497849],[34.276572,40.497964],[34.277063,40.49809],[34.277547,40.498226],[34.278026,40.498374],[34.278498,40.498532],[34.278963,40.498701],[34.279419,40.498884],[34.2799,40.499095],[34.28037,40.49932],[34.280833,40.499556],[34.281289,40.499799],[34.28218,40.500309],[34.282614,40.500575],[34.283037,40.50085],[34.283448,40.501136],[34.283819,40.501416],[34.284178,40.501707],[34.284528,40.502005],[34.285204,40.502619],[34.285531,40.502934],[34.286223,40.50363],[34.287914,40.505395],[34.288611,40.506082],[34.288974,40.506413],[34.28935,40.506731],[34.28973,40.507019],[34.290128,40.507287],[34.290546,40.507532],[34.290986,40.507747],[34.291387,40.507904],[34.291804,40.508037],[34.292234,40.508149],[34.292675,40.508239],[34.293124,40.508308],[34.293655,40.508362],[34.294194,40.508393],[34.294737,40.508408],[34.295834,40.508407],[34.296955,40.508384],[34.300326,40.508288],[34.301972,40.508258],[34.303056,40.508255],[34.304137,40.508271],[34.304675,40.508291],[34.305212,40.508323],[34.305711,40.508366],[34.306207,40.50842],[34.306701,40.508485],[34.307193,40.50856],[34.307681,40.508646],[34.308165,40.508744],[34.308713,40.508873],[34.309256,40.509016],[34.309794,40.50917],[34.31086,40.509504],[34.311914,40.509872],[34.31348,40.510466],[34.31762,40.512107],[34.320196,40.51315],[34.321727,40.513802],[34.325281,40.515364],[34.326309,40.515792],[34.32683,40.515995],[34.327358,40.516185],[34.327867,40.516353],[34.328383,40.516506],[34.328905,40.516648],[34.329432,40.516777],[34.329963,40.516891],[34.33048,40.516984],[34.331001,40.517062],[34.331524,40.517124],[34.332048,40.517168],[34.332572,40.517189],[34.333149,40.517184],[34.333723,40.517149],[34.334292,40.517087],[34.334853,40.516997],[34.335401,40.516873],[34.335868,40.516735],[34.336323,40.516574],[34.336771,40.516394],[34.337212,40.5162],[34.337646,40.515995],[34.338074,40.51578],[34.338469,40.515572],[34.338858,40.515356],[34.339239,40.515132],[34.339612,40.5149],[34.339974,40.514658],[34.340369,40.514371],[34.340751,40.514072],[34.341122,40.513764],[34.341483,40.513449],[34.34218,40.512801],[34.342841,40.512137],[34.343457,40.511484],[34.343769,40.51117],[34.344094,40.510875],[34.344444,40.51061],[34.344801,40.510395],[34.345183,40.510216],[34.345582,40.510075],[34.345996,40.509976],[34.346418,40.509927],[34.346857,40.509935],[34.347297,40.509995],[34.347733,40.510099],[34.348162,40.510244],[34.348613,40.510443],[34.349052,40.510675],[34.349481,40.510931],[34.349903,40.511204],[34.350319,40.511488],[34.351138,40.512078],[34.351561,40.512398],[34.351941,40.512685],[34.352336,40.512994],[34.353103,40.513622],[34.353471,40.513944],[34.353823,40.514275],[34.354145,40.514604],[34.354451,40.514942],[34.354746,40.515285],[34.35503,40.515634],[34.355575,40.516343],[34.356087,40.517065],[34.356349,40.517463],[34.356849,40.518268],[34.357331,40.519079],[34.361348,40.525994],[34.362041,40.527219],[34.362481,40.528042],[34.362671,40.528421],[34.363035,40.529185],[34.363547,40.53034],[34.363863,40.531115],[34.364148,40.531898],[34.364272,40.532289],[34.364496,40.533077],[34.364698,40.53387],[34.365175,40.535839],[34.365381,40.536617],[34.365618,40.537384],[34.365768,40.53779],[34.365936,40.538187],[34.366129,40.538574],[34.366351,40.538947],[34.366611,40.539301],[34.366863,40.539578],[34.367145,40.53984],[34.367451,40.540087],[34.36778,40.540319],[34.368223,40.540592],[34.36869,40.540847],[34.369174,40.54109],[34.36967,40.541324],[34.370174,40.541553],[34.371194,40.541999],[34.374279,40.543316],[34.375811,40.543983],[34.376823,40.544439],[34.377809,40.544906],[34.37925,40.545626],[34.380679,40.54636],[34.385427,40.548823],[34.387315,40.549818],[34.388245,40.550329],[34.388703,40.550592],[34.389153,40.550861],[34.389573,40.551125],[34.389986,40.551394],[34.390799,40.551947],[34.392804,40.553354],[34.393612,40.553912],[34.394465,40.554478],[34.395363,40.555051],[34.39718,40.556178],[34.401288,40.558697],[34.402661,40.559533],[34.403583,40.560083],[34.404518,40.56062],[34.404993,40.56088],[34.405906,40.561349],[34.406837,40.5618],[34.408251,40.562452],[34.409206,40.562871],[34.410174,40.563269],[34.410666,40.563455],[34.411141,40.563622],[34.412106,40.563932],[34.413573,40.564365],[34.415583,40.564927],[34.421442,40.566533],[34.423043,40.566963],[34.424115,40.567236],[34.425211,40.56749],[34.426333,40.567715],[34.426897,40.567815],[34.427464,40.567902],[34.428034,40.567976],[34.428603,40.568033],[34.431485,40.568239],[34.43323,40.568384],[34.440211,40.569015],[34.442533,40.569241],[34.443687,40.569375],[34.44426,40.569453],[34.444828,40.569543],[34.44539,40.56965],[34.44595,40.569778],[34.446503,40.569923],[34.447052,40.570079],[34.448142,40.570416],[34.449226,40.570769],[34.456791,40.573305],[34.465985,40.576366],[34.468141,40.577099],[34.469684,40.577647],[34.471734,40.578391],[34.473267,40.578957],[34.474283,40.579343],[34.475284,40.579746],[34.475775,40.579959],[34.476256,40.580183],[34.476721,40.58042],[34.477176,40.580668],[34.477621,40.580926],[34.478058,40.581192],[34.478487,40.581465],[34.478907,40.581746],[34.479315,40.582036],[34.479708,40.582336],[34.480081,40.582649],[34.480442,40.582987],[34.480781,40.583339],[34.481105,40.583701],[34.481417,40.584071],[34.48201,40.584826],[34.482292,40.58521],[34.482561,40.585598],[34.482815,40.585992],[34.483049,40.586392],[34.483242,40.586766],[34.483416,40.587145],[34.483574,40.587528],[34.483718,40.587914],[34.483848,40.588304],[34.483962,40.588695],[34.484059,40.589089],[34.484135,40.589486],[34.484187,40.589887],[34.484222,40.590289],[34.484299,40.591496],[34.484333,40.591893],[34.484449,40.5928]]]}}]}