{"type":"FeatureCollection","province":"Erzurum","province_id":"TR-P-25","features":[{"type":"Feature","properties":{"id":"TR-D-25-001","parent_id":"TR-P-25","region_id":"TR-R-DOA","level":"district","municipality_type":null,"municipality_type_label":null,"is_metropolitan_municipality":null,"name":"Aşkale","name_ascii":"askale","slug":"askale-erzurum"},"geometry":{"type":"Polygon","coordinates":[[[40.923491,39.747792],[40.91759,39.747983],[40.910737,39.747507],[40.902837,39.745127],[40.899315,39.744176],[40.895413,39.740654],[40.890749,39.736276],[40.886657,39.731517],[40.882183,39.726568],[40.878566,39.723046],[40.874474,39.719715],[40.869429,39.716859],[40.861434,39.71429],[40.849442,39.71172],[40.822411,39.707913],[40.814702,39.706866],[40.804803,39.705343],[40.789765,39.70401],[40.779391,39.704201],[40.764923,39.707532],[40.760736,39.70896],[40.756167,39.711054],[40.751789,39.713148],[40.747601,39.715241],[40.743889,39.716288],[40.740843,39.716669],[40.735989,39.716764],[40.723235,39.716384],[40.714669,39.716669],[40.708197,39.716955],[40.704675,39.716955],[40.698203,39.716384],[40.692017,39.715432],[40.688971,39.715432],[40.685164,39.714575],[40.6805,39.714099],[40.673267,39.713814],[40.668698,39.713052],[40.665272,39.712862],[40.662131,39.712101],[40.657657,39.710007],[40.651566,39.708008],[40.644237,39.707151],[40.639764,39.706009],[40.637765,39.704867],[40.634148,39.702963],[40.627771,39.700774],[40.62187,39.699727],[40.61911,39.699156],[40.611115,39.697538],[40.600781,39.696993],[40.594791,39.70247],[40.587272,39.710084],[40.584321,39.713415],[40.577564,39.719507],[40.570616,39.725598],[40.564048,39.731594],[40.561098,39.735497],[40.5571,39.741112],[40.553293,39.746632],[40.550057,39.750725],[40.548534,39.752629],[40.547487,39.754532],[40.544442,39.758815],[40.543014,39.762242],[40.542538,39.765002],[40.543014,39.76643],[40.543966,39.767857],[40.547487,39.770998],[40.549962,39.773473],[40.552722,39.778041],[40.557862,39.783847],[40.560051,39.787274],[40.562526,39.790986],[40.562811,39.794412],[40.562906,39.796887],[40.563477,39.805357],[40.563668,39.813828],[40.563573,39.821728],[40.563858,39.824488],[40.563953,39.825726],[40.563001,39.828391],[40.561383,39.836957],[40.561098,39.841525],[40.560812,39.84695],[40.560527,39.849044],[40.558338,39.851805],[40.555958,39.853994],[40.554055,39.855517],[40.552341,39.85723],[40.551009,39.859133],[40.550057,39.860371],[40.548249,39.862369],[40.546821,39.864178],[40.545965,39.865225],[40.542062,39.867985],[40.538636,39.870174],[40.535685,39.871411],[40.531307,39.872458],[40.526643,39.873315],[40.52217,39.874838],[40.518077,39.877027],[40.513794,39.880263],[40.509892,39.882738],[40.503229,39.885593],[40.498756,39.886925],[40.488762,39.890161],[40.481814,39.892922],[40.476579,39.89492],[40.473439,39.896824],[40.471535,39.898347],[40.470202,39.90025],[40.467252,39.902439],[40.465063,39.903582],[40.462683,39.904248],[40.454688,39.906247],[40.44755,39.907674],[40.438223,39.909673],[40.430894,39.910244],[40.423089,39.911577],[40.4209,39.912053],[40.417283,39.911957],[40.412048,39.910244],[40.410335,39.909292],[40.406623,39.906913],[40.402816,39.904914],[40.398819,39.903106],[40.395202,39.901773],[40.392822,39.900536],[40.389491,39.899013],[40.384923,39.899108],[40.380735,39.899774],[40.378641,39.901012],[40.370075,39.905104],[40.361889,39.909102],[40.355893,39.911957],[40.351515,39.914527],[40.339047,39.924521],[40.337809,39.925758],[40.337505,39.926288],[40.336769,39.929862],[40.33291,39.9319],[40.332411,39.931699],[40.331215,39.931217],[40.3293,39.931235],[40.328594,39.931525],[40.328232,39.931669],[40.327871,39.931811],[40.327511,39.931949],[40.327151,39.932084],[40.326792,39.932217],[40.326433,39.932346],[40.326075,39.932473],[40.325717,39.932596],[40.32536,39.932717],[40.325004,39.932834],[40.324648,39.932949],[40.324293,39.933061],[40.323938,39.933169],[40.323584,39.933275],[40.32323,39.933378],[40.322877,39.933478],[40.322524,39.933574],[40.322172,39.933668],[40.321821,39.933759],[40.32147,39.933847],[40.321119,39.933932],[40.32077,39.934014],[40.32042,39.934093],[40.320072,39.934169],[40.319724,39.934242],[40.319376,39.934313],[40.319029,39.93438],[40.318683,39.934444],[40.318337,39.934505],[40.317991,39.934564],[40.317647,39.934619],[40.317302,39.934671],[40.316959,39.934721],[40.316616,39.934767],[40.316273,39.934811],[40.315931,39.934851],[40.31559,39.934889],[40.315249,39.934923],[40.314908,39.934955],[40.314569,39.934984],[40.314229,39.935009],[40.313891,39.935032],[40.313553,39.935052],[40.313215,39.935069],[40.312878,39.935082],[40.312542,39.935093],[40.312206,39.935101],[40.311871,39.935106],[40.311536,39.935108],[40.311202,39.935107],[40.310868,39.935103],[40.310535,39.935096],[40.310203,39.935086],[40.309871,39.935073],[40.309539,39.935058],[40.309208,39.935039],[40.308878,39.935017],[40.308548,39.934992],[40.308219,39.934965],[40.307891,39.934934],[40.307563,39.934901],[40.307235,39.934864],[40.306908,39.934824],[40.306582,39.934782],[40.306356,39.934748],[40.306128,39.934708],[40.305898,39.934662],[40.305665,39.934609],[40.30543,39.934549],[40.305192,39.934483],[40.304952,39.93441],[40.304709,39.93433],[40.304463,39.934244],[40.304214,39.934151],[40.303961,39.934051],[40.303705,39.933945],[40.303444,39.933831],[40.303179,39.93371],[40.302909,39.933581],[40.302634,39.933444],[40.302405,39.933327],[40.30217,39.933204],[40.301931,39.933075],[40.301687,39.932939],[40.301436,39.932798],[40.301178,39.932649],[40.300912,39.932493],[40.300636,39.932327],[40.300156,39.932034],[40.299623,39.931702],[40.299108,39.931376],[40.297847,39.930572],[40.297184,39.930156],[40.296842,39.929945],[40.296522,39.92975],[40.296218,39.929569],[40.295927,39.929399],[40.295599,39.929213],[40.295283,39.929038],[40.294977,39.928876],[40.294681,39.928724],[40.294393,39.928582],[40.294112,39.92845],[40.293837,39.928328],[40.293569,39.928214],[40.293413,39.928152],[40.293258,39.928092],[40.293106,39.928036],[40.292955,39.927982],[40.292805,39.927932],[40.292657,39.927884],[40.292511,39.92784],[40.292366,39.927799],[40.292222,39.92776],[40.29208,39.927725],[40.291939,39.927692],[40.291799,39.927662],[40.29166,39.927636],[40.291523,39.927612],[40.291386,39.927591],[40.291251,39.927573],[40.291116,39.927558],[40.290983,39.927546],[40.29085,39.927536],[40.290719,39.92753],[40.290588,39.927526],[40.290459,39.927526],[40.29033,39.927528],[40.290202,39.927533],[40.290075,39.927541],[40.289949,39.927552],[40.289824,39.927566],[40.2897,39.927583],[40.289576,39.927602],[40.289453,39.927625],[40.289331,39.92765],[40.289209,39.927679],[40.288961,39.927743],[40.288713,39.927812],[40.288466,39.927887],[40.288219,39.927967],[40.287973,39.928052],[40.287728,39.928143],[40.287483,39.928239],[40.287239,39.928341],[40.286996,39.928447],[40.286753,39.928559],[40.286511,39.928677],[40.28627,39.928799],[40.286029,39.928927],[40.285789,39.929061],[40.28555,39.929199],[40.285311,39.929343],[40.285072,39.929493],[40.284835,39.929647],[40.284598,39.929807],[40.284362,39.929973],[40.284126,39.930143],[40.283891,39.930319],[40.283657,39.9305],[40.283423,39.930687],[40.28319,39.930879],[40.282957,39.931076],[40.282726,39.931279],[40.282495,39.931487],[40.282264,39.9317],[40.282034,39.931919],[40.281805,39.932142],[40.281576,39.932372],[40.275691,39.931937],[40.275096,39.931588],[40.2745,39.931243],[40.273905,39.930904],[40.273309,39.93057],[40.272713,39.93024],[40.272116,39.929915],[40.27152,39.929595],[40.270923,39.92928],[40.270414,39.929015],[40.269905,39.928754],[40.269396,39.928496],[40.268886,39.928242],[40.268376,39.927991],[40.267866,39.927744],[40.267355,39.9275],[40.266844,39.92726],[40.266333,39.927023],[40.265821,39.926789],[40.26531,39.92656],[40.264798,39.926333],[40.264285,39.92611],[40.263773,39.925891],[40.26326,39.925675],[40.262746,39.925463],[40.262233,39.925254],[40.261719,39.925048],[40.261205,39.924847],[40.26069,39.924648],[40.260176,39.924453],[40.259661,39.924262],[40.259146,39.924074],[40.25863,39.923889],[40.258114,39.923708],[40.257598,39.923531],[40.257082,39.923357],[40.256565,39.923187],[40.256048,39.92302],[40.255531,39.922856],[40.255014,39.922696],[40.254496,39.92254],[40.254068,39.923452],[40.251197,39.929565],[40.25034,39.931374],[40.249776,39.932503],[40.249646,39.932762],[40.249579,39.932897],[40.249325,39.934168],[40.249198,39.9348],[40.249864,39.936609],[40.250721,39.938322],[40.251102,39.940225],[40.250911,39.942034],[40.251007,39.944508],[40.251297,39.945429],[40.251578,39.946317],[40.251777,39.947173],[40.252244,39.949172],[40.253005,39.95079],[40.253196,39.952789],[40.253386,39.954407],[40.25291,39.956025],[40.252339,39.957643],[40.250626,39.959642],[40.250531,39.960784],[40.251007,39.961926],[40.252149,39.963544],[40.253672,39.965257],[40.257859,39.970492],[40.26081,39.972396],[40.266806,39.977821],[40.275848,39.983532],[40.280797,39.987624],[40.286413,39.992573],[40.294122,39.999902],[40.301737,40.007802],[40.306115,40.013418],[40.308018,40.014369],[40.315442,40.01494],[40.320296,40.015226],[40.323342,40.014845],[40.326007,40.014274],[40.32772,40.013513],[40.330766,40.013322],[40.334192,40.015226],[40.337333,40.017796],[40.339047,40.018557],[40.34609,40.017605],[40.357511,40.015036],[40.367695,40.01199],[40.372571,40.010468],[40.378319,40.0083],[40.389344,40.004531],[40.399144,40.002552],[40.411111,40.001893],[40.41667,40.002741],[40.429486,40.005002],[40.442772,40.006133],[40.449556,40.0083],[40.460487,40.012541],[40.469816,40.016498],[40.474339,40.020927],[40.479144,40.025638],[40.484798,40.028465],[40.491488,40.03214],[40.498273,40.042317],[40.503267,40.049101],[40.506282,40.053153],[40.506942,40.057394],[40.508544,40.059938],[40.511559,40.062953],[40.516553,40.065591],[40.520417,40.067099],[40.525316,40.068795],[40.531536,40.070209],[40.542749,40.071716],[40.548026,40.07313],[40.554151,40.075109],[40.56395,40.077653],[40.574692,40.081328],[40.596742,40.091033],[40.611206,40.0976],[40.629539,40.078986],[40.631823,40.076987],[40.633251,40.074513],[40.634393,40.07023],[40.638105,40.062901],[40.639723,40.060902],[40.642102,40.058999],[40.656189,40.05167],[40.667039,40.047006],[40.673607,40.045769],[40.680364,40.045769],[40.681887,40.04634],[40.684552,40.047958],[40.689121,40.05167],[40.692166,40.05462],[40.696259,40.057856],[40.698924,40.060046],[40.702636,40.062235],[40.705967,40.063853],[40.708727,40.064614],[40.713296,40.064233],[40.717198,40.063377],[40.720149,40.063377],[40.722433,40.063758],[40.725669,40.064995],[40.726906,40.066232],[40.728429,40.068136],[40.731761,40.0728],[40.735758,40.077939],[40.739946,40.081746],[40.7448,40.085649],[40.74994,40.087647],[40.764407,40.090883],[40.774305,40.094024],[40.777446,40.095262],[40.781444,40.096975],[40.785727,40.097831],[40.789534,40.098022],[40.796672,40.097927],[40.803906,40.097546],[40.813519,40.09688],[40.81704,40.096689],[40.819896,40.096309],[40.823988,40.096023],[40.834077,40.095452],[40.837885,40.095357],[40.843595,40.095071],[40.846926,40.094024],[40.850353,40.092216],[40.853494,40.089551],[40.858729,40.085173],[40.86463,40.076416],[40.866724,40.071562],[40.868151,40.06785],[40.869198,40.06252],[40.87015,40.054049],[40.872244,40.03825],[40.872815,40.033872],[40.87291,40.029208],[40.872434,40.024068],[40.871673,40.018643],[40.870245,40.013694],[40.869293,40.011124],[40.867009,40.002748],[40.866628,39.995324],[40.867009,39.991327],[40.867771,39.987329],[40.868532,39.983998],[40.869293,39.980762],[40.870436,39.977716],[40.873291,39.973624],[40.882333,39.965914],[40.888519,39.960394],[40.897181,39.951161],[40.90232,39.94212],[40.903367,39.936218],[40.902796,39.932792],[40.902035,39.929366],[40.901083,39.926891],[40.899275,39.921847],[40.897752,39.918039],[40.897466,39.913376],[40.896895,39.909093],[40.89699,39.905285],[40.897847,39.898147],[40.898989,39.889676],[40.901083,39.884537],[40.903843,39.880254],[40.905747,39.875495],[40.907936,39.87283],[40.911838,39.869784],[40.914694,39.867309],[40.917549,39.864739],[40.919357,39.861123],[40.920975,39.857887],[40.921261,39.854841],[40.921546,39.852366],[40.922784,39.848845],[40.923355,39.847227],[40.923069,39.845038],[40.921642,39.84361],[40.920024,39.843039],[40.917834,39.842182],[40.915265,39.840659],[40.914313,39.839327],[40.913171,39.83571],[40.912695,39.832855],[40.912409,39.829333],[40.911933,39.826097],[40.911838,39.824479],[40.912504,39.82229],[40.91279,39.820291],[40.914313,39.817436],[40.916597,39.814009],[40.919357,39.808584],[40.920785,39.805063],[40.921261,39.802112],[40.92069,39.799447],[40.919928,39.797639],[40.918405,39.795545],[40.916978,39.792975],[40.914884,39.789644],[40.914122,39.786598],[40.914503,39.780221],[40.916121,39.769275],[40.918025,39.762613],[40.920785,39.757664],[40.922213,39.753952],[40.923491,39.747792]]]}},{"type":"Feature","properties":{"id":"TR-D-25-002","parent_id":"TR-P-25","region_id":"TR-R-DOA","level":"district","municipality_type":null,"municipality_type_label":null,"is_metropolitan_municipality":null,"name":"Aziziye","name_ascii":"aziziye","slug":"aziziye-erzurum"},"geometry":{"type":"Polygon","coordinates":[[[40.709963,40.218582],[40.716699,40.221538],[40.72176,40.223804],[40.725461,40.226222],[40.72871,40.227506],[40.733846,40.229319],[40.738606,40.230301],[40.744951,40.231585],[40.750466,40.234003],[40.756282,40.23778],[40.759606,40.240726],[40.76293,40.242614],[40.766783,40.244201],[40.770031,40.245938],[40.772902,40.248204],[40.776225,40.250471],[40.780456,40.252888],[40.786575,40.254248],[40.795866,40.255079],[40.800852,40.25659],[40.803723,40.258629],[40.805913,40.260593],[40.807349,40.261046],[40.811579,40.261424],[40.816867,40.260971],[40.821777,40.259687],[40.825327,40.258403],[40.830842,40.254625],[40.833864,40.253115],[40.840889,40.250999],[40.847537,40.250999],[40.853127,40.251075],[40.859019,40.252208],[40.864685,40.253719],[40.868386,40.255003],[40.872541,40.256741],[40.876318,40.258327],[40.878584,40.259838],[40.880171,40.261726],[40.883495,40.265277],[40.885987,40.268072],[40.888556,40.269885],[40.893466,40.271094],[40.906081,40.276533],[40.912125,40.279932],[40.918168,40.281896],[40.921567,40.2825],[40.930708,40.28386],[40.934863,40.28386],[40.941435,40.284615],[40.948385,40.284615],[40.952464,40.284842],[40.955561,40.285522],[40.95881,40.285749],[40.963191,40.285824],[40.96795,40.284918],[40.972709,40.283633],[40.97626,40.282349],[40.982152,40.280234],[40.988875,40.277439],[40.995447,40.274417],[41.003832,40.271924],[41.010782,40.271169],[41.018563,40.271773],[41.021962,40.273662],[41.024908,40.275173],[41.029592,40.276533],[41.033973,40.27691],[41.038808,40.277666],[41.044323,40.278572],[41.052632,40.280385],[41.068572,40.286428],[41.070536,40.287788],[41.074162,40.293076],[41.077637,40.299346],[41.080809,40.304407],[41.083529,40.310753],[41.085946,40.315663],[41.088137,40.317627],[41.09282,40.32012],[41.099015,40.322311],[41.104756,40.323595],[41.108458,40.323822],[41.112688,40.324879],[41.116389,40.326012],[41.123717,40.328279],[41.132253,40.33198],[41.138296,40.334851],[41.139732,40.335228],[41.141847,40.334397],[41.148344,40.331678],[41.152196,40.329412],[41.155596,40.326919],[41.159448,40.32639],[41.164736,40.326541],[41.166927,40.326617],[41.167635,40.326546],[41.168438,40.326466],[41.171233,40.325181],[41.172668,40.324048],[41.173726,40.322009],[41.174859,40.319818],[41.175841,40.318383],[41.178182,40.317023],[41.180222,40.316041],[41.183697,40.314001],[41.187247,40.311962],[41.191251,40.309695],[41.194575,40.307202],[41.196237,40.305238],[41.197521,40.303728],[41.197672,40.301839],[41.197748,40.299271],[41.197672,40.297533],[41.196917,40.294663],[41.196841,40.292698],[41.198277,40.289072],[41.199561,40.28658],[41.200467,40.283407],[41.200921,40.280687],[41.201525,40.279554],[41.203791,40.278043],[41.205831,40.276835],[41.207039,40.275626],[41.207342,40.274493],[41.207266,40.272],[41.206662,40.269885],[41.206662,40.267543],[41.207644,40.266032],[41.210439,40.264672],[41.215122,40.263313],[41.218975,40.263917],[41.220335,40.263917],[41.221317,40.263464],[41.222374,40.261877],[41.224036,40.260064],[41.225698,40.258176],[41.227133,40.256438],[41.22872,40.255456],[41.231893,40.255003],[41.235443,40.254248],[41.239598,40.253417],[41.241864,40.25251],[41.245339,40.250622],[41.251307,40.248431],[41.253195,40.247071],[41.255688,40.245107],[41.256217,40.24405],[41.256821,40.242388],[41.257577,40.238384],[41.257123,40.237402],[41.255688,40.235816],[41.253875,40.233776],[41.252213,40.230754],[41.250929,40.227128],[41.250249,40.224787],[41.250098,40.222974],[41.25031,40.222065],[41.231955,40.220671],[41.217149,40.219242],[41.200302,40.216587],[41.191623,40.214443],[41.186518,40.213013],[41.182434,40.211686],[41.178043,40.209133],[41.172019,40.206581],[41.167833,40.205253],[41.162421,40.204028],[41.156091,40.201271],[41.150373,40.198719],[41.139958,40.190652],[41.135465,40.187181],[41.132811,40.183097],[41.129135,40.177889],[41.125357,40.170538],[41.12403,40.16727],[41.123315,40.162267],[41.123315,40.158285],[41.123213,40.154201],[41.122907,40.150117],[41.122498,40.147054],[41.122192,40.143071],[41.121988,40.138885],[41.121681,40.133269],[41.121375,40.127245],[41.121375,40.123672],[41.121069,40.119485],[41.120967,40.11632],[41.12015,40.113869],[41.119333,40.112338],[41.117801,40.109275],[41.116984,40.104884],[41.116576,40.101617],[41.116576,40.097737],[41.116474,40.096001],[41.118005,40.090896],[41.11872,40.085688],[41.119537,40.075682],[41.116984,40.062306],[41.115044,40.055874],[41.111164,40.050462],[41.106366,40.04015],[41.105753,40.036372],[41.10514,40.030654],[41.106468,40.026672],[41.108918,40.022485],[41.110858,40.020341],[41.123417,40.014419],[41.131585,40.011662],[41.139754,40.00962],[41.145778,40.008293],[41.155172,40.006149],[41.160992,40.003086],[41.164974,39.998797],[41.167833,39.994713],[41.169773,39.989608],[41.171304,39.980214],[41.170794,39.973577],[41.169671,39.970412],[41.167935,39.969289],[41.165995,39.969085],[41.162932,39.969697],[41.160992,39.969697],[41.15946,39.969595],[41.158337,39.969085],[41.158235,39.968268],[41.157316,39.967655],[41.155274,39.967349],[41.152925,39.967145],[41.151394,39.967553],[41.149862,39.967961],[41.148535,39.96837],[41.147412,39.968166],[41.147003,39.967247],[41.145778,39.966634],[41.144246,39.966634],[41.142715,39.966634],[41.140469,39.96694],[41.139345,39.967042],[41.138222,39.964796],[41.13812,39.959793],[41.138222,39.955709],[41.139039,39.952135],[41.140469,39.949072],[41.143021,39.946928],[41.152211,39.945192],[41.186416,39.938249],[41.193767,39.936615],[41.205407,39.930285],[41.2099,39.925792],[41.211329,39.921402],[41.211227,39.917419],[41.209696,39.909557],[41.207578,39.907681],[41.206568,39.906869],[41.205787,39.906338],[41.204858,39.905886],[41.20416,39.905607],[41.203266,39.90538],[41.202324,39.904969],[41.202131,39.904736],[41.201535,39.903085],[41.201334,39.90207],[41.201286,39.901635],[41.201447,39.901394],[41.201785,39.900717],[41.201926,39.900311],[41.202115,39.899848],[41.202359,39.899462],[41.202547,39.899114],[41.203755,39.89695],[41.204761,39.894586],[41.205264,39.89363],[41.206824,39.891416],[41.208585,39.888699],[41.209742,39.88719],[41.211201,39.885781],[41.211805,39.885228],[41.212056,39.884574],[41.212409,39.883668],[41.213515,39.881857],[41.214723,39.879391],[41.215478,39.877731],[41.215578,39.876976],[41.215276,39.876624],[41.213163,39.875467],[41.211151,39.87441],[41.210899,39.874008],[41.212207,39.8728],[41.21422,39.870738],[41.214824,39.86953],[41.215025,39.868876],[41.215944,39.868724],[41.215392,39.868039],[41.214511,39.867084],[41.213923,39.866515],[41.213189,39.866038],[41.212198,39.865488],[41.207977,39.863414],[41.204398,39.861578],[41.203187,39.861009],[41.201847,39.860642],[41.200452,39.860349],[41.198121,39.859872],[41.196868,39.859523],[41.195259,39.859015],[41.192888,39.857744],[41.189501,39.856051],[41.185691,39.853342],[41.180103,39.849278],[41.173075,39.843943],[41.169435,39.841319],[41.167572,39.83954],[41.166133,39.837508],[41.163423,39.834037],[41.161984,39.831836],[41.161222,39.829634],[41.160121,39.827179],[41.158851,39.825485],[41.157581,39.824469],[41.156057,39.823453],[41.153263,39.821844],[41.150045,39.820066],[41.148183,39.819135],[41.146235,39.818627],[41.144457,39.818288],[41.142764,39.818204],[41.140986,39.818458],[41.138615,39.818712],[41.136752,39.818712],[41.134635,39.818204],[41.132773,39.817526],[41.130063,39.816341],[41.1271,39.815071],[41.123374,39.813293],[41.118971,39.812531],[41.115077,39.812531],[41.107372,39.812954],[41.101868,39.813462],[41.096873,39.814309],[41.092046,39.815579],[41.087644,39.816595],[41.081547,39.817272],[41.075197,39.818204],[41.069101,39.81795],[41.060549,39.817696],[41.050473,39.816425],[41.048778,39.818198],[41.044781,39.820767],[41.038689,39.823908],[41.033549,39.827144],[41.029112,39.829783],[41.024063,39.834564],[41.019754,39.839142],[41.015714,39.843316],[41.01255,39.848096],[41.010463,39.850857],[41.007096,39.855502],[41.003191,39.859946],[41.001104,39.862572],[40.99794,39.865938],[40.995684,39.869124],[40.992351,39.869507],[40.987185,39.870339],[40.970433,39.871767],[40.964152,39.872338],[40.948733,39.872338],[40.93379,39.873765],[40.92589,39.874241],[40.91523,39.875003],[40.905747,39.875495],[40.903843,39.880254],[40.901083,39.884537],[40.898989,39.889676],[40.897847,39.898147],[40.89699,39.905285],[40.896895,39.909093],[40.897466,39.913376],[40.897752,39.918039],[40.899275,39.921847],[40.901083,39.926891],[40.902035,39.929366],[40.902796,39.932792],[40.903367,39.936218],[40.90232,39.94212],[40.897181,39.951161],[40.888519,39.960394],[40.882333,39.965914],[40.873291,39.973624],[40.870436,39.977716],[40.869293,39.980762],[40.868532,39.983998],[40.867771,39.987329],[40.867009,39.991327],[40.866628,39.995324],[40.867009,40.002748],[40.869293,40.011124],[40.870245,40.013694],[40.871673,40.018643],[40.872434,40.024068],[40.87291,40.029208],[40.872815,40.033872],[40.872244,40.03825],[40.87015,40.054049],[40.869198,40.06252],[40.868151,40.06785],[40.866724,40.071562],[40.86463,40.076416],[40.858729,40.085173],[40.853494,40.089551],[40.850353,40.092216],[40.846926,40.094024],[40.843595,40.095071],[40.837885,40.095357],[40.834077,40.095452],[40.823988,40.096023],[40.819896,40.096309],[40.81704,40.096689],[40.813519,40.09688],[40.803906,40.097546],[40.796672,40.097927],[40.789534,40.098022],[40.785727,40.097831],[40.781444,40.096975],[40.777446,40.095262],[40.774305,40.094024],[40.764407,40.090883],[40.74994,40.087647],[40.7448,40.085649],[40.739946,40.081746],[40.735758,40.077939],[40.731761,40.0728],[40.728429,40.068136],[40.726906,40.066232],[40.725669,40.064995],[40.722433,40.063758],[40.720149,40.063377],[40.717198,40.063377],[40.713296,40.064233],[40.708727,40.064614],[40.705967,40.063853],[40.702636,40.062235],[40.698924,40.060046],[40.696259,40.057856],[40.692166,40.05462],[40.689121,40.05167],[40.684552,40.047958],[40.681887,40.04634],[40.680364,40.045769],[40.673607,40.045769],[40.667039,40.047006],[40.656189,40.05167],[40.642102,40.058999],[40.639723,40.060902],[40.638105,40.062901],[40.634393,40.07023],[40.633251,40.074513],[40.631823,40.076987],[40.629539,40.078986],[40.611206,40.0976],[40.612101,40.098006],[40.621053,40.102812],[40.637826,40.11035],[40.643103,40.113837],[40.648851,40.115156],[40.652054,40.116192],[40.656201,40.116569],[40.659687,40.117135],[40.664022,40.117983],[40.667979,40.119773],[40.674292,40.124296],[40.677591,40.1275],[40.680417,40.131081],[40.683433,40.135698],[40.687108,40.140692],[40.690217,40.14644],[40.692479,40.15068],[40.695211,40.155957],[40.697096,40.163213],[40.699263,40.172259],[40.703975,40.183849],[40.705859,40.18856],[40.708498,40.192989],[40.7101,40.196947],[40.712549,40.203072],[40.712644,40.210139],[40.712078,40.214096],[40.709963,40.218582]]]}},{"type":"Feature","properties":{"id":"TR-D-25-003","parent_id":"TR-P-25","region_id":"TR-R-DOA","level":"district","municipality_type":null,"municipality_type_label":null,"is_metropolitan_municipality":null,"name":"Çat","name_ascii":"cat","slug":"cat-erzurum"},"geometry":{"type":"Polygon","coordinates":[[[41.151298,39.406024],[41.15081,39.406426],[41.149455,39.409306],[41.146914,39.418286],[41.143101,39.426334],[41.13895,39.429638],[41.134969,39.431586],[41.128361,39.433111],[41.116247,39.433619],[41.108114,39.433196],[41.098118,39.432603],[41.090578,39.432687],[41.087105,39.432942],[41.07355,39.436161],[41.066942,39.437855],[41.060504,39.438956],[41.055591,39.43938],[41.051016,39.438533],[41.042629,39.436669],[41.033819,39.437093],[41.025432,39.438279],[41.02145,39.438363],[41.016113,39.439126],[41.00959,39.440735],[41.002898,39.441498],[41.000102,39.441837],[40.992732,39.442769],[40.983667,39.444971],[40.96952,39.449122],[40.962997,39.450393],[40.953678,39.450817],[40.952238,39.450817],[40.941987,39.448699],[40.933431,39.445988],[40.926061,39.443446],[40.920385,39.441583],[40.915641,39.441159],[40.906153,39.442345],[40.899884,39.443192],[40.893615,39.444293],[40.886923,39.445564],[40.880569,39.446581],[40.874808,39.447174],[40.86549,39.447428],[40.862186,39.447428],[40.847954,39.442853],[40.839228,39.437601],[40.830926,39.43201],[40.826944,39.428452],[40.815508,39.419641],[40.814237,39.418371],[40.804664,39.414474],[40.795854,39.412949],[40.778063,39.410916],[40.762137,39.411],[40.750023,39.411],[40.736892,39.412271],[40.73308,39.412695],[40.726726,39.412186],[40.722914,39.410831],[40.717068,39.409391],[40.711731,39.408628],[40.704022,39.409814],[40.698601,39.410746],[40.693602,39.412271],[40.689282,39.413542],[40.686063,39.413627],[40.679879,39.413627],[40.670645,39.414728],[40.665053,39.415406],[40.662088,39.416422],[40.657937,39.416846],[40.655819,39.41693],[40.650567,39.415999],[40.641841,39.413711],[40.635657,39.412949],[40.630828,39.413457],[40.628626,39.41405],[40.626847,39.415744],[40.625152,39.418371],[40.623289,39.421929],[40.621086,39.423708],[40.617443,39.427266],[40.610243,39.431078],[40.603804,39.433704],[40.598213,39.435144],[40.592707,39.436246],[40.588979,39.439295],[40.587031,39.441921],[40.585675,39.444971],[40.585845,39.445818],[40.586861,39.448953],[40.589487,39.452596],[40.594147,39.456747],[40.59601,39.459542],[40.597196,39.462846],[40.598467,39.466489],[40.598637,39.469962],[40.598298,39.471741],[40.59762,39.474876],[40.597281,39.480552],[40.597451,39.486566],[40.597874,39.488938],[40.598721,39.493005],[40.601517,39.502916],[40.602788,39.508762],[40.607362,39.517487],[40.610869,39.522228],[40.613232,39.52175],[40.620299,39.520393],[40.63015,39.518252],[40.633291,39.517609],[40.637859,39.516895],[40.643427,39.517895],[40.65285,39.518966],[40.657204,39.519465],[40.665509,39.519917],[40.674836,39.521059],[40.682736,39.522106],[40.686733,39.522202],[40.692349,39.522011],[40.702914,39.522011],[40.709196,39.522106],[40.715668,39.521821],[40.721949,39.521821],[40.726042,39.522011],[40.735465,39.521345],[40.740129,39.521345],[40.745268,39.522582],[40.752692,39.524771],[40.754405,39.527817],[40.755072,39.532005],[40.755262,39.534194],[40.752216,39.537906],[40.74365,39.542951],[40.737749,39.547234],[40.733656,39.549423],[40.731087,39.550089],[40.72747,39.549994],[40.720236,39.549327],[40.71405,39.550565],[40.709576,39.552278],[40.706245,39.554562],[40.702248,39.55875],[40.697108,39.562843],[40.694824,39.565127],[40.691207,39.568649],[40.68759,39.572265],[40.681499,39.575692],[40.677596,39.57731],[40.672647,39.579975],[40.669411,39.58283],[40.665223,39.588636],[40.663605,39.592538],[40.662558,39.596726],[40.662653,39.601105],[40.66351,39.605959],[40.664366,39.609766],[40.668078,39.614144],[40.671695,39.617951],[40.673313,39.619379],[40.677691,39.628135],[40.680832,39.637463],[40.682546,39.644125],[40.683307,39.649931],[40.683402,39.655451],[40.682736,39.659163],[40.681213,39.660781],[40.678643,39.66278],[40.672552,39.667063],[40.667317,39.670204],[40.6637,39.672012],[40.65799,39.673916],[40.652279,39.674868],[40.649043,39.674868],[40.639525,39.675724],[40.632862,39.677533],[40.62877,39.679912],[40.623725,39.682672],[40.618681,39.685528],[40.606308,39.693332],[40.601454,39.696378],[40.600781,39.696993],[40.611115,39.697538],[40.61911,39.699156],[40.62187,39.699727],[40.627771,39.700774],[40.634148,39.702963],[40.637765,39.704867],[40.639764,39.706009],[40.644237,39.707151],[40.651566,39.708008],[40.657657,39.710007],[40.662131,39.712101],[40.665272,39.712862],[40.668698,39.713052],[40.673267,39.713814],[40.6805,39.714099],[40.685164,39.714575],[40.688971,39.715432],[40.692017,39.715432],[40.698203,39.716384],[40.704675,39.716955],[40.708197,39.716955],[40.714669,39.716669],[40.723235,39.716384],[40.735989,39.716764],[40.740843,39.716669],[40.743889,39.716288],[40.747601,39.715241],[40.751789,39.713148],[40.756167,39.711054],[40.760736,39.70896],[40.764923,39.707532],[40.779391,39.704201],[40.789765,39.70401],[40.804803,39.705343],[40.814702,39.706866],[40.822411,39.707913],[40.849442,39.71172],[40.861434,39.71429],[40.869429,39.716859],[40.874474,39.719715],[40.878566,39.723046],[40.882183,39.726568],[40.886657,39.731517],[40.890749,39.736276],[40.895413,39.740654],[40.899315,39.744176],[40.902837,39.745127],[40.910737,39.747507],[40.91759,39.747983],[40.923491,39.747792],[40.927203,39.746936],[40.929201,39.745603],[40.932437,39.742177],[40.93672,39.737894],[40.939481,39.733992],[40.942717,39.73028],[40.945382,39.726758],[40.950331,39.721523],[40.953567,39.718478],[40.956232,39.716955],[40.957945,39.716669],[40.964132,39.716669],[40.970985,39.716479],[40.975553,39.716859],[40.980883,39.716764],[40.98707,39.716193],[40.99259,39.715813],[40.997064,39.715622],[41.001632,39.715717],[41.003631,39.716764],[41.005249,39.718002],[41.006962,39.719049],[41.013054,39.724188],[41.015433,39.727234],[41.017051,39.729518],[41.019906,39.731898],[41.023523,39.734277],[41.027235,39.734277],[41.036182,39.735895],[41.042559,39.73599],[41.048746,39.73599],[41.053124,39.73599],[41.057312,39.736371],[41.06169,39.736371],[41.066354,39.737513],[41.071588,39.738179],[41.080345,39.73856],[41.086817,39.73856],[41.094526,39.739607],[41.100903,39.74094],[41.103188,39.741701],[41.106138,39.742843],[41.108042,39.744176],[41.110136,39.745127],[41.11242,39.745794],[41.114609,39.746079],[41.118321,39.746555],[41.12308,39.746841],[41.125935,39.747126],[41.130028,39.748364],[41.135548,39.749411],[41.138689,39.749982],[41.140402,39.749982],[41.14183,39.749982],[41.144019,39.749125],[41.146399,39.748364],[41.149444,39.748078],[41.15525,39.747126],[41.15801,39.746174],[41.162293,39.743985],[41.164102,39.743605],[41.166101,39.743985],[41.167909,39.744842],[41.170384,39.74646],[41.172573,39.748268],[41.176475,39.751885],[41.178569,39.754074],[41.181234,39.757691],[41.183328,39.760166],[41.184756,39.761498],[41.18723,39.761974],[41.190371,39.762164],[41.192084,39.761784],[41.194844,39.760356],[41.197605,39.75988],[41.201126,39.759785],[41.206742,39.760261],[41.209502,39.760451],[41.21093,39.760832],[41.212928,39.761784],[41.214356,39.763878],[41.215974,39.765305],[41.218829,39.767304],[41.224826,39.768922],[41.229489,39.769493],[41.237484,39.770445],[41.247259,39.769781],[41.255635,39.768924],[41.27448,39.76683],[41.274005,39.762167],[41.272958,39.756646],[41.271815,39.751602],[41.270197,39.746653],[41.268008,39.740276],[41.265438,39.735136],[41.260013,39.726284],[41.257637,39.723142],[41.255921,39.720669],[41.254303,39.716957],[41.252304,39.711532],[41.243643,39.694495],[41.241834,39.690973],[41.239835,39.688118],[41.23422,39.681455],[41.230889,39.677934],[41.22908,39.676316],[41.227367,39.675174],[41.216231,39.673936],[41.21271,39.673556],[41.209188,39.673556],[41.206523,39.672984],[41.204048,39.671652],[41.201193,39.668987],[41.198052,39.666798],[41.193959,39.663657],[41.189486,39.660135],[41.18073,39.654805],[41.172544,39.650142],[41.169308,39.647381],[41.167881,39.645478],[41.166453,39.643098],[41.165596,39.640529],[41.163883,39.637768],[41.161504,39.634723],[41.158268,39.632058],[41.15665,39.63063],[41.154746,39.627679],[41.152938,39.624253],[41.149511,39.62016],[41.142468,39.615116],[41.136757,39.612261],[41.123527,39.605979],[41.118578,39.603123],[41.114485,39.600078],[41.111059,39.596461],[41.108299,39.591702],[41.1063,39.587514],[41.103159,39.582279],[41.099923,39.57752],[41.096402,39.571905],[41.095355,39.56667],[41.095069,39.560579],[41.09545,39.556676],[41.096877,39.553631],[41.098305,39.551632],[41.099352,39.549919],[41.100114,39.547634],[41.099828,39.545636],[41.09802,39.543351],[41.096592,39.541353],[41.096116,39.539164],[41.096306,39.537355],[41.096687,39.534309],[41.096877,39.531264],[41.09802,39.528218],[41.100114,39.524601],[41.103921,39.519938],[41.109155,39.514798],[41.113724,39.510229],[41.116579,39.506613],[41.119625,39.499093],[41.125431,39.485578],[41.128953,39.475299],[41.129524,39.471111],[41.129238,39.467018],[41.129809,39.4654],[41.13276,39.461688],[41.135805,39.459214],[41.143705,39.455311],[41.14875,39.454169],[41.156745,39.45217],[41.161218,39.451314],[41.165787,39.450648],[41.168356,39.449886],[41.169499,39.448744],[41.171021,39.447983],[41.17283,39.447697],[41.173686,39.447507],[41.174448,39.44684],[41.175209,39.446269],[41.177113,39.445984],[41.177779,39.446269],[41.178541,39.446174],[41.179302,39.445508],[41.179873,39.443985],[41.180349,39.441796],[41.180444,39.438845],[41.180159,39.437132],[41.179016,39.434277],[41.176447,39.431612],[41.173115,39.425711],[41.171402,39.420762],[41.168452,39.417145],[41.166738,39.415717],[41.151298,39.406024]]]}},{"type":"Feature","properties":{"id":"TR-D-25-004","parent_id":"TR-P-25","region_id":"TR-R-DOA","level":"district","municipality_type":null,"municipality_type_label":null,"is_metropolitan_municipality":null,"name":"Hınıs","name_ascii":"hinis","slug":"hinis-erzurum"},"geometry":{"type":"Polygon","coordinates":[[[41.791863,39.169881],[41.790586,39.169714],[41.787802,39.1695],[41.783947,39.169429],[41.77581,39.167573],[41.770741,39.166359],[41.763817,39.165003],[41.759605,39.164146],[41.753752,39.163432],[41.747256,39.16229],[41.741974,39.161505],[41.737548,39.161434],[41.733051,39.161505],[41.725769,39.162362],[41.720987,39.162933],[41.71806,39.162933],[41.712278,39.162861],[41.706496,39.162147],[41.699929,39.161505],[41.693147,39.160363],[41.688222,39.159007],[41.683225,39.157579],[41.675158,39.156651],[41.668662,39.156151],[41.663951,39.155509],[41.661239,39.155723],[41.658811,39.156223],[41.656242,39.156294],[41.655028,39.155652],[41.652316,39.154438],[41.649317,39.154224],[41.647033,39.154866],[41.64275,39.156437],[41.638396,39.157008],[41.635754,39.156936],[41.632756,39.156294],[41.627331,39.155366],[41.623548,39.15508],[41.61955,39.15558],[41.615981,39.157508],[41.612341,39.160648],[41.609914,39.163504],[41.609271,39.165574],[41.608771,39.167144],[41.607201,39.17257],[41.605702,39.177424],[41.604703,39.181778],[41.603775,39.186989],[41.602989,39.191201],[41.602632,39.194413],[41.60199,39.200481],[41.60199,39.203193],[41.602561,39.208618],[41.603489,39.212973],[41.604274,39.21697],[41.606273,39.220468],[41.61027,39.223752],[41.615125,39.227035],[41.620835,39.230961],[41.624476,39.232175],[41.626903,39.236672],[41.627759,39.240884],[41.627545,39.245381],[41.626046,39.249164],[41.624833,39.251591],[41.621692,39.254375],[41.618265,39.256446],[41.614553,39.257445],[41.610199,39.257445],[41.604845,39.257017],[41.599491,39.25773],[41.596779,39.258301],[41.583073,39.262085],[41.557589,39.270151],[41.550522,39.273506],[41.541076,39.27729],[41.53803,39.278337],[41.530892,39.281573],[41.523848,39.285856],[41.516996,39.290329],[41.510619,39.294707],[41.500435,39.299942],[41.480637,39.309079],[41.475117,39.311649],[41.460269,39.316598],[41.446659,39.320501],[41.433239,39.324213],[41.426291,39.32526],[41.419342,39.327258],[41.414393,39.328305],[41.406398,39.329067],[41.394882,39.329447],[41.382345,39.330242],[41.38294,39.335669],[41.383321,39.338334],[41.383892,39.34157],[41.384939,39.347852],[41.384844,39.351088],[41.384273,39.354895],[41.383702,39.357275],[41.382845,39.359654],[41.38275,39.365175],[41.383416,39.369553],[41.385891,39.373455],[41.388175,39.376025],[41.389507,39.380023],[41.388746,39.386875],[41.38808,39.392967],[41.386842,39.400105],[41.386367,39.40258],[41.386271,39.408005],[41.387128,39.414287],[41.388841,39.418379],[41.392172,39.42152],[41.397883,39.425803],[41.412065,39.432466],[41.417204,39.435416],[41.421011,39.436844],[41.427864,39.440746],[41.435859,39.445315],[41.445377,39.448361],[41.447852,39.449408],[41.453277,39.450264],[41.455847,39.45055],[41.460986,39.451311],[41.465365,39.451977],[41.468791,39.4535],[41.473455,39.455975],[41.475739,39.457022],[41.477452,39.457403],[41.482782,39.457307],[41.488969,39.456641],[41.496583,39.455404],[41.499724,39.454642],[41.505435,39.452929],[41.510194,39.452073],[41.518093,39.452929],[41.524375,39.453595],[41.531704,39.455213],[41.539318,39.457403],[41.545505,39.461019],[41.551501,39.464351],[41.559306,39.467587],[41.566063,39.470537],[41.570061,39.472917],[41.572639,39.475975],[41.574923,39.478735],[41.576731,39.4814],[41.579777,39.48397],[41.582157,39.48635],[41.585488,39.488158],[41.591103,39.490728],[41.594339,39.492346],[41.598813,39.494535],[41.603096,39.496534],[41.606237,39.499389],[41.609187,39.50272],[41.611281,39.506528],[41.613565,39.511953],[41.614898,39.516521],[41.614803,39.519377],[41.615183,39.524231],[41.615755,39.529085],[41.616421,39.532226],[41.619562,39.537746],[41.624511,39.54536],[41.629365,39.553451],[41.632125,39.557162],[41.635742,39.56116],[41.643927,39.567347],[41.649924,39.569345],[41.651637,39.569536],[41.657443,39.570107],[41.667532,39.570297],[41.670006,39.569536],[41.675336,39.567156],[41.680381,39.564872],[41.685711,39.561255],[41.691802,39.55583],[41.693896,39.551928],[41.695419,39.547835],[41.696371,39.543742],[41.696656,39.538888],[41.696942,39.536128],[41.694657,39.528038],[41.692564,39.522708],[41.690946,39.518806],[41.689899,39.516141],[41.690374,39.51062],[41.691612,39.507194],[41.693991,39.502911],[41.696276,39.500246],[41.699226,39.498057],[41.702272,39.495487],[41.704842,39.494725],[41.707887,39.496248],[41.713312,39.500626],[41.718833,39.505956],[41.722164,39.509859],[41.724639,39.512809],[41.725876,39.513571],[41.727304,39.513761],[41.733776,39.512904],[41.73863,39.511572],[41.742152,39.509954],[41.74691,39.508907],[41.755286,39.508336],[41.760235,39.508431],[41.766803,39.508336],[41.773656,39.507479],[41.784887,39.505861],[41.792215,39.505481],[41.80259,39.505956],[41.813059,39.506813],[41.818485,39.506432],[41.826765,39.506337],[41.834094,39.506528],[41.840566,39.504719],[41.844754,39.503387],[41.848371,39.502245],[41.851036,39.500055],[41.854748,39.497105],[41.858174,39.494535],[41.859697,39.492251],[41.86141,39.489586],[41.865312,39.486064],[41.867977,39.483399],[41.871118,39.480449],[41.875497,39.478069],[41.881017,39.477403],[41.884919,39.477498],[41.890249,39.477022],[41.902718,39.474738],[41.913853,39.473025],[41.916233,39.47293],[41.919659,39.472168],[41.924133,39.471216],[41.92813,39.470265],[41.930319,39.469598],[41.932318,39.468171],[41.933841,39.466172],[41.935364,39.464649],[41.937458,39.463602],[41.940028,39.462936],[41.944596,39.461508],[41.949545,39.458843],[41.957826,39.456559],[41.963251,39.455988],[41.971532,39.455702],[41.975244,39.455988],[41.980002,39.456844],[41.982884,39.456629],[41.9865,39.448443],[41.989641,39.441019],[41.991354,39.435309],[41.990974,39.431597],[41.990117,39.428266],[41.987928,39.423887],[41.984787,39.419509],[41.982598,39.416368],[41.979362,39.414941],[41.971843,39.412656],[41.966894,39.410848],[41.960231,39.409896],[41.95433,39.408183],[41.949761,39.40647],[41.943321,39.403456],[41.936944,39.399649],[41.930282,39.396032],[41.927046,39.393462],[41.923048,39.388703],[41.922287,39.384039],[41.922572,39.379566],[41.922953,39.372713],[41.923429,39.362814],[41.923619,39.353773],[41.922667,39.347776],[41.919526,39.339496],[41.916195,39.334261],[41.912578,39.329788],[41.906773,39.321602],[41.903727,39.314273],[41.903156,39.307611],[41.904393,39.303518],[41.907915,39.298855],[41.912007,39.292192],[41.915339,39.283721],[41.917813,39.277059],[41.921049,39.269635],[41.922191,39.262687],[41.921716,39.257166],[41.919431,39.251551],[41.917337,39.248981],[41.914196,39.247078],[41.910199,39.244317],[41.902775,39.239939],[41.894495,39.236513],[41.88431,39.231563],[41.875935,39.227947],[41.869367,39.223664],[41.86556,39.218524],[41.863752,39.21348],[41.862705,39.207483],[41.862515,39.200916],[41.862229,39.19492],[41.861087,39.189495],[41.860594,39.184168],[41.859971,39.184205],[41.848835,39.184276],[41.842553,39.184419],[41.837842,39.184419],[41.832488,39.183991],[41.829062,39.183134],[41.825921,39.181492],[41.822994,39.179779],[41.819568,39.178994],[41.814071,39.178994],[41.809146,39.179065],[41.80679,39.178994],[41.80422,39.178423],[41.80265,39.176995],[41.801508,39.175496],[41.800009,39.173141],[41.79851,39.171784],[41.796154,39.170714],[41.79387,39.170142],[41.791863,39.169881]]]}},{"type":"Feature","properties":{"id":"TR-D-25-005","parent_id":"TR-P-25","region_id":"TR-R-DOA","level":"district","municipality_type":null,"municipality_type_label":null,"is_metropolitan_municipality":null,"name":"Horasan","name_ascii":"horasan","slug":"horasan-erzurum"},"geometry":{"type":"Polygon","coordinates":[[[42.068885,39.820003],[42.067363,39.820612],[42.064222,39.823467],[42.061652,39.826703],[42.059463,39.830511],[42.058036,39.834223],[42.056227,39.839267],[42.054704,39.843455],[42.052706,39.84869],[42.051468,39.853544],[42.051088,39.859445],[42.051088,39.863442],[42.051373,39.866393],[42.051849,39.868582],[42.05242,39.87039],[42.054609,39.873817],[42.056227,39.877529],[42.057369,39.880765],[42.057274,39.885238],[42.056513,39.888474],[42.054609,39.892567],[42.051373,39.897802],[42.0469,39.90199],[42.042617,39.905511],[42.038143,39.908367],[42.034431,39.911412],[42.0311,39.915695],[42.028435,39.920549],[42.027007,39.923024],[42.025199,39.928068],[42.024628,39.932542],[42.023105,39.93949],[42.021868,39.948722],[42.021297,39.954623],[42.02044,39.961762],[42.018917,39.967568],[42.015015,39.975372],[42.012826,39.978989],[42.011017,39.981083],[42.009495,39.982891],[42.00702,39.984033],[42.004069,39.985271],[41.999025,39.987269],[41.994932,39.989934],[41.991411,39.993646],[41.989126,39.997834],[41.985605,40.003735],[41.982274,40.009351],[41.980084,40.014586],[41.978752,40.018298],[41.978371,40.01982],[41.976563,40.022295],[41.97247,40.025341],[41.968092,40.028291],[41.962952,40.0301],[41.956861,40.031242],[41.950389,40.032194],[41.943441,40.033431],[41.93478,40.038],[41.92688,40.041426],[41.923644,40.04371],[41.920884,40.046375],[41.91898,40.049707],[41.916981,40.05399],[41.914887,40.058273],[41.913364,40.062556],[41.912698,40.068171],[41.911842,40.074072],[41.91089,40.080068],[41.910033,40.086636],[41.909081,40.091585],[41.90832,40.097201],[41.90813,40.101959],[41.90832,40.104339],[41.909843,40.107861],[41.910509,40.110906],[41.911746,40.114047],[41.912603,40.117664],[41.912698,40.124802],[41.912793,40.127848],[41.913269,40.13451],[41.913269,40.138032],[41.913935,40.143838],[41.914602,40.148121],[41.914602,40.150025],[41.915363,40.154593],[41.915926,40.15835],[41.919271,40.158417],[41.928408,40.158703],[41.933357,40.15975],[41.938021,40.162795],[41.942113,40.168696],[41.944874,40.175454],[41.946872,40.180403],[41.9483,40.185543],[41.950394,40.192872],[41.952678,40.197345],[41.954867,40.200391],[41.960864,40.20553],[41.966669,40.208767],[41.969334,40.211241],[41.972951,40.214287],[41.978947,40.218951],[41.981041,40.220854],[41.986657,40.225232],[41.992177,40.230753],[41.997031,40.234941],[42.002076,40.237986],[42.007406,40.240271],[42.012831,40.242269],[42.02035,40.245315],[42.024538,40.246267],[42.03082,40.248741],[42.038529,40.251978],[42.042146,40.254357],[42.049094,40.25845],[42.05785,40.265398],[42.064703,40.273012],[42.068034,40.275391],[42.074126,40.276724],[42.078885,40.276724],[42.085071,40.276534],[42.090782,40.275867],[42.100776,40.277105],[42.10858,40.278913],[42.112197,40.27977],[42.118384,40.280531],[42.123523,40.280817],[42.128568,40.281483],[42.132406,40.281781],[42.134713,40.274563],[42.137764,40.268089],[42.146247,40.254694],[42.148851,40.249857],[42.154953,40.243383],[42.158674,40.239439],[42.162469,40.236165],[42.167604,40.23237],[42.172292,40.229914],[42.178766,40.227831],[42.181445,40.22731],[42.1903,40.224036],[42.198263,40.220613],[42.209276,40.21585],[42.223266,40.20893],[42.225126,40.208185],[42.227879,40.206697],[42.228996,40.205358],[42.232493,40.201563],[42.235544,40.199777],[42.241423,40.197767],[42.249683,40.195981],[42.260771,40.194344],[42.272677,40.191591],[42.276398,40.190326],[42.283095,40.188093],[42.289792,40.183926],[42.292099,40.18214],[42.294927,40.179015],[42.301103,40.17455],[42.303038,40.173434],[42.305791,40.172392],[42.312637,40.170606],[42.320749,40.168299],[42.328488,40.166216],[42.329604,40.165918],[42.334069,40.164727],[42.337269,40.163462],[42.345752,40.160932],[42.368597,40.154905],[42.371723,40.153863],[42.374476,40.152821],[42.377973,40.151407],[42.381471,40.15044],[42.387722,40.14791],[42.391368,40.146645],[42.393452,40.14538],[42.397395,40.141733],[42.401116,40.137343],[42.404986,40.131762],[42.409004,40.126181],[42.413841,40.117846],[42.416297,40.114646],[42.417562,40.11353],[42.420092,40.111968],[42.423292,40.110256],[42.425673,40.108991],[42.427384,40.107354],[42.430808,40.103559],[42.434379,40.099615],[42.438547,40.094406],[42.4413,40.091355],[42.443235,40.088229],[42.448146,40.081383],[42.449932,40.079225],[42.45276,40.07729],[42.45849,40.072528],[42.461615,40.069328],[42.464443,40.065086],[42.465261,40.063524],[42.46675,40.060175],[42.468164,40.058761],[42.496888,40.039488],[42.511101,40.033684],[42.523677,40.030037],[42.526877,40.028623],[42.529555,40.027656],[42.530821,40.027061],[42.532086,40.026242],[42.53402,40.024679],[42.540643,40.019694],[42.550019,40.011062],[42.55188,40.009127],[42.556121,40.004215],[42.562819,39.991565],[42.566912,39.984421],[42.571376,39.968348],[42.572865,39.962543],[42.572865,39.959567],[42.572641,39.953614],[42.572269,39.950637],[42.5716,39.946395],[42.569739,39.939401],[42.567581,39.932852],[42.564978,39.921008],[42.560993,39.921174],[42.55294,39.922917],[42.545468,39.925823],[42.543641,39.926819],[42.540569,39.926736],[42.535421,39.92574],[42.523715,39.922336],[42.517488,39.918683],[42.514831,39.917271],[42.508189,39.915113],[42.501215,39.913369],[42.498392,39.912954],[42.494407,39.911875],[42.489426,39.911709],[42.485938,39.91229],[42.483448,39.91312],[42.478964,39.914781],[42.475394,39.916358],[42.472073,39.917022],[42.469167,39.917355],[42.462858,39.916275],[42.456132,39.91395],[42.445505,39.910629],[42.434214,39.906229],[42.431225,39.904154],[42.422756,39.896432],[42.41819,39.892032],[42.411216,39.885473],[42.407314,39.882899],[42.401917,39.878748],[42.398264,39.874597],[42.395275,39.873185],[42.381908,39.868536],[42.369952,39.865381],[42.358412,39.863305],[42.348283,39.861396],[42.343135,39.860233],[42.333421,39.856995],[42.329021,39.854338],[42.321217,39.848195],[42.315208,39.852116],[42.312067,39.853829],[42.30845,39.855352],[42.305024,39.855733],[42.30036,39.855828],[42.294744,39.855638],[42.290461,39.854305],[42.283704,39.853163],[42.27647,39.852306],[42.271997,39.851355],[42.267047,39.851259],[42.261622,39.851831],[42.258196,39.852306],[42.253627,39.852021],[42.24687,39.851164],[42.24154,39.850784],[42.235353,39.85145],[42.229452,39.85145],[42.225169,39.850308],[42.221457,39.848594],[42.217174,39.847072],[42.208227,39.844883],[42.199947,39.842884],[42.196235,39.842218],[42.191857,39.84079],[42.187669,39.838506],[42.180721,39.83565],[42.173392,39.833747],[42.164826,39.832033],[42.158354,39.829178],[42.152738,39.826894],[42.147884,39.824419],[42.142078,39.822325],[42.136843,39.821469],[42.131418,39.821945],[42.125041,39.82242],[42.117617,39.823372],[42.111811,39.823563],[42.104863,39.822611],[42.098011,39.820898],[42.088493,39.819375],[42.082211,39.818804],[42.078213,39.818613],[42.072122,39.818708],[42.068885,39.820003]]]}},{"type":"Feature","properties":{"id":"TR-D-25-006","parent_id":"TR-P-25","region_id":"TR-R-DOA","level":"district","municipality_type":null,"municipality_type_label":null,"is_metropolitan_municipality":null,"name":"İspir","name_ascii":"ispir","slug":"ispir-erzurum"},"geometry":{"type":"Polygon","coordinates":[[[40.761209,40.611366],[40.76447,40.616171],[40.767485,40.623144],[40.770783,40.629552],[40.772479,40.635394],[40.773987,40.638504],[40.775589,40.640859],[40.777191,40.642932],[40.778981,40.644063],[40.78096,40.644817],[40.786237,40.645854],[40.791325,40.646702],[40.795,40.647644],[40.804705,40.651507],[40.816578,40.65669],[40.824305,40.660365],[40.827886,40.664605],[40.829111,40.667903],[40.829582,40.673745],[40.829393,40.681378],[40.829205,40.688634],[40.828828,40.691555],[40.828074,40.696172],[40.826943,40.700695],[40.823645,40.708327],[40.822326,40.713604],[40.821572,40.720766],[40.820913,40.727173],[40.821478,40.731319],[40.82242,40.73556],[40.824493,40.739329],[40.826567,40.741308],[40.827697,40.741779],[40.831843,40.74159],[40.835613,40.741213],[40.839382,40.739329],[40.844282,40.738104],[40.849747,40.73735],[40.85427,40.736785],[40.860583,40.736125],[40.865295,40.735654],[40.872833,40.735465],[40.885742,40.736313],[40.890831,40.736408],[40.893846,40.73669],[40.896579,40.736596],[40.904965,40.735465],[40.91175,40.734335],[40.921549,40.73311],[40.929182,40.732544],[40.937568,40.733015],[40.946708,40.734617],[40.954435,40.736219],[40.962916,40.73914],[40.966308,40.741119],[40.975731,40.7447],[40.979406,40.747809],[40.982515,40.749977],[40.98506,40.751861],[40.988358,40.754028],[40.993446,40.756667],[40.998346,40.757703],[41.002209,40.757892],[41.006732,40.758457],[41.012669,40.759211],[41.016438,40.759494],[41.024542,40.760624],[41.031232,40.761378],[41.036132,40.761849],[41.041314,40.761661],[41.045837,40.761378],[41.049418,40.761001],[41.054318,40.761378],[41.066285,40.763451],[41.073352,40.766467],[41.08645,40.770613],[41.094742,40.77344],[41.103411,40.77702],[41.1085,40.779941],[41.112928,40.78258],[41.121597,40.787009],[41.130078,40.79172],[41.139595,40.797656],[41.143836,40.801803],[41.153166,40.811007],[41.156783,40.80958],[41.16611,40.806534],[41.173915,40.805106],[41.182386,40.802917],[41.190762,40.800443],[41.196853,40.798729],[41.204467,40.795779],[41.223217,40.789212],[41.236066,40.785595],[41.248154,40.782644],[41.252152,40.781026],[41.25672,40.7776],[41.259671,40.773602],[41.262145,40.771223],[41.267475,40.767606],[41.275851,40.764084],[41.281086,40.762466],[41.288129,40.760848],[41.293269,40.760087],[41.30174,40.757993],[41.308688,40.757422],[41.312875,40.75628],[41.317634,40.753996],[41.326772,40.749712],[41.330769,40.746762],[41.335909,40.741908],[41.339716,40.739528],[41.344189,40.73753],[41.349138,40.737244],[41.354183,40.736673],[41.356943,40.735721],[41.359989,40.732676],[41.36351,40.728012],[41.365033,40.724966],[41.364938,40.721159],[41.363796,40.714782],[41.361892,40.707263],[41.360084,40.704598],[41.354754,40.700315],[41.344665,40.694414],[41.33391,40.689655],[41.327152,40.68718],[41.322108,40.684325],[41.31773,40.679376],[41.315731,40.67357],[41.314684,40.67081],[41.311829,40.667002],[41.309259,40.662053],[41.308212,40.657485],[41.308592,40.656247],[41.311448,40.653202],[41.314398,40.650917],[41.315445,40.648252],[41.316016,40.645207],[41.315731,40.642922],[41.314969,40.639591],[41.315065,40.635118],[41.315255,40.62855],[41.31554,40.623125],[41.316683,40.618176],[41.318967,40.61494],[41.322393,40.608087],[41.323916,40.603138],[41.3262,40.59638],[41.327914,40.592858],[41.329341,40.590384],[41.329817,40.588766],[41.330959,40.583721],[41.331626,40.577154],[41.332292,40.573537],[41.332958,40.569635],[41.3341,40.566494],[41.334718,40.56582],[41.333408,40.563905],[41.331356,40.560692],[41.328321,40.558551],[41.324841,40.557569],[41.320289,40.556855],[41.315737,40.556676],[41.307348,40.555695],[41.300298,40.554177],[41.291641,40.550875],[41.278432,40.547573],[41.255585,40.53963],[41.231845,40.532401],[41.22051,40.527403],[41.210515,40.523387],[41.206766,40.520888],[41.203553,40.518211],[41.201412,40.515712],[41.200876,40.514016],[41.200519,40.511339],[41.199894,40.507144],[41.197931,40.500004],[41.195521,40.496167],[41.194539,40.494292],[41.193915,40.490812],[41.193558,40.486171],[41.193558,40.481709],[41.194093,40.474747],[41.194004,40.466358],[41.190345,40.455381],[41.185436,40.443778],[41.181866,40.435835],[41.179992,40.430927],[41.178029,40.423609],[41.176869,40.418343],[41.176869,40.414595],[41.177136,40.409954],[41.177047,40.402011],[41.175798,40.395942],[41.174548,40.389962],[41.174459,40.381752],[41.174727,40.375861],[41.175351,40.367918],[41.177136,40.355513],[41.177672,40.352746],[41.177493,40.346588],[41.177493,40.342215],[41.176958,40.338913],[41.174905,40.336057],[41.1708,40.330702],[41.167635,40.326546],[41.166927,40.326617],[41.164736,40.326541],[41.159448,40.32639],[41.155596,40.326919],[41.152196,40.329412],[41.148344,40.331678],[41.141847,40.334397],[41.139732,40.335228],[41.138296,40.334851],[41.132253,40.33198],[41.123717,40.328279],[41.116389,40.326012],[41.112688,40.324879],[41.108458,40.323822],[41.104756,40.323595],[41.099015,40.322311],[41.09282,40.32012],[41.088137,40.317627],[41.085946,40.315663],[41.083529,40.310753],[41.080809,40.304407],[41.077637,40.299346],[41.074162,40.293076],[41.070536,40.287788],[41.068572,40.286428],[41.052632,40.280385],[41.044323,40.278572],[41.038808,40.277666],[41.033973,40.27691],[41.029592,40.276533],[41.024908,40.275173],[41.021962,40.273662],[41.018563,40.271773],[41.010782,40.271169],[41.003832,40.271924],[40.995447,40.274417],[40.988875,40.277439],[40.982152,40.280234],[40.97626,40.282349],[40.972709,40.283633],[40.96795,40.284918],[40.963191,40.285824],[40.95881,40.285749],[40.955561,40.285522],[40.952464,40.284842],[40.948385,40.284615],[40.941435,40.284615],[40.934863,40.28386],[40.930708,40.28386],[40.921567,40.2825],[40.918168,40.281896],[40.912125,40.279932],[40.906081,40.276533],[40.893466,40.271094],[40.888556,40.269885],[40.885987,40.268072],[40.883495,40.265277],[40.880171,40.261726],[40.878584,40.259838],[40.876318,40.258327],[40.872541,40.256741],[40.868386,40.255003],[40.864685,40.253719],[40.859019,40.252208],[40.853127,40.251075],[40.847537,40.250999],[40.840889,40.250999],[40.833864,40.253115],[40.830842,40.254625],[40.825327,40.258403],[40.821777,40.259687],[40.816867,40.260971],[40.811579,40.261424],[40.807349,40.261046],[40.805913,40.260593],[40.803723,40.258629],[40.800852,40.25659],[40.795866,40.255079],[40.786575,40.254248],[40.780456,40.252888],[40.776225,40.250471],[40.772902,40.248204],[40.770031,40.245938],[40.766783,40.244201],[40.76293,40.242614],[40.759606,40.240726],[40.756282,40.23778],[40.750466,40.234003],[40.744951,40.231585],[40.738606,40.230301],[40.733846,40.229319],[40.72871,40.227506],[40.725461,40.226222],[40.72176,40.223804],[40.716699,40.221538],[40.709963,40.218582],[40.709723,40.21909],[40.707744,40.222954],[40.702373,40.226817],[40.693327,40.231152],[40.687956,40.232094],[40.682867,40.231811],[40.677402,40.230021],[40.667885,40.226723],[40.664681,40.225027],[40.659122,40.220975],[40.650829,40.219562],[40.642443,40.220315],[40.635847,40.222012],[40.632172,40.22531],[40.628026,40.230209],[40.62567,40.232094],[40.620582,40.235298],[40.617001,40.23803],[40.612667,40.242271],[40.608898,40.245569],[40.603998,40.249244],[40.599004,40.251599],[40.606099,40.254518],[40.610953,40.256421],[40.615998,40.258991],[40.620186,40.261561],[40.623802,40.264607],[40.629132,40.267938],[40.632749,40.270222],[40.637603,40.272126],[40.642172,40.27441],[40.649786,40.27717],[40.654735,40.279169],[40.658162,40.280501],[40.661969,40.283262],[40.666442,40.286974],[40.671392,40.29021],[40.675294,40.293446],[40.680243,40.296016],[40.68367,40.297824],[40.686906,40.299823],[40.689,40.302297],[40.693187,40.306295],[40.69709,40.309912],[40.700421,40.312577],[40.702134,40.314195],[40.706512,40.316669],[40.708797,40.317907],[40.71346,40.318858],[40.718505,40.31981],[40.723454,40.321428],[40.728023,40.323141],[40.73183,40.325616],[40.735542,40.326282],[40.739159,40.326758],[40.742966,40.327329],[40.745916,40.329042],[40.748296,40.331136],[40.752769,40.334372],[40.754482,40.336752],[40.756291,40.339607],[40.758956,40.341225],[40.763048,40.342843],[40.769425,40.345508],[40.774946,40.345699],[40.780656,40.344937],[40.784654,40.345413],[40.789889,40.346555],[40.795409,40.347983],[40.800168,40.34903],[40.805879,40.349982],[40.811304,40.350362],[40.818157,40.350077],[40.825581,40.350077],[40.832148,40.349411],[40.835479,40.349125],[40.842332,40.34922],[40.847948,40.349601],[40.853563,40.350838],[40.863747,40.35417],[40.87612,40.358357],[40.879928,40.360737],[40.883449,40.363497],[40.884306,40.365686],[40.884496,40.371016],[40.884401,40.374157],[40.883164,40.377679],[40.881736,40.380058],[40.879547,40.383199],[40.877263,40.385674],[40.874598,40.38929],[40.869553,40.395191],[40.864985,40.399379],[40.860226,40.401473],[40.855181,40.403377],[40.849946,40.40509],[40.84376,40.405947],[40.837002,40.407565],[40.83072,40.409183],[40.827294,40.410991],[40.824819,40.414418],[40.823011,40.419367],[40.822916,40.424316],[40.82282,40.42641],[40.821393,40.430788],[40.820441,40.432787],[40.817681,40.435166],[40.814635,40.43726],[40.811304,40.438783],[40.806831,40.440877],[40.804166,40.442876],[40.800739,40.450871],[40.799311,40.454678],[40.794933,40.462959],[40.792173,40.470573],[40.789413,40.476474],[40.786177,40.482565],[40.783417,40.489894],[40.782465,40.494558],[40.78256,40.499031],[40.783131,40.505598],[40.784368,40.510453],[40.784273,40.513118],[40.784178,40.521779],[40.78275,40.531011],[40.781799,40.535294],[40.781799,40.538245],[40.78256,40.542813],[40.784844,40.548714],[40.787414,40.555186],[40.789318,40.55985],[40.789794,40.565275],[40.789984,40.569844],[40.789698,40.570891],[40.789032,40.573841],[40.788366,40.575555],[40.785035,40.584311],[40.779609,40.591925],[40.774946,40.59697],[40.768949,40.603347],[40.761209,40.611366]]]}},{"type":"Feature","properties":{"id":"TR-D-25-007","parent_id":"TR-P-25","region_id":"TR-R-DOA","level":"district","municipality_type":null,"municipality_type_label":null,"is_metropolitan_municipality":null,"name":"Karaçoban","name_ascii":"karacoban","slug":"karacoban-erzurum"},"geometry":{"type":"Polygon","coordinates":[[[42.215391,39.321904],[42.214035,39.320405],[42.212179,39.318478],[42.208253,39.315052],[42.204541,39.313124],[42.199758,39.311197],[42.196903,39.309341],[42.193762,39.307057],[42.192977,39.306271],[42.192049,39.304273],[42.19005,39.30206],[42.188337,39.300489],[42.18591,39.29899],[42.182983,39.298062],[42.180841,39.29742],[42.177415,39.29692],[42.174774,39.296563],[42.172632,39.295778],[42.167921,39.293851],[42.161925,39.292923],[42.1565,39.292352],[42.151003,39.292423],[42.146363,39.291852],[42.136369,39.289282],[42.130587,39.287783],[42.11681,39.284714],[42.111599,39.284],[42.107602,39.283928],[42.103033,39.284571],[42.09825,39.285285],[42.091397,39.286712],[42.087828,39.28764],[42.08326,39.287854],[42.077549,39.287355],[42.072195,39.285427],[42.070196,39.284],[42.06884,39.281644],[42.066984,39.278003],[42.0647,39.272435],[42.062773,39.265083],[42.059203,39.254804],[42.053921,39.248879],[42.050851,39.245738],[42.047211,39.242383],[42.041643,39.238385],[42.033291,39.234388],[42.027366,39.231318],[42.018086,39.227464],[42.008235,39.22261],[42.000954,39.218112],[41.997813,39.215114],[41.995957,39.212901],[41.994672,39.211117],[41.993602,39.210546],[41.991317,39.209618],[41.986749,39.207548],[41.984036,39.205763],[41.980181,39.202765],[41.977826,39.20148],[41.974328,39.200409],[41.962835,39.197411],[41.95691,39.19684],[41.949843,39.195983],[41.945203,39.195127],[41.942776,39.194556],[41.939564,39.193199],[41.93728,39.191986],[41.934995,39.191415],[41.932283,39.191415],[41.93007,39.192057],[41.927143,39.193128],[41.922075,39.19527],[41.916507,39.197554],[41.913009,39.197911],[41.904586,39.195841],[41.899803,39.194484],[41.895235,39.192057],[41.891023,39.188702],[41.887597,39.186347],[41.883813,39.183777],[41.879887,39.182992],[41.874605,39.183063],[41.867181,39.183777],[41.860594,39.184168],[41.861087,39.189495],[41.862229,39.19492],[41.862515,39.200916],[41.862705,39.207483],[41.863752,39.21348],[41.86556,39.218524],[41.869367,39.223664],[41.875935,39.227947],[41.88431,39.231563],[41.894495,39.236513],[41.902775,39.239939],[41.910199,39.244317],[41.914196,39.247078],[41.917337,39.248981],[41.919431,39.251551],[41.921716,39.257166],[41.922191,39.262687],[41.921049,39.269635],[41.917813,39.277059],[41.915339,39.283721],[41.912007,39.292192],[41.907915,39.298855],[41.904393,39.303518],[41.903156,39.307611],[41.903727,39.314273],[41.906773,39.321602],[41.912578,39.329788],[41.916195,39.334261],[41.919526,39.339496],[41.922667,39.347776],[41.923619,39.353773],[41.923429,39.362814],[41.922953,39.372713],[41.922572,39.379566],[41.922287,39.384039],[41.923048,39.388703],[41.927046,39.393462],[41.930282,39.396032],[41.936944,39.399649],[41.943321,39.403456],[41.949761,39.40647],[41.95433,39.408183],[41.960231,39.409896],[41.966894,39.410848],[41.971843,39.412656],[41.979362,39.414941],[41.982598,39.416368],[41.984787,39.419509],[41.987928,39.423887],[41.990117,39.428266],[41.990974,39.431597],[41.991354,39.435309],[41.989641,39.441019],[41.9865,39.448443],[41.982884,39.456629],[41.9865,39.456343],[41.991259,39.455487],[41.992306,39.455106],[41.997922,39.455011],[42.004299,39.455487],[42.008962,39.456438],[42.013055,39.457961],[42.0181,39.460626],[42.022097,39.462625],[42.02657,39.465195],[42.035137,39.467574],[42.041894,39.469287],[42.049413,39.470905],[42.054553,39.473666],[42.058741,39.476235],[42.063405,39.479376],[42.066736,39.48109],[42.072732,39.483088],[42.077586,39.484706],[42.08225,39.485563],[42.087104,39.485944],[42.091197,39.486134],[42.095004,39.485753],[42.100239,39.48385],[42.107472,39.481661],[42.112612,39.480804],[42.119369,39.479281],[42.123462,39.477949],[42.128411,39.475284],[42.130505,39.472619],[42.130981,39.471667],[42.131172,39.467955],[42.131172,39.46529],[42.130505,39.462149],[42.129268,39.458627],[42.12765,39.454725],[42.125746,39.451489],[42.124319,39.447682],[42.122606,39.439116],[42.122606,39.436356],[42.123843,39.432929],[42.126793,39.43074],[42.131552,39.429027],[42.135645,39.428456],[42.140689,39.42817],[42.147352,39.428456],[42.152206,39.429503],[42.156965,39.431977],[42.160962,39.434642],[42.168386,39.439877],[42.175049,39.445207],[42.18076,39.450442],[42.184662,39.453107],[42.190087,39.457295],[42.193609,39.459389],[42.197416,39.461483],[42.202175,39.463386],[42.208361,39.4651],[42.212835,39.4651],[42.219021,39.465004],[42.226445,39.463101],[42.230252,39.461864],[42.236534,39.45977],[42.241579,39.456438],[42.248156,39.450395],[42.236806,39.444685],[42.228883,39.440616],[42.221173,39.434548],[42.219317,39.432335],[42.214891,39.427624],[42.20968,39.416345],[42.208396,39.412705],[42.20654,39.408636],[42.201043,39.401569],[42.196332,39.397643],[42.194333,39.396286],[42.190407,39.393502],[42.188479,39.391718],[42.186623,39.388363],[42.186338,39.385436],[42.185767,39.380154],[42.186766,39.376585],[42.18748,39.375371],[42.188479,39.374729],[42.190692,39.373229],[42.19626,39.370517],[42.200115,39.368304],[42.203756,39.365092],[42.204826,39.363664],[42.208181,39.35881],[42.211037,39.351386],[42.214249,39.343962],[42.215891,39.338537],[42.216533,39.331113],[42.21689,39.326544],[42.216176,39.32376],[42.215391,39.321904]]]}},{"type":"Feature","properties":{"id":"TR-D-25-008","parent_id":"TR-P-25","region_id":"TR-R-DOA","level":"district","municipality_type":null,"municipality_type_label":null,"is_metropolitan_municipality":null,"name":"Karayazı","name_ascii":"karayazi","slug":"karayazi-erzurum"},"geometry":{"type":"Polygon","coordinates":[[[41.780891,39.683842],[41.782033,39.684413],[41.782985,39.684889],[41.782985,39.68565],[41.78289,39.686507],[41.783556,39.687364],[41.784793,39.688125],[41.785936,39.688601],[41.786602,39.689172],[41.786697,39.690314],[41.786887,39.691456],[41.787554,39.692503],[41.788601,39.69355],[41.790219,39.694217],[41.793455,39.694597],[41.798118,39.694026],[41.803734,39.693645],[41.804971,39.693439],[41.805754,39.693309],[41.810587,39.692503],[41.81249,39.692218],[41.817535,39.692218],[41.820676,39.692789],[41.823912,39.693836],[41.826862,39.694978],[41.829908,39.696406],[41.837046,39.699356],[41.842281,39.702021],[41.850847,39.705923],[41.858366,39.710111],[41.859699,39.710968],[41.863887,39.714014],[41.867218,39.717821],[41.869026,39.720581],[41.873024,39.724293],[41.877497,39.727243],[41.88178,39.729813],[41.887967,39.732669],[41.892726,39.735429],[41.895581,39.738094],[41.902148,39.744661],[41.904813,39.748373],[41.908621,39.75494],[41.912808,39.762935],[41.913855,39.766267],[41.91614,39.772358],[41.918043,39.777783],[41.918424,39.779116],[41.919947,39.781019],[41.928894,39.788158],[41.94279,39.796153],[41.948596,39.798913],[41.952117,39.79996],[41.954497,39.800245],[41.957257,39.800245],[41.963253,39.800055],[41.966775,39.799865],[41.972866,39.799865],[41.978101,39.800341],[41.982479,39.800436],[41.985144,39.800055],[41.989332,39.799294],[41.99371,39.799198],[41.997612,39.799294],[42.00456,39.799389],[42.012555,39.80015],[42.023406,39.799389],[42.02845,39.797676],[42.032638,39.79463],[42.03654,39.790823],[42.042156,39.786444],[42.048057,39.785302],[42.056718,39.786064],[42.059669,39.789014],[42.061382,39.794154],[42.061681,39.795312],[42.062143,39.797104],[42.063,39.798818],[42.063952,39.800055],[42.065475,39.801673],[42.066617,39.804909],[42.067664,39.811096],[42.06833,39.815855],[42.068885,39.820003],[42.072122,39.818708],[42.078213,39.818613],[42.082211,39.818804],[42.088493,39.819375],[42.098011,39.820898],[42.104863,39.822611],[42.111811,39.823563],[42.117617,39.823372],[42.125041,39.82242],[42.131418,39.821945],[42.136843,39.821469],[42.142078,39.822325],[42.147884,39.824419],[42.152738,39.826894],[42.158354,39.829178],[42.164826,39.832033],[42.173392,39.833747],[42.180721,39.83565],[42.187669,39.838506],[42.191857,39.84079],[42.196235,39.842218],[42.199947,39.842884],[42.208227,39.844883],[42.217174,39.847072],[42.221457,39.848594],[42.225169,39.850308],[42.229452,39.85145],[42.235353,39.85145],[42.24154,39.850784],[42.24687,39.851164],[42.253627,39.852021],[42.258196,39.852306],[42.261622,39.851831],[42.267047,39.851259],[42.271997,39.851355],[42.27647,39.852306],[42.283704,39.853163],[42.290461,39.854305],[42.294744,39.855638],[42.30036,39.855828],[42.305024,39.855733],[42.30845,39.855352],[42.312067,39.853829],[42.315208,39.852116],[42.321217,39.848195],[42.306853,39.840556],[42.299962,39.836986],[42.293818,39.832254],[42.288588,39.826442],[42.286678,39.823453],[42.285848,39.821211],[42.284935,39.812826],[42.286346,39.796968],[42.287093,39.786258],[42.28809,39.781027],[42.289003,39.777789],[42.290913,39.774966],[42.294234,39.772642],[42.303034,39.768407],[42.306106,39.766996],[42.311669,39.765003],[42.316982,39.763094],[42.322296,39.762264],[42.326945,39.761599],[42.331595,39.760354],[42.337822,39.756784],[42.344381,39.752135],[42.349362,39.748647],[42.357416,39.744579],[42.367711,39.739681],[42.386807,39.730465],[42.394362,39.728555],[42.399094,39.727891],[42.403993,39.725982],[42.407397,39.723408],[42.410469,39.719257],[42.412876,39.716185],[42.41736,39.710871],[42.421511,39.703565],[42.423401,39.700205],[42.4245,39.698251],[42.429149,39.691692],[42.433716,39.687624],[42.439694,39.682227],[42.444924,39.679322],[42.453725,39.675253],[42.46128,39.672763],[42.4695,39.671268],[42.475311,39.670355],[42.480625,39.668611],[42.486769,39.664792],[42.492331,39.659894],[42.495652,39.655659],[42.501049,39.648187],[42.503789,39.64113],[42.505948,39.634986],[42.506778,39.629008],[42.506861,39.625272],[42.506363,39.620955],[42.505781,39.614479],[42.505948,39.612569],[42.507193,39.609497],[42.509019,39.605678],[42.51151,39.602523],[42.51234,39.600531],[42.512257,39.599368],[42.511427,39.596379],[42.508438,39.593307],[42.500551,39.589903],[42.495902,39.588243],[42.488512,39.582182],[42.477304,39.57114],[42.471243,39.563252],[42.468503,39.556278],[42.466262,39.551961],[42.45937,39.543991],[42.451981,39.53519],[42.42998,39.512275],[42.424689,39.507074],[42.417836,39.502077],[42.404487,39.497651],[42.391995,39.497009],[42.382001,39.496723],[42.361014,39.499507],[42.356731,39.500364],[42.349878,39.501363],[42.34431,39.501363],[42.336672,39.500792],[42.331247,39.499722],[42.327749,39.499222],[42.322253,39.496723],[42.316114,39.493012],[42.312259,39.490799],[42.309618,39.488372],[42.306834,39.485588],[42.301337,39.480805],[42.294556,39.475737],[42.284919,39.469312],[42.272712,39.461745],[42.248156,39.450395],[42.241579,39.456438],[42.236534,39.45977],[42.230252,39.461864],[42.226445,39.463101],[42.219021,39.465004],[42.212835,39.4651],[42.208361,39.4651],[42.202175,39.463386],[42.197416,39.461483],[42.193609,39.459389],[42.190087,39.457295],[42.184662,39.453107],[42.18076,39.450442],[42.175049,39.445207],[42.168386,39.439877],[42.160962,39.434642],[42.156965,39.431977],[42.152206,39.429503],[42.147352,39.428456],[42.140689,39.42817],[42.135645,39.428456],[42.131552,39.429027],[42.126793,39.43074],[42.123843,39.432929],[42.122606,39.436356],[42.122606,39.439116],[42.124319,39.447682],[42.125746,39.451489],[42.12765,39.454725],[42.129268,39.458627],[42.130505,39.462149],[42.131172,39.46529],[42.131172,39.467955],[42.130981,39.471667],[42.130505,39.472619],[42.128411,39.475284],[42.123462,39.477949],[42.119369,39.479281],[42.112612,39.480804],[42.107472,39.481661],[42.100239,39.48385],[42.095004,39.485753],[42.091197,39.486134],[42.087104,39.485944],[42.08225,39.485563],[42.077586,39.484706],[42.072732,39.483088],[42.066736,39.48109],[42.063405,39.479376],[42.058741,39.476235],[42.054553,39.473666],[42.049413,39.470905],[42.041894,39.469287],[42.035137,39.467574],[42.02657,39.465195],[42.022097,39.462625],[42.0181,39.460626],[42.013055,39.457961],[42.008962,39.456438],[42.004299,39.455487],[41.997922,39.455011],[41.992306,39.455106],[41.991259,39.455487],[41.9865,39.456343],[41.982884,39.456629],[41.980002,39.456844],[41.975244,39.455988],[41.971532,39.455702],[41.963251,39.455988],[41.957826,39.456559],[41.949545,39.458843],[41.944596,39.461508],[41.940028,39.462936],[41.937458,39.463602],[41.935364,39.464649],[41.933841,39.466172],[41.932318,39.468171],[41.930319,39.469598],[41.92813,39.470265],[41.924133,39.471216],[41.919659,39.472168],[41.916233,39.47293],[41.913853,39.473025],[41.902718,39.474738],[41.890249,39.477022],[41.884919,39.477498],[41.881017,39.477403],[41.875497,39.478069],[41.871118,39.480449],[41.867977,39.483399],[41.865312,39.486064],[41.86141,39.489586],[41.859697,39.492251],[41.858174,39.494535],[41.854748,39.497105],[41.851036,39.500055],[41.848371,39.502245],[41.844754,39.503387],[41.840566,39.504719],[41.834094,39.506528],[41.826765,39.506337],[41.818485,39.506432],[41.813059,39.506813],[41.813823,39.513282],[41.813252,39.518612],[41.812871,39.522705],[41.813061,39.534126],[41.811539,39.537362],[41.807351,39.547166],[41.80697,39.550497],[41.806209,39.555066],[41.805352,39.557731],[41.802877,39.564298],[41.802116,39.566773],[41.798594,39.577147],[41.79631,39.584381],[41.794597,39.5919],[41.793169,39.598943],[41.79336,39.601798],[41.79355,39.604463],[41.793074,39.606843],[41.791932,39.610745],[41.791266,39.613315],[41.791361,39.615123],[41.791646,39.616361],[41.792598,39.617883],[41.792709,39.61866],[41.792788,39.619216],[41.79273,39.619687],[41.792598,39.620739],[41.791551,39.622452],[41.790028,39.623975],[41.788791,39.624546],[41.786031,39.624831],[41.783842,39.625212],[41.78051,39.626259],[41.778607,39.627306],[41.777274,39.628829],[41.776608,39.629971],[41.776227,39.631875],[41.776132,39.633398],[41.776513,39.63492],[41.777274,39.636158],[41.77756,39.63749],[41.77737,39.638823],[41.776132,39.640726],[41.775466,39.642439],[41.774419,39.643962],[41.773658,39.644533],[41.772135,39.64539],[41.770231,39.646723],[41.769184,39.647579],[41.768899,39.648816],[41.768803,39.650625],[41.768423,39.651862],[41.767661,39.652624],[41.767376,39.65348],[41.767661,39.655193],[41.767185,39.656431],[41.766614,39.657192],[41.766329,39.657858],[41.766329,39.659001],[41.766805,39.660333],[41.767423,39.662094],[41.768137,39.662998],[41.769375,39.663379],[41.770517,39.663759],[41.770993,39.664902],[41.770993,39.665853],[41.771468,39.66652],[41.771849,39.667567],[41.771754,39.668233],[41.771278,39.669661],[41.770517,39.671374],[41.769565,39.672326],[41.768756,39.673372],[41.770517,39.673563],[41.772325,39.673848],[41.773277,39.673848],[41.773848,39.674324],[41.773943,39.675181],[41.773943,39.675847],[41.774514,39.676799],[41.775752,39.678512],[41.776894,39.68032],[41.778321,39.681272],[41.779368,39.681939],[41.78051,39.682985],[41.780891,39.683842]]]}},{"type":"Feature","properties":{"id":"TR-D-25-009","parent_id":"TR-P-25","region_id":"TR-R-DOA","level":"district","municipality_type":null,"municipality_type_label":null,"is_metropolitan_municipality":null,"name":"Köprüköy","name_ascii":"koprukoy","slug":"koprukoy-erzurum"},"geometry":{"type":"Polygon","coordinates":[[[42.068885,39.820003],[42.06833,39.815855],[42.067664,39.811096],[42.066617,39.804909],[42.065475,39.801673],[42.063952,39.800055],[42.063,39.798818],[42.062143,39.797104],[42.061681,39.795312],[42.061382,39.794154],[42.059669,39.789014],[42.056718,39.786064],[42.048057,39.785302],[42.042156,39.786444],[42.03654,39.790823],[42.032638,39.79463],[42.02845,39.797676],[42.023406,39.799389],[42.012555,39.80015],[42.00456,39.799389],[41.997612,39.799294],[41.99371,39.799198],[41.989332,39.799294],[41.985144,39.800055],[41.982479,39.800436],[41.978101,39.800341],[41.972866,39.799865],[41.966775,39.799865],[41.963253,39.800055],[41.957257,39.800245],[41.954497,39.800245],[41.952117,39.79996],[41.948596,39.798913],[41.94279,39.796153],[41.928894,39.788158],[41.919947,39.781019],[41.918424,39.779116],[41.918043,39.777783],[41.91614,39.772358],[41.913855,39.766267],[41.912808,39.762935],[41.908621,39.75494],[41.904813,39.748373],[41.902148,39.744661],[41.895581,39.738094],[41.892726,39.735429],[41.887967,39.732669],[41.88178,39.729813],[41.877497,39.727243],[41.873024,39.724293],[41.869026,39.720581],[41.867218,39.717821],[41.863887,39.714014],[41.859699,39.710968],[41.858366,39.710111],[41.850847,39.705923],[41.842281,39.702021],[41.837046,39.699356],[41.829908,39.696406],[41.826862,39.694978],[41.823912,39.693836],[41.820676,39.692789],[41.817535,39.692218],[41.81249,39.692218],[41.810587,39.692503],[41.805754,39.693309],[41.804971,39.693439],[41.803734,39.693645],[41.798118,39.694026],[41.793455,39.694597],[41.790219,39.694217],[41.788601,39.69355],[41.787554,39.692503],[41.786887,39.691456],[41.786697,39.690314],[41.786602,39.689172],[41.785936,39.688601],[41.784793,39.688125],[41.783556,39.687364],[41.78289,39.686507],[41.782985,39.68565],[41.782985,39.684889],[41.782033,39.684413],[41.780891,39.683842],[41.767693,39.687142],[41.761697,39.688284],[41.756367,39.690187],[41.749704,39.694756],[41.745136,39.697326],[41.740853,39.70237],[41.738854,39.705987],[41.732287,39.713982],[41.73124,39.717218],[41.730859,39.720454],[41.73143,39.725689],[41.732477,39.729877],[41.733143,39.736063],[41.733809,39.740537],[41.734285,39.743773],[41.735142,39.747295],[41.735808,39.749674],[41.735998,39.752053],[41.735998,39.754909],[41.73438,39.761095],[41.732667,39.765188],[41.727432,39.774516],[41.723816,39.780131],[41.721246,39.784033],[41.717534,39.788126],[41.71544,39.792124],[41.715059,39.79574],[41.715345,39.798596],[41.716963,39.801737],[41.719913,39.807638],[41.721912,39.814015],[41.724101,39.821534],[41.725725,39.828751],[41.726416,39.828599],[41.732317,39.827647],[41.737552,39.827457],[41.741835,39.828218],[41.747355,39.830027],[41.751829,39.833168],[41.754303,39.834786],[41.756683,39.835261],[41.764963,39.83726],[41.772958,39.839069],[41.781239,39.840687],[41.787425,39.843161],[41.798371,39.848491],[41.802939,39.852489],[41.80589,39.85582],[41.80865,39.858961],[41.810078,39.861626],[41.810744,39.865433],[41.811315,39.872762],[41.811981,39.878758],[41.812648,39.884374],[41.811886,39.894272],[41.81103,39.900364],[41.810554,39.907026],[41.809792,39.913213],[41.808365,39.918352],[41.807127,39.925015],[41.806651,39.929107],[41.806271,39.93339],[41.806556,39.937769],[41.806842,39.941005],[41.807032,39.947001],[41.80846,39.955186],[41.810363,39.960516],[41.812648,39.965466],[41.813409,39.966988],[41.815217,39.969273],[41.817692,39.970891],[41.820452,39.972223],[41.822546,39.973841],[41.82464,39.977077],[41.826163,39.980123],[41.827686,39.983074],[41.830065,39.992401],[41.830827,39.998397],[41.830827,40.005441],[41.830541,40.012864],[41.830065,40.020193],[41.829875,40.022573],[41.829114,40.02638],[41.829114,40.027807],[41.82997,40.030377],[41.831017,40.032471],[41.831588,40.034089],[41.831683,40.035898],[41.830827,40.038658],[41.828828,40.043036],[41.828162,40.045606],[41.8274,40.048461],[41.827305,40.051031],[41.827781,40.05855],[41.828447,40.069496],[41.830446,40.083677],[41.830636,40.091291],[41.831683,40.097288],[41.831207,40.106901],[41.830351,40.112326],[41.830446,40.116894],[41.830541,40.122129],[41.831112,40.126317],[41.831874,40.129363],[41.834063,40.132694],[41.835966,40.134598],[41.842439,40.141165],[41.845199,40.143354],[41.847864,40.145638],[41.849577,40.148208],[41.851005,40.15211],[41.852718,40.162202],[41.854073,40.162319],[41.859879,40.162319],[41.867018,40.161844],[41.873109,40.160987],[41.88177,40.160416],[41.88967,40.159845],[41.893858,40.159464],[41.905184,40.158132],[41.914512,40.158322],[41.915926,40.15835],[41.915363,40.154593],[41.914602,40.150025],[41.914602,40.148121],[41.913935,40.143838],[41.913269,40.138032],[41.913269,40.13451],[41.912793,40.127848],[41.912698,40.124802],[41.912603,40.117664],[41.911746,40.114047],[41.910509,40.110906],[41.909843,40.107861],[41.90832,40.104339],[41.90813,40.101959],[41.90832,40.097201],[41.909081,40.091585],[41.910033,40.086636],[41.91089,40.080068],[41.911842,40.074072],[41.912698,40.068171],[41.913364,40.062556],[41.914887,40.058273],[41.916981,40.05399],[41.91898,40.049707],[41.920884,40.046375],[41.923644,40.04371],[41.92688,40.041426],[41.93478,40.038],[41.943441,40.033431],[41.950389,40.032194],[41.956861,40.031242],[41.962952,40.0301],[41.968092,40.028291],[41.97247,40.025341],[41.976563,40.022295],[41.978371,40.01982],[41.978752,40.018298],[41.980084,40.014586],[41.982274,40.009351],[41.985605,40.003735],[41.989126,39.997834],[41.991411,39.993646],[41.994932,39.989934],[41.999025,39.987269],[42.004069,39.985271],[42.00702,39.984033],[42.009495,39.982891],[42.011017,39.981083],[42.012826,39.978989],[42.015015,39.975372],[42.018917,39.967568],[42.02044,39.961762],[42.021297,39.954623],[42.021868,39.948722],[42.023105,39.93949],[42.024628,39.932542],[42.025199,39.928068],[42.027007,39.923024],[42.028435,39.920549],[42.0311,39.915695],[42.034431,39.911412],[42.038143,39.908367],[42.042617,39.905511],[42.0469,39.90199],[42.051373,39.897802],[42.054609,39.892567],[42.056513,39.888474],[42.057274,39.885238],[42.057369,39.880765],[42.056227,39.877529],[42.054609,39.873817],[42.05242,39.87039],[42.051849,39.868582],[42.051373,39.866393],[42.051088,39.863442],[42.051088,39.859445],[42.051468,39.853544],[42.052706,39.84869],[42.054704,39.843455],[42.056227,39.839267],[42.058036,39.834223],[42.059463,39.830511],[42.061652,39.826703],[42.064222,39.823467],[42.067363,39.820612],[42.068885,39.820003]]]}},{"type":"Feature","properties":{"id":"TR-D-25-010","parent_id":"TR-P-25","region_id":"TR-R-DOA","level":"district","municipality_type":null,"municipality_type_label":null,"is_metropolitan_municipality":null,"name":"Narman","name_ascii":"narman","slug":"narman-erzurum"},"geometry":{"type":"Polygon","coordinates":[[[42.132406,40.281781],[42.128568,40.281483],[42.123523,40.280817],[42.118384,40.280531],[42.112197,40.27977],[42.10858,40.278913],[42.100776,40.277105],[42.090782,40.275867],[42.085071,40.276534],[42.078885,40.276724],[42.074126,40.276724],[42.068034,40.275391],[42.064703,40.273012],[42.05785,40.265398],[42.049094,40.25845],[42.042146,40.254357],[42.038529,40.251978],[42.03082,40.248741],[42.024538,40.246267],[42.02035,40.245315],[42.012831,40.242269],[42.007406,40.240271],[42.002076,40.237986],[41.997031,40.234941],[41.992177,40.230753],[41.986657,40.225232],[41.981041,40.220854],[41.978947,40.218951],[41.972951,40.214287],[41.969334,40.211241],[41.966669,40.208767],[41.960864,40.20553],[41.954867,40.200391],[41.952678,40.197345],[41.950394,40.192872],[41.9483,40.185543],[41.946872,40.180403],[41.944874,40.175454],[41.942113,40.168696],[41.938021,40.162795],[41.933357,40.15975],[41.928408,40.158703],[41.919271,40.158417],[41.915926,40.15835],[41.914512,40.158322],[41.905184,40.158132],[41.893858,40.159464],[41.88967,40.159845],[41.88177,40.160416],[41.873109,40.160987],[41.867018,40.161844],[41.859879,40.162319],[41.854073,40.162319],[41.852718,40.162202],[41.849695,40.161939],[41.841129,40.161844],[41.833229,40.161653],[41.827804,40.160987],[41.819904,40.158798],[41.810672,40.156038],[41.806103,40.155467],[41.800869,40.1548],[41.790875,40.155181],[41.78307,40.155657],[41.776788,40.155942],[41.773362,40.156894],[41.768984,40.159654],[41.763083,40.163081],[41.759656,40.164984],[41.754517,40.167745],[41.746427,40.170505],[41.741668,40.172408],[41.731674,40.174788],[41.72425,40.175835],[41.717778,40.176406],[41.712733,40.177262],[41.70569,40.177738],[41.702264,40.177453],[41.699123,40.177834],[41.696648,40.178309],[41.694078,40.180213],[41.692175,40.182783],[41.689795,40.188208],[41.688272,40.19192],[41.686464,40.196298],[41.685417,40.20001],[41.684991,40.203484],[41.687484,40.204995],[41.689524,40.206052],[41.691035,40.206505],[41.698589,40.209074],[41.704255,40.210434],[41.706747,40.210887],[41.717852,40.213757],[41.721629,40.215193],[41.725935,40.217308],[41.729561,40.219574],[41.731525,40.221463],[41.732205,40.223653],[41.732809,40.228488],[41.732885,40.231283],[41.732129,40.234456],[41.730543,40.237402],[41.728881,40.239139],[41.722309,40.246014],[41.718759,40.249035],[41.714075,40.254172],[41.713168,40.255532],[41.712413,40.257723],[41.712262,40.259838],[41.711809,40.26218],[41.7106,40.264446],[41.703348,40.271094],[41.697909,40.274191],[41.691186,40.277515],[41.688013,40.279025],[41.684765,40.281367],[41.683178,40.282274],[41.680988,40.283029],[41.67857,40.284691],[41.676455,40.286277],[41.671092,40.289752],[41.668297,40.291792],[41.666257,40.293832],[41.663538,40.297609],[41.662027,40.300404],[41.661347,40.303576],[41.661498,40.305994],[41.662027,40.308184],[41.663915,40.311886],[41.666257,40.314832],[41.668448,40.316494],[41.669581,40.318458],[41.670638,40.320498],[41.670941,40.322311],[41.67079,40.324426],[41.671016,40.326314],[41.672225,40.328354],[41.676002,40.3313],[41.679401,40.332131],[41.682725,40.333642],[41.685898,40.336739],[41.688391,40.33961],[41.692697,40.342631],[41.695416,40.344218],[41.69806,40.345275],[41.701762,40.34588],[41.705614,40.347088],[41.708107,40.347617],[41.712111,40.349657],[41.715888,40.351696],[41.719212,40.353963],[41.721554,40.356758],[41.724877,40.360913],[41.727824,40.363557],[41.730241,40.365294],[41.732205,40.367258],[41.733435,40.369519],[41.765319,40.375039],[41.782832,40.378846],[41.79511,40.382273],[41.801392,40.384938],[41.805009,40.38627],[41.811481,40.387603],[41.816716,40.388555],[41.82433,40.389697],[41.830992,40.390363],[41.836989,40.390553],[41.848696,40.389602],[41.851361,40.389221],[41.856024,40.389221],[41.860212,40.389792],[41.866113,40.391124],[41.868017,40.392267],[41.86973,40.392933],[41.876868,40.394646],[41.884483,40.396454],[41.894001,40.400452],[41.898474,40.403402],[41.902757,40.406638],[41.90428,40.408828],[41.905422,40.412064],[41.907706,40.416823],[41.91218,40.425103],[41.913607,40.427673],[41.919032,40.432813],[41.923887,40.435668],[41.92855,40.437571],[41.933119,40.438238],[41.938925,40.437571],[41.942066,40.435668],[41.945397,40.433764],[41.949394,40.430243],[41.954629,40.4232],[41.961768,40.412064],[41.965289,40.408828],[41.975568,40.400642],[41.983278,40.396169],[41.990607,40.39417],[41.999744,40.393313],[42.007929,40.393694],[42.021159,40.394456],[42.029915,40.395503],[42.039243,40.396264],[42.04562,40.396454],[42.058183,40.39674],[42.070557,40.396074],[42.072936,40.395693],[42.093209,40.393123],[42.106534,40.390553],[42.12833,40.387317],[42.13918,40.385223],[42.14708,40.382273],[42.159567,40.375841],[42.1586,40.373311],[42.15726,40.37093],[42.155251,40.368325],[42.150935,40.363786],[42.145875,40.357014],[42.144014,40.353442],[42.143419,40.351433],[42.142973,40.348754],[42.141856,40.345554],[42.140963,40.343768],[42.137317,40.337741],[42.135234,40.331564],[42.134117,40.326951],[42.132108,40.319435],[42.130099,40.311993],[42.129429,40.304552],[42.129504,40.299864],[42.130694,40.292125],[42.13129,40.286097],[42.132406,40.281781]]]}},{"type":"Feature","properties":{"id":"TR-D-25-011","parent_id":"TR-P-25","region_id":"TR-R-DOA","level":"district","municipality_type":null,"municipality_type_label":null,"is_metropolitan_municipality":null,"name":"Oltu","name_ascii":"oltu","slug":"oltu-erzurum"},"geometry":{"type":"Polygon","coordinates":[[[42.1921,40.395108],[42.191416,40.395189],[42.184198,40.395263],[42.180477,40.395189],[42.177129,40.39437],[42.173408,40.392956],[42.169018,40.389682],[42.16552,40.386929],[42.16299,40.383282],[42.161502,40.380083],[42.159567,40.375841],[42.14708,40.382273],[42.13918,40.385223],[42.12833,40.387317],[42.106534,40.390553],[42.093209,40.393123],[42.072936,40.395693],[42.070557,40.396074],[42.058183,40.39674],[42.04562,40.396454],[42.039243,40.396264],[42.029915,40.395503],[42.021159,40.394456],[42.007929,40.393694],[41.999744,40.393313],[41.990607,40.39417],[41.983278,40.396169],[41.975568,40.400642],[41.965289,40.408828],[41.961768,40.412064],[41.954629,40.4232],[41.949394,40.430243],[41.945397,40.433764],[41.942066,40.435668],[41.938925,40.437571],[41.933119,40.438238],[41.92855,40.437571],[41.923887,40.435668],[41.919032,40.432813],[41.913607,40.427673],[41.91218,40.425103],[41.907706,40.416823],[41.905422,40.412064],[41.90428,40.408828],[41.902757,40.406638],[41.898474,40.403402],[41.894001,40.400452],[41.884483,40.396454],[41.876868,40.394646],[41.86973,40.392933],[41.868017,40.392267],[41.866113,40.391124],[41.860212,40.389792],[41.856024,40.389221],[41.851361,40.389221],[41.848696,40.389602],[41.836989,40.390553],[41.830992,40.390363],[41.82433,40.389697],[41.816716,40.388555],[41.811481,40.387603],[41.805009,40.38627],[41.801392,40.384938],[41.79511,40.382273],[41.782832,40.378846],[41.765319,40.375039],[41.733435,40.369519],[41.731721,40.376181],[41.730103,40.381892],[41.727724,40.38627],[41.721347,40.392076],[41.710972,40.399119],[41.707546,40.401213],[41.704405,40.402546],[41.699932,40.404259],[41.691366,40.408352],[41.689272,40.409779],[41.687559,40.411778],[41.68318,40.417489],[41.680039,40.421962],[41.677755,40.425293],[41.674329,40.429957],[41.670426,40.433193],[41.667857,40.434335],[41.658815,40.437191],[41.649773,40.441569],[41.642634,40.445281],[41.632736,40.454323],[41.631403,40.455846],[41.633885,40.459087],[41.638073,40.465179],[41.640262,40.469462],[41.641785,40.471365],[41.64445,40.47384],[41.648066,40.4766],[41.650541,40.480693],[41.651493,40.483929],[41.652445,40.486404],[41.654539,40.490591],[41.655776,40.494303],[41.659583,40.498967],[41.664342,40.50306],[41.670338,40.50601],[41.673384,40.507819],[41.675954,40.510198],[41.677572,40.511245],[41.67938,40.512387],[41.686994,40.513815],[41.694989,40.515623],[41.70089,40.517527],[41.707077,40.51924],[41.714596,40.522571],[41.719831,40.524094],[41.725732,40.526664],[41.734584,40.52971],[41.741151,40.533993],[41.746386,40.538466],[41.751335,40.543415],[41.754952,40.547889],[41.757426,40.551791],[41.75914,40.554456],[41.760853,40.556074],[41.764184,40.560072],[41.766754,40.56464],[41.768372,40.568067],[41.769229,40.570922],[41.769609,40.573397],[41.769609,40.576918],[41.7698,40.579107],[41.770561,40.583486],[41.772274,40.587293],[41.771989,40.594146],[41.770656,40.603473],[41.7698,40.609374],[41.768848,40.619368],[41.767991,40.624032],[41.768182,40.628981],[41.767706,40.631265],[41.766944,40.632883],[41.766088,40.633549],[41.764089,40.633645],[41.762756,40.63393],[41.761614,40.635072],[41.760377,40.63631],[41.75933,40.6365],[41.758188,40.636976],[41.756855,40.638213],[41.756475,40.639736],[41.755428,40.640688],[41.754571,40.641449],[41.754,40.642211],[41.753677,40.642877],[41.753677,40.644157],[41.753162,40.644894],[41.752204,40.646588],[41.751836,40.647693],[41.751468,40.648871],[41.750805,40.649902],[41.750215,40.650492],[41.7497,40.650934],[41.749626,40.651523],[41.749552,40.652112],[41.749626,40.652849],[41.749479,40.65388],[41.749405,40.654911],[41.748963,40.655648],[41.748448,40.656311],[41.747932,40.657047],[41.747564,40.657784],[41.747564,40.658447],[41.747637,40.65933],[41.747343,40.659846],[41.746901,40.660362],[41.746413,40.661889],[41.746193,40.662544],[41.747746,40.662529],[41.755265,40.663576],[41.759072,40.664813],[41.761832,40.664528],[41.767353,40.663576],[41.773729,40.66034],[41.781534,40.655962],[41.787911,40.652821],[41.791718,40.651774],[41.794669,40.652916],[41.797429,40.654534],[41.801617,40.658056],[41.805043,40.661387],[41.807756,40.663219],[41.81161,40.665575],[41.817678,40.669786],[41.822746,40.673855],[41.827529,40.677996],[41.830242,40.681993],[41.830456,40.685134],[41.829813,40.68749],[41.828029,40.69063],[41.82603,40.693058],[41.824031,40.696627],[41.822175,40.699625],[41.820462,40.702837],[41.820391,40.704122],[41.82089,40.705907],[41.822247,40.709761],[41.824317,40.714116],[41.825816,40.720969],[41.825887,40.724466],[41.825744,40.729535],[41.825959,40.73446],[41.826244,40.737815],[41.826744,40.739528],[41.827529,40.740671],[41.829599,40.742741],[41.831527,40.745953],[41.83481,40.751378],[41.836381,40.755304],[41.840164,40.760515],[41.843947,40.767796],[41.845946,40.775078],[41.847374,40.779075],[41.848587,40.782858],[41.849444,40.785571],[41.850616,40.786837],[41.856245,40.783223],[41.863478,40.780272],[41.878612,40.777893],[41.885465,40.777798],[41.891556,40.777131],[41.896125,40.775037],[41.899646,40.772277],[41.908688,40.766662],[41.924869,40.755526],[41.933339,40.751719],[41.940383,40.748863],[41.943619,40.747912],[41.947426,40.745247],[41.94952,40.742106],[41.951233,40.73906],[41.953517,40.735919],[41.957134,40.732683],[41.965034,40.730399],[41.975504,40.72859],[41.979596,40.728305],[41.994063,40.727543],[42.007483,40.726592],[42.01348,40.726592],[42.020523,40.725259],[42.026138,40.723451],[42.038131,40.718216],[42.048505,40.714789],[42.054977,40.711934],[42.060117,40.709555],[42.069339,40.706634],[42.076954,40.705016],[42.086091,40.704065],[42.092468,40.704255],[42.116167,40.707491],[42.124543,40.710251],[42.130158,40.71501],[42.133394,40.717485],[42.137677,40.721006],[42.141009,40.722624],[42.146339,40.723767],[42.151098,40.723862],[42.159759,40.72291],[42.166041,40.721006],[42.175844,40.719198],[42.183554,40.717294],[42.189155,40.716959],[42.198354,40.717566],[42.20452,40.719183],[42.209878,40.722114],[42.212,40.723226],[42.21279,40.717306],[42.213932,40.712642],[42.215075,40.709311],[42.216978,40.70598],[42.21793,40.702649],[42.217168,40.696081],[42.216693,40.693035],[42.216693,40.690751],[42.216217,40.685231],[42.214979,40.682185],[42.212981,40.67933],[42.210125,40.676665],[42.207175,40.675047],[42.201654,40.672667],[42.197276,40.670573],[42.192803,40.668955],[42.189376,40.66591],[42.187949,40.663435],[42.185284,40.657819],[42.182238,40.653632],[42.179859,40.651918],[42.176432,40.649634],[42.174909,40.648778],[42.173672,40.646208],[42.173672,40.644304],[42.174433,40.642115],[42.177289,40.639069],[42.178145,40.63669],[42.178431,40.634501],[42.17805,40.630694],[42.17786,40.624888],[42.177955,40.620985],[42.17805,40.618225],[42.179859,40.614608],[42.181381,40.611372],[42.18338,40.606518],[42.186616,40.600808],[42.189662,40.595573],[42.190899,40.589672],[42.190614,40.586721],[42.190138,40.583104],[42.189091,40.57787],[42.187568,40.572064],[42.188044,40.567495],[42.189091,40.56226],[42.193183,40.553123],[42.196895,40.545319],[42.200798,40.538085],[42.204224,40.532374],[42.205747,40.527235],[42.206318,40.523332],[42.205747,40.520287],[42.204129,40.514481],[42.200988,40.507438],[42.197752,40.501917],[42.196039,40.496302],[42.193945,40.488783],[42.191946,40.483833],[42.189281,40.480216],[42.186235,40.477361],[42.183951,40.475743],[42.179763,40.473744],[42.173957,40.470032],[42.16739,40.464417],[42.163012,40.460134],[42.159681,40.457183],[42.158063,40.45528],[42.156064,40.451758],[42.155588,40.45014],[42.155778,40.448808],[42.159966,40.438624],[42.165011,40.430343],[42.168247,40.425774],[42.171483,40.422158],[42.179573,40.415781],[42.183666,40.411974],[42.18852,40.407119],[42.190519,40.403312],[42.1921,40.395108]]]}},{"type":"Feature","properties":{"id":"TR-D-25-012","parent_id":"TR-P-25","region_id":"TR-R-DOA","level":"district","municipality_type":null,"municipality_type_label":null,"is_metropolitan_municipality":null,"name":"Olur","name_ascii":"olur","slug":"olur-erzurum"},"geometry":{"type":"Polygon","coordinates":[[[41.952094,40.945923],[41.970052,40.958216],[41.978078,40.960009],[41.985311,40.960295],[41.996447,40.959153],[42.004823,40.958582],[42.012437,40.959153],[42.018053,40.960009],[42.025572,40.962674],[42.033662,40.964197],[42.042989,40.96553],[42.054125,40.966386],[42.065071,40.96553],[42.074684,40.964578],[42.08068,40.964387],[42.089912,40.965339],[42.09667,40.966577],[42.103428,40.966481],[42.108472,40.966291],[42.117038,40.966005],[42.120465,40.96591],[42.12627,40.964387],[42.129887,40.962674],[42.13398,40.960676],[42.136454,40.960104],[42.139595,40.960009],[42.144164,40.960485],[42.14997,40.961913],[42.154729,40.962674],[42.165865,40.963531],[42.17919,40.963721],[42.191658,40.962389],[42.201747,40.9602],[42.206411,40.958582],[42.218022,40.953823],[42.234393,40.946018],[42.239057,40.943258],[42.247337,40.938118],[42.266468,40.932408],[42.282553,40.929933],[42.295117,40.928696],[42.298163,40.9286],[42.309108,40.927744],[42.318816,40.927268],[42.324432,40.926031],[42.335568,40.922985],[42.341585,40.921075],[42.34089,40.918297],[42.340493,40.913832],[42.340493,40.91036],[42.34089,40.908078],[42.343073,40.901926],[42.344065,40.897461],[42.34476,40.888432],[42.349225,40.878411],[42.355376,40.867398],[42.360992,40.860781],[42.365446,40.851603],[42.368175,40.845235],[42.369995,40.83917],[42.366153,40.836036],[42.357157,40.830476],[42.347554,40.826837],[42.337243,40.82239],[42.324507,40.817336],[42.302572,40.809855],[42.291048,40.807834],[42.272853,40.804094],[42.2679,40.802577],[42.262643,40.800252],[42.260318,40.798332],[42.259105,40.795501],[42.256781,40.788628],[42.256275,40.785696],[42.255568,40.782563],[42.254355,40.779732],[42.252838,40.777508],[42.24647,40.770736],[42.244246,40.768613],[42.238889,40.764671],[42.23525,40.761032],[42.232015,40.757191],[42.226253,40.753956],[42.221401,40.751126],[42.219278,40.748396],[42.21574,40.739602],[42.21291,40.729291],[42.212,40.723226],[42.209878,40.722114],[42.20452,40.719183],[42.198354,40.717566],[42.189155,40.716959],[42.183554,40.717294],[42.175844,40.719198],[42.166041,40.721006],[42.159759,40.72291],[42.151098,40.723862],[42.146339,40.723767],[42.141009,40.722624],[42.137677,40.721006],[42.133394,40.717485],[42.130158,40.71501],[42.124543,40.710251],[42.116167,40.707491],[42.092468,40.704255],[42.086091,40.704065],[42.076954,40.705016],[42.069339,40.706634],[42.060117,40.709555],[42.054977,40.711934],[42.048505,40.714789],[42.038131,40.718216],[42.026138,40.723451],[42.020523,40.725259],[42.01348,40.726592],[42.007483,40.726592],[41.994063,40.727543],[41.979596,40.728305],[41.975504,40.72859],[41.965034,40.730399],[41.957134,40.732683],[41.953517,40.735919],[41.951233,40.73906],[41.94952,40.742106],[41.947426,40.745247],[41.943619,40.747912],[41.940383,40.748863],[41.933339,40.751719],[41.924869,40.755526],[41.908688,40.766662],[41.899646,40.772277],[41.896125,40.775037],[41.891556,40.777131],[41.885465,40.777798],[41.878612,40.777893],[41.863478,40.780272],[41.856245,40.783223],[41.850616,40.786837],[41.851229,40.787498],[41.853441,40.788355],[41.861579,40.790282],[41.868503,40.792495],[41.874785,40.795636],[41.878354,40.799776],[41.880639,40.803702],[41.880781,40.811626],[41.881352,40.817908],[41.881567,40.821905],[41.880996,40.825118],[41.877712,40.829044],[41.872715,40.833826],[41.867861,40.83711],[41.864149,40.83918],[41.860818,40.842274],[41.858533,40.846747],[41.857201,40.850173],[41.856725,40.855408],[41.856344,40.859406],[41.856249,40.862832],[41.857201,40.864926],[41.861579,40.870637],[41.864054,40.873492],[41.866433,40.876633],[41.868908,40.880535],[41.871573,40.884247],[41.875666,40.889101],[41.878902,40.892718],[41.882328,40.896145],[41.887373,40.900047],[41.896129,40.904996],[41.904314,40.908898],[41.910691,40.911659],[41.916212,40.914324],[41.921256,40.91756],[41.928014,40.923556],[41.939054,40.936595],[41.948192,40.943543],[41.952094,40.945923]]]}},{"type":"Feature","properties":{"id":"TR-D-25-013","parent_id":"TR-P-25","region_id":"TR-R-DOA","level":"district","municipality_type":null,"municipality_type_label":null,"is_metropolitan_municipality":null,"name":"Palandöken","name_ascii":"palandoken","slug":"palandoken-erzurum"},"geometry":{"type":"Polygon","coordinates":[[[41.27448,39.76683],[41.255635,39.768924],[41.247259,39.769781],[41.237484,39.770445],[41.229489,39.769493],[41.224826,39.768922],[41.218829,39.767304],[41.215974,39.765305],[41.214356,39.763878],[41.212928,39.761784],[41.21093,39.760832],[41.209502,39.760451],[41.206742,39.760261],[41.201126,39.759785],[41.197605,39.75988],[41.194844,39.760356],[41.192084,39.761784],[41.190371,39.762164],[41.18723,39.761974],[41.184756,39.761498],[41.183328,39.760166],[41.181234,39.757691],[41.178569,39.754074],[41.176475,39.751885],[41.172573,39.748268],[41.170384,39.74646],[41.167909,39.744842],[41.166101,39.743985],[41.164102,39.743605],[41.162293,39.743985],[41.15801,39.746174],[41.15525,39.747126],[41.149444,39.748078],[41.146399,39.748364],[41.144019,39.749125],[41.14183,39.749982],[41.140402,39.749982],[41.138689,39.749982],[41.135548,39.749411],[41.130028,39.748364],[41.125935,39.747126],[41.12308,39.746841],[41.118321,39.746555],[41.114609,39.746079],[41.11242,39.745794],[41.110136,39.745127],[41.108042,39.744176],[41.106138,39.742843],[41.103188,39.741701],[41.100903,39.74094],[41.094526,39.739607],[41.086817,39.73856],[41.080345,39.73856],[41.071588,39.738179],[41.066354,39.737513],[41.06169,39.736371],[41.057312,39.736371],[41.053124,39.73599],[41.048746,39.73599],[41.042559,39.73599],[41.036182,39.735895],[41.027235,39.734277],[41.023523,39.734277],[41.019906,39.731898],[41.017051,39.729518],[41.015433,39.727234],[41.013054,39.724188],[41.006962,39.719049],[41.005249,39.718002],[41.003631,39.716764],[41.001632,39.715717],[40.997064,39.715622],[40.99259,39.715813],[40.98707,39.716193],[40.980883,39.716764],[40.975553,39.716859],[40.970985,39.716479],[40.964132,39.716669],[40.957945,39.716669],[40.956232,39.716955],[40.953567,39.718478],[40.950331,39.721523],[40.945382,39.726758],[40.942717,39.73028],[40.939481,39.733992],[40.93672,39.737894],[40.932437,39.742177],[40.929201,39.745603],[40.927203,39.746936],[40.923491,39.747792],[40.922213,39.753952],[40.920785,39.757664],[40.918025,39.762613],[40.916121,39.769275],[40.914503,39.780221],[40.914122,39.786598],[40.914884,39.789644],[40.916978,39.792975],[40.918405,39.795545],[40.919928,39.797639],[40.92069,39.799447],[40.921261,39.802112],[40.920785,39.805063],[40.919357,39.808584],[40.916597,39.814009],[40.914313,39.817436],[40.91279,39.820291],[40.912504,39.82229],[40.911838,39.824479],[40.911933,39.826097],[40.912409,39.829333],[40.912695,39.832855],[40.913171,39.83571],[40.914313,39.839327],[40.915265,39.840659],[40.917834,39.842182],[40.920024,39.843039],[40.921642,39.84361],[40.923069,39.845038],[40.923355,39.847227],[40.922784,39.848845],[40.921546,39.852366],[40.921261,39.854841],[40.920975,39.857887],[40.919357,39.861123],[40.917549,39.864739],[40.914694,39.867309],[40.911838,39.869784],[40.907936,39.87283],[40.905747,39.875495],[40.91523,39.875003],[40.92589,39.874241],[40.93379,39.873765],[40.948733,39.872338],[40.964152,39.872338],[40.970433,39.871767],[40.987185,39.870339],[40.992351,39.869507],[40.995684,39.869124],[40.99794,39.865938],[41.001104,39.862572],[41.003191,39.859946],[41.007096,39.855502],[41.010463,39.850857],[41.01255,39.848096],[41.015714,39.843316],[41.019754,39.839142],[41.024063,39.834564],[41.029112,39.829783],[41.033549,39.827144],[41.038689,39.823908],[41.044781,39.820767],[41.048778,39.818198],[41.050473,39.816425],[41.060549,39.817696],[41.069101,39.81795],[41.075197,39.818204],[41.081547,39.817272],[41.087644,39.816595],[41.092046,39.815579],[41.096873,39.814309],[41.101868,39.813462],[41.107372,39.812954],[41.115077,39.812531],[41.118971,39.812531],[41.123374,39.813293],[41.1271,39.815071],[41.130063,39.816341],[41.132773,39.817526],[41.134635,39.818204],[41.136752,39.818712],[41.138615,39.818712],[41.140986,39.818458],[41.142764,39.818204],[41.144457,39.818288],[41.146235,39.818627],[41.148183,39.819135],[41.150045,39.820066],[41.153263,39.821844],[41.156057,39.823453],[41.157581,39.824469],[41.158851,39.825485],[41.160121,39.827179],[41.161222,39.829634],[41.161984,39.831836],[41.163423,39.834037],[41.166133,39.837508],[41.167572,39.83954],[41.169435,39.841319],[41.173075,39.843943],[41.180103,39.849278],[41.185691,39.853342],[41.189501,39.856051],[41.192888,39.857744],[41.195259,39.859015],[41.196868,39.859523],[41.198121,39.859872],[41.200452,39.860349],[41.201847,39.860642],[41.203187,39.861009],[41.204398,39.861578],[41.207977,39.863414],[41.212198,39.865488],[41.213189,39.866038],[41.213923,39.866515],[41.214511,39.867084],[41.215392,39.868039],[41.215944,39.868724],[41.216529,39.869452],[41.217649,39.8707],[41.219007,39.871985],[41.221026,39.87382],[41.222953,39.875563],[41.224311,39.876646],[41.226128,39.877968],[41.228367,39.879473],[41.229909,39.880519],[41.232588,39.882373],[41.234185,39.883474],[41.236755,39.885217],[41.238737,39.88663],[41.239398,39.887108],[41.23982,39.88753],[41.24026,39.888135],[41.240756,39.888943],[41.241178,39.889585],[41.241471,39.890063],[41.24193,39.890503],[41.242609,39.891035],[41.243362,39.891494],[41.244335,39.891843],[41.245821,39.892228],[41.247656,39.892669],[41.250483,39.893476],[41.251878,39.894008],[41.254833,39.895073],[41.257824,39.896156],[41.259659,39.896853],[41.260632,39.89722],[41.261183,39.897514],[41.262486,39.898321],[41.264927,39.899735],[41.266046,39.90034],[41.267542,39.899735],[41.269973,39.898553],[41.271521,39.897871],[41.272637,39.897421],[41.273819,39.897072],[41.275617,39.896789],[41.277065,39.896722],[41.27853,39.896772],[41.279929,39.896988],[41.280994,39.897271],[41.282127,39.897671],[41.283175,39.898154],[41.284174,39.898786],[41.285023,39.899352],[41.285756,39.899819],[41.287271,39.901017],[41.289435,39.902566],[41.290867,39.903598],[41.292482,39.904713],[41.293264,39.905063],[41.29428,39.905412],[41.295479,39.905596],[41.29706,39.905729],[41.301946,39.905836],[41.30833,39.905625],[41.310154,39.906327],[41.311978,39.908923],[41.313943,39.914956],[41.314644,39.918183],[41.315627,39.923375],[41.315556,39.926392],[41.316118,39.928075],[41.31717,39.929899],[41.319766,39.933127],[41.322853,39.936003],[41.325589,39.941054],[41.327343,39.944422],[41.329658,39.947789],[41.331131,39.948982],[41.332324,39.949894],[41.33499,39.951087],[41.337515,39.951788],[41.341234,39.952771],[41.3439,39.953402],[41.349653,39.954103],[41.353511,39.954875],[41.357089,39.956208],[41.359895,39.957401],[41.363403,39.960067],[41.365999,39.962101],[41.367963,39.964416],[41.368665,39.9661],[41.371413,39.970239],[41.374125,39.973233],[41.377306,39.975478],[41.381328,39.978565],[41.383854,39.980529],[41.385725,39.982306],[41.387408,39.98399],[41.389653,39.987077],[41.390589,39.989696],[41.391711,39.99297],[41.392366,39.994186],[41.394798,39.996805],[41.398353,39.999518],[41.40144,40.002324],[41.404246,40.004008],[41.407333,40.005318],[41.410794,40.006721],[41.414723,40.007656],[41.417342,40.008498],[41.420522,40.008872],[41.42258,40.009527],[41.424638,40.009808],[41.427408,40.010404],[41.42757,40.009757],[41.428136,40.008949],[41.428621,40.008464],[41.429591,40.00814],[41.429915,40.007493],[41.429187,40.006442],[41.427732,40.004744],[41.4266,40.003208],[41.42615,40.002353],[41.425664,40.001833],[41.424522,40.0005],[41.423379,39.998311],[41.422523,39.996027],[41.422047,39.994504],[41.421666,39.990316],[41.421381,39.985177],[41.421285,39.979656],[41.421666,39.976516],[41.423189,39.971757],[41.425949,39.96814],[41.429185,39.965665],[41.431374,39.963571],[41.43461,39.96024],[41.438227,39.956623],[41.444604,39.95234],[41.448792,39.950246],[41.451552,39.948819],[41.462117,39.940062],[41.470873,39.932924],[41.478964,39.928165],[41.48239,39.924643],[41.483627,39.921883],[41.484008,39.917981],[41.483913,39.913603],[41.482676,39.909891],[41.481058,39.904465],[41.480296,39.900563],[41.480106,39.898088],[41.480201,39.894757],[41.480201,39.890284],[41.480201,39.888761],[41.47963,39.879909],[41.478964,39.876483],[41.477155,39.870487],[41.474205,39.864871],[41.469922,39.859351],[41.4664,39.856781],[41.462593,39.853259],[41.459928,39.85107],[41.457929,39.849262],[41.457644,39.84812],[41.457739,39.845264],[41.45831,39.840696],[41.459357,39.837365],[41.459833,39.832986],[41.460594,39.824706],[41.45317,39.823088],[41.444033,39.820328],[41.438227,39.817853],[41.43423,39.815378],[41.430613,39.812713],[41.428519,39.810429],[41.427282,39.808145],[41.42614,39.8031],[41.42395,39.796628],[41.420429,39.792155],[41.415194,39.789014],[41.411292,39.787301],[41.399934,39.784055],[41.397289,39.784055],[41.386343,39.784055],[41.370449,39.784531],[41.364262,39.784531],[41.356838,39.784531],[41.348558,39.784531],[41.344945,39.784925],[41.33806,39.784724],[41.331397,39.784534],[41.325401,39.783487],[41.318072,39.780251],[41.310839,39.776158],[41.30332,39.772636],[41.295229,39.770542],[41.280953,39.767687],[41.27448,39.76683]]]}},{"type":"Feature","properties":{"id":"TR-D-25-014","parent_id":"TR-P-25","region_id":"TR-R-DOA","level":"district","municipality_type":null,"municipality_type_label":null,"is_metropolitan_municipality":null,"name":"Pasinler","name_ascii":"pasinler","slug":"pasinler-erzurum"},"geometry":{"type":"Polygon","coordinates":[[[41.852718,40.162202],[41.851005,40.15211],[41.849577,40.148208],[41.847864,40.145638],[41.845199,40.143354],[41.842439,40.141165],[41.835966,40.134598],[41.834063,40.132694],[41.831874,40.129363],[41.831112,40.126317],[41.830541,40.122129],[41.830446,40.116894],[41.830351,40.112326],[41.831207,40.106901],[41.831683,40.097288],[41.830636,40.091291],[41.830446,40.083677],[41.828447,40.069496],[41.827781,40.05855],[41.827305,40.051031],[41.8274,40.048461],[41.828162,40.045606],[41.828828,40.043036],[41.830827,40.038658],[41.831683,40.035898],[41.831588,40.034089],[41.831017,40.032471],[41.82997,40.030377],[41.829114,40.027807],[41.829114,40.02638],[41.829875,40.022573],[41.830065,40.020193],[41.830541,40.012864],[41.830827,40.005441],[41.830827,39.998397],[41.830065,39.992401],[41.827686,39.983074],[41.826163,39.980123],[41.82464,39.977077],[41.822546,39.973841],[41.820452,39.972223],[41.817692,39.970891],[41.815217,39.969273],[41.813409,39.966988],[41.812648,39.965466],[41.810363,39.960516],[41.80846,39.955186],[41.807032,39.947001],[41.806842,39.941005],[41.806556,39.937769],[41.806271,39.93339],[41.806651,39.929107],[41.807127,39.925015],[41.808365,39.918352],[41.809792,39.913213],[41.810554,39.907026],[41.81103,39.900364],[41.811886,39.894272],[41.812648,39.884374],[41.811981,39.878758],[41.811315,39.872762],[41.810744,39.865433],[41.810078,39.861626],[41.80865,39.858961],[41.80589,39.85582],[41.802939,39.852489],[41.798371,39.848491],[41.787425,39.843161],[41.781239,39.840687],[41.772958,39.839069],[41.764963,39.83726],[41.756683,39.835261],[41.754303,39.834786],[41.751829,39.833168],[41.747355,39.830027],[41.741835,39.828218],[41.737552,39.827457],[41.732317,39.827647],[41.726416,39.828599],[41.725725,39.828751],[41.722514,39.829456],[41.713948,39.832501],[41.705382,39.835452],[41.695102,39.836975],[41.689011,39.838593],[41.681682,39.839259],[41.674829,39.839259],[41.668262,39.838973],[41.663122,39.838402],[41.656555,39.837641],[41.650749,39.836784],[41.643801,39.835737],[41.638947,39.834024],[41.633522,39.831835],[41.62981,39.831454],[41.623147,39.830122],[41.615248,39.828504],[41.610489,39.827742],[41.603826,39.82622],[41.594975,39.82403],[41.589264,39.822793],[41.580983,39.819747],[41.569086,39.816797],[41.56052,39.813941],[41.550717,39.813466],[41.541389,39.814227],[41.535298,39.814703],[41.525887,39.817758],[41.521604,39.819376],[41.512466,39.821279],[41.490385,39.822422],[41.478393,39.823183],[41.465068,39.824516],[41.460594,39.824706],[41.459833,39.832986],[41.459357,39.837365],[41.45831,39.840696],[41.457739,39.845264],[41.457644,39.84812],[41.457929,39.849262],[41.459928,39.85107],[41.462593,39.853259],[41.4664,39.856781],[41.469922,39.859351],[41.474205,39.864871],[41.477155,39.870487],[41.478964,39.876483],[41.47963,39.879909],[41.480201,39.888761],[41.480201,39.890284],[41.480201,39.894757],[41.480106,39.898088],[41.480296,39.900563],[41.481058,39.904465],[41.482676,39.909891],[41.483913,39.913603],[41.484008,39.917981],[41.483627,39.921883],[41.48239,39.924643],[41.478964,39.928165],[41.470873,39.932924],[41.462117,39.940062],[41.451552,39.948819],[41.448792,39.950246],[41.444604,39.95234],[41.438227,39.956623],[41.43461,39.96024],[41.431374,39.963571],[41.429185,39.965665],[41.425949,39.96814],[41.423189,39.971757],[41.421666,39.976516],[41.421285,39.979656],[41.421381,39.985177],[41.421666,39.990316],[41.422047,39.994504],[41.422523,39.996027],[41.423379,39.998311],[41.424522,40.0005],[41.425664,40.001833],[41.42615,40.002353],[41.4266,40.003208],[41.427732,40.004744],[41.429187,40.006442],[41.429915,40.007493],[41.429591,40.00814],[41.428621,40.008464],[41.428136,40.008949],[41.42757,40.009757],[41.427408,40.010404],[41.428055,40.011293],[41.428864,40.012345],[41.429349,40.013881],[41.429591,40.01574],[41.429591,40.017519],[41.429672,40.018813],[41.429672,40.02043],[41.429591,40.021804],[41.429753,40.022855],[41.430319,40.023987],[41.431128,40.025281],[41.431774,40.026008],[41.432906,40.026898],[41.433715,40.028111],[41.434362,40.028757],[41.434847,40.029808],[41.435574,40.031345],[41.435655,40.032638],[41.435494,40.033285],[41.43517,40.03474],[41.435009,40.035792],[41.434928,40.037894],[41.434928,40.038621],[41.434362,40.039349],[41.434038,40.039915],[41.433877,40.040966],[41.433877,40.041775],[41.434362,40.042502],[41.434766,40.04323],[41.435332,40.0442],[41.436221,40.044928],[41.437192,40.045655],[41.438566,40.046141],[41.439132,40.046626],[41.439698,40.048081],[41.440264,40.04986],[41.440102,40.050911],[41.43994,40.052528],[41.440264,40.054307],[41.440587,40.055681],[41.440911,40.056651],[41.441477,40.05746],[41.442447,40.057945],[41.443013,40.059239],[41.443902,40.060613],[41.446489,40.062311],[41.447783,40.062958],[41.448268,40.063443],[41.448511,40.063847],[41.44843,40.064575],[41.448268,40.065222],[41.448187,40.066273],[41.448187,40.067081],[41.448672,40.068375],[41.449643,40.069102],[41.450357,40.06923],[41.454122,40.068648],[41.45812,40.067982],[41.461736,40.068648],[41.465448,40.068743],[41.472491,40.069886],[41.477441,40.070837],[41.481058,40.072931],[41.486483,40.077024],[41.492098,40.080355],[41.496952,40.083972],[41.50095,40.088731],[41.503234,40.091586],[41.507041,40.096821],[41.508469,40.09882],[41.51456,40.1071],[41.515798,40.109099],[41.518177,40.111954],[41.522079,40.115476],[41.5276,40.119378],[41.531502,40.121567],[41.537213,40.125375],[41.542828,40.129182],[41.54654,40.132513],[41.551014,40.134988],[41.555011,40.136891],[41.561864,40.13889],[41.57852,40.147361],[41.582613,40.150216],[41.590322,40.153833],[41.595272,40.157164],[41.597461,40.160686],[41.599174,40.165159],[41.599079,40.169918],[41.597746,40.175914],[41.592541,40.188371],[41.597061,40.190264],[41.603029,40.194192],[41.60877,40.197214],[41.611263,40.197818],[41.617608,40.197818],[41.622443,40.196836],[41.630979,40.195174],[41.635814,40.194117],[41.640195,40.193361],[41.642613,40.193512],[41.645936,40.194192],[41.649109,40.194419],[41.654095,40.194192],[41.657419,40.194041],[41.659685,40.194041],[41.662707,40.194721],[41.667164,40.196307],[41.672678,40.198649],[41.684991,40.203484],[41.685417,40.20001],[41.686464,40.196298],[41.688272,40.19192],[41.689795,40.188208],[41.692175,40.182783],[41.694078,40.180213],[41.696648,40.178309],[41.699123,40.177834],[41.702264,40.177453],[41.70569,40.177738],[41.712733,40.177262],[41.717778,40.176406],[41.72425,40.175835],[41.731674,40.174788],[41.741668,40.172408],[41.746427,40.170505],[41.754517,40.167745],[41.759656,40.164984],[41.763083,40.163081],[41.768984,40.159654],[41.773362,40.156894],[41.776788,40.155942],[41.78307,40.155657],[41.790875,40.155181],[41.800869,40.1548],[41.806103,40.155467],[41.810672,40.156038],[41.819904,40.158798],[41.827804,40.160987],[41.833229,40.161653],[41.841129,40.161844],[41.849695,40.161939],[41.852718,40.162202]]]}},{"type":"Feature","properties":{"id":"TR-D-25-015","parent_id":"TR-P-25","region_id":"TR-R-DOA","level":"district","municipality_type":null,"municipality_type_label":null,"is_metropolitan_municipality":null,"name":"Pazaryolu","name_ascii":"pazaryolu","slug":"pazaryolu-erzurum"},"geometry":{"type":"Polygon","coordinates":[[[40.599004,40.251599],[40.594198,40.253767],[40.591748,40.255934],[40.589109,40.258855],[40.586942,40.261211],[40.583173,40.263661],[40.578273,40.265074],[40.575352,40.266393],[40.573279,40.268184],[40.568944,40.273366],[40.564704,40.277512],[40.560275,40.280151],[40.556318,40.281187],[40.550853,40.283543],[40.546612,40.286464],[40.545293,40.288349],[40.541901,40.296264],[40.53898,40.303802],[40.537472,40.307477],[40.533514,40.315392],[40.528803,40.32491],[40.525882,40.329244],[40.525316,40.333579],[40.526259,40.337065],[40.529086,40.340363],[40.532101,40.342813],[40.534928,40.344321],[40.539168,40.345452],[40.545953,40.347148],[40.548874,40.347336],[40.553302,40.346771],[40.559239,40.347525],[40.570829,40.351671],[40.579875,40.358549],[40.582231,40.36147],[40.583927,40.367595],[40.584775,40.372495],[40.584492,40.377018],[40.583079,40.384368],[40.581571,40.389456],[40.580535,40.393979],[40.575917,40.400104],[40.571394,40.404439],[40.562725,40.411883],[40.557072,40.420269],[40.555281,40.425923],[40.55547,40.429033],[40.557731,40.43299],[40.558768,40.435723],[40.560275,40.439681],[40.562443,40.444015],[40.564516,40.448632],[40.564893,40.450423],[40.564987,40.455134],[40.564421,40.458903],[40.564421,40.461353],[40.566023,40.463426],[40.566589,40.464651],[40.56772,40.468043],[40.568662,40.470776],[40.570264,40.474451],[40.571489,40.476901],[40.574316,40.480576],[40.579121,40.485193],[40.581854,40.490658],[40.582796,40.496595],[40.584775,40.508939],[40.585906,40.515723],[40.586094,40.522319],[40.586565,40.529952],[40.586377,40.535417],[40.589581,40.537019],[40.597496,40.542296],[40.615211,40.553698],[40.618226,40.55709],[40.621618,40.559728],[40.628403,40.565005],[40.638957,40.573109],[40.644045,40.576784],[40.652808,40.581401],[40.658839,40.583851],[40.66242,40.585264],[40.665529,40.586207],[40.671466,40.589693],[40.675329,40.591766],[40.679946,40.593368],[40.688804,40.596289],[40.696813,40.598362],[40.701902,40.600718],[40.709346,40.603074],[40.714528,40.604016],[40.72169,40.604016],[40.729793,40.603545],[40.736766,40.603262],[40.749299,40.604864],[40.756272,40.607502],[40.760889,40.610895],[40.761209,40.611366],[40.768949,40.603347],[40.774946,40.59697],[40.779609,40.591925],[40.785035,40.584311],[40.788366,40.575555],[40.789032,40.573841],[40.789698,40.570891],[40.789984,40.569844],[40.789794,40.565275],[40.789318,40.55985],[40.787414,40.555186],[40.784844,40.548714],[40.78256,40.542813],[40.781799,40.538245],[40.781799,40.535294],[40.78275,40.531011],[40.784178,40.521779],[40.784273,40.513118],[40.784368,40.510453],[40.783131,40.505598],[40.78256,40.499031],[40.782465,40.494558],[40.783417,40.489894],[40.786177,40.482565],[40.789413,40.476474],[40.792173,40.470573],[40.794933,40.462959],[40.799311,40.454678],[40.800739,40.450871],[40.804166,40.442876],[40.806831,40.440877],[40.811304,40.438783],[40.814635,40.43726],[40.817681,40.435166],[40.820441,40.432787],[40.821393,40.430788],[40.82282,40.42641],[40.822916,40.424316],[40.823011,40.419367],[40.824819,40.414418],[40.827294,40.410991],[40.83072,40.409183],[40.837002,40.407565],[40.84376,40.405947],[40.849946,40.40509],[40.855181,40.403377],[40.860226,40.401473],[40.864985,40.399379],[40.869553,40.395191],[40.874598,40.38929],[40.877263,40.385674],[40.879547,40.383199],[40.881736,40.380058],[40.883164,40.377679],[40.884401,40.374157],[40.884496,40.371016],[40.884306,40.365686],[40.883449,40.363497],[40.879928,40.360737],[40.87612,40.358357],[40.863747,40.35417],[40.853563,40.350838],[40.847948,40.349601],[40.842332,40.34922],[40.835479,40.349125],[40.832148,40.349411],[40.825581,40.350077],[40.818157,40.350077],[40.811304,40.350362],[40.805879,40.349982],[40.800168,40.34903],[40.795409,40.347983],[40.789889,40.346555],[40.784654,40.345413],[40.780656,40.344937],[40.774946,40.345699],[40.769425,40.345508],[40.763048,40.342843],[40.758956,40.341225],[40.756291,40.339607],[40.754482,40.336752],[40.752769,40.334372],[40.748296,40.331136],[40.745916,40.329042],[40.742966,40.327329],[40.739159,40.326758],[40.735542,40.326282],[40.73183,40.325616],[40.728023,40.323141],[40.723454,40.321428],[40.718505,40.31981],[40.71346,40.318858],[40.708797,40.317907],[40.706512,40.316669],[40.702134,40.314195],[40.700421,40.312577],[40.69709,40.309912],[40.693187,40.306295],[40.689,40.302297],[40.686906,40.299823],[40.68367,40.297824],[40.680243,40.296016],[40.675294,40.293446],[40.671392,40.29021],[40.666442,40.286974],[40.661969,40.283262],[40.658162,40.280501],[40.654735,40.279169],[40.649786,40.27717],[40.642172,40.27441],[40.637603,40.272126],[40.632749,40.270222],[40.629132,40.267938],[40.623802,40.264607],[40.620186,40.261561],[40.615998,40.258991],[40.610953,40.256421],[40.606099,40.254518],[40.599004,40.251599]]]}},{"type":"Feature","properties":{"id":"TR-D-25-016","parent_id":"TR-P-25","region_id":"TR-R-DOA","level":"district","municipality_type":null,"municipality_type_label":null,"is_metropolitan_municipality":null,"name":"Şenkaya","name_ascii":"senkaya","slug":"senkaya-erzurum"},"geometry":{"type":"Polygon","coordinates":[[[42.369995,40.83917],[42.372522,40.835935],[42.377778,40.83078],[42.389908,40.826837],[42.397085,40.825523],[42.405677,40.82431],[42.410641,40.823741],[42.420662,40.820666],[42.449932,40.812331],[42.469677,40.810843],[42.490314,40.806279],[42.492696,40.80489],[42.496168,40.801516],[42.501427,40.796555],[42.509067,40.787526],[42.513928,40.782565],[42.518691,40.778696],[42.52385,40.774628],[42.541313,40.763615],[42.542504,40.762722],[42.54806,40.757364],[42.552227,40.751411],[42.555204,40.747442],[42.557883,40.743175],[42.559371,40.740199],[42.560462,40.736329],[42.560462,40.731269],[42.560859,40.724621],[42.561157,40.718371],[42.561157,40.715493],[42.560958,40.707456],[42.561951,40.7019],[42.563141,40.697535],[42.564456,40.694335],[42.567953,40.689423],[42.571153,40.682056],[42.573088,40.67588],[42.572865,40.669778],[42.571823,40.665685],[42.570812,40.659888],[42.570707,40.659286],[42.570111,40.656235],[42.568549,40.652663],[42.566986,40.649388],[42.564307,40.644849],[42.562372,40.639417],[42.562075,40.635771],[42.562075,40.631752],[42.562075,40.627511],[42.561703,40.62312],[42.560214,40.61553],[42.558428,40.608758],[42.555154,40.598489],[42.552029,40.590527],[42.551508,40.588592],[42.550094,40.584425],[42.548829,40.582862],[42.547117,40.581374],[42.544513,40.580034],[42.542057,40.578918],[42.539081,40.577355],[42.534392,40.57289],[42.531937,40.569839],[42.530448,40.567309],[42.529407,40.563589],[42.529183,40.559793],[42.529035,40.556445],[42.528663,40.551459],[42.527472,40.546399],[42.525835,40.540595],[42.525016,40.534939],[42.525165,40.531665],[42.525686,40.525563],[42.526356,40.518493],[42.528514,40.508373],[42.529704,40.502718],[42.532086,40.495276],[42.536923,40.486942],[42.53856,40.4827],[42.538783,40.480021],[42.537592,40.468561],[42.534392,40.456134],[42.531788,40.445344],[42.529555,40.435968],[42.527918,40.429717],[42.522561,40.421308],[42.51884,40.417215],[42.515119,40.414983],[42.512589,40.414537],[42.509687,40.414834],[42.503883,40.416322],[42.500385,40.416546],[42.498004,40.415578],[42.493688,40.413272],[42.487586,40.410444],[42.47501,40.406425],[42.460648,40.4033],[42.450527,40.400547],[42.448444,40.399654],[42.444351,40.3969],[42.440407,40.393328],[42.430882,40.384622],[42.421357,40.378818],[42.416148,40.376511],[42.411757,40.37465],[42.408409,40.373832],[42.405879,40.373906],[42.403125,40.373981],[42.399926,40.37413],[42.395907,40.37413],[42.389656,40.374204],[42.384745,40.374502],[42.372913,40.376362],[42.361602,40.379487],[42.355426,40.380008],[42.348654,40.379934],[42.339724,40.379636],[42.336897,40.37919],[42.334441,40.378446],[42.326702,40.37413],[42.322907,40.37212],[42.318888,40.369962],[42.31234,40.368028],[42.304824,40.367432],[42.295894,40.368325],[42.292769,40.368325],[42.287709,40.369144],[42.274686,40.370186],[42.265161,40.371227],[42.259654,40.371451],[42.256603,40.371674],[42.249013,40.372641],[42.242539,40.374576],[42.237777,40.376362],[42.231526,40.380157],[42.22148,40.385961],[42.216494,40.389012],[42.212699,40.390724],[42.205555,40.392882],[42.200197,40.394147],[42.1921,40.395108],[42.190519,40.403312],[42.18852,40.407119],[42.183666,40.411974],[42.179573,40.415781],[42.171483,40.422158],[42.168247,40.425774],[42.165011,40.430343],[42.159966,40.438624],[42.155778,40.448808],[42.155588,40.45014],[42.156064,40.451758],[42.158063,40.45528],[42.159681,40.457183],[42.163012,40.460134],[42.16739,40.464417],[42.173957,40.470032],[42.179763,40.473744],[42.183951,40.475743],[42.186235,40.477361],[42.189281,40.480216],[42.191946,40.483833],[42.193945,40.488783],[42.196039,40.496302],[42.197752,40.501917],[42.200988,40.507438],[42.204129,40.514481],[42.205747,40.520287],[42.206318,40.523332],[42.205747,40.527235],[42.204224,40.532374],[42.200798,40.538085],[42.196895,40.545319],[42.193183,40.553123],[42.189091,40.56226],[42.188044,40.567495],[42.187568,40.572064],[42.189091,40.57787],[42.190138,40.583104],[42.190614,40.586721],[42.190899,40.589672],[42.189662,40.595573],[42.186616,40.600808],[42.18338,40.606518],[42.181381,40.611372],[42.179859,40.614608],[42.17805,40.618225],[42.177955,40.620985],[42.17786,40.624888],[42.17805,40.630694],[42.178431,40.634501],[42.178145,40.63669],[42.177289,40.639069],[42.174433,40.642115],[42.173672,40.644304],[42.173672,40.646208],[42.174909,40.648778],[42.176432,40.649634],[42.179859,40.651918],[42.182238,40.653632],[42.185284,40.657819],[42.187949,40.663435],[42.189376,40.66591],[42.192803,40.668955],[42.197276,40.670573],[42.201654,40.672667],[42.207175,40.675047],[42.210125,40.676665],[42.212981,40.67933],[42.214979,40.682185],[42.216217,40.685231],[42.216693,40.690751],[42.216693,40.693035],[42.217168,40.696081],[42.21793,40.702649],[42.216978,40.70598],[42.215075,40.709311],[42.213932,40.712642],[42.21279,40.717306],[42.212,40.723226],[42.21291,40.729291],[42.21574,40.739602],[42.219278,40.748396],[42.221401,40.751126],[42.226253,40.753956],[42.232015,40.757191],[42.23525,40.761032],[42.238889,40.764671],[42.244246,40.768613],[42.24647,40.770736],[42.252838,40.777508],[42.254355,40.779732],[42.255568,40.782563],[42.256275,40.785696],[42.256781,40.788628],[42.259105,40.795501],[42.260318,40.798332],[42.262643,40.800252],[42.2679,40.802577],[42.272853,40.804094],[42.291048,40.807834],[42.302572,40.809855],[42.324507,40.817336],[42.337243,40.82239],[42.347554,40.826837],[42.357157,40.830476],[42.366153,40.836036],[42.369995,40.83917]]]}},{"type":"Feature","properties":{"id":"TR-D-25-017","parent_id":"TR-P-25","region_id":"TR-R-DOA","level":"district","municipality_type":null,"municipality_type_label":null,"is_metropolitan_municipality":null,"name":"Tekman","name_ascii":"tekman","slug":"tekman-erzurum"},"geometry":{"type":"Polygon","coordinates":[[[41.17264,39.380558],[41.172489,39.381169],[41.171312,39.385925],[41.169617,39.390076],[41.166906,39.394057],[41.162247,39.39914],[41.157249,39.402529],[41.152251,39.40524],[41.151298,39.406024],[41.166738,39.415717],[41.168452,39.417145],[41.171402,39.420762],[41.173115,39.425711],[41.176447,39.431612],[41.179016,39.434277],[41.180159,39.437132],[41.180444,39.438845],[41.180349,39.441796],[41.179873,39.443985],[41.179302,39.445508],[41.178541,39.446174],[41.177779,39.446269],[41.177113,39.445984],[41.175209,39.446269],[41.174448,39.44684],[41.173686,39.447507],[41.17283,39.447697],[41.171021,39.447983],[41.169499,39.448744],[41.168356,39.449886],[41.165787,39.450648],[41.161218,39.451314],[41.156745,39.45217],[41.14875,39.454169],[41.143705,39.455311],[41.135805,39.459214],[41.13276,39.461688],[41.129809,39.4654],[41.129238,39.467018],[41.129524,39.471111],[41.128953,39.475299],[41.125431,39.485578],[41.119625,39.499093],[41.116579,39.506613],[41.113724,39.510229],[41.109155,39.514798],[41.103921,39.519938],[41.100114,39.524601],[41.09802,39.528218],[41.096877,39.531264],[41.096687,39.534309],[41.096306,39.537355],[41.096116,39.539164],[41.096592,39.541353],[41.09802,39.543351],[41.099828,39.545636],[41.100114,39.547634],[41.099352,39.549919],[41.098305,39.551632],[41.096877,39.553631],[41.09545,39.556676],[41.095069,39.560579],[41.095355,39.56667],[41.096402,39.571905],[41.099923,39.57752],[41.103159,39.582279],[41.1063,39.587514],[41.108299,39.591702],[41.111059,39.596461],[41.114485,39.600078],[41.118578,39.603123],[41.123527,39.605979],[41.136757,39.612261],[41.142468,39.615116],[41.149511,39.62016],[41.152938,39.624253],[41.154746,39.627679],[41.15665,39.63063],[41.158268,39.632058],[41.161504,39.634723],[41.163883,39.637768],[41.165596,39.640529],[41.166453,39.643098],[41.167881,39.645478],[41.169308,39.647381],[41.172544,39.650142],[41.18073,39.654805],[41.189486,39.660135],[41.193959,39.663657],[41.198052,39.666798],[41.201193,39.668987],[41.204048,39.671652],[41.206523,39.672984],[41.209188,39.673556],[41.21271,39.673556],[41.216231,39.673936],[41.227367,39.675174],[41.22908,39.676316],[41.230889,39.677934],[41.23422,39.681455],[41.239835,39.688118],[41.241834,39.690973],[41.243643,39.694495],[41.252304,39.711532],[41.254303,39.716957],[41.255921,39.720669],[41.257637,39.723142],[41.260013,39.726284],[41.265438,39.735136],[41.268008,39.740276],[41.270197,39.746653],[41.271815,39.751602],[41.272958,39.756646],[41.274005,39.762167],[41.27448,39.76683],[41.280953,39.767687],[41.295229,39.770542],[41.30332,39.772636],[41.310839,39.776158],[41.318072,39.780251],[41.325401,39.783487],[41.331397,39.784534],[41.33806,39.784724],[41.344945,39.784925],[41.348558,39.784531],[41.356838,39.784531],[41.364262,39.784531],[41.370449,39.784531],[41.386343,39.784055],[41.397289,39.784055],[41.399934,39.784055],[41.411292,39.787301],[41.415194,39.789014],[41.420429,39.792155],[41.42395,39.796628],[41.42614,39.8031],[41.427282,39.808145],[41.428519,39.810429],[41.430613,39.812713],[41.43423,39.815378],[41.438227,39.817853],[41.444033,39.820328],[41.45317,39.823088],[41.460594,39.824706],[41.465068,39.824516],[41.478393,39.823183],[41.490385,39.822422],[41.512466,39.821279],[41.521604,39.819376],[41.525887,39.817758],[41.535298,39.814703],[41.541389,39.814227],[41.550717,39.813466],[41.56052,39.813941],[41.569086,39.816797],[41.580983,39.819747],[41.589264,39.822793],[41.594975,39.82403],[41.603826,39.82622],[41.610489,39.827742],[41.615248,39.828504],[41.623147,39.830122],[41.62981,39.831454],[41.633522,39.831835],[41.638947,39.834024],[41.643801,39.835737],[41.650749,39.836784],[41.656555,39.837641],[41.663122,39.838402],[41.668262,39.838973],[41.674829,39.839259],[41.681682,39.839259],[41.689011,39.838593],[41.695102,39.836975],[41.705382,39.835452],[41.713948,39.832501],[41.722514,39.829456],[41.725725,39.828751],[41.724101,39.821534],[41.721912,39.814015],[41.719913,39.807638],[41.716963,39.801737],[41.715345,39.798596],[41.715059,39.79574],[41.71544,39.792124],[41.717534,39.788126],[41.721246,39.784033],[41.723816,39.780131],[41.727432,39.774516],[41.732667,39.765188],[41.73438,39.761095],[41.735998,39.754909],[41.735998,39.752053],[41.735808,39.749674],[41.735142,39.747295],[41.734285,39.743773],[41.733809,39.740537],[41.733143,39.736063],[41.732477,39.729877],[41.73143,39.725689],[41.730859,39.720454],[41.73124,39.717218],[41.732287,39.713982],[41.738854,39.705987],[41.740853,39.70237],[41.745136,39.697326],[41.749704,39.694756],[41.756367,39.690187],[41.761697,39.688284],[41.767693,39.687142],[41.780891,39.683842],[41.78051,39.682985],[41.779368,39.681939],[41.778321,39.681272],[41.776894,39.68032],[41.775752,39.678512],[41.774514,39.676799],[41.773943,39.675847],[41.773943,39.675181],[41.773848,39.674324],[41.773277,39.673848],[41.772325,39.673848],[41.770517,39.673563],[41.768756,39.673372],[41.769565,39.672326],[41.770517,39.671374],[41.771278,39.669661],[41.771754,39.668233],[41.771849,39.667567],[41.771468,39.66652],[41.770993,39.665853],[41.770993,39.664902],[41.770517,39.663759],[41.769375,39.663379],[41.768137,39.662998],[41.767423,39.662094],[41.766805,39.660333],[41.766329,39.659001],[41.766329,39.657858],[41.766614,39.657192],[41.767185,39.656431],[41.767661,39.655193],[41.767376,39.65348],[41.767661,39.652624],[41.768423,39.651862],[41.768803,39.650625],[41.768899,39.648816],[41.769184,39.647579],[41.770231,39.646723],[41.772135,39.64539],[41.773658,39.644533],[41.774419,39.643962],[41.775466,39.642439],[41.776132,39.640726],[41.77737,39.638823],[41.77756,39.63749],[41.777274,39.636158],[41.776513,39.63492],[41.776132,39.633398],[41.776227,39.631875],[41.776608,39.629971],[41.777274,39.628829],[41.778607,39.627306],[41.78051,39.626259],[41.783842,39.625212],[41.786031,39.624831],[41.788791,39.624546],[41.790028,39.623975],[41.791551,39.622452],[41.792598,39.620739],[41.79273,39.619687],[41.792788,39.619216],[41.792709,39.61866],[41.792598,39.617883],[41.791646,39.616361],[41.791361,39.615123],[41.791266,39.613315],[41.791932,39.610745],[41.793074,39.606843],[41.79355,39.604463],[41.79336,39.601798],[41.793169,39.598943],[41.794597,39.5919],[41.79631,39.584381],[41.798594,39.577147],[41.802116,39.566773],[41.802877,39.564298],[41.805352,39.557731],[41.806209,39.555066],[41.80697,39.550497],[41.807351,39.547166],[41.811539,39.537362],[41.813061,39.534126],[41.812871,39.522705],[41.813252,39.518612],[41.813823,39.513282],[41.813059,39.506813],[41.80259,39.505956],[41.792215,39.505481],[41.784887,39.505861],[41.773656,39.507479],[41.766803,39.508336],[41.760235,39.508431],[41.755286,39.508336],[41.74691,39.508907],[41.742152,39.509954],[41.73863,39.511572],[41.733776,39.512904],[41.727304,39.513761],[41.725876,39.513571],[41.724639,39.512809],[41.722164,39.509859],[41.718833,39.505956],[41.713312,39.500626],[41.707887,39.496248],[41.704842,39.494725],[41.702272,39.495487],[41.699226,39.498057],[41.696276,39.500246],[41.693991,39.502911],[41.691612,39.507194],[41.690374,39.51062],[41.689899,39.516141],[41.690946,39.518806],[41.692564,39.522708],[41.694657,39.528038],[41.696942,39.536128],[41.696656,39.538888],[41.696371,39.543742],[41.695419,39.547835],[41.693896,39.551928],[41.691802,39.55583],[41.685711,39.561255],[41.680381,39.564872],[41.675336,39.567156],[41.670006,39.569536],[41.667532,39.570297],[41.657443,39.570107],[41.651637,39.569536],[41.649924,39.569345],[41.643927,39.567347],[41.635742,39.56116],[41.632125,39.557162],[41.629365,39.553451],[41.624511,39.54536],[41.619562,39.537746],[41.616421,39.532226],[41.615755,39.529085],[41.615183,39.524231],[41.614803,39.519377],[41.614898,39.516521],[41.613565,39.511953],[41.611281,39.506528],[41.609187,39.50272],[41.606237,39.499389],[41.603096,39.496534],[41.598813,39.494535],[41.594339,39.492346],[41.591103,39.490728],[41.585488,39.488158],[41.582157,39.48635],[41.579777,39.48397],[41.576731,39.4814],[41.574923,39.478735],[41.572639,39.475975],[41.570061,39.472917],[41.566063,39.470537],[41.559306,39.467587],[41.551501,39.464351],[41.545505,39.461019],[41.539318,39.457403],[41.531704,39.455213],[41.524375,39.453595],[41.518093,39.452929],[41.510194,39.452073],[41.505435,39.452929],[41.499724,39.454642],[41.496583,39.455404],[41.488969,39.456641],[41.482782,39.457307],[41.477452,39.457403],[41.475739,39.457022],[41.473455,39.455975],[41.468791,39.4535],[41.465365,39.451977],[41.460986,39.451311],[41.455847,39.45055],[41.453277,39.450264],[41.447852,39.449408],[41.445377,39.448361],[41.435859,39.445315],[41.427864,39.440746],[41.421011,39.436844],[41.417204,39.435416],[41.412065,39.432466],[41.397883,39.425803],[41.392172,39.42152],[41.388841,39.418379],[41.387128,39.414287],[41.386271,39.408005],[41.386367,39.40258],[41.386842,39.400105],[41.38808,39.392967],[41.388746,39.386875],[41.389507,39.380023],[41.388175,39.376025],[41.385891,39.373455],[41.383416,39.369553],[41.38275,39.365175],[41.382845,39.359654],[41.383702,39.357275],[41.384273,39.354895],[41.384844,39.351088],[41.384939,39.347852],[41.383892,39.34157],[41.383321,39.338334],[41.38294,39.335669],[41.382345,39.330242],[41.381366,39.330304],[41.367851,39.331827],[41.354145,39.334587],[41.337108,39.337728],[41.33016,39.338585],[41.321118,39.339251],[41.317502,39.33906],[41.310649,39.338489],[41.303796,39.338489],[41.296086,39.338204],[41.2899,39.338109],[41.283523,39.338013],[41.277717,39.337347],[41.266105,39.337347],[41.258015,39.337442],[41.249639,39.338109],[41.242501,39.339156],[41.233078,39.341154],[41.225083,39.345818],[41.217755,39.350577],[41.199575,39.365044],[41.186917,39.373039],[41.17778,39.377893],[41.17264,39.380558]]]}},{"type":"Feature","properties":{"id":"TR-D-25-018","parent_id":"TR-P-25","region_id":"TR-R-DOA","level":"district","municipality_type":null,"municipality_type_label":null,"is_metropolitan_municipality":null,"name":"Tortum","name_ascii":"tortum","slug":"tortum-erzurum"},"geometry":{"type":"Polygon","coordinates":[[[41.631403,40.455846],[41.632736,40.454323],[41.642634,40.445281],[41.649773,40.441569],[41.658815,40.437191],[41.667857,40.434335],[41.670426,40.433193],[41.674329,40.429957],[41.677755,40.425293],[41.680039,40.421962],[41.68318,40.417489],[41.687559,40.411778],[41.689272,40.409779],[41.691366,40.408352],[41.699932,40.404259],[41.704405,40.402546],[41.707546,40.401213],[41.710972,40.399119],[41.721347,40.392076],[41.727724,40.38627],[41.730103,40.381892],[41.731721,40.376181],[41.733435,40.369519],[41.732205,40.367258],[41.730241,40.365294],[41.727824,40.363557],[41.724877,40.360913],[41.721554,40.356758],[41.719212,40.353963],[41.715888,40.351696],[41.712111,40.349657],[41.708107,40.347617],[41.705614,40.347088],[41.701762,40.34588],[41.69806,40.345275],[41.695416,40.344218],[41.692697,40.342631],[41.688391,40.33961],[41.685898,40.336739],[41.682725,40.333642],[41.679401,40.332131],[41.676002,40.3313],[41.672225,40.328354],[41.671016,40.326314],[41.67079,40.324426],[41.670941,40.322311],[41.670638,40.320498],[41.669581,40.318458],[41.668448,40.316494],[41.666257,40.314832],[41.663915,40.311886],[41.662027,40.308184],[41.661498,40.305994],[41.661347,40.303576],[41.662027,40.300404],[41.663538,40.297609],[41.666257,40.293832],[41.668297,40.291792],[41.671092,40.289752],[41.676455,40.286277],[41.67857,40.284691],[41.680988,40.283029],[41.683178,40.282274],[41.684765,40.281367],[41.688013,40.279025],[41.691186,40.277515],[41.697909,40.274191],[41.703348,40.271094],[41.7106,40.264446],[41.711809,40.26218],[41.712262,40.259838],[41.712413,40.257723],[41.713168,40.255532],[41.714075,40.254172],[41.718759,40.249035],[41.722309,40.246014],[41.728881,40.239139],[41.730543,40.237402],[41.732129,40.234456],[41.732885,40.231283],[41.732809,40.228488],[41.732205,40.223653],[41.731525,40.221463],[41.729561,40.219574],[41.725935,40.217308],[41.721629,40.215193],[41.717852,40.213757],[41.706747,40.210887],[41.704255,40.210434],[41.698589,40.209074],[41.691035,40.206505],[41.689524,40.206052],[41.687484,40.204995],[41.684991,40.203484],[41.672678,40.198649],[41.667164,40.196307],[41.662707,40.194721],[41.659685,40.194041],[41.657419,40.194041],[41.654095,40.194192],[41.649109,40.194419],[41.645936,40.194192],[41.642613,40.193512],[41.640195,40.193361],[41.635814,40.194117],[41.630979,40.195174],[41.622443,40.196836],[41.617608,40.197818],[41.611263,40.197818],[41.60877,40.197214],[41.603029,40.194192],[41.597061,40.190264],[41.592541,40.188371],[41.591471,40.187922],[41.584219,40.184825],[41.580744,40.18339],[41.574701,40.181954],[41.567297,40.179764],[41.561859,40.179008],[41.554984,40.178328],[41.545617,40.177875],[41.536552,40.180519],[41.535646,40.181048],[41.521973,40.193663],[41.517591,40.198574],[41.516005,40.201444],[41.513059,40.205372],[41.511774,40.206657],[41.508224,40.208923],[41.497573,40.214362],[41.493418,40.22033],[41.492058,40.223578],[41.489792,40.228035],[41.48813,40.229999],[41.481935,40.234229],[41.477478,40.236571],[41.474457,40.237024],[41.470151,40.237478],[41.465543,40.237553],[41.460104,40.237402],[41.455194,40.237402],[41.448093,40.236949],[41.441218,40.236873],[41.434873,40.237704],[41.425204,40.239139],[41.412513,40.239064],[41.400048,40.236647],[41.397178,40.235891],[41.394609,40.234003],[41.389926,40.230905],[41.385771,40.227657],[41.381767,40.224787],[41.377235,40.22252],[41.373533,40.221085],[41.368925,40.219952],[41.364846,40.218441],[41.36326,40.21761],[41.359482,40.214513],[41.356536,40.212096],[41.351702,40.208621],[41.346565,40.205599],[41.34309,40.20439],[41.341126,40.203484],[41.339539,40.2022],[41.336216,40.199858],[41.33191,40.199253],[41.326471,40.198498],[41.320956,40.19812],[41.316273,40.196609],[41.312647,40.194494],[41.307057,40.191095],[41.299653,40.189357],[41.292175,40.189282],[41.281599,40.189886],[41.270268,40.193663],[41.264224,40.195854],[41.258559,40.198649],[41.255613,40.200991],[41.254782,40.202048],[41.253497,40.206279],[41.252667,40.211416],[41.252213,40.215042],[41.251307,40.218441],[41.250627,40.220707],[41.25031,40.222065],[41.250098,40.222974],[41.250249,40.224787],[41.250929,40.227128],[41.252213,40.230754],[41.253875,40.233776],[41.255688,40.235816],[41.257123,40.237402],[41.257577,40.238384],[41.256821,40.242388],[41.256217,40.24405],[41.255688,40.245107],[41.253195,40.247071],[41.251307,40.248431],[41.245339,40.250622],[41.241864,40.25251],[41.239598,40.253417],[41.235443,40.254248],[41.231893,40.255003],[41.22872,40.255456],[41.227133,40.256438],[41.225698,40.258176],[41.224036,40.260064],[41.222374,40.261877],[41.221317,40.263464],[41.220335,40.263917],[41.218975,40.263917],[41.215122,40.263313],[41.210439,40.264672],[41.207644,40.266032],[41.206662,40.267543],[41.206662,40.269885],[41.207266,40.272],[41.207342,40.274493],[41.207039,40.275626],[41.205831,40.276835],[41.203791,40.278043],[41.201525,40.279554],[41.200921,40.280687],[41.200467,40.283407],[41.199561,40.28658],[41.198277,40.289072],[41.196841,40.292698],[41.196917,40.294663],[41.197672,40.297533],[41.197748,40.299271],[41.197672,40.301839],[41.197521,40.303728],[41.196237,40.305238],[41.194575,40.307202],[41.191251,40.309695],[41.187247,40.311962],[41.183697,40.314001],[41.180222,40.316041],[41.178182,40.317023],[41.175841,40.318383],[41.174859,40.319818],[41.173726,40.322009],[41.172668,40.324048],[41.171233,40.325181],[41.168438,40.326466],[41.167635,40.326546],[41.1708,40.330702],[41.174905,40.336057],[41.176958,40.338913],[41.177493,40.342215],[41.177493,40.346588],[41.177672,40.352746],[41.177136,40.355513],[41.175351,40.367918],[41.174727,40.375861],[41.174459,40.381752],[41.174548,40.389962],[41.175798,40.395942],[41.177047,40.402011],[41.177136,40.409954],[41.176869,40.414595],[41.176869,40.418343],[41.178029,40.423609],[41.179992,40.430927],[41.181866,40.435835],[41.185436,40.443778],[41.190345,40.455381],[41.194004,40.466358],[41.194093,40.474747],[41.193558,40.481709],[41.193558,40.486171],[41.193915,40.490812],[41.194539,40.494292],[41.195521,40.496167],[41.197931,40.500004],[41.199894,40.507144],[41.200519,40.511339],[41.200876,40.514016],[41.201412,40.515712],[41.203553,40.518211],[41.206766,40.520888],[41.210515,40.523387],[41.22051,40.527403],[41.231845,40.532401],[41.255585,40.53963],[41.278432,40.547573],[41.291641,40.550875],[41.300298,40.554177],[41.307348,40.555695],[41.315737,40.556676],[41.320289,40.556855],[41.324841,40.557569],[41.328321,40.558551],[41.331356,40.560692],[41.333408,40.563905],[41.334718,40.56582],[41.335147,40.565352],[41.33924,40.56421],[41.352755,40.561925],[41.363701,40.562116],[41.378929,40.566018],[41.388694,40.569221],[41.397264,40.570682],[41.402404,40.57006],[41.408591,40.569869],[41.411731,40.570155],[41.417823,40.560828],[41.419917,40.557211],[41.422391,40.553213],[41.42677,40.54893],[41.431814,40.544838],[41.436573,40.540459],[41.443045,40.534939],[41.447804,40.531037],[41.455323,40.528562],[41.463128,40.528752],[41.471123,40.528943],[41.480545,40.529419],[41.482449,40.529228],[41.483781,40.528657],[41.492062,40.521043],[41.501485,40.51143],[41.514619,40.501531],[41.52014,40.49839],[41.527659,40.495916],[41.537938,40.493536],[41.547265,40.491157],[41.553357,40.4903],[41.560495,40.488016],[41.563255,40.486779],[41.569061,40.484209],[41.574011,40.480592],[41.576295,40.478498],[41.586669,40.471169],[41.591238,40.468409],[41.599994,40.463365],[41.605134,40.4607],[41.614081,40.45794],[41.625978,40.455655],[41.631403,40.455846]]]}},{"type":"Feature","properties":{"id":"TR-D-25-019","parent_id":"TR-P-25","region_id":"TR-R-DOA","level":"district","municipality_type":null,"municipality_type_label":null,"is_metropolitan_municipality":null,"name":"Uzundere","name_ascii":"uzundere","slug":"uzundere-erzurum"},"geometry":{"type":"Polygon","coordinates":[[[41.746193,40.662544],[41.746413,40.661889],[41.746901,40.660362],[41.747343,40.659846],[41.747637,40.65933],[41.747564,40.658447],[41.747564,40.657784],[41.747932,40.657047],[41.748448,40.656311],[41.748963,40.655648],[41.749405,40.654911],[41.749479,40.65388],[41.749626,40.652849],[41.749552,40.652112],[41.749626,40.651523],[41.7497,40.650934],[41.750215,40.650492],[41.750805,40.649902],[41.751468,40.648871],[41.751836,40.647693],[41.752204,40.646588],[41.753162,40.644894],[41.753677,40.644157],[41.753677,40.642877],[41.754,40.642211],[41.754571,40.641449],[41.755428,40.640688],[41.756475,40.639736],[41.756855,40.638213],[41.758188,40.636976],[41.75933,40.6365],[41.760377,40.63631],[41.761614,40.635072],[41.762756,40.63393],[41.764089,40.633645],[41.766088,40.633549],[41.766944,40.632883],[41.767706,40.631265],[41.768182,40.628981],[41.767991,40.624032],[41.768848,40.619368],[41.7698,40.609374],[41.770656,40.603473],[41.771989,40.594146],[41.772274,40.587293],[41.770561,40.583486],[41.7698,40.579107],[41.769609,40.576918],[41.769609,40.573397],[41.769229,40.570922],[41.768372,40.568067],[41.766754,40.56464],[41.764184,40.560072],[41.760853,40.556074],[41.75914,40.554456],[41.757426,40.551791],[41.754952,40.547889],[41.751335,40.543415],[41.746386,40.538466],[41.741151,40.533993],[41.734584,40.52971],[41.725732,40.526664],[41.719831,40.524094],[41.714596,40.522571],[41.707077,40.51924],[41.70089,40.517527],[41.694989,40.515623],[41.686994,40.513815],[41.67938,40.512387],[41.677572,40.511245],[41.675954,40.510198],[41.673384,40.507819],[41.670338,40.50601],[41.664342,40.50306],[41.659583,40.498967],[41.655776,40.494303],[41.654539,40.490591],[41.652445,40.486404],[41.651493,40.483929],[41.650541,40.480693],[41.648066,40.4766],[41.64445,40.47384],[41.641785,40.471365],[41.640262,40.469462],[41.638073,40.465179],[41.633885,40.459087],[41.631403,40.455846],[41.625978,40.455655],[41.614081,40.45794],[41.605134,40.4607],[41.599994,40.463365],[41.591238,40.468409],[41.586669,40.471169],[41.576295,40.478498],[41.574011,40.480592],[41.569061,40.484209],[41.563255,40.486779],[41.560495,40.488016],[41.553357,40.4903],[41.547265,40.491157],[41.537938,40.493536],[41.527659,40.495916],[41.52014,40.49839],[41.514619,40.501531],[41.501485,40.51143],[41.492062,40.521043],[41.483781,40.528657],[41.482449,40.529228],[41.480545,40.529419],[41.471123,40.528943],[41.463128,40.528752],[41.455323,40.528562],[41.447804,40.531037],[41.443045,40.534939],[41.436573,40.540459],[41.431814,40.544838],[41.42677,40.54893],[41.422391,40.553213],[41.419917,40.557211],[41.417823,40.560828],[41.411731,40.570155],[41.415919,40.57263],[41.420297,40.576342],[41.426423,40.581627],[41.430516,40.585815],[41.434609,40.589337],[41.438416,40.593525],[41.441652,40.597903],[41.441747,40.600473],[41.441557,40.603614],[41.441652,40.605898],[41.442223,40.60685],[41.444698,40.608277],[41.449171,40.609515],[41.452693,40.611133],[41.45669,40.612751],[41.470872,40.619889],[41.479438,40.627123],[41.4861,40.632357],[41.497141,40.638354],[41.506564,40.642351],[41.510085,40.643208],[41.513512,40.644731],[41.518746,40.647491],[41.525123,40.650632],[41.527693,40.65244],[41.530929,40.656438],[41.532642,40.658817],[41.53388,40.659769],[41.536259,40.66034],[41.544159,40.662244],[41.546158,40.663576],[41.548347,40.665004],[41.549489,40.667193],[41.550631,40.668906],[41.55263,40.67119],[41.556342,40.675378],[41.558912,40.677567],[41.561386,40.679661],[41.568715,40.682802],[41.577376,40.686038],[41.589178,40.690607],[41.593842,40.691558],[41.599648,40.691844],[41.606406,40.692034],[41.609451,40.69251],[41.61383,40.694414],[41.619921,40.698506],[41.623633,40.699744],[41.628963,40.700696],[41.633246,40.700125],[41.645524,40.69746],[41.659515,40.692701],[41.669033,40.688513],[41.679312,40.68423],[41.693304,40.678709],[41.703964,40.674617],[41.714243,40.669667],[41.723475,40.665289],[41.728805,40.663862],[41.737847,40.662624],[41.746193,40.662544]]]}},{"type":"Feature","properties":{"id":"TR-D-25-020","parent_id":"TR-P-25","region_id":"TR-R-DOA","level":"district","municipality_type":null,"municipality_type_label":null,"is_metropolitan_municipality":null,"name":"Yakutiye","name_ascii":"yakutiye","slug":"yakutiye-erzurum"},"geometry":{"type":"Polygon","coordinates":[[[41.215944,39.868724],[41.215025,39.868876],[41.214824,39.86953],[41.21422,39.870738],[41.212207,39.8728],[41.210899,39.874008],[41.211151,39.87441],[41.213163,39.875467],[41.215276,39.876624],[41.215578,39.876976],[41.215478,39.877731],[41.214723,39.879391],[41.213515,39.881857],[41.212409,39.883668],[41.212056,39.884574],[41.211805,39.885228],[41.211201,39.885781],[41.209742,39.88719],[41.208585,39.888699],[41.206824,39.891416],[41.205264,39.89363],[41.204761,39.894586],[41.203755,39.89695],[41.202547,39.899114],[41.202359,39.899462],[41.202115,39.899848],[41.201926,39.900311],[41.201785,39.900717],[41.201447,39.901394],[41.201286,39.901635],[41.201334,39.90207],[41.201535,39.903085],[41.202131,39.904736],[41.202324,39.904969],[41.203266,39.90538],[41.20416,39.905607],[41.204858,39.905886],[41.205787,39.906338],[41.206568,39.906869],[41.207578,39.907681],[41.209696,39.909557],[41.211227,39.917419],[41.211329,39.921402],[41.2099,39.925792],[41.205407,39.930285],[41.193767,39.936615],[41.186416,39.938249],[41.152211,39.945192],[41.143021,39.946928],[41.140469,39.949072],[41.139039,39.952135],[41.138222,39.955709],[41.13812,39.959793],[41.138222,39.964796],[41.139345,39.967042],[41.140469,39.96694],[41.142715,39.966634],[41.144246,39.966634],[41.145778,39.966634],[41.147003,39.967247],[41.147412,39.968166],[41.148535,39.96837],[41.149862,39.967961],[41.151394,39.967553],[41.152925,39.967145],[41.155274,39.967349],[41.157316,39.967655],[41.158235,39.968268],[41.158337,39.969085],[41.15946,39.969595],[41.160992,39.969697],[41.162932,39.969697],[41.165995,39.969085],[41.167935,39.969289],[41.169671,39.970412],[41.170794,39.973577],[41.171304,39.980214],[41.169773,39.989608],[41.167833,39.994713],[41.164974,39.998797],[41.160992,40.003086],[41.155172,40.006149],[41.145778,40.008293],[41.139754,40.00962],[41.131585,40.011662],[41.123417,40.014419],[41.110858,40.020341],[41.108918,40.022485],[41.106468,40.026672],[41.10514,40.030654],[41.105753,40.036372],[41.106366,40.04015],[41.111164,40.050462],[41.115044,40.055874],[41.116984,40.062306],[41.119537,40.075682],[41.11872,40.085688],[41.118005,40.090896],[41.116474,40.096001],[41.116576,40.097737],[41.116576,40.101617],[41.116984,40.104884],[41.117801,40.109275],[41.119333,40.112338],[41.12015,40.113869],[41.120967,40.11632],[41.121069,40.119485],[41.121375,40.123672],[41.121375,40.127245],[41.121681,40.133269],[41.121988,40.138885],[41.122192,40.143071],[41.122498,40.147054],[41.122907,40.150117],[41.123213,40.154201],[41.123315,40.158285],[41.123315,40.162267],[41.12403,40.16727],[41.125357,40.170538],[41.129135,40.177889],[41.132811,40.183097],[41.135465,40.187181],[41.139958,40.190652],[41.150373,40.198719],[41.156091,40.201271],[41.162421,40.204028],[41.167833,40.205253],[41.172019,40.206581],[41.178043,40.209133],[41.182434,40.211686],[41.186518,40.213013],[41.191623,40.214443],[41.200302,40.216587],[41.217149,40.219242],[41.231955,40.220671],[41.25031,40.222065],[41.250627,40.220707],[41.251307,40.218441],[41.252213,40.215042],[41.252667,40.211416],[41.253497,40.206279],[41.254782,40.202048],[41.255613,40.200991],[41.258559,40.198649],[41.264224,40.195854],[41.270268,40.193663],[41.281599,40.189886],[41.292175,40.189282],[41.299653,40.189357],[41.307057,40.191095],[41.312647,40.194494],[41.316273,40.196609],[41.320956,40.19812],[41.326471,40.198498],[41.33191,40.199253],[41.336216,40.199858],[41.339539,40.2022],[41.341126,40.203484],[41.34309,40.20439],[41.346565,40.205599],[41.351702,40.208621],[41.356536,40.212096],[41.359482,40.214513],[41.36326,40.21761],[41.364846,40.218441],[41.368925,40.219952],[41.373533,40.221085],[41.377235,40.22252],[41.381767,40.224787],[41.385771,40.227657],[41.389926,40.230905],[41.394609,40.234003],[41.397178,40.235891],[41.400048,40.236647],[41.412513,40.239064],[41.425204,40.239139],[41.434873,40.237704],[41.441218,40.236873],[41.448093,40.236949],[41.455194,40.237402],[41.460104,40.237402],[41.465543,40.237553],[41.470151,40.237478],[41.474457,40.237024],[41.477478,40.236571],[41.481935,40.234229],[41.48813,40.229999],[41.489792,40.228035],[41.492058,40.223578],[41.493418,40.22033],[41.497573,40.214362],[41.508224,40.208923],[41.511774,40.206657],[41.513059,40.205372],[41.516005,40.201444],[41.517591,40.198574],[41.521973,40.193663],[41.535646,40.181048],[41.536552,40.180519],[41.545617,40.177875],[41.554984,40.178328],[41.561859,40.179008],[41.567297,40.179764],[41.574701,40.181954],[41.580744,40.18339],[41.584219,40.184825],[41.591471,40.187922],[41.592541,40.188371],[41.597746,40.175914],[41.599079,40.169918],[41.599174,40.165159],[41.597461,40.160686],[41.595272,40.157164],[41.590322,40.153833],[41.582613,40.150216],[41.57852,40.147361],[41.561864,40.13889],[41.555011,40.136891],[41.551014,40.134988],[41.54654,40.132513],[41.542828,40.129182],[41.537213,40.125375],[41.531502,40.121567],[41.5276,40.119378],[41.522079,40.115476],[41.518177,40.111954],[41.515798,40.109099],[41.51456,40.1071],[41.508469,40.09882],[41.507041,40.096821],[41.503234,40.091586],[41.50095,40.088731],[41.496952,40.083972],[41.492098,40.080355],[41.486483,40.077024],[41.481058,40.072931],[41.477441,40.070837],[41.472491,40.069886],[41.465448,40.068743],[41.461736,40.068648],[41.45812,40.067982],[41.454122,40.068648],[41.450357,40.06923],[41.449643,40.069102],[41.448672,40.068375],[41.448187,40.067081],[41.448187,40.066273],[41.448268,40.065222],[41.44843,40.064575],[41.448511,40.063847],[41.448268,40.063443],[41.447783,40.062958],[41.446489,40.062311],[41.443902,40.060613],[41.443013,40.059239],[41.442447,40.057945],[41.441477,40.05746],[41.440911,40.056651],[41.440587,40.055681],[41.440264,40.054307],[41.43994,40.052528],[41.440102,40.050911],[41.440264,40.04986],[41.439698,40.048081],[41.439132,40.046626],[41.438566,40.046141],[41.437192,40.045655],[41.436221,40.044928],[41.435332,40.0442],[41.434766,40.04323],[41.434362,40.042502],[41.433877,40.041775],[41.433877,40.040966],[41.434038,40.039915],[41.434362,40.039349],[41.434928,40.038621],[41.434928,40.037894],[41.435009,40.035792],[41.43517,40.03474],[41.435494,40.033285],[41.435655,40.032638],[41.435574,40.031345],[41.434847,40.029808],[41.434362,40.028757],[41.433715,40.028111],[41.432906,40.026898],[41.431774,40.026008],[41.431128,40.025281],[41.430319,40.023987],[41.429753,40.022855],[41.429591,40.021804],[41.429672,40.02043],[41.429672,40.018813],[41.429591,40.017519],[41.429591,40.01574],[41.429349,40.013881],[41.428864,40.012345],[41.428055,40.011293],[41.427408,40.010404],[41.424638,40.009808],[41.42258,40.009527],[41.420522,40.008872],[41.417342,40.008498],[41.414723,40.007656],[41.410794,40.006721],[41.407333,40.005318],[41.404246,40.004008],[41.40144,40.002324],[41.398353,39.999518],[41.394798,39.996805],[41.392366,39.994186],[41.391711,39.99297],[41.390589,39.989696],[41.389653,39.987077],[41.387408,39.98399],[41.385725,39.982306],[41.383854,39.980529],[41.381328,39.978565],[41.377306,39.975478],[41.374125,39.973233],[41.371413,39.970239],[41.368665,39.9661],[41.367963,39.964416],[41.365999,39.962101],[41.363403,39.960067],[41.359895,39.957401],[41.357089,39.956208],[41.353511,39.954875],[41.349653,39.954103],[41.3439,39.953402],[41.341234,39.952771],[41.337515,39.951788],[41.33499,39.951087],[41.332324,39.949894],[41.331131,39.948982],[41.329658,39.947789],[41.327343,39.944422],[41.325589,39.941054],[41.322853,39.936003],[41.319766,39.933127],[41.31717,39.929899],[41.316118,39.928075],[41.315556,39.926392],[41.315627,39.923375],[41.314644,39.918183],[41.313943,39.914956],[41.311978,39.908923],[41.310154,39.906327],[41.30833,39.905625],[41.301946,39.905836],[41.29706,39.905729],[41.295479,39.905596],[41.29428,39.905412],[41.293264,39.905063],[41.292482,39.904713],[41.290867,39.903598],[41.289435,39.902566],[41.287271,39.901017],[41.285756,39.899819],[41.285023,39.899352],[41.284174,39.898786],[41.283175,39.898154],[41.282127,39.897671],[41.280994,39.897271],[41.279929,39.896988],[41.27853,39.896772],[41.277065,39.896722],[41.275617,39.896789],[41.273819,39.897072],[41.272637,39.897421],[41.271521,39.897871],[41.269973,39.898553],[41.267542,39.899735],[41.266046,39.90034],[41.264927,39.899735],[41.262486,39.898321],[41.261183,39.897514],[41.260632,39.89722],[41.259659,39.896853],[41.257824,39.896156],[41.254833,39.895073],[41.251878,39.894008],[41.250483,39.893476],[41.247656,39.892669],[41.245821,39.892228],[41.244335,39.891843],[41.243362,39.891494],[41.242609,39.891035],[41.24193,39.890503],[41.241471,39.890063],[41.241178,39.889585],[41.240756,39.888943],[41.24026,39.888135],[41.23982,39.88753],[41.239398,39.887108],[41.238737,39.88663],[41.236755,39.885217],[41.234185,39.883474],[41.232588,39.882373],[41.229909,39.880519],[41.228367,39.879473],[41.226128,39.877968],[41.224311,39.876646],[41.222953,39.875563],[41.221026,39.87382],[41.219007,39.871985],[41.217649,39.8707],[41.216529,39.869452],[41.215944,39.868724]]]}}]}