{"type":"FeatureCollection","province":"Eskişehir","province_id":"TR-P-26","features":[{"type":"Feature","properties":{"id":"TR-D-26-001","parent_id":"TR-P-26","region_id":"TR-R-ICA","level":"district","municipality_type":null,"municipality_type_label":null,"is_metropolitan_municipality":null,"name":"Alpu","name_ascii":"alpu","slug":"alpu-eskisehir"},"geometry":{"type":"Polygon","coordinates":[[[31.16518,39.881289],[31.165297,39.876132],[31.164829,39.870858],[31.162367,39.860427],[31.159555,39.852692],[31.157093,39.846129],[31.154984,39.840269],[31.15053,39.833471],[31.144904,39.828666],[31.13799,39.821517],[31.134122,39.817883],[31.132481,39.813195],[31.132715,39.810031],[31.13588,39.803702],[31.13881,39.797842],[31.143615,39.791044],[31.149475,39.784598],[31.153577,39.77909],[31.155335,39.774636],[31.155379,39.770366],[31.153929,39.766081],[31.150501,39.759224],[31.143253,39.747007],[31.139199,39.741658],[31.137382,39.73826],[31.135931,39.735491],[31.134283,39.733118],[31.130262,39.730085],[31.123471,39.726393],[31.120768,39.725141],[31.11734,39.722768],[31.113846,39.719076],[31.112066,39.715186],[31.111671,39.71334],[31.110748,39.707934],[31.111506,39.702933],[31.111473,39.693563],[31.111671,39.689014],[31.112066,39.683674],[31.112,39.679586],[31.111011,39.671016],[31.109759,39.662643],[31.109429,39.660336],[31.107847,39.656315],[31.106067,39.654337],[31.100661,39.650447],[31.095519,39.646558],[31.090814,39.643671],[31.087175,39.645546],[31.081235,39.646689],[31.075873,39.647656],[31.070687,39.648096],[31.062161,39.647744],[31.053634,39.647832],[31.044668,39.648447],[31.03456,39.649326],[31.029198,39.650118],[31.022605,39.652843],[31.017419,39.655743],[31.011881,39.658204],[31.006959,39.660226],[31.004761,39.660754],[31.002476,39.661457],[30.999927,39.661193],[30.996587,39.660138],[30.990434,39.657589],[30.984368,39.655831],[30.980237,39.655567],[30.969865,39.653985],[30.96336,39.653194],[30.9529,39.651788],[30.936638,39.650469],[30.910144,39.650277],[30.896556,39.649942],[30.889787,39.651964],[30.885832,39.653106],[30.88047,39.655392],[30.875635,39.66005],[30.871328,39.669368],[30.868252,39.67974],[30.86412,39.689761],[30.858231,39.702946],[30.856033,39.711209],[30.855682,39.712351],[30.855506,39.719735],[30.856209,39.727646],[30.857703,39.73837],[30.861219,39.75217],[30.864296,39.763597],[30.866058,39.772635],[30.868518,39.784032],[30.868704,39.785354],[30.86942,39.790427],[30.869911,39.795101],[30.869911,39.799446],[30.869502,39.807481],[30.869256,39.810515],[30.868928,39.812729],[30.868764,39.815106],[30.867513,39.819759],[30.866775,39.822158],[30.864869,39.825171],[30.862471,39.827446],[30.862225,39.829106],[30.861364,39.832919],[30.860565,39.837182],[30.86163,39.840872],[30.866386,39.848333],[30.869993,39.854564],[30.873683,39.859402],[30.879914,39.864649],[30.884752,39.867437],[30.894919,39.874816],[30.902626,39.878997],[30.909513,39.883179],[30.914432,39.886212],[30.919844,39.889984],[30.924189,39.894575],[30.927193,39.900757],[30.930036,39.907644],[30.929489,39.910923],[30.929052,39.914094],[30.929489,39.917701],[30.930692,39.920981],[30.932878,39.924698],[30.935283,39.928852],[30.937579,39.933771],[30.941296,39.938144],[30.944794,39.943064],[30.946543,39.94525],[30.950151,39.953558],[30.950479,39.958587],[30.950806,39.963507],[30.951134,39.968535],[30.950806,39.973455],[30.950588,39.978046],[30.949385,39.981107],[30.947418,39.983949],[30.944903,39.986792],[30.942935,39.988432],[30.939328,39.989853],[30.932441,39.990618],[30.926428,39.990509],[30.920087,39.989634],[30.912544,39.988869],[30.906313,39.98876],[30.901612,39.98701],[30.897021,39.983621],[30.892867,39.981326],[30.885324,39.979577],[30.873626,39.977937],[30.864006,39.975204],[30.854495,39.972689],[30.849904,39.971596],[30.846187,39.971487],[30.837441,39.972689],[30.832631,39.974329],[30.817326,39.976953],[30.810221,39.978374],[30.803005,39.979686],[30.78934,39.9822],[30.782672,39.982638],[30.77819,39.983403],[30.772505,39.984168],[30.765946,39.985152],[30.759605,39.986573],[30.752281,39.986245],[30.747033,39.986245],[30.740802,39.983949],[30.741098,39.989136],[30.741456,39.997012],[30.741725,40.007931],[30.74253,40.015717],[30.743515,40.018402],[30.7462,40.020281],[30.755507,40.023056],[30.762667,40.023772],[30.76759,40.026636],[30.772512,40.031737],[30.77475,40.033885],[30.77824,40.036302],[30.785848,40.03845],[30.797662,40.040866],[30.803926,40.041403],[30.807954,40.042477],[30.813413,40.046863],[30.817978,40.051069],[30.822721,40.056171],[30.825854,40.059661],[30.828807,40.062525],[30.832566,40.068521],[30.83373,40.07058],[30.837668,40.07407],[30.844112,40.077561],[30.849798,40.079858],[30.854348,40.081652],[30.854114,40.081258],[30.853881,40.080906],[30.852832,40.079432],[30.852572,40.079053],[30.852324,40.078669],[30.852094,40.07828],[30.851909,40.077927],[30.851745,40.077569],[30.851604,40.077208],[30.851486,40.076843],[30.851398,40.076476],[30.85134,40.076087],[30.851315,40.075696],[30.851317,40.075304],[30.851345,40.074912],[30.851399,40.074521],[30.851477,40.074141],[30.851575,40.073763],[30.851689,40.073386],[30.851949,40.072635],[30.852269,40.071814],[30.852605,40.070994],[30.853804,40.06813],[30.854036,40.067598],[30.854335,40.066909],[30.854719,40.066107],[30.854929,40.065714],[30.855159,40.06533],[30.855361,40.06503],[30.855579,40.064738],[30.855815,40.064455],[30.856069,40.064182],[30.856419,40.063854],[30.856798,40.063545],[30.857201,40.063255],[30.857762,40.062911],[30.85817,40.062695],[30.858582,40.0625],[30.859005,40.062319],[30.859438,40.062149],[30.859879,40.061992],[30.860328,40.061849],[30.860785,40.061721],[30.861303,40.061599],[30.861828,40.061494],[30.862359,40.061401],[30.863433,40.061239],[30.866129,40.060867],[30.866663,40.060783],[30.867194,40.060691],[30.867718,40.060586],[30.868235,40.060465],[30.868771,40.060315],[30.869297,40.060145],[30.869813,40.059958],[30.870318,40.059755],[30.87081,40.059537],[30.871286,40.059301],[30.871653,40.059094],[30.871743,40.059043],[30.872173,40.058764],[30.872584,40.058466],[30.872847,40.05826],[30.872982,40.058154],[30.873369,40.057833],[30.874125,40.057171],[30.875602,40.055814],[30.877051,40.054437],[30.877757,40.053737],[30.878102,40.053383],[30.879403,40.052001],[30.87974,40.051664],[30.880091,40.051336],[30.880476,40.051009],[30.880878,40.050694],[30.881022,40.050589],[30.881295,40.050389],[30.881723,40.050095],[30.882162,40.049812],[30.882613,40.049543],[30.883077,40.04929],[30.883556,40.049061],[30.883942,40.048902],[30.884338,40.048761],[30.884743,40.048638],[30.885154,40.048535],[30.885681,40.048437],[30.886215,40.048377],[30.886642,40.048359],[30.887071,40.048367],[30.887498,40.048398],[30.887916,40.048453],[30.888328,40.048529],[30.888735,40.048628],[30.889138,40.048752],[30.889533,40.048894],[30.889921,40.049053],[30.890301,40.049224],[30.890651,40.049395],[30.892054,40.050128],[30.892407,40.050305],[30.892756,40.050466],[30.893174,40.050632],[30.893586,40.050748],[30.893996,40.050794],[30.894112,40.050783],[30.894421,40.050751],[30.894844,40.050631],[30.895267,40.050454],[30.895689,40.050236],[30.896112,40.049989],[30.896534,40.049722],[30.89738,40.04915],[30.898225,40.048555],[30.899915,40.047343],[30.901169,40.046428],[30.901988,40.045808],[30.902249,40.045602],[30.902388,40.045492],[30.902778,40.04517],[30.903496,40.044532],[30.904891,40.043226],[30.905637,40.04256],[30.906444,40.041869],[30.906784,40.041577],[30.907957,40.04061],[30.908761,40.039982],[30.909485,40.039455],[30.909856,40.0392],[30.910232,40.038951],[30.910615,40.03871],[30.911006,40.038479],[30.911459,40.038233],[30.911925,40.038007],[30.912402,40.037803],[30.912823,40.037649],[30.913252,40.037519],[30.91369,40.037414],[30.914125,40.03734],[30.914567,40.037293],[30.915012,40.037275],[30.915458,40.037285],[30.915968,40.037333],[30.916479,40.03741],[30.918046,40.037696],[30.91859,40.037784],[30.919137,40.037859],[30.919688,40.037916],[30.920167,40.037947],[30.920647,40.037961],[30.921144,40.037956],[30.921298,40.037949],[30.921641,40.037934],[30.922138,40.037897],[30.922633,40.037845],[30.923125,40.03778],[30.923658,40.037692],[30.924187,40.037589],[30.924712,40.037474],[30.925234,40.037348],[30.926126,40.037104],[30.926566,40.03697],[30.927002,40.036828],[30.927431,40.036676],[30.927901,40.036493],[30.928362,40.036298],[30.928815,40.036091],[30.929259,40.035875],[30.929626,40.035683],[30.929985,40.035483],[30.930334,40.035273],[30.930726,40.035015],[30.931104,40.034742],[30.931467,40.034457],[30.931795,40.034176],[30.932112,40.033885],[30.932696,40.033302],[30.933556,40.032405],[30.934186,40.03177],[30.934883,40.031112],[30.935242,40.030796],[30.935608,40.030492],[30.935983,40.030205],[30.93637,40.029942],[30.936772,40.029711],[30.937092,40.029564],[30.937425,40.029448],[30.93784,40.029357],[30.938271,40.029318],[30.93877,40.029331],[30.939279,40.029392],[30.939794,40.029488],[30.940313,40.029609],[30.940835,40.029747],[30.941358,40.029897],[30.942408,40.030218],[30.944506,40.030901],[30.946075,40.031436],[30.946438,40.031564],[30.94922,40.032549],[30.950269,40.032904],[30.950699,40.033041],[30.950796,40.033071],[30.951324,40.033228],[30.951857,40.033368],[30.952314,40.033471],[30.952777,40.033552],[30.953264,40.033609],[30.953756,40.033642],[30.954252,40.033657],[30.954763,40.033656],[30.955275,40.033643],[30.955789,40.033619],[30.956303,40.033585],[30.956816,40.033542],[30.957329,40.033487],[30.958135,40.033376],[30.958698,40.033281],[30.959258,40.033175],[30.960373,40.032941],[30.964568,40.031993],[30.965583,40.031774],[30.966603,40.031572],[30.967567,40.031407],[30.967648,40.031392],[30.9687,40.031235],[30.968808,40.031221],[30.969756,40.0311],[30.970816,40.030993],[30.971383,40.030953],[30.97252,40.030898],[30.97366,40.030863],[30.975372,40.030827],[30.987924,40.030608],[30.991851,40.03056],[30.99636,40.030521],[30.997485,40.030503],[30.998598,40.030463],[30.999071,40.030434],[30.999537,40.030394],[30.999992,40.030339],[31.000434,40.030263],[31.000869,40.03016],[31.001281,40.030028],[31.00166,40.029869],[31.002,40.029678],[31.002289,40.02945],[31.002498,40.029212],[31.002666,40.028947],[31.002804,40.028661],[31.00292,40.028361],[31.003274,40.027262],[31.003408,40.026917],[31.003567,40.026585],[31.003761,40.026273],[31.003989,40.025998],[31.004258,40.025753],[31.004612,40.02552],[31.00501,40.025333],[31.005444,40.025194],[31.005862,40.025111],[31.006298,40.025065],[31.006748,40.025049],[31.007208,40.025059],[31.007766,40.025103],[31.00833,40.025172],[31.008899,40.025258],[31.010042,40.025465],[31.011758,40.025815],[31.01289,40.026068],[31.013445,40.026203],[31.013987,40.026348],[31.014511,40.026507],[31.015,40.026682],[31.015452,40.026883],[31.015752,40.027051],[31.01602,40.027239],[31.016249,40.027446],[31.016435,40.027679],[31.016575,40.027931],[31.016667,40.028197],[31.016711,40.028471],[31.016711,40.028752],[31.016697,40.028846],[31.016669,40.029037],[31.016574,40.029366],[31.016437,40.029694],[31.016271,40.030023],[31.016056,40.030398],[31.015604,40.031153],[31.015395,40.031536],[31.015217,40.031927],[31.015076,40.032339],[31.015022,40.032561],[31.014974,40.03276],[31.014941,40.032952],[31.0149,40.033186],[31.014893,40.033245],[31.014848,40.033617],[31.014836,40.033772],[31.014814,40.03405],[31.014794,40.034486],[31.014786,40.034922],[31.01479,40.035359],[31.014808,40.035796],[31.01484,40.036232],[31.014893,40.036667],[31.01497,40.037108],[31.015066,40.037548],[31.015301,40.038422],[31.015574,40.039287],[31.015725,40.039716],[31.015887,40.040139],[31.016065,40.040555],[31.016264,40.040961],[31.016493,40.041354],[31.016761,40.041727],[31.01708,40.04208],[31.017441,40.042413],[31.017831,40.042731],[31.018244,40.043037],[31.018673,40.043333],[31.019115,40.043621],[31.019569,40.0439],[31.020035,40.044169],[31.020512,40.044425],[31.020992,40.044662],[31.021481,40.044887],[31.021977,40.045105],[31.022983,40.045526],[31.024505,40.046139],[31.030091,40.048365],[31.032129,40.049159],[31.034239,40.049938],[31.04272,40.052997],[31.043787,40.053367],[31.044324,40.053544],[31.044864,40.053713],[31.045408,40.053869],[31.045902,40.053996],[31.046399,40.054109],[31.0469,40.054209],[31.047404,40.054293],[31.047911,40.05436],[31.048421,40.054405],[31.04894,40.054424],[31.049461,40.054422],[31.049983,40.054404],[31.050507,40.054374],[31.051557,40.054289],[31.052607,40.05418],[31.053655,40.054053],[31.054781,40.053896],[31.056465,40.053636],[31.058145,40.053363],[31.059262,40.053174],[31.060374,40.052972],[31.060928,40.052863],[31.062034,40.052626],[31.065335,40.051861],[31.066439,40.051624],[31.066994,40.051516],[31.067552,40.05142],[31.068086,40.051342],[31.068623,40.051274],[31.069702,40.051161],[31.070785,40.051064],[31.072415,40.050933],[31.074047,40.050813],[31.075135,40.050739],[31.07622,40.050676],[31.077304,40.050625],[31.078388,40.050593],[31.078928,40.050587],[31.079468,40.050592],[31.080007,40.050611],[31.080577,40.05065],[31.081147,40.050705],[31.081715,40.050771],[31.082849,40.050924],[31.084549,40.051181],[31.090214,40.052068],[31.095892,40.052929],[31.097025,40.053107],[31.098149,40.053301],[31.098704,40.053409],[31.099253,40.053529],[31.099791,40.053667],[31.100316,40.053828],[31.100792,40.054006],[31.101255,40.054205],[31.101706,40.054422],[31.102148,40.054653],[31.10258,40.054897],[31.103002,40.055153],[31.103445,40.055441],[31.103877,40.055739],[31.1043,40.056047],[31.104713,40.056362],[31.105115,40.056685],[31.105504,40.057017],[31.105877,40.057359],[31.106226,40.057707],[31.106559,40.058065],[31.106881,40.05843],[31.107503,40.059173],[31.108401,40.060306],[31.108976,40.061071],[31.109264,40.061472],[31.109794,40.060839],[31.110275,40.059974],[31.110323,40.05834],[31.110275,40.056515],[31.110035,40.054497],[31.109891,40.053248],[31.110083,40.052191],[31.110563,40.051471],[31.11114,40.050798],[31.1121,40.050462],[31.112869,40.050318],[31.11359,40.049549],[31.114358,40.04854],[31.115223,40.047579],[31.115944,40.046811],[31.116905,40.045946],[31.117721,40.045033],[31.11801,40.044216],[31.118346,40.042583],[31.117673,40.041142],[31.115752,40.040037],[31.114839,40.039268],[31.114983,40.038211],[31.115656,40.037443],[31.115656,40.035569],[31.115656,40.034176],[31.115559,40.033551],[31.115223,40.033119],[31.114454,40.032494],[31.113398,40.031726],[31.112581,40.030669],[31.112501,40.029641],[31.11162,40.026825],[31.111332,40.024856],[31.111812,40.023366],[31.112149,40.022165],[31.112293,40.020964],[31.111795,40.020348],[31.111795,40.018238],[31.113114,40.016832],[31.115223,40.015426],[31.118739,40.013492],[31.120497,40.011294],[31.12208,40.008657],[31.124189,40.007163],[31.127002,40.004878],[31.129434,40.002709],[31.131543,39.998959],[31.133067,39.994505],[31.13506,39.9897],[31.13799,39.980676],[31.143264,39.973761],[31.147014,39.970362],[31.150764,39.967432],[31.154984,39.964033],[31.159437,39.961337],[31.163422,39.957353],[31.165297,39.954423],[31.166587,39.948562],[31.166587,39.941413],[31.16729,39.923481],[31.166938,39.913988],[31.166587,39.910941],[31.165766,39.901448],[31.165297,39.891134],[31.165063,39.886212],[31.16518,39.881289]]]}},{"type":"Feature","properties":{"id":"TR-D-26-002","parent_id":"TR-P-26","region_id":"TR-R-ICA","level":"district","municipality_type":null,"municipality_type_label":null,"is_metropolitan_municipality":null,"name":"Beylikova","name_ascii":"beylikova","slug":"beylikova-eskisehir"},"geometry":{"type":"Polygon","coordinates":[[[31.090814,39.643671],[31.095519,39.646558],[31.100661,39.650447],[31.106067,39.654337],[31.107847,39.656315],[31.109429,39.660336],[31.109759,39.662643],[31.111011,39.671016],[31.112,39.679586],[31.112066,39.683674],[31.111671,39.689014],[31.111473,39.693563],[31.111506,39.702933],[31.110748,39.707934],[31.111671,39.71334],[31.112066,39.715186],[31.113846,39.719076],[31.11734,39.722768],[31.120768,39.725141],[31.123471,39.726393],[31.130262,39.730085],[31.134283,39.733118],[31.135931,39.735491],[31.137382,39.73826],[31.139199,39.741658],[31.143253,39.747007],[31.150501,39.759224],[31.153929,39.766081],[31.155379,39.770366],[31.155335,39.774636],[31.153577,39.77909],[31.149475,39.784598],[31.143615,39.791044],[31.13881,39.797842],[31.13588,39.803702],[31.132715,39.810031],[31.132481,39.813195],[31.134122,39.817883],[31.13799,39.821517],[31.144904,39.828666],[31.15053,39.833471],[31.154984,39.840269],[31.157093,39.846129],[31.159555,39.852692],[31.162367,39.860427],[31.164829,39.870858],[31.165297,39.876132],[31.16518,39.881289],[31.174536,39.88106],[31.192291,39.879729],[31.207494,39.877176],[31.215041,39.875068],[31.221588,39.871295],[31.229356,39.865524],[31.24012,39.8582],[31.24356,39.856425],[31.253659,39.853761],[31.272413,39.850987],[31.277517,39.849655],[31.281068,39.847769],[31.292166,39.841887],[31.296382,39.839668],[31.30637,39.835007],[31.317467,39.831123],[31.322794,39.829791],[31.33722,39.827794],[31.343212,39.826351],[31.351424,39.823466],[31.356307,39.820359],[31.362521,39.815365],[31.367515,39.810039],[31.372509,39.804379],[31.377281,39.796056],[31.380277,39.791395],[31.383495,39.785958],[31.38638,39.779521],[31.387823,39.776303],[31.389487,39.771642],[31.391263,39.766871],[31.392373,39.760545],[31.392817,39.756883],[31.39326,39.751002],[31.39437,39.747118],[31.398476,39.732026],[31.400695,39.720929],[31.401361,39.71538],[31.401139,39.709055],[31.399808,39.700177],[31.399475,39.696182],[31.398809,39.688525],[31.398698,39.680757],[31.399031,39.678538],[31.399364,39.672545],[31.399142,39.666886],[31.399364,39.665776],[31.399469,39.662065],[31.399469,39.649779],[31.400607,39.640451],[31.401289,39.636583],[31.400607,39.628962],[31.400379,39.626004],[31.398559,39.620316],[31.395374,39.612922],[31.394578,39.611557],[31.390824,39.605642],[31.377742,39.593242],[31.366935,39.585621],[31.353512,39.577658],[31.344639,39.572084],[31.336676,39.566737],[31.329964,39.561959],[31.323366,39.556727],[31.316768,39.551721],[31.313014,39.548195],[31.305848,39.544896],[31.293562,39.541597],[31.286282,39.540801],[31.273541,39.540687],[31.263644,39.54137],[31.256933,39.542052],[31.248401,39.542735],[31.236343,39.544782],[31.230996,39.546034],[31.219734,39.546944],[31.20779,39.548422],[31.195846,39.551721],[31.184242,39.557295],[31.175483,39.563438],[31.169454,39.57106],[31.161605,39.582208],[31.155235,39.593925],[31.151049,39.603955],[31.146287,39.610865],[31.137489,39.618382],[31.130032,39.623743],[31.120138,39.628917],[31.115534,39.630782],[31.107343,39.633967],[31.102224,39.63647],[31.090814,39.643671]]]}},{"type":"Feature","properties":{"id":"TR-D-26-003","parent_id":"TR-P-26","region_id":"TR-R-ICA","level":"district","municipality_type":null,"municipality_type_label":null,"is_metropolitan_municipality":null,"name":"Çifteler","name_ascii":"cifteler","slug":"cifteler-eskisehir"},"geometry":{"type":"Polygon","coordinates":[[[30.952131,39.182322],[30.948612,39.184408],[30.944115,39.189976],[30.939724,39.195223],[30.935977,39.198542],[30.933835,39.201326],[30.933638,39.20956],[30.933436,39.215819],[30.931821,39.221472],[30.930408,39.228639],[30.927379,39.236412],[30.924957,39.242368],[30.921928,39.245397],[30.920515,39.246406],[30.915669,39.247517],[30.907594,39.249435],[30.90083,39.251656],[30.890536,39.257457],[30.883507,39.260592],[30.878948,39.261257],[30.8704,39.261731],[30.865841,39.261731],[30.859953,39.263251],[30.855963,39.265911],[30.851974,39.269425],[30.850835,39.271134],[30.84656,39.277308],[30.838867,39.284811],[30.837158,39.286996],[30.834054,39.292537],[30.830319,39.298678],[30.82633,39.303522],[30.822056,39.307986],[30.821673,39.312975],[30.821673,39.330223],[30.821673,39.344781],[30.821858,39.362956],[30.822322,39.369076],[30.831868,39.369136],[30.839681,39.369512],[30.849,39.369418],[30.858979,39.370454],[30.866886,39.372336],[30.872722,39.374031],[30.8779,39.375255],[30.886278,39.379773],[30.897574,39.387586],[30.906422,39.393328],[30.913671,39.397941],[30.926755,39.40453],[30.933816,39.40679],[30.9453,39.411967],[30.95076,39.414509],[30.971846,39.425899],[30.992179,39.43616],[31.004511,39.441714],[31.018725,39.446891],[31.031339,39.449338],[31.046306,39.451221],[31.05619,39.452633],[31.066733,39.453951],[31.076749,39.456668],[31.088235,39.461176],[31.115683,39.468918],[31.132816,39.474284],[31.150573,39.480552],[31.157825,39.472563],[31.162742,39.467646],[31.166061,39.465925],[31.177,39.458427],[31.187325,39.448594],[31.194233,39.441981],[31.199371,39.437408],[31.201707,39.433966],[31.205763,39.428066],[31.20859,39.423518],[31.210434,39.418724],[31.212401,39.411718],[31.216826,39.405449],[31.217945,39.403686],[31.218035,39.403209],[31.221695,39.397203],[31.223148,39.394535],[31.227209,39.39262],[31.233307,39.389743],[31.234751,39.389042],[31.235697,39.388556],[31.236146,39.388313],[31.237031,39.387813],[31.238341,39.387042],[31.239638,39.386257],[31.24049,39.385723],[31.240883,39.385468],[31.241647,39.384945],[31.242015,39.384675],[31.242367,39.384395],[31.2427,39.384103],[31.243043,39.38376],[31.243355,39.383399],[31.243638,39.383025],[31.243888,39.382636],[31.244103,39.382232],[31.244302,39.38177],[31.244495,39.381241],[31.24468,39.380674],[31.244852,39.380096],[31.245148,39.379012],[31.245428,39.377936],[31.246983,39.376293],[31.24748,39.375799],[31.247937,39.375367],[31.24839,39.374962],[31.248825,39.374605],[31.249232,39.374312],[31.24966,39.374044],[31.250107,39.373792],[31.250566,39.373551],[31.251509,39.373091],[31.253436,39.372206],[31.256835,39.370684],[31.25781,39.370255],[31.258791,39.369835],[31.259865,39.369393],[31.260805,39.369016],[31.263849,39.367819],[31.265883,39.36703],[31.267419,39.366459],[31.268458,39.366106],[31.268958,39.365951],[31.269462,39.365804],[31.270477,39.365525],[31.271499,39.365258],[31.273038,39.364874],[31.274069,39.364628],[31.275105,39.364398],[31.275625,39.364291],[31.276748,39.364088],[31.277877,39.363905],[31.281841,39.363305],[31.28297,39.36312],[31.284089,39.362915],[31.285199,39.362689],[31.286858,39.36233],[31.289023,39.361851],[31.29283,39.361009],[31.294045,39.360741],[31.295695,39.360356],[31.29624,39.360218],[31.296779,39.360072],[31.297252,39.359931],[31.297833,39.359737],[31.298318,39.359551],[31.298792,39.359348],[31.299259,39.359134],[31.29972,39.35891],[31.300622,39.35844],[31.301063,39.358196],[31.301559,39.357905],[31.303466,39.354336],[31.302705,39.351831],[31.302868,39.350874],[31.30422,39.344113],[31.303974,39.342024],[31.302254,39.333297],[31.301147,39.32838],[31.299549,39.32039],[31.294756,39.304411],[31.293649,39.297773],[31.292297,39.290275],[31.292051,39.288063],[31.292297,39.278967],[31.292912,39.273558],[31.293895,39.267167],[31.295001,39.262742],[31.297214,39.255612],[31.297951,39.24455],[31.294756,39.23656],[31.29124,39.231401],[31.288028,39.232794],[31.282674,39.234828],[31.274964,39.235899],[31.267575,39.236756],[31.258581,39.236756],[31.251085,39.236541],[31.247551,39.237184],[31.23695,39.238255],[31.228598,39.242003],[31.217675,39.24832],[31.211465,39.252282],[31.205896,39.255281],[31.197651,39.257529],[31.188656,39.259457],[31.180197,39.260313],[31.174629,39.260635],[31.168418,39.259885],[31.16649,39.259671],[31.158245,39.257529],[31.147965,39.262455],[31.141755,39.265239],[31.136079,39.267274],[31.131796,39.268559],[31.128584,39.269308],[31.123337,39.271022],[31.118732,39.271985],[31.113699,39.272307],[31.111236,39.271771],[31.108345,39.268987],[31.106204,39.264168],[31.105026,39.261706],[31.101599,39.254424],[31.098279,39.248749],[31.094746,39.241039],[31.094532,39.235792],[31.095602,39.231616],[31.098065,39.227547],[31.099243,39.219623],[31.10267,39.215768],[31.103848,39.209771],[31.104276,39.205702],[31.104383,39.199598],[31.10524,39.19403],[31.10524,39.190068],[31.104169,39.187391],[31.099886,39.1845],[31.090998,39.184607],[31.085001,39.186534],[31.079861,39.190282],[31.073544,39.195529],[31.070652,39.198849],[31.065834,39.201954],[31.061872,39.202704],[31.056732,39.201312],[31.050735,39.199705],[31.046024,39.197671],[31.04174,39.195743],[31.03735,39.192103],[31.035744,39.189104],[31.036493,39.185678],[31.039813,39.181823],[31.042918,39.179467],[31.045595,39.176147],[31.047844,39.172935],[31.049664,39.169187],[31.050414,39.165761],[31.050628,39.161691],[31.049236,39.158479],[31.045488,39.155159],[31.03992,39.153446],[31.033495,39.153232],[31.025785,39.157194],[31.02193,39.160942],[31.019682,39.164904],[31.017112,39.171757],[31.015077,39.177539],[31.012828,39.181823],[31.009509,39.185142],[31.005761,39.188033],[31.002549,39.18964],[30.994964,39.194744],[30.985255,39.196743],[30.978402,39.196172],[30.968979,39.195315],[30.963125,39.191746],[30.957557,39.188605],[30.954273,39.186035],[30.952131,39.182322]]]}},{"type":"Feature","properties":{"id":"TR-D-26-004","parent_id":"TR-P-26","region_id":"TR-R-ICA","level":"district","municipality_type":null,"municipality_type_label":null,"is_metropolitan_municipality":null,"name":"Günyüzü","name_ascii":"gunyuzu","slug":"gunyuzu-eskisehir"},"geometry":{"type":"Polygon","coordinates":[[[31.843765,39.135487],[31.834588,39.13649],[31.827452,39.137169],[31.819636,39.136999],[31.810036,39.135895],[31.806638,39.135895],[31.802202,39.134895],[31.800473,39.134462],[31.79397,39.138025],[31.786749,39.14281],[31.784312,39.144029],[31.777352,39.146726],[31.75499,39.154122],[31.752206,39.155688],[31.750553,39.158298],[31.7489,39.163954],[31.748117,39.166999],[31.747682,39.173438],[31.747769,39.176309],[31.747769,39.181616],[31.747508,39.18588],[31.746986,39.192318],[31.746115,39.199366],[31.744462,39.206936],[31.743853,39.210938],[31.742548,39.218421],[31.740895,39.224686],[31.739503,39.22747],[31.736371,39.232952],[31.729932,39.242522],[31.727757,39.244785],[31.725581,39.249396],[31.723493,39.253051],[31.721927,39.257314],[31.720883,39.26297],[31.720274,39.268973],[31.719926,39.278022],[31.720013,39.283069],[31.720013,39.283939],[31.71923,39.28855],[31.718708,39.291943],[31.717316,39.295598],[31.715923,39.299426],[31.714966,39.303777],[31.713487,39.309084],[31.712965,39.311259],[31.71079,39.318568],[31.708267,39.326051],[31.707136,39.329531],[31.705656,39.334143],[31.704438,39.33945],[31.703829,39.344845],[31.701393,39.353285],[31.699392,39.361463],[31.698522,39.3639],[31.697304,39.366162],[31.692779,39.375646],[31.690517,39.381214],[31.690256,39.383651],[31.690343,39.384782],[31.692083,39.38687],[31.694519,39.390524],[31.698261,39.396615],[31.701045,39.400095],[31.705308,39.406012],[31.708354,39.40984],[31.710007,39.41306],[31.712269,39.418367],[31.715401,39.422718],[31.717838,39.425067],[31.722101,39.428721],[31.728105,39.43342],[31.73376,39.437422],[31.73872,39.440206],[31.748233,39.446007],[31.755773,39.449603],[31.760617,39.452272],[31.763662,39.455752],[31.766011,39.457927],[31.768883,39.460711],[31.774886,39.465236],[31.783935,39.471675],[31.786633,39.473154],[31.797074,39.479853],[31.80299,39.483769],[31.810212,39.488206],[31.81726,39.492383],[31.823698,39.495428],[31.827266,39.49682],[31.839534,39.499865],[31.846756,39.501345],[31.873728,39.504216],[31.88008,39.503868],[31.887824,39.504999],[31.893392,39.506217],[31.897743,39.50787],[31.900527,39.509436],[31.906879,39.51283],[31.90975,39.515266],[31.912795,39.519529],[31.9141,39.521618],[31.915588,39.524223],[31.919613,39.520507],[31.924258,39.516688],[31.929523,39.514933],[31.93871,39.513695],[31.952335,39.512146],[31.958942,39.511114],[31.963593,39.510739],[31.968138,39.510443],[31.971128,39.509945],[31.974042,39.508897],[31.975475,39.508069],[31.976809,39.507319],[31.977713,39.506838],[31.978173,39.506608],[31.97864,39.506389],[31.979109,39.506186],[31.980067,39.505809],[31.981042,39.505453],[31.981389,39.505329],[31.983493,39.50458],[31.984461,39.504211],[31.98493,39.504019],[31.985857,39.503619],[31.987228,39.50299],[31.988128,39.502554],[31.988573,39.502329],[31.989012,39.502098],[31.989444,39.501859],[31.989899,39.501592],[31.990347,39.501316],[31.991226,39.500746],[31.992519,39.49986],[31.99336,39.49925],[31.993771,39.498936],[31.994146,39.498636],[31.994872,39.498019],[31.995564,39.497383],[31.995892,39.497057],[31.996202,39.496725],[31.996489,39.496385],[31.996744,39.496036],[31.996962,39.495667],[31.997137,39.495289],[31.997267,39.494905],[31.997347,39.494518],[31.997355,39.494365],[31.997366,39.494132],[31.99732,39.493771],[31.997214,39.493416],[31.997052,39.49307],[31.996807,39.492699],[31.996511,39.492341],[31.996179,39.491992],[31.995822,39.49165],[31.99545,39.491311],[31.993918,39.489962],[31.993547,39.489617],[31.99319,39.489265],[31.992864,39.488916],[31.992552,39.488561],[31.992251,39.488199],[31.991674,39.487464],[31.991124,39.486716],[31.990854,39.486322],[31.990604,39.485956],[31.990358,39.485571],[31.990128,39.485183],[31.989745,39.484492],[31.989693,39.484399],[31.989082,39.483209],[31.988509,39.482011],[31.988166,39.48121],[31.988016,39.480809],[31.987888,39.480406],[31.987792,39.480003],[31.987737,39.479597],[31.987733,39.47918],[31.987774,39.478762],[31.987846,39.478342],[31.987942,39.477921],[31.988056,39.4775],[31.988321,39.476659],[31.988624,39.475821],[31.98879,39.475405],[31.988968,39.474992],[31.98916,39.474581],[31.989259,39.474382],[31.989364,39.474173],[31.989793,39.473362],[31.990463,39.472154],[31.992277,39.468945],[31.992884,39.467837],[31.992938,39.467739],[31.993353,39.466929],[31.993545,39.466521],[31.993722,39.46611],[31.993878,39.465695],[31.994009,39.465269],[31.99412,39.464839],[31.994214,39.464406],[31.994373,39.463533],[31.994509,39.462655],[31.99472,39.461131],[31.994814,39.460455],[31.995243,39.457096],[31.995377,39.455837],[31.995435,39.454999],[31.995446,39.454581],[31.995439,39.454163],[31.995409,39.453724],[31.995359,39.453287],[31.995295,39.45285],[31.995237,39.452522],[31.99514,39.451976],[31.994873,39.450666],[31.993843,39.445865],[31.993477,39.444139],[31.99264,39.44019],[31.992372,39.43888],[31.992128,39.437567],[31.991928,39.436256],[31.991752,39.434943],[31.991679,39.434351],[31.991277,39.431111],[31.991264,39.431008],[31.991384,39.430928],[31.995896,39.427901],[31.99748,39.427228],[32.004164,39.423683],[32.006082,39.421881],[32.006644,39.421226],[32.007477,39.420253],[32.007514,39.419405],[32.007593,39.41758],[32.006489,39.414499],[32.003583,39.410431],[32.003131,39.409808],[32.001432,39.407466],[31.999049,39.405258],[31.993179,39.404037],[31.98789,39.403398],[31.982949,39.402177],[31.97859,39.402119],[31.974928,39.401538],[31.973243,39.400492],[31.971325,39.399213],[31.970918,39.398632],[31.970744,39.397411],[31.970511,39.396016],[31.970511,39.395086],[31.970744,39.394389],[31.971519,39.393943],[31.973069,39.393323],[31.973766,39.392936],[31.974541,39.392393],[31.974735,39.3922],[31.974928,39.392006],[31.976168,39.390766],[31.977718,39.389681],[31.978726,39.388906],[31.979733,39.387821],[31.981671,39.386426],[31.982601,39.385651],[31.983686,39.384334],[31.985546,39.382629],[31.987405,39.380846],[31.990118,39.377979],[31.991048,39.376972],[31.991745,39.376119],[31.9919,39.375189],[31.991513,39.374027],[31.990815,39.372864],[31.988723,39.370772],[31.987793,39.369454],[31.987095,39.368834],[31.98632,39.368447],[31.984538,39.367982],[31.981593,39.366974],[31.979966,39.366509],[31.979036,39.366277],[31.978261,39.36589],[31.977486,39.365037],[31.976091,39.362867],[31.974386,39.360387],[31.972914,39.358295],[31.972371,39.357132],[31.972371,39.356435],[31.972914,39.355505],[31.974154,39.354343],[31.975936,39.35225],[31.977563,39.350623],[31.978571,39.349693],[31.979733,39.348685],[31.981748,39.347833],[31.983608,39.347058],[31.983957,39.347019],[31.984306,39.34698],[31.986553,39.3476],[31.988025,39.348065],[31.988878,39.347988],[31.990505,39.34729],[31.992675,39.346128],[31.994225,39.34512],[31.995465,39.34419],[31.996163,39.343416],[31.997325,39.343261],[31.999262,39.343261],[32.000967,39.343183],[32.00182,39.342873],[32.002672,39.342098],[32.002982,39.341401],[32.003215,39.339541],[32.003602,39.335743],[32.003602,39.333961],[32.003718,39.333728],[32.003835,39.333496],[32.004455,39.332953],[32.00554,39.332178],[32.007632,39.330164],[32.011817,39.326831],[32.014089,39.325829],[32.014452,39.325669],[32.015924,39.324894],[32.016002,39.324661],[32.016079,39.324429],[32.016932,39.322646],[32.017333,39.321528],[32.018291,39.320633],[32.018658,39.317838],[32.019394,39.312221],[32.01954,39.311105],[32.020168,39.306308],[32.020226,39.305869],[32.020055,39.301228],[32.019845,39.295516],[32.019304,39.280817],[32.015879,39.268472],[32.012541,39.254085],[32.011498,39.250045],[32.010862,39.247576],[32.010703,39.247149],[32.010554,39.246719],[32.010274,39.245855],[32.010017,39.244987],[32.009898,39.244552],[32.009689,39.243692],[32.009688,39.243691],[32.009513,39.242848],[32.009354,39.242],[32.008906,39.239455],[32.008562,39.237332],[32.008252,39.235208],[32.008083,39.233932],[32.007986,39.23308],[32.007907,39.232159],[32.007903,39.232096],[32.007769,39.230055],[32.007728,39.229622],[32.007676,39.229191],[32.007608,39.228754],[32.007436,39.227882],[32.007232,39.227013],[32.006999,39.226146],[32.00687,39.225715],[32.006728,39.225287],[32.00657,39.224862],[32.006399,39.224456],[32.006211,39.224055],[32.006008,39.22366],[32.00579,39.223272],[32.005558,39.222892],[32.005308,39.222524],[32.005036,39.222172],[32.004735,39.221843],[32.004397,39.221544],[32.004027,39.221292],[32.003623,39.221072],[32.003194,39.22088],[32.002746,39.220715],[32.002284,39.220578],[32.001814,39.220473],[32.00134,39.220405],[32.00086,39.220385],[32.000356,39.220423],[31.999853,39.220511],[31.999352,39.220638],[31.998854,39.220794],[31.998305,39.220996],[31.998248,39.221019],[31.997876,39.221171],[31.9974,39.221387],[31.996936,39.221623],[31.996481,39.221882],[31.996039,39.222157],[31.995606,39.222443],[31.995179,39.222737],[31.99434,39.223337],[31.989391,39.226978],[31.984019,39.230881],[31.982799,39.231793],[31.982011,39.232417],[31.981633,39.23274],[31.981269,39.233071],[31.980931,39.233408],[31.98068,39.233676],[31.980644,39.233715],[31.980295,39.234107],[31.979999,39.234455],[31.979994,39.23446],[31.979396,39.235191],[31.97794,39.237027],[31.977351,39.237758],[31.976742,39.238477],[31.976425,39.238828],[31.976095,39.239171],[31.975748,39.239503],[31.975308,39.239877],[31.975227,39.239941],[31.975013,39.240112],[31.974624,39.240402],[31.973822,39.240968],[31.972999,39.241519],[31.972161,39.242056],[31.97131,39.242571],[31.970862,39.242822],[31.970409,39.243057],[31.96995,39.243273],[31.969485,39.24346],[31.969012,39.243609],[31.968527,39.243706],[31.968048,39.243739],[31.967561,39.243721],[31.967069,39.243662],[31.966578,39.243568],[31.96609,39.243444],[31.965609,39.243291],[31.965133,39.243105],[31.964666,39.242895],[31.964207,39.242669],[31.963753,39.242431],[31.963304,39.242184],[31.962417,39.241674],[31.961543,39.241149],[31.961111,39.240881],[31.960685,39.240609],[31.959834,39.240041],[31.958997,39.239463],[31.956822,39.237938],[31.956745,39.237884],[31.956625,39.2378],[31.954421,39.236269],[31.952745,39.235121],[31.951899,39.234557],[31.951037,39.23401],[31.950597,39.233747],[31.950147,39.233495],[31.94968,39.233254],[31.949204,39.233024],[31.94872,39.232803],[31.94774,39.232375],[31.946748,39.23196],[31.945249,39.231352],[31.944244,39.230959],[31.943737,39.230769],[31.943228,39.230586],[31.942902,39.230475],[31.942808,39.230444],[31.942194,39.23025],[31.941669,39.230105],[31.941138,39.229972],[31.940602,39.229849],[31.939522,39.229619],[31.936804,39.229068],[31.936262,39.228952],[31.935208,39.22871],[31.934161,39.228452],[31.93364,39.228317],[31.93261,39.228028],[31.932103,39.227871],[31.931605,39.227702],[31.931121,39.227517],[31.930677,39.227322],[31.930249,39.227111],[31.929835,39.226885],[31.929438,39.226647],[31.929062,39.226395],[31.92871,39.226128],[31.92839,39.225844],[31.928111,39.225539],[31.927872,39.225195],[31.927679,39.22483],[31.927523,39.224449],[31.927397,39.224056],[31.927299,39.223654],[31.927226,39.223246],[31.927196,39.222992],[31.927194,39.222976],[31.927186,39.222905],[31.927092,39.22152],[31.927057,39.221089],[31.927002,39.220661],[31.926918,39.220238],[31.926807,39.219858],[31.926669,39.219482],[31.92651,39.21911],[31.926334,39.218741],[31.926145,39.218374],[31.92574,39.217646],[31.925294,39.216907],[31.924813,39.216156],[31.924061,39.215043],[31.923531,39.214315],[31.923253,39.213958],[31.922962,39.213608],[31.922635,39.213244],[31.922294,39.212888],[31.921942,39.212538],[31.921219,39.211847],[31.919738,39.210483],[31.917499,39.208449],[31.916746,39.207777],[31.916233,39.207335],[31.91598,39.207116],[31.915588,39.206792],[31.915187,39.206475],[31.914773,39.206165],[31.913922,39.205565],[31.912611,39.204691],[31.909994,39.202995],[31.909917,39.202944],[31.908589,39.202083],[31.908495,39.202022],[31.90288,39.198381],[31.901115,39.197229],[31.900238,39.196647],[31.898522,39.195479],[31.896398,39.193999],[31.895565,39.193395],[31.895156,39.193088],[31.894757,39.192775],[31.894371,39.192454],[31.894002,39.192122],[31.893672,39.191793],[31.89329,39.191374],[31.889962,39.187567],[31.888203,39.185506],[31.88684,39.183909],[31.881618,39.18326],[31.878209,39.184795],[31.876261,39.185672],[31.873281,39.185592],[31.872327,39.185567],[31.869229,39.181398],[31.864119,39.178197],[31.861425,39.177752],[31.853042,39.176368],[31.848252,39.173257],[31.847854,39.171086],[31.846305,39.165236],[31.845703,39.163172],[31.845445,39.161193],[31.844671,39.159559],[31.843122,39.15801],[31.840112,39.154225],[31.838821,39.152247],[31.837703,39.14743],[31.837797,39.146914],[31.838204,39.144676],[31.838563,39.142698],[31.841058,39.139171],[31.843765,39.135487]]]}},{"type":"Feature","properties":{"id":"TR-D-26-005","parent_id":"TR-P-26","region_id":"TR-R-ICA","level":"district","municipality_type":null,"municipality_type_label":null,"is_metropolitan_municipality":null,"name":"Han","name_ascii":"han","slug":"han-eskisehir"},"geometry":{"type":"Polygon","coordinates":[[[30.708915,39.053855],[30.706015,39.054058],[30.701968,39.055474],[30.697787,39.058172],[30.692594,39.061139],[30.685718,39.065281],[30.684366,39.065995],[30.680993,39.068221],[30.677351,39.072672],[30.673305,39.080428],[30.672014,39.086396],[30.672748,39.089819],[30.673698,39.097607],[30.675693,39.103211],[30.675977,39.105775],[30.677687,39.110904],[30.679872,39.120022],[30.681201,39.124106],[30.683766,39.131515],[30.68519,39.133889],[30.689085,39.141867],[30.692599,39.147851],[30.698298,39.156589],[30.701527,39.160863],[30.702952,39.165517],[30.704186,39.172451],[30.705991,39.180429],[30.706086,39.186033],[30.705706,39.191827],[30.705231,39.198095],[30.706276,39.203034],[30.70903,39.210728],[30.711025,39.219941],[30.714064,39.228679],[30.717388,39.235137],[30.720333,39.239886],[30.727646,39.250809],[30.734675,39.257647],[30.740563,39.264581],[30.746927,39.270375],[30.753766,39.276358],[30.759749,39.279303],[30.772951,39.283672],[30.775421,39.284242],[30.783969,39.286996],[30.793182,39.29222],[30.802205,39.298014],[30.807619,39.301528],[30.812681,39.304783],[30.817307,39.306657],[30.822056,39.307986],[30.82633,39.303522],[30.830319,39.298678],[30.834054,39.292537],[30.837158,39.286996],[30.838867,39.284811],[30.84656,39.277308],[30.850835,39.271134],[30.851974,39.269425],[30.855963,39.265911],[30.859953,39.263251],[30.865841,39.261731],[30.8704,39.261731],[30.878948,39.261257],[30.883507,39.260592],[30.890536,39.257457],[30.90083,39.251656],[30.907594,39.249435],[30.915669,39.247517],[30.920515,39.246406],[30.921928,39.245397],[30.924957,39.242368],[30.927379,39.236412],[30.930408,39.228639],[30.931821,39.221472],[30.933436,39.215819],[30.933638,39.20956],[30.933835,39.201326],[30.925911,39.203789],[30.907707,39.203789],[30.901711,39.202397],[30.896464,39.20047],[30.891645,39.199613],[30.888968,39.196936],[30.886505,39.193617],[30.884149,39.189655],[30.882543,39.185693],[30.880937,39.182266],[30.88008,39.178732],[30.879759,39.175413],[30.87933,39.172093],[30.879866,39.166846],[30.882543,39.164812],[30.886933,39.164062],[30.891538,39.163634],[30.896464,39.163098],[30.899676,39.161278],[30.906208,39.158494],[30.908885,39.15753],[30.910705,39.154639],[30.91456,39.148107],[30.916059,39.143181],[30.916059,39.139219],[30.916167,39.133865],[30.916381,39.129368],[30.915845,39.127226],[30.912633,39.123799],[30.904816,39.121015],[30.902995,39.120266],[30.896892,39.118552],[30.888539,39.117696],[30.883721,39.117803],[30.878795,39.117696],[30.873013,39.118231],[30.859735,39.120266],[30.855773,39.12048],[30.850526,39.121229],[30.846671,39.121015],[30.840032,39.119516],[30.837355,39.118338],[30.833178,39.116197],[30.829216,39.113091],[30.82504,39.111057],[30.820221,39.108058],[30.816152,39.104096],[30.813047,39.101205],[30.809942,39.09735],[30.8078,39.09371],[30.806408,39.089855],[30.806087,39.086428],[30.806622,39.083216],[30.803589,39.079703],[30.799711,39.07714],[30.7958,39.07451],[30.791618,39.072891],[30.785143,39.07188],[30.775162,39.070598],[30.773341,39.070733],[30.77071,39.069115],[30.767473,39.067428],[30.76228,39.065001],[30.753917,39.063314],[30.747105,39.062235],[30.740765,39.061021],[30.735909,39.06001],[30.73193,39.058728],[30.727074,39.057312],[30.724646,39.056975],[30.716216,39.055086],[30.71222,39.053855],[30.708915,39.053855]]]}},{"type":"Feature","properties":{"id":"TR-D-26-006","parent_id":"TR-P-26","region_id":"TR-R-ICA","level":"district","municipality_type":null,"municipality_type_label":null,"is_metropolitan_municipality":null,"name":"İnönü","name_ascii":"inonu","slug":"inonu-eskisehir"},"geometry":{"type":"Polygon","coordinates":[[[30.173512,39.678371],[30.173344,39.678781],[30.172981,39.679587],[30.172782,39.679979],[30.172569,39.680354],[30.172335,39.680715],[30.172076,39.681054],[30.171784,39.681366],[30.171448,39.68164],[30.171032,39.681882],[30.170568,39.682081],[30.17007,39.682244],[30.169546,39.68238],[30.169003,39.682489],[30.168447,39.682572],[30.167927,39.682624],[30.167403,39.682654],[30.166875,39.682663],[30.166347,39.682651],[30.165821,39.682613],[30.165319,39.682551],[30.164819,39.682468],[30.164323,39.682367],[30.16383,39.682252],[30.163341,39.682126],[30.162855,39.681989],[30.162364,39.681839],[30.160904,39.681369],[30.160418,39.68122],[30.159929,39.681084],[30.159437,39.680965],[30.158939,39.680871],[30.158421,39.680807],[30.157898,39.680772],[30.157371,39.680761],[30.156842,39.680772],[30.156313,39.680802],[30.155786,39.680853],[30.155252,39.680927],[30.155147,39.680946],[30.154722,39.681021],[30.154196,39.681131],[30.153677,39.681255],[30.153058,39.681426],[30.152483,39.681273],[30.143514,39.678886],[30.131621,39.676221],[30.1267,39.674272],[30.121972,39.67387],[30.121881,39.673862],[30.111423,39.672837],[30.103221,39.671709],[30.09912,39.671914],[30.090507,39.672632],[30.084355,39.673247],[30.072052,39.672735],[30.060876,39.670992],[30.05534,39.669556],[30.049393,39.668121],[30.042114,39.667095],[30.036782,39.66607],[30.026477,39.666519],[30.026202,39.669001],[30.024748,39.672018],[30.022396,39.674792],[30.015512,39.680011],[30.010645,39.682292],[30.009876,39.682577],[30.006016,39.684002],[30.001549,39.685933],[29.996806,39.688635],[29.993056,39.690841],[29.990188,39.693764],[29.989581,39.695363],[29.989967,39.698342],[29.990353,39.701099],[29.99074,39.703857],[29.992118,39.708544],[29.993718,39.712184],[29.995152,39.7161],[29.99653,39.71963],[29.997264,39.721666],[29.999207,39.725275],[30.000311,39.730031],[30.000736,39.732069],[30.00184,39.741155],[30.002774,39.745996],[30.003623,39.751941],[30.004557,39.757291],[30.004982,39.761112],[30.005831,39.767142],[30.00651,39.769774],[30.008549,39.774021],[30.011011,39.779116],[30.012795,39.782513],[30.014238,39.783872],[30.017465,39.78557],[30.020013,39.787014],[30.022816,39.788288],[30.027147,39.790411],[30.030119,39.792279],[30.032582,39.793298],[30.03479,39.793723],[30.039376,39.794827],[30.042348,39.795336],[30.044556,39.796695],[30.046254,39.798393],[30.047783,39.801451],[30.049057,39.806121],[30.05101,39.811132],[30.053897,39.817133],[30.055483,39.81985],[30.060238,39.8237],[30.063295,39.825059],[30.067372,39.827437],[30.071335,39.829928],[30.076317,39.831853],[30.081978,39.833891],[30.087753,39.835137],[30.093415,39.837401],[30.104964,39.841364],[30.117872,39.845214],[30.122968,39.846346],[30.128176,39.848611],[30.135083,39.8528],[30.140179,39.854612],[30.146067,39.854952],[30.151615,39.855405],[30.157503,39.855971],[30.167241,39.856424],[30.173582,39.856311],[30.177205,39.855518],[30.178451,39.854386],[30.185244,39.85348],[30.191585,39.8528],[30.196228,39.852234],[30.199625,39.852121],[30.20438,39.852008],[30.208796,39.851442],[30.214458,39.849517],[30.219666,39.849517],[30.225894,39.850083],[30.231669,39.848498],[30.23348,39.847592],[30.236764,39.845101],[30.241265,39.842919],[30.245256,39.840572],[30.248767,39.840119],[30.253296,39.839666],[30.258051,39.840232],[30.258638,39.840397],[30.263454,39.830884],[30.267233,39.824247],[30.269887,39.819141],[30.271215,39.814648],[30.273053,39.807398],[30.274176,39.801679],[30.274278,39.796267],[30.274176,39.79351],[30.273564,39.791876],[30.270602,39.786464],[30.267437,39.78238],[30.263046,39.778704],[30.259165,39.776049],[30.253345,39.772679],[30.249873,39.770943],[30.24395,39.768696],[30.237313,39.766552],[30.234964,39.765735],[30.224345,39.760834],[30.219954,39.759098],[30.217503,39.758689],[30.212499,39.758077],[30.209538,39.757464],[30.2077,39.756749],[30.206577,39.753992],[30.205862,39.751235],[30.205045,39.746333],[30.204024,39.741534],[30.201675,39.735816],[30.198918,39.728259],[30.196774,39.722949],[30.193608,39.711615],[30.192485,39.703854],[30.19177,39.701505],[30.189319,39.694255],[30.186358,39.687209],[30.173512,39.678371]]]}},{"type":"Feature","properties":{"id":"TR-D-26-007","parent_id":"TR-P-26","region_id":"TR-R-ICA","level":"district","municipality_type":null,"municipality_type_label":null,"is_metropolitan_municipality":null,"name":"Mahmudiye","name_ascii":"mahmudiye","slug":"mahmudiye-eskisehir"},"geometry":{"type":"Polygon","coordinates":[[[31.150573,39.480552],[31.132816,39.474284],[31.115683,39.468918],[31.088235,39.461176],[31.076749,39.456668],[31.066733,39.453951],[31.05619,39.452633],[31.046306,39.451221],[31.031339,39.449338],[31.018725,39.446891],[31.004511,39.441714],[30.992179,39.43616],[30.971846,39.425899],[30.95076,39.414509],[30.9453,39.411967],[30.933816,39.40679],[30.926755,39.40453],[30.913671,39.397941],[30.906422,39.393328],[30.897574,39.387586],[30.886278,39.379773],[30.8779,39.375255],[30.872722,39.374031],[30.866886,39.372336],[30.858979,39.370454],[30.849,39.369418],[30.839681,39.369512],[30.831868,39.369136],[30.822322,39.369076],[30.8226,39.372507],[30.82362,39.377607],[30.824825,39.384469],[30.824733,39.387158],[30.82464,39.390681],[30.823434,39.394669],[30.822971,39.399861],[30.823342,39.403941],[30.824362,39.40932],[30.826958,39.420261],[30.828905,39.428329],[30.831131,39.438714],[30.832058,39.445112],[30.832985,39.45012],[30.833171,39.456703],[30.833264,39.459578],[30.834747,39.46338],[30.836973,39.46746],[30.842073,39.473487],[30.844576,39.476362],[30.84606,39.479978],[30.846895,39.483038],[30.847358,39.48786],[30.847358,39.490735],[30.847729,39.496947],[30.846431,39.508446],[30.845689,39.511691],[30.84504,39.514566],[30.845225,39.516327],[30.846338,39.518646],[30.848564,39.521149],[30.849213,39.522633],[30.84912,39.52662],[30.848007,39.530422],[30.845875,39.535522],[30.842814,39.541457],[30.839754,39.545629],[30.833727,39.550358],[30.82566,39.555273],[30.819076,39.559631],[30.812122,39.563989],[30.805816,39.567328],[30.797471,39.571315],[30.789311,39.574097],[30.783283,39.577064],[30.779018,39.580124],[30.778091,39.58133],[30.777534,39.583926],[30.777349,39.590046],[30.776143,39.595981],[30.77466,39.605161],[30.774011,39.61193],[30.774856,39.617862],[30.785178,39.613298],[30.791938,39.611294],[30.796805,39.610364],[30.803107,39.610256],[30.810821,39.610147],[30.819731,39.611451],[30.834835,39.613624],[30.848852,39.617536],[30.866563,39.621121],[30.872974,39.62286],[30.877429,39.625142],[30.881775,39.628401],[30.883079,39.632204],[30.884926,39.636442],[30.886339,39.641006],[30.887534,39.645787],[30.889787,39.651964],[30.896556,39.649942],[30.910144,39.650277],[30.936638,39.650469],[30.9529,39.651788],[30.96336,39.653194],[30.969865,39.653985],[30.980237,39.655567],[30.984368,39.655831],[30.990434,39.657589],[30.996587,39.660138],[30.999927,39.661193],[31.002476,39.661457],[31.004761,39.660754],[31.006959,39.660226],[31.011881,39.658204],[31.017419,39.655743],[31.022605,39.652843],[31.029198,39.650118],[31.03456,39.649326],[31.044668,39.648447],[31.053634,39.647832],[31.062161,39.647744],[31.070687,39.648096],[31.075873,39.647656],[31.081235,39.646689],[31.087175,39.645546],[31.090814,39.643671],[31.102224,39.63647],[31.107343,39.633967],[31.115534,39.630782],[31.120138,39.628917],[31.130032,39.623743],[31.137489,39.618382],[31.146287,39.610865],[31.151049,39.603955],[31.155235,39.593925],[31.152171,39.587122],[31.150573,39.58282],[31.146025,39.574339],[31.139756,39.562047],[31.137298,39.554917],[31.134962,39.547788],[31.131767,39.53943],[31.131644,39.534636],[31.132381,39.523942],[31.132627,39.516936],[31.133119,39.513986],[31.135577,39.506488],[31.138158,39.501202],[31.144673,39.491246],[31.150573,39.480552]]]}},{"type":"Feature","properties":{"id":"TR-D-26-008","parent_id":"TR-P-26","region_id":"TR-R-ICA","level":"district","municipality_type":null,"municipality_type_label":null,"is_metropolitan_municipality":null,"name":"Mihalgazi","name_ascii":"mihalgazi","slug":"mihalgazi-eskisehir"},"geometry":{"type":"Polygon","coordinates":[[[30.440111,40.011705],[30.442532,40.011896],[30.448519,40.013361],[30.452022,40.014189],[30.455206,40.015272],[30.458009,40.017501],[30.46183,40.019539],[30.465652,40.020877],[30.469155,40.022087],[30.471448,40.022023],[30.475269,40.022405],[30.477881,40.022469],[30.48062,40.022469],[30.483486,40.02317],[30.485078,40.024125],[30.487562,40.02559],[30.4896,40.027437],[30.490747,40.029475],[30.491638,40.031895],[30.491575,40.03266],[30.491638,40.034125],[30.492212,40.037691],[30.493931,40.043105],[30.494887,40.045589],[30.495778,40.04629],[30.49909,40.049283],[30.501447,40.052277],[30.504504,40.05527],[30.50616,40.05699],[30.507498,40.059665],[30.509281,40.062213],[30.51272,40.067435],[30.514822,40.070939],[30.515905,40.073295],[30.517688,40.076098],[30.519281,40.078072],[30.521828,40.08062],[30.523803,40.083613],[30.530206,40.079084],[30.540371,40.07317],[30.548873,40.069473],[30.558207,40.063189],[30.560424,40.060971],[30.564768,40.056351],[30.570035,40.051176],[30.575303,40.046278],[30.579461,40.043783],[30.58325,40.040456],[30.590458,40.036667],[30.595264,40.034172],[30.599607,40.029736],[30.601825,40.024746],[30.606353,40.018092],[30.612083,40.013841],[30.616334,40.011254],[30.621971,40.007742],[30.623727,40.006541],[30.626037,40.004785],[30.629086,40.00192],[30.632413,39.998778],[30.633984,39.997023],[30.635555,39.994343],[30.637126,39.991293],[30.640361,39.988428],[30.643318,39.9839],[30.644519,39.980573],[30.645166,39.971609],[30.644676,39.966299],[30.64378,39.966896],[30.639621,39.968098],[30.635093,39.96819],[30.631951,39.96782],[30.62853,39.966841],[30.622381,39.965529],[30.619265,39.965283],[30.615084,39.965201],[30.610656,39.965447],[30.605655,39.965486],[30.595816,39.965732],[30.592127,39.965568],[30.582288,39.965978],[30.578434,39.966962],[30.568513,39.96934],[30.564004,39.972292],[30.56056,39.974259],[30.556297,39.976145],[30.550886,39.978359],[30.546868,39.979507],[30.54285,39.980573],[30.535799,39.980573],[30.533504,39.980573],[30.529322,39.980819],[30.525715,39.981639],[30.522763,39.982376],[30.519647,39.983934],[30.516122,39.985902],[30.513662,39.98746],[30.507841,39.990002],[30.49997,39.991313],[30.494476,39.992133],[30.489721,39.993609],[30.486851,39.994839],[30.479964,39.996561],[30.471109,39.999512],[30.463238,40.002218],[30.454711,40.005252],[30.449792,40.006974],[30.444216,40.008859],[30.440111,40.011705]]]}},{"type":"Feature","properties":{"id":"TR-D-26-009","parent_id":"TR-P-26","region_id":"TR-R-ICA","level":"district","municipality_type":null,"municipality_type_label":null,"is_metropolitan_municipality":null,"name":"Mihalıççık","name_ascii":"mihaliccik","slug":"mihaliccik-eskisehir"},"geometry":{"type":"Polygon","coordinates":[[[31.399364,39.665776],[31.399142,39.666886],[31.399364,39.672545],[31.399031,39.678538],[31.398698,39.680757],[31.398809,39.688525],[31.399475,39.696182],[31.399808,39.700177],[31.401139,39.709055],[31.401361,39.71538],[31.400695,39.720929],[31.398476,39.732026],[31.39437,39.747118],[31.39326,39.751002],[31.392817,39.756883],[31.392373,39.760545],[31.391263,39.766871],[31.389487,39.771642],[31.387823,39.776303],[31.38638,39.779521],[31.383495,39.785958],[31.380277,39.791395],[31.377281,39.796056],[31.372509,39.804379],[31.367515,39.810039],[31.362521,39.815365],[31.356307,39.820359],[31.351424,39.823466],[31.343212,39.826351],[31.33722,39.827794],[31.322794,39.829791],[31.317467,39.831123],[31.30637,39.835007],[31.296382,39.839668],[31.292166,39.841887],[31.281068,39.847769],[31.277517,39.849655],[31.272413,39.850987],[31.253659,39.853761],[31.24356,39.856425],[31.24012,39.8582],[31.229356,39.865524],[31.221588,39.871295],[31.215041,39.875068],[31.207494,39.877176],[31.192291,39.879729],[31.174536,39.88106],[31.16518,39.881289],[31.165063,39.886212],[31.165297,39.891134],[31.165766,39.901448],[31.166587,39.910941],[31.166938,39.913988],[31.16729,39.923481],[31.166587,39.941413],[31.166587,39.948562],[31.165297,39.954423],[31.163422,39.957353],[31.159437,39.961337],[31.154984,39.964033],[31.150764,39.967432],[31.147014,39.970362],[31.143264,39.973761],[31.13799,39.980676],[31.13506,39.9897],[31.133067,39.994505],[31.131543,39.998959],[31.129434,40.002709],[31.127002,40.004878],[31.124189,40.007163],[31.12208,40.008657],[31.120497,40.011294],[31.118739,40.013492],[31.115223,40.015426],[31.113114,40.016832],[31.111795,40.018238],[31.111795,40.020348],[31.112293,40.020964],[31.112149,40.022165],[31.111812,40.023366],[31.111332,40.024856],[31.11162,40.026825],[31.112501,40.029641],[31.112581,40.030669],[31.113398,40.031726],[31.114454,40.032494],[31.115223,40.033119],[31.115559,40.033551],[31.115656,40.034176],[31.115656,40.035569],[31.115656,40.037443],[31.114983,40.038211],[31.114839,40.039268],[31.115752,40.040037],[31.117673,40.041142],[31.118346,40.042583],[31.11801,40.044216],[31.117721,40.045033],[31.116905,40.045946],[31.115944,40.046811],[31.115223,40.047579],[31.114358,40.04854],[31.11359,40.049549],[31.112869,40.050318],[31.1121,40.050462],[31.11114,40.050798],[31.110563,40.051471],[31.110083,40.052191],[31.109891,40.053248],[31.110035,40.054497],[31.110275,40.056515],[31.110323,40.05834],[31.110275,40.059974],[31.109794,40.060839],[31.109264,40.061472],[31.109521,40.061846],[31.109775,40.062239],[31.110011,40.062639],[31.110206,40.063007],[31.110388,40.06338],[31.110904,40.064506],[31.111084,40.064879],[31.111276,40.065248],[31.111487,40.06561],[31.111736,40.065982],[31.112008,40.066347],[31.112297,40.066706],[31.112598,40.06706],[31.113228,40.06776],[31.113883,40.068447],[31.114219,40.068784],[31.114561,40.069114],[31.114911,40.069434],[31.115271,40.06974],[31.115644,40.070025],[31.116033,40.070282],[31.116455,40.070507],[31.116892,40.070689],[31.117337,40.070822],[31.117784,40.070897],[31.118226,40.070898],[31.118662,40.070812],[31.11909,40.070655],[31.119511,40.070446],[31.119928,40.070201],[31.120341,40.069931],[31.120754,40.069644],[31.121997,40.068746],[31.12242,40.068451],[31.122852,40.068167],[31.123296,40.0679],[31.123758,40.067656],[31.124253,40.067436],[31.124768,40.067245],[31.125297,40.067077],[31.125838,40.066933],[31.12639,40.066811],[31.126891,40.066724],[31.127399,40.066653],[31.12791,40.066596],[31.128424,40.066551],[31.12894,40.066517],[31.129458,40.066495],[31.129977,40.066486],[31.13055,40.066492],[31.131123,40.066512],[31.13227,40.066576],[31.13571,40.066828],[31.137438,40.06693],[31.139171,40.06701],[31.141485,40.0671],[31.142643,40.067132],[31.143799,40.067142],[31.144375,40.067132],[31.144949,40.067107],[31.145502,40.067064],[31.146051,40.067004],[31.146595,40.06693],[31.147134,40.066842],[31.147663,40.06674],[31.148181,40.066621],[31.148683,40.066482],[31.149162,40.066315],[31.149611,40.066113],[31.150037,40.06586],[31.15043,40.06557],[31.150797,40.065251],[31.151143,40.064912],[31.151472,40.064558],[31.151784,40.06419],[31.152079,40.063812],[31.152359,40.063419],[31.152625,40.06302],[31.153133,40.062207],[31.153873,40.060979],[31.154377,40.060164],[31.154638,40.059762],[31.155177,40.058966],[31.155738,40.05818],[31.156324,40.057408],[31.156633,40.05703],[31.156955,40.05666],[31.157284,40.056311],[31.157628,40.05597],[31.157982,40.055635],[31.158719,40.054984],[31.1591,40.054668],[31.15949,40.05436],[31.159893,40.054062],[31.16031,40.053778],[31.160727,40.05352],[31.161157,40.053274],[31.161597,40.053037],[31.162498,40.052584],[31.163418,40.05215],[31.164353,40.051736],[31.164827,40.051539],[31.165306,40.05135],[31.165791,40.051172],[31.166282,40.051002],[31.167274,40.050683],[31.168277,40.050383],[31.168782,40.05024],[31.169799,40.049973],[31.170312,40.049852],[31.170864,40.049735],[31.171978,40.049526],[31.173662,40.049247],[31.176479,40.048815],[31.177607,40.04865],[31.178738,40.048495],[31.179842,40.048359],[31.180947,40.048232],[31.182607,40.048052],[31.184268,40.047882],[31.185377,40.047782],[31.185932,40.047739],[31.186487,40.047703],[31.187043,40.047676],[31.187613,40.047662],[31.188185,40.047657],[31.188756,40.04766],[31.189901,40.047679],[31.196798,40.047867],[31.19852,40.047933],[31.199089,40.047967],[31.199653,40.048012],[31.200211,40.048072],[31.200758,40.04815],[31.20129,40.048252],[31.201802,40.048385],[31.202284,40.048557],[31.202674,40.048747],[31.203039,40.048968],[31.203382,40.049216],[31.203704,40.049485],[31.204005,40.049772],[31.204284,40.050076],[31.204553,40.050413],[31.204801,40.050763],[31.205033,40.051122],[31.205468,40.051858],[31.206318,40.053377],[31.20656,40.053772],[31.206825,40.054152],[31.207125,40.054509],[31.207427,40.054799],[31.207763,40.055067],[31.208127,40.055312],[31.208517,40.055534],[31.208946,40.055738],[31.209395,40.05592],[31.20986,40.056087],[31.210337,40.056241],[31.210822,40.056385],[31.211812,40.056647],[31.212314,40.056766],[31.212865,40.056887],[31.213976,40.057108],[31.215652,40.057415],[31.22235,40.058616],[31.2307,40.060145],[31.232371,40.060445],[31.234047,40.060722],[31.234607,40.060803],[31.23517,40.060876],[31.235742,40.060938],[31.236317,40.060991],[31.237469,40.061078],[31.239203,40.061184],[31.250774,40.061824],[31.261767,40.062451],[31.262925,40.062508],[31.264084,40.06255],[31.264658,40.062562],[31.265804,40.062568],[31.266949,40.062551],[31.26752,40.062532],[31.26809,40.062502],[31.268657,40.06246],[31.269173,40.062406],[31.269686,40.06234],[31.270197,40.062263],[31.270705,40.062176],[31.27121,40.06208],[31.271711,40.061972],[31.272208,40.061852],[31.272672,40.061725],[31.273132,40.061588],[31.274043,40.061295],[31.275932,40.06066],[31.277411,40.060178],[31.278406,40.059878],[31.278908,40.059739],[31.279414,40.059611],[31.279896,40.059503],[31.280381,40.059406],[31.28087,40.059316],[31.281855,40.059159],[31.282846,40.059027],[31.28342,40.058964],[31.28457,40.058864],[31.285147,40.058828],[31.285725,40.058803],[31.286258,40.058793],[31.287324,40.058799],[31.28839,40.058834],[31.288922,40.058862],[31.289452,40.058898],[31.289981,40.058944],[31.290508,40.059001],[31.29105,40.059076],[31.29159,40.059163],[31.292129,40.059259],[31.293202,40.059468],[31.295881,40.060018],[31.296956,40.060219],[31.297496,40.060308],[31.298038,40.060386],[31.298537,40.060443],[31.299037,40.060489],[31.299539,40.060524],[31.300042,40.060549],[31.300544,40.060562],[31.301047,40.060563],[31.301549,40.060549],[31.302106,40.060513],[31.302663,40.06046],[31.303774,40.060321],[31.304883,40.060155],[31.306543,40.059882],[31.307645,40.059685],[31.30874,40.059469],[31.309283,40.05935],[31.310234,40.059116],[31.311717,40.058711],[31.320885,40.056066],[31.32196,40.055747],[31.323024,40.055413],[31.323549,40.055234],[31.324065,40.055045],[31.324537,40.054855],[31.325,40.054654],[31.325104,40.054606],[31.325753,40.054077],[31.329944,40.050661],[31.330017,40.05058],[31.33014,40.050443],[31.33043,40.050143],[31.330735,40.049855],[31.331061,40.049584],[31.331442,40.049314],[31.331849,40.049064],[31.332275,40.048829],[31.332715,40.048606],[31.333167,40.048392],[31.333629,40.048187],[31.334097,40.04799],[31.334572,40.047801],[31.335054,40.047621],[31.335542,40.047454],[31.336042,40.0473],[31.336547,40.04716],[31.337054,40.047033],[31.337563,40.04692],[31.338071,40.046822],[31.338576,40.046745],[31.339076,40.046693],[31.339568,40.046675],[31.340049,40.046702],[31.34051,40.046782],[31.340952,40.046912],[31.341196,40.047012],[31.341374,40.047086],[31.341713,40.047267],[31.34204,40.047471],[31.342332,40.04767],[31.343422,40.048417],[31.344193,40.048904],[31.344592,40.049137],[31.345001,40.04936],[31.345472,40.049593],[31.345956,40.049812],[31.346449,40.050018],[31.34695,40.050213],[31.347459,40.050396],[31.347976,40.050566],[31.348477,40.050717],[31.348984,40.050857],[31.350007,40.051121],[31.352653,40.051774],[31.354301,40.052195],[31.363613,40.054631],[31.365802,40.055208],[31.366892,40.055504],[31.367975,40.055812],[31.368512,40.055975],[31.369044,40.056146],[31.369574,40.056328],[31.370098,40.056518],[31.371137,40.056916],[31.372683,40.057534],[31.377309,40.059419],[31.378344,40.05983],[31.379356,40.060218],[31.380374,40.060595],[31.381397,40.06096],[31.38243,40.061303],[31.382951,40.06146],[31.383478,40.061602],[31.384011,40.061724],[31.384552,40.061821],[31.385099,40.061899],[31.385355,40.061928],[31.385652,40.061961],[31.386208,40.062012],[31.386767,40.062055],[31.38789,40.062118],[31.389015,40.062152],[31.389578,40.062155],[31.390148,40.062145],[31.390718,40.062123],[31.391284,40.062088],[31.391848,40.062041],[31.392407,40.061978],[31.392958,40.061897],[31.393501,40.06179],[31.394031,40.061653],[31.394551,40.061493],[31.395065,40.061315],[31.39608,40.060926],[31.397085,40.060512],[31.398087,40.060088],[31.402582,40.058159],[31.403569,40.057718],[31.404056,40.057491],[31.404538,40.057257],[31.404991,40.057024],[31.405436,40.056784],[31.405873,40.056535],[31.406301,40.056279],[31.406716,40.056013],[31.407117,40.055736],[31.4075,40.055445],[31.407848,40.055149],[31.40818,40.054843],[31.409137,40.053901],[31.40946,40.053593],[31.409794,40.053297],[31.410144,40.053018],[31.410518,40.052764],[31.410914,40.052543],[31.411336,40.052351],[31.411779,40.052183],[31.412271,40.052029],[31.412779,40.051896],[31.413298,40.051778],[31.414358,40.051571],[31.415434,40.051388],[31.416518,40.051219],[31.417607,40.051063],[31.418663,40.050932],[31.419684,40.050829],[31.420711,40.050756],[31.42181,40.050719],[31.424016,40.050694],[31.425115,40.05066],[31.425661,40.050625],[31.426201,40.050572],[31.426734,40.050493],[31.427258,40.05039],[31.427769,40.050263],[31.428263,40.05011],[31.428734,40.049927],[31.42919,40.049702],[31.429611,40.049444],[31.429994,40.049158],[31.430331,40.048844],[31.430619,40.048494],[31.430844,40.048121],[31.430998,40.047729],[31.431068,40.047376],[31.431086,40.047015],[31.431061,40.04665],[31.430998,40.046284],[31.4309,40.04592],[31.430765,40.045563],[31.430591,40.045215],[31.430365,40.044869],[31.430098,40.044537],[31.429797,40.04422],[31.429463,40.043919],[31.429064,40.04361],[31.428637,40.043318],[31.428191,40.043039],[31.427732,40.042769],[31.427264,40.042506],[31.426789,40.042248],[31.425828,40.041748],[31.424851,40.041269],[31.424354,40.041042],[31.42385,40.040827],[31.423353,40.040632],[31.42234,40.040271],[31.420795,40.03977],[31.418721,40.039134],[31.417683,40.038836],[31.417166,40.038698],[31.416648,40.038572],[31.416132,40.038462],[31.415616,40.038375],[31.415102,40.03832],[31.414589,40.038308],[31.414056,40.038352],[31.413524,40.038442],[31.412995,40.038567],[31.412466,40.038717],[31.41194,40.038884],[31.411414,40.039064],[31.40955,40.03975],[31.409138,40.039894],[31.408723,40.040027],[31.408304,40.040146],[31.40788,40.040249],[31.407452,40.040333],[31.407005,40.040397],[31.406554,40.040437],[31.4061,40.040457],[31.405646,40.040457],[31.405191,40.040435],[31.404663,40.040382],[31.404136,40.040306],[31.403611,40.040213],[31.403086,40.040108],[31.402563,40.039994],[31.401517,40.039749],[31.399952,40.039358],[31.398911,40.039087],[31.397845,40.0388],[31.395184,40.038059],[31.393591,40.037597],[31.392719,40.037322],[31.392542,40.037266],[31.39215,40.03713],[31.392048,40.037095],[31.391562,40.036915],[31.391083,40.036726],[31.390616,40.036525],[31.390163,40.03631],[31.38973,40.036077],[31.389345,40.035838],[31.388986,40.035579],[31.388656,40.035302],[31.388363,40.035005],[31.388119,40.0347],[31.387933,40.034411],[31.387913,40.03438],[31.387744,40.034048],[31.387611,40.033707],[31.387519,40.033359],[31.38747,40.032942],[31.38748,40.032525],[31.387548,40.032111],[31.387659,40.03175],[31.387815,40.0314],[31.388016,40.031066],[31.388265,40.030751],[31.388544,40.030478],[31.388859,40.030223],[31.389203,40.029983],[31.38957,40.029757],[31.389954,40.029541],[31.39041,40.029308],[31.390879,40.029083],[31.39279,40.028214],[31.393259,40.027989],[31.393694,40.027768],[31.394118,40.02754],[31.394529,40.027302],[31.394927,40.027055],[31.395305,40.026795],[31.39566,40.026522],[31.395984,40.026229],[31.396301,40.025883],[31.396582,40.025515],[31.396837,40.025132],[31.397073,40.024737],[31.397511,40.023925],[31.398535,40.021841],[31.398958,40.021007],[31.399164,40.020626],[31.399181,40.020595],[31.399417,40.020188],[31.399671,40.019789],[31.399921,40.019436],[31.400188,40.019094],[31.40047,40.018764],[31.400766,40.018449],[31.400959,40.018266],[31.401077,40.018155],[31.401404,40.017887],[31.401771,40.01764],[31.402159,40.017444],[31.40257,40.017314],[31.402947,40.017265],[31.403336,40.017273],[31.403728,40.017331],[31.404116,40.017436],[31.404518,40.017596],[31.404907,40.017798],[31.405286,40.01803],[31.405656,40.018286],[31.406015,40.018561],[31.406391,40.018872],[31.406759,40.019195],[31.407855,40.020182],[31.408229,40.020505],[31.408615,40.020817],[31.409027,40.021125],[31.409455,40.021419],[31.409895,40.021699],[31.410348,40.021963],[31.410814,40.022209],[31.411294,40.022433],[31.411779,40.022625],[31.412277,40.02279],[31.412787,40.022927],[31.413307,40.023031],[31.413831,40.023099],[31.414361,40.023135],[31.414893,40.023143],[31.415425,40.023126],[31.415953,40.023082],[31.416474,40.023007],[31.416996,40.022895],[31.417505,40.022749],[31.417997,40.022572],[31.418469,40.022364],[31.418898,40.022134],[31.419311,40.021881],[31.419714,40.021615],[31.420885,40.020811],[31.421277,40.020555],[31.421678,40.020312],[31.42209,40.020086],[31.422518,40.019885],[31.42297,40.019713],[31.423439,40.019573],[31.423922,40.019462],[31.424417,40.019381],[31.424953,40.01933],[31.425497,40.019307],[31.426047,40.019304],[31.426601,40.019315],[31.427717,40.019367],[31.428837,40.019439],[31.430518,40.019573],[31.431632,40.019683],[31.432185,40.019751],[31.432735,40.019831],[31.433257,40.019921],[31.433773,40.020025],[31.434285,40.020141],[31.434792,40.020268],[31.435292,40.020408],[31.435784,40.020561],[31.436265,40.020732],[31.436764,40.020936],[31.437251,40.021158],[31.437729,40.021394],[31.438201,40.021639],[31.439131,40.02215],[31.440525,40.02296],[31.445597,40.025971],[31.450265,40.028706],[31.451157,40.029228],[31.452078,40.029776],[31.452983,40.030336],[31.453424,40.030625],[31.453853,40.030922],[31.454264,40.031232],[31.454626,40.031533],[31.454971,40.031845],[31.4553,40.032167],[31.455615,40.032497],[31.455914,40.032835],[31.456195,40.03318],[31.456455,40.033535],[31.456688,40.033899],[31.456901,40.034298],[31.457086,40.034707],[31.457252,40.035124],[31.457403,40.035545],[31.457968,40.037252],[31.458119,40.037678],[31.458276,40.038078],[31.458284,40.038099],[31.458468,40.038516],[31.458662,40.038901],[31.458876,40.03928],[31.459104,40.039655],[31.459345,40.040025],[31.459597,40.040391],[31.459861,40.04075],[31.460138,40.041103],[31.460429,40.041445],[31.460739,40.041774],[31.461074,40.042084],[31.461428,40.042364],[31.461809,40.04262],[31.462213,40.042849],[31.462641,40.043047],[31.463071,40.043203],[31.463518,40.043328],[31.463977,40.043426],[31.464443,40.043495],[31.464913,40.043533],[31.465384,40.043537],[31.465905,40.043495],[31.466421,40.043411],[31.466929,40.043292],[31.467424,40.043142],[31.467902,40.04296],[31.468356,40.042746],[31.468725,40.042532],[31.469078,40.042297],[31.469421,40.042049],[31.47024,40.041414],[31.471049,40.040759],[31.473865,40.038448],[31.475478,40.037139],[31.477097,40.03584],[31.47872,40.034564],[31.488491,40.027051],[31.494175,40.022643],[31.494999,40.022029],[31.495418,40.021731],[31.495844,40.021443],[31.496281,40.021169],[31.496733,40.020916],[31.497205,40.020691],[31.497709,40.020498],[31.498233,40.020334],[31.498773,40.02019],[31.499323,40.020062],[31.499881,40.019945],[31.500445,40.019835],[31.501583,40.019636],[31.502729,40.019465],[31.503303,40.019394],[31.503879,40.019337],[31.504456,40.019302],[31.504976,40.019291],[31.505496,40.0193],[31.506016,40.019324],[31.506534,40.019362],[31.507049,40.019415],[31.507561,40.019482],[31.508067,40.019568],[31.508557,40.019672],[31.509039,40.019794],[31.509513,40.019933],[31.509977,40.020087],[31.51043,40.02026],[31.51047,40.020277],[31.510868,40.020452],[31.511327,40.020687],[31.511769,40.020945],[31.512196,40.021219],[31.512611,40.021507],[31.513013,40.021805],[31.513793,40.022425],[31.514047,40.022642],[31.514547,40.023066],[31.514914,40.023393],[31.515274,40.023725],[31.515624,40.024062],[31.515951,40.024395],[31.516582,40.025074],[31.517495,40.026111],[31.518687,40.027506],[31.520199,40.029316],[31.521701,40.031132],[31.522594,40.032228],[31.523182,40.032964],[31.524653,40.034872],[31.524745,40.034988],[31.525254,40.035628],[31.525566,40.035994],[31.52589,40.036348],[31.526232,40.036683],[31.5266,40.036993],[31.527003,40.037266],[31.527413,40.037477],[31.527853,40.037656],[31.528317,40.037809],[31.528798,40.03794],[31.529292,40.038053],[31.529797,40.038147],[31.530309,40.038223],[31.530827,40.038277],[31.531401,40.03831],[31.531896,40.03832],[31.531979,40.038322],[31.53256,40.038318],[31.533143,40.038303],[31.534312,40.038255],[31.53665,40.038124],[31.538398,40.038008],[31.539558,40.03791],[31.540135,40.03785],[31.540703,40.03778],[31.541834,40.037617],[31.544086,40.037246],[31.546589,40.036815],[31.550827,40.036084],[31.55251,40.035786],[31.554186,40.035468],[31.555284,40.035237],[31.55535,40.035222],[31.556924,40.034869],[31.565648,40.032836],[31.567831,40.032335],[31.569475,40.03198],[31.570026,40.03187],[31.571135,40.031669],[31.57225,40.031483],[31.572271,40.03148],[31.574486,40.031132],[31.580081,40.030274],[31.582893,40.029856],[31.602909,40.027056],[31.604626,40.026825],[31.605773,40.026686],[31.606923,40.026573],[31.607487,40.026532],[31.608617,40.026473],[31.60975,40.026432],[31.612019,40.026371],[31.617695,40.026235],[31.619396,40.026209],[31.62053,40.026212],[31.621096,40.026224],[31.621673,40.026247],[31.622825,40.026316],[31.624553,40.026448],[31.626857,40.026641],[31.62916,40.026838],[31.630879,40.027003],[31.631448,40.027068],[31.632012,40.027142],[31.632571,40.027229],[31.632759,40.027265],[31.633121,40.027334],[31.633659,40.027463],[31.63418,40.027622],[31.63469,40.027805],[31.635191,40.028006],[31.635687,40.028219],[31.636021,40.028373],[31.636667,40.028671],[31.637639,40.02914],[31.641517,40.031045],[31.643587,40.032051],[31.645892,40.033172],[31.646852,40.033654],[31.647324,40.033901],[31.647788,40.034155],[31.64824,40.034417],[31.648675,40.034692],[31.649088,40.034985],[31.649478,40.035303],[31.649845,40.035639],[31.650195,40.035987],[31.650462,40.036269],[31.650534,40.036345],[31.650864,40.036709],[31.65151,40.03745],[31.653408,40.039702],[31.654033,40.040457],[31.654646,40.041216],[31.655233,40.041986],[31.655721,40.042689],[31.656176,40.043403],[31.65639,40.043764],[31.656594,40.044128],[31.656786,40.044496],[31.656963,40.044868],[31.657139,40.045292],[31.657297,40.045721],[31.657442,40.046153],[31.657705,40.047025],[31.658068,40.048341],[31.658415,40.049663],[31.659513,40.054013],[31.659625,40.054414],[31.659748,40.054811],[31.659888,40.055202],[31.660053,40.055584],[31.660251,40.055953],[31.6605,40.056322],[31.660787,40.056675],[31.661102,40.057013],[31.661442,40.057338],[31.661802,40.057646],[31.662181,40.057935],[31.662579,40.058198],[31.663001,40.058428],[31.663449,40.058612],[31.663909,40.058739],[31.664392,40.058822],[31.664891,40.05887],[31.6654,40.058889],[31.665944,40.058881],[31.666489,40.058844],[31.667029,40.058777],[31.667559,40.058673],[31.668084,40.058525],[31.668596,40.058342],[31.669097,40.058134],[31.669587,40.057906],[31.670065,40.057663],[31.670532,40.057406],[31.670982,40.057136],[31.671412,40.056852],[31.671813,40.05655],[31.672178,40.056225],[31.672464,40.055912],[31.672718,40.055581],[31.672948,40.055235],[31.673157,40.054879],[31.673348,40.054515],[31.673523,40.054144],[31.673691,40.053747],[31.673843,40.053345],[31.673982,40.05294],[31.674106,40.052532],[31.674214,40.052123],[31.674303,40.051711],[31.674366,40.051316],[31.67441,40.05092],[31.674436,40.050523],[31.674446,40.050128],[31.674438,40.049734],[31.674408,40.049342],[31.674354,40.048955],[31.674267,40.048572],[31.674143,40.048192],[31.673987,40.047818],[31.673808,40.047448],[31.673787,40.047411],[31.67361,40.047082],[31.673176,40.046356],[31.672706,40.04564],[31.672185,40.044907],[31.671329,40.043783],[31.669293,40.041179],[31.668731,40.040429],[31.668197,40.039669],[31.667949,40.039282],[31.667723,40.0389],[31.667308,40.038123],[31.667115,40.03773],[31.666751,40.036937],[31.666421,40.036138],[31.666274,40.035736],[31.666143,40.035331],[31.666033,40.034922],[31.665948,40.034502],[31.665885,40.034079],[31.665839,40.033654],[31.665779,40.032798],[31.665734,40.031509],[31.665723,40.030648],[31.665727,40.029788],[31.665755,40.028927],[31.665906,40.026842],[31.665927,40.026426],[31.66593,40.026312],[31.665937,40.026012],[31.665929,40.025599],[31.665897,40.025188],[31.665833,40.024763],[31.66574,40.024342],[31.665627,40.023923],[31.665495,40.023507],[31.665347,40.023095],[31.665183,40.022686],[31.665002,40.022284],[31.6648,40.02189],[31.664572,40.021506],[31.66431,40.021137],[31.664099,40.020889],[31.664034,40.020813],[31.66373,40.020501],[31.663407,40.020198],[31.663069,40.019899],[31.662026,40.019011],[31.661647,40.018679],[31.660909,40.018001],[31.660552,40.017656],[31.660206,40.017308],[31.659876,40.016954],[31.659567,40.016596],[31.659287,40.01623],[31.659046,40.015854],[31.658861,40.015467],[31.658745,40.015081],[31.658683,40.014684],[31.658663,40.01428],[31.658676,40.013871],[31.65872,40.01346],[31.658793,40.01305],[31.658896,40.012643],[31.658986,40.012383],[31.659035,40.012242],[31.659225,40.011827],[31.659452,40.01142],[31.659706,40.011023],[31.659984,40.010635],[31.660281,40.010259],[31.6606,40.009898],[31.660942,40.009557],[31.661313,40.009242],[31.661722,40.008965],[31.662141,40.008748],[31.662593,40.008563],[31.663068,40.008405],[31.663561,40.008266],[31.664066,40.008144],[31.664581,40.008037],[31.665103,40.007945],[31.66563,40.007868],[31.666162,40.00781],[31.666721,40.007771],[31.667284,40.00775],[31.667849,40.007742],[31.668414,40.007744],[31.669548,40.007765],[31.67068,40.007803],[31.671809,40.007858],[31.672372,40.007895],[31.672932,40.007941],[31.67349,40.008],[31.674041,40.008074],[31.674589,40.008161],[31.675135,40.008257],[31.676221,40.00847],[31.677297,40.008703],[31.677831,40.008828],[31.678359,40.00896],[31.67888,40.009102],[31.679392,40.009257],[31.67989,40.009429],[31.68037,40.009625],[31.680827,40.009849],[31.681267,40.010097],[31.681693,40.010362],[31.682109,40.01064],[31.682924,40.011219],[31.683725,40.011816],[31.686116,40.013624],[31.687318,40.014517],[31.688933,40.015694],[31.689752,40.016272],[31.690166,40.016555],[31.690587,40.016832],[31.691014,40.017102],[31.691452,40.017361],[31.691913,40.017613],[31.692385,40.017853],[31.692865,40.018086],[31.693839,40.018535],[31.695323,40.019186],[31.696822,40.019819],[31.697833,40.020226],[31.69887,40.020612],[31.699934,40.020977],[31.701008,40.021332],[31.704806,40.022562],[31.706423,40.023073],[31.70695,40.02323],[31.707466,40.023373],[31.707964,40.023496],[31.708438,40.02359],[31.708876,40.023641],[31.709264,40.023633],[31.709583,40.023544],[31.709821,40.023354],[31.70999,40.023081],[31.710108,40.022749],[31.71019,40.022375],[31.710247,40.02197],[31.710287,40.021545],[31.710315,40.021107],[31.71036,40.019751],[31.710372,40.018836],[31.710371,40.018356],[31.71037,40.018309],[31.710369,40.017921],[31.710327,40.016627],[31.710259,40.015339],[31.710201,40.014483],[31.710124,40.013631],[31.710012,40.012764],[31.70986,40.011883],[31.709683,40.011005],[31.709586,40.010568],[31.709367,40.0097],[31.70924,40.00927],[31.709096,40.008845],[31.708929,40.008425],[31.708734,40.008012],[31.708515,40.007604],[31.708279,40.0072],[31.707776,40.006402],[31.707249,40.005609],[31.706169,40.00403],[31.705304,40.002804],[31.705074,40.002478],[31.704233,40.001341],[31.704173,40.001266],[31.703642,40.0006],[31.703331,40.000239],[31.703025,39.999907],[31.702705,39.999583],[31.702373,39.999269],[31.702028,39.998964],[31.701668,39.998672],[31.701291,39.998394],[31.700878,39.998121],[31.700031,39.99759],[31.699635,39.997324],[31.699248,39.997048],[31.698872,39.996763],[31.698505,39.996469],[31.69815,39.996166],[31.697809,39.995855],[31.697485,39.995534],[31.697163,39.995179],[31.696862,39.994814],[31.696579,39.99444],[31.696315,39.994058],[31.696072,39.99367],[31.695853,39.993274],[31.695664,39.992869],[31.695521,39.992488],[31.695405,39.9921],[31.695309,39.991708],[31.69523,39.991313],[31.695165,39.990915],[31.695115,39.990516],[31.69508,39.990138],[31.695058,39.98976],[31.69505,39.989382],[31.695058,39.989011],[31.695058,39.989006],[31.695086,39.988631],[31.695137,39.988258],[31.695229,39.98784],[31.695351,39.987424],[31.695493,39.987011],[31.69565,39.9866],[31.695994,39.98578],[31.696542,39.984554],[31.697294,39.982925],[31.697679,39.982114],[31.698079,39.981307],[31.698288,39.980907],[31.69875,39.980085],[31.698819,39.97997],[31.699482,39.978864],[31.700494,39.977249],[31.700754,39.976854],[31.701019,39.97645],[31.701291,39.976055],[31.701573,39.975665],[31.701869,39.975281],[31.702178,39.974909],[31.702501,39.974544],[31.703174,39.973828],[31.703521,39.973474],[31.704228,39.972776],[31.704595,39.972433],[31.704957,39.972093],[31.705332,39.97176],[31.705422,39.971684],[31.705719,39.971435],[31.70612,39.971122],[31.706523,39.970835],[31.70694,39.970559],[31.707368,39.970291],[31.708246,39.969775],[31.709147,39.969281],[31.709605,39.969042],[31.710069,39.968811],[31.71054,39.968588],[31.711023,39.968376],[31.712008,39.967977],[31.713511,39.96741],[31.71452,39.967044],[31.715534,39.966687],[31.716554,39.96635],[31.717067,39.966195],[31.717584,39.966053],[31.718105,39.965929],[31.718633,39.965831],[31.719149,39.965767],[31.71967,39.965727],[31.720196,39.965706],[31.720724,39.965702],[31.721072,39.965708],[31.721254,39.965712],[31.721784,39.965734],[31.722313,39.965769],[31.722841,39.965819],[31.722863,39.965822],[31.723365,39.965886],[31.723886,39.965974],[31.724402,39.966079],[31.724916,39.966197],[31.725427,39.966325],[31.726439,39.966608],[31.726939,39.966762],[31.727435,39.966924],[31.727925,39.967096],[31.728407,39.967281],[31.728915,39.967494],[31.730401,39.968164],[31.730892,39.968372],[31.731384,39.968559],[31.73178,39.968681],[31.73188,39.968711],[31.732119,39.968761],[31.73238,39.968815],[31.732882,39.968856],[31.733381,39.968833],[31.733868,39.968748],[31.734301,39.968611],[31.734719,39.96843],[31.735124,39.968215],[31.735517,39.967973],[31.735898,39.967709],[31.736287,39.967415],[31.736665,39.967107],[31.737034,39.966788],[31.737747,39.966131],[31.73809,39.965794],[31.73842,39.965451],[31.738733,39.965102],[31.739023,39.964744],[31.739284,39.964375],[31.739489,39.964028],[31.739667,39.963672],[31.739824,39.963309],[31.739962,39.962939],[31.740085,39.962566],[31.740193,39.962189],[31.740297,39.961756],[31.740386,39.96132],[31.740462,39.960883],[31.740553,39.960208],[31.74058,39.960004],[31.74062,39.959564],[31.740661,39.958704],[31.740663,39.957413],[31.740622,39.956124],[31.740561,39.955268],[31.740526,39.95495],[31.740514,39.954842],[31.740451,39.954418],[31.740366,39.953989],[31.740264,39.953562],[31.74015,39.953137],[31.7399,39.952288],[31.739556,39.951186],[31.739238,39.950171],[31.738997,39.949321],[31.73889,39.948895],[31.738797,39.948467],[31.738719,39.948024],[31.738658,39.947591],[31.738657,39.947579],[31.738561,39.946686],[31.738487,39.94579],[31.738301,39.943097],[31.738207,39.941585],[31.73819,39.941299],[31.738153,39.9404],[31.738146,39.939951],[31.738164,39.939131],[31.738173,39.938987],[31.738189,39.938722],[31.738227,39.938315],[31.738281,39.937911],[31.738354,39.93751],[31.738454,39.937114],[31.738592,39.936705],[31.738758,39.936302],[31.738802,39.93621],[31.738948,39.935904],[31.739156,39.93551],[31.739381,39.935123],[31.739622,39.934741],[31.739881,39.934368],[31.740161,39.934005],[31.740467,39.933656],[31.740816,39.933313],[31.741192,39.932985],[31.741587,39.932667],[31.741995,39.932357],[31.742414,39.932053],[31.743271,39.931458],[31.744146,39.930877],[31.744415,39.930708],[31.74504,39.930314],[31.745497,39.930042],[31.746377,39.92955],[31.747711,39.928828],[31.748582,39.928331],[31.749002,39.928069],[31.749435,39.927778],[31.749825,39.927498],[31.749855,39.927476],[31.75067,39.926848],[31.75186,39.925877],[31.752291,39.925512],[31.753809,39.924229],[31.758464,39.920207],[31.7586,39.920088],[31.760005,39.91886],[31.760057,39.918813],[31.760762,39.918177],[31.761815,39.917178],[31.762837,39.916162],[31.763494,39.915473],[31.763552,39.915408],[31.763809,39.915122],[31.764112,39.914766],[31.764398,39.914403],[31.764665,39.914028],[31.764914,39.913646],[31.765149,39.913258],[31.765374,39.912865],[31.765797,39.912071],[31.766188,39.911265],[31.766537,39.910467],[31.766866,39.909664],[31.767684,39.907601],[31.767825,39.907245],[31.768159,39.906441],[31.768504,39.905641],[31.768866,39.904846],[31.769056,39.904451],[31.769468,39.903663],[31.76969,39.90327],[31.770157,39.902493],[31.770648,39.901727],[31.770904,39.901349],[31.77117,39.900977],[31.771449,39.900612],[31.771743,39.900256],[31.77206,39.899913],[31.772412,39.899578],[31.772787,39.899256],[31.773178,39.898943],[31.773581,39.898638],[31.774409,39.89804],[31.776922,39.896278],[31.778124,39.895407],[31.778915,39.894819],[31.779695,39.894223],[31.779959,39.894011],[31.780454,39.893614],[31.780822,39.893301],[31.781176,39.892984],[31.781861,39.892335],[31.782524,39.891672],[31.783174,39.891],[31.783586,39.890561],[31.783819,39.890313],[31.784462,39.889613],[31.78796,39.885745],[31.78861,39.885052],[31.788797,39.884863],[31.789282,39.884373],[31.789632,39.884044],[31.789995,39.883724],[31.790372,39.883419],[31.790762,39.883124],[31.791163,39.882837],[31.791571,39.882554],[31.792402,39.882001],[31.793675,39.881195],[31.794411,39.880756],[31.794542,39.880678],[31.794984,39.88043],[31.795434,39.880193],[31.795896,39.87997],[31.796367,39.879766],[31.796849,39.879576],[31.797339,39.879396],[31.798336,39.879056],[31.799851,39.878575],[31.801378,39.87811],[31.802914,39.877665],[31.803145,39.877603],[31.803994,39.877375],[31.805622,39.876963],[31.806712,39.876701],[31.807545,39.876515],[31.807803,39.876457],[31.808351,39.876347],[31.8089,39.876248],[31.809452,39.876166],[31.810007,39.876106],[31.810565,39.876073],[31.811126,39.876063],[31.81169,39.87607],[31.812822,39.876114],[31.814525,39.876221],[31.819642,39.87659],[31.824759,39.876946],[31.826245,39.877061],[31.827031,39.877122],[31.828678,39.877279],[31.830867,39.877518],[31.831955,39.877656],[31.832495,39.877734],[31.833032,39.877821],[31.833564,39.87792],[31.83409,39.878035],[31.834627,39.878176],[31.835157,39.878335],[31.835682,39.878507],[31.836128,39.878664],[31.836722,39.878875],[31.83801,39.879362],[31.838269,39.879459],[31.840835,39.880463],[31.842877,39.881281],[31.844585,39.881983],[31.845231,39.882249],[31.845563,39.882373],[31.845683,39.882419],[31.846141,39.882575],[31.846608,39.882711],[31.847122,39.882831],[31.847646,39.882928],[31.848178,39.883008],[31.848716,39.883076],[31.849258,39.883134],[31.850351,39.883233],[31.851449,39.883315],[31.852549,39.88338],[31.853099,39.883403],[31.853647,39.883417],[31.854192,39.883418],[31.854431,39.88341],[31.854734,39.8834],[31.855305,39.883356],[31.855868,39.883287],[31.85642,39.883193],[31.856959,39.883074],[31.857478,39.882924],[31.857971,39.882735],[31.858422,39.882508],[31.858847,39.882246],[31.859254,39.881959],[31.859648,39.881654],[31.859882,39.881461],[31.860032,39.881337],[31.860785,39.88068],[31.86449,39.877301],[31.867887,39.874267],[31.867992,39.874169],[31.868617,39.873585],[31.868964,39.87324],[31.86929,39.872891],[31.869585,39.872538],[31.869836,39.872179],[31.869997,39.871882],[31.870112,39.871583],[31.87017,39.871282],[31.870161,39.870957],[31.870083,39.870637],[31.869945,39.870328],[31.86975,39.870034],[31.869498,39.869764],[31.869141,39.86949],[31.868726,39.869245],[31.868269,39.869023],[31.867784,39.868817],[31.867279,39.868622],[31.86676,39.868434],[31.865703,39.868074],[31.863337,39.867291],[31.863034,39.86719],[31.861484,39.86665],[31.858452,39.86554],[31.856947,39.864976],[31.855951,39.864592],[31.85497,39.864194],[31.85449,39.863985],[31.85402,39.863766],[31.853565,39.863533],[31.853129,39.863281],[31.852711,39.863001],[31.852313,39.862701],[31.85193,39.862386],[31.851557,39.862061],[31.851191,39.861729],[31.850474,39.861049],[31.85015,39.860727],[31.849422,39.860007],[31.848744,39.859299],[31.848419,39.858939],[31.848108,39.858574],[31.847819,39.8582],[31.847571,39.857838],[31.847348,39.857468],[31.847151,39.857094],[31.846982,39.856716],[31.846847,39.856335],[31.846756,39.855952],[31.84672,39.85557],[31.846747,39.855202],[31.846827,39.854836],[31.84695,39.854472],[31.847108,39.854114],[31.847298,39.853762],[31.847517,39.85342],[31.847768,39.853091],[31.848055,39.85278],[31.8484,39.852473],[31.848781,39.852185],[31.849186,39.851913],[31.849611,39.851653],[31.850049,39.851403],[31.850497,39.851161],[31.850952,39.850928],[31.851415,39.850705],[31.851885,39.850494],[31.852176,39.850374],[31.852361,39.850299],[31.852847,39.850124],[31.853243,39.850008],[31.853345,39.849978],[31.853857,39.849866],[31.854379,39.849782],[31.85491,39.84972],[31.855445,39.849676],[31.855938,39.849649],[31.855984,39.849646],[31.856525,39.84963],[31.857066,39.849627],[31.857605,39.849639],[31.858141,39.84967],[31.858674,39.849723],[31.859224,39.849808],[31.859769,39.849917],[31.86031,39.850043],[31.861385,39.850328],[31.862454,39.850637],[31.863519,39.850958],[31.86458,39.851286],[31.865636,39.851622],[31.866682,39.851972],[31.86717,39.852145],[31.868137,39.852503],[31.869096,39.852874],[31.871368,39.853794],[31.872253,39.854143],[31.8727,39.854309],[31.873225,39.854492],[31.873756,39.854667],[31.87429,39.854835],[31.875367,39.855157],[31.876451,39.855466],[31.87754,39.855759],[31.878638,39.856026],[31.879191,39.856144],[31.879749,39.856246],[31.88026,39.856321],[31.880774,39.856384],[31.881558,39.856456],[31.881812,39.85648],[31.882856,39.856554],[31.883738,39.856604],[31.884461,39.856645],[31.884967,39.856668],[31.887255,39.856775],[31.888938,39.856839],[31.888963,39.856839],[31.890064,39.85686],[31.890627,39.856859],[31.891202,39.856845],[31.891776,39.85682],[31.892349,39.856785],[31.89292,39.85674],[31.893486,39.856684],[31.894046,39.856614],[31.894595,39.856525],[31.895128,39.856412],[31.895583,39.856286],[31.896015,39.856134],[31.896419,39.855954],[31.896785,39.855743],[31.897102,39.855502],[31.897375,39.855234],[31.897605,39.854944],[31.897885,39.854649],[31.897918,39.854319],[31.897985,39.853992],[31.897979,39.853645],[31.89791,39.853294],[31.897789,39.85294],[31.897628,39.852586],[31.898483,39.85188],[31.897374,39.851423],[31.896005,39.850902],[31.895157,39.849924],[31.89431,39.84875],[31.893593,39.847837],[31.893267,39.84699],[31.892811,39.846433],[31.89268,39.846272],[31.892141,39.845797],[31.891571,39.845294],[31.89105,39.844512],[31.890984,39.844251],[31.890919,39.84399],[31.890658,39.843338],[31.890332,39.843143],[31.890006,39.842947],[31.888963,39.842686],[31.888572,39.842099],[31.887985,39.841056],[31.887268,39.840535],[31.885507,39.839491],[31.884464,39.838839],[31.883291,39.837535],[31.882639,39.83628],[31.882378,39.835775],[31.882378,39.834601],[31.881921,39.833688],[31.881074,39.832841],[31.88003,39.831471],[31.879425,39.830006],[31.878186,39.827804],[31.874608,39.823537],[31.874459,39.823365],[31.871993,39.820509],[31.867313,39.817894],[31.860019,39.815968],[31.853757,39.813559],[31.843022,39.809327],[31.840338,39.808295],[31.83528,39.804785],[31.831667,39.801998],[31.827022,39.797353],[31.826697,39.797159],[31.822298,39.794539],[31.82217,39.794463],[31.81897,39.792811],[31.812984,39.789611],[31.806687,39.785276],[31.799874,39.780115],[31.797706,39.77836],[31.795952,39.774231],[31.795848,39.771031],[31.796468,39.764425],[31.797397,39.756889],[31.798429,39.750077],[31.799152,39.740374],[31.799461,39.735316],[31.799874,39.732425],[31.801422,39.728606],[31.804313,39.723135],[31.805655,39.719935],[31.807306,39.71529],[31.809371,39.709716],[31.81288,39.702387],[31.816493,39.69702],[31.813999,39.697014],[31.810753,39.697514],[31.80809,39.698013],[31.803928,39.699927],[31.787532,39.705254],[31.780791,39.707751],[31.774382,39.709831],[31.766059,39.712578],[31.753325,39.713826],[31.745113,39.714381],[31.729355,39.713604],[31.717482,39.712051],[31.706495,39.710719],[31.70361,39.711163],[31.690183,39.71427],[31.682415,39.714714],[31.669542,39.714603],[31.661441,39.713272],[31.655782,39.712051],[31.648975,39.709351],[31.643057,39.706835],[31.635363,39.702248],[31.628409,39.696626],[31.620419,39.691595],[31.608138,39.684345],[31.595265,39.678722],[31.585944,39.67458],[31.571295,39.667329],[31.560938,39.661559],[31.545698,39.654013],[31.526611,39.644099],[31.509891,39.637885],[31.495798,39.634926],[31.486143,39.633705],[31.474158,39.634038],[31.466169,39.634815],[31.458401,39.635814],[31.456403,39.636368],[31.446194,39.641917],[31.439424,39.646467],[31.436761,39.648353],[31.432988,39.652237],[31.42522,39.657453],[31.419783,39.660449],[31.41146,39.662669],[31.406022,39.664444],[31.399364,39.665776]]]}},{"type":"Feature","properties":{"id":"TR-D-26-010","parent_id":"TR-P-26","region_id":"TR-R-ICA","level":"district","municipality_type":null,"municipality_type_label":null,"is_metropolitan_municipality":null,"name":"Odunpazarı","name_ascii":"odunpazari","slug":"odunpazari-eskisehir"},"geometry":{"type":"Polygon","coordinates":[[[30.214668,39.635522],[30.214724,39.635512],[30.216254,39.635229],[30.216847,39.635139],[30.21742,39.635066],[30.217995,39.635002],[30.218572,39.634946],[30.219727,39.634853],[30.220883,39.634785],[30.221462,39.634764],[30.222041,39.634754],[30.222599,39.634759],[30.223717,39.634797],[30.224834,39.634859],[30.226509,39.63497],[30.232649,39.635403],[30.235917,39.635624],[30.238069,39.635759],[30.239683,39.635838],[30.24076,39.635864],[30.241292,39.635863],[30.242357,39.635839],[30.24342,39.63579],[30.243951,39.635756],[30.244481,39.635716],[30.245457,39.635625],[30.246431,39.635517],[30.247957,39.635329],[30.254593,39.634456],[30.256242,39.634217],[30.256788,39.634127],[30.25733,39.634029],[30.257867,39.633919],[30.258396,39.633792],[30.258876,39.633657],[30.25935,39.633507],[30.259816,39.633344],[30.260277,39.633169],[30.260732,39.632983],[30.261179,39.632787],[30.261621,39.632583],[30.263379,39.631745],[30.263824,39.631542],[30.264275,39.631347],[30.264781,39.631144],[30.265295,39.630953],[30.265816,39.630771],[30.266343,39.630599],[30.266874,39.630435],[30.267412,39.630283],[30.267872,39.630164],[30.268335,39.630055],[30.268802,39.629957],[30.269272,39.629871],[30.269745,39.6298],[30.270274,39.629741],[30.270805,39.629702],[30.271335,39.629682],[30.271862,39.62968],[30.272382,39.629698],[30.272918,39.629742],[30.273437,39.629818],[30.273931,39.629932],[30.27439,39.630094],[30.274792,39.630305],[30.275153,39.630562],[30.275478,39.630857],[30.275763,39.631183],[30.275999,39.631518],[30.276207,39.631873],[30.276396,39.63224],[30.276571,39.632616],[30.277643,39.635109],[30.278022,39.635946],[30.278221,39.63636],[30.278432,39.636768],[30.278657,39.637169],[30.278902,39.63756],[30.279175,39.637938],[30.279483,39.638303],[30.279818,39.638654],[30.280174,39.638997],[30.280543,39.639332],[30.280923,39.639662],[30.281701,39.640315],[30.285275,39.643222],[30.286075,39.643862],[30.286889,39.644491],[30.287305,39.644795],[30.287731,39.64509],[30.28817,39.64537],[30.288616,39.645626],[30.289076,39.645866],[30.289548,39.646092],[30.29003,39.646303],[30.290522,39.646498],[30.291024,39.646674],[30.291537,39.646826],[30.292045,39.646946],[30.292563,39.647044],[30.293088,39.647124],[30.293619,39.647189],[30.294153,39.64724],[30.294691,39.647278],[30.295226,39.647303],[30.295762,39.647318],[30.296838,39.647323],[30.297915,39.647303],[30.298485,39.647283],[30.299625,39.647229],[30.300764,39.647166],[30.307592,39.646762],[30.309295,39.646647],[30.310423,39.646549],[30.310983,39.646488],[30.311538,39.646415],[30.312088,39.646327],[30.312628,39.646217],[30.313167,39.646079],[30.313697,39.645923],[30.314742,39.645594],[30.315261,39.645439],[30.315779,39.645304],[30.316298,39.645202],[30.316819,39.645148],[30.31729,39.645153],[30.317763,39.6452],[30.318235,39.645281],[30.318706,39.64539],[30.319173,39.645522],[30.319635,39.645675],[30.320089,39.645849],[30.320582,39.646065],[30.321065,39.646299],[30.321541,39.646547],[30.32248,39.647067],[30.323409,39.647603],[30.328948,39.650858],[30.332648,39.653047],[30.333574,39.653582],[30.334037,39.653839],[30.3345,39.654084],[30.334962,39.654311],[30.335425,39.654511],[30.335886,39.654674],[30.336347,39.654783],[30.336805,39.654821],[30.337251,39.654772],[30.337694,39.654654],[30.338137,39.654484],[30.338578,39.654278],[30.339018,39.654045],[30.339457,39.653794],[30.339894,39.653529],[30.340757,39.652975],[30.34118,39.652688],[30.341592,39.652396],[30.341989,39.652097],[30.342366,39.65179],[30.342713,39.651472],[30.343022,39.651139],[30.343276,39.650785],[30.343466,39.650408],[30.343604,39.65001],[30.343706,39.649599],[30.343786,39.649177],[30.343922,39.648323],[30.343999,39.647896],[30.344097,39.647475],[30.344227,39.647064],[30.344395,39.646683],[30.344601,39.646318],[30.344843,39.645973],[30.34512,39.645653],[30.345435,39.645365],[30.345793,39.64512],[30.346197,39.644927],[30.346638,39.644778],[30.347106,39.644667],[30.34759,39.644588],[30.348083,39.644542],[30.348579,39.644529],[30.349069,39.644556],[30.349548,39.64463],[30.349965,39.644745],[30.350367,39.644897],[30.350756,39.645081],[30.351131,39.645289],[30.351492,39.645519],[30.351849,39.645776],[30.352188,39.646049],[30.35251,39.646336],[30.352813,39.646636],[30.353092,39.646949],[30.353343,39.647276],[30.35359,39.647665],[30.353805,39.648069],[30.353997,39.648483],[30.354174,39.648904],[30.354683,39.650197],[30.355039,39.651074],[30.355413,39.651946],[30.355612,39.652376],[30.355821,39.652801],[30.356045,39.653216],[30.356287,39.653615],[30.356553,39.653995],[30.356845,39.654349],[30.35717,39.654667],[30.35754,39.654936],[30.357896,39.655116],[30.358282,39.655252],[30.358688,39.655348],[30.359105,39.655403],[30.359527,39.655415],[30.359944,39.655378],[30.360387,39.655276],[30.360814,39.655119],[30.361219,39.654916],[30.361618,39.654658],[30.370247,39.646489],[30.382077,39.646249],[30.391141,39.646603],[30.401848,39.658088],[30.404854,39.658571],[30.411462,39.663842],[30.413632,39.673238],[30.413176,39.680031],[30.412033,39.694405],[30.41064,39.696184],[30.40837,39.703121],[30.408028,39.708376],[30.407873,39.710821],[30.408213,39.71115],[30.408577,39.711458],[30.408969,39.711744],[30.409392,39.712002],[30.40987,39.712236],[30.410376,39.71244],[30.410902,39.712622],[30.411443,39.712789],[30.411992,39.712944],[30.413108,39.713234],[30.416456,39.714041],[30.41751,39.714309],[30.418026,39.714452],[30.418529,39.714604],[30.419015,39.71477],[30.419476,39.714955],[30.419904,39.715166],[30.420287,39.715412],[30.420627,39.715713],[30.420918,39.716051],[30.421176,39.716416],[30.421408,39.716801],[30.421623,39.7172],[30.421826,39.717608],[30.422211,39.718441],[30.422581,39.719286],[30.423301,39.720982],[30.423641,39.721829],[30.423799,39.722253],[30.423944,39.722677],[30.424072,39.723102],[30.424174,39.723527],[30.424243,39.723955],[30.424272,39.724376],[30.423902,39.72697],[30.425045,39.728635],[30.424949,39.729492],[30.423998,39.729968],[30.424125,39.730418],[30.424315,39.731108],[30.424339,39.731941],[30.424148,39.732822],[30.42422,39.733345],[30.424624,39.734225],[30.424791,39.734915],[30.424648,39.736415],[30.424505,39.738413],[30.424148,39.740222],[30.424077,39.740507],[30.42322,39.740269],[30.422435,39.740174],[30.421912,39.740198],[30.421364,39.740245],[30.421436,39.742292],[30.422126,39.74441],[30.424363,39.747741],[30.425576,39.749549],[30.427337,39.752309],[30.429169,39.755974],[30.429597,39.758282],[30.432548,39.758258],[30.432929,39.758567],[30.432905,39.759091],[30.433547,39.759495],[30.435641,39.759067],[30.437426,39.758781],[30.439377,39.758615],[30.441066,39.758425],[30.443303,39.758639],[30.444517,39.758758],[30.448585,39.759376],[30.452654,39.7599],[30.455105,39.759686],[30.458008,39.759828],[30.461268,39.759805],[30.462934,39.759519],[30.465313,39.759376],[30.467407,39.759019],[30.469977,39.758329],[30.472047,39.758187],[30.472808,39.758068],[30.473451,39.75921],[30.475949,39.75852],[30.476256,39.758388],[30.477505,39.76135],[30.479111,39.765312],[30.480468,39.768025],[30.481074,39.768953],[30.482074,39.769631],[30.483466,39.770737],[30.486428,39.772201],[30.490961,39.774663],[30.493923,39.776198],[30.495637,39.777661],[30.497421,39.777554],[30.498671,39.777733],[30.502204,39.775449],[30.503203,39.774628],[30.504099,39.774553],[30.504271,39.775024],[30.504742,39.775152],[30.505413,39.775124],[30.505827,39.775281],[30.505984,39.775581],[30.506141,39.776266],[30.506341,39.776566],[30.506997,39.776723],[30.50754,39.776651],[30.508311,39.776651],[30.50911,39.776808],[30.509496,39.776994],[30.510167,39.776823],[30.510652,39.776637],[30.510866,39.776523],[30.511637,39.776823],[30.512837,39.777422],[30.513965,39.777765],[30.514507,39.778022],[30.515064,39.777979],[30.515564,39.777708],[30.516077,39.77738],[30.516663,39.777123],[30.517348,39.776994],[30.517705,39.776794],[30.518176,39.776452],[30.518861,39.776123],[30.519975,39.775666],[30.521074,39.775138],[30.522359,39.774824],[30.523259,39.774767],[30.524444,39.775181],[30.525343,39.775538],[30.526243,39.775481],[30.526814,39.775281],[30.527056,39.774952],[30.527128,39.774667],[30.527442,39.774381],[30.528555,39.774381],[30.529797,39.774267],[30.531539,39.774096],[30.531953,39.774096],[30.533395,39.773982],[30.535094,39.773625],[30.535851,39.773382],[30.537278,39.773468],[30.537264,39.773296],[30.537664,39.773339],[30.537735,39.773482],[30.538635,39.773582],[30.539449,39.773696],[30.540619,39.773225],[30.542318,39.772411],[30.542904,39.772083],[30.543646,39.772226],[30.544274,39.772568],[30.545116,39.772811],[30.546544,39.772654],[30.547601,39.772425],[30.548029,39.77204],[30.548226,39.771956],[30.548811,39.771842],[30.549797,39.772004],[30.550786,39.771966],[30.551567,39.77207],[30.552052,39.772227],[30.552247,39.772303],[30.552295,39.772356],[30.552276,39.772441],[30.552228,39.77248],[30.552143,39.772484],[30.551929,39.772484],[30.55189,39.772598],[30.552247,39.772646],[30.553699,39.772656],[30.553727,39.772813],[30.554741,39.772813],[30.554755,39.772532],[30.554774,39.772361],[30.554798,39.772251],[30.554941,39.772127],[30.555017,39.772052],[30.555528,39.772049],[30.557123,39.772061],[30.559393,39.772109],[30.570744,39.772426],[30.582224,39.772813],[30.589138,39.77301],[30.590279,39.773058],[30.590842,39.773092],[30.591397,39.773138],[30.591939,39.773201],[30.592464,39.773288],[30.592964,39.773409],[30.593431,39.773575],[30.593856,39.773797],[30.594248,39.774065],[30.594615,39.774367],[30.594965,39.774692],[30.595302,39.775035],[30.595631,39.775389],[30.595954,39.775752],[30.596589,39.77649],[30.597554,39.777641],[30.60728,39.780206],[30.613075,39.782176],[30.626245,39.782663],[30.641729,39.782531],[30.651093,39.785685],[30.655354,39.790406],[30.657205,39.805802],[30.657465,39.806039],[30.658234,39.806699],[30.659423,39.807668],[30.661836,39.809588],[30.662648,39.810217],[30.663475,39.810823],[30.6639,39.81111],[30.664335,39.81138],[30.664786,39.811626],[30.665259,39.81184],[30.665757,39.812014],[30.666275,39.812155],[30.66681,39.812273],[30.667356,39.812374],[30.66791,39.812463],[30.669032,39.812619],[30.678676,39.81379],[30.67981,39.813922],[30.680946,39.814041],[30.681514,39.814093],[30.682656,39.814176],[30.683801,39.814243],[30.686092,39.814353],[30.696408,39.814821],[30.698127,39.814893],[30.699274,39.814934],[30.700397,39.81496],[30.701495,39.814973],[30.704243,39.81498],[30.706441,39.814965],[30.707539,39.814942],[30.708112,39.814922],[30.709259,39.814872],[30.710978,39.814781],[30.721288,39.814189],[30.729311,39.813743],[30.731024,39.813629],[30.73216,39.813525],[30.732723,39.813458],[30.733282,39.813376],[30.733837,39.813274],[30.734388,39.813156],[30.735481,39.812889],[30.736568,39.812598],[30.737651,39.812296],[30.742292,39.810973],[30.74828,39.812036],[30.778967,39.816644],[30.799373,39.818071],[30.808895,39.818759],[30.810974,39.818488],[30.816595,39.808643],[30.816136,39.803907],[30.815296,39.79772],[30.815831,39.796727],[30.819497,39.795505],[30.83149,39.792755],[30.842872,39.790005],[30.853184,39.787408],[30.861128,39.786262],[30.868704,39.785354],[30.868518,39.784032],[30.866058,39.772635],[30.864296,39.763597],[30.861219,39.75217],[30.857703,39.73837],[30.856209,39.727646],[30.855506,39.719735],[30.855682,39.712351],[30.856033,39.711209],[30.858231,39.702946],[30.86412,39.689761],[30.868252,39.67974],[30.871328,39.669368],[30.875635,39.66005],[30.88047,39.655392],[30.885832,39.653106],[30.889787,39.651964],[30.887534,39.645787],[30.886339,39.641006],[30.884926,39.636442],[30.883079,39.632204],[30.881775,39.628401],[30.877429,39.625142],[30.872974,39.62286],[30.866563,39.621121],[30.848852,39.617536],[30.834835,39.613624],[30.819731,39.611451],[30.810821,39.610147],[30.803107,39.610256],[30.796805,39.610364],[30.791938,39.611294],[30.785178,39.613298],[30.774856,39.617862],[30.766133,39.620576],[30.760839,39.621882],[30.754754,39.622317],[30.733674,39.621882],[30.71944,39.622534],[30.710095,39.622534],[30.698686,39.62123],[30.683474,39.619166],[30.674564,39.616232],[30.667719,39.615254],[30.662829,39.614602],[30.652615,39.611994],[30.64088,39.609169],[30.622843,39.606127],[30.607712,39.602758],[30.599563,39.601699],[30.588969,39.59738],[30.585709,39.596483],[30.581716,39.592571],[30.579923,39.589475],[30.579923,39.586704],[30.58033,39.582385],[30.581634,39.579369],[30.583562,39.577068],[30.583746,39.576057],[30.586605,39.570242],[30.587746,39.567797],[30.590354,39.558263],[30.59231,39.546609],[30.593125,39.543186],[30.593777,39.53577],[30.592473,39.529169],[30.590843,39.523302],[30.587257,39.518494],[30.583427,39.515886],[30.579678,39.514338],[30.573974,39.512952],[30.563624,39.509855],[30.554497,39.508389],[30.545125,39.506188],[30.536079,39.505536],[30.530049,39.505292],[30.527034,39.505455],[30.519781,39.505618],[30.514239,39.505455],[30.507068,39.504721],[30.502912,39.503336],[30.497207,39.500076],[30.487509,39.49429],[30.479115,39.48989],[30.470151,39.4872],[30.462491,39.485407],[30.452431,39.483186],[30.445948,39.483044],[30.438043,39.483452],[30.433153,39.484103],[30.429975,39.484674],[30.424515,39.48663],[30.420847,39.487852],[30.418973,39.488178],[30.413106,39.488504],[30.408705,39.487689],[30.406505,39.487119],[30.400882,39.484348],[30.397459,39.482555],[30.39534,39.482311],[30.387761,39.481659],[30.380182,39.481088],[30.369995,39.480192],[30.364983,39.479962],[30.366207,39.481519],[30.370718,39.487158],[30.373076,39.491054],[30.375537,39.49536],[30.377382,39.498641],[30.377587,39.499974],[30.377485,39.502845],[30.375434,39.508484],[30.370923,39.514738],[30.366309,39.517506],[30.35985,39.520787],[30.35093,39.527041],[30.340677,39.533911],[30.338114,39.535346],[30.323042,39.542421],[30.311149,39.546522],[30.305612,39.548367],[30.296282,39.550213],[30.289823,39.551238],[30.284901,39.553699],[30.281005,39.556877],[30.274546,39.562414],[30.265113,39.570411],[30.26173,39.574512],[30.25199,39.585073],[30.249632,39.587123],[30.24471,39.591634],[30.241532,39.594608],[30.236754,39.599186],[30.23661,39.599324],[30.232304,39.603015],[30.227588,39.608142],[30.227333,39.608427],[30.222461,39.613883],[30.220308,39.617677],[30.219488,39.620137],[30.219078,39.622701],[30.218917,39.623871],[30.218258,39.628647],[30.215489,39.634006],[30.214668,39.635522]]]}},{"type":"Feature","properties":{"id":"TR-D-26-011","parent_id":"TR-P-26","region_id":"TR-R-ICA","level":"district","municipality_type":null,"municipality_type_label":null,"is_metropolitan_municipality":null,"name":"Sarıcakaya","name_ascii":"saricakaya","slug":"saricakaya-eskisehir"},"geometry":{"type":"Polygon","coordinates":[[[30.523803,40.083613],[30.524567,40.085779],[30.527815,40.091957],[30.529026,40.095078],[30.530363,40.098772],[30.531828,40.102912],[30.534312,40.107752],[30.537879,40.113485],[30.540809,40.116478],[30.546159,40.120555],[30.549853,40.12323],[30.553101,40.125714],[30.557878,40.129408],[30.562655,40.132147],[30.566413,40.134248],[30.568515,40.135968],[30.573291,40.139344],[30.575775,40.141127],[30.577559,40.1417],[30.583355,40.143102],[30.590679,40.145458],[30.59724,40.146732],[30.605265,40.147242],[30.607961,40.146817],[30.611443,40.146562],[30.613821,40.146647],[30.615519,40.147496],[30.617303,40.148176],[30.618576,40.148515],[30.619596,40.148006],[30.621719,40.146902],[30.623757,40.146222],[30.625965,40.145543],[30.627324,40.145458],[30.628682,40.145968],[30.63089,40.147411],[30.632419,40.147751],[30.633438,40.148006],[30.635731,40.148091],[30.637429,40.147751],[30.638958,40.147666],[30.640487,40.148091],[30.641591,40.148091],[30.643119,40.148091],[30.643968,40.148006],[30.644902,40.147581],[30.645922,40.147411],[30.647195,40.148006],[30.64813,40.148515],[30.649149,40.14877],[30.651357,40.14894],[30.652943,40.149418],[30.654155,40.150059],[30.655295,40.150915],[30.656079,40.151841],[30.657149,40.152483],[30.658503,40.152839],[30.660071,40.152768],[30.66025,40.152697],[30.660428,40.152625],[30.662352,40.152625],[30.664348,40.152697],[30.666202,40.152269],[30.668126,40.151128],[30.672546,40.149703],[30.677536,40.148847],[30.691294,40.146851],[30.694929,40.147279],[30.703697,40.147992],[30.713463,40.150416],[30.721874,40.153124],[30.727648,40.154479],[30.731212,40.154621],[30.735418,40.154122],[30.740051,40.153124],[30.743901,40.153267],[30.747251,40.154479],[30.749176,40.155049],[30.754023,40.154479],[30.759084,40.153837],[30.764288,40.153267],[30.777832,40.152411],[30.782536,40.152269],[30.786528,40.151556],[30.789879,40.150202],[30.793657,40.148277],[30.795439,40.14735],[30.802508,40.145544],[30.806595,40.145259],[30.815339,40.144879],[30.820756,40.144404],[30.822307,40.144528],[30.820424,40.141559],[30.81863,40.139138],[30.817823,40.137075],[30.817285,40.135281],[30.817374,40.134474],[30.81854,40.131245],[30.819519,40.129287],[30.819698,40.128931],[30.820245,40.127837],[30.82085,40.126756],[30.8215,40.125594],[30.821718,40.125117],[30.823832,40.120482],[30.826344,40.116177],[30.830021,40.10936],[30.83007,40.10928],[30.830311,40.108885],[30.832263,40.105683],[30.837665,40.096024],[30.838123,40.095798],[30.83901,40.095333],[30.839453,40.095085],[30.840327,40.094576],[30.841189,40.094055],[30.841966,40.093569],[30.842039,40.093523],[30.842874,40.092977],[30.843282,40.092696],[30.84368,40.092409],[30.844066,40.092113],[30.844447,40.091795],[30.844808,40.091466],[30.845145,40.091125],[30.845454,40.090768],[30.845694,40.090446],[30.845912,40.090112],[30.846108,40.08977],[30.846286,40.089421],[30.846445,40.089065],[30.846591,40.08869],[30.846719,40.08831],[30.846833,40.087927],[30.846935,40.087543],[30.847193,40.08639],[30.847286,40.086015],[30.8474,40.085651],[30.847546,40.085302],[30.847764,40.084933],[30.848036,40.084596],[30.848362,40.084297],[30.848746,40.084049],[30.849166,40.083867],[30.849629,40.083728],[30.850123,40.083621],[30.850637,40.083536],[30.851163,40.083465],[30.85272,40.083283],[30.853202,40.083213],[30.853645,40.08313],[30.854031,40.083025],[30.854341,40.082891],[30.854583,40.082601],[30.854592,40.082219],[30.854484,40.08192],[30.854348,40.081652],[30.849798,40.079858],[30.844112,40.077561],[30.837668,40.07407],[30.83373,40.07058],[30.832566,40.068521],[30.828807,40.062525],[30.825854,40.059661],[30.822721,40.056171],[30.817978,40.051069],[30.813413,40.046863],[30.807954,40.042477],[30.803926,40.041403],[30.797662,40.040866],[30.785848,40.03845],[30.77824,40.036302],[30.77475,40.033885],[30.772512,40.031737],[30.76759,40.026636],[30.762667,40.023772],[30.755507,40.023056],[30.7462,40.020281],[30.743515,40.018402],[30.74253,40.015717],[30.741725,40.007931],[30.741456,39.997012],[30.741098,39.989136],[30.740802,39.983949],[30.736976,39.980998],[30.733915,39.9775],[30.729324,39.973127],[30.723092,39.968317],[30.719266,39.966021],[30.713472,39.962632],[30.70571,39.957931],[30.700463,39.955526],[30.696855,39.952356],[30.692045,39.949514],[30.686798,39.949076],[30.679364,39.94853],[30.673133,39.95006],[30.6619,39.952165],[30.657145,39.953804],[30.654521,39.955362],[30.651651,39.957494],[30.650444,39.958606],[30.649047,39.960797],[30.648216,39.962461],[30.646275,39.965233],[30.644676,39.966299],[30.645166,39.971609],[30.644519,39.980573],[30.643318,39.9839],[30.640361,39.988428],[30.637126,39.991293],[30.635555,39.994343],[30.633984,39.997023],[30.632413,39.998778],[30.629086,40.00192],[30.626037,40.004785],[30.623727,40.006541],[30.621971,40.007742],[30.616334,40.011254],[30.612083,40.013841],[30.606353,40.018092],[30.601825,40.024746],[30.599607,40.029736],[30.595264,40.034172],[30.590458,40.036667],[30.58325,40.040456],[30.579461,40.043783],[30.575303,40.046278],[30.570035,40.051176],[30.564768,40.056351],[30.560424,40.060971],[30.558207,40.063189],[30.548873,40.069473],[30.540371,40.07317],[30.530206,40.079084],[30.523803,40.083613]]]}},{"type":"Feature","properties":{"id":"TR-D-26-012","parent_id":"TR-P-26","region_id":"TR-R-ICA","level":"district","municipality_type":null,"municipality_type_label":null,"is_metropolitan_municipality":null,"name":"Seyitgazi","name_ascii":"seyitgazi","slug":"seyitgazi-eskisehir"},"geometry":{"type":"Polygon","coordinates":[[[30.364983,39.479962],[30.369995,39.480192],[30.380182,39.481088],[30.387761,39.481659],[30.39534,39.482311],[30.397459,39.482555],[30.400882,39.484348],[30.406505,39.487119],[30.408705,39.487689],[30.413106,39.488504],[30.418973,39.488178],[30.420847,39.487852],[30.424515,39.48663],[30.429975,39.484674],[30.433153,39.484103],[30.438043,39.483452],[30.445948,39.483044],[30.452431,39.483186],[30.462491,39.485407],[30.470151,39.4872],[30.479115,39.48989],[30.487509,39.49429],[30.497207,39.500076],[30.502912,39.503336],[30.507068,39.504721],[30.514239,39.505455],[30.519781,39.505618],[30.527034,39.505455],[30.530049,39.505292],[30.536079,39.505536],[30.545125,39.506188],[30.554497,39.508389],[30.563624,39.509855],[30.573974,39.512952],[30.579678,39.514338],[30.583427,39.515886],[30.587257,39.518494],[30.590843,39.523302],[30.592473,39.529169],[30.593777,39.53577],[30.593125,39.543186],[30.59231,39.546609],[30.590354,39.558263],[30.587746,39.567797],[30.586605,39.570242],[30.583746,39.576057],[30.583562,39.577068],[30.581634,39.579369],[30.58033,39.582385],[30.579923,39.586704],[30.579923,39.589475],[30.581716,39.592571],[30.585709,39.596483],[30.588969,39.59738],[30.599563,39.601699],[30.607712,39.602758],[30.622843,39.606127],[30.64088,39.609169],[30.652615,39.611994],[30.662829,39.614602],[30.667719,39.615254],[30.674564,39.616232],[30.683474,39.619166],[30.698686,39.62123],[30.710095,39.622534],[30.71944,39.622534],[30.733674,39.621882],[30.754754,39.622317],[30.760839,39.621882],[30.766133,39.620576],[30.774856,39.617862],[30.774011,39.61193],[30.77466,39.605161],[30.776143,39.595981],[30.777349,39.590046],[30.777534,39.583926],[30.778091,39.58133],[30.779018,39.580124],[30.783283,39.577064],[30.789311,39.574097],[30.797471,39.571315],[30.805816,39.567328],[30.812122,39.563989],[30.819076,39.559631],[30.82566,39.555273],[30.833727,39.550358],[30.839754,39.545629],[30.842814,39.541457],[30.845875,39.535522],[30.848007,39.530422],[30.84912,39.52662],[30.849213,39.522633],[30.848564,39.521149],[30.846338,39.518646],[30.845225,39.516327],[30.84504,39.514566],[30.845689,39.511691],[30.846431,39.508446],[30.847729,39.496947],[30.847358,39.490735],[30.847358,39.48786],[30.846895,39.483038],[30.84606,39.479978],[30.844576,39.476362],[30.842073,39.473487],[30.836973,39.46746],[30.834747,39.46338],[30.833264,39.459578],[30.833171,39.456703],[30.832985,39.45012],[30.832058,39.445112],[30.831131,39.438714],[30.828905,39.428329],[30.826958,39.420261],[30.824362,39.40932],[30.823342,39.403941],[30.822971,39.399861],[30.823434,39.394669],[30.82464,39.390681],[30.824733,39.387158],[30.824825,39.384469],[30.82362,39.377607],[30.8226,39.372507],[30.822322,39.369076],[30.821858,39.362956],[30.821673,39.344781],[30.821673,39.330223],[30.821673,39.312975],[30.822056,39.307986],[30.817307,39.306657],[30.812681,39.304783],[30.807619,39.301528],[30.802205,39.298014],[30.793182,39.29222],[30.783969,39.286996],[30.775421,39.284242],[30.772951,39.283672],[30.759749,39.279303],[30.753766,39.276358],[30.746927,39.270375],[30.740563,39.264581],[30.734675,39.257647],[30.727646,39.250809],[30.720333,39.239886],[30.717388,39.235137],[30.714064,39.228679],[30.711025,39.219941],[30.70903,39.210728],[30.706276,39.203034],[30.705231,39.198095],[30.705706,39.191827],[30.706086,39.186033],[30.705991,39.180429],[30.704186,39.172451],[30.702952,39.165517],[30.701527,39.160863],[30.698298,39.156589],[30.692599,39.147851],[30.689085,39.141867],[30.68519,39.133889],[30.683766,39.131515],[30.681201,39.124106],[30.679872,39.120022],[30.677687,39.110904],[30.675977,39.105775],[30.675693,39.103211],[30.673698,39.097607],[30.672748,39.089819],[30.672014,39.086396],[30.670809,39.08778],[30.668651,39.089263],[30.664739,39.090815],[30.661502,39.091489],[30.657995,39.092703],[30.653544,39.094187],[30.647272,39.096143],[30.643225,39.097087],[30.637762,39.097087],[30.634255,39.096885],[30.62805,39.096143],[30.620294,39.096345],[30.612875,39.096952],[30.609436,39.09648],[30.607142,39.095805],[30.603366,39.095401],[30.599386,39.095671],[30.594463,39.096412],[30.588326,39.098503],[30.581042,39.101673],[30.575849,39.104168],[30.570453,39.107069],[30.563371,39.111925],[30.561281,39.11469],[30.559179,39.118377],[30.556661,39.120355],[30.552344,39.123323],[30.549017,39.12611],[30.54578,39.128898],[30.542576,39.133349],[30.540216,39.136249],[30.539744,39.139554],[30.539946,39.142522],[30.54116,39.147512],[30.54116,39.15048],[30.541025,39.153178],[30.540013,39.155808],[30.537181,39.157427],[30.534416,39.15891],[30.532325,39.160664],[30.529492,39.163699],[30.52639,39.169499],[30.523557,39.171253],[30.519848,39.173681],[30.517555,39.176109],[30.514992,39.179548],[30.513171,39.181841],[30.51054,39.185281],[30.508854,39.187979],[30.507775,39.190204],[30.506426,39.192565],[30.503864,39.195397],[30.502515,39.197151],[30.50238,39.200658],[30.500963,39.206458],[30.498738,39.210842],[30.495905,39.215158],[30.493612,39.218463],[30.489565,39.220014],[30.482012,39.220689],[30.466972,39.222442],[30.458811,39.224668],[30.455439,39.225208],[30.450381,39.226961],[30.447008,39.226961],[30.440804,39.226691],[30.438376,39.225545],[30.434696,39.229093],[30.429979,39.234527],[30.421777,39.241807],[30.417881,39.244883],[30.412037,39.251855],[30.408448,39.256776],[30.40404,39.261082],[30.393787,39.270617],[30.386917,39.278102],[30.383636,39.282716],[30.381791,39.288047],[30.380458,39.292559],[30.38015,39.29666],[30.381381,39.302914],[30.381893,39.306502],[30.381483,39.312552],[30.380766,39.318498],[30.37892,39.321369],[30.375024,39.328444],[30.371333,39.332135],[30.366309,39.336543],[30.364258,39.338286],[30.358209,39.345053],[30.353493,39.348949],[30.348674,39.351615],[30.345086,39.353153],[30.341497,39.355716],[30.337909,39.359612],[30.334935,39.363406],[30.333192,39.36802],[30.332167,39.371608],[30.332064,39.376017],[30.331859,39.380938],[30.332064,39.386782],[30.332987,39.388935],[30.334423,39.391294],[30.337088,39.393549],[30.342522,39.395497],[30.35339,39.398881],[30.364566,39.401751],[30.37,39.403597],[30.376254,39.407185],[30.379843,39.410056],[30.380971,39.41303],[30.382611,39.416516],[30.384354,39.42318],[30.385482,39.428204],[30.3862,39.430254],[30.3862,39.431382],[30.385995,39.433125],[30.384662,39.435688],[30.382406,39.437944],[30.375742,39.442455],[30.367539,39.447889],[30.365796,39.44953],[30.362823,39.455169],[30.361183,39.459475],[30.360055,39.464807],[30.35985,39.469215],[30.36108,39.473932],[30.363951,39.478648],[30.364983,39.479962]]]}},{"type":"Feature","properties":{"id":"TR-D-26-013","parent_id":"TR-P-26","region_id":"TR-R-ICA","level":"district","municipality_type":null,"municipality_type_label":null,"is_metropolitan_municipality":null,"name":"Sivrihisar","name_ascii":"sivrihisar","slug":"sivrihisar-eskisehir"},"geometry":{"type":"Polygon","coordinates":[[[31.29124,39.231401],[31.294756,39.23656],[31.297951,39.24455],[31.297214,39.255612],[31.295001,39.262742],[31.293895,39.267167],[31.292912,39.273558],[31.292297,39.278967],[31.292051,39.288063],[31.292297,39.290275],[31.293649,39.297773],[31.294756,39.304411],[31.299549,39.32039],[31.301147,39.32838],[31.302254,39.333297],[31.303974,39.342024],[31.30422,39.344113],[31.302868,39.350874],[31.302705,39.351831],[31.303466,39.354336],[31.301559,39.357905],[31.301063,39.358196],[31.300622,39.35844],[31.29972,39.35891],[31.299259,39.359134],[31.298792,39.359348],[31.298318,39.359551],[31.297833,39.359737],[31.297252,39.359931],[31.296779,39.360072],[31.29624,39.360218],[31.295695,39.360356],[31.294045,39.360741],[31.29283,39.361009],[31.289023,39.361851],[31.286858,39.36233],[31.285199,39.362689],[31.284089,39.362915],[31.28297,39.36312],[31.281841,39.363305],[31.277877,39.363905],[31.276748,39.364088],[31.275625,39.364291],[31.275105,39.364398],[31.274069,39.364628],[31.273038,39.364874],[31.271499,39.365258],[31.270477,39.365525],[31.269462,39.365804],[31.268958,39.365951],[31.268458,39.366106],[31.267419,39.366459],[31.265883,39.36703],[31.263849,39.367819],[31.260805,39.369016],[31.259865,39.369393],[31.258791,39.369835],[31.25781,39.370255],[31.256835,39.370684],[31.253436,39.372206],[31.251509,39.373091],[31.250566,39.373551],[31.250107,39.373792],[31.24966,39.374044],[31.249232,39.374312],[31.248825,39.374605],[31.24839,39.374962],[31.247937,39.375367],[31.24748,39.375799],[31.246983,39.376293],[31.245428,39.377936],[31.245148,39.379012],[31.244852,39.380096],[31.24468,39.380674],[31.244495,39.381241],[31.244302,39.38177],[31.244103,39.382232],[31.243888,39.382636],[31.243638,39.383025],[31.243355,39.383399],[31.243043,39.38376],[31.2427,39.384103],[31.242367,39.384395],[31.242015,39.384675],[31.241647,39.384945],[31.240883,39.385468],[31.24049,39.385723],[31.239638,39.386257],[31.238341,39.387042],[31.237031,39.387813],[31.236146,39.388313],[31.235697,39.388556],[31.234751,39.389042],[31.233307,39.389743],[31.227209,39.39262],[31.223148,39.394535],[31.221695,39.397203],[31.218035,39.403209],[31.217945,39.403686],[31.216826,39.405449],[31.212401,39.411718],[31.210434,39.418724],[31.20859,39.423518],[31.205763,39.428066],[31.201707,39.433966],[31.199371,39.437408],[31.194233,39.441981],[31.187325,39.448594],[31.177,39.458427],[31.166061,39.465925],[31.162742,39.467646],[31.157825,39.472563],[31.150573,39.480552],[31.144673,39.491246],[31.138158,39.501202],[31.135577,39.506488],[31.133119,39.513986],[31.132627,39.516936],[31.132381,39.523942],[31.131644,39.534636],[31.131767,39.53943],[31.134962,39.547788],[31.137298,39.554917],[31.139756,39.562047],[31.146025,39.574339],[31.150573,39.58282],[31.152171,39.587122],[31.155235,39.593925],[31.161605,39.582208],[31.169454,39.57106],[31.175483,39.563438],[31.184242,39.557295],[31.195846,39.551721],[31.20779,39.548422],[31.219734,39.546944],[31.230996,39.546034],[31.236343,39.544782],[31.248401,39.542735],[31.256933,39.542052],[31.263644,39.54137],[31.273541,39.540687],[31.286282,39.540801],[31.293562,39.541597],[31.305848,39.544896],[31.313014,39.548195],[31.316768,39.551721],[31.323366,39.556727],[31.329964,39.561959],[31.336676,39.566737],[31.344639,39.572084],[31.353512,39.577658],[31.366935,39.585621],[31.377742,39.593242],[31.390824,39.605642],[31.394578,39.611557],[31.395374,39.612922],[31.398559,39.620316],[31.400379,39.626004],[31.400607,39.628962],[31.401289,39.636583],[31.400607,39.640451],[31.399469,39.649779],[31.399469,39.662065],[31.399364,39.665776],[31.406022,39.664444],[31.41146,39.662669],[31.419783,39.660449],[31.42522,39.657453],[31.432988,39.652237],[31.436761,39.648353],[31.439424,39.646467],[31.446194,39.641917],[31.456403,39.636368],[31.458401,39.635814],[31.466169,39.634815],[31.474158,39.634038],[31.486143,39.633705],[31.495798,39.634926],[31.509891,39.637885],[31.526611,39.644099],[31.545698,39.654013],[31.560938,39.661559],[31.571295,39.667329],[31.585944,39.67458],[31.595265,39.678722],[31.608138,39.684345],[31.620419,39.691595],[31.628409,39.696626],[31.635363,39.702248],[31.643057,39.706835],[31.648975,39.709351],[31.655782,39.712051],[31.661441,39.713272],[31.669542,39.714603],[31.682415,39.714714],[31.690183,39.71427],[31.70361,39.711163],[31.706495,39.710719],[31.717482,39.712051],[31.729355,39.713604],[31.745113,39.714381],[31.753325,39.713826],[31.766059,39.712578],[31.774382,39.709831],[31.780791,39.707751],[31.787532,39.705254],[31.803928,39.699927],[31.80809,39.698013],[31.810753,39.697514],[31.813999,39.697014],[31.816493,39.69702],[31.819383,39.691962],[31.82857,39.678646],[31.839099,39.663059],[31.843228,39.654595],[31.847563,39.647163],[31.852415,39.64066],[31.858092,39.63395],[31.861808,39.629099],[31.866763,39.623628],[31.871408,39.618157],[31.876776,39.606699],[31.879666,39.601228],[31.883176,39.595448],[31.884517,39.592145],[31.884414,39.589151],[31.884001,39.581616],[31.884517,39.578106],[31.885859,39.574184],[31.889988,39.569848],[31.892982,39.567268],[31.89484,39.565719],[31.897627,39.56221],[31.901653,39.557358],[31.902582,39.555603],[31.90444,39.549926],[31.905885,39.546726],[31.907536,39.542701],[31.908981,39.539707],[31.910427,39.535372],[31.912388,39.530417],[31.915588,39.524223],[31.9141,39.521618],[31.912795,39.519529],[31.90975,39.515266],[31.906879,39.51283],[31.900527,39.509436],[31.897743,39.50787],[31.893392,39.506217],[31.887824,39.504999],[31.88008,39.503868],[31.873728,39.504216],[31.846756,39.501345],[31.839534,39.499865],[31.827266,39.49682],[31.823698,39.495428],[31.81726,39.492383],[31.810212,39.488206],[31.80299,39.483769],[31.797074,39.479853],[31.786633,39.473154],[31.783935,39.471675],[31.774886,39.465236],[31.768883,39.460711],[31.766011,39.457927],[31.763662,39.455752],[31.760617,39.452272],[31.755773,39.449603],[31.748233,39.446007],[31.73872,39.440206],[31.73376,39.437422],[31.728105,39.43342],[31.722101,39.428721],[31.717838,39.425067],[31.715401,39.422718],[31.712269,39.418367],[31.710007,39.41306],[31.708354,39.40984],[31.705308,39.406012],[31.701045,39.400095],[31.698261,39.396615],[31.694519,39.390524],[31.692083,39.38687],[31.690343,39.384782],[31.690256,39.383651],[31.690517,39.381214],[31.692779,39.375646],[31.697304,39.366162],[31.698522,39.3639],[31.699392,39.361463],[31.701393,39.353285],[31.703829,39.344845],[31.704438,39.33945],[31.705656,39.334143],[31.707136,39.329531],[31.708267,39.326051],[31.71079,39.318568],[31.712965,39.311259],[31.713487,39.309084],[31.714966,39.303777],[31.715923,39.299426],[31.717316,39.295598],[31.718708,39.291943],[31.71923,39.28855],[31.720013,39.283939],[31.720013,39.283069],[31.719926,39.278022],[31.720274,39.268973],[31.720883,39.26297],[31.721927,39.257314],[31.723493,39.253051],[31.725581,39.249396],[31.727757,39.244785],[31.729932,39.242522],[31.736371,39.232952],[31.739503,39.22747],[31.740895,39.224686],[31.742548,39.218421],[31.743853,39.210938],[31.744462,39.206936],[31.746115,39.199366],[31.746986,39.192318],[31.747508,39.18588],[31.747769,39.181616],[31.747769,39.176309],[31.747682,39.173438],[31.748117,39.166999],[31.7489,39.163954],[31.750553,39.158298],[31.752206,39.155688],[31.75499,39.154122],[31.777352,39.146726],[31.784312,39.144029],[31.786749,39.14281],[31.79397,39.138025],[31.800473,39.134462],[31.798124,39.133875],[31.795002,39.132473],[31.792199,39.130562],[31.788949,39.127631],[31.785827,39.124764],[31.783151,39.122087],[31.780984,39.119093],[31.778563,39.115971],[31.776206,39.111701],[31.772255,39.10928],[31.766266,39.105457],[31.760276,39.101825],[31.753713,39.096728],[31.734917,39.083602],[31.72332,39.076147],[31.713433,39.073068],[31.708761,39.072388],[31.703069,39.072728],[31.697802,39.074342],[31.692024,39.075616],[31.686163,39.077995],[31.680131,39.080119],[31.674523,39.082838],[31.664923,39.085301],[31.657702,39.085216],[31.647932,39.085216],[31.636941,39.084091],[31.617698,39.07791],[31.605273,39.073068],[31.591447,39.068671],[31.585975,39.067507],[31.580755,39.071121],[31.572242,39.075458],[31.565496,39.078671],[31.561641,39.082445],[31.555933,39.086663],[31.543614,39.089947],[31.529764,39.093231],[31.514916,39.097371],[31.502209,39.09937],[31.491072,39.100512],[31.479793,39.10094],[31.47194,39.100369],[31.468514,39.100227],[31.460233,39.101083],[31.452666,39.102225],[31.444242,39.103225],[31.438388,39.105081],[31.434248,39.108222],[31.43282,39.110649],[31.432534,39.121928],[31.432677,39.126926],[31.432106,39.130781],[31.430678,39.13592],[31.426681,39.141917],[31.422683,39.146343],[31.418257,39.150055],[31.411546,39.15391],[31.404265,39.157765],[31.398554,39.161049],[31.391272,39.158622],[31.382991,39.159621],[31.376424,39.161763],[31.369856,39.163762],[31.363431,39.164047],[31.356578,39.163476],[31.351581,39.164047],[31.350242,39.165011],[31.342318,39.171864],[31.338035,39.174113],[31.33418,39.177754],[31.331717,39.180538],[31.328291,39.185999],[31.322722,39.197028],[31.320152,39.200348],[31.315655,39.204631],[31.310194,39.208379],[31.305268,39.21127],[31.302163,39.213519],[31.301734,39.214483],[31.298522,39.219194],[31.293703,39.227761],[31.29124,39.231401]]]}},{"type":"Feature","properties":{"id":"TR-D-26-014","parent_id":"TR-P-26","region_id":"TR-R-ICA","level":"district","municipality_type":null,"municipality_type_label":null,"is_metropolitan_municipality":null,"name":"Tepebaşı","name_ascii":"tepebasi","slug":"tepebasi-eskisehir"},"geometry":{"type":"Polygon","coordinates":[[[30.214668,39.635522],[30.214651,39.635555],[30.214699,39.635964],[30.214735,39.636359],[30.214767,39.636846],[30.214787,39.637398],[30.214789,39.637938],[30.214775,39.638489],[30.214745,39.639029],[30.2147,39.639536],[30.214642,39.63999],[30.214571,39.640398],[30.214484,39.640801],[30.214377,39.6412],[30.214244,39.641594],[30.214066,39.642013],[30.21386,39.642426],[30.213631,39.642833],[30.213384,39.643236],[30.213122,39.643634],[30.212859,39.644008],[30.212588,39.64438],[30.212026,39.645116],[30.211133,39.646248],[30.207776,39.650447],[30.206532,39.65202],[30.203839,39.655426],[30.203215,39.656182],[30.202898,39.656549],[30.202894,39.656554],[30.202562,39.656919],[30.202277,39.657214],[30.201979,39.657502],[30.201697,39.657754],[30.201403,39.657998],[30.2011,39.658236],[30.200728,39.65851],[30.200345,39.658776],[30.199555,39.659288],[30.199148,39.659533],[30.198734,39.65977],[30.198311,39.659997],[30.19788,39.660211],[30.19744,39.660413],[30.19699,39.660603],[30.196533,39.660779],[30.196093,39.660932],[30.195647,39.661073],[30.195194,39.661202],[30.195159,39.661211],[30.194737,39.661319],[30.194194,39.661441],[30.193646,39.661545],[30.193091,39.661628],[30.192614,39.66168],[30.192134,39.661719],[30.191166,39.661771],[30.18583,39.66194],[30.184737,39.661982],[30.183644,39.662033],[30.182563,39.662103],[30.182029,39.662147],[30.181497,39.662199],[30.180969,39.66226],[30.180447,39.662332],[30.179934,39.662418],[30.179432,39.662524],[30.179005,39.662638],[30.178593,39.662771],[30.178198,39.662925],[30.177826,39.663102],[30.177481,39.663305],[30.177114,39.663583],[30.176785,39.663893],[30.176484,39.664227],[30.176206,39.664579],[30.175947,39.664944],[30.175706,39.66532],[30.175484,39.665703],[30.175284,39.666093],[30.17511,39.66649],[30.17497,39.666894],[30.174866,39.667323],[30.174797,39.667759],[30.174753,39.668199],[30.174727,39.668642],[30.174707,39.669534],[30.174709,39.671324],[30.174699,39.672219],[30.174668,39.673036],[30.174616,39.673851],[30.174538,39.674664],[30.174486,39.67507],[30.174422,39.675473],[30.174341,39.675875],[30.174235,39.676296],[30.174112,39.676714],[30.173829,39.677546],[30.173512,39.678371],[30.186358,39.687209],[30.189319,39.694255],[30.19177,39.701505],[30.192485,39.703854],[30.193608,39.711615],[30.196774,39.722949],[30.198918,39.728259],[30.201675,39.735816],[30.204024,39.741534],[30.205045,39.746333],[30.205862,39.751235],[30.206577,39.753992],[30.2077,39.756749],[30.209538,39.757464],[30.212499,39.758077],[30.217503,39.758689],[30.219954,39.759098],[30.224345,39.760834],[30.234964,39.765735],[30.237313,39.766552],[30.24395,39.768696],[30.249873,39.770943],[30.253345,39.772679],[30.259165,39.776049],[30.263046,39.778704],[30.267437,39.78238],[30.270602,39.786464],[30.273564,39.791876],[30.274176,39.79351],[30.274278,39.796267],[30.274176,39.801679],[30.273053,39.807398],[30.271215,39.814648],[30.269887,39.819141],[30.267233,39.824247],[30.263454,39.830884],[30.258638,39.840397],[30.261675,39.841251],[30.265411,39.843516],[30.268582,39.845327],[30.275319,39.850649],[30.277867,39.852942],[30.280499,39.855405],[30.283047,39.856509],[30.288652,39.859226],[30.29086,39.861774],[30.292304,39.864916],[30.293153,39.867209],[30.294851,39.869162],[30.295616,39.870691],[30.29604,39.871965],[30.297144,39.874088],[30.298588,39.876211],[30.299522,39.880202],[30.299947,39.883514],[30.299947,39.886486],[30.299522,39.887845],[30.298503,39.890563],[30.296804,39.895403],[30.294766,39.902707],[30.294087,39.905509],[30.294427,39.909416],[30.295361,39.913237],[30.296295,39.916294],[30.296635,39.918332],[30.298503,39.924362],[30.300541,39.928268],[30.302324,39.931241],[30.304108,39.934128],[30.306401,39.936676],[30.309118,39.939393],[30.310732,39.940073],[30.313619,39.940497],[30.317356,39.941007],[30.324319,39.941007],[30.33519,39.939988],[30.344106,39.939903],[30.349626,39.939478],[30.354042,39.940243],[30.358713,39.941941],[30.365592,39.94814],[30.369413,39.952386],[30.372159,39.954594],[30.374311,39.956859],[30.376009,39.960143],[30.376122,39.963879],[30.37533,39.967503],[30.374846,39.971052],[30.374311,39.974976],[30.374537,39.982109],[30.375018,39.986356],[30.375719,39.989731],[30.376101,39.992788],[30.377247,39.997947],[30.377502,39.999667],[30.377502,40.000495],[30.378139,40.005081],[30.379286,40.009094],[30.379859,40.010622],[30.382789,40.01266],[30.38489,40.01266],[30.387948,40.012724],[30.394699,40.013042],[30.398266,40.013679],[30.401514,40.013743],[30.407629,40.013743],[30.41266,40.013552],[30.418456,40.013106],[30.424507,40.012278],[30.426099,40.012087],[30.432787,40.012151],[30.436799,40.012087],[30.440111,40.011705],[30.444216,40.008859],[30.449792,40.006974],[30.454711,40.005252],[30.463238,40.002218],[30.471109,39.999512],[30.479964,39.996561],[30.486851,39.994839],[30.489721,39.993609],[30.494476,39.992133],[30.49997,39.991313],[30.507841,39.990002],[30.513662,39.98746],[30.516122,39.985902],[30.519647,39.983934],[30.522763,39.982376],[30.525715,39.981639],[30.529322,39.980819],[30.533504,39.980573],[30.535799,39.980573],[30.54285,39.980573],[30.546868,39.979507],[30.550886,39.978359],[30.556297,39.976145],[30.56056,39.974259],[30.564004,39.972292],[30.568513,39.96934],[30.578434,39.966962],[30.582288,39.965978],[30.592127,39.965568],[30.595816,39.965732],[30.605655,39.965486],[30.610656,39.965447],[30.615084,39.965201],[30.619265,39.965283],[30.622381,39.965529],[30.62853,39.966841],[30.631951,39.96782],[30.635093,39.96819],[30.639621,39.968098],[30.64378,39.966896],[30.644676,39.966299],[30.646275,39.965233],[30.648216,39.962461],[30.649047,39.960797],[30.650444,39.958606],[30.651651,39.957494],[30.654521,39.955362],[30.657145,39.953804],[30.6619,39.952165],[30.673133,39.95006],[30.679364,39.94853],[30.686798,39.949076],[30.692045,39.949514],[30.696855,39.952356],[30.700463,39.955526],[30.70571,39.957931],[30.713472,39.962632],[30.719266,39.966021],[30.723092,39.968317],[30.729324,39.973127],[30.733915,39.9775],[30.736976,39.980998],[30.740802,39.983949],[30.747033,39.986245],[30.752281,39.986245],[30.759605,39.986573],[30.765946,39.985152],[30.772505,39.984168],[30.77819,39.983403],[30.782672,39.982638],[30.78934,39.9822],[30.803005,39.979686],[30.810221,39.978374],[30.817326,39.976953],[30.832631,39.974329],[30.837441,39.972689],[30.846187,39.971487],[30.849904,39.971596],[30.854495,39.972689],[30.864006,39.975204],[30.873626,39.977937],[30.885324,39.979577],[30.892867,39.981326],[30.897021,39.983621],[30.901612,39.98701],[30.906313,39.98876],[30.912544,39.988869],[30.920087,39.989634],[30.926428,39.990509],[30.932441,39.990618],[30.939328,39.989853],[30.942935,39.988432],[30.944903,39.986792],[30.947418,39.983949],[30.949385,39.981107],[30.950588,39.978046],[30.950806,39.973455],[30.951134,39.968535],[30.950806,39.963507],[30.950479,39.958587],[30.950151,39.953558],[30.946543,39.94525],[30.944794,39.943064],[30.941296,39.938144],[30.937579,39.933771],[30.935283,39.928852],[30.932878,39.924698],[30.930692,39.920981],[30.929489,39.917701],[30.929052,39.914094],[30.929489,39.910923],[30.930036,39.907644],[30.927193,39.900757],[30.924189,39.894575],[30.919844,39.889984],[30.914432,39.886212],[30.909513,39.883179],[30.902626,39.878997],[30.894919,39.874816],[30.884752,39.867437],[30.879914,39.864649],[30.873683,39.859402],[30.869993,39.854564],[30.866386,39.848333],[30.86163,39.840872],[30.860565,39.837182],[30.861364,39.832919],[30.862225,39.829106],[30.862471,39.827446],[30.864869,39.825171],[30.866775,39.822158],[30.867513,39.819759],[30.868764,39.815106],[30.868928,39.812729],[30.869256,39.810515],[30.869502,39.807481],[30.869911,39.799446],[30.869911,39.795101],[30.86942,39.790427],[30.868704,39.785354],[30.861128,39.786262],[30.853184,39.787408],[30.842872,39.790005],[30.83149,39.792755],[30.819497,39.795505],[30.815831,39.796727],[30.815296,39.79772],[30.816136,39.803907],[30.816595,39.808643],[30.810974,39.818488],[30.808895,39.818759],[30.799373,39.818071],[30.778967,39.816644],[30.74828,39.812036],[30.742292,39.810973],[30.737651,39.812296],[30.736568,39.812598],[30.735481,39.812889],[30.734388,39.813156],[30.733837,39.813274],[30.733282,39.813376],[30.732723,39.813458],[30.73216,39.813525],[30.731024,39.813629],[30.729311,39.813743],[30.721288,39.814189],[30.710978,39.814781],[30.709259,39.814872],[30.708112,39.814922],[30.707539,39.814942],[30.706441,39.814965],[30.704243,39.81498],[30.701495,39.814973],[30.700397,39.81496],[30.699274,39.814934],[30.698127,39.814893],[30.696408,39.814821],[30.686092,39.814353],[30.683801,39.814243],[30.682656,39.814176],[30.681514,39.814093],[30.680946,39.814041],[30.67981,39.813922],[30.678676,39.81379],[30.669032,39.812619],[30.66791,39.812463],[30.667356,39.812374],[30.66681,39.812273],[30.666275,39.812155],[30.665757,39.812014],[30.665259,39.81184],[30.664786,39.811626],[30.664335,39.81138],[30.6639,39.81111],[30.663475,39.810823],[30.662648,39.810217],[30.661836,39.809588],[30.659423,39.807668],[30.658234,39.806699],[30.657465,39.806039],[30.657205,39.805802],[30.655354,39.790406],[30.651093,39.785685],[30.641729,39.782531],[30.626245,39.782663],[30.613075,39.782176],[30.60728,39.780206],[30.597554,39.777641],[30.596589,39.77649],[30.595954,39.775752],[30.595631,39.775389],[30.595302,39.775035],[30.594965,39.774692],[30.594615,39.774367],[30.594248,39.774065],[30.593856,39.773797],[30.593431,39.773575],[30.592964,39.773409],[30.592464,39.773288],[30.591939,39.773201],[30.591397,39.773138],[30.590842,39.773092],[30.590279,39.773058],[30.589138,39.77301],[30.582224,39.772813],[30.570744,39.772426],[30.559393,39.772109],[30.557123,39.772061],[30.555528,39.772049],[30.555017,39.772052],[30.554941,39.772127],[30.554798,39.772251],[30.554774,39.772361],[30.554755,39.772532],[30.554741,39.772813],[30.553727,39.772813],[30.553699,39.772656],[30.552247,39.772646],[30.55189,39.772598],[30.551929,39.772484],[30.552143,39.772484],[30.552228,39.77248],[30.552276,39.772441],[30.552295,39.772356],[30.552247,39.772303],[30.552052,39.772227],[30.551567,39.77207],[30.550786,39.771966],[30.549797,39.772004],[30.548811,39.771842],[30.548226,39.771956],[30.548029,39.77204],[30.547601,39.772425],[30.546544,39.772654],[30.545116,39.772811],[30.544274,39.772568],[30.543646,39.772226],[30.542904,39.772083],[30.542318,39.772411],[30.540619,39.773225],[30.539449,39.773696],[30.538635,39.773582],[30.537735,39.773482],[30.537664,39.773339],[30.537264,39.773296],[30.537278,39.773468],[30.535851,39.773382],[30.535094,39.773625],[30.533395,39.773982],[30.531953,39.774096],[30.531539,39.774096],[30.529797,39.774267],[30.528555,39.774381],[30.527442,39.774381],[30.527128,39.774667],[30.527056,39.774952],[30.526814,39.775281],[30.526243,39.775481],[30.525343,39.775538],[30.524444,39.775181],[30.523259,39.774767],[30.522359,39.774824],[30.521074,39.775138],[30.519975,39.775666],[30.518861,39.776123],[30.518176,39.776452],[30.517705,39.776794],[30.517348,39.776994],[30.516663,39.777123],[30.516077,39.77738],[30.515564,39.777708],[30.515064,39.777979],[30.514507,39.778022],[30.513965,39.777765],[30.512837,39.777422],[30.511637,39.776823],[30.510866,39.776523],[30.510652,39.776637],[30.510167,39.776823],[30.509496,39.776994],[30.50911,39.776808],[30.508311,39.776651],[30.50754,39.776651],[30.506997,39.776723],[30.506341,39.776566],[30.506141,39.776266],[30.505984,39.775581],[30.505827,39.775281],[30.505413,39.775124],[30.504742,39.775152],[30.504271,39.775024],[30.504099,39.774553],[30.503203,39.774628],[30.502204,39.775449],[30.498671,39.777733],[30.497421,39.777554],[30.495637,39.777661],[30.493923,39.776198],[30.490961,39.774663],[30.486428,39.772201],[30.483466,39.770737],[30.482074,39.769631],[30.481074,39.768953],[30.480468,39.768025],[30.479111,39.765312],[30.477505,39.76135],[30.476256,39.758388],[30.475949,39.75852],[30.473451,39.75921],[30.472808,39.758068],[30.472047,39.758187],[30.469977,39.758329],[30.467407,39.759019],[30.465313,39.759376],[30.462934,39.759519],[30.461268,39.759805],[30.458008,39.759828],[30.455105,39.759686],[30.452654,39.7599],[30.448585,39.759376],[30.444517,39.758758],[30.443303,39.758639],[30.441066,39.758425],[30.439377,39.758615],[30.437426,39.758781],[30.435641,39.759067],[30.433547,39.759495],[30.432905,39.759091],[30.432929,39.758567],[30.432548,39.758258],[30.429597,39.758282],[30.429169,39.755974],[30.427337,39.752309],[30.425576,39.749549],[30.424363,39.747741],[30.422126,39.74441],[30.421436,39.742292],[30.421364,39.740245],[30.421912,39.740198],[30.422435,39.740174],[30.42322,39.740269],[30.424077,39.740507],[30.424148,39.740222],[30.424505,39.738413],[30.424648,39.736415],[30.424791,39.734915],[30.424624,39.734225],[30.42422,39.733345],[30.424148,39.732822],[30.424339,39.731941],[30.424315,39.731108],[30.424125,39.730418],[30.423998,39.729968],[30.424949,39.729492],[30.425045,39.728635],[30.423902,39.72697],[30.424272,39.724376],[30.424243,39.723955],[30.424174,39.723527],[30.424072,39.723102],[30.423944,39.722677],[30.423799,39.722253],[30.423641,39.721829],[30.423301,39.720982],[30.422581,39.719286],[30.422211,39.718441],[30.421826,39.717608],[30.421623,39.7172],[30.421408,39.716801],[30.421176,39.716416],[30.420918,39.716051],[30.420627,39.715713],[30.420287,39.715412],[30.419904,39.715166],[30.419476,39.714955],[30.419015,39.71477],[30.418529,39.714604],[30.418026,39.714452],[30.41751,39.714309],[30.416456,39.714041],[30.413108,39.713234],[30.411992,39.712944],[30.411443,39.712789],[30.410902,39.712622],[30.410376,39.71244],[30.40987,39.712236],[30.409392,39.712002],[30.408969,39.711744],[30.408577,39.711458],[30.408213,39.71115],[30.407873,39.710821],[30.408028,39.708376],[30.40837,39.703121],[30.41064,39.696184],[30.412033,39.694405],[30.413176,39.680031],[30.413632,39.673238],[30.411462,39.663842],[30.404854,39.658571],[30.401848,39.658088],[30.391141,39.646603],[30.382077,39.646249],[30.370247,39.646489],[30.361618,39.654658],[30.361219,39.654916],[30.360814,39.655119],[30.360387,39.655276],[30.359944,39.655378],[30.359527,39.655415],[30.359105,39.655403],[30.358688,39.655348],[30.358282,39.655252],[30.357896,39.655116],[30.35754,39.654936],[30.35717,39.654667],[30.356845,39.654349],[30.356553,39.653995],[30.356287,39.653615],[30.356045,39.653216],[30.355821,39.652801],[30.355612,39.652376],[30.355413,39.651946],[30.355039,39.651074],[30.354683,39.650197],[30.354174,39.648904],[30.353997,39.648483],[30.353805,39.648069],[30.35359,39.647665],[30.353343,39.647276],[30.353092,39.646949],[30.352813,39.646636],[30.35251,39.646336],[30.352188,39.646049],[30.351849,39.645776],[30.351492,39.645519],[30.351131,39.645289],[30.350756,39.645081],[30.350367,39.644897],[30.349965,39.644745],[30.349548,39.64463],[30.349069,39.644556],[30.348579,39.644529],[30.348083,39.644542],[30.34759,39.644588],[30.347106,39.644667],[30.346638,39.644778],[30.346197,39.644927],[30.345793,39.64512],[30.345435,39.645365],[30.34512,39.645653],[30.344843,39.645973],[30.344601,39.646318],[30.344395,39.646683],[30.344227,39.647064],[30.344097,39.647475],[30.343999,39.647896],[30.343922,39.648323],[30.343786,39.649177],[30.343706,39.649599],[30.343604,39.65001],[30.343466,39.650408],[30.343276,39.650785],[30.343022,39.651139],[30.342713,39.651472],[30.342366,39.65179],[30.341989,39.652097],[30.341592,39.652396],[30.34118,39.652688],[30.340757,39.652975],[30.339894,39.653529],[30.339457,39.653794],[30.339018,39.654045],[30.338578,39.654278],[30.338137,39.654484],[30.337694,39.654654],[30.337251,39.654772],[30.336805,39.654821],[30.336347,39.654783],[30.335886,39.654674],[30.335425,39.654511],[30.334962,39.654311],[30.3345,39.654084],[30.334037,39.653839],[30.333574,39.653582],[30.332648,39.653047],[30.328948,39.650858],[30.323409,39.647603],[30.32248,39.647067],[30.321541,39.646547],[30.321065,39.646299],[30.320582,39.646065],[30.320089,39.645849],[30.319635,39.645675],[30.319173,39.645522],[30.318706,39.64539],[30.318235,39.645281],[30.317763,39.6452],[30.31729,39.645153],[30.316819,39.645148],[30.316298,39.645202],[30.315779,39.645304],[30.315261,39.645439],[30.314742,39.645594],[30.313697,39.645923],[30.313167,39.646079],[30.312628,39.646217],[30.312088,39.646327],[30.311538,39.646415],[30.310983,39.646488],[30.310423,39.646549],[30.309295,39.646647],[30.307592,39.646762],[30.300764,39.647166],[30.299625,39.647229],[30.298485,39.647283],[30.297915,39.647303],[30.296838,39.647323],[30.295762,39.647318],[30.295226,39.647303],[30.294691,39.647278],[30.294153,39.64724],[30.293619,39.647189],[30.293088,39.647124],[30.292563,39.647044],[30.292045,39.646946],[30.291537,39.646826],[30.291024,39.646674],[30.290522,39.646498],[30.29003,39.646303],[30.289548,39.646092],[30.289076,39.645866],[30.288616,39.645626],[30.28817,39.64537],[30.287731,39.64509],[30.287305,39.644795],[30.286889,39.644491],[30.286075,39.643862],[30.285275,39.643222],[30.281701,39.640315],[30.280923,39.639662],[30.280543,39.639332],[30.280174,39.638997],[30.279818,39.638654],[30.279483,39.638303],[30.279175,39.637938],[30.278902,39.63756],[30.278657,39.637169],[30.278432,39.636768],[30.278221,39.63636],[30.278022,39.635946],[30.277643,39.635109],[30.276571,39.632616],[30.276396,39.63224],[30.276207,39.631873],[30.275999,39.631518],[30.275763,39.631183],[30.275478,39.630857],[30.275153,39.630562],[30.274792,39.630305],[30.27439,39.630094],[30.273931,39.629932],[30.273437,39.629818],[30.272918,39.629742],[30.272382,39.629698],[30.271862,39.62968],[30.271335,39.629682],[30.270805,39.629702],[30.270274,39.629741],[30.269745,39.6298],[30.269272,39.629871],[30.268802,39.629957],[30.268335,39.630055],[30.267872,39.630164],[30.267412,39.630283],[30.266874,39.630435],[30.266343,39.630599],[30.265816,39.630771],[30.265295,39.630953],[30.264781,39.631144],[30.264275,39.631347],[30.263824,39.631542],[30.263379,39.631745],[30.261621,39.632583],[30.261179,39.632787],[30.260732,39.632983],[30.260277,39.633169],[30.259816,39.633344],[30.25935,39.633507],[30.258876,39.633657],[30.258396,39.633792],[30.257867,39.633919],[30.25733,39.634029],[30.256788,39.634127],[30.256242,39.634217],[30.254593,39.634456],[30.247957,39.635329],[30.246431,39.635517],[30.245457,39.635625],[30.244481,39.635716],[30.243951,39.635756],[30.24342,39.63579],[30.242357,39.635839],[30.241292,39.635863],[30.24076,39.635864],[30.239683,39.635838],[30.238069,39.635759],[30.235917,39.635624],[30.232649,39.635403],[30.226509,39.63497],[30.224834,39.634859],[30.223717,39.634797],[30.222599,39.634759],[30.222041,39.634754],[30.221462,39.634764],[30.220883,39.634785],[30.219727,39.634853],[30.218572,39.634946],[30.217995,39.635002],[30.21742,39.635066],[30.216847,39.635139],[30.216254,39.635229],[30.214724,39.635512],[30.214668,39.635522]]]}}]}