{"type":"FeatureCollection","province":"Hatay","province_id":"TR-P-31","features":[{"type":"Feature","properties":{"id":"TR-D-31-001","parent_id":"TR-P-31","region_id":"TR-R-AKD","level":"district","municipality_type":null,"municipality_type_label":null,"is_metropolitan_municipality":null,"name":"Altınözü","name_ascii":"altinozu","slug":"altinozu-hatay"},"geometry":{"type":"Polygon","coordinates":[[[36.381127,36.188053],[36.381036,36.187957],[36.38087,36.187264],[36.381338,36.185921],[36.381729,36.184796],[36.381702,36.184048],[36.381203,36.183216],[36.380593,36.1828],[36.379789,36.182911],[36.378568,36.183659],[36.378014,36.183964],[36.377653,36.183798],[36.377459,36.183271],[36.37696,36.182356],[36.375851,36.181469],[36.374077,36.180693],[36.373605,36.180035],[36.373106,36.179278],[36.372413,36.178724],[36.371858,36.17889],[36.370995,36.179775],[36.370777,36.179999],[36.370056,36.180387],[36.368975,36.180304],[36.368199,36.179861],[36.367699,36.179112],[36.367755,36.178225],[36.368199,36.177781],[36.369472,36.177071],[36.36964,36.176977],[36.371165,36.175812],[36.372774,36.173899],[36.373467,36.173095],[36.374243,36.172707],[36.374437,36.172319],[36.374382,36.171626],[36.374104,36.170988],[36.373522,36.170295],[36.372857,36.169879],[36.372524,36.170073],[36.372164,36.170544],[36.371221,36.171376],[36.370722,36.171515],[36.370056,36.171349],[36.369779,36.171044],[36.369779,36.17024],[36.369585,36.169186],[36.369042,36.168673],[36.368523,36.168316],[36.367719,36.168154],[36.365926,36.168219],[36.365739,36.167984],[36.365667,36.167894],[36.365569,36.16731],[36.365623,36.167024],[36.365667,36.166791],[36.366121,36.166466],[36.368458,36.166077],[36.368964,36.165495],[36.368945,36.164714],[36.368425,36.163611],[36.368068,36.162994],[36.367776,36.16215],[36.367646,36.160917],[36.367387,36.160365],[36.367394,36.160296],[36.367452,36.159683],[36.367906,36.159164],[36.368306,36.159109],[36.368847,36.159034],[36.369918,36.159099],[36.370535,36.158742],[36.37219,36.157412],[36.372742,36.157055],[36.373391,36.156925],[36.374624,36.157022],[36.376052,36.157412],[36.376896,36.157249],[36.379006,36.155854],[36.380207,36.155367],[36.380596,36.154848],[36.380921,36.154263],[36.380531,36.153712],[36.379785,36.152998],[36.378779,36.152803],[36.377881,36.152854],[36.377643,36.152868],[36.376344,36.152835],[36.37602,36.152478],[36.376215,36.151862],[36.376669,36.150856],[36.376929,36.149785],[36.377643,36.148551],[36.378746,36.147351],[36.379655,36.147123],[36.380499,36.14748],[36.382251,36.148876],[36.382994,36.149178],[36.38329,36.149298],[36.383906,36.1492],[36.38462,36.148843],[36.385205,36.147837],[36.386211,36.146831],[36.388742,36.146344],[36.389099,36.145922],[36.388775,36.144527],[36.388353,36.143943],[36.387801,36.143943],[36.386892,36.1443],[36.386373,36.1443],[36.386081,36.143943],[36.386016,36.143358],[36.386341,36.142774],[36.387574,36.141866],[36.387996,36.141314],[36.387736,36.140762],[36.387249,36.140567],[36.384977,36.140405],[36.384555,36.140243],[36.384166,36.139691],[36.384328,36.138685],[36.384231,36.137614],[36.383971,36.137095],[36.38303,36.136251],[36.382511,36.135472],[36.382348,36.134563],[36.382608,36.133719],[36.382608,36.132843],[36.382576,36.131902],[36.382933,36.131448],[36.383614,36.131253],[36.383776,36.130831],[36.383582,36.130441],[36.382868,36.130506],[36.382068,36.130821],[36.380368,36.131007],[36.379434,36.130569],[36.378111,36.129522],[36.375789,36.128499],[36.375548,36.128392],[36.374832,36.127896],[36.374887,36.127538],[36.375004,36.127421],[36.37508,36.127345],[36.375796,36.127042],[36.377697,36.125664],[36.377753,36.125196],[36.377394,36.125003],[36.374804,36.12492],[36.373288,36.124672],[36.372765,36.124204],[36.372539,36.123978],[36.372021,36.12346],[36.371415,36.122302],[36.371437,36.121949],[36.371442,36.121862],[36.371773,36.121531],[36.372737,36.121448],[36.373784,36.121806],[36.374804,36.121944],[36.376583,36.122575],[36.37756,36.122385],[36.378358,36.120999],[36.378158,36.119482],[36.378587,36.118795],[36.379932,36.117536],[36.380018,36.116763],[36.379789,36.116305],[36.379331,36.115819],[36.378816,36.115561],[36.378301,36.115676],[36.377843,36.117393],[36.376755,36.118223],[36.376154,36.118681],[36.37521,36.118881],[36.37438,36.118824],[36.373006,36.118624],[36.371833,36.118108],[36.370402,36.117279],[36.370359,36.117203],[36.370144,36.116821],[36.370116,36.116334],[36.370946,36.11579],[36.371117,36.115758],[36.371861,36.115619],[36.372892,36.115275],[36.373979,36.114445],[36.374612,36.11373],[36.374637,36.113701],[36.374838,36.112327],[36.374781,36.111011],[36.374635,36.110453],[36.374635,36.109725],[36.375073,36.1094],[36.375358,36.10938],[36.377027,36.110221],[36.377785,36.110553],[36.378844,36.110696],[36.379445,36.110659],[36.379661,36.110615],[36.379869,36.110573],[36.380312,36.110321],[36.381028,36.109586],[36.381432,36.108983],[36.381444,36.108873],[36.381592,36.107577],[36.381465,36.107082],[36.381207,36.106704],[36.380657,36.106519],[36.378756,36.106824],[36.377025,36.106646],[36.375843,36.10623],[36.375025,36.105539],[36.374717,36.105161],[36.374484,36.104665],[36.374471,36.104105],[36.374792,36.103313],[36.375289,36.102929],[36.375792,36.102715],[36.377069,36.10264],[36.378056,36.102325],[36.378534,36.102061],[36.378918,36.102005],[36.379201,36.102017],[36.379402,36.102155],[36.379572,36.102571],[36.37976,36.103332],[36.379836,36.103853],[36.380087,36.104426],[36.380383,36.104702],[36.380685,36.104923],[36.381094,36.105055],[36.381534,36.10508],[36.381893,36.104992],[36.382373,36.104691],[36.384748,36.103375],[36.385224,36.103043],[36.385414,36.10291],[36.385748,36.102388],[36.385762,36.101878],[36.385756,36.101472],[36.385735,36.099961],[36.385836,36.099181],[36.386146,36.098],[36.386194,36.097816],[36.386358,36.095791],[36.386301,36.095332],[36.386056,36.094999],[36.385716,36.094741],[36.385175,36.094502],[36.38466,36.094483],[36.384238,36.094641],[36.383886,36.094861],[36.383553,36.095156],[36.382597,36.097055],[36.382371,36.097568],[36.382289,36.097754],[36.381836,36.098483],[36.38144,36.098973],[36.381094,36.099238],[36.38049,36.09947],[36.379825,36.099617],[36.378975,36.099741],[36.378126,36.099716],[36.377352,36.099546],[36.377006,36.099338],[36.376843,36.099049],[36.376837,36.098609],[36.376882,36.098379],[36.3769,36.098288],[36.377271,36.097596],[36.377554,36.096967],[36.377994,36.095401],[36.378239,36.094496],[36.37888,36.093653],[36.380371,36.09237],[36.380994,36.091899],[36.381245,36.091509],[36.38149,36.090893],[36.381887,36.090345],[36.383377,36.088836],[36.383985,36.088077],[36.384339,36.087635],[36.384616,36.087314],[36.385251,36.086755],[36.385949,36.086333],[36.386291,36.086081],[36.386572,36.085874],[36.387213,36.085371],[36.387698,36.084887],[36.387846,36.084698],[36.387993,36.08451],[36.388622,36.083761],[36.388906,36.08348],[36.389157,36.083233],[36.389739,36.082426],[36.38983,36.081611],[36.389603,36.080931],[36.389314,36.080366],[36.389157,36.080057],[36.389042,36.079593],[36.388874,36.078906],[36.388517,36.078412],[36.388515,36.07841],[36.388151,36.078164],[36.38761,36.077925],[36.386708,36.077827],[36.386301,36.077612],[36.386077,36.077341],[36.386165,36.077051],[36.38696,36.076016],[36.387019,36.075881],[36.387124,36.075638],[36.387048,36.075228],[36.386897,36.074925],[36.386537,36.074584],[36.385723,36.074269],[36.384973,36.074105],[36.384499,36.074061],[36.383761,36.074193],[36.383295,36.074452],[36.383093,36.074723],[36.383018,36.074799],[36.382733,36.075089],[36.38231,36.075146],[36.381755,36.075064],[36.381395,36.07495],[36.38103,36.074648],[36.380676,36.074244],[36.380672,36.074238],[36.380418,36.07384],[36.380095,36.07356],[36.379456,36.073183],[36.379383,36.07314],[36.37891,36.072534],[36.378645,36.072023],[36.378689,36.071739],[36.378759,36.071637],[36.37891,36.071417],[36.379667,36.070963],[36.38002,36.07061],[36.380008,36.070295],[36.379913,36.070011],[36.379478,36.069474],[36.379137,36.068901],[36.379169,36.068036],[36.37944,36.067588],[36.380235,36.066806],[36.380771,36.066118],[36.381118,36.065216],[36.381004,36.06497],[36.380014,36.064295],[36.379871,36.064164],[36.379539,36.063859],[36.379396,36.063695],[36.379244,36.063235],[36.379137,36.062661],[36.379301,36.06196],[36.379459,36.061475],[36.379989,36.060957],[36.380564,36.060441],[36.380607,36.060402],[36.380967,36.05991],[36.38115,36.059317],[36.381143,36.058472],[36.381023,36.058002],[36.381011,36.057954],[36.380803,36.057664],[36.380393,36.057368],[36.379137,36.057235],[36.378853,36.057033],[36.378784,36.056819],[36.378847,36.056453],[36.378977,36.056375],[36.379964,36.055677],[36.38103,36.055071],[36.381654,36.054759],[36.381901,36.054636],[36.383655,36.05391],[36.386065,36.053185],[36.386708,36.052914],[36.387049,36.052674],[36.387188,36.052421],[36.387099,36.052106],[36.386696,36.051185],[36.386235,36.050132],[36.386046,36.049728],[36.385819,36.049513],[36.385636,36.04945],[36.385383,36.049507],[36.384459,36.050037],[36.38404,36.050264],[36.383727,36.050376],[36.383465,36.050497],[36.383074,36.05046],[36.382771,36.050289],[36.382545,36.050101],[36.382096,36.049728],[36.381604,36.049381],[36.381018,36.049046],[36.38045,36.048845],[36.379529,36.048649],[36.379188,36.04851],[36.379055,36.048315],[36.378961,36.048125],[36.378942,36.047905],[36.379087,36.047633],[36.379699,36.046725],[36.379939,36.045993],[36.380033,36.045324],[36.380096,36.044504],[36.380197,36.044163],[36.380488,36.043987],[36.380784,36.043911],[36.382506,36.044119],[36.384342,36.044144],[36.384833,36.044114],[36.385888,36.04405],[36.387674,36.043469],[36.388866,36.04263],[36.389541,36.041917],[36.389731,36.0414],[36.389705,36.040965],[36.389428,36.040353],[36.389275,36.040193],[36.388973,36.03988],[36.388204,36.039438],[36.387385,36.039321],[36.386614,36.039223],[36.38498,36.03882],[36.383939,36.038448],[36.383396,36.038264],[36.382538,36.038277],[36.381441,36.037974],[36.380652,36.037703],[36.380021,36.036889],[36.379939,36.03646],[36.380154,36.035943],[36.380347,36.035644],[36.380589,36.035299],[36.380797,36.034915],[36.380879,36.034568],[36.380791,36.03424],[36.380356,36.03376],[36.379428,36.033116],[36.378084,36.032435],[36.377693,36.032038],[36.37758,36.03171],[36.377662,36.031432],[36.378015,36.031287],[36.379246,36.030497],[36.379529,36.030315],[36.379813,36.029836],[36.37986,36.029002],[36.377372,36.028076],[36.374917,36.026385],[36.37343,36.02585],[36.372545,36.025388],[36.372286,36.025169],[36.371895,36.024839],[36.371788,36.024745],[36.371665,36.0244],[36.371776,36.02424],[36.371853,36.024199],[36.373088,36.023533],[36.373309,36.023142],[36.37353,36.02265],[36.373493,36.022131],[36.373252,36.021641],[36.373038,36.021351],[36.372532,36.02104],[36.372432,36.020978],[36.372091,36.020423],[36.371896,36.020284],[36.371681,36.020139],[36.370255,36.020196],[36.369719,36.02007],[36.36965,36.019918],[36.369637,36.019515],[36.369826,36.019269],[36.370369,36.019206],[36.371719,36.019275],[36.372937,36.019426],[36.374569,36.019491],[36.375,36.019508],[36.375284,36.019401],[36.376015,36.018852],[36.376645,36.017718],[36.376645,36.017087],[36.376393,36.016769],[36.375708,36.015908],[36.37425,36.01444],[36.374272,36.013688],[36.374611,36.012905],[36.375238,36.012513],[36.376236,36.011454],[36.376393,36.011287],[36.376108,36.011101],[36.374754,36.010216],[36.374313,36.00864],[36.374141,36.008397],[36.372914,36.006663],[36.369207,36.00347],[36.365361,36.000886],[36.364819,36.000714],[36.361389,35.999625],[36.359372,35.998301],[36.351744,35.993888],[36.339277,35.988408],[36.337749,35.988215],[36.332769,35.990043],[36.331128,35.991568],[36.32964,35.99277],[36.32789,35.994363],[36.32614,35.996844],[36.323565,35.998742],[36.320778,36.000295],[36.318585,36.001516],[36.312926,36.005175],[36.308876,36.006812],[36.302635,36.010027],[36.301618,36.010443],[36.301248,36.010594],[36.300938,36.010567],[36.296835,36.010216],[36.291351,36.010594],[36.288829,36.010027],[36.287406,36.009413],[36.286784,36.009145],[36.286566,36.008485],[36.286026,36.006849],[36.285922,36.006533],[36.285933,36.006227],[36.286119,36.001327],[36.285593,35.99956],[36.285425,35.998995],[36.285373,35.988618],[36.285609,35.982794],[36.286365,35.981501],[36.287379,35.979767],[36.288931,35.976128],[36.289208,35.97548],[36.289471,35.975107],[36.29191,35.971648],[36.291919,35.971635],[36.291926,35.971629],[36.295272,35.969005],[36.297781,35.965646],[36.298134,35.964572],[36.298451,35.963603],[36.298693,35.962867],[36.298528,35.962454],[36.297466,35.959783],[36.293339,35.955999],[36.287632,35.952849],[36.283219,35.950831],[36.277734,35.94976],[36.272754,35.951336],[36.268845,35.953038],[36.263991,35.95827],[36.263109,35.960288],[36.260694,35.961797],[36.255628,35.963442],[36.250483,35.963155],[36.243755,35.961611],[36.231714,35.959216],[36.23059,35.958773],[36.226535,35.957174],[36.221628,35.955652],[36.217145,35.95512],[36.216585,35.955053],[36.211604,35.954076],[36.204789,35.951964],[36.202834,35.950658],[36.201851,35.954177],[36.20103,35.95752],[36.200301,35.959344],[36.199328,35.963052],[36.198416,35.967398],[36.19714,35.972656],[36.19638,35.975452],[36.195985,35.977033],[36.196228,35.977732],[36.19714,35.978461],[36.197808,35.979039],[36.197656,35.980042],[36.197626,35.980862],[36.198021,35.981774],[36.198204,35.982716],[36.198264,35.983537],[36.19793,35.984555],[36.19793,35.986059],[36.198264,35.987913],[36.19869,35.989403],[36.198933,35.99074],[36.198933,35.991834],[36.198584,35.992563],[36.198568,35.993354],[36.198659,35.994083],[36.199236,35.995056],[36.200323,35.995175],[36.205149,35.996899],[36.20812,35.998814],[36.210442,36.00062],[36.212774,36.001702],[36.215806,36.002482],[36.219185,36.003695],[36.220843,36.003892],[36.221957,36.006034],[36.222217,36.007333],[36.222997,36.009586],[36.223083,36.012965],[36.22317,36.014957],[36.222044,36.017903],[36.220744,36.020502],[36.219185,36.0231],[36.218145,36.024313],[36.215373,36.025699],[36.213207,36.026912],[36.210348,36.028212],[36.209925,36.028745],[36.209682,36.02875],[36.206308,36.029346],[36.205577,36.029451],[36.198856,36.030415],[36.193913,36.030933],[36.192748,36.031023],[36.191929,36.031086],[36.189565,36.031136],[36.187138,36.030957],[36.185982,36.030869],[36.18537,36.03062],[36.183881,36.030015],[36.182518,36.02976],[36.181323,36.029535],[36.179308,36.02942],[36.17894,36.029409],[36.176225,36.029329],[36.174161,36.029956],[36.173655,36.0303],[36.1726,36.031029],[36.171462,36.03342],[36.170741,36.036524],[36.170773,36.038449],[36.170795,36.039839],[36.171019,36.042464],[36.171254,36.044476],[36.171981,36.048554],[36.173051,36.051994],[36.174826,36.055041],[36.176424,36.057289],[36.177709,36.058779],[36.178066,36.059194],[36.179298,36.060454],[36.180881,36.062567],[36.181999,36.064987],[36.182522,36.067318],[36.182711,36.067993],[36.183097,36.069373],[36.183268,36.070834],[36.183313,36.073354],[36.183191,36.074447],[36.182672,36.075109],[36.182175,36.075745],[36.181348,36.077231],[36.180809,36.077961],[36.18034,36.078596],[36.179497,36.081371],[36.179213,36.083222],[36.179201,36.085255],[36.179265,36.0858],[36.179492,36.087739],[36.179673,36.089283],[36.179713,36.089537],[36.180003,36.091373],[36.180068,36.091789],[36.179952,36.092721],[36.179873,36.093356],[36.179837,36.094448],[36.179809,36.095699],[36.179728,36.096086],[36.179576,36.096819],[36.178968,36.098482],[36.178603,36.09948],[36.177111,36.101222],[36.175011,36.102594],[36.17291,36.10309],[36.169713,36.103879],[36.16854,36.104045],[36.167135,36.104244],[36.164938,36.104789],[36.163975,36.104933],[36.162058,36.10522],[36.160552,36.105579],[36.159502,36.10621],[36.159362,36.10701],[36.159317,36.107267],[36.159736,36.109528],[36.160231,36.111117],[36.160558,36.112593],[36.16076,36.113372],[36.161025,36.114392],[36.161622,36.115973],[36.162275,36.116685],[36.162801,36.117258],[36.164057,36.118526],[36.164491,36.118963],[36.164793,36.119202],[36.166361,36.120445],[36.167606,36.121224],[36.168081,36.121522],[36.169413,36.122796],[36.170774,36.124046],[36.172313,36.124864],[36.173048,36.124958],[36.174515,36.125548],[36.17624,36.126069],[36.17814,36.126644],[36.178785,36.126974],[36.179115,36.127142],[36.179355,36.127265],[36.180054,36.127622],[36.180757,36.127995],[36.181265,36.128265],[36.181489,36.128384],[36.181699,36.128496],[36.181808,36.128683],[36.181995,36.129005],[36.182279,36.129494],[36.18323,36.130771],[36.183793,36.131528],[36.183855,36.131969],[36.183863,36.132033],[36.183927,36.132578],[36.184128,36.132954],[36.184236,36.133155],[36.184293,36.133262],[36.184392,36.133448],[36.184574,36.133788],[36.184784,36.13418],[36.185303,36.135371],[36.185379,36.135545],[36.185402,36.135597],[36.185558,36.135955],[36.185947,36.136632],[36.186286,36.137221],[36.186525,36.138234],[36.187426,36.140102],[36.187738,36.140746],[36.189557,36.142739],[36.189737,36.143016],[36.189971,36.143375],[36.1901,36.143574],[36.190169,36.143681],[36.190683,36.144471],[36.190767,36.145987],[36.19077,36.146031],[36.19077,36.14837],[36.190596,36.150536],[36.190554,36.152074],[36.19051,36.153654],[36.19051,36.155993],[36.190673,36.15662],[36.1913,36.159026],[36.19148,36.16112],[36.191495,36.1613],[36.191553,36.161531],[36.192015,36.163379],[36.192714,36.164428],[36.19317,36.165111],[36.193444,36.165523],[36.194424,36.166363],[36.195264,36.167083],[36.195726,36.167452],[36.195844,36.167545],[36.197377,36.168768],[36.198251,36.169808],[36.19866,36.170295],[36.198712,36.17036],[36.198807,36.170481],[36.19903,36.170826],[36.199375,36.171358],[36.199909,36.172645],[36.200626,36.174095],[36.20101,36.174722],[36.201628,36.175734],[36.201887,36.176157],[36.202047,36.176419],[36.20227,36.176528],[36.20269,36.176732],[36.203148,36.176954],[36.204596,36.177369],[36.205578,36.177651],[36.205845,36.177627],[36.208023,36.177283],[36.210886,36.176648],[36.213744,36.176235],[36.214131,36.176179],[36.214712,36.17601],[36.215118,36.175892],[36.216817,36.175399],[36.220109,36.174446],[36.221842,36.174273],[36.224874,36.174533],[36.227732,36.176092],[36.230938,36.177305],[36.23319,36.178778],[36.236915,36.180424],[36.239254,36.181203],[36.244366,36.183022],[36.247918,36.183542],[36.252249,36.184582],[36.255455,36.184928],[36.259007,36.185708],[36.261086,36.186055],[36.263165,36.185795],[36.267583,36.185621],[36.269402,36.185621],[36.271828,36.185362],[36.274947,36.186314],[36.276506,36.187354],[36.278325,36.18874],[36.281271,36.189347],[36.284909,36.18926],[36.287075,36.188913],[36.290021,36.187787],[36.291753,36.187094],[36.295132,36.186661],[36.297124,36.186574],[36.301109,36.186314],[36.304228,36.185362],[36.307953,36.185795],[36.311852,36.187267],[36.31679,36.188134],[36.321988,36.189347],[36.333596,36.187874],[36.337235,36.187008],[36.340354,36.186661],[36.344685,36.186314],[36.350316,36.184928],[36.355428,36.184582],[36.357396,36.184582],[36.359499,36.184582],[36.361925,36.184928],[36.364351,36.184928],[36.368076,36.185102],[36.372927,36.185621],[36.376133,36.186748],[36.378558,36.187267],[36.380903,36.188068],[36.381127,36.188053]]]}},{"type":"Feature","properties":{"id":"TR-D-31-002","parent_id":"TR-P-31","region_id":"TR-R-AKD","level":"district","municipality_type":null,"municipality_type_label":null,"is_metropolitan_municipality":null,"name":"Antakya","name_ascii":"antakya","slug":"antakya-hatay"},"geometry":{"type":"Polygon","coordinates":[[[36.266666,36.409907],[36.271566,36.404828],[36.276394,36.401384],[36.278401,36.400379],[36.276924,36.395875],[36.276925,36.393496],[36.279601,36.390026],[36.283963,36.385466],[36.2911,36.380708],[36.300418,36.377139],[36.304582,36.374066],[36.309835,36.369506],[36.314197,36.365045],[36.320839,36.357908],[36.324903,36.352753],[36.330454,36.349581],[36.335312,36.347103],[36.342306,36.345891],[36.340983,36.341203],[36.343147,36.33339],[36.350479,36.321851],[36.355287,36.313917],[36.360456,36.302739],[36.365625,36.291801],[36.367908,36.285791],[36.371154,36.284108],[36.372716,36.282545],[36.375241,36.276054],[36.376443,36.27365],[36.379568,36.270164],[36.381305,36.268377],[36.38262,36.262626],[36.382668,36.257476],[36.382173,36.254131],[36.380624,36.247628],[36.379509,36.244469],[36.377341,36.240629],[36.375421,36.236975],[36.37474,36.236169],[36.372696,36.235054],[36.371457,36.234311],[36.370776,36.233754],[36.369661,36.232143],[36.36867,36.230967],[36.368051,36.229976],[36.367989,36.22917],[36.368422,36.228675],[36.369475,36.228799],[36.371086,36.229604],[36.373192,36.230223],[36.375236,36.230161],[36.376784,36.229728],[36.377837,36.22917],[36.378704,36.228675],[36.379447,36.228179],[36.379447,36.227746],[36.3792,36.227374],[36.378456,36.227065],[36.377094,36.227065],[36.375421,36.226755],[36.373749,36.226012],[36.372882,36.225268],[36.372139,36.224463],[36.371643,36.223534],[36.371581,36.222357],[36.372139,36.221304],[36.373006,36.220623],[36.373749,36.220375],[36.37474,36.220189],[36.375359,36.220437],[36.375731,36.22118],[36.376165,36.221614],[36.376536,36.221552],[36.376908,36.220871],[36.377094,36.220189],[36.377589,36.219632],[36.378394,36.219013],[36.379138,36.218331],[36.379819,36.218207],[36.380624,36.218393],[36.382358,36.219508],[36.383969,36.220623],[36.385517,36.221119],[36.386446,36.22118],[36.387334,36.221136],[36.388027,36.220641],[36.387742,36.220465],[36.387132,36.220088],[36.386268,36.219545],[36.385853,36.219276],[36.385656,36.219141],[36.385459,36.219007],[36.385095,36.21874],[36.384935,36.218608],[36.384775,36.218475],[36.384516,36.218214],[36.384344,36.217956],[36.384339,36.217838],[36.383962,36.217821],[36.38233,36.217178],[36.381473,36.216215],[36.381286,36.215626],[36.382196,36.21386],[36.382918,36.213432],[36.383588,36.213245],[36.384176,36.213459],[36.385648,36.21493],[36.386638,36.215573],[36.387488,36.215798],[36.387949,36.215921],[36.389261,36.215332],[36.390251,36.214529],[36.390649,36.213688],[36.390733,36.213512],[36.390893,36.212656],[36.390465,36.211505],[36.389609,36.210702],[36.388752,36.21014],[36.38803,36.209792],[36.387789,36.209364],[36.387655,36.208053],[36.387816,36.207197],[36.388378,36.206688],[36.38902,36.206688],[36.389502,36.20725],[36.38993,36.207759],[36.390224,36.208401],[36.390492,36.209765],[36.390813,36.210354],[36.391214,36.210622],[36.391937,36.210488],[36.39298,36.209899],[36.393083,36.209803],[36.393837,36.209096],[36.394829,36.206726],[36.395416,36.205323],[36.396202,36.204193],[36.3967,36.203477],[36.397075,36.202246],[36.397074,36.202244],[36.396807,36.201791],[36.39662,36.201657],[36.396192,36.201764],[36.394934,36.202995],[36.394265,36.203932],[36.39373,36.204333],[36.393087,36.204467],[36.392365,36.204279],[36.391642,36.203423],[36.391428,36.202647],[36.391375,36.201924],[36.39199,36.201041],[36.392258,36.200105],[36.392151,36.199677],[36.391937,36.199248],[36.391482,36.198767],[36.391027,36.198339],[36.390786,36.19791],[36.390706,36.197348],[36.391268,36.196465],[36.391723,36.196171],[36.392418,36.195689],[36.393408,36.195234],[36.394158,36.19502],[36.394586,36.195047],[36.3948,36.195261],[36.394773,36.19585],[36.393944,36.196519],[36.393435,36.197589],[36.393462,36.198178],[36.393783,36.19882],[36.394399,36.199329],[36.39563,36.199596],[36.396031,36.199516],[36.396459,36.199168],[36.396272,36.198767],[36.395469,36.197696],[36.395362,36.196893],[36.395897,36.196278],[36.396968,36.195663],[36.398467,36.195154],[36.39935,36.194673],[36.400006,36.194085],[36.400126,36.193977],[36.40042,36.192531],[36.400072,36.191193],[36.399376,36.190631],[36.399042,36.190631],[36.398707,36.190631],[36.398118,36.191193],[36.397797,36.192184],[36.397235,36.192344],[36.396727,36.192184],[36.39654,36.191702],[36.396968,36.190578],[36.397235,36.189374],[36.397124,36.189094],[36.396968,36.188705],[36.396453,36.188262],[36.395482,36.188123],[36.394893,36.188253],[36.393347,36.188595],[36.391711,36.188706],[36.390105,36.188461],[36.390075,36.188456],[36.389299,36.188068],[36.388772,36.187569],[36.388523,36.186848],[36.388523,36.185988],[36.388744,36.185267],[36.388606,36.184796],[36.388162,36.184103],[36.387552,36.183715],[36.386554,36.183659],[36.385972,36.184103],[36.384835,36.184463],[36.382949,36.185018],[36.382727,36.185545],[36.38306,36.186238],[36.383975,36.186654],[36.385001,36.186903],[36.386693,36.187291],[36.387413,36.187901],[36.387578,36.188532],[36.38758,36.188539],[36.387164,36.189149],[36.386582,36.189537],[36.385722,36.189621],[36.383753,36.189122],[36.383088,36.188955],[36.381452,36.188401],[36.381127,36.188053],[36.380903,36.188068],[36.378558,36.187267],[36.376133,36.186748],[36.372927,36.185621],[36.368076,36.185102],[36.364351,36.184928],[36.361925,36.184928],[36.359499,36.184582],[36.357396,36.184582],[36.355428,36.184582],[36.350316,36.184928],[36.344685,36.186314],[36.340354,36.186661],[36.337235,36.187008],[36.333596,36.187874],[36.321988,36.189347],[36.31679,36.188134],[36.311852,36.187267],[36.307953,36.185795],[36.304228,36.185362],[36.301109,36.186314],[36.297124,36.186574],[36.295132,36.186661],[36.291753,36.187094],[36.290021,36.187787],[36.287075,36.188913],[36.284909,36.18926],[36.281271,36.189347],[36.278325,36.18874],[36.276506,36.187354],[36.274947,36.186314],[36.271828,36.185362],[36.269402,36.185621],[36.267583,36.185621],[36.263165,36.185795],[36.261086,36.186055],[36.259007,36.185708],[36.255455,36.184928],[36.252249,36.184582],[36.247918,36.183542],[36.244366,36.183022],[36.239254,36.181203],[36.236915,36.180424],[36.23319,36.178778],[36.230938,36.177305],[36.227732,36.176092],[36.224874,36.174533],[36.221842,36.174273],[36.220109,36.174446],[36.216817,36.175399],[36.215118,36.175892],[36.214712,36.17601],[36.214131,36.176179],[36.213744,36.176235],[36.210886,36.176648],[36.208023,36.177283],[36.205845,36.177627],[36.205578,36.177651],[36.204596,36.177369],[36.203148,36.176954],[36.20269,36.176732],[36.20227,36.176528],[36.202047,36.176419],[36.201214,36.177074],[36.200571,36.17758],[36.200298,36.177795],[36.198435,36.179134],[36.195895,36.180748],[36.195237,36.181092],[36.192911,36.182307],[36.192461,36.182551],[36.192245,36.182669],[36.190827,36.183261],[36.190522,36.183388],[36.189902,36.183647],[36.188646,36.18394],[36.187963,36.1841],[36.1865,36.184442],[36.185262,36.184623],[36.183842,36.18483],[36.182635,36.185007],[36.180627,36.185118],[36.177981,36.185034],[36.177803,36.185029],[36.177426,36.184946],[36.175702,36.184569],[36.174325,36.184011],[36.17357,36.184032],[36.172529,36.184061],[36.170944,36.184163],[36.169222,36.184273],[36.166011,36.184831],[36.163129,36.186337],[36.161923,36.187227],[36.161598,36.187441],[36.161315,36.187629],[36.160424,36.188778],[36.159955,36.189352],[36.159315,36.190129],[36.158447,36.191386],[36.157898,36.19207],[36.157364,36.192889],[36.157094,36.193289],[36.156866,36.193625],[36.157914,36.194441],[36.157149,36.195336],[36.156456,36.196147],[36.156357,36.196331],[36.156218,36.19649],[36.155972,36.196733],[36.155549,36.197],[36.155078,36.197499],[36.15489,36.197783],[36.154803,36.198012],[36.154707,36.19826],[36.154486,36.198534],[36.154295,36.19868],[36.154212,36.198918],[36.1542,36.198953],[36.154201,36.199039],[36.154204,36.19921],[36.154204,36.199215],[36.154209,36.199916],[36.154212,36.200327],[36.154213,36.20033],[36.15412,36.200736],[36.154009,36.201217],[36.154007,36.201587],[36.154005,36.201965],[36.154047,36.202327],[36.154097,36.202754],[36.153372,36.20282],[36.152304,36.202918],[36.151387,36.202973],[36.150778,36.20301],[36.149405,36.203091],[36.146927,36.203183],[36.145913,36.203186],[36.145609,36.203154],[36.144627,36.202962],[36.144319,36.202908],[36.143959,36.202846],[36.143405,36.202751],[36.142933,36.202669],[36.142382,36.202606],[36.14181,36.202831],[36.141251,36.203179],[36.140931,36.203383],[36.140101,36.203853],[36.13945,36.204196],[36.13848,36.204544],[36.137837,36.204703],[36.137284,36.20484],[36.135783,36.205365],[36.135828,36.205537],[36.135956,36.206028],[36.135949,36.206468],[36.135942,36.2069],[36.135907,36.207071],[36.135866,36.207277],[36.135717,36.207621],[36.135078,36.207823],[36.134041,36.208133],[36.13369,36.208365],[36.132699,36.208866],[36.132163,36.20907],[36.129996,36.209697],[36.129236,36.210216],[36.128954,36.210436],[36.128398,36.210869],[36.127808,36.211096],[36.127094,36.211224],[36.126431,36.211378],[36.126425,36.211615],[36.126423,36.212014],[36.126302,36.212663],[36.125773,36.213622],[36.12484,36.214493],[36.12399,36.215238],[36.123218,36.21578],[36.121454,36.217021],[36.120802,36.21748],[36.120495,36.217635],[36.119877,36.217948],[36.118382,36.218705],[36.116697,36.219388],[36.114616,36.220232],[36.110955,36.222298],[36.109093,36.22324],[36.106554,36.225139],[36.10547,36.226056],[36.105238,36.226252],[36.103117,36.228919],[36.101189,36.230984],[36.100987,36.231433],[36.100667,36.232143],[36.099894,36.232841],[36.098142,36.233297],[36.096703,36.233672],[36.090626,36.234181],[36.089281,36.234294],[36.089115,36.234297],[36.08403,36.234377],[36.082863,36.234103],[36.081461,36.233774],[36.079674,36.233081],[36.077674,36.232307],[36.073433,36.231459],[36.069971,36.231102],[36.069573,36.231062],[36.069434,36.231051],[36.066123,36.230792],[36.063834,36.230328],[36.062279,36.229758],[36.06143,36.229447],[36.057279,36.227386],[36.056342,36.226902],[36.05631,36.226886],[36.053186,36.224696],[36.051,36.223425],[36.049138,36.221542],[36.046726,36.220022],[36.045788,36.219872],[36.045467,36.219821],[36.044007,36.219589],[36.043132,36.219584],[36.043123,36.219584],[36.041019,36.219573],[36.041438,36.220728],[36.041543,36.222461],[36.040428,36.223538],[36.04002,36.223931],[36.038602,36.224306],[36.037237,36.224666],[36.033985,36.225278],[36.033006,36.225462],[36.032663,36.225665],[36.031593,36.226294],[36.030683,36.227484],[36.030226,36.228299],[36.029703,36.229234],[36.02859,36.231321],[36.027602,36.232875],[36.026482,36.233505],[36.025222,36.234205],[36.024452,36.235115],[36.024091,36.23576],[36.023472,36.236865],[36.022562,36.238546],[36.022075,36.23891],[36.021161,36.239596],[36.020509,36.240248],[36.020251,36.240506],[36.019269,36.241836],[36.01838,36.243041],[36.018081,36.243446],[36.016401,36.246247],[36.015,36.248137],[36.01416,36.249817],[36.01367,36.251568],[36.01339,36.252968],[36.01304,36.254928],[36.0122,36.256188],[36.01129,36.258008],[36.01017,36.259689],[36.00891,36.260879],[36.007649,36.262349],[36.005759,36.264519],[36.004709,36.26571],[36.003239,36.26774],[36.002819,36.26886],[36.002819,36.26984],[36.002539,36.27138],[36.003729,36.273201],[36.004779,36.275231],[36.005409,36.276701],[36.005969,36.278311],[36.006459,36.279642],[36.006529,36.280972],[36.005759,36.281602],[36.004009,36.282372],[36.002189,36.283072],[36.000858,36.283562],[35.999528,36.284472],[35.998758,36.285733],[35.998478,36.286993],[35.998128,36.290073],[35.998198,36.292944],[35.998968,36.295604],[35.999038,36.297074],[35.999038,36.298684],[35.997428,36.300295],[35.994627,36.301415],[35.990313,36.301554],[35.987276,36.301485],[35.983216,36.300785],[35.981068,36.300716],[35.977646,36.300992],[35.975025,36.300225],[35.972728,36.299668],[35.970124,36.300085],[35.967814,36.301835],[35.966483,36.303585],[35.965083,36.306106],[35.963963,36.309676],[35.963963,36.311356],[35.963823,36.313597],[35.962843,36.315277],[35.961373,36.316957],[35.960042,36.318777],[35.959902,36.320248],[35.959132,36.322348],[35.958362,36.323608],[35.956752,36.326339],[35.954976,36.32814],[35.952932,36.329081],[35.951712,36.329926],[35.951499,36.330074],[35.951946,36.330217],[35.952327,36.330339],[35.955615,36.331653],[35.958137,36.333054],[35.961594,36.334268],[35.963743,36.334829],[35.966265,36.334736],[35.969628,36.334549],[35.972992,36.333615],[35.977009,36.332587],[35.980092,36.332307],[35.983548,36.332213],[35.985697,36.3324],[35.987565,36.333521],[35.989434,36.336137],[35.990462,36.338472],[35.992704,36.341742],[35.996067,36.344732],[35.998589,36.345573],[36.003074,36.346227],[36.006624,36.346227],[36.011295,36.345479],[36.014471,36.345386],[36.0169,36.345573],[36.018301,36.346974],[36.020263,36.349123],[36.022132,36.351178],[36.024374,36.354167],[36.026429,36.357811],[36.027831,36.361548],[36.028952,36.36379],[36.0311,36.365939],[36.033903,36.369769],[36.035269,36.372175],[36.0359,36.375047],[36.03597,36.377009],[36.03604,36.37827],[36.03562,36.379462],[36.035059,36.380653],[36.035059,36.381704],[36.035129,36.383035],[36.03576,36.384296],[36.036951,36.385487],[36.038773,36.386188],[36.040454,36.386749],[36.041926,36.387029],[36.044448,36.387379],[36.04669,36.388921],[36.048792,36.390742],[36.050684,36.392424],[36.052506,36.394526],[36.053417,36.396067],[36.054117,36.39831],[36.055238,36.399781],[36.05664,36.400762],[36.059092,36.403494],[36.061755,36.408189],[36.062806,36.410501],[36.064088,36.412206],[36.065948,36.411757],[36.068501,36.410775],[36.070988,36.410317],[36.073344,36.410317],[36.076682,36.410448],[36.077881,36.41047],[36.080216,36.410514],[36.082703,36.409859],[36.085321,36.408616],[36.087612,36.407045],[36.090033,36.405212],[36.090361,36.404296],[36.090688,36.403118],[36.091735,36.402267],[36.094091,36.401416],[36.094418,36.400304],[36.094746,36.398995],[36.096186,36.397228],[36.09756,36.396311],[36.099,36.395722],[36.100963,36.394282],[36.10201,36.393432],[36.103254,36.392973],[36.103516,36.392988],[36.105676,36.393104],[36.107901,36.39389],[36.109406,36.394113],[36.111435,36.394413],[36.114022,36.39492],[36.114446,36.395002],[36.117456,36.396115],[36.120271,36.396966],[36.121719,36.397415],[36.122169,36.397555],[36.122402,36.397583],[36.124328,36.397817],[36.126619,36.397686],[36.13324,36.397337],[36.139785,36.397773],[36.142927,36.397686],[36.146068,36.396639],[36.14921,36.395504],[36.153224,36.394893],[36.153554,36.394913],[36.156191,36.395068],[36.158373,36.395766],[36.161078,36.397337],[36.162823,36.398646],[36.164045,36.399364],[36.16579,36.400391],[36.168161,36.401903],[36.170851,36.40362],[36.174866,36.407372],[36.178705,36.409641],[36.182545,36.409816],[36.186472,36.40999],[36.190922,36.41191],[36.193649,36.412804],[36.196245,36.413655],[36.197424,36.41445],[36.199736,36.416011],[36.201453,36.416892],[36.204693,36.416708],[36.20635,36.41645],[36.206442,36.416458],[36.208448,36.416634],[36.21213,36.417371],[36.214584,36.417467],[36.215885,36.417518],[36.219161,36.418254],[36.220339,36.41807],[36.22299,36.417665],[36.225236,36.417039],[36.227187,36.41645],[36.229322,36.416156],[36.2312,36.415677],[36.233188,36.415199],[36.234918,36.415015],[36.237458,36.415088],[36.239189,36.414794],[36.241582,36.414168],[36.243349,36.413984],[36.245189,36.413726],[36.247619,36.412916],[36.249276,36.412217],[36.252037,36.411333],[36.254246,36.410965],[36.257228,36.410376],[36.259216,36.409934],[36.262345,36.409824],[36.266666,36.409907]]]}},{"type":"Feature","properties":{"id":"TR-D-31-003","parent_id":"TR-P-31","region_id":"TR-R-AKD","level":"district","municipality_type":null,"municipality_type_label":null,"is_metropolitan_municipality":null,"name":"Arsuz","name_ascii":"arsuz","slug":"arsuz-hatay"},"geometry":{"type":"Polygon","coordinates":[[[35.840458,36.234318],[35.839182,36.235936],[35.83615,36.240078],[35.833599,36.243166],[35.832978,36.243705],[35.830563,36.245929],[35.828371,36.247597],[35.82717,36.248596],[35.82417,36.252197],[35.822203,36.254756],[35.82125,36.255931],[35.820408,36.257011],[35.819556,36.258064],[35.816983,36.261225],[35.816093,36.262225],[35.814092,36.264449],[35.811932,36.266625],[35.808274,36.270481],[35.807208,36.271605],[35.80479,36.274109],[35.801503,36.276822],[35.800315,36.277592],[35.797859,36.279252],[35.795479,36.28108],[35.794796,36.281562],[35.791955,36.284129],[35.791811,36.284252],[35.791684,36.284538],[35.790543,36.287618],[35.790446,36.287857],[35.790305,36.288091],[35.78857,36.29101],[35.788429,36.291208],[35.788269,36.29137],[35.786969,36.292492],[35.785526,36.293737],[35.785348,36.293876],[35.785226,36.294092],[35.782908,36.299112],[35.782179,36.300692],[35.782156,36.300847],[35.78212,36.301038],[35.782585,36.304216],[35.782648,36.304405],[35.782727,36.30458],[35.78464,36.307375],[35.784879,36.307725],[35.784951,36.307914],[35.784987,36.308074],[35.785191,36.311156],[35.785173,36.311424],[35.785107,36.311605],[35.783465,36.314816],[35.782366,36.318005],[35.78233,36.318189],[35.78233,36.318332],[35.78237,36.318462],[35.783515,36.32167],[35.785059,36.324994],[35.785173,36.325176],[35.785307,36.325392],[35.787672,36.328215],[35.787807,36.328424],[35.789722,36.331397],[35.789889,36.331624],[35.790072,36.331839],[35.792973,36.334734],[35.793224,36.334943],[35.793544,36.335194],[35.793792,36.335352],[35.797127,36.337417],[35.802768,36.340531],[35.805146,36.341854],[35.808926,36.344141],[35.812017,36.345901],[35.812154,36.345996],[35.81233,36.346201],[35.814268,36.349107],[35.814377,36.349283],[35.814505,36.349601],[35.815509,36.352773],[35.815709,36.353174],[35.815788,36.353333],[35.816974,36.355953],[35.819085,36.359928],[35.819178,36.360103],[35.819182,36.36011],[35.819332,36.36032],[35.819499,36.360488],[35.82213,36.362937],[35.822365,36.363115],[35.82262,36.363241],[35.826304,36.364869],[35.826558,36.365021],[35.826785,36.365162],[35.830178,36.367739],[35.834536,36.37006],[35.839044,36.371806],[35.843843,36.372871],[35.848513,36.373026],[35.854886,36.373841],[35.855127,36.373929],[35.855314,36.374083],[35.857374,36.376782],[35.857493,36.376994],[35.857628,36.377164],[35.859319,36.380166],[35.859399,36.380409],[35.859459,36.38071],[35.859409,36.384781],[35.859485,36.388402],[35.859342,36.391658],[35.85932,36.391954],[35.859664,36.3955],[35.859716,36.395765],[35.859785,36.39604],[35.861178,36.399201],[35.86121,36.399258],[35.861281,36.399302],[35.861459,36.399372],[35.862074,36.399608],[35.865225,36.400828],[35.865481,36.400942],[35.865675,36.40108],[35.868689,36.403261],[35.868895,36.403435],[35.869081,36.40367],[35.869292,36.404024],[35.871163,36.406903],[35.872681,36.40972],[35.873113,36.410447],[35.873561,36.41097],[35.87567,36.413593],[35.877611,36.415765],[35.878214,36.416428],[35.878423,36.416632],[35.878651,36.416781],[35.882001,36.418621],[35.882282,36.418712],[35.882552,36.418718],[35.886807,36.418433],[35.891293,36.418008],[35.8953,36.418905],[35.895511,36.418982],[35.895715,36.419143],[35.898297,36.421771],[35.898433,36.421984],[35.898525,36.422191],[35.900727,36.431963],[35.900805,36.432308],[35.900862,36.432703],[35.900902,36.433051],[35.900919,36.433696],[35.900984,36.436213],[35.901005,36.436419],[35.901045,36.436664],[35.902067,36.440322],[35.902088,36.440363],[35.902112,36.440387],[35.904912,36.442485],[35.90534,36.442851],[35.905513,36.443027],[35.90761,36.445518],[35.907786,36.445725],[35.908018,36.445924],[35.910994,36.448266],[35.9112,36.448361],[35.911453,36.448438],[35.915279,36.448662],[35.915599,36.448742],[35.91588,36.448847],[35.919238,36.450665],[35.922763,36.452735],[35.926467,36.454153],[35.926652,36.454253],[35.926932,36.454498],[35.927996,36.455714],[35.929451,36.457447],[35.932148,36.460285],[35.932338,36.460446],[35.932591,36.460591],[35.936399,36.462426],[35.937059,36.462625],[35.940948,36.463791],[35.945966,36.465522],[35.951227,36.467723],[35.960062,36.470691],[35.969154,36.473846],[35.978202,36.476076],[35.982154,36.477704],[35.986099,36.479852],[35.9863,36.479963],[35.986525,36.480153],[35.989707,36.482958],[35.989889,36.483187],[35.990047,36.483352],[35.992125,36.486453],[35.99407,36.490231],[35.996411,36.493434],[35.996543,36.493605],[35.996762,36.493846],[35.999284,36.496327],[35.999512,36.496527],[35.999727,36.496675],[36.002632,36.498772],[36.002863,36.498925],[36.003213,36.499099],[36.011546,36.502576],[36.011772,36.502704],[36.011984,36.502903],[36.014606,36.506128],[36.01492,36.506605],[36.016715,36.50948],[36.018467,36.51292],[36.018645,36.513234],[36.021011,36.516253],[36.021189,36.516441],[36.021462,36.516576],[36.02526,36.518188],[36.028571,36.52014],[36.028701,36.520221],[36.028917,36.520472],[36.030919,36.523586],[36.033131,36.525912],[36.034053,36.527856],[36.034796,36.530085],[36.035352,36.533367],[36.035535,36.533825],[36.037188,36.534786],[36.037884,36.535207],[36.037914,36.533755],[36.038631,36.528359],[36.041867,36.524933],[36.044913,36.521697],[36.055192,36.525123],[36.065091,36.52874],[36.069279,36.53388],[36.07004,36.538829],[36.071373,36.543969],[36.074228,36.545111],[36.084317,36.548918],[36.089647,36.552154],[36.098594,36.557294],[36.113251,36.562624],[36.128846,36.569471],[36.129141,36.569051],[36.12947,36.56882],[36.130283,36.568341],[36.131013,36.567949],[36.131596,36.567628],[36.132501,36.566882],[36.134476,36.565201],[36.135185,36.564605],[36.136481,36.563518],[36.137707,36.562596],[36.138905,36.561176],[36.13916,36.560872],[36.140075,36.559782],[36.141516,36.558318],[36.14244,36.557214],[36.142794,36.556791],[36.143818,36.555735],[36.144913,36.555024],[36.145606,36.554845],[36.14789,36.554468],[36.14868,36.554741],[36.149899,36.555164],[36.150425,36.555149],[36.152,36.555072],[36.153625,36.554901],[36.153289,36.554425],[36.152004,36.552496],[36.151327,36.551245],[36.150993,36.550269],[36.150952,36.550077],[36.150786,36.549308],[36.150802,36.548655],[36.150833,36.547876],[36.150886,36.547613],[36.150977,36.547157],[36.150977,36.546412],[36.151264,36.544407],[36.151722,36.543605],[36.152696,36.542173],[36.15304,36.541313],[36.153068,36.540998],[36.153097,36.540683],[36.152912,36.54048],[36.152524,36.540053],[36.152197,36.539766],[36.152066,36.539652],[36.151378,36.539423],[36.150691,36.539193],[36.148858,36.538563],[36.148078,36.537946],[36.147482,36.537475],[36.146967,36.536443],[36.146738,36.535355],[36.146623,36.53461],[36.14679,36.534405],[36.147368,36.533693],[36.148285,36.533292],[36.149774,36.533006],[36.150805,36.532376],[36.151436,36.531402],[36.15241,36.529912],[36.153326,36.529053],[36.154687,36.527935],[36.15493,36.527735],[36.154873,36.526016],[36.154587,36.523954],[36.15426,36.522505],[36.154186,36.522178],[36.153441,36.520459],[36.152524,36.519542],[36.151321,36.518511],[36.151035,36.517823],[36.150404,36.517566],[36.149774,36.517308],[36.148714,36.517165],[36.147654,36.517021],[36.146337,36.517308],[36.14416,36.518511],[36.14267,36.519485],[36.141826,36.51984],[36.141581,36.519943],[36.140759,36.519879],[36.140299,36.518474],[36.139879,36.516863],[36.139809,36.515391],[36.14037,36.51448],[36.14065,36.513499],[36.140569,36.512893],[36.14051,36.512448],[36.14037,36.511047],[36.140097,36.509957],[36.140019,36.509646],[36.139997,36.509447],[36.139809,36.507754],[36.140089,36.506633],[36.14079,36.505091],[36.14065,36.504461],[36.14032,36.501823],[36.140089,36.499976],[36.139961,36.498435],[36.139949,36.498295],[36.139874,36.497879],[36.139459,36.495562],[36.139248,36.49353],[36.139687,36.491288],[36.139879,36.490307],[36.139982,36.489935],[36.14044,36.488275],[36.141491,36.486594],[36.142331,36.485333],[36.142401,36.483861],[36.141911,36.48302],[36.14135,36.48239],[36.139861,36.481987],[36.138758,36.481689],[36.137076,36.480288],[36.136082,36.476868],[36.135955,36.476434],[36.135753,36.475865],[36.135185,36.474262],[36.135535,36.47167],[36.135815,36.469918],[36.135885,36.468727],[36.135671,36.468446],[36.134974,36.467536],[36.133693,36.466575],[36.132732,36.465854],[36.132173,36.46543],[36.1307,36.464312],[36.129089,36.463752],[36.128318,36.464032],[36.126566,36.464873],[36.125235,36.464873],[36.122993,36.464523],[36.120751,36.462631],[36.117037,36.460949],[36.116509,36.460798],[36.113604,36.459968],[36.111573,36.459431],[36.111222,36.459338],[36.110302,36.458571],[36.108279,36.456885],[36.106457,36.455624],[36.103654,36.453522],[36.100572,36.45163],[36.09924,36.45086],[36.098099,36.449549],[36.097348,36.448688],[36.095092,36.447371],[36.094826,36.447216],[36.092561,36.443315],[36.092304,36.442872],[36.090902,36.44119],[36.090832,36.439929],[36.090797,36.439579],[36.090482,36.436426],[36.090202,36.434114],[36.089851,36.432152],[36.089081,36.431241],[36.087676,36.430369],[36.087049,36.42998],[36.085652,36.429487],[36.084666,36.429139],[36.084158,36.429035],[36.081934,36.428578],[36.079216,36.428058],[36.078641,36.427948],[36.076609,36.426126],[36.073806,36.422763],[36.073105,36.422062],[36.070935,36.419749],[36.068831,36.417508],[36.067477,36.415951],[36.066029,36.414285],[36.065231,36.41343],[36.064088,36.412206],[36.062806,36.410501],[36.061755,36.408189],[36.059092,36.403494],[36.05664,36.400762],[36.055238,36.399781],[36.054117,36.39831],[36.053417,36.396067],[36.052506,36.394526],[36.050684,36.392424],[36.048792,36.390742],[36.04669,36.388921],[36.044448,36.387379],[36.041926,36.387029],[36.040454,36.386749],[36.038773,36.386188],[36.036951,36.385487],[36.03576,36.384296],[36.035129,36.383035],[36.035059,36.381704],[36.035059,36.380653],[36.03562,36.379462],[36.03604,36.37827],[36.03597,36.377009],[36.0359,36.375047],[36.035269,36.372175],[36.033903,36.369769],[36.0311,36.365939],[36.028952,36.36379],[36.027831,36.361548],[36.026429,36.357811],[36.024374,36.354167],[36.022132,36.351178],[36.020263,36.349123],[36.018301,36.346974],[36.0169,36.345573],[36.014471,36.345386],[36.011295,36.345479],[36.006624,36.346227],[36.003074,36.346227],[35.998589,36.345573],[35.996067,36.344732],[35.992704,36.341742],[35.990462,36.338472],[35.989434,36.336137],[35.987565,36.333521],[35.985697,36.3324],[35.983548,36.332213],[35.980092,36.332307],[35.977009,36.332587],[35.972992,36.333615],[35.969628,36.334549],[35.966265,36.334736],[35.963743,36.334829],[35.961594,36.334268],[35.958137,36.333054],[35.955615,36.331653],[35.952327,36.330339],[35.951946,36.330217],[35.951499,36.330074],[35.951712,36.329926],[35.948809,36.326314],[35.948311,36.325486],[35.94747,36.322776],[35.946162,36.319507],[35.945135,36.317358],[35.94392,36.315209],[35.941865,36.312313],[35.941024,36.310445],[35.941024,36.308576],[35.940463,36.3054],[35.938688,36.303438],[35.937194,36.302037],[35.933924,36.298767],[35.931121,36.296151],[35.928225,36.293909],[35.926357,36.292694],[35.923087,36.290733],[35.91963,36.289051],[35.916174,36.287369],[35.913745,36.286435],[35.910568,36.285314],[35.90938,36.285132],[35.907847,36.286038],[35.905675,36.287089],[35.902522,36.28821],[35.899579,36.289261],[35.896981,36.289469],[35.894605,36.288701],[35.891802,36.28758],[35.88942,36.286038],[35.885916,36.283726],[35.884305,36.282675],[35.883324,36.281274],[35.881993,36.278401],[35.879961,36.276159],[35.87919,36.274477],[35.878209,36.270834],[35.876527,36.267681],[35.874776,36.265579],[35.873234,36.262986],[35.872604,36.260394],[35.871413,36.258151],[35.869731,36.255839],[35.8684,36.253037],[35.866017,36.250794],[35.863215,36.248903],[35.85824,36.245119],[35.856979,36.244068],[35.854359,36.243302],[35.852068,36.243228],[35.850176,36.242388],[35.849125,36.241407],[35.848247,36.239381],[35.847761,36.239175],[35.847331,36.239052],[35.84615,36.237941],[35.845762,36.237553],[35.843599,36.236026],[35.840458,36.234318]]]}},{"type":"Feature","properties":{"id":"TR-D-31-004","parent_id":"TR-P-31","region_id":"TR-R-AKD","level":"district","municipality_type":null,"municipality_type_label":null,"is_metropolitan_municipality":null,"name":"Belen","name_ascii":"belen","slug":"belen-hatay"},"geometry":{"type":"Polygon","coordinates":[[[36.150977,36.547157],[36.151732,36.547317],[36.155847,36.548188],[36.157566,36.548704],[36.159571,36.549334],[36.161233,36.550308],[36.161261,36.550337],[36.16255,36.551683],[36.162807,36.552057],[36.163181,36.5526],[36.163868,36.553803],[36.165816,36.553746],[36.167535,36.553001],[36.168853,36.551683],[36.16954,36.55048],[36.169824,36.54922],[36.170056,36.548188],[36.170629,36.545725],[36.171545,36.542975],[36.172462,36.539996],[36.172931,36.538191],[36.173207,36.537131],[36.173264,36.534782],[36.173092,36.531917],[36.172634,36.528881],[36.172118,36.527277],[36.171786,36.526398],[36.171316,36.525157],[36.170327,36.523295],[36.169368,36.52149],[36.168967,36.520631],[36.169311,36.520058],[36.169712,36.519027],[36.170858,36.518167],[36.172405,36.517422],[36.174181,36.51662],[36.175728,36.51599],[36.176759,36.515847],[36.17779,36.515704],[36.18054,36.515875],[36.182832,36.515646],[36.184665,36.515073],[36.186327,36.514099],[36.188217,36.513641],[36.191655,36.513355],[36.194806,36.513011],[36.196525,36.512724],[36.198358,36.51175],[36.199733,36.511292],[36.201108,36.511063],[36.203514,36.510891],[36.205758,36.510719],[36.207515,36.511561],[36.209425,36.512476],[36.210036,36.51303],[36.21271,36.515455],[36.213096,36.515685],[36.215154,36.516907],[36.21608,36.517509],[36.216682,36.5179],[36.217981,36.518664],[36.219279,36.519428],[36.222182,36.52065],[36.224703,36.521108],[36.226307,36.52149],[36.229974,36.520803],[36.237307,36.51958],[36.239535,36.51902],[36.242324,36.518562],[36.244768,36.518715],[36.245417,36.519323],[36.24599,36.51986],[36.247976,36.521847],[36.250268,36.524367],[36.250638,36.524693],[36.252178,36.526048],[36.25524,36.528965],[36.255386,36.529104],[36.255467,36.529166],[36.256358,36.529851],[36.257126,36.526972],[36.256971,36.52433],[36.256966,36.52418],[36.256893,36.521999],[36.255339,36.519901],[36.25464,36.517337],[36.25464,36.51454],[36.254562,36.512831],[36.254542,36.512618],[36.254329,36.510422],[36.25418,36.506687],[36.254174,36.506537],[36.254329,36.502963],[36.254951,36.499466],[36.256427,36.496125],[36.258447,36.494338],[36.261011,36.492318],[36.263731,36.490531],[36.26614,36.48921],[36.270335,36.487268],[36.272977,36.485714],[36.275697,36.483538],[36.276163,36.483188],[36.276629,36.482839],[36.277793,36.481594],[36.278882,36.48043],[36.281524,36.477011],[36.283,36.474136],[36.283467,36.47165],[36.283382,36.471269],[36.283,36.469552],[36.281213,36.466833],[36.27896,36.464579],[36.277853,36.462365],[36.277484,36.461627],[36.277173,36.459218],[36.27795,36.457275],[36.279038,36.455178],[36.279836,36.453214],[36.280441,36.452602],[36.280447,36.452597],[36.284167,36.449072],[36.285733,36.446723],[36.286614,36.443395],[36.285853,36.441366],[36.285733,36.441045],[36.28476,36.439773],[36.28446,36.439381],[36.281279,36.435417],[36.280613,36.434035],[36.280268,36.433318],[36.279737,36.432377],[36.277989,36.429278],[36.27571,36.423787],[36.273223,36.418193],[36.271534,36.415013],[36.271462,36.414877],[36.270426,36.413453],[36.269804,36.412598],[36.268145,36.410998],[36.266666,36.409907],[36.262345,36.409824],[36.259216,36.409934],[36.257228,36.410376],[36.254246,36.410965],[36.252037,36.411333],[36.249276,36.412217],[36.247619,36.412916],[36.245189,36.413726],[36.243349,36.413984],[36.241582,36.414168],[36.239189,36.414794],[36.237458,36.415088],[36.234918,36.415015],[36.233188,36.415199],[36.2312,36.415677],[36.229322,36.416156],[36.227187,36.41645],[36.225236,36.417039],[36.22299,36.417665],[36.220339,36.41807],[36.219161,36.418254],[36.215885,36.417518],[36.214584,36.417467],[36.21213,36.417371],[36.208448,36.416634],[36.206442,36.416458],[36.20635,36.41645],[36.204693,36.416708],[36.201453,36.416892],[36.199736,36.416011],[36.197424,36.41445],[36.196245,36.413655],[36.193649,36.412804],[36.190922,36.41191],[36.186472,36.40999],[36.182545,36.409816],[36.178705,36.409641],[36.174866,36.407372],[36.170851,36.40362],[36.168161,36.401903],[36.16579,36.400391],[36.164045,36.399364],[36.162823,36.398646],[36.161078,36.397337],[36.158373,36.395766],[36.156191,36.395068],[36.153554,36.394913],[36.153224,36.394893],[36.14921,36.395504],[36.146068,36.396639],[36.142927,36.397686],[36.139785,36.397773],[36.13324,36.397337],[36.126619,36.397686],[36.124328,36.397817],[36.122402,36.397583],[36.122169,36.397555],[36.121719,36.397415],[36.120271,36.396966],[36.117456,36.396115],[36.114446,36.395002],[36.114022,36.39492],[36.111435,36.394413],[36.109406,36.394113],[36.107901,36.39389],[36.105676,36.393104],[36.103516,36.392988],[36.103254,36.392973],[36.10201,36.393432],[36.100963,36.394282],[36.099,36.395722],[36.09756,36.396311],[36.096186,36.397228],[36.094746,36.398995],[36.094418,36.400304],[36.094091,36.401416],[36.091735,36.402267],[36.090688,36.403118],[36.090361,36.404296],[36.090033,36.405212],[36.087612,36.407045],[36.085321,36.408616],[36.082703,36.409859],[36.080216,36.410514],[36.077881,36.41047],[36.076682,36.410448],[36.073344,36.410317],[36.070988,36.410317],[36.068501,36.410775],[36.065948,36.411757],[36.064088,36.412206],[36.065231,36.41343],[36.066029,36.414285],[36.067477,36.415951],[36.068831,36.417508],[36.070935,36.419749],[36.073105,36.422062],[36.073806,36.422763],[36.076609,36.426126],[36.078641,36.427948],[36.079216,36.428058],[36.081934,36.428578],[36.084158,36.429035],[36.084666,36.429139],[36.085652,36.429487],[36.087049,36.42998],[36.087676,36.430369],[36.089081,36.431241],[36.089851,36.432152],[36.090202,36.434114],[36.090482,36.436426],[36.090797,36.439579],[36.090832,36.439929],[36.090902,36.44119],[36.092304,36.442872],[36.092561,36.443315],[36.094826,36.447216],[36.095092,36.447371],[36.097348,36.448688],[36.098099,36.449549],[36.09924,36.45086],[36.100572,36.45163],[36.103654,36.453522],[36.106457,36.455624],[36.108279,36.456885],[36.110302,36.458571],[36.111222,36.459338],[36.111573,36.459431],[36.113604,36.459968],[36.116509,36.460798],[36.117037,36.460949],[36.120751,36.462631],[36.122993,36.464523],[36.125235,36.464873],[36.126566,36.464873],[36.128318,36.464032],[36.129089,36.463752],[36.1307,36.464312],[36.132173,36.46543],[36.132732,36.465854],[36.133693,36.466575],[36.134974,36.467536],[36.135671,36.468446],[36.135885,36.468727],[36.135815,36.469918],[36.135535,36.47167],[36.135185,36.474262],[36.135753,36.475865],[36.135955,36.476434],[36.136082,36.476868],[36.137076,36.480288],[36.138758,36.481689],[36.139861,36.481987],[36.14135,36.48239],[36.141911,36.48302],[36.142401,36.483861],[36.142331,36.485333],[36.141491,36.486594],[36.14044,36.488275],[36.139982,36.489935],[36.139879,36.490307],[36.139687,36.491288],[36.139248,36.49353],[36.139459,36.495562],[36.139874,36.497879],[36.139949,36.498295],[36.139961,36.498435],[36.140089,36.499976],[36.14032,36.501823],[36.14065,36.504461],[36.14079,36.505091],[36.140089,36.506633],[36.139809,36.507754],[36.139997,36.509447],[36.140019,36.509646],[36.140097,36.509957],[36.14037,36.511047],[36.14051,36.512448],[36.140569,36.512893],[36.14065,36.513499],[36.14037,36.51448],[36.139809,36.515391],[36.139879,36.516863],[36.140299,36.518474],[36.140759,36.519879],[36.141581,36.519943],[36.141826,36.51984],[36.14267,36.519485],[36.14416,36.518511],[36.146337,36.517308],[36.147654,36.517021],[36.148714,36.517165],[36.149774,36.517308],[36.150404,36.517566],[36.151035,36.517823],[36.151321,36.518511],[36.152524,36.519542],[36.153441,36.520459],[36.154186,36.522178],[36.15426,36.522505],[36.154587,36.523954],[36.154873,36.526016],[36.15493,36.527735],[36.154687,36.527935],[36.153326,36.529053],[36.15241,36.529912],[36.151436,36.531402],[36.150805,36.532376],[36.149774,36.533006],[36.148285,36.533292],[36.147368,36.533693],[36.14679,36.534405],[36.146623,36.53461],[36.146738,36.535355],[36.146967,36.536443],[36.147482,36.537475],[36.148078,36.537946],[36.148858,36.538563],[36.150691,36.539193],[36.151378,36.539423],[36.152066,36.539652],[36.152197,36.539766],[36.152524,36.540053],[36.152912,36.54048],[36.153097,36.540683],[36.153068,36.540998],[36.15304,36.541313],[36.152696,36.542173],[36.151722,36.543605],[36.151264,36.544407],[36.150977,36.546412],[36.150977,36.547157]]]}},{"type":"Feature","properties":{"id":"TR-D-31-005","parent_id":"TR-P-31","region_id":"TR-R-AKD","level":"district","municipality_type":null,"municipality_type_label":null,"is_metropolitan_municipality":null,"name":"Defne","name_ascii":"defne","slug":"defne-hatay"},"geometry":{"type":"Polygon","coordinates":[[[36.041019,36.219573],[36.043123,36.219584],[36.043132,36.219584],[36.044007,36.219589],[36.045467,36.219821],[36.045788,36.219872],[36.046726,36.220022],[36.049138,36.221542],[36.051,36.223425],[36.053186,36.224696],[36.05631,36.226886],[36.056342,36.226902],[36.057279,36.227386],[36.06143,36.229447],[36.062279,36.229758],[36.063834,36.230328],[36.066123,36.230792],[36.069434,36.231051],[36.069573,36.231062],[36.069971,36.231102],[36.073433,36.231459],[36.077674,36.232307],[36.079674,36.233081],[36.081461,36.233774],[36.082863,36.234103],[36.08403,36.234377],[36.089115,36.234297],[36.089281,36.234294],[36.090626,36.234181],[36.096703,36.233672],[36.098142,36.233297],[36.099894,36.232841],[36.100667,36.232143],[36.100987,36.231433],[36.101189,36.230984],[36.103117,36.228919],[36.105238,36.226252],[36.10547,36.226056],[36.106554,36.225139],[36.109093,36.22324],[36.110955,36.222298],[36.114616,36.220232],[36.116697,36.219388],[36.118382,36.218705],[36.119877,36.217948],[36.120495,36.217635],[36.120802,36.21748],[36.121454,36.217021],[36.123218,36.21578],[36.12399,36.215238],[36.12484,36.214493],[36.125773,36.213622],[36.126302,36.212663],[36.126423,36.212014],[36.126425,36.211615],[36.126431,36.211378],[36.127094,36.211224],[36.127808,36.211096],[36.128398,36.210869],[36.128954,36.210436],[36.129236,36.210216],[36.129996,36.209697],[36.132163,36.20907],[36.132699,36.208866],[36.13369,36.208365],[36.134041,36.208133],[36.135078,36.207823],[36.135717,36.207621],[36.135866,36.207277],[36.135907,36.207071],[36.135942,36.2069],[36.135949,36.206468],[36.135956,36.206028],[36.135828,36.205537],[36.135783,36.205365],[36.137284,36.20484],[36.137837,36.204703],[36.13848,36.204544],[36.13945,36.204196],[36.140101,36.203853],[36.140931,36.203383],[36.141251,36.203179],[36.14181,36.202831],[36.142382,36.202606],[36.142933,36.202669],[36.143405,36.202751],[36.143959,36.202846],[36.144319,36.202908],[36.144627,36.202962],[36.145609,36.203154],[36.145913,36.203186],[36.146927,36.203183],[36.149405,36.203091],[36.150778,36.20301],[36.151387,36.202973],[36.152304,36.202918],[36.153372,36.20282],[36.154097,36.202754],[36.154047,36.202327],[36.154005,36.201965],[36.154007,36.201587],[36.154009,36.201217],[36.15412,36.200736],[36.154213,36.20033],[36.154212,36.200327],[36.154209,36.199916],[36.154204,36.199215],[36.154204,36.19921],[36.154201,36.199039],[36.1542,36.198953],[36.154212,36.198918],[36.154295,36.19868],[36.154486,36.198534],[36.154707,36.19826],[36.154803,36.198012],[36.15489,36.197783],[36.155078,36.197499],[36.155549,36.197],[36.155972,36.196733],[36.156218,36.19649],[36.156357,36.196331],[36.156456,36.196147],[36.157149,36.195336],[36.157914,36.194441],[36.156866,36.193625],[36.157094,36.193289],[36.157364,36.192889],[36.157898,36.19207],[36.158447,36.191386],[36.159315,36.190129],[36.159955,36.189352],[36.160424,36.188778],[36.161315,36.187629],[36.161598,36.187441],[36.161923,36.187227],[36.163129,36.186337],[36.166011,36.184831],[36.169222,36.184273],[36.170944,36.184163],[36.172529,36.184061],[36.17357,36.184032],[36.174325,36.184011],[36.175702,36.184569],[36.177426,36.184946],[36.177803,36.185029],[36.177981,36.185034],[36.180627,36.185118],[36.182635,36.185007],[36.183842,36.18483],[36.185262,36.184623],[36.1865,36.184442],[36.187963,36.1841],[36.188646,36.18394],[36.189902,36.183647],[36.190522,36.183388],[36.190827,36.183261],[36.192245,36.182669],[36.192461,36.182551],[36.192911,36.182307],[36.195237,36.181092],[36.195895,36.180748],[36.198435,36.179134],[36.200298,36.177795],[36.200571,36.17758],[36.201214,36.177074],[36.202047,36.176419],[36.201887,36.176157],[36.201628,36.175734],[36.20101,36.174722],[36.200626,36.174095],[36.199909,36.172645],[36.199375,36.171358],[36.19903,36.170826],[36.198807,36.170481],[36.198712,36.17036],[36.19866,36.170295],[36.198251,36.169808],[36.197377,36.168768],[36.195844,36.167545],[36.195726,36.167452],[36.195264,36.167083],[36.194424,36.166363],[36.193444,36.165523],[36.19317,36.165111],[36.192714,36.164428],[36.192015,36.163379],[36.191553,36.161531],[36.191495,36.1613],[36.19148,36.16112],[36.1913,36.159026],[36.190673,36.15662],[36.19051,36.155993],[36.19051,36.153654],[36.190554,36.152074],[36.190596,36.150536],[36.19077,36.14837],[36.19077,36.146031],[36.190767,36.145987],[36.190683,36.144471],[36.190169,36.143681],[36.1901,36.143574],[36.189971,36.143375],[36.189737,36.143016],[36.189557,36.142739],[36.187738,36.140746],[36.187426,36.140102],[36.186525,36.138234],[36.186286,36.137221],[36.185947,36.136632],[36.185558,36.135955],[36.185402,36.135597],[36.185379,36.135545],[36.185303,36.135371],[36.184784,36.13418],[36.184574,36.133788],[36.184392,36.133448],[36.184293,36.133262],[36.184236,36.133155],[36.184128,36.132954],[36.183927,36.132578],[36.183863,36.132033],[36.183855,36.131969],[36.183793,36.131528],[36.18323,36.130771],[36.182279,36.129494],[36.181995,36.129005],[36.181808,36.128683],[36.181699,36.128496],[36.181489,36.128384],[36.181265,36.128265],[36.180757,36.127995],[36.180054,36.127622],[36.179355,36.127265],[36.179115,36.127142],[36.178785,36.126974],[36.17814,36.126644],[36.17624,36.126069],[36.174515,36.125548],[36.173048,36.124958],[36.172313,36.124864],[36.169011,36.125288],[36.166081,36.1257],[36.165891,36.125685],[36.163306,36.125481],[36.161426,36.125068],[36.158799,36.124155],[36.157332,36.123516],[36.156867,36.123313],[36.156258,36.123113],[36.15574,36.122943],[36.154882,36.122661],[36.153738,36.122644],[36.151516,36.12261],[36.150445,36.122544],[36.149286,36.122473],[36.146785,36.121984],[36.144936,36.121177],[36.144651,36.121053],[36.142568,36.119621],[36.141788,36.119085],[36.140531,36.117747],[36.139346,36.116485],[36.136819,36.113148],[36.136506,36.112784],[36.135099,36.111141],[36.132487,36.108092],[36.132323,36.107252],[36.132296,36.107115],[36.132182,36.106676],[36.131743,36.104989],[36.132151,36.102604],[36.132981,36.100558],[36.133396,36.099535],[36.133811,36.098511],[36.134126,36.097567],[36.134068,36.096137],[36.133985,36.095928],[36.133971,36.095894],[36.133924,36.095774],[36.133637,36.095056],[36.133014,36.093944],[36.132673,36.093333],[36.131983,36.092706],[36.131259,36.092047],[36.130538,36.091391],[36.129669,36.09079],[36.127715,36.089439],[36.125465,36.087816],[36.123607,36.086208],[36.12316,36.085822],[36.122834,36.08554],[36.1212,36.083538],[36.120074,36.082158],[36.119171,36.080307],[36.118682,36.078734],[36.118124,36.078429],[36.1171,36.077871],[36.116502,36.077544],[36.116039,36.077292],[36.114859,36.076853],[36.114319,36.076653],[36.111442,36.076191],[36.110936,36.0762],[36.109385,36.076225],[36.107522,36.076525],[36.105715,36.076817],[36.10358,36.077109],[36.102635,36.077238],[36.100153,36.077552],[36.09551,36.07766],[36.092156,36.077656],[36.088908,36.07735],[36.088602,36.077321],[36.088279,36.07725],[36.087458,36.077069],[36.084844,36.076494],[36.083232,36.075651],[36.083183,36.075626],[36.082568,36.075304],[36.081313,36.074382],[36.078981,36.072667],[36.077658,36.071678],[36.077419,36.071499],[36.076724,36.07098],[36.072835,36.068365],[36.070129,36.066588],[36.069937,36.066462],[36.069201,36.065979],[36.068957,36.065771],[36.067594,36.064614],[36.066064,36.061943],[36.065333,36.059583],[36.065124,36.057779],[36.064622,36.053441],[36.064267,36.050371],[36.064406,36.049976],[36.064813,36.049012],[36.065265,36.047942],[36.065515,36.04735],[36.066117,36.045927],[36.066027,36.045648],[36.0659,36.044654],[36.065505,36.043451],[36.065393,36.043109],[36.064951,36.042724],[36.064267,36.042126],[36.063802,36.041878],[36.063489,36.04171],[36.062903,36.041397],[36.0626,36.041333],[36.059932,36.040815],[36.057376,36.04078],[36.05391,36.040987],[36.053057,36.041298],[36.05155,36.041946],[36.049856,36.043221],[36.048828,36.044404],[36.046817,36.046289],[36.044868,36.047609],[36.041726,36.04918],[36.039338,36.050437],[36.036321,36.051191],[36.033053,36.051128],[36.030979,36.050814],[36.029211,36.050729],[36.029108,36.051763],[36.029171,36.052454],[36.029423,36.05302],[36.029737,36.053585],[36.030367,36.054398],[36.030634,36.054537],[36.031129,36.054793],[36.031138,36.054798],[36.032031,36.055691],[36.03198,36.056663],[36.032222,36.058432],[36.032629,36.060712],[36.033231,36.061311],[36.033533,36.061612],[36.035102,36.062531],[36.035677,36.063065],[36.036211,36.063561],[36.036257,36.064131],[36.036374,36.065599],[36.036252,36.066313],[36.035873,36.068051],[36.035552,36.068626],[36.035268,36.068738],[36.0349,36.069193],[36.034814,36.069373],[36.034773,36.069459],[36.034916,36.06979],[36.034799,36.070141],[36.034792,36.070323],[36.034785,36.070484],[36.034838,36.070664],[36.034872,36.070776],[36.035048,36.071255],[36.035178,36.071608],[36.035414,36.072304],[36.035397,36.073044],[36.035065,36.073368],[36.034868,36.073416],[36.034297,36.073555],[36.034014,36.073598],[36.033728,36.073641],[36.033549,36.073911],[36.033712,36.074411],[36.03394,36.074628],[36.034421,36.075084],[36.035106,36.075704],[36.035121,36.07572],[36.035414,36.07603],[36.03549,36.076085],[36.03567,36.076215],[36.036237,36.076624],[36.036476,36.076799],[36.03689,36.077102],[36.03825,36.078381],[36.039061,36.078786],[36.03953,36.078743],[36.039957,36.078705],[36.040107,36.078345],[36.040364,36.077728],[36.040364,36.076507],[36.040743,36.075178],[36.040838,36.074848],[36.041341,36.073575],[36.041992,36.073006],[36.042149,36.073033],[36.042722,36.073134],[36.043394,36.073285],[36.043708,36.073913],[36.043865,36.074227],[36.044272,36.075041],[36.044285,36.075116],[36.044434,36.075937],[36.045167,36.076751],[36.045255,36.076835],[36.046891,36.078391],[36.047625,36.078997],[36.04875,36.079926],[36.049184,36.080208],[36.0499,36.080674],[36.051355,36.082776],[36.053553,36.084892],[36.053608,36.085553],[36.053613,36.085613],[36.053635,36.085869],[36.053716,36.087498],[36.053758,36.087566],[36.053928,36.087837],[36.054093,36.088069],[36.054162,36.088167],[36.054455,36.08832],[36.054464,36.088325],[36.054907,36.088477],[36.055645,36.088635],[36.056508,36.089033],[36.056741,36.089152],[36.056745,36.089154],[36.05698,36.089588],[36.057323,36.090339],[36.057733,36.09119],[36.05792,36.091581],[36.058101,36.091956],[36.059114,36.094083],[36.05924,36.094442],[36.059473,36.095107],[36.059725,36.095828],[36.059997,36.096604],[36.061404,36.098557],[36.062322,36.099328],[36.062825,36.09975],[36.062973,36.099875],[36.063241,36.100109],[36.063852,36.100644],[36.064485,36.101197],[36.06556,36.102027],[36.066236,36.102549],[36.067185,36.103397],[36.067483,36.103664],[36.067816,36.103962],[36.068281,36.104493],[36.068813,36.105101],[36.069167,36.105507],[36.069477,36.105861],[36.070842,36.107482],[36.072463,36.109405],[36.07283,36.110251],[36.073014,36.110674],[36.073253,36.111108],[36.073468,36.111498],[36.073756,36.112021],[36.074034,36.112528],[36.073901,36.113303],[36.07336,36.114125],[36.073021,36.114593],[36.07241,36.11544],[36.071901,36.115938],[36.0712,36.116625],[36.069609,36.117656],[36.068532,36.118444],[36.068194,36.118694],[36.067198,36.119614],[36.066846,36.119959],[36.06667,36.120131],[36.066388,36.12045],[36.065186,36.121805],[36.064514,36.122353],[36.063793,36.122765],[36.063308,36.123042],[36.063049,36.123296],[36.062703,36.123635],[36.061895,36.124591],[36.061115,36.125793],[36.060302,36.126534],[36.059232,36.12698],[36.058714,36.127228],[36.058245,36.127453],[36.057795,36.128332],[36.057503,36.128904],[36.057346,36.129211],[36.057227,36.129767],[36.057064,36.130475],[36.057305,36.130936],[36.057614,36.131527],[36.05853,36.13255],[36.06041,36.13345],[36.063102,36.133941],[36.065796,36.133934],[36.066935,36.13377],[36.068026,36.133614],[36.068846,36.133358],[36.069504,36.133153],[36.069914,36.132684],[36.071829,36.130491],[36.073062,36.129503],[36.073371,36.128974],[36.0748,36.126538],[36.075252,36.126029],[36.075938,36.125258],[36.077645,36.123679],[36.077929,36.123416],[36.080298,36.122192],[36.081212,36.121905],[36.082189,36.1216],[36.083332,36.121349],[36.08539,36.122224],[36.08626,36.122593],[36.086484,36.122688],[36.086673,36.122768],[36.087,36.122907],[36.08777,36.123233],[36.090146,36.124282],[36.091194,36.124744],[36.093796,36.126798],[36.095005,36.128046],[36.095539,36.128581],[36.095586,36.128713],[36.095803,36.129327],[36.095725,36.12962],[36.095515,36.130404],[36.095155,36.131423],[36.094535,36.132327],[36.094146,36.132856],[36.093897,36.133196],[36.093178,36.134176],[36.092851,36.134596],[36.092304,36.135298],[36.091898,36.135828],[36.09133,36.13657],[36.090489,36.137149],[36.089689,36.137701],[36.088562,36.138663],[36.088023,36.139123],[36.086479,36.140583],[36.085308,36.141782],[36.084433,36.1428],[36.083433,36.144362],[36.082861,36.144922],[36.082373,36.145401],[36.081857,36.145907],[36.081312,36.146441],[36.079788,36.147564],[36.078524,36.148379],[36.077296,36.149],[36.07654,36.149707],[36.076124,36.150096],[36.075478,36.151152],[36.075237,36.152129],[36.07517,36.15354],[36.074263,36.154934],[36.073183,36.156311],[36.07273,36.157084],[36.072098,36.158167],[36.071828,36.158421],[36.070554,36.159626],[36.068016,36.161381],[36.066005,36.162178],[36.064716,36.162509],[36.063882,36.162724],[36.063422,36.162917],[36.063386,36.162933],[36.063108,36.16305],[36.062079,36.163484],[36.060334,36.16424],[36.05874,36.165272],[36.058125,36.165796],[36.057503,36.166325],[36.056725,36.16714],[36.056713,36.167152],[36.056449,36.167939],[36.055691,36.170057],[36.055704,36.170679],[36.05601,36.171279],[36.056358,36.171732],[36.056677,36.172953],[36.056921,36.174037],[36.057131,36.174503],[36.057318,36.174917],[36.05724,36.176152],[36.057043,36.176615],[36.057023,36.176751],[36.056926,36.177446],[36.056829,36.178408],[36.056817,36.178529],[36.056567,36.178774],[36.056317,36.179019],[36.05602,36.179063],[36.055678,36.179115],[36.054849,36.17961],[36.054586,36.180501],[36.054738,36.180754],[36.054967,36.181134],[36.055917,36.181685],[36.056626,36.182051],[36.056834,36.182158],[36.057049,36.182269],[36.058298,36.182845],[36.059835,36.183782],[36.060989,36.18625],[36.061901,36.188672],[36.062006,36.189115],[36.0623,36.190358],[36.062546,36.191397],[36.062674,36.191935],[36.062575,36.193795],[36.061203,36.195561],[36.060763,36.195946],[36.0592,36.197312],[36.058269,36.198109],[36.057479,36.198785],[36.056465,36.199452],[36.055941,36.199796],[36.053822,36.201236],[36.050985,36.202603],[36.048946,36.203751],[36.048099,36.204229],[36.046813,36.205313],[36.046016,36.205985],[36.045311,36.20738],[36.044108,36.209471],[36.04308,36.211256],[36.042422,36.212451],[36.041696,36.213768],[36.041091,36.214865],[36.040655,36.216858],[36.040861,36.218365],[36.041019,36.219573]]]}},{"type":"Feature","properties":{"id":"TR-D-31-006","parent_id":"TR-P-31","region_id":"TR-R-AKD","level":"district","municipality_type":null,"municipality_type_label":null,"is_metropolitan_municipality":null,"name":"Dörtyol","name_ascii":"dortyol","slug":"dortyol-hatay"},"geometry":{"type":"Polygon","coordinates":[[[36.191228,36.801023],[36.183348,36.809809],[36.179198,36.815022],[36.179093,36.815825],[36.175091,36.820933],[36.17393,36.820564],[36.170388,36.81866],[36.169162,36.820439],[36.173863,36.822054],[36.169918,36.826244],[36.166423,36.829678],[36.16585,36.83115],[36.16675,36.831273],[36.166977,36.831253],[36.167935,36.831171],[36.169182,36.831355],[36.16955,36.831825],[36.169673,36.832397],[36.166001,36.837655],[36.163404,36.840692],[36.157233,36.847092],[36.154639,36.850617],[36.151759,36.854256],[36.148648,36.857538],[36.145581,36.86028],[36.137507,36.871202],[36.134489,36.874157],[36.124533,36.880555],[36.122307,36.881856],[36.118901,36.883676],[36.130079,36.890494],[36.131523,36.891518],[36.136219,36.894769],[36.138447,36.896695],[36.13947,36.8982],[36.141517,36.899103],[36.143805,36.899886],[36.145389,36.900348],[36.146694,36.900729],[36.147244,36.900965],[36.148802,36.901632],[36.150728,36.902415],[36.152655,36.903257],[36.154581,36.903739],[36.156508,36.904582],[36.156748,36.904716],[36.158554,36.905726],[36.16008,36.906488],[36.160842,36.90687],[36.162708,36.907592],[36.16606,36.909648],[36.167224,36.910361],[36.170475,36.911565],[36.173786,36.913552],[36.174267,36.913713],[36.176675,36.914515],[36.179926,36.9159],[36.180709,36.916183],[36.182094,36.916683],[36.185699,36.917994],[36.186729,36.918368],[36.191245,36.919151],[36.192075,36.919398],[36.193472,36.919813],[36.195459,36.920716],[36.197506,36.921619],[36.200185,36.923245],[36.202864,36.92487],[36.207258,36.926526],[36.211653,36.928181],[36.214122,36.929265],[36.220262,36.929265],[36.222294,36.929131],[36.226644,36.928844],[36.229955,36.928001],[36.232604,36.927459],[36.235614,36.926255],[36.237841,36.925231],[36.241755,36.923666],[36.244765,36.922402],[36.248979,36.920957],[36.252049,36.919452],[36.256504,36.918429],[36.259473,36.918086],[36.259635,36.918067],[36.259887,36.918031],[36.263367,36.917526],[36.266558,36.916923],[36.27309,36.915679],[36.278227,36.915358],[36.281117,36.915278],[36.28481,36.914555],[36.287057,36.914154],[36.289706,36.913432],[36.291221,36.912905],[36.293399,36.912147],[36.294907,36.911841],[36.298536,36.911104],[36.301666,36.910863],[36.304315,36.911024],[36.308249,36.912549],[36.31154,36.913994],[36.314349,36.914957],[36.316115,36.914636],[36.317881,36.914234],[36.32045,36.913512],[36.322216,36.913753],[36.323339,36.915358],[36.3235,36.916883],[36.324303,36.91889],[36.32655,36.920817],[36.327915,36.921619],[36.330403,36.922181],[36.332972,36.922743],[36.334658,36.923064],[36.334826,36.923056],[36.338109,36.922904],[36.340357,36.922743],[36.343246,36.922181],[36.347822,36.920576],[36.350712,36.920014],[36.351434,36.920174],[36.352156,36.920335],[36.353156,36.920808],[36.353682,36.921057],[36.353758,36.921142],[36.355126,36.922663],[36.355528,36.923867],[36.355929,36.925633],[36.356238,36.927183],[36.35706,36.927021],[36.357533,36.926927],[36.359381,36.92686],[36.363286,36.926717],[36.366653,36.926787],[36.371072,36.927769],[36.373668,36.927629],[36.377877,36.927138],[36.382015,36.927068],[36.3844,36.927208],[36.387557,36.926998],[36.391485,36.926717],[36.395414,36.926717],[36.3985,36.926436],[36.400605,36.927348],[36.402358,36.928471],[36.403481,36.929102],[36.404905,36.929221],[36.405164,36.929242],[36.407058,36.929242],[36.409303,36.928681],[36.411407,36.927629],[36.412881,36.926647],[36.414143,36.926506],[36.418492,36.927489],[36.420878,36.927909],[36.423683,36.92812],[36.4267,36.92812],[36.428598,36.927843],[36.430067,36.927629],[36.43168,36.927559],[36.433294,36.927489],[36.435819,36.927489],[36.439888,36.926436],[36.441571,36.925033],[36.442834,36.922929],[36.444728,36.920824],[36.446237,36.919247],[36.446271,36.919211],[36.448376,36.917317],[36.45041,36.914581],[36.451462,36.913319],[36.453777,36.911565],[36.455952,36.910442],[36.459459,36.908689],[36.46172,36.907167],[36.462184,36.906659],[36.4627,36.906094],[36.463482,36.904891],[36.464192,36.902689],[36.464519,36.901196],[36.465638,36.898724],[36.467413,36.896798],[36.465973,36.894456],[36.464892,36.893173],[36.463819,36.891867],[36.463306,36.890234],[36.462385,36.888619],[36.460433,36.888175],[36.458126,36.887732],[36.456262,36.886135],[36.45573,36.884804],[36.454488,36.881876],[36.453423,36.879658],[36.452358,36.877528],[36.450407,36.874778],[36.448632,36.87256],[36.445881,36.870253],[36.445349,36.867857],[36.445438,36.865462],[36.444639,36.862977],[36.443752,36.860493],[36.441623,36.858896],[36.437896,36.858452],[36.434879,36.85792],[36.431951,36.855702],[36.428846,36.853306],[36.425829,36.85162],[36.423256,36.849225],[36.421393,36.84745],[36.417489,36.845321],[36.410923,36.839554],[36.405422,36.834141],[36.400986,36.829971],[36.398236,36.826954],[36.395751,36.822784],[36.39442,36.81959],[36.393267,36.81542],[36.39167,36.810718],[36.390161,36.807967],[36.389895,36.804241],[36.389363,36.799982],[36.387234,36.797231],[36.38466,36.79519],[36.382442,36.79386],[36.380224,36.792174],[36.380072,36.791827],[36.379213,36.791669],[36.378423,36.791523],[36.377267,36.790047],[36.376195,36.788761],[36.374539,36.787178],[36.372412,36.786223],[36.371574,36.785846],[36.369789,36.785204],[36.367753,36.784865],[36.366027,36.784818],[36.365037,36.784868],[36.364272,36.784908],[36.362106,36.785129],[36.359494,36.785679],[36.358819,36.785905],[36.356803,36.786579],[36.35498,36.787605],[36.353573,36.78855],[36.352921,36.788817],[36.352239,36.789096],[36.351283,36.789327],[36.349223,36.789826],[36.347237,36.790261],[36.345723,36.790593],[36.343798,36.791284],[36.341956,36.792165],[36.340062,36.792609],[36.337316,36.793072],[36.333383,36.793285],[36.328793,36.7936],[36.325995,36.793135],[36.325105,36.793119],[36.32398,36.793098],[36.3227,36.793232],[36.322056,36.7933],[36.321328,36.793484],[36.320933,36.793584],[36.319562,36.794329],[36.318023,36.794696],[36.31698,36.794592],[36.315557,36.79445],[36.313537,36.793875],[36.312141,36.793204],[36.311699,36.793057],[36.30889,36.792233],[36.306949,36.791734],[36.306123,36.791521],[36.304131,36.791172],[36.302264,36.790846],[36.299496,36.790623],[36.298676,36.790658],[36.29683,36.790736],[36.293589,36.791138],[36.291151,36.791791],[36.289213,36.792218],[36.288474,36.792488],[36.286822,36.793092],[36.284674,36.793457],[36.281048,36.793693],[36.280275,36.793567],[36.278624,36.793296],[36.277314,36.793247],[36.275686,36.793185],[36.272977,36.793447],[36.271012,36.793773],[36.270171,36.793913],[36.269028,36.793987],[36.266605,36.794144],[36.263045,36.794423],[36.257624,36.795437],[36.257038,36.795647],[36.254998,36.796379],[36.25332,36.797362],[36.252779,36.797679],[36.251122,36.799019],[36.250227,36.799741],[36.245653,36.802207],[36.241248,36.804071],[36.23642,36.804449],[36.231903,36.803872],[36.229193,36.803593],[36.22487,36.803149],[36.21819,36.803329],[36.20497,36.803333],[36.201156,36.802666],[36.198185,36.802147],[36.193702,36.801722],[36.192652,36.801623],[36.191228,36.801023]]]}},{"type":"Feature","properties":{"id":"TR-D-31-007","parent_id":"TR-P-31","region_id":"TR-R-AKD","level":"district","municipality_type":null,"municipality_type_label":null,"is_metropolitan_municipality":null,"name":"Erzin","name_ascii":"erzin","slug":"erzin-hatay"},"geometry":{"type":"Polygon","coordinates":[[[36.118901,36.883676],[36.114076,36.886254],[36.1054,36.8917],[36.100816,36.894187],[36.092227,36.898132],[36.084547,36.902816],[36.078656,36.905854],[36.072449,36.909211],[36.068443,36.910674],[36.061465,36.916487],[36.058095,36.919063],[36.053815,36.921026],[36.039439,36.927084],[36.035471,36.928522],[36.030547,36.929937],[36.025842,36.931122],[36.016169,36.93331],[36.011457,36.933851],[36.006047,36.9329],[36.002507,36.930482],[35.999402,36.92749],[35.994709,36.926205],[35.990736,36.924348],[35.988088,36.921508],[35.985421,36.918081],[35.98285,36.915158],[35.979166,36.912965],[35.974764,36.911336],[35.970511,36.909137],[35.967403,36.906486],[35.963991,36.901427],[35.960211,36.904523],[35.958142,36.906498],[35.956638,36.90819],[35.95598,36.9096],[35.95598,36.910634],[35.956638,36.912326],[35.95786,36.914301],[35.958895,36.916087],[35.960587,36.918343],[35.961621,36.920036],[35.962373,36.921916],[35.962937,36.924736],[35.962843,36.927557],[35.962091,36.930095],[35.962091,36.932634],[35.962561,36.93489],[35.963877,36.937616],[35.965382,36.938933],[35.968014,36.940249],[35.968108,36.940295],[35.972245,36.942317],[35.975535,36.944009],[35.980236,36.946548],[35.981176,36.946971],[35.982116,36.947394],[35.983338,36.948616],[35.985031,36.950496],[35.98677,36.952988],[35.988462,36.955103],[35.990648,36.958064],[35.991316,36.958946],[35.992411,36.960391],[35.993501,36.961167],[35.996077,36.963],[36.000096,36.964622],[36.004468,36.965468],[36.004973,36.965598],[36.006936,36.966103],[36.008205,36.966702],[36.009474,36.967301],[36.012013,36.9685],[36.012178,36.968594],[36.014622,36.969981],[36.017301,36.972167],[36.022801,36.97682],[36.029217,36.981827],[36.030628,36.983307],[36.033095,36.985564],[36.033158,36.98563],[36.034153,36.986692],[36.036092,36.987996],[36.038031,36.989301],[36.048678,36.996211],[36.056324,36.999576],[36.062216,37.001781],[36.065672,37.00305],[36.072159,37.00439],[36.075261,37.004672],[36.080267,37.003826],[36.084991,37.003403],[36.088729,37.002416],[36.09169,37.001429],[36.097542,37.000159],[36.10276,36.999384],[36.10685,36.998749],[36.110798,36.998397],[36.11383,36.998256],[36.116792,36.998326],[36.121516,36.998467],[36.126875,36.998467],[36.135407,36.997903],[36.142458,36.997339],[36.149156,36.997621],[36.150214,36.997692],[36.152541,36.998326],[36.15515,36.999243],[36.158111,37.000159],[36.16206,37.001499],[36.164528,37.002204],[36.16897,37.002557],[36.171409,37.003079],[36.174047,37.003544],[36.176867,37.003967],[36.180322,37.00439],[36.184059,37.004954],[36.186527,37.005095],[36.190617,37.005236],[36.193719,37.005236],[36.195835,37.005377],[36.197809,37.005941],[36.200347,37.006576],[36.20204,37.006717],[36.204719,37.006646],[36.208738,37.006294],[36.211911,37.006223],[36.214732,37.006153],[36.216283,37.005871],[36.218046,37.004884],[36.219174,37.003967],[36.219949,37.002909],[36.220712,37.002459],[36.222919,37.001425],[36.224602,37.000443],[36.226216,36.99897],[36.228951,36.996374],[36.230565,36.994059],[36.231757,36.992025],[36.232669,36.990342],[36.236317,36.988167],[36.239824,36.987886],[36.242911,36.988518],[36.246559,36.988167],[36.247962,36.987886],[36.250136,36.986624],[36.251609,36.985221],[36.252381,36.983397],[36.253573,36.981573],[36.255608,36.980872],[36.258905,36.980591],[36.261711,36.98031],[36.265709,36.981222],[36.268094,36.981503],[36.270549,36.980451],[36.273215,36.978627],[36.2756,36.976663],[36.276372,36.975189],[36.277073,36.973506],[36.277564,36.972103],[36.277073,36.9707],[36.276302,36.969507],[36.276091,36.968525],[36.275811,36.967824],[36.27553,36.96614],[36.275109,36.963264],[36.274688,36.961791],[36.274127,36.960248],[36.273636,36.957933],[36.273917,36.956881],[36.275179,36.955127],[36.276933,36.954005],[36.278687,36.953303],[36.280791,36.952952],[36.282755,36.953023],[36.284719,36.952742],[36.287175,36.952251],[36.28984,36.95162],[36.292295,36.951058],[36.296154,36.949515],[36.297697,36.948673],[36.29931,36.947902],[36.302607,36.946429],[36.306606,36.945867],[36.308009,36.945587],[36.309973,36.944745],[36.311797,36.944114],[36.314041,36.943763],[36.316146,36.943553],[36.317338,36.942641],[36.31832,36.941168],[36.319794,36.939905],[36.321758,36.938712],[36.324914,36.93766],[36.327931,36.936888],[36.33684,36.934293],[36.339155,36.933311],[36.344556,36.930154],[36.348414,36.929242],[36.352202,36.92798],[36.356238,36.927183],[36.355929,36.925633],[36.355528,36.923867],[36.355126,36.922663],[36.353758,36.921142],[36.353682,36.921057],[36.353156,36.920808],[36.352156,36.920335],[36.351434,36.920174],[36.350712,36.920014],[36.347822,36.920576],[36.343246,36.922181],[36.340357,36.922743],[36.338109,36.922904],[36.334826,36.923056],[36.334658,36.923064],[36.332972,36.922743],[36.330403,36.922181],[36.327915,36.921619],[36.32655,36.920817],[36.324303,36.91889],[36.3235,36.916883],[36.323339,36.915358],[36.322216,36.913753],[36.32045,36.913512],[36.317881,36.914234],[36.316115,36.914636],[36.314349,36.914957],[36.31154,36.913994],[36.308249,36.912549],[36.304315,36.911024],[36.301666,36.910863],[36.298536,36.911104],[36.294907,36.911841],[36.293399,36.912147],[36.291221,36.912905],[36.289706,36.913432],[36.287057,36.914154],[36.28481,36.914555],[36.281117,36.915278],[36.278227,36.915358],[36.27309,36.915679],[36.266558,36.916923],[36.263367,36.917526],[36.259887,36.918031],[36.259635,36.918067],[36.259473,36.918086],[36.256504,36.918429],[36.252049,36.919452],[36.248979,36.920957],[36.244765,36.922402],[36.241755,36.923666],[36.237841,36.925231],[36.235614,36.926255],[36.232604,36.927459],[36.229955,36.928001],[36.226644,36.928844],[36.222294,36.929131],[36.220262,36.929265],[36.214122,36.929265],[36.211653,36.928181],[36.207258,36.926526],[36.202864,36.92487],[36.200185,36.923245],[36.197506,36.921619],[36.195459,36.920716],[36.193472,36.919813],[36.192075,36.919398],[36.191245,36.919151],[36.186729,36.918368],[36.185699,36.917994],[36.182094,36.916683],[36.180709,36.916183],[36.179926,36.9159],[36.176675,36.914515],[36.174267,36.913713],[36.173786,36.913552],[36.170475,36.911565],[36.167224,36.910361],[36.16606,36.909648],[36.162708,36.907592],[36.160842,36.90687],[36.16008,36.906488],[36.158554,36.905726],[36.156748,36.904716],[36.156508,36.904582],[36.154581,36.903739],[36.152655,36.903257],[36.150728,36.902415],[36.148802,36.901632],[36.147244,36.900965],[36.146694,36.900729],[36.145389,36.900348],[36.143805,36.899886],[36.141517,36.899103],[36.13947,36.8982],[36.138447,36.896695],[36.136219,36.894769],[36.131523,36.891518],[36.130079,36.890494],[36.118901,36.883676]]]}},{"type":"Feature","properties":{"id":"TR-D-31-008","parent_id":"TR-P-31","region_id":"TR-R-AKD","level":"district","municipality_type":null,"municipality_type_label":null,"is_metropolitan_municipality":null,"name":"Hassa","name_ascii":"hassa","slug":"hassa-hatay"},"geometry":{"type":"Polygon","coordinates":[[[36.382926,36.682295],[36.382087,36.68242],[36.376054,36.682952],[36.37286,36.683396],[36.371706,36.684904],[36.370997,36.687122],[36.370553,36.688009],[36.37215,36.690227],[36.372771,36.692534],[36.373304,36.694486],[36.373304,36.696527],[36.372594,36.697947],[36.371174,36.700165],[36.369488,36.703093],[36.368956,36.705133],[36.369577,36.708505],[36.371085,36.712675],[36.372594,36.715692],[36.373215,36.719773],[36.373126,36.725274],[36.372949,36.730509],[36.372328,36.736365],[36.372239,36.739116],[36.37286,36.742487],[36.373836,36.747722],[36.374457,36.750916],[36.375433,36.754909],[36.375877,36.758103],[36.376941,36.760765],[36.37845,36.762273],[36.379603,36.763338],[36.38049,36.765556],[36.380845,36.770613],[36.380668,36.775138],[36.380845,36.780107],[36.379603,36.785608],[36.379692,36.788625],[36.379603,36.790754],[36.380072,36.791827],[36.380224,36.792174],[36.382442,36.79386],[36.38466,36.79519],[36.387234,36.797231],[36.389363,36.799982],[36.389895,36.804241],[36.390161,36.807967],[36.39167,36.810718],[36.393267,36.81542],[36.39442,36.81959],[36.395751,36.822784],[36.398236,36.826954],[36.400986,36.829971],[36.405422,36.834141],[36.410923,36.839554],[36.417489,36.845321],[36.421393,36.84745],[36.423256,36.849225],[36.425829,36.85162],[36.428846,36.853306],[36.431951,36.855702],[36.434879,36.85792],[36.437896,36.858452],[36.441623,36.858896],[36.443752,36.860493],[36.444639,36.862977],[36.445438,36.865462],[36.445349,36.867857],[36.445881,36.870253],[36.448632,36.87256],[36.450407,36.874778],[36.452358,36.877528],[36.453423,36.879658],[36.454488,36.881876],[36.45573,36.884804],[36.456262,36.886135],[36.458126,36.887732],[36.460433,36.888175],[36.462385,36.888619],[36.463306,36.890234],[36.463819,36.891867],[36.464892,36.893173],[36.465973,36.894456],[36.467413,36.896798],[36.467831,36.896345],[36.471982,36.893453],[36.474501,36.8921],[36.476554,36.890794],[36.478279,36.889534],[36.479865,36.888042],[36.481545,36.886409],[36.482618,36.885896],[36.484437,36.885375],[36.485936,36.885375],[36.487282,36.885375],[36.489281,36.884975],[36.49189,36.883485],[36.498505,36.881973],[36.500678,36.883012],[36.503513,36.883579],[36.507954,36.883579],[36.512112,36.882256],[36.519011,36.879705],[36.524303,36.877342],[36.52761,36.87498],[36.531107,36.872901],[36.537438,36.872334],[36.542069,36.872334],[36.547833,36.871956],[36.55322,36.871956],[36.558134,36.872806],[36.565977,36.873468],[36.573915,36.874885],[36.57968,36.877626],[36.583271,36.878193],[36.593004,36.878571],[36.60132,36.878476],[36.605667,36.877059],[36.611337,36.873846],[36.616724,36.870066],[36.620409,36.866853],[36.623811,36.863829],[36.627685,36.858537],[36.630993,36.853528],[36.63345,36.848236],[36.63619,36.842283],[36.63808,36.838503],[36.640183,36.836684],[36.641813,36.8364],[36.644081,36.836188],[36.645995,36.836259],[36.648688,36.836188],[36.650743,36.836046],[36.650763,36.836044],[36.654145,36.835621],[36.656896,36.834197],[36.659049,36.83318],[36.660963,36.831476],[36.662159,36.830698],[36.663325,36.829682],[36.663992,36.829484],[36.664142,36.829403],[36.664214,36.82935],[36.664291,36.829277],[36.664396,36.829205],[36.664514,36.82913],[36.664634,36.829102],[36.664754,36.82906],[36.664805,36.829024],[36.664744,36.828934],[36.664632,36.828628],[36.663469,36.82835],[36.663266,36.828191],[36.663262,36.828092],[36.663259,36.828015],[36.663279,36.827759],[36.664146,36.82729],[36.664172,36.827277],[36.664613,36.827133],[36.66526,36.826493],[36.665474,36.826282],[36.665931,36.826035],[36.668305,36.824754],[36.668829,36.824546],[36.669264,36.823803],[36.669269,36.823318],[36.669197,36.82299],[36.668966,36.822462],[36.668941,36.822405],[36.668705,36.822005],[36.668787,36.821625],[36.669002,36.821359],[36.669423,36.821328],[36.669466,36.821343],[36.669905,36.821492],[36.670568,36.821572],[36.670787,36.821554],[36.671228,36.821328],[36.671628,36.820949],[36.671515,36.820559],[36.671286,36.820344],[36.671372,36.820056],[36.671341,36.819738],[36.671207,36.819441],[36.671136,36.819369],[36.671043,36.819308],[36.67091,36.819184],[36.670797,36.819062],[36.670388,36.818754],[36.670346,36.818723],[36.669884,36.818313],[36.66892,36.817923],[36.667987,36.816836],[36.667443,36.816569],[36.666633,36.816672],[36.666387,36.81659],[36.666274,36.816405],[36.666245,36.816253],[36.666797,36.816128],[36.667177,36.815862],[36.667361,36.815574],[36.667566,36.815144],[36.667515,36.814661],[36.66732,36.814272],[36.667054,36.813923],[36.666766,36.813513],[36.666756,36.813256],[36.666849,36.812918],[36.667279,36.812631],[36.667751,36.812487],[36.668151,36.812518],[36.668433,36.812686],[36.668861,36.812718],[36.669368,36.812686],[36.669669,36.812401],[36.669669,36.81202],[36.669522,36.811651],[36.669638,36.811402],[36.670145,36.811434],[36.670732,36.811053],[36.670735,36.811036],[36.670811,36.810688],[36.670985,36.810371],[36.671286,36.809975],[36.671239,36.809673],[36.670847,36.809328],[36.6707,36.80915],[36.670763,36.808484],[36.6707,36.808136],[36.670716,36.807422],[36.670589,36.807105],[36.669967,36.806675],[36.669535,36.804611],[36.669527,36.804572],[36.669963,36.804349],[36.670076,36.804043],[36.669834,36.803303],[36.669529,36.803045],[36.6694,36.802675],[36.669995,36.801967],[36.67051,36.8015],[36.670719,36.801114],[36.670719,36.800792],[36.670591,36.800518],[36.670221,36.800438],[36.669657,36.800647],[36.669282,36.800656],[36.668563,36.800824],[36.668439,36.80079],[36.668209,36.800728],[36.667903,36.800631],[36.667629,36.800551],[36.667195,36.80039],[36.666889,36.800164],[36.666841,36.799858],[36.667114,36.799537],[36.666519,36.799182],[36.666583,36.798748],[36.666406,36.798458],[36.6661,36.79833],[36.665875,36.798442],[36.665666,36.798539],[36.66544,36.798539],[36.665151,36.798474],[36.664072,36.797847],[36.663943,36.79734],[36.663895,36.796704],[36.66404,36.796269],[36.664282,36.79602],[36.664275,36.795778],[36.664026,36.795725],[36.663777,36.795823],[36.663475,36.795831],[36.662688,36.7954],[36.662608,36.795205],[36.662585,36.795024],[36.662736,36.794865],[36.662992,36.794881],[36.662977,36.794677],[36.662624,36.794543],[36.66237,36.794289],[36.662201,36.793507],[36.661926,36.793105],[36.661566,36.793041],[36.661101,36.792978],[36.660741,36.792809],[36.660276,36.792597],[36.659666,36.792791],[36.65943,36.79302],[36.658985,36.793126],[36.658626,36.793084],[36.658435,36.792978],[36.658134,36.792844],[36.657885,36.792787],[36.657539,36.792779],[36.657208,36.79254],[36.656784,36.79205],[36.656704,36.791281],[36.656585,36.79099],[36.656492,36.790725],[36.656293,36.790407],[36.656134,36.789678],[36.655976,36.789413],[36.655944,36.789387],[36.655578,36.789081],[36.655253,36.78899],[36.655247,36.788989],[36.654213,36.788922],[36.653338,36.788777],[36.652623,36.788604],[36.651814,36.788286],[36.651483,36.788074],[36.65143,36.787703],[36.651642,36.787319],[36.651549,36.787094],[36.651376,36.786963],[36.651178,36.786815],[36.650794,36.786603],[36.650343,36.786577],[36.650311,36.786597],[36.650052,36.786762],[36.64946,36.786757],[36.648714,36.786762],[36.648343,36.786431],[36.647918,36.786139],[36.647468,36.786192],[36.646911,36.786378],[36.646315,36.78655],[36.646023,36.786458],[36.645851,36.786272],[36.645772,36.785954],[36.645135,36.785636],[36.644937,36.785291],[36.644764,36.784682],[36.644592,36.784456],[36.644168,36.784178],[36.643824,36.783887],[36.643943,36.783476],[36.643996,36.783025],[36.643744,36.782773],[36.643294,36.78223],[36.642843,36.781819],[36.642512,36.781223],[36.642353,36.780706],[36.642472,36.780189],[36.642858,36.779838],[36.643267,36.77954],[36.643545,36.779341],[36.643598,36.77905],[36.643567,36.778813],[36.643545,36.778652],[36.643453,36.778268],[36.64332,36.777778],[36.642877,36.777464],[36.642684,36.777327],[36.641703,36.776744],[36.64129,36.77642],[36.640617,36.774756],[36.640405,36.774491],[36.640034,36.774345],[36.639689,36.774186],[36.639411,36.774054],[36.639292,36.773855],[36.639239,36.773259],[36.639384,36.772437],[36.63949,36.771987],[36.639517,36.771695],[36.639589,36.771527],[36.639676,36.771324],[36.639822,36.770807],[36.639863,36.770385],[36.640047,36.769959],[36.6401,36.769548],[36.639967,36.769323],[36.639663,36.769243],[36.63908,36.769402],[36.638576,36.769654],[36.638271,36.770065],[36.638185,36.770169],[36.63794,36.770463],[36.637542,36.770767],[36.637078,36.770834],[36.636668,36.770701],[36.636151,36.770781],[36.634706,36.771165],[36.634428,36.770966],[36.634349,36.770728],[36.634534,36.770463],[36.634839,36.770158],[36.635038,36.769866],[36.635237,36.769389],[36.635369,36.768886],[36.635303,36.768303],[36.63527,36.76824],[36.635117,36.767945],[36.634746,36.767812],[36.634388,36.767852],[36.634348,36.767868],[36.633898,36.768051],[36.63354,36.767918],[36.633288,36.767693],[36.633084,36.767567],[36.632838,36.767415],[36.632228,36.767229],[36.63138,36.767203],[36.630784,36.767265],[36.630675,36.767277],[36.62926,36.767256],[36.62877,36.767203],[36.628279,36.766911],[36.627683,36.766434],[36.627749,36.76609],[36.627754,36.766083],[36.62816,36.76552],[36.62816,36.764937],[36.628385,36.764194],[36.628876,36.763532],[36.629127,36.763015],[36.629098,36.762657],[36.628597,36.762405],[36.627445,36.76214],[36.626119,36.762074],[36.625592,36.762008],[36.62539,36.761756],[36.625444,36.761491],[36.625719,36.761212],[36.625841,36.761041],[36.62592,36.760683],[36.625841,36.760444],[36.625258,36.760264],[36.624071,36.759299],[36.623588,36.758446],[36.623274,36.758125],[36.622698,36.757537],[36.622568,36.757184],[36.622487,36.756673],[36.622457,36.756479],[36.622374,36.756466],[36.622011,36.756405],[36.621807,36.756349],[36.621232,36.755607],[36.620834,36.75384],[36.620765,36.753536],[36.620378,36.753201],[36.619878,36.752769],[36.619544,36.752231],[36.619024,36.752027],[36.618765,36.75173],[36.618542,36.751266],[36.617893,36.750654],[36.617522,36.750116],[36.616817,36.749133],[36.616725,36.748877],[36.616677,36.74874],[36.616365,36.748319],[36.616101,36.747962],[36.614442,36.746758],[36.613422,36.745942],[36.613106,36.745088],[36.613125,36.744606],[36.613243,36.744101],[36.614831,36.74314],[36.615748,36.742517],[36.615759,36.742509],[36.616037,36.742175],[36.616167,36.741619],[36.61588,36.741434],[36.615512,36.741198],[36.615036,36.740951],[36.614943,36.740673],[36.615073,36.740376],[36.616244,36.739595],[36.616742,36.739263],[36.617299,36.738502],[36.617726,36.737945],[36.617911,36.737333],[36.617819,36.736795],[36.617355,36.735756],[36.617368,36.734773],[36.618695,36.732844],[36.619244,36.731498],[36.619368,36.731145],[36.619421,36.730649],[36.619262,36.729976],[36.61882,36.729445],[36.6189,36.728653],[36.618926,36.728401],[36.619058,36.728318],[36.619722,36.727905],[36.621404,36.726684],[36.62174,36.72617],[36.622165,36.725444],[36.622466,36.724701],[36.62282,36.724117],[36.623794,36.723603],[36.624431,36.722966],[36.625068,36.722258],[36.625352,36.721249],[36.625393,36.721033],[36.625422,36.720877],[36.625582,36.720612],[36.625794,36.72047],[36.626042,36.720488],[36.626147,36.720506],[36.626555,36.720576],[36.627104,36.72047],[36.627387,36.720311],[36.627635,36.72001],[36.627726,36.719914],[36.627954,36.719673],[36.628255,36.719656],[36.628744,36.719803],[36.628786,36.719815],[36.629297,36.720081],[36.629848,36.720324],[36.630248,36.720224],[36.630473,36.719899],[36.630498,36.719374],[36.630423,36.718924],[36.630429,36.71883],[36.630448,36.718524],[36.630589,36.718413],[36.630798,36.718249],[36.630981,36.717886],[36.630802,36.717541],[36.630751,36.717443],[36.630273,36.716698],[36.630198,36.716398],[36.630379,36.715868],[36.630981,36.714823],[36.631229,36.714402],[36.631512,36.71392],[36.631689,36.713265],[36.631494,36.71261],[36.631253,36.71218],[36.631087,36.711885],[36.631034,36.711407],[36.631043,36.711093],[36.631052,36.710823],[36.6309,36.710585],[36.630769,36.71038],[36.630715,36.710044],[36.630574,36.709654],[36.629706,36.70822],[36.62976,36.70776],[36.629689,36.707388],[36.629348,36.706745],[36.629166,36.706019],[36.629147,36.705945],[36.62911,36.705911],[36.628097,36.704995],[36.627497,36.704745],[36.627197,36.704569],[36.626972,36.704219],[36.626297,36.703969],[36.625972,36.703694],[36.625771,36.703194],[36.625871,36.702819],[36.624846,36.701719],[36.623921,36.700993],[36.62232,36.698668],[36.621645,36.697592],[36.62012,36.695967],[36.619938,36.695644],[36.619795,36.695392],[36.619745,36.694366],[36.61962,36.694141],[36.61937,36.693941],[36.618444,36.693666],[36.617669,36.693366],[36.6176,36.693356],[36.615731,36.69308],[36.614518,36.692691],[36.613118,36.691015],[36.612742,36.690415],[36.612667,36.68999],[36.612793,36.68964],[36.613043,36.68949],[36.613465,36.689027],[36.613568,36.688915],[36.613543,36.688264],[36.613268,36.687614],[36.612678,36.686926],[36.612217,36.686389],[36.612067,36.686014],[36.612295,36.68557],[36.612567,36.685038],[36.612292,36.684263],[36.611692,36.683338],[36.61135,36.683002],[36.610965,36.682624],[36.610615,36.68262],[36.597137,36.683351],[36.574046,36.681887],[36.565573,36.678782],[36.560161,36.676475],[36.554039,36.673547],[36.54978,36.670087],[36.546586,36.664231],[36.54419,36.659262],[36.542096,36.656005],[36.541709,36.651524],[36.538301,36.649333],[36.535814,36.64915],[36.533071,36.648938],[36.531429,36.648791],[36.530328,36.648675],[36.529228,36.648548],[36.522329,36.64771],[36.520438,36.64748],[36.514375,36.646769],[36.513866,36.646705],[36.513276,36.646631],[36.512731,36.646555],[36.51219,36.646471],[36.511657,36.646376],[36.511133,36.646263],[36.510623,36.646128],[36.510133,36.64596],[36.509679,36.645758],[36.509243,36.645525],[36.508823,36.645268],[36.508415,36.644995],[36.508016,36.644708],[36.507627,36.644412],[36.507248,36.644107],[36.506847,36.643764],[36.504903,36.644378],[36.503642,36.644267],[36.500093,36.645598],[36.495124,36.650656],[36.490777,36.657665],[36.487139,36.658641],[36.481017,36.658907],[36.473564,36.658375],[36.469216,36.656955],[36.463006,36.653317],[36.459634,36.649768],[36.455553,36.645953],[36.453867,36.6448],[36.45014,36.6448],[36.444107,36.646042],[36.436299,36.650567],[36.430443,36.655003],[36.424942,36.659262],[36.41811,36.663876],[36.414739,36.666094],[36.410036,36.669288],[36.406487,36.671595],[36.40347,36.673015],[36.399655,36.675055],[36.39442,36.677273],[36.391049,36.680379],[36.386879,36.68171],[36.382926,36.682295]]]}},{"type":"Feature","properties":{"id":"TR-D-31-009","parent_id":"TR-P-31","region_id":"TR-R-AKD","level":"district","municipality_type":null,"municipality_type_label":null,"is_metropolitan_municipality":null,"name":"İskenderun","name_ascii":"iskenderun","slug":"iskenderun-hatay"},"geometry":{"type":"Polygon","coordinates":[[[36.370553,36.688009],[36.370997,36.687122],[36.371706,36.684904],[36.37286,36.683396],[36.376054,36.682952],[36.382087,36.68242],[36.382926,36.682295],[36.382334,36.681477],[36.379889,36.678788],[36.378341,36.677158],[36.3772,36.675121],[36.374919,36.67284],[36.372312,36.671618],[36.369052,36.669662],[36.367667,36.669418],[36.365793,36.666403],[36.364245,36.665018],[36.362534,36.663469],[36.36066,36.661921],[36.358704,36.660618],[36.3574,36.659477],[36.35683,36.658336],[36.356097,36.65638],[36.355119,36.655158],[36.353734,36.654343],[36.352104,36.654099],[36.351045,36.653284],[36.349825,36.652103],[36.348267,36.65114],[36.346617,36.650086],[36.344554,36.648894],[36.342446,36.647565],[36.341116,36.64619],[36.339925,36.645044],[36.3391,36.644082],[36.338733,36.643211],[36.338229,36.642203],[36.337358,36.640919],[36.337083,36.639177],[36.336121,36.638352],[36.335387,36.637482],[36.334058,36.635419],[36.332912,36.633723],[36.332362,36.63244],[36.331125,36.632027],[36.328466,36.630882],[36.326587,36.629369],[36.323745,36.627948],[36.322325,36.62694],[36.32237,36.62584],[36.322508,36.624786],[36.322691,36.623273],[36.322187,36.622723],[36.320165,36.62123],[36.318484,36.619396],[36.318026,36.617792],[36.317491,36.615653],[36.316651,36.61382],[36.314588,36.611834],[36.312449,36.610382],[36.311609,36.609084],[36.311609,36.60748],[36.310922,36.604959],[36.309394,36.602743],[36.306338,36.599382],[36.304428,36.596938],[36.302519,36.594646],[36.300838,36.591514],[36.297324,36.588382],[36.295185,36.585938],[36.292894,36.584257],[36.289227,36.583188],[36.286018,36.582653],[36.283268,36.581354],[36.280518,36.57784],[36.278227,36.574785],[36.273949,36.570736],[36.27181,36.569132],[36.269213,36.566153],[36.268907,36.564472],[36.267609,36.560347],[36.267074,36.556757],[36.266997,36.552708],[36.266997,36.547972],[36.266157,36.540868],[36.265317,36.538347],[36.263942,36.535826],[36.260733,36.533229],[36.257372,36.530631],[36.256358,36.529851],[36.255467,36.529166],[36.255386,36.529104],[36.25524,36.528965],[36.252178,36.526048],[36.250638,36.524693],[36.250268,36.524367],[36.247976,36.521847],[36.24599,36.51986],[36.245417,36.519323],[36.244768,36.518715],[36.242324,36.518562],[36.239535,36.51902],[36.237307,36.51958],[36.229974,36.520803],[36.226307,36.52149],[36.224703,36.521108],[36.222182,36.52065],[36.219279,36.519428],[36.217981,36.518664],[36.216682,36.5179],[36.21608,36.517509],[36.215154,36.516907],[36.213096,36.515685],[36.21271,36.515455],[36.210036,36.51303],[36.209425,36.512476],[36.207515,36.511561],[36.205758,36.510719],[36.203514,36.510891],[36.201108,36.511063],[36.199733,36.511292],[36.198358,36.51175],[36.196525,36.512724],[36.194806,36.513011],[36.191655,36.513355],[36.188217,36.513641],[36.186327,36.514099],[36.184665,36.515073],[36.182832,36.515646],[36.18054,36.515875],[36.17779,36.515704],[36.176759,36.515847],[36.175728,36.51599],[36.174181,36.51662],[36.172405,36.517422],[36.170858,36.518167],[36.169712,36.519027],[36.169311,36.520058],[36.168967,36.520631],[36.169368,36.52149],[36.170327,36.523295],[36.171316,36.525157],[36.171786,36.526398],[36.172118,36.527277],[36.172634,36.528881],[36.173092,36.531917],[36.173264,36.534782],[36.173207,36.537131],[36.172931,36.538191],[36.172462,36.539996],[36.171545,36.542975],[36.170629,36.545725],[36.170056,36.548188],[36.169824,36.54922],[36.16954,36.55048],[36.168853,36.551683],[36.167535,36.553001],[36.165816,36.553746],[36.163868,36.553803],[36.163181,36.5526],[36.162807,36.552057],[36.16255,36.551683],[36.161261,36.550337],[36.161233,36.550308],[36.159571,36.549334],[36.157566,36.548704],[36.155847,36.548188],[36.151732,36.547317],[36.150977,36.547157],[36.150886,36.547613],[36.150833,36.547876],[36.150802,36.548655],[36.150786,36.549308],[36.150952,36.550077],[36.150993,36.550269],[36.151327,36.551245],[36.152004,36.552496],[36.153289,36.554425],[36.153625,36.554901],[36.152,36.555072],[36.150425,36.555149],[36.149899,36.555164],[36.14868,36.554741],[36.14789,36.554468],[36.145606,36.554845],[36.144913,36.555024],[36.143818,36.555735],[36.142794,36.556791],[36.14244,36.557214],[36.141516,36.558318],[36.140075,36.559782],[36.13916,36.560872],[36.138905,36.561176],[36.137707,36.562596],[36.136481,36.563518],[36.135185,36.564605],[36.134476,36.565201],[36.132501,36.566882],[36.131596,36.567628],[36.131013,36.567949],[36.130283,36.568341],[36.12947,36.56882],[36.129141,36.569051],[36.128846,36.569471],[36.113251,36.562624],[36.098594,36.557294],[36.089647,36.552154],[36.084317,36.548918],[36.074228,36.545111],[36.071373,36.543969],[36.07004,36.538829],[36.069279,36.53388],[36.065091,36.52874],[36.055192,36.525123],[36.044913,36.521697],[36.041867,36.524933],[36.038631,36.528359],[36.037914,36.533755],[36.037884,36.535207],[36.039416,36.536133],[36.044355,36.538483],[36.052328,36.542708],[36.056914,36.544655],[36.076706,36.552195],[36.080661,36.553825],[36.085327,36.555902],[36.089562,36.558209],[36.092947,36.560512],[36.096615,36.562818],[36.100974,36.564974],[36.105945,36.567848],[36.109187,36.569679],[36.118063,36.57436],[36.121176,36.575869],[36.125353,36.578307],[36.127397,36.578818],[36.134455,36.580466],[36.136677,36.580985],[36.137229,36.580964],[36.139294,36.583601],[36.139519,36.58446],[36.139805,36.584807],[36.140112,36.584889],[36.140745,36.585625],[36.140868,36.58587],[36.141502,36.585829],[36.141856,36.586139],[36.142115,36.586177],[36.14422,36.587935],[36.144603,36.588434],[36.144837,36.588739],[36.14561,36.589304],[36.146387,36.589611],[36.14739,36.58977],[36.148186,36.589897],[36.148651,36.590362],[36.148922,36.590633],[36.149257,36.590647],[36.149924,36.590674],[36.149985,36.590163],[36.150189,36.590163],[36.150251,36.590408],[36.151068,36.590612],[36.153194,36.591042],[36.154584,36.591553],[36.155422,36.591716],[36.156199,36.592309],[36.156792,36.592779],[36.157221,36.593004],[36.157569,36.592902],[36.15902,36.59374],[36.159163,36.594088],[36.159449,36.594026],[36.160042,36.594251],[36.160103,36.594639],[36.161637,36.595539],[36.161685,36.595559],[36.162168,36.595764],[36.162781,36.595682],[36.162924,36.595539],[36.163517,36.59558],[36.164034,36.595361],[36.164049,36.595355],[36.165051,36.59468],[36.166829,36.59372],[36.168362,36.59327],[36.169711,36.59325],[36.170815,36.593209],[36.170946,36.593161],[36.171265,36.593045],[36.171309,36.593016],[36.171898,36.592616],[36.172447,36.592616],[36.17245,36.592616],[36.172454,36.592614],[36.173002,36.59233],[36.173431,36.591921],[36.173881,36.591614],[36.174106,36.591676],[36.174372,36.591839],[36.174617,36.591982],[36.174944,36.592125],[36.175455,36.592023],[36.175619,36.591492],[36.176089,36.591451],[36.176273,36.591308],[36.1766,36.591308],[36.177847,36.591716],[36.178256,36.591676],[36.178808,36.591757],[36.178992,36.591962],[36.1794,36.592044],[36.179546,36.592178],[36.179932,36.592534],[36.179891,36.593168],[36.1803,36.593291],[36.181003,36.592274],[36.181036,36.592228],[36.181203,36.59229],[36.182957,36.592943],[36.183325,36.592739],[36.183223,36.592514],[36.183263,36.592483],[36.183836,36.592044],[36.184163,36.592105],[36.185806,36.592914],[36.186821,36.593413],[36.186575,36.594027],[36.185962,36.594415],[36.18633,36.595212],[36.188109,36.594783],[36.188481,36.593922],[36.188763,36.59327],[36.189396,36.593168],[36.189499,36.593618],[36.190164,36.595141],[36.190562,36.59605],[36.19142,36.597072],[36.191618,36.597378],[36.191645,36.59742],[36.192198,36.598197],[36.192082,36.59827],[36.191707,36.598504],[36.191953,36.599281],[36.19228,36.599301],[36.192709,36.600732],[36.19327,36.600681],[36.193383,36.600671],[36.194017,36.601161],[36.194869,36.60477],[36.195223,36.606272],[36.195348,36.606431],[36.196388,36.607764],[36.196593,36.608357],[36.196511,36.609195],[36.196777,36.609972],[36.197124,36.611791],[36.197081,36.612642],[36.196981,36.614591],[36.197288,36.614816],[36.197349,36.615327],[36.197284,36.617082],[36.197083,36.617699],[36.197155,36.617816],[36.197308,36.618067],[36.197451,36.618659],[36.19739,36.62054],[36.197308,36.62195],[36.197411,36.622911],[36.19739,36.624444],[36.197251,36.624911],[36.196533,36.627323],[36.196538,36.627621],[36.196598,36.627839],[36.197688,36.631042],[36.197839,36.631272],[36.197991,36.631427],[36.203889,36.634997],[36.206426,36.636343],[36.207652,36.636994],[36.207934,36.637161],[36.208175,36.637325],[36.211052,36.639768],[36.211235,36.63997],[36.211357,36.640191],[36.212707,36.643518],[36.212727,36.643716],[36.212725,36.643965],[36.212425,36.645147],[36.21199,36.646861],[36.21195,36.647128],[36.211906,36.647464],[36.211703,36.651164],[36.212029,36.653745],[36.212108,36.654001],[36.212222,36.654301],[36.21499,36.658708],[36.21497,36.659645],[36.21499,36.660503],[36.21499,36.66083],[36.21497,36.661321],[36.215006,36.66225],[36.21501,36.662816],[36.215022,36.664775],[36.214355,36.667173],[36.212877,36.669506],[36.211417,36.671811],[36.209275,36.675566],[36.207968,36.6791],[36.20203,36.689249],[36.200471,36.692659],[36.198738,36.696074],[36.196723,36.699262],[36.195119,36.701761],[36.195015,36.701983],[36.194911,36.702248],[36.194452,36.703865],[36.19438,36.704205],[36.194384,36.704381],[36.194549,36.705596],[36.194554,36.70562],[36.194586,36.705792],[36.19463,36.705948],[36.195312,36.707593],[36.197043,36.710308],[36.199456,36.713212],[36.200567,36.716643],[36.203395,36.721314],[36.203444,36.723306],[36.2036,36.723271],[36.207069,36.723224],[36.209226,36.723365],[36.210351,36.723458],[36.213005,36.723391],[36.21859,36.724141],[36.222757,36.724641],[36.227592,36.723807],[36.230592,36.723557],[36.23501,36.721724],[36.238177,36.720307],[36.241011,36.719807],[36.244595,36.719057],[36.247846,36.717473],[36.250596,36.715973],[36.25268,36.715472],[36.257848,36.715056],[36.262349,36.715056],[36.268516,36.714389],[36.271934,36.711722],[36.273601,36.709638],[36.275184,36.708054],[36.278018,36.706304],[36.280352,36.705387],[36.281436,36.70447],[36.282853,36.703887],[36.28652,36.70247],[36.288263,36.701813],[36.290654,36.701251],[36.292764,36.700313],[36.29567,36.699563],[36.298202,36.699469],[36.300546,36.699094],[36.302328,36.698532],[36.304766,36.697453],[36.308048,36.697125],[36.31058,36.696609],[36.312549,36.695859],[36.316018,36.694124],[36.317753,36.693374],[36.32005,36.692718],[36.322488,36.691405],[36.324786,36.690139],[36.328021,36.688686],[36.329419,36.688373],[36.333045,36.689311],[36.334795,36.690061],[36.338734,36.690186],[36.340859,36.690561],[36.342672,36.691061],[36.344797,36.692437],[36.347173,36.692437],[36.349611,36.692437],[36.351611,36.692374],[36.353424,36.691686],[36.355425,36.690749],[36.357362,36.689186],[36.358738,36.687998],[36.360363,36.687686],[36.362113,36.687561],[36.364275,36.687282],[36.365788,36.687178],[36.367416,36.687271],[36.368804,36.687511],[36.369803,36.687789],[36.370553,36.688009]]]}},{"type":"Feature","properties":{"id":"TR-D-31-010","parent_id":"TR-P-31","region_id":"TR-R-AKD","level":"district","municipality_type":null,"municipality_type_label":null,"is_metropolitan_municipality":null,"name":"Kırıkhan","name_ascii":"kirikhan","slug":"kirikhan-hatay"},"geometry":{"type":"Polygon","coordinates":[[[36.278401,36.400379],[36.276394,36.401384],[36.271566,36.404828],[36.266666,36.409907],[36.268145,36.410998],[36.269804,36.412598],[36.270426,36.413453],[36.271462,36.414877],[36.271534,36.415013],[36.273223,36.418193],[36.27571,36.423787],[36.277989,36.429278],[36.279737,36.432377],[36.280268,36.433318],[36.280613,36.434035],[36.281279,36.435417],[36.28446,36.439381],[36.28476,36.439773],[36.285733,36.441045],[36.285853,36.441366],[36.286614,36.443395],[36.285733,36.446723],[36.284167,36.449072],[36.280447,36.452597],[36.280441,36.452602],[36.279836,36.453214],[36.279038,36.455178],[36.27795,36.457275],[36.277173,36.459218],[36.277484,36.461627],[36.277853,36.462365],[36.27896,36.464579],[36.281213,36.466833],[36.283,36.469552],[36.283382,36.471269],[36.283467,36.47165],[36.283,36.474136],[36.281524,36.477011],[36.278882,36.48043],[36.277793,36.481594],[36.276629,36.482839],[36.276163,36.483188],[36.275697,36.483538],[36.272977,36.485714],[36.270335,36.487268],[36.26614,36.48921],[36.263731,36.490531],[36.261011,36.492318],[36.258447,36.494338],[36.256427,36.496125],[36.254951,36.499466],[36.254329,36.502963],[36.254174,36.506537],[36.25418,36.506687],[36.254329,36.510422],[36.254542,36.512618],[36.254562,36.512831],[36.25464,36.51454],[36.25464,36.517337],[36.255339,36.519901],[36.256893,36.521999],[36.256966,36.52418],[36.256971,36.52433],[36.257126,36.526972],[36.256358,36.529851],[36.257372,36.530631],[36.260733,36.533229],[36.263942,36.535826],[36.265317,36.538347],[36.266157,36.540868],[36.266997,36.547972],[36.266997,36.552708],[36.267074,36.556757],[36.267609,36.560347],[36.268907,36.564472],[36.269213,36.566153],[36.27181,36.569132],[36.273949,36.570736],[36.278227,36.574785],[36.280518,36.57784],[36.283268,36.581354],[36.286018,36.582653],[36.289227,36.583188],[36.292894,36.584257],[36.295185,36.585938],[36.297324,36.588382],[36.300838,36.591514],[36.302519,36.594646],[36.304428,36.596938],[36.306338,36.599382],[36.309394,36.602743],[36.310922,36.604959],[36.311609,36.60748],[36.311609,36.609084],[36.312449,36.610382],[36.314588,36.611834],[36.316651,36.61382],[36.317491,36.615653],[36.318026,36.617792],[36.318484,36.619396],[36.320165,36.62123],[36.322187,36.622723],[36.322691,36.623273],[36.322508,36.624786],[36.32237,36.62584],[36.322325,36.62694],[36.323745,36.627948],[36.326587,36.629369],[36.328466,36.630882],[36.331125,36.632027],[36.332362,36.63244],[36.332912,36.633723],[36.334058,36.635419],[36.335387,36.637482],[36.336121,36.638352],[36.337083,36.639177],[36.337358,36.640919],[36.338229,36.642203],[36.338733,36.643211],[36.3391,36.644082],[36.339925,36.645044],[36.341116,36.64619],[36.342446,36.647565],[36.344554,36.648894],[36.346617,36.650086],[36.348267,36.65114],[36.349825,36.652103],[36.351045,36.653284],[36.352104,36.654099],[36.353734,36.654343],[36.355119,36.655158],[36.356097,36.65638],[36.35683,36.658336],[36.3574,36.659477],[36.358704,36.660618],[36.36066,36.661921],[36.362534,36.663469],[36.364245,36.665018],[36.365793,36.666403],[36.367667,36.669418],[36.369052,36.669662],[36.372312,36.671618],[36.374919,36.67284],[36.3772,36.675121],[36.378341,36.677158],[36.379889,36.678788],[36.382334,36.681477],[36.382926,36.682295],[36.386879,36.68171],[36.391049,36.680379],[36.39442,36.677273],[36.399655,36.675055],[36.40347,36.673015],[36.406487,36.671595],[36.410036,36.669288],[36.414739,36.666094],[36.41811,36.663876],[36.424942,36.659262],[36.430443,36.655003],[36.436299,36.650567],[36.444107,36.646042],[36.45014,36.6448],[36.453867,36.6448],[36.455553,36.645953],[36.459634,36.649768],[36.463006,36.653317],[36.469216,36.656955],[36.473564,36.658375],[36.481017,36.658907],[36.487139,36.658641],[36.490777,36.657665],[36.495124,36.650656],[36.500093,36.645598],[36.503642,36.644267],[36.504903,36.644378],[36.506847,36.643764],[36.507248,36.644107],[36.507627,36.644412],[36.508016,36.644708],[36.508415,36.644995],[36.508823,36.645268],[36.509243,36.645525],[36.509679,36.645758],[36.510133,36.64596],[36.510623,36.646128],[36.511133,36.646263],[36.511657,36.646376],[36.51219,36.646471],[36.512731,36.646555],[36.513276,36.646631],[36.513866,36.646705],[36.514375,36.646769],[36.520438,36.64748],[36.522329,36.64771],[36.529228,36.648548],[36.530328,36.648675],[36.531429,36.648791],[36.533071,36.648938],[36.535814,36.64915],[36.538301,36.649333],[36.541709,36.651524],[36.542096,36.656005],[36.54419,36.659262],[36.546586,36.664231],[36.54978,36.670087],[36.554039,36.673547],[36.560161,36.676475],[36.565573,36.678782],[36.574046,36.681887],[36.597137,36.683351],[36.610615,36.68262],[36.610965,36.682624],[36.610342,36.682012],[36.609617,36.681712],[36.609041,36.681462],[36.609116,36.680812],[36.608866,36.679837],[36.608816,36.679387],[36.608966,36.678286],[36.608953,36.678217],[36.608891,36.677886],[36.608014,36.677196],[36.607716,36.676961],[36.606115,36.677511],[36.60539,36.677586],[36.603065,36.676786],[36.602689,36.676561],[36.601289,36.673785],[36.599638,36.67241],[36.597963,36.672184],[36.595737,36.670934],[36.593837,36.671134],[36.593336,36.670759],[36.592736,36.670084],[36.591761,36.669234],[36.591086,36.669083],[36.590186,36.669134],[36.58946,36.669034],[36.589135,36.668758],[36.58891,36.667858],[36.589085,36.667308],[36.58816,36.664132],[36.58826,36.662431],[36.58819,36.662343],[36.58796,36.662056],[36.58781,36.662102],[36.586334,36.662557],[36.584959,36.662482],[36.584159,36.662131],[36.582858,36.660906],[36.581858,36.660281],[36.580608,36.659706],[36.579532,36.659355],[36.578381,36.659127],[36.577732,36.659005],[36.577257,36.659055],[36.576056,36.660031],[36.574631,36.659806],[36.574055,36.65953],[36.573474,36.659112],[36.573426,36.658177],[36.573714,36.655851],[36.574074,36.653117],[36.574937,36.647338],[36.575441,36.643021],[36.576737,36.634111],[36.576808,36.633621],[36.576829,36.633255],[36.576928,36.631534],[36.577277,36.629023],[36.577311,36.628776],[36.577331,36.628512],[36.577527,36.625899],[36.577602,36.625676],[36.577863,36.624891],[36.577719,36.621774],[36.577727,36.620717],[36.577743,36.618656],[36.578031,36.61669],[36.578918,36.608225],[36.580753,36.605404],[36.581148,36.604796],[36.583211,36.601942],[36.58431,36.59923],[36.586856,36.592949],[36.588847,36.589328],[36.590208,36.587153],[36.590453,36.586762],[36.590669,36.585899],[36.590693,36.585203],[36.590457,36.584911],[36.590094,36.58446],[36.588774,36.582445],[36.588367,36.580359],[36.5876,36.577457],[36.586305,36.574555],[36.584698,36.570719],[36.584146,36.569184],[36.583667,36.56669],[36.583283,36.56362],[36.582827,36.561126],[36.582635,36.55928],[36.582228,36.556018],[36.581101,36.552445],[36.579494,36.547625],[36.577288,36.541342],[36.576784,36.539112],[36.576687,36.538141],[36.576592,36.537193],[36.5763,36.535703],[36.576305,36.534819],[36.575887,36.533603],[36.574986,36.529016],[36.573567,36.528167],[36.569734,36.525874],[36.56923,36.525323],[36.568583,36.523141],[36.56794,36.521891],[36.56772,36.521462],[36.566928,36.520814],[36.566614,36.520591],[36.565345,36.519687],[36.563811,36.518176],[36.561365,36.51621],[36.560083,36.51505],[36.558079,36.513236],[36.554842,36.511414],[36.553955,36.510863],[36.552755,36.510119],[36.549974,36.507793],[36.548103,36.50585],[36.547088,36.504811],[36.545514,36.5032],[36.544002,36.501654],[36.544702,36.501416],[36.546616,36.500766],[36.546496,36.500023],[36.545321,36.499903],[36.545201,36.499208],[36.545442,36.497765],[36.545513,36.497337],[36.545671,36.497372],[36.548367,36.497961],[36.547911,36.496905],[36.547695,36.495587],[36.54772,36.495011],[36.548199,36.49422],[36.548751,36.492445],[36.548774,36.491796],[36.548775,36.491774],[36.549182,36.489783],[36.547672,36.488944],[36.543019,36.486186],[36.545393,36.48103],[36.54724,36.480982],[36.549374,36.48079],[36.550396,36.480479],[36.552386,36.478293],[36.552505,36.478182],[36.553854,36.476923],[36.555224,36.47402],[36.554832,36.472519],[36.553593,36.469453],[36.553255,36.468483],[36.553071,36.467952],[36.553462,36.467398],[36.55438,36.466567],[36.554234,36.466447],[36.551679,36.463781],[36.544686,36.461082],[36.540391,36.460642],[36.534664,36.458935],[36.528607,36.456622],[36.527671,36.456292],[36.520678,36.456787],[36.515777,36.456677],[36.513134,36.456145],[36.510096,36.454743],[36.508362,36.453943],[36.503663,36.449537],[36.499258,36.444104],[36.493531,36.436542],[36.489273,36.430596],[36.486997,36.426631],[36.486399,36.42583],[36.48423,36.422406],[36.477392,36.415257],[36.471176,36.40873],[36.465582,36.403136],[36.461852,36.400546],[36.458848,36.399717],[36.450664,36.39951],[36.443722,36.39951],[36.441029,36.399096],[36.433362,36.397024],[36.418444,36.392465],[36.407981,36.390186],[36.402075,36.388528],[36.39213,36.385317],[36.37545,36.379619],[36.370376,36.377894],[36.361109,36.377025],[36.346132,36.378395],[36.319799,36.386716],[36.303451,36.389848],[36.278401,36.400379]]]}},{"type":"Feature","properties":{"id":"TR-D-31-011","parent_id":"TR-P-31","region_id":"TR-R-AKD","level":"district","municipality_type":null,"municipality_type_label":null,"is_metropolitan_municipality":null,"name":"Kumlu","name_ascii":"kumlu","slug":"kumlu-hatay"},"geometry":{"type":"Polygon","coordinates":[[[36.55438,36.466567],[36.554832,36.466158],[36.558323,36.464919],[36.559006,36.464691],[36.561552,36.463842],[36.561096,36.462947],[36.560606,36.461983],[36.560345,36.461265],[36.559399,36.460385],[36.557708,36.458868],[36.559118,36.457419],[36.55808,36.456264],[36.556984,36.454658],[36.558844,36.45366],[36.555281,36.452348],[36.555633,36.451976],[36.557471,36.450884],[36.557513,36.45086],[36.557128,36.450342],[36.556553,36.449568],[36.555457,36.447903],[36.555144,36.446337],[36.55483,36.443361],[36.555144,36.443008],[36.555877,36.442653],[36.556397,36.442402],[36.557376,36.441716],[36.558407,36.440395],[36.559118,36.439484],[36.56139,36.438779],[36.563153,36.43935],[36.563445,36.439445],[36.564855,36.440169],[36.565364,36.438544],[36.565854,36.438074],[36.56601,36.437428],[36.56586,36.436845],[36.565834,36.436743],[36.565227,36.435059],[36.564072,36.431496],[36.563935,36.43083],[36.563994,36.42944],[36.563641,36.426699],[36.564092,36.425602],[36.564424,36.424134],[36.564904,36.422528],[36.565246,36.421383],[36.565834,36.419415],[36.565697,36.418808],[36.566989,36.4192],[36.567747,36.4192],[36.569476,36.4192],[36.571434,36.419454],[36.571784,36.418725],[36.571904,36.418476],[36.572569,36.417379],[36.572961,36.417124],[36.574136,36.416772],[36.574779,36.416483],[36.574919,36.41642],[36.575284,36.415861],[36.576466,36.414051],[36.577641,36.412112],[36.579109,36.40894],[36.579285,36.408372],[36.57954,36.407119],[36.580591,36.407307],[36.580636,36.407315],[36.580767,36.406928],[36.581774,36.403929],[36.582225,36.402834],[36.582435,36.402324],[36.582769,36.4012],[36.58285,36.400926],[36.582901,36.400803],[36.583738,36.398774],[36.584512,36.396281],[36.584833,36.395488],[36.585183,36.394387],[36.585475,36.393468],[36.586155,36.391749],[36.587667,36.392009],[36.592537,36.392845],[36.594901,36.39258],[36.595747,36.392486],[36.598806,36.392448],[36.600374,36.392713],[36.600451,36.392734],[36.602658,36.393355],[36.60617,36.394015],[36.607492,36.394374],[36.607568,36.394223],[36.607341,36.393638],[36.606152,36.392278],[36.606063,36.392005],[36.604886,36.38837],[36.60517,36.384952],[36.605057,36.3838],[36.604811,36.382856],[36.605151,36.381723],[36.605887,36.379854],[36.605996,36.378847],[36.60602,36.378626],[36.605892,36.378363],[36.605699,36.377965],[36.605682,36.377648],[36.605661,36.377248],[36.605302,36.376096],[36.604754,36.375624],[36.604448,36.375499],[36.603319,36.375039],[36.60281,36.374283],[36.602658,36.373938],[36.602338,36.373207],[36.601998,36.373094],[36.600638,36.37298],[36.599133,36.372854],[36.596634,36.372644],[36.597185,36.37166],[36.59781,36.371135],[36.598916,36.370205],[36.599014,36.369721],[36.599222,36.368694],[36.601315,36.367963],[36.601647,36.367808],[36.602574,36.367373],[36.603731,36.36661],[36.604776,36.366232],[36.606035,36.36517],[36.60614,36.365074],[36.606418,36.364818],[36.607262,36.364272],[36.608367,36.363744],[36.608449,36.3637],[36.611238,36.362214],[36.612033,36.361971],[36.618032,36.358209],[36.618661,36.357265],[36.617663,36.356539],[36.612328,36.352663],[36.608002,36.35105],[36.60635,36.350342],[36.603439,36.34987],[36.59986,36.349713],[36.598955,36.349477],[36.59927,36.349044],[36.599545,36.3481],[36.599598,36.347714],[36.600125,36.34383],[36.600293,36.342594],[36.600484,36.342342],[36.600922,36.341767],[36.601826,36.339407],[36.602259,36.337952],[36.60277,36.335592],[36.602792,36.333485],[36.60281,36.331698],[36.603476,36.331369],[36.60385,36.330725],[36.604478,36.329641],[36.605407,36.327765],[36.605524,36.327529],[36.605826,36.326474],[36.593975,36.327741],[36.589916,36.328],[36.585942,36.327396],[36.581883,36.325323],[36.578774,36.322904],[36.573591,36.319104],[36.566336,36.316081],[36.561672,36.315649],[36.552344,36.315908],[36.546019,36.315955],[36.539513,36.315403],[36.533207,36.317752],[36.529975,36.31905],[36.529,36.319442],[36.528911,36.319708],[36.528793,36.320107],[36.528688,36.320508],[36.528593,36.320932],[36.528435,36.321785],[36.52822,36.323067],[36.52814,36.323492],[36.528047,36.323913],[36.527937,36.32433],[36.527802,36.32474],[36.527635,36.325145],[36.527441,36.325541],[36.527225,36.325931],[36.526991,36.326315],[36.526739,36.326693],[36.52647,36.327062],[36.526182,36.327423],[36.525866,36.32778],[36.525532,36.328128],[36.525186,36.328469],[36.524469,36.329138],[36.523732,36.329794],[36.522981,36.33044],[36.522211,36.33107],[36.521815,36.331376],[36.521416,36.33167],[36.520598,36.33224],[36.518924,36.333346],[36.515755,36.335398],[36.507955,36.34045],[36.506202,36.341564],[36.504879,36.342393],[36.503549,36.343215],[36.501811,36.34427],[36.500967,36.344803],[36.50056,36.345078],[36.500168,36.345363],[36.499798,36.345662],[36.499457,36.345979],[36.499146,36.346327],[36.498866,36.346695],[36.498608,36.347077],[36.498367,36.34747],[36.497913,36.348274],[36.49727,36.349504],[36.494526,36.354862],[36.491787,36.360134],[36.491567,36.360559],[36.48881,36.360316],[36.484214,36.360053],[36.481975,36.360082],[36.474876,36.360623],[36.469196,36.361908],[36.463111,36.36326],[36.461083,36.364207],[36.460542,36.364274],[36.459257,36.364071],[36.456756,36.363125],[36.455471,36.362651],[36.455065,36.361637],[36.454727,36.360758],[36.452631,36.359812],[36.451144,36.358865],[36.449656,36.357851],[36.449453,36.356769],[36.448913,36.354538],[36.443842,36.353929],[36.438027,36.354741],[36.430319,36.35589],[36.423084,36.356904],[36.41612,36.357919],[36.407466,36.357107],[36.382584,36.355011],[36.3742,36.353253],[36.357992,36.351741],[36.348216,36.350298],[36.342306,36.345891],[36.335312,36.347103],[36.330454,36.349581],[36.324903,36.352753],[36.320839,36.357908],[36.314197,36.365045],[36.309835,36.369506],[36.304582,36.374066],[36.300418,36.377139],[36.2911,36.380708],[36.283963,36.385466],[36.279601,36.390026],[36.276925,36.393496],[36.276924,36.395875],[36.278401,36.400379],[36.303451,36.389848],[36.319799,36.386716],[36.346132,36.378395],[36.361109,36.377025],[36.370376,36.377894],[36.37545,36.379619],[36.39213,36.385317],[36.402075,36.388528],[36.407981,36.390186],[36.418444,36.392465],[36.433362,36.397024],[36.441029,36.399096],[36.443722,36.39951],[36.450664,36.39951],[36.458848,36.399717],[36.461852,36.400546],[36.465582,36.403136],[36.471176,36.40873],[36.477392,36.415257],[36.48423,36.422406],[36.486399,36.42583],[36.486997,36.426631],[36.489273,36.430596],[36.493531,36.436542],[36.499258,36.444104],[36.503663,36.449537],[36.508362,36.453943],[36.510096,36.454743],[36.513134,36.456145],[36.515777,36.456677],[36.520678,36.456787],[36.527671,36.456292],[36.528607,36.456622],[36.534664,36.458935],[36.540391,36.460642],[36.544686,36.461082],[36.551679,36.463781],[36.554234,36.466447],[36.55438,36.466567]]]}},{"type":"Feature","properties":{"id":"TR-D-31-012","parent_id":"TR-P-31","region_id":"TR-R-AKD","level":"district","municipality_type":null,"municipality_type_label":null,"is_metropolitan_municipality":null,"name":"Payas","name_ascii":"payas","slug":"payas-hatay"},"geometry":{"type":"Polygon","coordinates":[[[36.203444,36.723306],[36.203454,36.723727],[36.204009,36.731165],[36.202134,36.734469],[36.199537,36.737262],[36.194518,36.744139],[36.19446,36.751562],[36.195142,36.755221],[36.197251,36.758427],[36.200918,36.760761],[36.201323,36.761058],[36.203145,36.762393],[36.204327,36.76326],[36.205989,36.767011],[36.205967,36.767763],[36.205701,36.776835],[36.205649,36.778595],[36.205127,36.778738],[36.203197,36.779269],[36.203483,36.780128],[36.204527,36.780704],[36.204668,36.780782],[36.205118,36.781232],[36.204975,36.782336],[36.204566,36.783807],[36.202675,36.786844],[36.200621,36.790144],[36.195429,36.796338],[36.191228,36.801023],[36.192652,36.801623],[36.193702,36.801722],[36.198185,36.802147],[36.201156,36.802666],[36.20497,36.803333],[36.21819,36.803329],[36.22487,36.803149],[36.229193,36.803593],[36.231903,36.803872],[36.23642,36.804449],[36.241248,36.804071],[36.245653,36.802207],[36.250227,36.799741],[36.251122,36.799019],[36.252779,36.797679],[36.25332,36.797362],[36.254998,36.796379],[36.257038,36.795647],[36.257624,36.795437],[36.263045,36.794423],[36.266605,36.794144],[36.269028,36.793987],[36.270171,36.793913],[36.271012,36.793773],[36.272977,36.793447],[36.275686,36.793185],[36.277314,36.793247],[36.278624,36.793296],[36.280275,36.793567],[36.281048,36.793693],[36.284674,36.793457],[36.286822,36.793092],[36.288474,36.792488],[36.289213,36.792218],[36.291151,36.791791],[36.293589,36.791138],[36.29683,36.790736],[36.298676,36.790658],[36.299496,36.790623],[36.302264,36.790846],[36.304131,36.791172],[36.306123,36.791521],[36.306949,36.791734],[36.30889,36.792233],[36.311699,36.793057],[36.312141,36.793204],[36.313537,36.793875],[36.315557,36.79445],[36.31698,36.794592],[36.318023,36.794696],[36.319562,36.794329],[36.320933,36.793584],[36.321328,36.793484],[36.322056,36.7933],[36.3227,36.793232],[36.32398,36.793098],[36.325105,36.793119],[36.325995,36.793135],[36.328793,36.7936],[36.333383,36.793285],[36.337316,36.793072],[36.340062,36.792609],[36.341956,36.792165],[36.343798,36.791284],[36.345723,36.790593],[36.347237,36.790261],[36.349223,36.789826],[36.351283,36.789327],[36.352239,36.789096],[36.352921,36.788817],[36.353573,36.78855],[36.35498,36.787605],[36.356803,36.786579],[36.358819,36.785905],[36.359494,36.785679],[36.362106,36.785129],[36.364272,36.784908],[36.365037,36.784868],[36.366027,36.784818],[36.367753,36.784865],[36.369789,36.785204],[36.371574,36.785846],[36.372412,36.786223],[36.374539,36.787178],[36.376195,36.788761],[36.377267,36.790047],[36.378423,36.791523],[36.379213,36.791669],[36.380072,36.791827],[36.379603,36.790754],[36.379692,36.788625],[36.379603,36.785608],[36.380845,36.780107],[36.380668,36.775138],[36.380845,36.770613],[36.38049,36.765556],[36.379603,36.763338],[36.37845,36.762273],[36.376941,36.760765],[36.375877,36.758103],[36.375433,36.754909],[36.374457,36.750916],[36.373836,36.747722],[36.37286,36.742487],[36.372239,36.739116],[36.372328,36.736365],[36.372949,36.730509],[36.373126,36.725274],[36.373215,36.719773],[36.372594,36.715692],[36.371085,36.712675],[36.369577,36.708505],[36.368956,36.705133],[36.369488,36.703093],[36.371174,36.700165],[36.372594,36.697947],[36.373304,36.696527],[36.373304,36.694486],[36.372771,36.692534],[36.37215,36.690227],[36.370553,36.688009],[36.369803,36.687789],[36.368804,36.687511],[36.367416,36.687271],[36.365788,36.687178],[36.364275,36.687282],[36.362113,36.687561],[36.360363,36.687686],[36.358738,36.687998],[36.357362,36.689186],[36.355425,36.690749],[36.353424,36.691686],[36.351611,36.692374],[36.349611,36.692437],[36.347173,36.692437],[36.344797,36.692437],[36.342672,36.691061],[36.340859,36.690561],[36.338734,36.690186],[36.334795,36.690061],[36.333045,36.689311],[36.329419,36.688373],[36.328021,36.688686],[36.324786,36.690139],[36.322488,36.691405],[36.32005,36.692718],[36.317753,36.693374],[36.316018,36.694124],[36.312549,36.695859],[36.31058,36.696609],[36.308048,36.697125],[36.304766,36.697453],[36.302328,36.698532],[36.300546,36.699094],[36.298202,36.699469],[36.29567,36.699563],[36.292764,36.700313],[36.290654,36.701251],[36.288263,36.701813],[36.28652,36.70247],[36.282853,36.703887],[36.281436,36.70447],[36.280352,36.705387],[36.278018,36.706304],[36.275184,36.708054],[36.273601,36.709638],[36.271934,36.711722],[36.268516,36.714389],[36.262349,36.715056],[36.257848,36.715056],[36.25268,36.715472],[36.250596,36.715973],[36.247846,36.717473],[36.244595,36.719057],[36.241011,36.719807],[36.238177,36.720307],[36.23501,36.721724],[36.230592,36.723557],[36.227592,36.723807],[36.222757,36.724641],[36.21859,36.724141],[36.213005,36.723391],[36.210351,36.723458],[36.209226,36.723365],[36.207069,36.723224],[36.2036,36.723271],[36.203444,36.723306]]]}},{"type":"Feature","properties":{"id":"TR-D-31-013","parent_id":"TR-P-31","region_id":"TR-R-AKD","level":"district","municipality_type":null,"municipality_type_label":null,"is_metropolitan_municipality":null,"name":"Reyhanlı","name_ascii":"reyhanli","slug":"reyhanli-hatay"},"geometry":{"type":"Polygon","coordinates":[[[36.605826,36.326474],[36.605955,36.326025],[36.607146,36.325496],[36.607234,36.325805],[36.607256,36.326136],[36.607057,36.326841],[36.606638,36.327657],[36.606466,36.32789],[36.606264,36.328164],[36.605183,36.32984],[36.605029,36.330479],[36.605051,36.331251],[36.605183,36.331669],[36.605514,36.33189],[36.605533,36.331891],[36.606286,36.331912],[36.606771,36.332221],[36.606969,36.332441],[36.607432,36.332551],[36.608005,36.332463],[36.608777,36.332221],[36.60924,36.332463],[36.609659,36.332948],[36.609681,36.333301],[36.609086,36.334602],[36.60902,36.335219],[36.609113,36.335661],[36.609174,36.335947],[36.609813,36.33652],[36.610321,36.336696],[36.611136,36.336608],[36.611472,36.336627],[36.611908,36.336652],[36.612778,36.336859],[36.612834,36.336873],[36.613187,36.337622],[36.613341,36.338063],[36.61387,36.338218],[36.614598,36.338152],[36.615149,36.337843],[36.615435,36.337512],[36.615435,36.337203],[36.614973,36.336785],[36.614554,36.33652],[36.614549,36.336486],[36.614532,36.336344],[36.614708,36.336035],[36.61551,36.33592],[36.615788,36.335881],[36.616979,36.335021],[36.617728,36.334977],[36.619007,36.335087],[36.620352,36.335418],[36.622998,36.336873],[36.623615,36.337446],[36.623902,36.338306],[36.624122,36.338592],[36.624739,36.33857],[36.625732,36.338019],[36.626547,36.337645],[36.627231,36.3376],[36.627715,36.3381],[36.627892,36.338284],[36.627958,36.338659],[36.627584,36.339739],[36.627496,36.3404],[36.627429,36.341018],[36.627033,36.341767],[36.626589,36.342601],[36.626481,36.342804],[36.626371,36.343796],[36.626746,36.344193],[36.627253,36.344325],[36.628513,36.344439],[36.628951,36.344479],[36.629987,36.344744],[36.630485,36.344783],[36.630825,36.34481],[36.631552,36.344744],[36.631786,36.344638],[36.63508,36.343156],[36.637174,36.342274],[36.637858,36.341415],[36.638894,36.339849],[36.640415,36.337975],[36.642289,36.335837],[36.644362,36.33663],[36.645861,36.337137],[36.649521,36.338262],[36.652078,36.338874],[36.656565,36.338878],[36.657568,36.338879],[36.657634,36.338242],[36.658075,36.333963],[36.658627,36.333301],[36.659531,36.332662],[36.660324,36.331868],[36.661603,36.330898],[36.665307,36.327194],[36.665553,36.326872],[36.66588,36.326444],[36.665494,36.32594],[36.664006,36.323997],[36.662265,36.323821],[36.662198,36.322961],[36.662044,36.321572],[36.661842,36.320136],[36.661824,36.320007],[36.661127,36.319486],[36.658076,36.317207],[36.657524,36.316722],[36.657613,36.315487],[36.657657,36.314892],[36.657712,36.31446],[36.657965,36.312466],[36.659156,36.312841],[36.658869,36.311342],[36.657178,36.311439],[36.655618,36.311529],[36.653754,36.311585],[36.65565,36.309733],[36.656334,36.306932],[36.654614,36.306624],[36.654724,36.303317],[36.655298,36.299965],[36.655915,36.298202],[36.658825,36.298158],[36.661339,36.29807],[36.664359,36.298356],[36.669849,36.298819],[36.672627,36.298885],[36.672495,36.298312],[36.678403,36.297937],[36.68149,36.297695],[36.683651,36.296636],[36.683386,36.29549],[36.683342,36.294895],[36.686738,36.2956],[36.687597,36.295556],[36.689714,36.295049],[36.691059,36.295865],[36.691323,36.295978],[36.692448,36.29646],[36.695623,36.296218],[36.695236,36.294768],[36.695094,36.294233],[36.695667,36.291654],[36.695931,36.288501],[36.695446,36.288523],[36.694057,36.288258],[36.692095,36.288016],[36.691875,36.287399],[36.690265,36.28515],[36.689295,36.284554],[36.68709,36.28354],[36.686848,36.282923],[36.686627,36.281909],[36.686341,36.28171],[36.683982,36.282614],[36.683673,36.279947],[36.683298,36.278712],[36.680123,36.275096],[36.680067,36.271269],[36.683526,36.267872],[36.68819,36.264937],[36.690846,36.260922],[36.693873,36.257587],[36.696584,36.254362],[36.697456,36.253324],[36.697888,36.2511],[36.697667,36.25068],[36.696653,36.248753],[36.695804,36.245065],[36.695588,36.244124],[36.695448,36.243224],[36.690475,36.240475],[36.68963,36.240412],[36.686368,36.240167],[36.681086,36.238777],[36.681223,36.23806],[36.68122,36.237333],[36.68121,36.234536],[36.681171,36.233904],[36.681068,36.233116],[36.680655,36.233134],[36.680187,36.233166],[36.679679,36.233189],[36.679012,36.233213],[36.678345,36.233166],[36.677624,36.233114],[36.676663,36.233086],[36.67562,36.233343],[36.674571,36.233841],[36.674073,36.234706],[36.673916,36.235257],[36.673654,36.235729],[36.672658,36.236017],[36.670115,36.235676],[36.669433,36.235676],[36.668752,36.235781],[36.668437,36.235991],[36.668279,36.236048],[36.667493,36.236332],[36.666209,36.236148],[36.664243,36.235781],[36.664164,36.235231],[36.664269,36.234785],[36.664557,36.234077],[36.665031,36.233283],[36.66537,36.232714],[36.665432,36.232577],[36.665737,36.231902],[36.666681,36.229936],[36.666798,36.229519],[36.666917,36.229097],[36.655855,36.229123],[36.655022,36.229674],[36.65188,36.231751],[36.648934,36.233553],[36.645002,36.234209],[36.641437,36.235729],[36.638711,36.236882],[36.635801,36.237957],[36.633521,36.238691],[36.631659,36.239189],[36.630165,36.239582],[36.625525,36.239346],[36.623821,36.238822],[36.620859,36.237407],[36.61989,36.236751],[36.621436,36.236909],[36.623514,36.236975],[36.6239,36.236987],[36.623648,36.23622],[36.623271,36.235074],[36.623874,36.234314],[36.624676,36.233838],[36.624713,36.233816],[36.626836,36.233606],[36.628828,36.233317],[36.628593,36.23219],[36.627806,36.232321],[36.626836,36.232688],[36.625734,36.230897],[36.625578,36.230644],[36.624844,36.229097],[36.624582,36.228101],[36.624346,36.227105],[36.624451,36.226135],[36.625054,36.224929],[36.625473,36.224719],[36.627177,36.224588],[36.626417,36.221338],[36.624477,36.218166],[36.623376,36.215151],[36.619287,36.215571],[36.617353,36.21573],[36.61483,36.215938],[36.613516,36.216664],[36.611082,36.218009],[36.608487,36.219346],[36.604927,36.219714],[36.602916,36.219871],[36.601252,36.220001],[36.601552,36.221297],[36.601671,36.22181],[36.599291,36.222993],[36.597847,36.223712],[36.596717,36.224274],[36.594914,36.225065],[36.593636,36.225625],[36.590085,36.227184],[36.58458,36.226397],[36.582063,36.226974],[36.57724,36.232951],[36.574068,36.232715],[36.573669,36.232914],[36.573122,36.233186],[36.57288,36.233333],[36.571394,36.234235],[36.569397,36.234903],[36.564574,36.236515],[36.56277,36.237119],[36.559624,36.234104],[36.560725,36.230565],[36.557265,36.227393],[36.553214,36.224295],[36.552809,36.223986],[36.55142,36.225102],[36.550135,36.226135],[36.546884,36.229936],[36.545338,36.231483],[36.543068,36.233727],[36.543005,36.23379],[36.542893,36.233929],[36.54075,36.236594],[36.540083,36.237453],[36.539099,36.238718],[36.537211,36.241051],[36.536576,36.241845],[36.534485,36.244459],[36.533035,36.244031],[36.528535,36.242702],[36.526045,36.241942],[36.523685,36.242991],[36.516791,36.242729],[36.511601,36.242466],[36.507302,36.240002],[36.503655,36.241489],[36.502478,36.241968],[36.50122,36.242335],[36.5024,36.238796],[36.502292,36.238037],[36.50198,36.237197],[36.501456,36.236123],[36.501142,36.233554],[36.501194,36.231588],[36.500938,36.231036],[36.500853,36.230854],[36.500734,36.230747],[36.500093,36.230172],[36.500189,36.230091],[36.501115,36.229307],[36.500775,36.228573],[36.500906,36.228285],[36.502714,36.227027],[36.503317,36.225978],[36.501587,36.224589],[36.499962,36.223566],[36.495294,36.225444],[36.492858,36.226424],[36.492045,36.229464],[36.491731,36.229779],[36.491259,36.229936],[36.487091,36.231352],[36.48405,36.23261],[36.483605,36.232584],[36.486698,36.226948],[36.486934,36.226135],[36.486855,36.225454],[36.486724,36.225139],[36.485361,36.224117],[36.484758,36.223304],[36.485256,36.220604],[36.485545,36.220132],[36.487039,36.219241],[36.487871,36.218949],[36.488009,36.2189],[36.487904,36.218481],[36.487012,36.218245],[36.486095,36.217773],[36.485453,36.217492],[36.485256,36.217406],[36.484243,36.216935],[36.484129,36.216882],[36.482929,36.216325],[36.480623,36.215501],[36.477622,36.2143],[36.476918,36.214019],[36.476734,36.213769],[36.475845,36.212557],[36.475518,36.211631],[36.473294,36.210066],[36.472668,36.209014],[36.472142,36.208131],[36.472471,36.206649],[36.472899,36.205818],[36.473912,36.203849],[36.474036,36.201378],[36.473313,36.201334],[36.47,36.201131],[36.470247,36.200143],[36.470206,36.19899],[36.469651,36.198362],[36.469259,36.19792],[36.467695,36.197343],[36.465307,36.196931],[36.465307,36.197092],[36.465307,36.197631],[36.464977,36.198249],[36.46296,36.198373],[36.460291,36.199212],[36.460078,36.199279],[36.459364,36.199855],[36.456001,36.202572],[36.455631,36.203231],[36.455836,36.205208],[36.456619,36.207596],[36.450649,36.206649],[36.446531,36.20599],[36.441311,36.206421],[36.437655,36.206023],[36.437377,36.205992],[36.437106,36.206028],[36.432277,36.206652],[36.431998,36.206688],[36.426807,36.208294],[36.42543,36.209107],[36.418832,36.213004],[36.409359,36.217848],[36.40406,36.220711],[36.401898,36.221789],[36.396415,36.224522],[36.394796,36.224533],[36.389556,36.219025],[36.389368,36.218356],[36.388137,36.218008],[36.384339,36.217838],[36.384344,36.217956],[36.384516,36.218214],[36.384775,36.218475],[36.384935,36.218608],[36.385095,36.21874],[36.385459,36.219007],[36.385656,36.219141],[36.385853,36.219276],[36.386268,36.219545],[36.387132,36.220088],[36.387742,36.220465],[36.388027,36.220641],[36.387334,36.221136],[36.386446,36.22118],[36.385517,36.221119],[36.383969,36.220623],[36.382358,36.219508],[36.380624,36.218393],[36.379819,36.218207],[36.379138,36.218331],[36.378394,36.219013],[36.377589,36.219632],[36.377094,36.220189],[36.376908,36.220871],[36.376536,36.221552],[36.376165,36.221614],[36.375731,36.22118],[36.375359,36.220437],[36.37474,36.220189],[36.373749,36.220375],[36.373006,36.220623],[36.372139,36.221304],[36.371581,36.222357],[36.371643,36.223534],[36.372139,36.224463],[36.372882,36.225268],[36.373749,36.226012],[36.375421,36.226755],[36.377094,36.227065],[36.378456,36.227065],[36.3792,36.227374],[36.379447,36.227746],[36.379447,36.228179],[36.378704,36.228675],[36.377837,36.22917],[36.376784,36.229728],[36.375236,36.230161],[36.373192,36.230223],[36.371086,36.229604],[36.369475,36.228799],[36.368422,36.228675],[36.367989,36.22917],[36.368051,36.229976],[36.36867,36.230967],[36.369661,36.232143],[36.370776,36.233754],[36.371457,36.234311],[36.372696,36.235054],[36.37474,36.236169],[36.375421,36.236975],[36.377341,36.240629],[36.379509,36.244469],[36.380624,36.247628],[36.382173,36.254131],[36.382668,36.257476],[36.38262,36.262626],[36.381305,36.268377],[36.379568,36.270164],[36.376443,36.27365],[36.375241,36.276054],[36.372716,36.282545],[36.371154,36.284108],[36.367908,36.285791],[36.365625,36.291801],[36.360456,36.302739],[36.355287,36.313917],[36.350479,36.321851],[36.343147,36.33339],[36.340983,36.341203],[36.342306,36.345891],[36.348216,36.350298],[36.357992,36.351741],[36.3742,36.353253],[36.382584,36.355011],[36.407466,36.357107],[36.41612,36.357919],[36.423084,36.356904],[36.430319,36.35589],[36.438027,36.354741],[36.443842,36.353929],[36.448913,36.354538],[36.449453,36.356769],[36.449656,36.357851],[36.451144,36.358865],[36.452631,36.359812],[36.454727,36.360758],[36.455065,36.361637],[36.455471,36.362651],[36.456756,36.363125],[36.459257,36.364071],[36.460542,36.364274],[36.461083,36.364207],[36.463111,36.36326],[36.469196,36.361908],[36.474876,36.360623],[36.481975,36.360082],[36.484214,36.360053],[36.48881,36.360316],[36.491567,36.360559],[36.491787,36.360134],[36.494526,36.354862],[36.49727,36.349504],[36.497913,36.348274],[36.498367,36.34747],[36.498608,36.347077],[36.498866,36.346695],[36.499146,36.346327],[36.499457,36.345979],[36.499798,36.345662],[36.500168,36.345363],[36.50056,36.345078],[36.500967,36.344803],[36.501811,36.34427],[36.503549,36.343215],[36.504879,36.342393],[36.506202,36.341564],[36.507955,36.34045],[36.515755,36.335398],[36.518924,36.333346],[36.520598,36.33224],[36.521416,36.33167],[36.521815,36.331376],[36.522211,36.33107],[36.522981,36.33044],[36.523732,36.329794],[36.524469,36.329138],[36.525186,36.328469],[36.525532,36.328128],[36.525866,36.32778],[36.526182,36.327423],[36.52647,36.327062],[36.526739,36.326693],[36.526991,36.326315],[36.527225,36.325931],[36.527441,36.325541],[36.527635,36.325145],[36.527802,36.32474],[36.527937,36.32433],[36.528047,36.323913],[36.52814,36.323492],[36.52822,36.323067],[36.528435,36.321785],[36.528593,36.320932],[36.528688,36.320508],[36.528793,36.320107],[36.528911,36.319708],[36.529,36.319442],[36.529975,36.31905],[36.533207,36.317752],[36.539513,36.315403],[36.546019,36.315955],[36.552344,36.315908],[36.561672,36.315649],[36.566336,36.316081],[36.573591,36.319104],[36.578774,36.322904],[36.581883,36.325323],[36.585942,36.327396],[36.589916,36.328],[36.593975,36.327741],[36.605826,36.326474]]]}},{"type":"Feature","properties":{"id":"TR-D-31-014","parent_id":"TR-P-31","region_id":"TR-R-AKD","level":"district","municipality_type":null,"municipality_type_label":null,"is_metropolitan_municipality":null,"name":"Samandağ","name_ascii":"samandag","slug":"samandag-hatay"},"geometry":{"type":"Polygon","coordinates":[[[35.980435,36.008679],[35.980481,36.010991],[35.980489,36.012446],[35.980208,36.013568],[35.979236,36.01685],[35.978755,36.01848],[35.978784,36.019705],[35.978829,36.021628],[35.978836,36.022702],[35.976656,36.026937],[35.975561,36.029349],[35.97499,36.030619],[35.974149,36.032079],[35.97279,36.034536],[35.971765,36.036061],[35.970197,36.038284],[35.968206,36.041356],[35.96564,36.046274],[35.96396,36.049124],[35.961293,36.054171],[35.960323,36.05625],[35.958357,36.059868],[35.956689,36.063429],[35.954733,36.068268],[35.954088,36.070089],[35.953564,36.071501],[35.952262,36.074675],[35.950365,36.076976],[35.949453,36.078496],[35.948084,36.079941],[35.946868,36.080929],[35.944961,36.082582],[35.944587,36.082905],[35.94227,36.085586],[35.941058,36.086769],[35.940756,36.087118],[35.936263,36.091719],[35.936153,36.091863],[35.93606,36.091982],[35.934106,36.095371],[35.932122,36.098798],[35.928932,36.104274],[35.926044,36.109273],[35.922511,36.115335],[35.922226,36.11581],[35.921121,36.118694],[35.919642,36.122955],[35.917608,36.128813],[35.916684,36.131954],[35.914273,36.134574],[35.914157,36.13473],[35.914097,36.134905],[35.913426,36.138179],[35.913379,36.138364],[35.913254,36.138551],[35.911093,36.141441],[35.908426,36.14398],[35.908285,36.144141],[35.908151,36.144382],[35.906638,36.148258],[35.904903,36.151785],[35.901231,36.157104],[35.89965,36.15963],[35.897764,36.162125],[35.897292,36.162808],[35.894709,36.166443],[35.892223,36.169581],[35.88927,36.172683],[35.88599,36.175398],[35.880605,36.180976],[35.878177,36.184166],[35.874955,36.187785],[35.870194,36.193213],[35.868258,36.195641],[35.867375,36.196727],[35.863484,36.203089],[35.861091,36.20593],[35.860909,36.206127],[35.860814,36.206334],[35.858876,36.210247],[35.857704,36.213664],[35.855965,36.217191],[35.853713,36.220433],[35.853513,36.220696],[35.853335,36.220899],[35.850561,36.223696],[35.846927,36.227207],[35.841355,36.23318],[35.840458,36.234318],[35.843599,36.236026],[35.845762,36.237553],[35.84615,36.237941],[35.847331,36.239052],[35.847761,36.239175],[35.848247,36.239381],[35.849125,36.241407],[35.850176,36.242388],[35.852068,36.243228],[35.854359,36.243302],[35.856979,36.244068],[35.85824,36.245119],[35.863215,36.248903],[35.866017,36.250794],[35.8684,36.253037],[35.869731,36.255839],[35.871413,36.258151],[35.872604,36.260394],[35.873234,36.262986],[35.874776,36.265579],[35.876527,36.267681],[35.878209,36.270834],[35.87919,36.274477],[35.879961,36.276159],[35.881993,36.278401],[35.883324,36.281274],[35.884305,36.282675],[35.885916,36.283726],[35.88942,36.286038],[35.891802,36.28758],[35.894605,36.288701],[35.896981,36.289469],[35.899579,36.289261],[35.902522,36.28821],[35.905675,36.287089],[35.907847,36.286038],[35.90938,36.285132],[35.910568,36.285314],[35.913745,36.286435],[35.916174,36.287369],[35.91963,36.289051],[35.923087,36.290733],[35.926357,36.292694],[35.928225,36.293909],[35.931121,36.296151],[35.933924,36.298767],[35.937194,36.302037],[35.938688,36.303438],[35.940463,36.3054],[35.941024,36.308576],[35.941024,36.310445],[35.941865,36.312313],[35.94392,36.315209],[35.945135,36.317358],[35.946162,36.319507],[35.94747,36.322776],[35.948311,36.325486],[35.948809,36.326314],[35.951712,36.329926],[35.952932,36.329081],[35.954976,36.32814],[35.956752,36.326339],[35.958362,36.323608],[35.959132,36.322348],[35.959902,36.320248],[35.960042,36.318777],[35.961373,36.316957],[35.962843,36.315277],[35.963823,36.313597],[35.963963,36.311356],[35.963963,36.309676],[35.965083,36.306106],[35.966483,36.303585],[35.967814,36.301835],[35.970124,36.300085],[35.972728,36.299668],[35.975025,36.300225],[35.977646,36.300992],[35.981068,36.300716],[35.983216,36.300785],[35.987276,36.301485],[35.990313,36.301554],[35.994627,36.301415],[35.997428,36.300295],[35.999038,36.298684],[35.999038,36.297074],[35.998968,36.295604],[35.998198,36.292944],[35.998128,36.290073],[35.998478,36.286993],[35.998758,36.285733],[35.999528,36.284472],[36.000858,36.283562],[36.002189,36.283072],[36.004009,36.282372],[36.005759,36.281602],[36.006529,36.280972],[36.006459,36.279642],[36.005969,36.278311],[36.005409,36.276701],[36.004779,36.275231],[36.003729,36.273201],[36.002539,36.27138],[36.002819,36.26984],[36.002819,36.26886],[36.003239,36.26774],[36.004709,36.26571],[36.005759,36.264519],[36.007649,36.262349],[36.00891,36.260879],[36.01017,36.259689],[36.01129,36.258008],[36.0122,36.256188],[36.01304,36.254928],[36.01339,36.252968],[36.01367,36.251568],[36.01416,36.249817],[36.015,36.248137],[36.016401,36.246247],[36.018081,36.243446],[36.01838,36.243041],[36.019269,36.241836],[36.020251,36.240506],[36.020509,36.240248],[36.021161,36.239596],[36.022075,36.23891],[36.022562,36.238546],[36.023472,36.236865],[36.024091,36.23576],[36.024452,36.235115],[36.025222,36.234205],[36.026482,36.233505],[36.027602,36.232875],[36.02859,36.231321],[36.029703,36.229234],[36.030226,36.228299],[36.030683,36.227484],[36.031593,36.226294],[36.032663,36.225665],[36.033006,36.225462],[36.033985,36.225278],[36.037237,36.224666],[36.038602,36.224306],[36.04002,36.223931],[36.040428,36.223538],[36.041543,36.222461],[36.041438,36.220728],[36.041019,36.219573],[36.040861,36.218365],[36.040655,36.216858],[36.041091,36.214865],[36.041696,36.213768],[36.042422,36.212451],[36.04308,36.211256],[36.044108,36.209471],[36.045311,36.20738],[36.046016,36.205985],[36.046813,36.205313],[36.048099,36.204229],[36.048946,36.203751],[36.050985,36.202603],[36.053822,36.201236],[36.055941,36.199796],[36.056465,36.199452],[36.057479,36.198785],[36.058269,36.198109],[36.0592,36.197312],[36.060763,36.195946],[36.061203,36.195561],[36.062575,36.193795],[36.062674,36.191935],[36.062546,36.191397],[36.0623,36.190358],[36.062006,36.189115],[36.061901,36.188672],[36.060989,36.18625],[36.059835,36.183782],[36.058298,36.182845],[36.057049,36.182269],[36.056834,36.182158],[36.056626,36.182051],[36.055917,36.181685],[36.054967,36.181134],[36.054738,36.180754],[36.054586,36.180501],[36.054849,36.17961],[36.055678,36.179115],[36.05602,36.179063],[36.056317,36.179019],[36.056567,36.178774],[36.056817,36.178529],[36.056829,36.178408],[36.056926,36.177446],[36.057023,36.176751],[36.057043,36.176615],[36.05724,36.176152],[36.057318,36.174917],[36.057131,36.174503],[36.056921,36.174037],[36.056677,36.172953],[36.056358,36.171732],[36.05601,36.171279],[36.055704,36.170679],[36.055691,36.170057],[36.056449,36.167939],[36.056713,36.167152],[36.056725,36.16714],[36.057503,36.166325],[36.058125,36.165796],[36.05874,36.165272],[36.060334,36.16424],[36.062079,36.163484],[36.063108,36.16305],[36.063386,36.162933],[36.063422,36.162917],[36.063882,36.162724],[36.064716,36.162509],[36.066005,36.162178],[36.068016,36.161381],[36.070554,36.159626],[36.071828,36.158421],[36.072098,36.158167],[36.07273,36.157084],[36.073183,36.156311],[36.074263,36.154934],[36.07517,36.15354],[36.075237,36.152129],[36.075478,36.151152],[36.076124,36.150096],[36.07654,36.149707],[36.077296,36.149],[36.078524,36.148379],[36.079788,36.147564],[36.081312,36.146441],[36.081857,36.145907],[36.082373,36.145401],[36.082861,36.144922],[36.083433,36.144362],[36.084433,36.1428],[36.085308,36.141782],[36.086479,36.140583],[36.088023,36.139123],[36.088562,36.138663],[36.089689,36.137701],[36.090489,36.137149],[36.09133,36.13657],[36.091898,36.135828],[36.092304,36.135298],[36.092851,36.134596],[36.093178,36.134176],[36.093897,36.133196],[36.094146,36.132856],[36.094535,36.132327],[36.095155,36.131423],[36.095515,36.130404],[36.095725,36.12962],[36.095803,36.129327],[36.095586,36.128713],[36.095539,36.128581],[36.095005,36.128046],[36.093796,36.126798],[36.091194,36.124744],[36.090146,36.124282],[36.08777,36.123233],[36.087,36.122907],[36.086673,36.122768],[36.086484,36.122688],[36.08626,36.122593],[36.08539,36.122224],[36.083332,36.121349],[36.082189,36.1216],[36.081212,36.121905],[36.080298,36.122192],[36.077929,36.123416],[36.077645,36.123679],[36.075938,36.125258],[36.075252,36.126029],[36.0748,36.126538],[36.073371,36.128974],[36.073062,36.129503],[36.071829,36.130491],[36.069914,36.132684],[36.069504,36.133153],[36.068846,36.133358],[36.068026,36.133614],[36.066935,36.13377],[36.065796,36.133934],[36.063102,36.133941],[36.06041,36.13345],[36.05853,36.13255],[36.057614,36.131527],[36.057305,36.130936],[36.057064,36.130475],[36.057227,36.129767],[36.057346,36.129211],[36.057503,36.128904],[36.057795,36.128332],[36.058245,36.127453],[36.058714,36.127228],[36.059232,36.12698],[36.060302,36.126534],[36.061115,36.125793],[36.061895,36.124591],[36.062703,36.123635],[36.063049,36.123296],[36.063308,36.123042],[36.063793,36.122765],[36.064514,36.122353],[36.065186,36.121805],[36.066388,36.12045],[36.06667,36.120131],[36.066846,36.119959],[36.067198,36.119614],[36.068194,36.118694],[36.068532,36.118444],[36.069609,36.117656],[36.0712,36.116625],[36.071901,36.115938],[36.07241,36.11544],[36.073021,36.114593],[36.07336,36.114125],[36.073901,36.113303],[36.074034,36.112528],[36.073756,36.112021],[36.073468,36.111498],[36.073253,36.111108],[36.073014,36.110674],[36.07283,36.110251],[36.072463,36.109405],[36.070842,36.107482],[36.069477,36.105861],[36.069167,36.105507],[36.068813,36.105101],[36.068281,36.104493],[36.067816,36.103962],[36.067483,36.103664],[36.067185,36.103397],[36.066236,36.102549],[36.06556,36.102027],[36.064485,36.101197],[36.063852,36.100644],[36.063241,36.100109],[36.062973,36.099875],[36.062825,36.09975],[36.062322,36.099328],[36.061404,36.098557],[36.059997,36.096604],[36.059725,36.095828],[36.059473,36.095107],[36.05924,36.094442],[36.059114,36.094083],[36.058101,36.091956],[36.05792,36.091581],[36.057733,36.09119],[36.057323,36.090339],[36.05698,36.089588],[36.056745,36.089154],[36.056741,36.089152],[36.056508,36.089033],[36.055645,36.088635],[36.054907,36.088477],[36.054464,36.088325],[36.054455,36.08832],[36.054162,36.088167],[36.054093,36.088069],[36.053928,36.087837],[36.053758,36.087566],[36.053716,36.087498],[36.053635,36.085869],[36.053613,36.085613],[36.053608,36.085553],[36.053553,36.084892],[36.051355,36.082776],[36.0499,36.080674],[36.049184,36.080208],[36.04875,36.079926],[36.047625,36.078997],[36.046891,36.078391],[36.045255,36.076835],[36.045167,36.076751],[36.044434,36.075937],[36.044285,36.075116],[36.044272,36.075041],[36.043865,36.074227],[36.043708,36.073913],[36.043394,36.073285],[36.042722,36.073134],[36.042149,36.073033],[36.041992,36.073006],[36.041341,36.073575],[36.040838,36.074848],[36.040743,36.075178],[36.040364,36.076507],[36.040364,36.077728],[36.040107,36.078345],[36.039957,36.078705],[36.03953,36.078743],[36.039061,36.078786],[36.03825,36.078381],[36.03689,36.077102],[36.036476,36.076799],[36.036237,36.076624],[36.03567,36.076215],[36.03549,36.076085],[36.035414,36.07603],[36.035121,36.07572],[36.035106,36.075704],[36.034421,36.075084],[36.03394,36.074628],[36.033712,36.074411],[36.033549,36.073911],[36.033728,36.073641],[36.034014,36.073598],[36.034297,36.073555],[36.034868,36.073416],[36.035065,36.073368],[36.035397,36.073044],[36.035414,36.072304],[36.035178,36.071608],[36.035048,36.071255],[36.034872,36.070776],[36.034838,36.070664],[36.034785,36.070484],[36.034792,36.070323],[36.034799,36.070141],[36.034916,36.06979],[36.034773,36.069459],[36.034814,36.069373],[36.0349,36.069193],[36.035268,36.068738],[36.035552,36.068626],[36.035873,36.068051],[36.036252,36.066313],[36.036374,36.065599],[36.036257,36.064131],[36.036211,36.063561],[36.035677,36.063065],[36.035102,36.062531],[36.033533,36.061612],[36.033231,36.061311],[36.032629,36.060712],[36.032222,36.058432],[36.03198,36.056663],[36.032031,36.055691],[36.031138,36.054798],[36.031129,36.054793],[36.030634,36.054537],[36.030367,36.054398],[36.029737,36.053585],[36.029423,36.05302],[36.029171,36.052454],[36.029108,36.051763],[36.029211,36.050729],[36.028386,36.050629],[36.026077,36.050437],[36.025717,36.050413],[36.025417,36.050379],[36.022272,36.050379],[36.018941,36.050065],[36.017056,36.049751],[36.015376,36.048861],[36.014919,36.048619],[36.012405,36.046985],[36.010783,36.046235],[36.010446,36.044865],[36.010186,36.041877],[36.009536,36.038888],[36.008887,36.037264],[36.008441,36.036116],[36.006808,36.034795],[36.005703,36.034275],[36.004858,36.03408],[36.002909,36.033625],[36.00122,36.032261],[35.999271,36.030636],[35.997792,36.028837],[35.997646,36.027842],[35.998036,36.027063],[35.998556,36.026413],[35.998751,36.025503],[35.998491,36.024659],[35.997581,36.021735],[35.998166,36.018551],[35.998231,36.015627],[35.998101,36.013483],[35.997813,36.012363],[35.996932,36.011534],[35.995177,36.00991],[35.993163,36.00926],[35.990629,36.00874],[35.989395,36.00848],[35.98738,36.008155],[35.985366,36.00796],[35.983872,36.008155],[35.981988,36.008285],[35.981627,36.00834],[35.980705,36.008543],[35.980435,36.008679]]]}},{"type":"Feature","properties":{"id":"TR-D-31-015","parent_id":"TR-P-31","region_id":"TR-R-AKD","level":"district","municipality_type":null,"municipality_type_label":null,"is_metropolitan_municipality":null,"name":"Yayladağı","name_ascii":"yayladagi","slug":"yayladagi-hatay"},"geometry":{"type":"Polygon","coordinates":[[[36.202834,35.950658],[36.198729,35.947913],[36.195802,35.945823],[36.189412,35.941164],[36.186605,35.938298],[36.184514,35.935371],[36.18398,35.934269],[36.182603,35.931429],[36.180871,35.927786],[36.177093,35.923092],[36.176929,35.922889],[36.176628,35.922207],[36.176263,35.921379],[36.176033,35.920858],[36.175963,35.92056],[36.175064,35.916779],[36.1746,35.914826],[36.174211,35.912225],[36.174146,35.910818],[36.17414,35.910674],[36.174111,35.910068],[36.174121,35.909753],[36.17423,35.906152],[36.174242,35.905748],[36.174242,35.902164],[36.173988,35.901214],[36.173952,35.90015],[36.174182,35.899058],[36.17466,35.897147],[36.174477,35.89402],[36.174475,35.893984],[36.174456,35.893918],[36.17431,35.893389],[36.17424,35.893137],[36.174167,35.892994],[36.173483,35.891659],[36.172437,35.890072],[36.170923,35.887873],[36.169404,35.885262],[36.169464,35.88353],[36.169736,35.881897],[36.170056,35.880679],[36.170776,35.878433],[36.171076,35.877916],[36.17184,35.876517],[36.171847,35.876506],[36.171959,35.876285],[36.172103,35.875999],[36.172674,35.874822],[36.17306,35.874287],[36.173321,35.87403],[36.173445,35.873908],[36.174009,35.873666],[36.174202,35.873088],[36.174366,35.872652],[36.174844,35.871389],[36.175344,35.870333],[36.175605,35.869361],[36.175414,35.868151],[36.17533,35.867264],[36.175184,35.86669],[36.175144,35.866435],[36.174882,35.865627],[36.174242,35.863654],[36.174178,35.863282],[36.174104,35.862986],[36.174017,35.86235],[36.173953,35.861974],[36.173973,35.861147],[36.173975,35.861138],[36.174104,35.860487],[36.17398,35.859275],[36.173643,35.857884],[36.173048,35.856474],[36.172493,35.855158],[36.172177,35.854153],[36.172046,35.853551],[36.171756,35.852046],[36.171497,35.851027],[36.171371,35.850449],[36.171317,35.849862],[36.171141,35.846783],[36.17113,35.846601],[36.170856,35.844847],[36.170855,35.844831],[36.170373,35.841692],[36.170191,35.841054],[36.169981,35.840377],[36.169687,35.839282],[36.169565,35.838852],[36.169058,35.837073],[36.169004,35.836758],[36.168934,35.836102],[36.168751,35.835302],[36.16848,35.834071],[36.168349,35.833086],[36.168349,35.833085],[36.168276,35.832142],[36.168272,35.83212],[36.168101,35.83036],[36.168039,35.829431],[36.167606,35.828329],[36.166883,35.827117],[36.16589,35.825596],[36.165746,35.825381],[36.16543,35.824908],[36.165038,35.82424],[36.165032,35.824232],[36.16417,35.822987],[36.163069,35.820557],[36.162463,35.819613],[36.161892,35.818354],[36.161685,35.817741],[36.161926,35.817135],[36.162009,35.816502],[36.162202,35.81593],[36.162155,35.815652],[36.162098,35.815311],[36.161527,35.814147],[36.161197,35.8137],[36.16079,35.813355],[36.160329,35.81308],[36.16009,35.812979],[36.159627,35.812784],[36.157926,35.812798],[36.15719,35.812729],[36.156797,35.812516],[36.156446,35.812178],[36.155937,35.811641],[36.155598,35.810837],[36.155586,35.810822],[36.154507,35.809477],[36.154415,35.809363],[36.153651,35.808901],[36.152969,35.808605],[36.15193,35.808461],[36.150856,35.808419],[36.150105,35.808564],[36.149534,35.808887],[36.149415,35.809205],[36.149348,35.809383],[36.148908,35.810134],[36.148143,35.810836],[36.146477,35.811958],[36.14494,35.813111],[36.14455,35.813404],[36.144105,35.813991],[36.143968,35.814173],[36.143558,35.814808],[36.14289,35.815703],[36.142436,35.816233],[36.14222,35.816489],[36.142175,35.816543],[36.142122,35.816653],[36.141383,35.818203],[36.141094,35.818822],[36.140686,35.819895],[36.140405,35.820633],[36.140178,35.821603],[36.140148,35.821823],[36.139999,35.822919],[36.139882,35.824688],[36.140013,35.825535],[36.139956,35.826068],[36.139634,35.828495],[36.139462,35.830457],[36.139428,35.830843],[36.1394,35.831297],[36.13909,35.832509],[36.13874,35.833311],[36.138498,35.833865],[36.137899,35.835029],[36.13735,35.836769],[36.137287,35.83697],[36.136702,35.838203],[36.136211,35.839104],[36.135676,35.840089],[36.135008,35.841239],[36.134988,35.841278],[36.13443,35.842409],[36.134285,35.842698],[36.13381,35.843242],[36.133053,35.843993],[36.132049,35.845039],[36.131759,35.845342],[36.131745,35.845358],[36.130678,35.846609],[36.130237,35.84696],[36.130111,35.847063],[36.129604,35.847476],[36.129059,35.848012],[36.128654,35.848454],[36.128263,35.848794],[36.128041,35.849012],[36.12738,35.849631],[36.126217,35.850905],[36.126035,35.851246],[36.125707,35.851862],[36.12495,35.852585],[36.124004,35.853081],[36.123979,35.853094],[36.121652,35.85423],[36.120129,35.854889],[36.120092,35.854907],[36.118999,35.855293],[36.117841,35.855679],[36.117701,35.855773],[36.117115,35.85602],[36.116778,35.856372],[36.116606,35.857397],[36.116599,35.857604],[36.116578,35.858244],[36.11651,35.858671],[36.116448,35.859008],[36.11586,35.860096],[36.1158,35.860206],[36.115057,35.860888],[36.113831,35.861769],[36.113435,35.862062],[36.109625,35.864874],[36.109261,35.865216],[36.108503,35.865927],[36.10782,35.866111],[36.107092,35.866306],[36.106541,35.866568],[36.106004,35.866774],[36.105102,35.867284],[36.10418,35.86777],[36.10398,35.867876],[36.103427,35.867991],[36.102303,35.868225],[36.101866,35.868269],[36.100331,35.868447],[36.099822,35.868487],[36.099452,35.868516],[36.099051,35.868557],[36.097802,35.868452],[36.097006,35.868365],[36.096259,35.868322],[36.095292,35.868241],[36.093653,35.868007],[36.092008,35.867841],[36.090961,35.867695],[36.090313,35.867622],[36.08988,35.867573],[36.088772,35.867532],[36.088414,35.867484],[36.087436,35.867353],[36.086885,35.867442],[36.086534,35.868041],[36.086036,35.868629],[36.085796,35.868912],[36.08449,35.87074],[36.083608,35.871862],[36.083003,35.871952],[36.082479,35.87189],[36.081505,35.871804],[36.080049,35.871676],[36.079498,35.871635],[36.077929,35.871697],[36.077357,35.871683],[36.076476,35.871663],[36.076275,35.871658],[36.076016,35.871652],[36.075939,35.871656],[36.074707,35.871436],[36.074218,35.871256],[36.07408,35.871184],[36.073287,35.870766],[36.071728,35.870102],[36.071325,35.86993],[36.070858,35.869708],[36.070245,35.869501],[36.070025,35.869439],[36.069454,35.869239],[36.068703,35.869136],[36.068435,35.869253],[36.068192,35.86945],[36.067533,35.869983],[36.066638,35.870437],[36.066273,35.870658],[36.065358,35.871284],[36.065148,35.871442],[36.064242,35.872379],[36.062377,35.873749],[36.061557,35.8742],[36.060876,35.874589],[36.060098,35.87498],[36.059881,35.875073],[36.05912,35.875443],[36.057798,35.876035],[36.055762,35.876832],[36.054253,35.877425],[36.053629,35.877743],[36.053502,35.877797],[36.052366,35.878362],[36.050576,35.87945],[36.04986,35.879821],[36.048064,35.880462],[36.047492,35.880393],[36.046065,35.880139],[36.04438,35.879815],[36.043148,35.879656],[36.042756,35.879608],[36.041654,35.879188],[36.040394,35.878451],[36.039403,35.87819],[36.038726,35.878152],[36.038356,35.878162],[36.037895,35.878314],[36.036938,35.878631],[36.035245,35.879093],[36.034281,35.879353],[36.033598,35.879601],[36.033331,35.879684],[36.031589,35.880717],[36.029957,35.88177],[36.029737,35.881866],[36.027897,35.882701],[36.027346,35.882876],[36.026494,35.883168],[36.026019,35.883298],[36.025648,35.883416],[36.02456,35.883243],[36.022536,35.882865],[36.021616,35.882776],[36.018612,35.8823],[36.016223,35.88188],[36.015603,35.881763],[36.014474,35.881502],[36.013434,35.881247],[36.01194,35.880985],[36.011121,35.880848],[36.010309,35.880731],[36.0096,35.880634],[36.00887,35.880696],[36.007768,35.880786],[36.00613,35.88091],[36.004614,35.880984],[36.004052,35.881034],[36.004051,35.881034],[36.004048,35.881034],[36.001733,35.88149],[36.000588,35.881715],[35.9993,35.882163],[35.998805,35.882431],[35.99886,35.88301],[35.999539,35.884504],[36.000189,35.885936],[36.000726,35.886879],[36.000953,35.887388],[36.00127,35.888056],[36.001625,35.888825],[36.001882,35.889344],[36.002571,35.890693],[36.003496,35.892323],[36.003638,35.892593],[36.004505,35.894432],[36.005043,35.895574],[36.006075,35.897874],[36.006516,35.899065],[36.006619,35.899347],[36.00695,35.900765],[36.006971,35.901375],[36.006979,35.901625],[36.00717,35.901851],[36.007218,35.901885],[36.0077,35.902218],[36.008113,35.902487],[36.008361,35.902652],[36.008802,35.902996],[36.00907,35.903196],[36.009579,35.903605],[36.009986,35.904063],[36.010048,35.904304],[36.010075,35.904442],[36.010022,35.904667],[36.01,35.904808],[36.009963,35.904999],[36.009967,35.90511],[36.009986,35.9054],[36.010041,35.906342],[36.010103,35.906755],[36.010144,35.907092],[36.010687,35.907922],[36.010986,35.90886],[36.011101,35.90922],[36.011156,35.909371],[36.011645,35.910459],[36.011693,35.910556],[36.011976,35.911154],[36.012134,35.911589],[36.012943,35.913833],[36.013423,35.914358],[36.013814,35.914817],[36.014177,35.915246],[36.01462,35.915655],[36.015294,35.916348],[36.01531,35.916365],[36.015498,35.91656],[36.015584,35.916699],[36.016092,35.917552],[36.016369,35.918048],[36.016634,35.918558],[36.016712,35.918712],[36.016978,35.919232],[36.017005,35.919267],[36.018054,35.920629],[36.018082,35.920958],[36.018036,35.92115],[36.017963,35.921414],[36.017705,35.921976],[36.017434,35.922354],[36.017209,35.922677],[36.016561,35.92359],[36.016112,35.924251],[36.016023,35.924376],[36.014921,35.925924],[36.014763,35.926409],[36.014505,35.927201],[36.013024,35.929601],[36.012693,35.930203],[36.012329,35.930871],[36.011727,35.932088],[36.010822,35.933787],[36.008838,35.936399],[36.008454,35.937027],[36.007856,35.938193],[36.00655,35.94046],[36.005875,35.940545],[36.005426,35.940374],[36.005192,35.940284],[36.004705,35.940096],[36.004136,35.939818],[36.003276,35.939567],[36.002194,35.939512],[35.998,35.938568],[35.996254,35.938641],[35.994283,35.938939],[35.993979,35.938985],[35.99302,35.939825],[35.992194,35.940017],[35.991109,35.940017],[35.990759,35.94001],[35.99015,35.93997],[35.989886,35.939957],[35.987492,35.939805],[35.986971,35.939786],[35.986593,35.939772],[35.98574,35.939693],[35.985428,35.939662],[35.984212,35.939541],[35.983859,35.93953],[35.983551,35.939521],[35.982572,35.939488],[35.981018,35.939395],[35.978856,35.93923],[35.977494,35.939111],[35.976369,35.938516],[35.976194,35.938113],[35.975305,35.936076],[35.974416,35.934772],[35.974267,35.934542],[35.973518,35.934044],[35.972408,35.934065],[35.97137,35.934118],[35.970374,35.933731],[35.97018,35.933655],[35.969757,35.933279],[35.968547,35.932214],[35.967647,35.93146],[35.967052,35.930977],[35.966885,35.930799],[35.966629,35.930528],[35.96657,35.930455],[35.966219,35.930098],[35.965062,35.929265],[35.964711,35.92902],[35.964321,35.928722],[35.96403,35.928537],[35.963369,35.928061],[35.961326,35.927512],[35.959263,35.927724],[35.957947,35.928319],[35.957636,35.928458],[35.957312,35.928603],[35.956684,35.928762],[35.956082,35.928921],[35.955487,35.929066],[35.954806,35.929232],[35.952412,35.929351],[35.952081,35.929364],[35.95181,35.929377],[35.951473,35.929404],[35.951056,35.929318],[35.950739,35.929252],[35.950527,35.929205],[35.950296,35.929219],[35.949826,35.929232],[35.948786,35.929217],[35.948431,35.929212],[35.948034,35.929258],[35.947638,35.9291],[35.94697,35.928795],[35.946143,35.928458],[35.945389,35.927909],[35.945345,35.927878],[35.944563,35.927314],[35.943789,35.926726],[35.943412,35.926435],[35.940694,35.924497],[35.939478,35.923644],[35.939127,35.923406],[35.938618,35.923108],[35.938115,35.922976],[35.937375,35.922857],[35.936626,35.922723],[35.935827,35.922579],[35.933638,35.920708],[35.932835,35.920019],[35.93266,35.919868],[35.932038,35.919187],[35.931655,35.919273],[35.930683,35.919485],[35.929843,35.919732],[35.928527,35.92012],[35.926796,35.920566],[35.925221,35.920973],[35.923872,35.92136],[35.923669,35.921812],[35.92243,35.923254],[35.921233,35.924544],[35.920925,35.924923],[35.920572,35.925357],[35.919362,35.926759],[35.918786,35.927513],[35.917878,35.92839],[35.917696,35.928835],[35.917686,35.928859],[35.917724,35.928898],[35.918158,35.929338],[35.918363,35.929616],[35.918568,35.930368],[35.918788,35.932998],[35.918919,35.934941],[35.918973,35.935751],[35.919063,35.936278],[35.919232,35.937272],[35.91914,35.937456],[35.919084,35.937568],[35.919148,35.937642],[35.919306,35.937827],[35.919274,35.9391],[35.919294,35.939932],[35.919214,35.940272],[35.919047,35.940679],[35.918884,35.940654],[35.918795,35.940661],[35.91865,35.940673],[35.918362,35.940957],[35.918177,35.942439],[35.918171,35.943285],[35.918448,35.943544],[35.918657,35.94374],[35.918578,35.944058],[35.918566,35.944105],[35.918598,35.944127],[35.918961,35.944378],[35.918991,35.944986],[35.918923,35.945066],[35.918627,35.945411],[35.918657,35.945928],[35.919022,35.946292],[35.919393,35.946246],[35.919508,35.946232],[35.92001,35.946309],[35.920121,35.946865],[35.919994,35.947569],[35.919958,35.947598],[35.91966,35.947842],[35.919083,35.947569],[35.918718,35.947811],[35.918779,35.948146],[35.919174,35.948632],[35.920024,35.948784],[35.920419,35.948936],[35.920571,35.949179],[35.920511,35.949574],[35.920878,35.949777],[35.921392,35.95006],[35.921483,35.950637],[35.921289,35.950748],[35.921057,35.95088],[35.921179,35.951123],[35.921469,35.951167],[35.921787,35.951214],[35.921666,35.951611],[35.921574,35.951913],[35.921969,35.952672],[35.922424,35.953158],[35.922388,35.953385],[35.922619,35.953559],[35.922706,35.953776],[35.922561,35.954109],[35.922836,35.954326],[35.922894,35.954616],[35.92275,35.954818],[35.922576,35.954818],[35.922445,35.954978],[35.922822,35.955383],[35.922836,35.955658],[35.923112,35.955919],[35.923257,35.956498],[35.923705,35.956831],[35.924502,35.957107],[35.925023,35.957135],[35.925238,35.956961],[35.925255,35.956947],[35.92553,35.956947],[35.925863,35.956629],[35.926254,35.956672],[35.92679,35.956556],[35.926964,35.956455],[35.927195,35.956571],[35.927413,35.956585],[35.927586,35.956802],[35.927818,35.95673],[35.928079,35.956701],[35.928426,35.957077],[35.928542,35.957338],[35.929165,35.957758],[35.929628,35.958048],[35.929961,35.958583],[35.929816,35.95909],[35.929614,35.959235],[35.929419,35.959244],[35.929058,35.959545],[35.928817,35.959846],[35.928531,35.959936],[35.928501,35.960222],[35.928335,35.960448],[35.928155,35.960463],[35.928151,35.96049],[35.928125,35.960674],[35.92826,35.960809],[35.928513,35.960889],[35.928546,35.960899],[35.928892,35.96111],[35.929094,35.961493],[35.929178,35.961652],[35.929359,35.961923],[35.92975,35.962118],[35.929755,35.962121],[35.92993,35.962209],[35.930472,35.962269],[35.930758,35.96254],[35.930984,35.962645],[35.931179,35.962871],[35.931435,35.962886],[35.931586,35.96269],[35.931721,35.96269],[35.931721,35.962961],[35.931616,35.963126],[35.931811,35.963337],[35.932052,35.963367],[35.932308,35.963247],[35.932504,35.963412],[35.932865,35.963774],[35.933136,35.96427],[35.933406,35.964872],[35.933798,35.965218],[35.933903,35.965534],[35.934161,35.96578],[35.934219,35.965835],[35.934281,35.965877],[35.93455,35.966061],[35.934881,35.966091],[35.935002,35.966212],[35.934972,35.966347],[35.935378,35.966603],[35.935844,35.966798],[35.936112,35.967334],[35.936115,35.96734],[35.936492,35.967641],[35.936928,35.968032],[35.937186,35.968126],[35.937424,35.968213],[35.937756,35.968138],[35.937996,35.968288],[35.938072,35.968634],[35.938418,35.968875],[35.938598,35.96895],[35.938673,35.969026],[35.938918,35.96927],[35.938975,35.969326],[35.939244,35.969466],[35.939381,35.969537],[35.939637,35.969597],[35.939742,35.969477],[35.939772,35.969221],[35.939908,35.969101],[35.940178,35.969281],[35.940479,35.969658],[35.940886,35.970169],[35.941262,35.970064],[35.941503,35.970244],[35.941578,35.970515],[35.941758,35.971027],[35.941931,35.971191],[35.94239,35.971629],[35.943323,35.972276],[35.943753,35.972515],[35.944001,35.972652],[35.944202,35.972853],[35.944268,35.972919],[35.944374,35.973131],[35.944543,35.973247],[35.944512,35.973395],[35.944417,35.973385],[35.944302,35.97354],[35.94429,35.973607],[35.944431,35.973776],[35.944671,35.973892],[35.945157,35.973682],[35.945282,35.97387],[35.945282,35.974049],[35.945384,35.974236],[35.945618,35.974416],[35.945633,35.974502],[35.945836,35.97458],[35.945977,35.974588],[35.946094,35.974705],[35.945969,35.974845],[35.946172,35.974994],[35.946188,35.975064],[35.945852,35.975244],[35.945813,35.975454],[35.94593,35.975548],[35.946531,35.975673],[35.946859,35.975689],[35.946867,35.975868],[35.946531,35.976227],[35.946648,35.976352],[35.946804,35.97643],[35.947476,35.976407],[35.947702,35.976508],[35.948108,35.976617],[35.948194,35.976703],[35.948264,35.977265],[35.948483,35.977422],[35.949107,35.977531],[35.949326,35.977749],[35.949833,35.977898],[35.950005,35.97807],[35.949732,35.978272],[35.949693,35.978444],[35.949849,35.978678],[35.950169,35.978905],[35.950645,35.979022],[35.951028,35.9791],[35.95127,35.979248],[35.951629,35.979498],[35.952121,35.979732],[35.952433,35.979826],[35.952683,35.979927],[35.952948,35.980216],[35.953315,35.980365],[35.953471,35.980599],[35.953713,35.980755],[35.953861,35.980895],[35.954166,35.980981],[35.954658,35.980988],[35.954759,35.980989],[35.954978,35.981114],[35.95501,35.98127],[35.955011,35.981277],[35.954858,35.981393],[35.954744,35.981692],[35.955009,35.982059],[35.95536,35.98234],[35.955704,35.982714],[35.955985,35.982808],[35.956219,35.982769],[35.956484,35.982597],[35.956538,35.982556],[35.956914,35.982269],[35.957117,35.982176],[35.957304,35.982215],[35.957349,35.982303],[35.957439,35.982382],[35.957749,35.982293],[35.957929,35.982457],[35.957736,35.98271],[35.957699,35.9829],[35.95771,35.983034],[35.957827,35.983222],[35.957991,35.9833],[35.958475,35.983347],[35.958616,35.983542],[35.958639,35.983682],[35.958787,35.983831],[35.958858,35.983948],[35.958717,35.984081],[35.958319,35.984205],[35.958014,35.984226],[35.957975,35.984229],[35.957757,35.984424],[35.957765,35.984744],[35.957695,35.984924],[35.957847,35.985048],[35.958037,35.985143],[35.958095,35.985297],[35.957984,35.985498],[35.957921,35.985697],[35.958116,35.986048],[35.958358,35.986305],[35.958366,35.986485],[35.9586,35.986696],[35.958724,35.986651],[35.958795,35.986625],[35.959045,35.986836],[35.959153,35.986884],[35.959248,35.986788],[35.959428,35.986727],[35.959492,35.986799],[35.959576,35.986905],[35.959701,35.987164],[35.959671,35.987354],[35.959761,35.987651],[35.959552,35.988148],[35.959224,35.988304],[35.959014,35.988678],[35.958969,35.988691],[35.958498,35.988827],[35.958434,35.988983],[35.958428,35.989139],[35.958522,35.989365],[35.958756,35.989483],[35.959084,35.989576],[35.959224,35.989771],[35.959138,35.990123],[35.95924,35.990411],[35.959042,35.990729],[35.959123,35.990864],[35.959271,35.990927],[35.959357,35.990864],[35.959529,35.990872],[35.95963,35.99102],[35.959591,35.991255],[35.959747,35.991481],[35.959587,35.991887],[35.959693,35.992121],[35.960028,35.992347],[35.960317,35.992628],[35.960544,35.992903],[35.960723,35.99305],[35.960965,35.993089],[35.961277,35.993042],[35.961494,35.993157],[35.961496,35.993158],[35.961941,35.993596],[35.961942,35.993603],[35.961987,35.9938],[35.962448,35.994291],[35.962925,35.994635],[35.96312,35.994822],[35.963393,35.994916],[35.963491,35.994832],[35.963549,35.994783],[35.963721,35.994807],[35.963766,35.994941],[35.963774,35.995023],[35.963778,35.995062],[35.963917,35.995119],[35.964084,35.995187],[35.964085,35.995222],[35.964088,35.995334],[35.964135,35.995493],[35.963932,35.995767],[35.963986,35.995946],[35.96415,35.99611],[35.964564,35.996204],[35.965591,35.996596],[35.965836,35.996813],[35.965776,35.997068],[35.965805,35.997172],[35.966227,35.99732],[35.9665,35.997344],[35.966672,35.99725],[35.966883,35.997367],[35.967042,35.997351],[35.967226,35.997281],[35.967413,35.997281],[35.967523,35.997383],[35.967476,35.997695],[35.967601,35.997812],[35.968062,35.998016],[35.968179,35.998198],[35.96833,35.998315],[35.968413,35.998335],[35.968943,35.998475],[35.969131,35.998616],[35.969201,35.998905],[35.969248,35.999092],[35.97383,36.002636],[35.975688,36.004026],[35.977749,36.005603],[35.979859,36.007226],[35.980242,36.007518],[35.980415,36.007649],[35.980419,36.007851],[35.980435,36.008679],[35.980705,36.008543],[35.981627,36.00834],[35.981988,36.008285],[35.983872,36.008155],[35.985366,36.00796],[35.98738,36.008155],[35.989395,36.00848],[35.990629,36.00874],[35.993163,36.00926],[35.995177,36.00991],[35.996932,36.011534],[35.997813,36.012363],[35.998101,36.013483],[35.998231,36.015627],[35.998166,36.018551],[35.997581,36.021735],[35.998491,36.024659],[35.998751,36.025503],[35.998556,36.026413],[35.998036,36.027063],[35.997646,36.027842],[35.997792,36.028837],[35.999271,36.030636],[36.00122,36.032261],[36.002909,36.033625],[36.004858,36.03408],[36.005703,36.034275],[36.006808,36.034795],[36.008441,36.036116],[36.008887,36.037264],[36.009536,36.038888],[36.010186,36.041877],[36.010446,36.044865],[36.010783,36.046235],[36.012405,36.046985],[36.014919,36.048619],[36.015376,36.048861],[36.017056,36.049751],[36.018941,36.050065],[36.022272,36.050379],[36.025417,36.050379],[36.025717,36.050413],[36.026077,36.050437],[36.028386,36.050629],[36.029211,36.050729],[36.030979,36.050814],[36.033053,36.051128],[36.036321,36.051191],[36.039338,36.050437],[36.041726,36.04918],[36.044868,36.047609],[36.046817,36.046289],[36.048828,36.044404],[36.049856,36.043221],[36.05155,36.041946],[36.053057,36.041298],[36.05391,36.040987],[36.057376,36.04078],[36.059932,36.040815],[36.0626,36.041333],[36.062903,36.041397],[36.063489,36.04171],[36.063802,36.041878],[36.064267,36.042126],[36.064951,36.042724],[36.065393,36.043109],[36.065505,36.043451],[36.0659,36.044654],[36.066027,36.045648],[36.066117,36.045927],[36.065515,36.04735],[36.065265,36.047942],[36.064813,36.049012],[36.064406,36.049976],[36.064267,36.050371],[36.064622,36.053441],[36.065124,36.057779],[36.065333,36.059583],[36.066064,36.061943],[36.067594,36.064614],[36.068957,36.065771],[36.069201,36.065979],[36.069937,36.066462],[36.070129,36.066588],[36.072835,36.068365],[36.076724,36.07098],[36.077419,36.071499],[36.077658,36.071678],[36.078981,36.072667],[36.081313,36.074382],[36.082568,36.075304],[36.083183,36.075626],[36.083232,36.075651],[36.084844,36.076494],[36.087458,36.077069],[36.088279,36.07725],[36.088602,36.077321],[36.088908,36.07735],[36.092156,36.077656],[36.09551,36.07766],[36.100153,36.077552],[36.102635,36.077238],[36.10358,36.077109],[36.105715,36.076817],[36.107522,36.076525],[36.109385,36.076225],[36.110936,36.0762],[36.111442,36.076191],[36.114319,36.076653],[36.114859,36.076853],[36.116039,36.077292],[36.116502,36.077544],[36.1171,36.077871],[36.118124,36.078429],[36.118682,36.078734],[36.119171,36.080307],[36.120074,36.082158],[36.1212,36.083538],[36.122834,36.08554],[36.12316,36.085822],[36.123607,36.086208],[36.125465,36.087816],[36.127715,36.089439],[36.129669,36.09079],[36.130538,36.091391],[36.131259,36.092047],[36.131983,36.092706],[36.132673,36.093333],[36.133014,36.093944],[36.133637,36.095056],[36.133924,36.095774],[36.133971,36.095894],[36.133985,36.095928],[36.134068,36.096137],[36.134126,36.097567],[36.133811,36.098511],[36.133396,36.099535],[36.132981,36.100558],[36.132151,36.102604],[36.131743,36.104989],[36.132182,36.106676],[36.132296,36.107115],[36.132323,36.107252],[36.132487,36.108092],[36.135099,36.111141],[36.136506,36.112784],[36.136819,36.113148],[36.139346,36.116485],[36.140531,36.117747],[36.141788,36.119085],[36.142568,36.119621],[36.144651,36.121053],[36.144936,36.121177],[36.146785,36.121984],[36.149286,36.122473],[36.150445,36.122544],[36.151516,36.12261],[36.153738,36.122644],[36.154882,36.122661],[36.15574,36.122943],[36.156258,36.123113],[36.156867,36.123313],[36.157332,36.123516],[36.158799,36.124155],[36.161426,36.125068],[36.163306,36.125481],[36.165891,36.125685],[36.166081,36.1257],[36.169011,36.125288],[36.172313,36.124864],[36.170774,36.124046],[36.169413,36.122796],[36.168081,36.121522],[36.167606,36.121224],[36.166361,36.120445],[36.164793,36.119202],[36.164491,36.118963],[36.164057,36.118526],[36.162801,36.117258],[36.162275,36.116685],[36.161622,36.115973],[36.161025,36.114392],[36.16076,36.113372],[36.160558,36.112593],[36.160231,36.111117],[36.159736,36.109528],[36.159317,36.107267],[36.159362,36.10701],[36.159502,36.10621],[36.160552,36.105579],[36.162058,36.10522],[36.163975,36.104933],[36.164938,36.104789],[36.167135,36.104244],[36.16854,36.104045],[36.169713,36.103879],[36.17291,36.10309],[36.175011,36.102594],[36.177111,36.101222],[36.178603,36.09948],[36.178968,36.098482],[36.179576,36.096819],[36.179728,36.096086],[36.179809,36.095699],[36.179837,36.094448],[36.179873,36.093356],[36.179952,36.092721],[36.180068,36.091789],[36.180003,36.091373],[36.179713,36.089537],[36.179673,36.089283],[36.179492,36.087739],[36.179265,36.0858],[36.179201,36.085255],[36.179213,36.083222],[36.179497,36.081371],[36.18034,36.078596],[36.180809,36.077961],[36.181348,36.077231],[36.182175,36.075745],[36.182672,36.075109],[36.183191,36.074447],[36.183313,36.073354],[36.183268,36.070834],[36.183097,36.069373],[36.182711,36.067993],[36.182522,36.067318],[36.181999,36.064987],[36.180881,36.062567],[36.179298,36.060454],[36.178066,36.059194],[36.177709,36.058779],[36.176424,36.057289],[36.174826,36.055041],[36.173051,36.051994],[36.171981,36.048554],[36.171254,36.044476],[36.171019,36.042464],[36.170795,36.039839],[36.170773,36.038449],[36.170741,36.036524],[36.171462,36.03342],[36.1726,36.031029],[36.173655,36.0303],[36.174161,36.029956],[36.176225,36.029329],[36.17894,36.029409],[36.179308,36.02942],[36.181323,36.029535],[36.182518,36.02976],[36.183881,36.030015],[36.18537,36.03062],[36.185982,36.030869],[36.187138,36.030957],[36.189565,36.031136],[36.191929,36.031086],[36.192748,36.031023],[36.193913,36.030933],[36.198856,36.030415],[36.205577,36.029451],[36.206308,36.029346],[36.209682,36.02875],[36.209925,36.028745],[36.210348,36.028212],[36.213207,36.026912],[36.215373,36.025699],[36.218145,36.024313],[36.219185,36.0231],[36.220744,36.020502],[36.222044,36.017903],[36.22317,36.014957],[36.223083,36.012965],[36.222997,36.009586],[36.222217,36.007333],[36.221957,36.006034],[36.220843,36.003892],[36.219185,36.003695],[36.215806,36.002482],[36.212774,36.001702],[36.210442,36.00062],[36.20812,35.998814],[36.205149,35.996899],[36.200323,35.995175],[36.199236,35.995056],[36.198659,35.994083],[36.198568,35.993354],[36.198584,35.992563],[36.198933,35.991834],[36.198933,35.99074],[36.19869,35.989403],[36.198264,35.987913],[36.19793,35.986059],[36.19793,35.984555],[36.198264,35.983537],[36.198204,35.982716],[36.198021,35.981774],[36.197626,35.980862],[36.197656,35.980042],[36.197808,35.979039],[36.19714,35.978461],[36.196228,35.977732],[36.195985,35.977033],[36.19638,35.975452],[36.19714,35.972656],[36.198416,35.967398],[36.199328,35.963052],[36.200301,35.959344],[36.20103,35.95752],[36.201851,35.954177],[36.202834,35.950658]]]}}]}