{"type":"FeatureCollection","province":"İzmir","province_id":"TR-P-35","features":[{"type":"Feature","properties":{"id":"TR-D-35-001","parent_id":"TR-P-35","region_id":"TR-R-EGE","level":"district","municipality_type":null,"municipality_type_label":null,"is_metropolitan_municipality":null,"name":"Aliağa","name_ascii":"aliaga","slug":"aliaga-izmir"},"geometry":{"type":"MultiPolygon","coordinates":[[[[27.089049,38.937498],[27.092613,38.936422],[27.096781,38.936153],[27.104108,38.936489],[27.10747,38.936758],[27.11547,38.93575],[27.118831,38.935884],[27.121857,38.936624],[27.126831,38.936288],[27.132008,38.934674],[27.13631,38.933397],[27.143705,38.931582],[27.148815,38.92822],[27.150966,38.925397],[27.156613,38.91975],[27.163941,38.917464],[27.168916,38.915581],[27.172748,38.914035],[27.17537,38.910943],[27.179874,38.906035],[27.183101,38.902539],[27.185588,38.900052],[27.188613,38.897027],[27.193051,38.894069],[27.196009,38.892388],[27.198294,38.890035],[27.200714,38.886136],[27.203269,38.882035],[27.204412,38.879884],[27.205824,38.877396],[27.206583,38.870616],[27.20144,38.870616],[27.199039,38.870387],[27.197779,38.870267],[27.194545,38.87035],[27.19438,38.870354],[27.191154,38.871139],[27.18976,38.872359],[27.187145,38.874538],[27.184966,38.876805],[27.182612,38.877938],[27.179997,38.877763],[27.17468,38.874974],[27.169711,38.872621],[27.165528,38.869395],[27.16021,38.866955],[27.154893,38.865909],[27.152627,38.865473],[27.151407,38.864601],[27.150448,38.861725],[27.151407,38.857977],[27.152714,38.854839],[27.153847,38.852049],[27.154196,38.848476],[27.154806,38.844117],[27.157072,38.839236],[27.15716,38.836708],[27.156288,38.835052],[27.152976,38.834529],[27.152017,38.834386],[27.146525,38.83357],[27.142341,38.832786],[27.136414,38.830868],[27.134322,38.829125],[27.130835,38.825812],[27.129179,38.823372],[27.128283,38.822176],[27.127087,38.820582],[27.124995,38.81849],[27.120811,38.817532],[27.117935,38.81666],[27.113228,38.813958],[27.109247,38.810064],[27.109218,38.810035],[27.1073,38.80742],[27.105296,38.803934],[27.104947,38.798704],[27.10438,38.797701],[27.103814,38.796699],[27.101286,38.792864],[27.100414,38.789464],[27.100502,38.787895],[27.099867,38.784781],[27.099543,38.783188],[27.099531,38.783014],[27.099368,38.780573],[27.100153,38.77822],[27.102491,38.777692],[27.102855,38.777609],[27.103107,38.777574],[27.107213,38.776999],[27.109552,38.775943],[27.109915,38.775779],[27.110652,38.775624],[27.114884,38.774733],[27.119504,38.774297],[27.121944,38.773077],[27.124122,38.771376],[27.124734,38.770898],[27.125605,38.770142],[27.127349,38.768631],[27.128656,38.767585],[27.130487,38.765668],[27.131707,38.76375],[27.132579,38.761658],[27.133102,38.759392],[27.132927,38.755121],[27.133015,38.751198],[27.133276,38.747711],[27.134671,38.746142],[27.136676,38.744138],[27.1388,38.742819],[27.139203,38.742569],[27.140859,38.740564],[27.142516,38.736118],[27.143649,38.734114],[27.141358,38.731732],[27.13906,38.729352],[27.136762,38.728039],[27.133069,38.728941],[27.129459,38.730583],[27.126422,38.731567],[27.122976,38.731649],[27.114851,38.732716],[27.105414,38.73444],[27.099505,38.733947],[27.094239,38.732142],[27.090081,38.729844],[27.085486,38.728969],[27.082203,38.729406],[27.076623,38.731157],[27.073559,38.731376],[27.069073,38.731048],[27.063493,38.731376],[27.057365,38.731595],[27.052441,38.730938],[27.047627,38.728093],[27.045767,38.724592],[27.043578,38.720981],[27.04139,38.717151],[27.039858,38.712228],[27.039092,38.708289],[27.037451,38.703693],[27.036576,38.701176],[27.035153,38.699097],[27.031354,38.697962],[27.028461,38.697285],[27.02563,38.696239],[27.023907,38.695254],[27.022614,38.694331],[27.021199,38.693161],[27.019352,38.692361],[27.017198,38.692053],[27.015475,38.690884],[27.014121,38.689899],[27.011289,38.688176],[27.009751,38.687499],[27.006786,38.686822],[27.002929,38.691089],[27.002355,38.690679],[27.001452,38.689776],[27.000057,38.688709],[26.998744,38.688217],[26.997595,38.686904],[26.995297,38.684524],[26.993902,38.681816],[26.992753,38.678369],[26.989635,38.674266],[26.98711,38.667212],[26.985454,38.667501],[26.976756,38.668588],[26.968687,38.671049],[26.96491,38.673338],[26.963308,38.67391],[26.959989,38.677687],[26.958444,38.681692],[26.957872,38.687415],[26.955869,38.69142],[26.954725,38.694568],[26.952493,38.6976],[26.948029,38.701778],[26.944138,38.704353],[26.941563,38.706012],[26.939217,38.708759],[26.936699,38.711334],[26.933952,38.71431],[26.931721,38.716026],[26.929432,38.718373],[26.926742,38.72049],[26.92411,38.722607],[26.921077,38.72461],[26.917594,38.725569],[26.914632,38.726255],[26.913388,38.726599],[26.908881,38.730332],[26.906778,38.732307],[26.904804,38.73368],[26.903602,38.734538],[26.901542,38.736641],[26.898694,38.738556],[26.898557,38.738633],[26.89904,38.73927],[26.899634,38.740054],[26.899692,38.740674],[26.899683,38.740698],[26.899574,38.740995],[26.899075,38.740952],[26.899045,38.741294],[26.899894,38.74292],[26.900716,38.744054],[26.901067,38.745166],[26.90089,38.745658],[26.900331,38.746192],[26.900154,38.746534],[26.899917,38.747903],[26.899417,38.74833],[26.898711,38.748543],[26.898299,38.748907],[26.8978,38.748906],[26.897036,38.748692],[26.896625,38.748798],[26.896595,38.749055],[26.897446,38.749633],[26.898708,38.75081],[26.8995,38.751966],[26.900028,38.752416],[26.900851,38.752438],[26.901938,38.752011],[26.902998,38.75147],[26.903026,38.751456],[26.904026,38.751328],[26.905288,38.7518],[26.905353,38.751842],[26.906198,38.752399],[26.906961,38.753319],[26.907283,38.754368],[26.906871,38.754667],[26.90643,38.755137],[26.905871,38.755393],[26.905666,38.755222],[26.905353,38.755399],[26.905137,38.755521],[26.905019,38.75582],[26.904607,38.755863],[26.904364,38.756128],[26.904313,38.756183],[26.904254,38.756589],[26.904487,38.756577],[26.904665,38.756568],[26.904539,38.756796],[26.90437,38.757103],[26.904135,38.757402],[26.904664,38.757744],[26.904428,38.758001],[26.904486,38.758471],[26.904104,38.758856],[26.904045,38.759198],[26.904426,38.759327],[26.904602,38.759498],[26.904602,38.759883],[26.905011,38.759883],[26.905353,38.759884],[26.906101,38.759884],[26.906835,38.760141],[26.907275,38.760847],[26.907186,38.761425],[26.906598,38.761681],[26.906332,38.762429],[26.905891,38.7626],[26.906244,38.762772],[26.906185,38.762985],[26.905537,38.763477],[26.905596,38.763926],[26.906418,38.764098],[26.907035,38.76444],[26.907416,38.764911],[26.906946,38.765189],[26.907004,38.76536],[26.907122,38.765467],[26.906958,38.765625],[26.906945,38.765638],[26.907033,38.765852],[26.906886,38.76613],[26.907267,38.766493],[26.908426,38.766254],[26.908502,38.766238],[26.909178,38.76596],[26.909854,38.765982],[26.910177,38.766196],[26.910942,38.766004],[26.911472,38.765321],[26.911501,38.765],[26.911707,38.764786],[26.912354,38.764508],[26.91256,38.763995],[26.912767,38.763739],[26.91356,38.763461],[26.914559,38.763526],[26.915647,38.763292],[26.916,38.763378],[26.91586,38.763633],[26.914763,38.765644],[26.914998,38.765687],[26.916089,38.763823],[26.916552,38.763151],[26.916617,38.763057],[26.916871,38.762929],[26.918822,38.761947],[26.919204,38.76199],[26.919351,38.76246],[26.918321,38.763914],[26.919259,38.765625],[26.919582,38.765497],[26.918761,38.763936],[26.919527,38.762632],[26.919674,38.762247],[26.919675,38.761092],[26.920065,38.760629],[26.920323,38.760322],[26.920059,38.760087],[26.921705,38.759169],[26.921788,38.759285],[26.922087,38.759704],[26.920969,38.760943],[26.921261,38.762098],[26.921614,38.762077],[26.921439,38.760943],[26.922675,38.759533],[26.922528,38.759362],[26.922205,38.759447],[26.921935,38.759169],[26.921852,38.759083],[26.922411,38.758634],[26.922323,38.758399],[26.922617,38.758207],[26.922853,38.757929],[26.923999,38.757416],[26.924492,38.757433],[26.924646,38.757438],[26.925262,38.757738],[26.924118,38.760621],[26.924632,38.760951],[26.925743,38.758051],[26.926438,38.757439],[26.927056,38.757076],[26.927467,38.756905],[26.927937,38.756884],[26.928286,38.756575],[26.928467,38.756414],[26.928966,38.756265],[26.929492,38.756482],[26.929848,38.756629],[26.929965,38.756474],[26.930171,38.756201],[26.930994,38.756416],[26.931375,38.756564],[26.933696,38.757465],[26.934577,38.75815],[26.935252,38.759412],[26.93531,38.759626],[26.936456,38.760418],[26.937365,38.761345],[26.937784,38.761773],[26.938893,38.763135],[26.939391,38.764419],[26.939361,38.765531],[26.938978,38.766792],[26.938271,38.767797],[26.937651,38.768088],[26.937272,38.768267],[26.937095,38.768246],[26.936154,38.768716],[26.935596,38.769186],[26.935125,38.769186],[26.935037,38.769592],[26.934831,38.769677],[26.934595,38.770459],[26.934359,38.771238],[26.934006,38.771708],[26.93333,38.772136],[26.932363,38.771991],[26.932184,38.771964],[26.931478,38.772306],[26.931097,38.772828],[26.930988,38.772947],[26.930772,38.773182],[26.930617,38.773226],[26.930243,38.773331],[26.930154,38.773567],[26.930163,38.773588],[26.930477,38.774315],[26.930478,38.77432],[26.930623,38.775214],[26.930299,38.775641],[26.930299,38.776069],[26.930592,38.776518],[26.930886,38.776647],[26.93071,38.776197],[26.93074,38.776069],[26.930593,38.775748],[26.930799,38.775706],[26.93118,38.776262],[26.931474,38.776818],[26.931473,38.777502],[26.931032,38.77778],[26.930238,38.778486],[26.932793,38.780604],[26.932782,38.780614],[26.931351,38.781844],[26.928385,38.779875],[26.926972,38.78105],[26.925856,38.780237],[26.926121,38.779745],[26.926064,38.777991],[26.925653,38.777884],[26.925646,38.777822],[26.925536,38.7769],[26.925272,38.776793],[26.925036,38.777028],[26.924977,38.778161],[26.9248,38.778418],[26.92433,38.778375],[26.924281,38.779139],[26.92427,38.779316],[26.924917,38.779402],[26.925239,38.779915],[26.920268,38.783612],[26.920355,38.78389],[26.919708,38.784659],[26.918884,38.785044],[26.918487,38.785043],[26.918414,38.785043],[26.918208,38.785129],[26.918186,38.785378],[26.918178,38.785471],[26.918088,38.785487],[26.917708,38.785556],[26.91709,38.786069],[26.915695,38.788165],[26.915616,38.788305],[26.914527,38.790259],[26.914056,38.791435],[26.912996,38.79276],[26.912907,38.793016],[26.91277,38.793132],[26.912201,38.793615],[26.911319,38.793935],[26.911142,38.794213],[26.911376,38.794662],[26.911729,38.794897],[26.911669,38.795667],[26.911959,38.795963],[26.911963,38.795967],[26.911933,38.796288],[26.911869,38.796329],[26.911403,38.796629],[26.911315,38.797014],[26.910873,38.797185],[26.910344,38.797484],[26.910314,38.797698],[26.910578,38.79804],[26.909843,38.798553],[26.909989,38.798831],[26.9084,38.800284],[26.907871,38.800305],[26.907753,38.800433],[26.907988,38.800647],[26.907664,38.801032],[26.907134,38.801288],[26.907104,38.80163],[26.907339,38.802187],[26.907015,38.802486],[26.906162,38.802613],[26.906103,38.802998],[26.905779,38.803255],[26.905808,38.803447],[26.906014,38.80364],[26.905778,38.803811],[26.906013,38.804068],[26.905365,38.804751],[26.905353,38.8048],[26.905159,38.805564],[26.905187,38.806013],[26.90502,38.80642],[26.904774,38.807018],[26.904186,38.807424],[26.903087,38.807757],[26.902421,38.808021],[26.901921,38.807935],[26.901829,38.807884],[26.901421,38.807657],[26.899703,38.808588],[26.899002,38.808968],[26.898861,38.809044],[26.89876,38.809139],[26.898113,38.809746],[26.89786,38.809985],[26.897418,38.810241],[26.897388,38.81054],[26.896917,38.810925],[26.897094,38.811054],[26.89727,38.811182],[26.897182,38.811353],[26.896828,38.811481],[26.897093,38.81178],[26.896386,38.8124],[26.896268,38.81272],[26.896017,38.812766],[26.895915,38.812784],[26.895915,38.812936],[26.895915,38.812977],[26.895889,38.812979],[26.89565,38.812998],[26.895561,38.813319],[26.895179,38.813361],[26.894707,38.814259],[26.894706,38.814686],[26.894324,38.814879],[26.894536,38.815265],[26.894617,38.815414],[26.894281,38.815698],[26.894264,38.815713],[26.893822,38.816012],[26.892849,38.818021],[26.892921,38.818112],[26.893054,38.818278],[26.892671,38.818748],[26.892699,38.819454],[26.892271,38.819697],[26.892022,38.819838],[26.891669,38.82018],[26.891816,38.820373],[26.891404,38.820693],[26.891492,38.820886],[26.891786,38.820843],[26.891491,38.821057],[26.891579,38.82157],[26.891431,38.821912],[26.891872,38.822105],[26.891636,38.822468],[26.891842,38.822704],[26.891665,38.822768],[26.891782,38.822982],[26.892194,38.823113],[26.892253,38.823132],[26.892517,38.82341],[26.892316,38.823653],[26.892075,38.823944],[26.892662,38.824543],[26.892775,38.82462],[26.893544,38.825143],[26.894161,38.825315],[26.894632,38.825294],[26.894752,38.825325],[26.895455,38.825508],[26.896014,38.82521],[26.896662,38.82474],[26.89731,38.824505],[26.897516,38.82427],[26.897428,38.823864],[26.897605,38.823457],[26.897406,38.823244],[26.897165,38.822986],[26.897195,38.822687],[26.897883,38.822774],[26.898047,38.822795],[26.898254,38.822495],[26.898249,38.822452],[26.898225,38.822239],[26.898254,38.822004],[26.899196,38.821448],[26.900373,38.821],[26.900394,38.820998],[26.901638,38.820873],[26.902315,38.820916],[26.90258,38.820617],[26.903433,38.819976],[26.905219,38.819413],[26.905353,38.819382],[26.90667,38.819081],[26.9067,38.818867],[26.909436,38.817992],[26.910977,38.817655],[26.910995,38.817651],[26.912495,38.817546],[26.913054,38.81776],[26.913289,38.817546],[26.914461,38.817627],[26.915391,38.817926],[26.916402,38.818583],[26.916648,38.818822],[26.916539,38.818961],[26.916511,38.81922],[26.916648,38.8192],[26.916812,38.819021],[26.917086,38.818942],[26.917851,38.819857],[26.918342,38.820853],[26.918259,38.821708],[26.918587,38.822484],[26.918559,38.822862],[26.91834,38.823001],[26.91834,38.82326],[26.919242,38.823559],[26.919871,38.823918],[26.920418,38.824435],[26.921758,38.825093],[26.923043,38.826387],[26.923042,38.826625],[26.923398,38.826725],[26.923535,38.826984],[26.924164,38.827104],[26.924328,38.827402],[26.924656,38.827522],[26.924902,38.827781],[26.925887,38.828179],[26.926269,38.828498],[26.92661,38.828574],[26.927883,38.829016],[26.928129,38.829434],[26.928266,38.829494],[26.928704,38.829176],[26.929224,38.829116],[26.929361,38.829415],[26.929552,38.829435],[26.930072,38.829157],[26.930537,38.829296],[26.930647,38.829714],[26.930674,38.829973],[26.931221,38.830152],[26.932342,38.83069],[26.932945,38.830233],[26.933875,38.830532],[26.934367,38.830492],[26.934258,38.830691],[26.934285,38.83089],[26.934778,38.83087],[26.935844,38.831906],[26.936281,38.832741],[26.936609,38.83298],[26.936937,38.834055],[26.938633,38.834613],[26.939399,38.834713],[26.940575,38.83535],[26.940889,38.835402],[26.941533,38.83551],[26.942162,38.835331],[26.942846,38.83563],[26.943175,38.835849],[26.943722,38.835789],[26.94416,38.836167],[26.944433,38.836247],[26.944653,38.835949],[26.944434,38.835431],[26.944216,38.834655],[26.94438,38.834357],[26.94442,38.834055],[26.944435,38.833939],[26.944542,38.833926],[26.945065,38.83386],[26.945612,38.833263],[26.945202,38.833104],[26.945219,38.832968],[26.945257,38.832666],[26.945476,38.832388],[26.94534,38.831333],[26.945696,38.830916],[26.945806,38.830399],[26.94578,38.828528],[26.945951,38.828192],[26.945972,38.82815],[26.94589,38.827613],[26.945892,38.825902],[26.944853,38.823733],[26.944389,38.823096],[26.943733,38.821922],[26.943242,38.819992],[26.943435,38.818858],[26.943409,38.816948],[26.942369,38.81655],[26.94226,38.816152],[26.942425,38.814859],[26.942207,38.814262],[26.942085,38.812971],[26.942071,38.812829],[26.94219,38.812721],[26.943204,38.8118],[26.944316,38.810821],[26.944918,38.810523],[26.945849,38.809767],[26.94678,38.80925],[26.947792,38.80925],[26.948585,38.80949],[26.948995,38.809709],[26.948968,38.809331],[26.949406,38.808754],[26.949462,38.807879],[26.950338,38.806526],[26.950338,38.806068],[26.950721,38.805591],[26.95064,38.804934],[26.951844,38.804398],[26.951981,38.804537],[26.952254,38.804418],[26.952446,38.80404],[26.953978,38.803604],[26.954471,38.803464],[26.954621,38.803561],[26.954935,38.803762],[26.955428,38.803902],[26.95592,38.80438],[26.956576,38.80436],[26.956771,38.803545],[26.956823,38.803325],[26.956823,38.802868],[26.95737,38.803027],[26.957261,38.803385],[26.957398,38.803465],[26.95789,38.803147],[26.959613,38.803088],[26.960323,38.803145],[26.960352,38.803147],[26.960989,38.803512],[26.961446,38.803705],[26.962376,38.803666],[26.962513,38.803785],[26.962704,38.803745],[26.962759,38.803507],[26.963388,38.803387],[26.963771,38.803427],[26.963716,38.804024],[26.96313,38.804052],[26.962896,38.804064],[26.962622,38.804262],[26.963005,38.804382],[26.964236,38.804402],[26.966342,38.80488],[26.966844,38.804747],[26.967464,38.804582],[26.968996,38.804638],[26.969652,38.804662],[26.971066,38.805708],[26.97132,38.805896],[26.971486,38.805812],[26.971867,38.805618],[26.972696,38.806128],[26.972934,38.806275],[26.972996,38.806223],[26.973003,38.806217],[26.973376,38.805907],[26.9737,38.805638],[26.974165,38.805897],[26.973837,38.806156],[26.974876,38.806693],[26.975122,38.806415],[26.975915,38.807031],[26.976135,38.807051],[26.976358,38.807289],[26.976592,38.80757],[26.976221,38.807833],[26.976134,38.807887],[26.97638,38.808046],[26.977125,38.80898],[26.977175,38.80904],[26.97716,38.809204],[26.977153,38.809283],[26.977149,38.809327],[26.977146,38.809359],[26.977474,38.809917],[26.977647,38.810745],[26.977856,38.811747],[26.977473,38.811826],[26.978075,38.812463],[26.978677,38.813239],[26.978731,38.813458],[26.979306,38.814234],[26.979524,38.814334],[26.980474,38.815613],[26.981136,38.816506],[26.981185,38.816577],[26.981193,38.816779],[26.981193,38.81696],[26.981494,38.817239],[26.982341,38.818791],[26.982554,38.81907],[26.982614,38.81915],[26.982576,38.819322],[26.982536,38.819493],[26.982529,38.819524],[26.982505,38.819626],[26.982676,38.819763],[26.982779,38.819845],[26.98329,38.820868],[26.983324,38.820942],[26.983272,38.821031],[26.98308,38.821357],[26.983408,38.822094],[26.983379,38.822781],[26.983379,38.823085],[26.983384,38.823552],[26.98338,38.823805],[26.983738,38.823958],[26.983845,38.824004],[26.983861,38.825657],[26.983379,38.826471],[26.982832,38.827187],[26.982234,38.827551],[26.980988,38.828309],[26.979767,38.828937],[26.978207,38.829475],[26.976674,38.829852],[26.974758,38.83017],[26.973033,38.83063],[26.972596,38.830746],[26.971835,38.830746],[26.971146,38.830746],[26.970724,38.830825],[26.969668,38.831024],[26.968876,38.831027],[26.966638,38.831074],[26.966504,38.831076],[26.965081,38.831038],[26.964258,38.830751],[26.963881,38.830816],[26.963703,38.831139],[26.963864,38.831529],[26.963903,38.831623],[26.963591,38.832398],[26.963969,38.832995],[26.963685,38.833031],[26.963458,38.833059],[26.96297,38.832446],[26.962748,38.831735],[26.963526,38.830993],[26.963726,38.830477],[26.963149,38.830267],[26.962771,38.830267],[26.962393,38.830557],[26.961971,38.831073],[26.962082,38.832139],[26.96277,38.833059],[26.964257,38.834367],[26.964658,38.83491],[26.96682,38.837831],[26.96713,38.838799],[26.967885,38.839768],[26.968037,38.840618],[26.968151,38.841253],[26.968816,38.8429],[26.969481,38.846097],[26.969969,38.847001],[26.972901,38.847227],[26.974366,38.847551],[26.975682,38.847551],[26.975832,38.847551],[26.975801,38.847119],[26.975101,38.846925],[26.974967,38.846415],[26.975435,38.845616],[26.975602,38.84484],[26.976869,38.845834],[26.976568,38.846561],[26.977302,38.847725],[26.977868,38.848283],[26.978235,38.848428],[26.978669,38.848768],[26.979302,38.848962],[26.98027,38.848889],[26.981304,38.848526],[26.982771,38.848332],[26.983305,38.848575],[26.983572,38.848502],[26.983539,38.848235],[26.983305,38.848163],[26.983172,38.847944],[26.983505,38.847411],[26.984072,38.847047],[26.98524,38.846878],[26.986374,38.847096],[26.987508,38.847678],[26.988575,38.848624],[26.988541,38.849448],[26.987707,38.85083],[26.987474,38.852284],[26.987073,38.852939],[26.987081,38.85297],[26.987206,38.853496],[26.987807,38.854418],[26.988474,38.854321],[26.989041,38.854563],[26.989675,38.855266],[26.990241,38.85626],[26.990708,38.856648],[26.993043,38.856164],[26.993711,38.856212],[26.994878,38.856649],[26.995912,38.857376],[26.996512,38.857424],[26.99746,38.856669],[26.997546,38.8566],[26.998714,38.856309],[27.000015,38.856261],[27.000849,38.856697],[27.001349,38.857037],[27.002217,38.857134],[27.002884,38.85757],[27.002962,38.85791],[27.003051,38.858297],[27.003351,38.85837],[27.003618,38.858734],[27.004108,38.858716],[27.004285,38.858709],[27.004552,38.858927],[27.004985,38.85883],[27.005486,38.85917],[27.005619,38.859218],[27.00612,38.860237],[27.005753,38.860503],[27.005753,38.860522],[27.005753,38.86094],[27.005486,38.861109],[27.005386,38.861449],[27.005152,38.861691],[27.005486,38.861982],[27.006086,38.861982],[27.006187,38.863146],[27.005886,38.863485],[27.00612,38.863727],[27.006387,38.863534],[27.007067,38.863643],[27.007288,38.863679],[27.007521,38.864212],[27.007506,38.864547],[27.007488,38.86494],[27.006954,38.865424],[27.006687,38.866006],[27.006887,38.866297],[27.007288,38.866564],[27.007321,38.866782],[27.008222,38.867121],[27.008456,38.867461],[27.008656,38.867339],[27.008989,38.866976],[27.009089,38.866539],[27.009176,38.866481],[27.00959,38.8662],[27.01029,38.865982],[27.011024,38.866079],[27.011925,38.866103],[27.012692,38.866563],[27.013193,38.867121],[27.013427,38.867266],[27.014794,38.867557],[27.015362,38.867945],[27.015862,38.867605],[27.01693,38.867751],[27.017397,38.868163],[27.017776,38.868324],[27.018364,38.868575],[27.019165,38.869108],[27.0201,38.869253],[27.020934,38.869592],[27.021201,38.870102],[27.021735,38.870562],[27.022268,38.870707],[27.022869,38.871556],[27.02347,38.871919],[27.023737,38.872549],[27.024204,38.872501],[27.025873,38.872889],[27.026273,38.872816],[27.026606,38.872573],[27.026973,38.872379],[27.026973,38.872016],[27.027007,38.871797],[27.026739,38.871506],[27.026272,38.870537],[27.024904,38.869616],[27.024737,38.869373],[27.023169,38.868525],[27.023069,38.868331],[27.022568,38.867944],[27.021767,38.86775],[27.020633,38.867095],[27.020232,38.866465],[27.019665,38.865932],[27.019765,38.86489],[27.020031,38.864477],[27.019702,38.863281],[27.019664,38.863144],[27.019731,38.862635],[27.020064,38.862344],[27.020159,38.862365],[27.020398,38.862417],[27.020531,38.861956],[27.020898,38.861956],[27.020931,38.861641],[27.021465,38.861374],[27.021765,38.861059],[27.022099,38.860889],[27.022699,38.86135],[27.023033,38.861374],[27.0236,38.860622],[27.023633,38.860065],[27.023866,38.859774],[27.024233,38.859822],[27.024567,38.859289],[27.024568,38.859276],[27.0246,38.858949],[27.025167,38.858876],[27.025457,38.85896],[27.025501,38.858973],[27.025718,38.858883],[27.025734,38.858876],[27.025736,38.858878],[27.026535,38.859531],[27.026969,38.859627],[27.026969,38.860403],[27.026702,38.86084],[27.025935,38.86084],[27.025368,38.8613],[27.027203,38.862488],[27.027637,38.862536],[27.028004,38.862924],[27.027637,38.863409],[27.027237,38.863288],[27.027204,38.863846],[27.027004,38.863846],[27.027204,38.864815],[27.026837,38.865082],[27.026971,38.8653],[27.026337,38.86564],[27.026204,38.865906],[27.02597,38.865882],[27.02577,38.866464],[27.025737,38.866707],[27.02537,38.86707],[27.025303,38.86724],[27.024703,38.867943],[27.024837,38.868234],[27.025337,38.868185],[27.027205,38.866997],[27.027972,38.866391],[27.032308,38.863069],[27.032841,38.862729],[27.033341,38.861977],[27.034642,38.861274],[27.034208,38.861129],[27.033341,38.861177],[27.033207,38.861056],[27.032207,38.861275],[27.031406,38.861566],[27.030339,38.861614],[27.029471,38.8621],[27.029138,38.862391],[27.028671,38.862488],[27.028671,38.862076],[27.029238,38.861469],[27.029171,38.861227],[27.029738,38.861106],[27.030238,38.860427],[27.030204,38.859748],[27.030371,38.859239],[27.029611,38.858395],[27.029853,38.858161],[27.030044,38.857976],[27.030668,38.85794],[27.030139,38.857032],[27.030283,38.856613],[27.029947,38.856334],[27.030379,38.855775],[27.030572,38.856508],[27.030908,38.856299],[27.031292,38.856403],[27.03134,38.856124],[27.0311,38.85588],[27.030763,38.85574],[27.030811,38.8556],[27.031276,38.855723],[27.031447,38.85564],[27.031561,38.855246],[27.031875,38.855017],[27.032104,38.854976],[27.031904,38.855349],[27.031819,38.85566],[27.032075,38.855557],[27.032161,38.855391],[27.032361,38.855494],[27.032361,38.855225],[27.032389,38.855079],[27.032874,38.855121],[27.033046,38.856075],[27.033189,38.856324],[27.03296,38.856531],[27.033303,38.856676],[27.033588,38.856593],[27.033588,38.856344],[27.033388,38.856178],[27.03336,38.856054],[27.034016,38.856074],[27.034245,38.855991],[27.034587,38.856178],[27.035044,38.856199],[27.035044,38.85651],[27.03493,38.856842],[27.03473,38.857174],[27.034959,38.857277],[27.03493,38.857568],[27.034559,38.857858],[27.034482,38.858272],[27.034474,38.858314],[27.034702,38.858605],[27.03456,38.85904],[27.034646,38.859518],[27.035245,38.859849],[27.035674,38.861135],[27.035503,38.86155],[27.035218,38.861654],[27.035475,38.861882],[27.035589,38.861965],[27.035646,38.86238],[27.036103,38.862587],[27.036817,38.862566],[27.037261,38.862385],[27.03753,38.862275],[27.038358,38.862296],[27.039157,38.862835],[27.040071,38.864162],[27.041299,38.864722],[27.041984,38.865157],[27.042184,38.865406],[27.04247,38.865675],[27.042784,38.866271],[27.043213,38.867086],[27.043299,38.867749],[27.043699,38.868371],[27.044184,38.868703],[27.046268,38.86891],[27.04761,38.868619],[27.047782,38.86854],[27.048979,38.867996],[27.050064,38.867705],[27.050977,38.867954],[27.051198,38.86809],[27.052161,38.868688],[27.053062,38.869405],[27.054176,38.869798],[27.055689,38.869777],[27.05606,38.86959],[27.05646,38.868818],[27.056943,38.868013],[27.056858,38.867785],[27.056601,38.867806],[27.056343,38.867453],[27.056372,38.866872],[27.056661,38.866605],[27.056999,38.866291],[27.057912,38.865938],[27.058255,38.865938],[27.058455,38.866187],[27.058826,38.866228],[27.059054,38.866125],[27.059283,38.866228],[27.060787,38.867507],[27.061282,38.867928],[27.061368,38.868198],[27.06188,38.868514],[27.062339,38.868799],[27.063139,38.869918],[27.063124,38.870494],[27.063112,38.870934],[27.063569,38.871515],[27.063314,38.873942],[27.062972,38.874233],[27.061745,38.874607],[27.061345,38.875022],[27.060547,38.875686],[27.06029,38.876101],[27.060319,38.876661],[27.060633,38.877221],[27.061005,38.877594],[27.061576,38.877925],[27.061748,38.878319],[27.062576,38.878485],[27.06309,38.878402],[27.063346,38.878049],[27.063459,38.876846],[27.063687,38.876265],[27.064315,38.875912],[27.0648,38.875829],[27.065337,38.875916],[27.065437,38.876295],[27.065307,38.876625],[27.06523,38.876928],[27.065745,38.878214],[27.065859,38.878981],[27.065603,38.879977],[27.064833,38.880599],[27.064434,38.881346],[27.062722,38.882384],[27.062723,38.88338],[27.062496,38.884396],[27.062468,38.885558],[27.062269,38.885935],[27.061812,38.886803],[27.061149,38.887447],[27.060101,38.888463],[27.05933,38.889003],[27.059097,38.889353],[27.058845,38.889729],[27.057789,38.890601],[27.056619,38.891327],[27.054079,38.892448],[27.051767,38.893176],[27.051429,38.893236],[27.050531,38.893398],[27.049454,38.893591],[27.048255,38.893654],[27.047055,38.89353],[27.046198,38.893219],[27.045855,38.892639],[27.045307,38.89221],[27.045112,38.892058],[27.044855,38.891768],[27.044712,38.891063],[27.044255,38.890897],[27.043741,38.891042],[27.042893,38.89177],[27.042314,38.892267],[27.040687,38.893118],[27.039945,38.893346],[27.038917,38.893471],[27.038825,38.893399],[27.038574,38.893201],[27.03857,38.893175],[27.038517,38.892849],[27.038231,38.892683],[27.038003,38.892725],[27.037603,38.893596],[27.037604,38.894114],[27.036948,38.895712],[27.037005,38.896272],[27.036663,38.896749],[27.036749,38.896811],[27.037462,38.896728],[27.037891,38.896997],[27.037891,38.897039],[27.038119,38.89708],[27.038491,38.896831],[27.038766,38.896843],[27.038976,38.896852],[27.039633,38.89681],[27.040318,38.896851],[27.041032,38.897121],[27.041889,38.89795],[27.042347,38.898718],[27.042376,38.899443],[27.04269,38.899796],[27.042177,38.901061],[27.042691,38.901476],[27.04352,38.901891],[27.043663,38.902596],[27.044463,38.902886],[27.044691,38.903508],[27.044635,38.904172],[27.044235,38.904566],[27.044635,38.904877],[27.044921,38.905416],[27.045007,38.905997],[27.044808,38.906785],[27.044408,38.907345],[27.0439,38.907858],[27.043894,38.907864],[27.043695,38.908196],[27.043924,38.908922],[27.04441,38.909606],[27.044895,38.90971],[27.045628,38.909655],[27.046295,38.909605],[27.047923,38.909752],[27.050179,38.910081],[27.052816,38.910849],[27.053591,38.911075],[27.05515,38.911655],[27.055636,38.912049],[27.056008,38.912588],[27.056608,38.913148],[27.056619,38.913156],[27.057294,38.913666],[27.057352,38.915201],[27.056771,38.916196],[27.051794,38.924716],[27.051732,38.924908],[27.050531,38.928615],[27.050391,38.93056],[27.053692,38.931695],[27.062293,38.935077],[27.066259,38.936624],[27.06915,38.937027],[27.072444,38.937094],[27.074932,38.937094],[27.078764,38.936624],[27.080982,38.936825],[27.08515,38.937632],[27.089049,38.937498]]],[[[26.885059,38.854727],[26.885964,38.854255],[26.886537,38.854343],[26.887039,38.85442],[26.88752,38.853948],[26.88755,38.853352],[26.887833,38.853003],[26.887713,38.852608],[26.887664,38.852448],[26.887778,38.851872],[26.887723,38.851276],[26.887752,38.85031],[26.887612,38.849775],[26.88733,38.849179],[26.88724,38.848534],[26.887218,38.848377],[26.886738,38.847637],[26.886259,38.84704],[26.885099,38.846936],[26.88411,38.846586],[26.883318,38.846482],[26.882809,38.846728],[26.882658,38.847257],[26.882638,38.847324],[26.882298,38.847899],[26.882298,38.848228],[26.881392,38.848577],[26.880685,38.848576],[26.880175,38.848802],[26.879582,38.848555],[26.87909,38.848065],[26.878735,38.847711],[26.879018,38.847649],[26.879583,38.847835],[26.879809,38.847835],[26.879583,38.84765],[26.879244,38.847588],[26.878538,38.847361],[26.877661,38.847422],[26.877038,38.84773],[26.876613,38.84812],[26.876415,38.848407],[26.876499,38.848736],[26.876159,38.848962],[26.876017,38.849208],[26.876158,38.849476],[26.876379,38.849619],[26.876413,38.849641],[26.876525,38.849846],[26.876407,38.850684],[26.876354,38.851059],[26.876663,38.852293],[26.877199,38.852889],[26.877993,38.853249],[26.881693,38.854723],[26.882229,38.855238],[26.882709,38.855978],[26.883699,38.855918],[26.884266,38.855363],[26.884915,38.854842],[26.885059,38.854727]]]]}},{"type":"Feature","properties":{"id":"TR-D-35-002","parent_id":"TR-P-35","region_id":"TR-R-EGE","level":"district","municipality_type":null,"municipality_type_label":null,"is_metropolitan_municipality":null,"name":"Balçova","name_ascii":"balcova","slug":"balcova-izmir"},"geometry":{"type":"MultiPolygon","coordinates":[[[[27.059746,38.415197],[27.060062,38.415064],[27.060095,38.415056],[27.060188,38.414997],[27.060196,38.414989],[27.060275,38.414931],[27.060282,38.414924],[27.060439,38.414795],[27.060468,38.414776],[27.060498,38.414762],[27.060517,38.41475],[27.06055,38.414724],[27.060571,38.414714],[27.060618,38.414681],[27.060678,38.41465],[27.060753,38.414599],[27.060759,38.414592],[27.060776,38.414578],[27.060843,38.414537],[27.060867,38.414516],[27.06092,38.414485],[27.060928,38.414478],[27.061047,38.414395],[27.061062,38.414379],[27.061158,38.414302],[27.061179,38.414289],[27.061196,38.414275],[27.061241,38.414244],[27.061249,38.414238],[27.061259,38.414232],[27.061271,38.414228],[27.061282,38.414225],[27.061294,38.414224],[27.061305,38.41422],[27.061333,38.414202],[27.061343,38.414195],[27.061351,38.414189],[27.061388,38.414149],[27.061394,38.414141],[27.061405,38.414123],[27.06142,38.414109],[27.061428,38.414103],[27.061439,38.414098],[27.061447,38.414091],[27.061454,38.414084],[27.061458,38.414076],[27.061524,38.413989],[27.061533,38.413971],[27.061578,38.413913],[27.061586,38.413905],[27.061628,38.413856],[27.061633,38.413847],[27.061689,38.413772],[27.061694,38.413763],[27.0617,38.413755],[27.061704,38.413747],[27.06171,38.413739],[27.061719,38.41372],[27.061738,38.413696],[27.061743,38.413686],[27.061801,38.413609],[27.061979,38.413423],[27.062056,38.413305],[27.062068,38.413278],[27.062109,38.413216],[27.062113,38.413206],[27.062118,38.413196],[27.062132,38.413182],[27.062151,38.41317],[27.062168,38.413156],[27.062182,38.413141],[27.062193,38.413125],[27.062198,38.413116],[27.062205,38.41308],[27.062261,38.412932],[27.062266,38.412922],[27.062275,38.41289],[27.062279,38.41288],[27.062452,38.412579],[27.062479,38.412523],[27.062518,38.412462],[27.062522,38.412454],[27.06254,38.412427],[27.062577,38.412375],[27.062584,38.412366],[27.062618,38.412313],[27.062668,38.412246],[27.062682,38.412219],[27.062688,38.412211],[27.062716,38.412177],[27.062752,38.412119],[27.062777,38.412087],[27.062801,38.412051],[27.062853,38.411989],[27.062903,38.411949],[27.062909,38.41194],[27.062913,38.411932],[27.062936,38.411898],[27.06294,38.411889],[27.062957,38.411863],[27.06297,38.411847],[27.062976,38.411839],[27.062984,38.411822],[27.062988,38.411813],[27.063003,38.411785],[27.063022,38.41176],[27.063041,38.411724],[27.063047,38.411713],[27.063065,38.411689],[27.063076,38.411671],[27.06308,38.411662],[27.063112,38.411621],[27.063118,38.411611],[27.06313,38.411595],[27.06314,38.411575],[27.063178,38.411524],[27.063192,38.411498],[27.063219,38.411465],[27.063236,38.41144],[27.063244,38.411422],[27.063282,38.411374],[27.063341,38.411278],[27.063347,38.411271],[27.063364,38.411246],[27.063368,38.411237],[27.063396,38.411194],[27.063401,38.411185],[27.063424,38.411153],[27.063431,38.411135],[27.063474,38.411079],[27.063479,38.41107],[27.063518,38.411013],[27.063523,38.411004],[27.063529,38.410996],[27.063542,38.410969],[27.063547,38.410961],[27.063583,38.410923],[27.063605,38.410889],[27.063609,38.41088],[27.063627,38.410855],[27.063636,38.410838],[27.063648,38.410822],[27.063652,38.410814],[27.063658,38.410806],[27.0637,38.410747],[27.063707,38.410739],[27.063746,38.410681],[27.063759,38.410654],[27.063765,38.410646],[27.063772,38.410638],[27.063798,38.410597],[27.063805,38.410589],[27.063819,38.410562],[27.063837,38.410538],[27.063846,38.410521],[27.063891,38.410453],[27.063906,38.410439],[27.063935,38.410396],[27.063939,38.410387],[27.063957,38.410353],[27.063961,38.410344],[27.064019,38.410252],[27.064067,38.410198],[27.064076,38.410191],[27.064118,38.410145],[27.064124,38.410137],[27.06414,38.410124],[27.064148,38.410116],[27.064168,38.410092],[27.064172,38.410084],[27.064184,38.410068],[27.064202,38.410033],[27.064212,38.410005],[27.064216,38.409996],[27.064221,38.409988],[27.064229,38.409981],[27.064232,38.409972],[27.064242,38.409954],[27.064249,38.409946],[27.064255,38.409937],[27.064265,38.40992],[27.06427,38.409912],[27.064318,38.409833],[27.064366,38.409741],[27.064371,38.409733],[27.064378,38.409725],[27.064383,38.409716],[27.064395,38.409699],[27.064406,38.40968],[27.064412,38.409672],[27.064419,38.409664],[27.06443,38.409646],[27.064448,38.409621],[27.064456,38.409614],[27.064474,38.409589],[27.064489,38.409574],[27.064505,38.40956],[27.064516,38.409544],[27.064523,38.409526],[27.064577,38.409439],[27.064584,38.409431],[27.064593,38.409423],[27.064603,38.409417],[27.064611,38.40941],[27.064618,38.409403],[27.064639,38.409369],[27.064649,38.409367],[27.064657,38.409361],[27.064671,38.409335],[27.064705,38.409307],[27.064712,38.409299],[27.064717,38.40929],[27.064721,38.409282],[27.064725,38.409273],[27.06473,38.409265],[27.064737,38.409257],[27.06478,38.409213],[27.064851,38.409164],[27.064901,38.409137],[27.064928,38.409118],[27.064958,38.409103],[27.064992,38.409091],[27.065003,38.40909],[27.065013,38.409086],[27.065021,38.409079],[27.065029,38.409072],[27.065034,38.409064],[27.065042,38.409056],[27.065071,38.409038],[27.065082,38.409033],[27.065092,38.409027],[27.065131,38.408991],[27.065156,38.408959],[27.065176,38.408924],[27.065315,38.408749],[27.06533,38.408721],[27.065357,38.40869],[27.065378,38.408655],[27.065426,38.4086],[27.065443,38.408575],[27.065567,38.408433],[27.065584,38.408407],[27.065713,38.408254],[27.065723,38.408247],[27.065768,38.4082],[27.065779,38.408183],[27.065818,38.408147],[27.065825,38.408137],[27.06583,38.408128],[27.065835,38.40812],[27.066043,38.407909],[27.066081,38.407848],[27.066126,38.407803],[27.06614,38.407786],[27.066174,38.407734],[27.066178,38.407724],[27.066188,38.407707],[27.066196,38.407698],[27.066201,38.407689],[27.066274,38.407596],[27.06628,38.407586],[27.066302,38.407562],[27.066316,38.407545],[27.066412,38.407445],[27.066454,38.407409],[27.066486,38.407369],[27.06651,38.407346],[27.066538,38.407327],[27.066546,38.40732],[27.066556,38.407316],[27.066568,38.407317],[27.066579,38.407321],[27.066591,38.407319],[27.066612,38.407311],[27.066634,38.407316],[27.066646,38.407314],[27.066653,38.407306],[27.066663,38.407289],[27.066673,38.407284],[27.066695,38.407277],[27.066705,38.407281],[27.066713,38.407288],[27.066718,38.407296],[27.066728,38.407297],[27.066735,38.40729],[27.066735,38.407281],[27.06674,38.407273],[27.066748,38.407267],[27.06676,38.407264],[27.066785,38.407261],[27.066796,38.407257],[27.066803,38.40725],[27.066811,38.407244],[27.066821,38.40725],[27.066832,38.407252],[27.066839,38.407245],[27.066837,38.407235],[27.066832,38.407227],[27.066828,38.407218],[27.066825,38.40721],[27.066828,38.40719],[27.066831,38.407182],[27.066837,38.407173],[27.066875,38.407137],[27.066895,38.407114],[27.066902,38.407107],[27.066916,38.407091],[27.066921,38.407083],[27.066927,38.407074],[27.06701,38.40699],[27.067029,38.406966],[27.067038,38.40696],[27.067067,38.406929],[27.067168,38.406847],[27.06732,38.406747],[27.067353,38.406734],[27.067364,38.406731],[27.0674,38.406731],[27.067433,38.40674],[27.067462,38.406754],[27.067493,38.406755],[27.06751,38.406761],[27.067513,38.406772],[27.06751,38.40678],[27.067507,38.406789],[27.067513,38.406805],[27.067571,38.406845],[27.067585,38.406851],[27.067592,38.406854],[27.0676,38.406861],[27.067607,38.40687],[27.067631,38.406887],[27.067673,38.40691],[27.067686,38.406921],[27.067696,38.406932],[27.067701,38.406939],[27.067714,38.40695],[27.06772,38.406959],[27.067724,38.406965],[27.067729,38.40697],[27.067735,38.406973],[27.067756,38.406975],[27.067766,38.40698],[27.067777,38.406987],[27.067785,38.406987],[27.067795,38.406984],[27.067802,38.406978],[27.067815,38.406974],[27.067822,38.406973],[27.067831,38.406976],[27.067836,38.406989],[27.067836,38.406999],[27.067839,38.407006],[27.067852,38.407011],[27.067876,38.407011],[27.067882,38.407014],[27.06789,38.407019],[27.0679,38.407023],[27.067918,38.407025],[27.067957,38.407021],[27.06797,38.407022],[27.067981,38.407025],[27.067989,38.407028],[27.068001,38.40703],[27.068045,38.407029],[27.068063,38.407025],[27.068152,38.407022],[27.068288,38.407017],[27.068416,38.406989],[27.068491,38.406954],[27.068833,38.406718],[27.068936,38.406662],[27.068948,38.406651],[27.068962,38.406633],[27.068969,38.406611],[27.068975,38.40657],[27.068973,38.406552],[27.068963,38.406532],[27.068951,38.406521],[27.068941,38.406514],[27.068905,38.406504],[27.068841,38.406501],[27.068823,38.406503],[27.068804,38.406512],[27.068774,38.40653],[27.068345,38.406845],[27.067891,38.406878],[27.067508,38.406618],[27.067775,38.40638],[27.067786,38.406387],[27.067778,38.406408],[27.067732,38.406447],[27.067739,38.406451],[27.067784,38.406412],[27.067808,38.406403],[27.067859,38.406439],[27.067847,38.406461],[27.067802,38.406498],[27.067808,38.406503],[27.067856,38.406464],[27.067882,38.406457],[27.067927,38.406492],[27.067919,38.40651],[27.067871,38.40655],[27.067878,38.406555],[27.067925,38.406516],[27.067948,38.406507],[27.067999,38.406545],[27.067991,38.406565],[27.067944,38.406604],[27.067951,38.406609],[27.067997,38.40657],[27.068022,38.406562],[27.068068,38.406595],[27.068058,38.406616],[27.068013,38.406654],[27.068019,38.406659],[27.068067,38.40662],[27.068092,38.406613],[27.068141,38.40665],[27.068133,38.406669],[27.068084,38.406708],[27.068091,38.406713],[27.06814,38.406674],[27.068164,38.406668],[27.068194,38.406689],[27.068219,38.406667],[27.068196,38.406652],[27.068196,38.406628],[27.068244,38.406586],[27.068238,38.406582],[27.068191,38.406621],[27.068168,38.406629],[27.068118,38.406593],[27.068126,38.406573],[27.068174,38.406533],[27.068167,38.406528],[27.06812,38.406567],[27.068095,38.406576],[27.068048,38.40654],[27.068056,38.406521],[27.068103,38.406482],[27.068097,38.406477],[27.06805,38.406516],[27.068026,38.406524],[27.067974,38.406486],[27.067983,38.406467],[27.068031,38.406428],[27.068026,38.406423],[27.067977,38.406462],[27.067953,38.40647],[27.067909,38.406437],[27.067917,38.406418],[27.067964,38.406377],[27.067957,38.406373],[27.067909,38.406413],[27.067886,38.40642],[27.0678,38.406356],[27.068092,38.406094],[27.068242,38.406195],[27.068235,38.406214],[27.068189,38.406256],[27.068197,38.406261],[27.068242,38.406219],[27.068267,38.406211],[27.068319,38.406248],[27.068312,38.406268],[27.068268,38.406309],[27.068276,38.406314],[27.06832,38.406273],[27.068344,38.406265],[27.068391,38.406298],[27.068383,38.406317],[27.068339,38.406358],[27.068346,38.406362],[27.068391,38.406322],[27.068414,38.406314],[27.068462,38.406346],[27.068455,38.406365],[27.068412,38.406408],[27.068418,38.406412],[27.068463,38.406371],[27.068486,38.406362],[27.068532,38.406393],[27.068525,38.406412],[27.06848,38.406452],[27.068487,38.406457],[27.06853,38.406418],[27.068556,38.406408],[27.068611,38.406447],[27.068637,38.406426],[27.068466,38.406309],[27.068204,38.406129],[27.068119,38.40607],[27.06849,38.405738],[27.06927,38.406252],[27.069345,38.406321],[27.069361,38.406343],[27.069374,38.406378],[27.069383,38.406432],[27.069381,38.406521],[27.069366,38.40664],[27.069342,38.406694],[27.069334,38.40673],[27.069323,38.406762],[27.069273,38.406824],[27.069269,38.406834],[27.069275,38.406849],[27.069283,38.406863],[27.069302,38.406878],[27.069323,38.406885],[27.069345,38.406887],[27.069366,38.406876],[27.069387,38.406862],[27.069406,38.40684],[27.069423,38.406813],[27.069504,38.406491],[27.0695,38.406437],[27.069479,38.406358],[27.069453,38.406292],[27.069438,38.406263],[27.06939,38.406217],[27.069379,38.406203],[27.069366,38.406165],[27.069343,38.406134],[27.069368,38.40611],[27.069244,38.406025],[27.069303,38.405973],[27.069432,38.406048],[27.069487,38.406001],[27.069743,38.406194],[27.070039,38.405955],[27.070369,38.406201],[27.07042,38.406156],[27.070098,38.40591],[27.070278,38.405762],[27.070537,38.405554],[27.070618,38.405595],[27.07111,38.405995],[27.071119,38.405997],[27.071127,38.405997],[27.071413,38.40577],[27.071413,38.405762],[27.071334,38.405702],[27.07094,38.405399],[27.070932,38.405406],[27.070723,38.405242],[27.07073,38.405235],[27.070342,38.404941],[27.070003,38.404684],[27.069848,38.404567],[27.069984,38.404488],[27.070222,38.404356],[27.070565,38.404167],[27.070706,38.404095],[27.070796,38.404051],[27.070969,38.403974],[27.071231,38.40387],[27.071318,38.403836],[27.071218,38.403725],[27.070525,38.403315],[27.069642,38.402609],[27.068236,38.401606],[27.066562,38.400219],[27.06507,38.39933],[27.06357,38.398425],[27.063577,38.398207],[27.063689,38.397912],[27.064003,38.39752],[27.064474,38.397281],[27.064899,38.397124],[27.065132,38.397004],[27.065183,38.396773],[27.065182,38.39676],[27.065157,38.396508],[27.065005,38.396218],[27.064952,38.396116],[27.06478,38.395604],[27.06481,38.39544],[27.064877,38.395085],[27.06495,38.394958],[27.065049,38.394786],[27.065227,38.394543],[27.06605,38.392939],[27.066248,38.392554],[27.066242,38.392383],[27.066231,38.392047],[27.066143,38.391481],[27.065922,38.391225],[27.065803,38.391088],[27.065724,38.390513],[27.065732,38.390424],[27.065777,38.389937],[27.065829,38.389833],[27.06596,38.389571],[27.066221,38.389152],[27.066588,38.388524],[27.066771,38.388158],[27.067379,38.388269],[27.067485,38.388055],[27.067561,38.385881],[27.067877,38.383097],[27.068148,38.380995],[27.069097,38.378486],[27.070792,38.376384],[27.072623,38.373333],[27.072759,38.371163],[27.072547,38.370553],[27.072148,38.3694],[27.070996,38.367976],[27.069504,38.367298],[27.067809,38.366959],[27.065707,38.366756],[27.064487,38.366959],[27.06347,38.368587],[27.061435,38.370078],[27.059673,38.371028],[27.058384,38.371095],[27.058146,38.37103],[27.056418,38.370553],[27.054723,38.370417],[27.052757,38.370417],[27.050722,38.371706],[27.04862,38.372994],[27.046596,38.373527],[27.046044,38.373672],[27.045027,38.373732],[27.043739,38.373808],[27.039738,38.374214],[27.038496,38.374298],[27.038426,38.374745],[27.038319,38.375178],[27.038194,38.375577],[27.037905,38.37637],[27.037578,38.377155],[27.037401,38.377545],[27.037213,38.377932],[27.037002,38.378337],[27.036781,38.378739],[27.036319,38.379538],[27.036122,38.379866],[27.035129,38.38151],[27.034666,38.382266],[27.033079,38.384857],[27.032698,38.385478],[27.031696,38.387066],[27.030418,38.38905],[27.029379,38.39063],[27.027922,38.392764],[27.027461,38.393492],[27.027226,38.393888],[27.026552,38.395091],[27.025678,38.396709],[27.024818,38.398331],[27.02441,38.39914],[27.024194,38.399608],[27.024049,38.399947],[27.023905,38.400336],[27.022612,38.402905],[27.021921,38.403935],[27.021859,38.404419],[27.021722,38.404818],[27.020562,38.4061],[27.019968,38.407046],[27.019189,38.408291],[27.019093,38.408676],[27.018979,38.409092],[27.018751,38.409408],[27.018373,38.409951],[27.018069,38.410558],[27.01763,38.411464],[27.017312,38.412035],[27.017286,38.412528],[27.017526,38.413513],[27.017792,38.414321],[27.018373,38.414877],[27.019139,38.415231],[27.019171,38.415163],[27.019806,38.415237],[27.020762,38.414737],[27.021164,38.415267],[27.021194,38.415346],[27.02131,38.415331],[27.02126,38.415241],[27.020911,38.414798],[27.020909,38.414725],[27.020902,38.41469],[27.02092,38.414661],[27.021034,38.414559],[27.021718,38.41414],[27.021814,38.414096],[27.02191,38.414052],[27.02194,38.414041],[27.022167,38.414002],[27.022207,38.413986],[27.022238,38.413981],[27.022258,38.41398],[27.022272,38.413984],[27.022287,38.413981],[27.022297,38.413977],[27.022307,38.413969],[27.022332,38.413966],[27.02235,38.413971],[27.022367,38.413969],[27.022463,38.413974],[27.022603,38.413949],[27.0227,38.413944],[27.022723,38.413946],[27.022802,38.41394],[27.022899,38.4139],[27.022998,38.413892],[27.023023,38.413875],[27.023041,38.413877],[27.023061,38.413867],[27.023083,38.413872],[27.023107,38.413867],[27.023118,38.413875],[27.023129,38.413881],[27.023152,38.413877],[27.023168,38.41388],[27.023183,38.413864],[27.023204,38.413849],[27.023216,38.413853],[27.023226,38.413859],[27.023245,38.413856],[27.023268,38.413864],[27.023287,38.413868],[27.0233,38.413876],[27.023314,38.413881],[27.023374,38.413884],[27.023418,38.413901],[27.023436,38.413904],[27.023449,38.413908],[27.023467,38.413904],[27.023518,38.413914],[27.023539,38.413944],[27.023559,38.413935],[27.023567,38.41395],[27.023579,38.41396],[27.023589,38.413963],[27.023604,38.413963],[27.023606,38.413952],[27.023668,38.413979],[27.023679,38.413994],[27.023698,38.413998],[27.023716,38.413994],[27.023738,38.414007],[27.023754,38.414],[27.023774,38.413999],[27.02382,38.41401],[27.023834,38.414023],[27.023854,38.413999],[27.023873,38.41399],[27.023885,38.413978],[27.023906,38.413978],[27.023929,38.413984],[27.023955,38.414],[27.023969,38.414001],[27.023994,38.414001],[27.024008,38.414007],[27.024024,38.41401],[27.024045,38.414018],[27.024064,38.414028],[27.02405,38.414033],[27.024058,38.414043],[27.024083,38.414031],[27.024113,38.414049],[27.024128,38.41405],[27.024139,38.414033],[27.024149,38.414034],[27.024191,38.414041],[27.024212,38.414053],[27.024223,38.414048],[27.024248,38.414053],[27.024276,38.414055],[27.024285,38.414069],[27.0243,38.414064],[27.024315,38.414063],[27.024331,38.414072],[27.024349,38.414067],[27.024372,38.414069],[27.02439,38.414074],[27.024411,38.414081],[27.024426,38.414089],[27.024428,38.4141],[27.02449,38.414098],[27.024489,38.41412],[27.024525,38.414114],[27.024562,38.414123],[27.024682,38.414185],[27.024874,38.414228],[27.025124,38.414323],[27.025253,38.414357],[27.025279,38.414359],[27.025292,38.414384],[27.025326,38.414365],[27.025382,38.414369],[27.025403,38.414364],[27.025443,38.414345],[27.025555,38.414338],[27.025578,38.41434],[27.025598,38.414345],[27.025646,38.414371],[27.025657,38.414379],[27.025659,38.414411],[27.025706,38.414404],[27.025766,38.414427],[27.025774,38.414463],[27.025793,38.414471],[27.025811,38.414444],[27.025829,38.414447],[27.025841,38.414455],[27.025853,38.41447],[27.025893,38.414472],[27.025933,38.414477],[27.026018,38.414475],[27.026052,38.414479],[27.02607,38.414486],[27.026132,38.41452],[27.026181,38.414536],[27.026257,38.414576],[27.026278,38.414579],[27.026299,38.414579],[27.026393,38.414595],[27.026517,38.414595],[27.02661,38.41458],[27.026632,38.414582],[27.026673,38.414593],[27.02674,38.414601],[27.026964,38.414601],[27.027101,38.414585],[27.027226,38.414557],[27.027284,38.414536],[27.027394,38.414523],[27.027473,38.414522],[27.0276,38.414507],[27.027712,38.414514],[27.027761,38.414498],[27.027787,38.414495],[27.027823,38.414482],[27.027859,38.414475],[27.027877,38.414474],[27.027916,38.414465],[27.027944,38.414461],[27.027967,38.414455],[27.028008,38.414379],[27.028013,38.414359],[27.028025,38.414327],[27.02804,38.414318],[27.028125,38.414361],[27.028159,38.414368],[27.028188,38.414361],[27.028234,38.414356],[27.028256,38.414372],[27.028274,38.41438],[27.028288,38.414379],[27.028297,38.414374],[27.028304,38.414365],[27.028306,38.414348],[27.0284,38.414319],[27.028432,38.414293],[27.02845,38.414273],[27.028458,38.41425],[27.028462,38.414235],[27.028455,38.414193],[27.028444,38.414156],[27.029564,38.413791],[27.029567,38.41381],[27.029565,38.413847],[27.029568,38.413861],[27.02958,38.413881],[27.029617,38.4139],[27.029644,38.41391],[27.029664,38.413913],[27.029718,38.413906],[27.029769,38.413904],[27.029804,38.41391],[27.029826,38.41391],[27.029849,38.413905],[27.029857,38.413893],[27.029858,38.413872],[27.029862,38.413858],[27.02987,38.413841],[27.029872,38.413828],[27.029881,38.413825],[27.029898,38.413835],[27.029907,38.413869],[27.029915,38.413887],[27.029978,38.413917],[27.030088,38.413945],[27.030103,38.413958],[27.030113,38.413964],[27.030122,38.413957],[27.030139,38.413952],[27.03016,38.413955],[27.030174,38.413952],[27.030242,38.413944],[27.030264,38.413953],[27.030273,38.413948],[27.030281,38.413938],[27.030313,38.413938],[27.030357,38.413932],[27.030385,38.413934],[27.030401,38.413937],[27.03042,38.413933],[27.030433,38.413933],[27.030443,38.413931],[27.030451,38.413929],[27.03047,38.41392],[27.030493,38.413924],[27.030504,38.413927],[27.030515,38.413929],[27.030536,38.41392],[27.030544,38.413914],[27.030556,38.413913],[27.030568,38.413915],[27.03058,38.413914],[27.030592,38.41391],[27.030604,38.41391],[27.030612,38.413916],[27.030624,38.413917],[27.030636,38.413917],[27.030658,38.413912],[27.030668,38.413915],[27.030671,38.413924],[27.030681,38.413929],[27.030692,38.413931],[27.030702,38.413927],[27.03071,38.413921],[27.030718,38.413915],[27.030728,38.413918],[27.030737,38.413924],[27.030748,38.413927],[27.030759,38.413926],[27.030774,38.413913],[27.030786,38.413915],[27.030795,38.41392],[27.030804,38.413927],[27.030804,38.413935],[27.030812,38.413941],[27.030836,38.413945],[27.030849,38.413944],[27.030858,38.413939],[27.03087,38.413937],[27.03092,38.413938],[27.030933,38.41394],[27.030943,38.413946],[27.030951,38.413952],[27.030962,38.41395],[27.030969,38.413943],[27.030979,38.413938],[27.030991,38.413938],[27.031001,38.413943],[27.031059,38.413942],[27.031095,38.413934],[27.031105,38.41393],[27.031114,38.413924],[27.031124,38.413922],[27.031135,38.413926],[27.031144,38.413931],[27.03115,38.413939],[27.031157,38.413946],[27.031168,38.413949],[27.031179,38.413948],[27.03118,38.41394],[27.031191,38.41394],[27.031203,38.413941],[27.031214,38.413943],[27.031225,38.413948],[27.031237,38.413951],[27.031249,38.413952],[27.031257,38.413947],[27.03127,38.413933],[27.031281,38.413931],[27.031306,38.413932],[27.031318,38.413933],[27.031329,38.413937],[27.031339,38.413942],[27.031348,38.413947],[27.031359,38.413951],[27.03137,38.413954],[27.031394,38.413954],[27.03143,38.413948],[27.031439,38.413943],[27.031451,38.413943],[27.031462,38.413959],[27.031482,38.413969],[27.031494,38.413973],[27.031501,38.41398],[27.031511,38.413986],[27.031532,38.413994],[27.031544,38.413996],[27.031556,38.413996],[27.03158,38.414],[27.031622,38.414016],[27.031651,38.414032],[27.031663,38.414036],[27.03167,38.41403],[27.03168,38.414026],[27.031714,38.414032],[27.031717,38.414033],[27.031726,38.414037],[27.031745,38.414049],[27.031755,38.414054],[27.031766,38.414058],[27.031786,38.414068],[27.031797,38.414067],[27.031807,38.414064],[27.031828,38.414074],[27.03183,38.414083],[27.031833,38.414089],[27.031843,38.414092],[27.031851,38.414099],[27.031862,38.414102],[27.031884,38.414103],[27.031894,38.414108],[27.031899,38.414116],[27.031896,38.414124],[27.031906,38.414128],[27.031929,38.414131],[27.031953,38.414128],[27.031964,38.414128],[27.031975,38.41413],[27.032098,38.41412],[27.032119,38.414115],[27.032146,38.414113],[27.032168,38.414105],[27.03218,38.414103],[27.032192,38.414102],[27.032215,38.414097],[27.03225,38.414095],[27.032274,38.414097],[27.032286,38.414097],[27.032297,38.414098],[27.032308,38.4141],[27.032319,38.414103],[27.032331,38.414104],[27.032342,38.414104],[27.032389,38.414096],[27.032423,38.414083],[27.032432,38.414076],[27.032463,38.414047],[27.032468,38.414039],[27.032473,38.414031],[27.032475,38.414022],[27.032476,38.414012],[27.032469,38.413986],[27.032456,38.41396],[27.032445,38.413943],[27.032425,38.4139],[27.032425,38.413891],[27.032413,38.413875],[27.03241,38.413866],[27.032404,38.413857],[27.032398,38.413849],[27.032393,38.413841],[27.032386,38.413823],[27.032373,38.413799],[27.032366,38.413792],[27.032359,38.413775],[27.032344,38.41375],[27.032341,38.413742],[27.032333,38.41373],[27.03232,38.413709],[27.032307,38.413693],[27.032302,38.413684],[27.032294,38.413665],[27.032289,38.413657],[27.032277,38.413642],[27.032271,38.413625],[27.032264,38.413617],[27.032259,38.41361],[27.032256,38.4136],[27.032387,38.413546],[27.032407,38.413588],[27.032454,38.413658],[27.032478,38.413694],[27.032485,38.413701],[27.032488,38.41371],[27.032497,38.413727],[27.0325,38.413735],[27.032538,38.413792],[27.032549,38.413819],[27.032562,38.413834],[27.032566,38.413843],[27.032572,38.413851],[27.03258,38.413858],[27.032591,38.413874],[27.032597,38.413882],[27.032603,38.413899],[27.032616,38.413926],[27.032621,38.413933],[27.032626,38.413942],[27.032629,38.413951],[27.032652,38.413984],[27.03266,38.413991],[27.032664,38.413999],[27.032666,38.414008],[27.032677,38.414025],[27.032691,38.41404],[27.0327,38.414046],[27.03271,38.41405],[27.032719,38.414056],[27.032727,38.414063],[27.032739,38.414066],[27.032762,38.414063],[27.032783,38.414056],[27.032803,38.414046],[27.032811,38.41404],[27.032841,38.414025],[27.032861,38.414018],[27.03288,38.414008],[27.032888,38.414001],[27.032899,38.413997],[27.032909,38.413991],[27.032925,38.413979],[27.032944,38.413967],[27.032956,38.413965],[27.032977,38.413974],[27.032988,38.413971],[27.032999,38.413966],[27.033023,38.413962],[27.033089,38.413938],[27.033104,38.413925],[27.033114,38.41392],[27.033123,38.413914],[27.033137,38.4139],[27.033149,38.413896],[27.033172,38.413897],[27.03318,38.413889],[27.033191,38.413882],[27.033202,38.413878],[27.033239,38.413879],[27.033251,38.413876],[27.033259,38.413869],[27.033265,38.413862],[27.033276,38.413858],[27.033288,38.413858],[27.0333,38.41386],[27.033311,38.413858],[27.033381,38.413842],[27.033428,38.413835],[27.033478,38.413839],[27.03349,38.413841],[27.033511,38.41385],[27.033523,38.413848],[27.033534,38.413845],[27.033547,38.413845],[27.033557,38.41384],[27.03356,38.413831],[27.033566,38.413824],[27.033578,38.413819],[27.033585,38.413811],[27.033596,38.413809],[27.033609,38.41381],[27.033621,38.413812],[27.033631,38.413808],[27.033638,38.413801],[27.033642,38.413792],[27.033653,38.41379],[27.033677,38.413793],[27.033688,38.413793],[27.0337,38.413791],[27.033778,38.41377],[27.033789,38.413769],[27.033802,38.41377],[27.033825,38.413776],[27.03385,38.413773],[27.033943,38.413752],[27.033967,38.413754],[27.03398,38.413753],[27.033991,38.413749],[27.034002,38.413747],[27.034023,38.413755],[27.034035,38.413756],[27.034064,38.413741],[27.034074,38.413737],[27.034083,38.413731],[27.034095,38.413729],[27.034154,38.413728],[27.034165,38.413725],[27.034188,38.413723],[27.034233,38.413712],[27.034268,38.413711],[27.034301,38.413703],[27.034312,38.413697],[27.034324,38.413695],[27.034348,38.413693],[27.034359,38.413691],[27.034371,38.41369],[27.034384,38.413691],[27.034393,38.413696],[27.034403,38.413699],[27.034425,38.413693],[27.034437,38.413692],[27.034472,38.413681],[27.034484,38.413679],[27.034484,38.413672],[27.034476,38.413665],[27.034473,38.413657],[27.034474,38.413647],[27.03448,38.41364],[27.03449,38.413634],[27.0345,38.41363],[27.034511,38.413627],[27.034521,38.413623],[27.03453,38.413616],[27.034537,38.413609],[27.034539,38.413601],[27.034529,38.413596],[27.034518,38.413594],[27.034505,38.41359],[27.034497,38.413583],[27.034493,38.413565],[27.034485,38.413558],[27.034465,38.413548],[27.034429,38.413547],[27.034407,38.413551],[27.034397,38.413555],[27.034374,38.413553],[27.034362,38.413554],[27.034242,38.413568],[27.034158,38.413569],[27.034123,38.413574],[27.034101,38.41358],[27.034076,38.413581],[27.034065,38.413581],[27.034053,38.413583],[27.034041,38.413586],[27.03403,38.413587],[27.034018,38.413586],[27.033981,38.413588],[27.033969,38.41359],[27.033949,38.413597],[27.033937,38.413598],[27.033927,38.413593],[27.03392,38.413587],[27.033909,38.413584],[27.033897,38.413584],[27.033886,38.41358],[27.033875,38.413581],[27.033864,38.413587],[27.033853,38.41359],[27.033829,38.413591],[27.033806,38.413594],[27.033795,38.413594],[27.033784,38.413591],[27.033772,38.41359],[27.033761,38.41359],[27.033678,38.413603],[27.033654,38.413604],[27.033642,38.413606],[27.033631,38.413607],[27.033561,38.413616],[27.033536,38.413615],[27.033525,38.413614],[27.033489,38.413613],[27.03347,38.413622],[27.033356,38.41364],[27.033334,38.413635],[27.033323,38.413637],[27.033212,38.413664],[27.033201,38.413668],[27.033179,38.413674],[27.033132,38.413676],[27.033107,38.413679],[27.033094,38.413682],[27.03307,38.413683],[27.033047,38.413687],[27.033035,38.413687],[27.033023,38.413686],[27.033011,38.413686],[27.033002,38.41369],[27.032995,38.413692],[27.032986,38.413686],[27.032978,38.413679],[27.032967,38.41368],[27.03296,38.413687],[27.032954,38.413695],[27.032946,38.413694],[27.032935,38.413691],[27.032923,38.413689],[27.032916,38.413682],[27.032906,38.413677],[27.032895,38.413676],[27.032883,38.413676],[27.032863,38.413669],[27.03284,38.413666],[27.03283,38.413662],[27.032818,38.41366],[27.032807,38.413657],[27.032802,38.413649],[27.032793,38.413643],[27.032788,38.413635],[27.032784,38.413627],[27.032786,38.413617],[27.032794,38.413612],[27.032795,38.413603],[27.032789,38.413595],[27.032784,38.413587],[27.032775,38.413581],[27.032768,38.413574],[27.032756,38.413558],[27.032741,38.413545],[27.032734,38.413538],[27.032733,38.413529],[27.032733,38.41352],[27.032729,38.413502],[27.032738,38.413483],[27.03274,38.413474],[27.032743,38.413465],[27.032745,38.413426],[27.032749,38.413417],[27.032754,38.413409],[27.032762,38.413402],[27.032773,38.413401],[27.032783,38.413405],[27.032792,38.413399],[27.032798,38.413391],[27.032802,38.413383],[27.032807,38.413375],[27.032815,38.413368],[27.032818,38.413359],[27.032806,38.413357],[27.032796,38.413354],[27.032793,38.413345],[27.032796,38.413336],[27.032801,38.413327],[27.032817,38.413314],[27.032822,38.413306],[27.032826,38.413287],[27.032825,38.413277],[27.032816,38.413272],[27.032804,38.413275],[27.0328,38.413269],[27.032807,38.413241],[27.032805,38.413233],[27.032805,38.413224],[27.032811,38.413216],[27.032818,38.413209],[27.03283,38.413208],[27.03284,38.413212],[27.032852,38.413213],[27.032862,38.41321],[27.032867,38.413201],[27.032867,38.413192],[27.03286,38.413185],[27.032857,38.413176],[27.032851,38.413168],[27.032842,38.413151],[27.032841,38.413142],[27.032843,38.413133],[27.032857,38.413118],[27.032856,38.41311],[27.032848,38.413103],[27.032836,38.413101],[27.03283,38.413094],[27.032828,38.413085],[27.032832,38.413077],[27.032841,38.413071],[27.032848,38.413063],[27.032845,38.413055],[27.032834,38.413052],[27.032824,38.413047],[27.032823,38.413038],[27.03283,38.413031],[27.032841,38.413032],[27.032851,38.413028],[27.032856,38.41301],[27.032852,38.413001],[27.032847,38.412993],[27.032845,38.412984],[27.032846,38.412974],[27.032836,38.412957],[27.032833,38.412938],[27.032833,38.412928],[27.032835,38.412919],[27.032836,38.4129],[27.032832,38.412891],[27.032831,38.412882],[27.032827,38.412873],[27.03281,38.412849],[27.032808,38.41284],[27.032813,38.412822],[27.032821,38.412815],[27.032823,38.412806],[27.032822,38.412788],[27.032825,38.412779],[27.032822,38.41277],[27.032816,38.412763],[27.032809,38.412745],[27.03281,38.412737],[27.032819,38.412719],[27.032822,38.412709],[27.032823,38.4127],[27.032826,38.41269],[27.03283,38.412681],[27.032836,38.412673],[27.032845,38.412666],[27.032865,38.412644],[27.032872,38.412636],[27.032891,38.412626],[27.032897,38.412618],[27.03289,38.412612],[27.032879,38.412611],[27.032882,38.412604],[27.032902,38.412595],[27.032907,38.412586],[27.032897,38.412569],[27.032899,38.41256],[27.032907,38.412552],[27.032915,38.412545],[27.032925,38.41254],[27.032931,38.412533],[27.032936,38.412525],[27.032943,38.412517],[27.032959,38.412501],[27.032963,38.412493],[27.032971,38.412485],[27.032975,38.412476],[27.03298,38.412468],[27.032982,38.412459],[27.03298,38.41245],[27.032975,38.412443],[27.032978,38.412435],[27.032987,38.412429],[27.032999,38.412427],[27.03301,38.412427],[27.033022,38.412423],[27.03303,38.412417],[27.033035,38.412409],[27.033038,38.4124],[27.033034,38.412392],[27.033027,38.412385],[27.033032,38.412376],[27.033035,38.412368],[27.033041,38.412362],[27.033052,38.41236],[27.033062,38.412355],[27.033068,38.412348],[27.033071,38.412339],[27.033079,38.412333],[27.03309,38.412331],[27.033102,38.41233],[27.033122,38.412323],[27.033133,38.412321],[27.03314,38.412315],[27.033145,38.412308],[27.033152,38.412301],[27.033151,38.412292],[27.033159,38.412288],[27.033171,38.412289],[27.033177,38.412281],[27.033175,38.412255],[27.033172,38.412246],[27.033173,38.412237],[27.033172,38.412229],[27.03318,38.412225],[27.033191,38.412228],[27.033201,38.412224],[27.033218,38.412214],[27.033224,38.412207],[27.033218,38.4122],[27.033223,38.412193],[27.033232,38.412197],[27.033242,38.412195],[27.033248,38.412188],[27.033236,38.412172],[27.033237,38.412164],[27.033251,38.41215],[27.033254,38.412141],[27.033259,38.412134],[27.033267,38.412127],[27.033278,38.412111],[27.033288,38.412107],[27.033289,38.412098],[27.033294,38.412093],[27.033303,38.412089],[27.033311,38.412084],[27.033313,38.412075],[27.03332,38.412068],[27.033331,38.412052],[27.033334,38.412043],[27.033334,38.412034],[27.033336,38.412025],[27.033342,38.412017],[27.033352,38.412009],[27.033829,38.412207],[27.033824,38.412216],[27.033853,38.412258],[27.033824,38.412304],[27.033973,38.412368],[27.033989,38.412343],[27.033989,38.412335],[27.033996,38.412327],[27.034004,38.412313],[27.03401,38.412314],[27.034077,38.412189],[27.034074,38.412184],[27.034082,38.412168],[27.033969,38.41211],[27.033964,38.412117],[27.033943,38.412107],[27.033911,38.412155],[27.033856,38.412166],[27.033852,38.412171],[27.033401,38.411984],[27.033423,38.411982],[27.03343,38.411947],[27.033423,38.41194],[27.033432,38.411936],[27.033441,38.41193],[27.033447,38.411922],[27.033466,38.411914],[27.03347,38.411906],[27.033476,38.411899],[27.033485,38.411899],[27.033494,38.411893],[27.033499,38.411884],[27.033504,38.411878],[27.033511,38.411871],[27.033515,38.411863],[27.033525,38.41186],[27.033528,38.411868],[27.033537,38.411869],[27.033548,38.411854],[27.033552,38.411846],[27.033552,38.411837],[27.033574,38.411841],[27.033579,38.411832],[27.033589,38.411829],[27.033592,38.411821],[27.033591,38.411812],[27.033587,38.411804],[27.033594,38.411797],[27.033605,38.411795],[27.033612,38.411802],[27.033622,38.411804],[27.033632,38.4118],[27.033638,38.411793],[27.033634,38.411783],[27.033638,38.411775],[27.033645,38.411769],[27.033647,38.41176],[27.033653,38.411753],[27.033663,38.411751],[27.033672,38.411746],[27.033664,38.41174],[27.033658,38.411733],[27.033661,38.411724],[27.033677,38.411711],[27.033685,38.411707],[27.033696,38.41171],[27.033704,38.411704],[27.033715,38.411701],[27.033719,38.411693],[27.033736,38.41168],[27.033747,38.411676],[27.033763,38.411664],[27.033767,38.411655],[27.033777,38.411651],[27.033785,38.411645],[27.033796,38.411629],[27.0338,38.411621],[27.033811,38.411617],[27.033819,38.411612],[27.033829,38.411607],[27.033846,38.411595],[27.033855,38.41159],[27.033862,38.411582],[27.033863,38.411573],[27.033863,38.411565],[27.03387,38.411558],[27.033881,38.411555],[27.033891,38.41155],[27.033898,38.411544],[27.033907,38.411538],[27.033906,38.411529],[27.033913,38.411529],[27.033919,38.411528],[27.03392,38.411518],[27.033928,38.411512],[27.033939,38.41151],[27.033951,38.411511],[27.033964,38.411499],[27.033974,38.411496],[27.033974,38.411487],[27.03398,38.41148],[27.033992,38.411479],[27.034003,38.41148],[27.034013,38.411464],[27.034023,38.411459],[27.034033,38.411462],[27.034044,38.411458],[27.034078,38.411433],[27.034088,38.411429],[27.034098,38.411424],[27.034109,38.411421],[27.034119,38.411416],[27.034127,38.41141],[27.034135,38.411404],[27.034146,38.411403],[27.034152,38.411397],[27.034162,38.411397],[27.03419,38.41138],[27.03423,38.411362],[27.034247,38.411349],[27.034254,38.411342],[27.034275,38.411339],[27.034282,38.411332],[27.03428,38.411323],[27.034299,38.411312],[27.034309,38.411307],[27.034317,38.411301],[27.034337,38.411296],[27.034363,38.411277],[27.03437,38.41127],[27.034379,38.411264],[27.034389,38.411258],[27.034406,38.411245],[27.034424,38.411234],[27.034435,38.411231],[27.034444,38.411226],[27.034452,38.41122],[27.034472,38.411211],[27.034481,38.411206],[27.034483,38.411198],[27.03449,38.411194],[27.034501,38.411193],[27.034507,38.411186],[27.034515,38.411182],[27.034526,38.41118],[27.034545,38.411158],[27.034545,38.411149],[27.034537,38.411141],[27.034554,38.411131],[27.034561,38.411137],[27.03457,38.411141],[27.034589,38.411134],[27.034596,38.411128],[27.034602,38.41112],[27.034612,38.411115],[27.034623,38.411114],[27.034626,38.411106],[27.034635,38.411101],[27.034644,38.411095],[27.034652,38.411088],[27.034663,38.411087],[27.034672,38.411082],[27.034682,38.411078],[27.034693,38.411081],[27.0347,38.411075],[27.034708,38.411068],[27.034719,38.411065],[27.034728,38.411059],[27.034738,38.411056],[27.034754,38.411043],[27.034788,38.411035],[27.034795,38.41103],[27.034798,38.411022],[27.034806,38.411027],[27.034814,38.411023],[27.034821,38.411016],[27.034832,38.411012],[27.034843,38.411013],[27.034866,38.411038],[27.034881,38.41103],[27.034867,38.411012],[27.034876,38.411009],[27.034888,38.41101],[27.034899,38.411014],[27.034909,38.41101],[27.034914,38.411002],[27.034924,38.410997],[27.034934,38.411001],[27.034944,38.410998],[27.034955,38.410997],[27.034963,38.41099],[27.034973,38.410989],[27.034983,38.410984],[27.034992,38.410978],[27.035002,38.410974],[27.035015,38.410974],[27.035037,38.41097],[27.035049,38.410971],[27.035061,38.41097],[27.035069,38.410974],[27.03508,38.410972],[27.035082,38.410963],[27.03509,38.41096],[27.0351,38.410959],[27.035102,38.410951],[27.035108,38.410945],[27.035119,38.410948],[27.035127,38.410943],[27.03513,38.410934],[27.035138,38.41093],[27.035155,38.410919],[27.035161,38.410911],[27.035169,38.410904],[27.035192,38.410902],[27.035204,38.410902],[27.035215,38.410904],[27.035226,38.410903],[27.035237,38.410899],[27.035248,38.410896],[27.035259,38.410897],[27.035283,38.410894],[27.035295,38.410894],[27.035306,38.410892],[27.035317,38.410876],[27.035326,38.410871],[27.035338,38.410872],[27.035343,38.410879],[27.035354,38.410882],[27.035365,38.410879],[27.035375,38.410872],[27.035385,38.410868],[27.035397,38.410867],[27.035427,38.410861],[27.035433,38.410867],[27.035441,38.410863],[27.035451,38.410859],[27.035472,38.410865],[27.035484,38.410866],[27.035492,38.410861],[27.035503,38.410859],[27.035551,38.410859],[27.035562,38.410857],[27.035573,38.410853],[27.035583,38.410849],[27.035593,38.410849],[27.035599,38.410856],[27.035635,38.410853],[27.035647,38.410854],[27.035655,38.410848],[27.035665,38.410848],[27.035674,38.410854],[27.035683,38.410859],[27.035717,38.410858],[27.03574,38.410863],[27.035751,38.410862],[27.035761,38.410857],[27.035785,38.410855],[27.035808,38.41086],[27.035819,38.410863],[27.035831,38.410863],[27.035841,38.410862],[27.035845,38.410853],[27.035854,38.410852],[27.035864,38.410857],[27.035874,38.410852],[27.035885,38.41085],[27.035908,38.410849],[27.035919,38.410851],[27.035943,38.41085],[27.035965,38.410854],[27.035977,38.410853],[27.035988,38.410854],[27.036,38.410857],[27.036011,38.410858],[27.036023,38.410857],[27.036034,38.410852],[27.036044,38.41085],[27.036056,38.41085],[27.036067,38.410852],[27.036072,38.410859],[27.036083,38.41086],[27.036094,38.410856],[27.036105,38.410858],[27.036114,38.410855],[27.036124,38.41085],[27.036135,38.410853],[27.036139,38.41086],[27.036149,38.410863],[27.036167,38.410855],[27.036172,38.41086],[27.036181,38.410865],[27.036204,38.410868],[27.036239,38.410868],[27.03625,38.410865],[27.036262,38.410865],[27.036272,38.410869],[27.036283,38.410871],[27.036307,38.410872],[27.036317,38.410873],[27.036327,38.410877],[27.03635,38.410877],[27.036384,38.410883],[27.036457,38.410885],[27.036489,38.410894],[27.036512,38.410893],[27.036524,38.410895],[27.036535,38.410897],[27.036545,38.410902],[27.036556,38.410903],[27.036567,38.410903],[27.036591,38.410904],[27.036602,38.410907],[27.036612,38.410906],[27.036623,38.410903],[27.036634,38.410905],[27.036644,38.410909],[27.036668,38.410907],[27.036704,38.41091],[27.036715,38.410913],[27.036726,38.410914],[27.036738,38.410913],[27.036749,38.410913],[27.036772,38.410917],[27.036782,38.410921],[27.036794,38.410922],[27.03683,38.410922],[27.036852,38.410925],[27.036875,38.410923],[27.036899,38.410924],[27.03691,38.410923],[27.036934,38.410925],[27.036946,38.410925],[27.036957,38.410926],[27.036981,38.410931],[27.036991,38.410935],[27.037002,38.410936],[27.037014,38.410935],[27.037049,38.410938],[27.037072,38.410935],[27.037083,38.410937],[27.037093,38.410941],[27.037118,38.410941],[27.037129,38.410943],[27.037142,38.410943],[27.037153,38.410945],[27.037176,38.410946],[27.0372,38.41095],[27.037236,38.410949],[27.037281,38.410957],[27.037303,38.410951],[27.037315,38.410951],[27.037326,38.410954],[27.037337,38.410952],[27.037346,38.410949],[27.037357,38.410952],[27.03738,38.410955],[27.037391,38.410951],[27.037438,38.410948],[27.037449,38.410946],[27.037489,38.410927],[27.037565,38.410903],[27.037575,38.410898],[27.037583,38.410891],[27.03763,38.410891],[27.037641,38.410889],[27.037651,38.410885],[27.037658,38.410877],[27.037661,38.410871],[27.037671,38.410874],[27.037693,38.410867],[27.037701,38.410862],[27.037711,38.410856],[27.037715,38.410848],[27.037726,38.410846],[27.037738,38.410847],[27.037759,38.410842],[27.037768,38.410837],[27.037779,38.410834],[27.03779,38.410839],[27.037803,38.410839],[27.037814,38.410837],[27.037825,38.410835],[27.037836,38.410831],[27.037857,38.410825],[27.037885,38.41081],[27.037906,38.410804],[27.037915,38.410806],[27.037921,38.41081],[27.037923,38.410817],[27.037934,38.410816],[27.037939,38.410824],[27.037948,38.410821],[27.037971,38.410824],[27.037983,38.410826],[27.037992,38.410831],[27.037998,38.410826],[27.038008,38.410824],[27.038031,38.410827],[27.038037,38.410834],[27.038048,38.410834],[27.038069,38.410838],[27.038081,38.410839],[27.038093,38.410838],[27.038115,38.410832],[27.038139,38.410832],[27.038157,38.410824],[27.038177,38.410834],[27.038182,38.410842],[27.038191,38.410846],[27.038201,38.410844],[27.038211,38.410838],[27.038222,38.410836],[27.038233,38.410837],[27.038267,38.410845],[27.038274,38.410851],[27.038271,38.41086],[27.038273,38.410868],[27.038284,38.410869],[27.038288,38.410861],[27.038289,38.410852],[27.038297,38.410849],[27.038417,38.410859],[27.03842,38.410865],[27.038419,38.410883],[27.038414,38.410888],[27.038409,38.410895],[27.038412,38.410901],[27.038434,38.410905],[27.038442,38.410904],[27.038444,38.410895],[27.038435,38.410891],[27.038435,38.41088],[27.038434,38.410871],[27.038436,38.410863],[27.038447,38.410859],[27.038458,38.410859],[27.03847,38.410862],[27.038481,38.410864],[27.038493,38.410865],[27.038505,38.410867],[27.038516,38.410866],[27.038527,38.410863],[27.038538,38.410865],[27.038549,38.410868],[27.038621,38.410879],[27.038632,38.410882],[27.03865,38.410892],[27.038672,38.41089],[27.038696,38.410891],[27.038719,38.410897],[27.038729,38.410895],[27.038765,38.410894],[27.038788,38.410896],[27.038833,38.410907],[27.038845,38.410908],[27.038855,38.410905],[27.038867,38.410907],[27.038877,38.41091],[27.038901,38.410912],[27.038923,38.410916],[27.038926,38.41092],[27.038929,38.410923],[27.038939,38.410926],[27.03895,38.410925],[27.038963,38.410926],[27.038998,38.410934],[27.039032,38.410937],[27.039053,38.410945],[27.039088,38.410948],[27.039097,38.410953],[27.039121,38.410953],[27.039155,38.410962],[27.039175,38.41097],[27.039197,38.410974],[27.039205,38.410981],[27.039215,38.410985],[27.039263,38.410983],[27.039273,38.410979],[27.039282,38.410974],[27.039305,38.410974],[27.039315,38.410978],[27.039326,38.410979],[27.039338,38.410978],[27.039349,38.41098],[27.039391,38.410995],[27.039449,38.411006],[27.039484,38.411003],[27.039507,38.411005],[27.039519,38.411008],[27.039553,38.411013],[27.039565,38.411014],[27.039587,38.411011],[27.039599,38.411011],[27.039609,38.411015],[27.039621,38.411018],[27.039645,38.411018],[27.039655,38.411022],[27.039666,38.411022],[27.039677,38.411019],[27.039688,38.411019],[27.039721,38.41103],[27.039732,38.411032],[27.039743,38.411036],[27.039754,38.411039],[27.039766,38.411039],[27.039778,38.411039],[27.039824,38.411045],[27.039835,38.411043],[27.039845,38.41104],[27.039862,38.411051],[27.039873,38.411055],[27.03993,38.411048],[27.03994,38.411052],[27.03995,38.411058],[27.039984,38.411068],[27.040019,38.411074],[27.040031,38.411074],[27.040043,38.411075],[27.040053,38.411078],[27.040065,38.411079],[27.040076,38.411076],[27.040084,38.411071],[27.040213,38.411097],[27.040224,38.4111],[27.040236,38.411102],[27.040247,38.411104],[27.040242,38.41111],[27.040242,38.411118],[27.040254,38.411121],[27.040266,38.41112],[27.040277,38.411122],[27.040321,38.411134],[27.040331,38.41114],[27.040336,38.411147],[27.040345,38.411165],[27.040355,38.411169],[27.040366,38.411173],[27.040375,38.411178],[27.040386,38.411176],[27.040398,38.411175],[27.040419,38.411184],[27.04043,38.411188],[27.04044,38.411194],[27.040485,38.41121],[27.040518,38.411219],[27.040578,38.411252],[27.040587,38.411257],[27.040646,38.411303],[27.040654,38.41131],[27.04066,38.411317],[27.040676,38.411332],[27.040686,38.411337],[27.040708,38.411359],[27.040718,38.411364],[27.040733,38.411377],[27.040739,38.411385],[27.040736,38.411394],[27.040731,38.411402],[27.040727,38.41144],[27.040734,38.411457],[27.040734,38.411466],[27.040733,38.411475],[27.040721,38.411491],[27.040709,38.411492],[27.040699,38.41149],[27.040695,38.4115],[27.040694,38.41151],[27.040694,38.41152],[27.040697,38.411529],[27.040701,38.411539],[27.040704,38.411548],[27.040702,38.411558],[27.040702,38.411569],[27.040703,38.411588],[27.040702,38.411597],[27.040702,38.411607],[27.040706,38.411615],[27.040702,38.411622],[27.040697,38.41163],[27.040706,38.411646],[27.040707,38.411655],[27.040702,38.411663],[27.0407,38.411672],[27.040693,38.41169],[27.040687,38.411698],[27.040685,38.411707],[27.040684,38.411716],[27.040688,38.411743],[27.040685,38.411762],[27.040684,38.411771],[27.040682,38.411781],[27.04068,38.4118],[27.040676,38.411809],[27.040676,38.411818],[27.040672,38.411824],[27.04066,38.411824],[27.040652,38.411829],[27.040653,38.411838],[27.040659,38.411845],[27.040671,38.411847],[27.04068,38.411851],[27.04069,38.411869],[27.040691,38.411878],[27.040691,38.411906],[27.040688,38.411915],[27.040686,38.411924],[27.040686,38.411934],[27.040692,38.411941],[27.040696,38.41195],[27.040689,38.411956],[27.040682,38.411963],[27.040677,38.411972],[27.040673,38.41198],[27.040671,38.411989],[27.04067,38.411999],[27.040657,38.412044],[27.040654,38.412053],[27.040653,38.412062],[27.040653,38.412072],[27.040655,38.412082],[27.040656,38.412092],[27.040657,38.412101],[27.040655,38.41211],[27.040653,38.412119],[27.040651,38.412137],[27.040655,38.412146],[27.04066,38.412164],[27.040659,38.412173],[27.040657,38.412182],[27.040647,38.4122],[27.040648,38.412208],[27.040653,38.412216],[27.040653,38.412225],[27.040654,38.412234],[27.04065,38.412243],[27.040648,38.412252],[27.040648,38.412261],[27.040646,38.412271],[27.04064,38.412326],[27.040644,38.412335],[27.040649,38.412344],[27.04065,38.412352],[27.040651,38.412371],[27.04065,38.41238],[27.040642,38.412408],[27.040642,38.412438],[27.040639,38.412457],[27.040635,38.412466],[27.04063,38.412474],[27.040611,38.412485],[27.0406,38.412488],[27.040589,38.41249],[27.040572,38.412503],[27.04056,38.412504],[27.040549,38.412503],[27.040539,38.412507],[27.040527,38.412504],[27.040514,38.412505],[27.040502,38.412504],[27.040479,38.412501],[27.040474,38.412508],[27.040463,38.412508],[27.040403,38.412504],[27.040382,38.412512],[27.040369,38.412513],[27.040297,38.412508],[27.040259,38.412501],[27.040246,38.4125],[27.040234,38.412501],[27.040223,38.412503],[27.040211,38.412502],[27.040176,38.412493],[27.040164,38.412493],[27.040141,38.412494],[27.040105,38.412487],[27.040007,38.412484],[27.039983,38.412479],[27.039947,38.412476],[27.039936,38.412473],[27.039924,38.412472],[27.039914,38.412476],[27.039901,38.412476],[27.039864,38.412472],[27.039815,38.412466],[27.039812,38.412459],[27.039814,38.412449],[27.039807,38.412443],[27.039783,38.412444],[27.03978,38.412451],[27.039777,38.41246],[27.039752,38.412462],[27.03974,38.41246],[27.03973,38.412454],[27.039724,38.412448],[27.039726,38.412439],[27.039718,38.412436],[27.039645,38.412434],[27.039634,38.412436],[27.039563,38.41243],[27.039558,38.412439],[27.039547,38.41244],[27.039524,38.412438],[27.039517,38.412431],[27.039506,38.41243],[27.039499,38.412434],[27.039495,38.412443],[27.039483,38.412446],[27.039472,38.412445],[27.039468,38.41244],[27.039469,38.412431],[27.039463,38.412426],[27.039451,38.412425],[27.039441,38.412428],[27.03944,38.412437],[27.039429,38.412439],[27.039418,38.412435],[27.039408,38.412428],[27.039384,38.412434],[27.039363,38.412426],[27.039351,38.412426],[27.039302,38.412428],[27.039269,38.41242],[27.039257,38.412418],[27.039246,38.412421],[27.039235,38.412421],[27.039214,38.412414],[27.039193,38.412422],[27.039185,38.41242],[27.039186,38.412411],[27.039179,38.412408],[27.039168,38.412411],[27.039162,38.412418],[27.039152,38.412419],[27.039141,38.412414],[27.039134,38.412408],[27.039124,38.412411],[27.039111,38.412409],[27.0391,38.412406],[27.03909,38.412408],[27.039083,38.412414],[27.039071,38.412413],[27.039053,38.412402],[27.039042,38.412399],[27.039035,38.412404],[27.039023,38.412404],[27.039012,38.412402],[27.038978,38.412391],[27.038955,38.412387],[27.038944,38.412383],[27.038924,38.412374],[27.038913,38.41237],[27.038892,38.412361],[27.038883,38.412356],[27.038852,38.412344],[27.038843,38.412338],[27.038829,38.412323],[27.038825,38.412314],[27.038809,38.412301],[27.038799,38.412296],[27.03879,38.41229],[27.038701,38.412245],[27.038692,38.412238],[27.038674,38.412226],[27.038667,38.412219],[27.038657,38.412213],[27.038636,38.412205],[27.038626,38.4122],[27.038619,38.412193],[27.038621,38.412184],[27.038616,38.412175],[27.038599,38.412161],[27.038588,38.41216],[27.038577,38.41216],[27.038567,38.412156],[27.038558,38.41215],[27.038551,38.412143],[27.038545,38.412135],[27.038529,38.412122],[27.038526,38.412115],[27.038535,38.41211],[27.038544,38.412103],[27.038538,38.412096],[27.038529,38.412089],[27.03852,38.412083],[27.038511,38.412077],[27.038501,38.412074],[27.038482,38.412086],[27.038472,38.412087],[27.038465,38.41208],[27.038457,38.412071],[27.038449,38.412065],[27.038445,38.412056],[27.038438,38.412048],[27.038427,38.412045],[27.038414,38.412044],[27.038391,38.412038],[27.038381,38.412033],[27.03837,38.41203],[27.038358,38.412032],[27.038348,38.412036],[27.038339,38.412042],[27.038336,38.412051],[27.038326,38.412066],[27.038334,38.412073],[27.038343,38.412079],[27.038348,38.412088],[27.038359,38.412104],[27.038361,38.412112],[27.038375,38.412128],[27.038391,38.412141],[27.038401,38.412147],[27.038408,38.412154],[27.038425,38.412168],[27.038436,38.412172],[27.038445,38.412178],[27.038453,38.412184],[27.038462,38.41219],[27.038471,38.412198],[27.038481,38.412204],[27.038492,38.412209],[27.038526,38.412235],[27.038544,38.412245],[27.038544,38.412254],[27.038553,38.412256],[27.038564,38.412255],[27.038574,38.41226],[27.038582,38.412267],[27.038588,38.412275],[27.038605,38.412288],[27.038614,38.412294],[27.038622,38.412301],[27.038669,38.41233],[27.038676,38.412337],[27.038682,38.412345],[27.038693,38.412349],[27.038704,38.412352],[27.038716,38.412356],[27.038745,38.412372],[27.038797,38.412411],[27.038818,38.412422],[27.038827,38.412428],[27.038841,38.412443],[27.03885,38.41245],[27.038881,38.412464],[27.038887,38.412472],[27.038897,38.412476],[27.038909,38.412477],[27.03894,38.41249],[27.038975,38.412497],[27.038996,38.412504],[27.039004,38.41251],[27.039012,38.412514],[27.039019,38.412507],[27.03903,38.412504],[27.039041,38.412503],[27.039063,38.412509],[27.039086,38.41251],[27.039093,38.412515],[27.039104,38.412512],[27.039116,38.412514],[27.039124,38.41252],[27.039135,38.412522],[27.039143,38.412515],[27.039155,38.412517],[27.039158,38.412525],[27.039167,38.412527],[27.039174,38.412521],[27.039184,38.412517],[27.039187,38.412523],[27.03919,38.412531],[27.039199,38.412529],[27.039204,38.412521],[27.039216,38.412521],[27.039228,38.412523],[27.039237,38.412527],[27.039245,38.412533],[27.039256,38.412537],[27.039291,38.412535],[27.039302,38.412532],[27.039315,38.41253],[27.039325,38.412535],[27.039335,38.412538],[27.039347,38.412536],[27.039359,38.412537],[27.03937,38.412539],[27.039376,38.412546],[27.039387,38.412548],[27.039398,38.412546],[27.039399,38.412537],[27.039406,38.412531],[27.039417,38.412531],[27.039428,38.412534],[27.039432,38.412542],[27.039455,38.412539],[27.039467,38.412541],[27.039478,38.412539],[27.039526,38.412542],[27.039549,38.412539],[27.039572,38.412541],[27.039583,38.412544],[27.039638,38.412552],[27.039674,38.412553],[27.039685,38.412555],[27.039696,38.412557],[27.039706,38.412561],[27.039717,38.412565],[27.039728,38.412563],[27.039738,38.412559],[27.03975,38.412561],[27.039761,38.412559],[27.03977,38.412563],[27.039782,38.41256],[27.039793,38.41256],[27.039803,38.412558],[27.039815,38.412559],[27.039849,38.412566],[27.039859,38.412571],[27.03987,38.412574],[27.039892,38.412577],[27.039929,38.412576],[27.039952,38.412581],[27.039963,38.412582],[27.039998,38.41258],[27.04002,38.412585],[27.040044,38.412585],[27.040056,38.412587],[27.040077,38.412593],[27.040099,38.412589],[27.040132,38.412596],[27.040142,38.412599],[27.040148,38.412592],[27.040154,38.412588],[27.040166,38.412589],[27.040174,38.412594],[27.040177,38.412603],[27.040188,38.412603],[27.040199,38.4126],[27.040211,38.4126],[27.040222,38.412597],[27.040235,38.412595],[27.040257,38.4126],[27.040268,38.412601],[27.040281,38.412601],[27.040291,38.412604],[27.040316,38.412604],[27.040341,38.412601],[27.040352,38.412603],[27.040356,38.412611],[27.040368,38.412609],[27.040389,38.412603],[27.040438,38.412603],[27.040507,38.412618],[27.040521,38.412618],[27.040545,38.412614],[27.040556,38.412614],[27.040568,38.412616],[27.040592,38.412615],[27.040628,38.412609],[27.04064,38.412609],[27.040652,38.412614],[27.04066,38.41262],[27.040671,38.412624],[27.040684,38.412623],[27.040746,38.412625],[27.040758,38.412627],[27.040777,38.412637],[27.040788,38.412637],[27.040801,38.412635],[27.040825,38.412636],[27.040834,38.412631],[27.040846,38.41263],[27.040857,38.412631],[27.040869,38.412635],[27.040881,38.412635],[27.040892,38.412632],[27.040904,38.41263],[27.040941,38.412629],[27.04095,38.412634],[27.040958,38.412638],[27.040968,38.412632],[27.040979,38.412629],[27.041001,38.412632],[27.041027,38.412631],[27.041039,38.412632],[27.041049,38.412636],[27.041054,38.412644],[27.041055,38.412653],[27.041066,38.412656],[27.041077,38.412653],[27.041087,38.412648],[27.041098,38.412647],[27.041135,38.412652],[27.041146,38.412656],[27.041158,38.412654],[27.041168,38.412649],[27.041177,38.412642],[27.041188,38.41264],[27.041245,38.412652],[27.041269,38.412654],[27.041277,38.412659],[27.041273,38.412667],[27.041278,38.412672],[27.041289,38.412669],[27.041299,38.412673],[27.04131,38.412672],[27.041319,38.412667],[27.041326,38.412659],[27.041336,38.412659],[27.041347,38.412663],[27.04136,38.412664],[27.041371,38.412662],[27.041383,38.412661],[27.041395,38.412663],[27.041419,38.412661],[27.041431,38.412663],[27.041439,38.412666],[27.041448,38.412671],[27.041459,38.412673],[27.041471,38.412672],[27.041483,38.412674],[27.041493,38.412679],[27.041503,38.412682],[27.041514,38.41268],[27.041526,38.41268],[27.041547,38.412686],[27.041558,38.412687],[27.041565,38.41268],[27.041575,38.412676],[27.041585,38.412681],[27.041592,38.412689],[27.041601,38.412694],[27.041623,38.412701],[27.04163,38.412709],[27.04164,38.412713],[27.041652,38.412713],[27.041662,38.41271],[27.04167,38.412703],[27.041678,38.412697],[27.041685,38.41269],[27.041697,38.412691],[27.041731,38.412697],[27.041742,38.412701],[27.041753,38.412703],[27.041766,38.412716],[27.041777,38.412719],[27.041872,38.41273],[27.041923,38.412733],[27.042007,38.412728],[27.042019,38.412726],[27.042029,38.412723],[27.042039,38.412717],[27.042047,38.41271],[27.042053,38.412702],[27.042058,38.412694],[27.04206,38.412685],[27.042057,38.412677],[27.042056,38.412668],[27.042028,38.412648],[27.042022,38.41264],[27.042013,38.412635],[27.042,38.412634],[27.041976,38.412635],[27.04194,38.412627],[27.041888,38.412625],[27.041876,38.412623],[27.041859,38.412612],[27.041847,38.412613],[27.041836,38.412617],[27.041812,38.412615],[27.041789,38.412619],[27.041776,38.412618],[27.041764,38.412615],[27.041752,38.412616],[27.04174,38.412616],[27.041728,38.412614],[27.041719,38.412609],[27.041685,38.412611],[27.041676,38.412605],[27.041666,38.4126],[27.041654,38.412598],[27.041643,38.412602],[27.041631,38.412603],[27.04162,38.412602],[27.041599,38.412598],[27.041588,38.4126],[27.041576,38.412599],[27.041565,38.412603],[27.041556,38.412603],[27.041546,38.412599],[27.041547,38.41259],[27.041537,38.412589],[27.041529,38.412594],[27.04152,38.412596],[27.041496,38.412588],[27.041492,38.41258],[27.041487,38.412573],[27.041476,38.412574],[27.041469,38.412582],[27.041459,38.412584],[27.041448,38.412582],[27.041443,38.412573],[27.041432,38.412572],[27.041421,38.41257],[27.041413,38.412564],[27.041402,38.41256],[27.041389,38.412559],[27.041378,38.412559],[27.041367,38.412562],[27.041355,38.412565],[27.041345,38.412561],[27.041334,38.412558],[27.041324,38.412562],[27.041313,38.412559],[27.041307,38.412564],[27.0413,38.412571],[27.041288,38.41257],[27.041279,38.412564],[27.041268,38.412563],[27.041255,38.412563],[27.041247,38.412558],[27.041241,38.41255],[27.041234,38.41255],[27.04123,38.412559],[27.041221,38.412562],[27.041198,38.412561],[27.04119,38.412554],[27.041179,38.412551],[27.041168,38.412554],[27.041157,38.412554],[27.041147,38.412548],[27.041136,38.412545],[27.041112,38.412545],[27.041101,38.41254],[27.041097,38.412531],[27.041087,38.412527],[27.041079,38.412533],[27.041074,38.412541],[27.041063,38.412544],[27.041051,38.412542],[27.041041,38.412537],[27.041008,38.412528],[27.040971,38.412523],[27.04096,38.412523],[27.040948,38.412522],[27.040927,38.412514],[27.04089,38.412513],[27.040879,38.412511],[27.040857,38.412502],[27.040847,38.412497],[27.040838,38.41249],[27.04083,38.412483],[27.040833,38.412474],[27.040833,38.412465],[27.040786,38.41246],[27.040774,38.412457],[27.040764,38.412453],[27.040758,38.412445],[27.040757,38.412435],[27.040758,38.412408],[27.04076,38.412398],[27.040762,38.412389],[27.040761,38.412379],[27.040758,38.41237],[27.040756,38.412361],[27.040754,38.412343],[27.040757,38.412334],[27.040757,38.412325],[27.040752,38.412316],[27.04075,38.412307],[27.040756,38.412299],[27.040762,38.412291],[27.040763,38.412282],[27.040762,38.412273],[27.040766,38.412264],[27.040775,38.412259],[27.040772,38.41225],[27.040764,38.412244],[27.040752,38.412243],[27.040752,38.412233],[27.040755,38.412224],[27.040755,38.412215],[27.040753,38.412206],[27.04076,38.412187],[27.040766,38.41218],[27.040767,38.412172],[27.040766,38.412164],[27.040759,38.412156],[27.040758,38.412137],[27.04076,38.412129],[27.040769,38.412122],[27.04078,38.412118],[27.040787,38.41211],[27.040787,38.412101],[27.040781,38.412094],[27.040771,38.412089],[27.040769,38.412081],[27.040775,38.412074],[27.040783,38.412068],[27.040779,38.412061],[27.04077,38.412056],[27.040771,38.412047],[27.040774,38.412038],[27.040779,38.41203],[27.040781,38.412022],[27.040788,38.412016],[27.04079,38.412007],[27.040785,38.411999],[27.040776,38.411994],[27.040781,38.411985],[27.040785,38.411977],[27.040777,38.411971],[27.040767,38.411965],[27.040767,38.411957],[27.040774,38.411949],[27.040782,38.411942],[27.040792,38.411938],[27.040802,38.411938],[27.040808,38.41191],[27.040808,38.411901],[27.040809,38.411893],[27.040814,38.411884],[27.040811,38.411876],[27.040804,38.411868],[27.040804,38.41186],[27.04081,38.411852],[27.040815,38.411844],[27.040817,38.411834],[27.040817,38.411825],[27.040814,38.411817],[27.040806,38.411812],[27.040809,38.411804],[27.040801,38.411797],[27.040807,38.41179],[27.040815,38.411783],[27.040819,38.411775],[27.040824,38.411767],[27.040832,38.411761],[27.040829,38.411752],[27.040819,38.411748],[27.040814,38.41174],[27.040817,38.411733],[27.04082,38.411714],[27.040824,38.411705],[27.040841,38.411695],[27.040852,38.411696],[27.040859,38.411691],[27.040856,38.411684],[27.040845,38.411682],[27.040846,38.411675],[27.04084,38.411656],[27.040844,38.411647],[27.040843,38.411638],[27.040839,38.411629],[27.040839,38.411621],[27.040847,38.411614],[27.040847,38.411606],[27.040841,38.411599],[27.040838,38.411589],[27.040841,38.411571],[27.040843,38.411562],[27.040843,38.411552],[27.040839,38.411545],[27.040843,38.411536],[27.040844,38.411527],[27.040848,38.41152],[27.040845,38.411512],[27.040838,38.411505],[27.040836,38.411495],[27.04083,38.411487],[27.040827,38.411478],[27.040828,38.411469],[27.040833,38.411461],[27.040841,38.411456],[27.040843,38.411447],[27.040843,38.411438],[27.040846,38.411429],[27.040846,38.41142],[27.040849,38.411411],[27.040856,38.411405],[27.040888,38.411395],[27.0409,38.411394],[27.040912,38.411394],[27.040936,38.411391],[27.040961,38.411391],[27.040974,38.411395],[27.041033,38.4114],[27.041043,38.411404],[27.041055,38.411406],[27.04108,38.411412],[27.041091,38.411413],[27.041104,38.411415],[27.041115,38.411418],[27.041138,38.41142],[27.041147,38.411426],[27.041157,38.411429],[27.041179,38.411434],[27.041181,38.411442],[27.041179,38.411451],[27.041175,38.411459],[27.041185,38.411463],[27.041197,38.411465],[27.041208,38.411465],[27.041216,38.411459],[27.04122,38.411451],[27.041226,38.411444],[27.041235,38.411449],[27.041304,38.411506],[27.041314,38.411511],[27.041338,38.411513],[27.041437,38.41151],[27.041462,38.411513],[27.041508,38.411503],[27.041521,38.411502],[27.041532,38.411502],[27.041544,38.411505],[27.041554,38.411509],[27.041577,38.411513],[27.041598,38.411521],[27.041611,38.411522],[27.041623,38.411522],[27.041635,38.411522],[27.04177,38.411561],[27.041809,38.411564],[27.041852,38.41158],[27.041891,38.411589],[27.041903,38.411589],[27.042007,38.411617],[27.042018,38.411621],[27.042027,38.411626],[27.042061,38.411637],[27.042071,38.411643],[27.042153,38.411658],[27.042162,38.411661],[27.042168,38.411661],[27.042179,38.411658],[27.04219,38.411658],[27.042195,38.411665],[27.042204,38.411671],[27.042215,38.411668],[27.042226,38.411668],[27.042247,38.411675],[27.04227,38.411678],[27.042276,38.411684],[27.042312,38.411692],[27.042324,38.41169],[27.042333,38.411696],[27.042344,38.411695],[27.042354,38.411691],[27.042366,38.411691],[27.04237,38.411698],[27.042382,38.411702],[27.042394,38.411704],[27.042428,38.411706],[27.04247,38.411722],[27.042492,38.411724],[27.042504,38.411726],[27.042513,38.411732],[27.042523,38.411737],[27.042591,38.411742],[27.042602,38.411745],[27.042611,38.411749],[27.042622,38.411753],[27.042632,38.411757],[27.042643,38.411758],[27.042665,38.411763],[27.042676,38.411767],[27.042765,38.411789],[27.042786,38.411798],[27.042798,38.411801],[27.042832,38.411803],[27.042888,38.411815],[27.0429,38.411816],[27.042923,38.411818],[27.042933,38.411822],[27.04294,38.411829],[27.04295,38.411833],[27.042962,38.411834],[27.042973,38.411837],[27.043022,38.411857],[27.043087,38.411873],[27.043098,38.411872],[27.043111,38.411872],[27.043134,38.411874],[27.043156,38.411879],[27.043192,38.411879],[27.043204,38.411882],[27.043223,38.411891],[27.043246,38.411899],[27.043254,38.411906],[27.043264,38.411911],[27.04346,38.411949],[27.04349,38.411961],[27.043548,38.411972],[27.043559,38.411975],[27.043569,38.41198],[27.043603,38.411987],[27.043614,38.41199],[27.043624,38.411995],[27.043723,38.412024],[27.043758,38.41203],[27.043934,38.412085],[27.043945,38.412088],[27.043978,38.4121],[27.044,38.412106],[27.044011,38.41211],[27.04402,38.412115],[27.044041,38.412125],[27.044052,38.412128],[27.044063,38.41213],[27.044163,38.412161],[27.044197,38.412165],[27.044273,38.412189],[27.044285,38.41219],[27.044297,38.412189],[27.044377,38.412208],[27.044409,38.412219],[27.044455,38.412227],[27.044466,38.41223],[27.044486,38.412239],[27.044608,38.41227],[27.044818,38.412329],[27.044842,38.412332],[27.044853,38.412336],[27.044861,38.412343],[27.04487,38.412348],[27.044914,38.41236],[27.044936,38.412364],[27.044959,38.41237],[27.04499,38.412382],[27.045088,38.412409],[27.045101,38.412411],[27.045113,38.41241],[27.045124,38.412413],[27.045134,38.412419],[27.045199,38.412437],[27.04523,38.412452],[27.04524,38.412455],[27.045253,38.412455],[27.045264,38.412457],[27.045316,38.412477],[27.045335,38.412487],[27.045368,38.412497],[27.045388,38.412506],[27.045473,38.412536],[27.045496,38.41254],[27.045518,38.412546],[27.045541,38.412548],[27.045552,38.412552],[27.045586,38.41256],[27.045597,38.412558],[27.045608,38.412559],[27.045619,38.412563],[27.045652,38.41257],[27.045663,38.412571],[27.045697,38.412578],[27.045707,38.412582],[27.045721,38.412597],[27.045731,38.412602],[27.045741,38.412606],[27.045775,38.412613],[27.045799,38.412614],[27.045878,38.412629],[27.045949,38.41263],[27.045981,38.41264],[27.046031,38.412638],[27.046056,38.412641],[27.04608,38.412641],[27.046093,38.412643],[27.046104,38.412646],[27.046115,38.41265],[27.046126,38.412653],[27.046175,38.412657],[27.046186,38.41266],[27.046223,38.412664],[27.046246,38.41267],[27.046411,38.41269],[27.046422,38.412693],[27.046481,38.412701],[27.046519,38.412699],[27.046578,38.412709],[27.046757,38.41272],[27.046791,38.412728],[27.046813,38.412734],[27.047049,38.412749],[27.04706,38.412752],[27.047091,38.412766],[27.047101,38.412769],[27.047113,38.41277],[27.047162,38.412768],[27.047174,38.412769],[27.047298,38.412801],[27.047309,38.412802],[27.047321,38.412801],[27.047357,38.412805],[27.047368,38.412809],[27.047388,38.412818],[27.047421,38.412828],[27.047433,38.41283],[27.047517,38.412828],[27.047574,38.41284],[27.047601,38.412842],[27.047623,38.412839],[27.047756,38.412852],[27.047891,38.412846],[27.047941,38.412851],[27.047965,38.41285],[27.048148,38.412869],[27.048171,38.412874],[27.048182,38.412879],[27.048231,38.412884],[27.048241,38.412888],[27.048277,38.412913],[27.048288,38.412916],[27.0483,38.412919],[27.048313,38.41292],[27.048324,38.412923],[27.048433,38.412929],[27.048455,38.412925],[27.048466,38.412921],[27.048473,38.412914],[27.048482,38.412898],[27.048489,38.412891],[27.048508,38.412879],[27.048572,38.412852],[27.048583,38.412848],[27.048603,38.412838],[27.048697,38.41278],[27.048709,38.412777],[27.048779,38.412774],[27.048791,38.412775],[27.048801,38.412778],[27.048832,38.412793],[27.048841,38.412798],[27.048936,38.412839],[27.048971,38.412848],[27.048982,38.412853],[27.049046,38.412875],[27.04907,38.412878],[27.049105,38.412889],[27.049114,38.412894],[27.049127,38.412899],[27.049205,38.412917],[27.049303,38.412916],[27.049326,38.412918],[27.049337,38.412921],[27.049361,38.412923],[27.049387,38.412921],[27.049444,38.412908],[27.049454,38.412908],[27.04947,38.412909],[27.049615,38.412901],[27.049652,38.412904],[27.049705,38.412914],[27.049746,38.412915],[27.049758,38.412916],[27.049769,38.412916],[27.049781,38.412913],[27.049801,38.412905],[27.049835,38.412897],[27.049848,38.412896],[27.049891,38.412899],[27.04992,38.4129],[27.049943,38.412905],[27.049954,38.412909],[27.04999,38.412913],[27.050052,38.412913],[27.05011,38.412902],[27.050124,38.412897],[27.050132,38.412894],[27.050143,38.412891],[27.050215,38.412887],[27.050227,38.412885],[27.050261,38.412876],[27.050296,38.412873],[27.050318,38.412875],[27.050429,38.412867],[27.050521,38.412844],[27.050723,38.412819],[27.050813,38.412796],[27.050848,38.412793],[27.050859,38.41279],[27.050967,38.412783],[27.051011,38.412772],[27.051023,38.412771],[27.051035,38.412771],[27.051094,38.412781],[27.051106,38.412781],[27.051179,38.412776],[27.051225,38.412764],[27.051271,38.412758],[27.051295,38.412759],[27.051331,38.412765],[27.051522,38.412791],[27.051534,38.41279],[27.051582,38.412784],[27.051594,38.412781],[27.051612,38.412772],[27.051621,38.412767],[27.051656,38.412747],[27.051677,38.412739],[27.051686,38.412734],[27.051711,38.412715],[27.051718,38.412707],[27.051731,38.412691],[27.051749,38.412658],[27.051754,38.412639],[27.051765,38.412622],[27.051769,38.412614],[27.051775,38.412605],[27.051778,38.412596],[27.051779,38.412587],[27.051776,38.412578],[27.051766,38.412572],[27.051744,38.412568],[27.051739,38.41256],[27.051735,38.412551],[27.051724,38.412536],[27.051715,38.412531],[27.051703,38.412529],[27.051693,38.412525],[27.051683,38.412521],[27.051646,38.412486],[27.051609,38.412438],[27.05159,38.412427],[27.051556,38.412416],[27.051545,38.412411],[27.05144,38.412388],[27.051404,38.412386],[27.051368,38.412389],[27.051332,38.412388],[27.05126,38.412397],[27.051182,38.412415],[27.051172,38.412419],[27.051137,38.412428],[27.051117,38.412437],[27.051083,38.412445],[27.05106,38.412448],[27.051039,38.412455],[27.051019,38.412464],[27.051001,38.412467],[27.050992,38.412472],[27.050983,38.412477],[27.050973,38.412482],[27.050917,38.4125],[27.050868,38.412504],[27.050844,38.412503],[27.050215,38.412558],[27.050101,38.412547],[27.049984,38.41252],[27.049813,38.412521],[27.049775,38.412515],[27.049459,38.412518],[27.049385,38.412509],[27.049362,38.412504],[27.049082,38.412525],[27.049011,38.412546],[27.048936,38.412577],[27.048816,38.412611],[27.048797,38.412616],[27.048772,38.41262],[27.048753,38.412628],[27.048672,38.412627],[27.048661,38.412625],[27.048642,38.412614],[27.048627,38.4126],[27.048609,38.412587],[27.048601,38.41258],[27.048558,38.412551],[27.048556,38.41255],[27.048496,38.412521],[27.048468,38.412503],[27.048436,38.412488],[27.048363,38.41247],[27.04834,38.412468],[27.048196,38.41247],[27.047702,38.412479],[27.047413,38.412424],[27.047402,38.41242],[27.047366,38.412416],[27.047332,38.412407],[27.0473,38.412395],[27.047172,38.412368],[27.047135,38.412365],[27.047067,38.412351],[27.046966,38.412343],[27.04691,38.41233],[27.046658,38.412302],[27.046629,38.412295],[27.046579,38.412282],[27.046439,38.412257],[27.04638,38.412243],[27.046307,38.412234],[27.046276,38.412222],[27.046254,38.412216],[27.046188,38.412188],[27.046177,38.412185],[27.046166,38.412183],[27.046155,38.41218],[27.046144,38.412175],[27.046088,38.412159],[27.046067,38.41215],[27.046055,38.412148],[27.046045,38.412144],[27.046,38.412114],[27.04599,38.41211],[27.045969,38.412088],[27.045963,38.41208],[27.045955,38.412073],[27.045946,38.412067],[27.045926,38.412058],[27.045884,38.412015],[27.045868,38.412001],[27.045848,38.411991],[27.045843,38.411987],[27.04584,38.411984],[27.045827,38.411969],[27.045781,38.411928],[27.045768,38.411913],[27.045757,38.411896],[27.045722,38.411817],[27.045719,38.411808],[27.045715,38.4118],[27.04571,38.411792],[27.045704,38.411784],[27.0457,38.411776],[27.045693,38.411739],[27.04569,38.41173],[27.045687,38.411721],[27.045687,38.411712],[27.045683,38.411694],[27.045683,38.411685],[27.045682,38.411676],[27.04568,38.41162],[27.04568,38.411611],[27.04568,38.411601],[27.045678,38.411573],[27.045679,38.411564],[27.045676,38.411537],[27.045673,38.411529],[27.045669,38.411509],[27.045666,38.411501],[27.045664,38.411492],[27.045664,38.411483],[27.045666,38.411455],[27.045667,38.411446],[27.045667,38.411437],[27.045672,38.411419],[27.045678,38.411402],[27.045681,38.411393],[27.045694,38.411389],[27.045857,38.411392],[27.045858,38.411435],[27.045875,38.411435],[27.045875,38.411394],[27.046032,38.411398],[27.046051,38.411388],[27.046067,38.411372],[27.046079,38.411356],[27.046078,38.411341],[27.046075,38.411325],[27.046064,38.411309],[27.046048,38.411296],[27.04603,38.411287],[27.045959,38.411288],[27.045959,38.411244],[27.045941,38.411244],[27.045941,38.411288],[27.04581,38.411287],[27.045811,38.411243],[27.045793,38.411243],[27.045791,38.411287],[27.045732,38.411286],[27.04571,38.411199],[27.045702,38.411161],[27.045658,38.410963],[27.045654,38.41094],[27.045661,38.410848],[27.04568,38.410847],[27.04568,38.41083],[27.045703,38.410829],[27.045703,38.410821],[27.04568,38.410821],[27.045678,38.410803],[27.045658,38.410803],[27.045658,38.410782],[27.045661,38.410771],[27.045667,38.410764],[27.045674,38.410758],[27.045688,38.410743],[27.045695,38.410725],[27.0457,38.410716],[27.045703,38.410708],[27.045704,38.410699],[27.045706,38.41069],[27.045708,38.410652],[27.045705,38.410634],[27.045704,38.410615],[27.045713,38.410521],[27.045713,38.410503],[27.04571,38.410475],[27.045705,38.410458],[27.045705,38.410448],[27.045705,38.410411],[27.045703,38.410392],[27.045703,38.410344],[27.045705,38.410325],[27.045715,38.410299],[27.045715,38.410271],[27.045714,38.410262],[27.045716,38.410243],[27.045731,38.410197],[27.045723,38.410141],[27.045717,38.410123],[27.045716,38.410114],[27.045719,38.41004],[27.045726,38.410012],[27.045728,38.410003],[27.045724,38.409995],[27.045719,38.409987],[27.045715,38.409969],[27.045714,38.40996],[27.045714,38.40995],[27.045715,38.409941],[27.045715,38.409932],[27.045718,38.409923],[27.045723,38.409904],[27.045743,38.409784],[27.04575,38.409766],[27.045762,38.40975],[27.045765,38.409741],[27.04577,38.409714],[27.045772,38.409677],[27.04577,38.409658],[27.045771,38.409639],[27.045773,38.40963],[27.045781,38.409613],[27.045787,38.409604],[27.045796,38.409598],[27.045806,38.409593],[27.045815,38.409587],[27.045823,38.409579],[27.045825,38.40957],[27.045825,38.40956],[27.045818,38.409553],[27.045796,38.409545],[27.045787,38.409539],[27.045784,38.409531],[27.045785,38.409522],[27.045788,38.409513],[27.045794,38.409504],[27.045802,38.409496],[27.045822,38.409485],[27.04583,38.409468],[27.045849,38.409444],[27.045854,38.409436],[27.045856,38.409427],[27.04585,38.409419],[27.045839,38.409416],[27.045827,38.409414],[27.045816,38.40941],[27.04581,38.409402],[27.045806,38.409393],[27.045807,38.409383],[27.045812,38.409365],[27.045816,38.409357],[27.045819,38.409347],[27.04582,38.409337],[27.045822,38.409327],[27.045825,38.409318],[27.04583,38.40931],[27.045839,38.409304],[27.045843,38.409296],[27.045835,38.409289],[27.045828,38.409281],[27.045824,38.409272],[27.045822,38.409263],[27.045821,38.409254],[27.045819,38.409245],[27.045819,38.409235],[27.04582,38.409226],[27.04583,38.409209],[27.045847,38.409197],[27.045857,38.409192],[27.04588,38.409188],[27.045892,38.409189],[27.045903,38.409194],[27.045912,38.409201],[27.045924,38.409203],[27.045936,38.409202],[27.045947,38.409198],[27.045983,38.409196],[27.045994,38.409201],[27.046006,38.409217],[27.046014,38.409224],[27.046026,38.409228],[27.04604,38.409229],[27.046052,38.409227],[27.046065,38.409224],[27.046073,38.409218],[27.046081,38.4092],[27.046083,38.409191],[27.046087,38.409153],[27.04609,38.409143],[27.046106,38.409118],[27.046101,38.409111],[27.04609,38.409107],[27.046079,38.409105],[27.046029,38.409105],[27.046018,38.409107],[27.045969,38.409103],[27.045947,38.409096],[27.045942,38.409087],[27.045938,38.409078],[27.045943,38.40906],[27.045948,38.409051],[27.045956,38.409043],[27.045981,38.409025],[27.046004,38.409018],[27.04604,38.409013],[27.046075,38.409012],[27.046087,38.40901],[27.046096,38.409005],[27.046092,38.408987],[27.046093,38.408976],[27.046098,38.408968],[27.046104,38.40896],[27.046131,38.408941],[27.046137,38.408933],[27.046139,38.408914],[27.046142,38.408905],[27.046166,38.408887],[27.046177,38.408882],[27.046184,38.408875],[27.046195,38.408858],[27.046198,38.40885],[27.046198,38.40884],[27.046203,38.408821],[27.046215,38.408805],[27.046224,38.4088],[27.046232,38.408793],[27.046255,38.408788],[27.046295,38.408768],[27.046312,38.408756],[27.046326,38.408741],[27.04633,38.408736],[27.046332,38.408729],[27.046333,38.40872],[27.046337,38.408712],[27.046371,38.408676],[27.046385,38.40865],[27.046395,38.408644],[27.046405,38.408641],[27.046416,38.408637],[27.046427,38.408635],[27.046434,38.408639],[27.046432,38.408648],[27.046424,38.408664],[27.046421,38.408674],[27.046421,38.408683],[27.046417,38.408691],[27.046404,38.408705],[27.046404,38.408714],[27.046414,38.408714],[27.046425,38.408711],[27.046436,38.408714],[27.046442,38.408721],[27.04645,38.408727],[27.046472,38.408734],[27.046506,38.408739],[27.046518,38.40874],[27.046527,38.408745],[27.046538,38.408748],[27.046548,38.408746],[27.046568,38.408735],[27.046582,38.408721],[27.046592,38.408716],[27.046603,38.408712],[27.046613,38.408708],[27.046631,38.408695],[27.046634,38.408687],[27.046624,38.408686],[27.046619,38.408682],[27.046628,38.408677],[27.04664,38.408674],[27.046649,38.40867],[27.046658,38.408663],[27.046664,38.408656],[27.046659,38.408647],[27.046651,38.408642],[27.046628,38.408642],[27.046616,38.408641],[27.046603,38.408639],[27.046593,38.408634],[27.046574,38.40861],[27.046576,38.408601],[27.04658,38.408592],[27.046582,38.408582],[27.046582,38.408573],[27.046581,38.408563],[27.046571,38.408537],[27.046566,38.408529],[27.046562,38.40852],[27.046559,38.408511],[27.046559,38.408502],[27.046563,38.408493],[27.046579,38.40848],[27.046592,38.408466],[27.046597,38.408458],[27.046603,38.408451],[27.046608,38.408442],[27.046613,38.408434],[27.046617,38.408426],[27.046649,38.408387],[27.046657,38.408371],[27.046666,38.408364],[27.046677,38.408364],[27.046711,38.408372],[27.046731,38.408381],[27.046749,38.408393],[27.046778,38.408406],[27.046789,38.408409],[27.046797,38.408407],[27.046802,38.408397],[27.046803,38.408388],[27.046799,38.40838],[27.046793,38.408373],[27.046794,38.408363],[27.046802,38.408357],[27.046799,38.408349],[27.04679,38.408344],[27.046784,38.408336],[27.046793,38.408331],[27.046804,38.408328],[27.046817,38.408326],[27.046828,38.408327],[27.04685,38.408333],[27.046862,38.408334],[27.046933,38.408329],[27.046943,38.408326],[27.046949,38.408318],[27.046951,38.408309],[27.046948,38.4083],[27.046941,38.408293],[27.04693,38.408287],[27.046885,38.408256],[27.046876,38.408252],[27.046864,38.40825],[27.046852,38.408251],[27.046841,38.408253],[27.046833,38.40825],[27.046836,38.408241],[27.046845,38.408225],[27.046847,38.408216],[27.046849,38.408207],[27.046849,38.408198],[27.046845,38.40818],[27.046837,38.408163],[27.046836,38.408154],[27.046839,38.408146],[27.04684,38.408136],[27.046841,38.408127],[27.046842,38.408118],[27.046844,38.408109],[27.04685,38.408101],[27.046861,38.408098],[27.046873,38.408098],[27.046908,38.408103],[27.046918,38.408107],[27.046929,38.408113],[27.046937,38.408119],[27.046939,38.408128],[27.046943,38.408136],[27.046965,38.40817],[27.046967,38.408179],[27.046966,38.408189],[27.046963,38.408198],[27.046965,38.408207],[27.047015,38.408249],[27.047022,38.408256],[27.047034,38.408273],[27.047037,38.408282],[27.047035,38.408301],[27.047045,38.408306],[27.047081,38.408302],[27.047094,38.408302],[27.047104,38.408306],[27.047114,38.408312],[27.047134,38.408333],[27.047144,38.408338],[27.047262,38.408367],[27.047273,38.408368],[27.047283,38.408365],[27.047288,38.408357],[27.047289,38.408348],[27.047288,38.408338],[27.047283,38.40833],[27.047281,38.40832],[27.047279,38.408311],[27.047279,38.4083],[27.047281,38.408281],[27.047275,38.408275],[27.047268,38.408282],[27.047266,38.408292],[27.047257,38.408294],[27.047247,38.408289],[27.047239,38.408282],[27.047233,38.408274],[27.047224,38.408268],[27.047214,38.408264],[27.047202,38.408262],[27.04718,38.408269],[27.047169,38.408271],[27.047135,38.408261],[27.047118,38.408248],[27.047106,38.408244],[27.047097,38.408248],[27.047087,38.408246],[27.047079,38.408239],[27.047073,38.408231],[27.047071,38.408221],[27.047066,38.408211],[27.047046,38.408186],[27.047041,38.408177],[27.047033,38.408159],[27.047032,38.40815],[27.047013,38.408125],[27.047013,38.408115],[27.047019,38.408108],[27.04703,38.408106],[27.047032,38.408115],[27.047036,38.408123],[27.047043,38.408131],[27.047053,38.408136],[27.04709,38.408175],[27.047096,38.408182],[27.047101,38.408191],[27.047099,38.4082],[27.047099,38.408209],[27.047107,38.408216],[27.047126,38.408227],[27.047136,38.408231],[27.047158,38.408236],[27.04717,38.408234],[27.047192,38.408225],[27.047201,38.40822],[27.047209,38.408214],[27.047221,38.40821],[27.047244,38.408211],[27.047259,38.408196],[27.047261,38.408187],[27.047261,38.408169],[27.047267,38.40816],[27.047273,38.408153],[27.047284,38.40815],[27.047289,38.408142],[27.047291,38.408132],[27.047297,38.408124],[27.047304,38.408117],[27.047316,38.408116],[27.047338,38.408121],[27.047349,38.408122],[27.047371,38.408113],[27.04738,38.408108],[27.04739,38.408103],[27.047407,38.408091],[27.047411,38.408083],[27.047414,38.408074],[27.047419,38.408066],[27.047427,38.408049],[27.047438,38.408046],[27.04745,38.408047],[27.04746,38.408051],[27.047478,38.408064],[27.047488,38.408064],[27.047496,38.408057],[27.047518,38.408049],[27.047529,38.40805],[27.047562,38.40806],[27.047573,38.408066],[27.04758,38.408073],[27.047585,38.408081],[27.047592,38.408108],[27.047601,38.408125],[27.047606,38.408133],[27.047626,38.408158],[27.047631,38.408166],[27.047635,38.408174],[27.047641,38.408182],[27.047669,38.4082],[27.04768,38.408204],[27.047691,38.408203],[27.047713,38.408195],[27.047724,38.408192],[27.047748,38.408192],[27.047771,38.408194],[27.047783,38.408194],[27.047795,38.408192],[27.047842,38.408194],[27.047852,38.408198],[27.047887,38.408225],[27.047894,38.408233],[27.047911,38.408246],[27.047933,38.408268],[27.047951,38.40828],[27.04796,38.408286],[27.047971,38.408285],[27.04798,38.408279],[27.047981,38.408271],[27.047975,38.408263],[27.047972,38.408254],[27.047967,38.408246],[27.047971,38.408238],[27.047993,38.408215],[27.048013,38.408206],[27.048022,38.4082],[27.048017,38.408192],[27.048007,38.40819],[27.047996,38.408193],[27.047984,38.408193],[27.047974,38.408187],[27.047967,38.408179],[27.047961,38.40817],[27.047955,38.408151],[27.047957,38.408142],[27.047967,38.408138],[27.047975,38.408132],[27.047981,38.408123],[27.047987,38.408116],[27.047983,38.408108],[27.047971,38.408105],[27.04796,38.408102],[27.047951,38.408095],[27.047944,38.408086],[27.04794,38.408077],[27.047939,38.408068],[27.047947,38.40805],[27.04796,38.408035],[27.04797,38.40803],[27.04798,38.408032],[27.048004,38.408052],[27.048011,38.408059],[27.048027,38.408073],[27.048034,38.408081],[27.048038,38.40809],[27.048038,38.408099],[27.048032,38.408108],[27.04803,38.408116],[27.048038,38.408123],[27.048047,38.408128],[27.04805,38.408137],[27.048049,38.408146],[27.048056,38.408151],[27.048078,38.408147],[27.048086,38.408154],[27.048093,38.408173],[27.0481,38.408179],[27.048112,38.408181],[27.048122,38.408177],[27.048129,38.408169],[27.048138,38.408163],[27.048143,38.408155],[27.048136,38.408148],[27.048115,38.408139],[27.048105,38.408133],[27.048102,38.408123],[27.04811,38.408117],[27.04812,38.408116],[27.048139,38.408106],[27.04815,38.408103],[27.048158,38.408096],[27.048161,38.408087],[27.048163,38.408058],[27.048163,38.408049],[27.048164,38.40804],[27.048166,38.408031],[27.04817,38.408022],[27.048182,38.408006],[27.048189,38.407999],[27.048229,38.407979],[27.04824,38.407975],[27.048251,38.407974],[27.048263,38.407977],[27.048267,38.407985],[27.048255,38.40801],[27.048254,38.408019],[27.048255,38.408028],[27.048291,38.408075],[27.048299,38.408083],[27.048311,38.4081],[27.048337,38.408131],[27.048352,38.408155],[27.048358,38.408163],[27.048387,38.408192],[27.048395,38.408198],[27.048405,38.408203],[27.048415,38.408208],[27.048426,38.408206],[27.048437,38.408203],[27.048476,38.408185],[27.048485,38.408178],[27.048494,38.408173],[27.048506,38.40817],[27.048515,38.408165],[27.04853,38.40815],[27.048541,38.408147],[27.048611,38.408144],[27.048644,38.408154],[27.048668,38.408157],[27.04868,38.408158],[27.048703,38.408152],[27.048746,38.408136],[27.048757,38.408137],[27.048769,38.408136],[27.048791,38.408128],[27.048802,38.408126],[27.048814,38.408126],[27.048824,38.40813],[27.048833,38.408125],[27.048836,38.408108],[27.048836,38.408099],[27.048832,38.408053],[27.048834,38.408044],[27.048834,38.408035],[27.048832,38.408026],[27.048828,38.408018],[27.048819,38.408012],[27.048808,38.408007],[27.048796,38.408006],[27.048773,38.408013],[27.04876,38.408012],[27.048751,38.408006],[27.048739,38.407991],[27.04873,38.407985],[27.048723,38.407977],[27.048712,38.407961],[27.048708,38.407952],[27.048704,38.407932],[27.048704,38.407922],[27.048704,38.407913],[27.048709,38.407904],[27.048717,38.407897],[27.048728,38.407894],[27.048739,38.407895],[27.04875,38.407899],[27.048756,38.407906],[27.048767,38.407923],[27.048774,38.40793],[27.048782,38.407923],[27.048784,38.407914],[27.048783,38.407905],[27.048775,38.4079],[27.048765,38.407895],[27.048759,38.407887],[27.048748,38.407851],[27.048748,38.407842],[27.04875,38.407833],[27.048752,38.407823],[27.048751,38.407814],[27.048749,38.407806],[27.04874,38.407799],[27.048738,38.40779],[27.048735,38.407781],[27.04873,38.407772],[27.048724,38.407764],[27.048715,38.407758],[27.048673,38.407738],[27.048639,38.407728],[27.048628,38.407723],[27.048621,38.407716],[27.048625,38.407708],[27.048634,38.407702],[27.048644,38.407698],[27.048655,38.407696],[27.048666,38.407699],[27.048685,38.407709],[27.048695,38.407715],[27.048701,38.407722],[27.04871,38.407727],[27.04873,38.407735],[27.048772,38.407768],[27.048776,38.407776],[27.048785,38.407782],[27.048796,38.407787],[27.048807,38.407791],[27.048818,38.40779],[27.04883,38.407787],[27.048839,38.407781],[27.048848,38.407775],[27.048856,38.407768],[27.048861,38.407759],[27.048889,38.407728],[27.048913,38.407708],[27.048935,38.407701],[27.048955,38.407691],[27.04896,38.407682],[27.048994,38.407644],[27.049001,38.407638],[27.049006,38.407628],[27.04901,38.40762],[27.049011,38.40761],[27.04901,38.407601],[27.049012,38.407582],[27.049017,38.407574],[27.04902,38.407565],[27.049021,38.407556],[27.049016,38.407548],[27.04901,38.407541],[27.048997,38.407514],[27.048997,38.407505],[27.049002,38.407496],[27.049001,38.407487],[27.048998,38.407478],[27.048996,38.407469],[27.048991,38.407459],[27.048985,38.407452],[27.04898,38.407444],[27.048971,38.407438],[27.048962,38.407441],[27.048959,38.40745],[27.04895,38.407456],[27.048939,38.407458],[27.048932,38.407454],[27.048938,38.407447],[27.048941,38.407438],[27.048941,38.407429],[27.048939,38.407419],[27.048938,38.40741],[27.048935,38.407398],[27.048915,38.407374],[27.04891,38.407366],[27.048908,38.407357],[27.048901,38.407339],[27.0489,38.40733],[27.048898,38.407321],[27.048897,38.407312],[27.048901,38.407304],[27.048904,38.407286],[27.048923,38.407284],[27.048927,38.407289],[27.049002,38.407413],[27.04901,38.407421],[27.049029,38.407444],[27.049039,38.407471],[27.049041,38.40748],[27.04904,38.40749],[27.049036,38.407498],[27.049031,38.407506],[27.049028,38.407515],[27.049027,38.407524],[27.049034,38.407532],[27.049043,38.407537],[27.049051,38.407544],[27.049057,38.407552],[27.049058,38.407561],[27.049052,38.407568],[27.049044,38.407575],[27.04904,38.407583],[27.049039,38.407592],[27.049041,38.407601],[27.049052,38.407603],[27.049062,38.407607],[27.049063,38.407626],[27.049071,38.407643],[27.049064,38.40765],[27.049052,38.407653],[27.049043,38.407658],[27.049033,38.407675],[27.049027,38.407683],[27.04902,38.407691],[27.049012,38.407698],[27.048986,38.407717],[27.048947,38.407753],[27.048906,38.407768],[27.048896,38.407773],[27.048889,38.407779],[27.048887,38.407788],[27.048881,38.407796],[27.048874,38.407803],[27.048854,38.407812],[27.048849,38.40782],[27.048859,38.407846],[27.048863,38.407873],[27.048866,38.407882],[27.048867,38.407891],[27.048866,38.4079],[27.048868,38.407909],[27.04887,38.407918],[27.048877,38.407936],[27.048879,38.407945],[27.048879,38.407964],[27.048888,38.40799],[27.048892,38.407998],[27.048896,38.408007],[27.048901,38.408016],[27.048908,38.408024],[27.048918,38.408028],[27.04893,38.40803],[27.048942,38.408028],[27.048965,38.408022],[27.048976,38.408025],[27.049024,38.408049],[27.049035,38.408053],[27.049093,38.408059],[27.049105,38.408059],[27.049206,38.40804],[27.049217,38.408036],[27.049237,38.408027],[27.049273,38.408004],[27.049312,38.40797],[27.049361,38.407918],[27.049366,38.40791],[27.049363,38.407902],[27.049367,38.407885],[27.049377,38.407883],[27.049384,38.40789],[27.049393,38.407894],[27.049576,38.407814],[27.049613,38.40779],[27.049619,38.407783],[27.049624,38.407765],[27.049625,38.407756],[27.049622,38.407748],[27.049608,38.407733],[27.049603,38.407725],[27.049596,38.407707],[27.049572,38.407665],[27.049571,38.407656],[27.049563,38.407629],[27.049567,38.407611],[27.049565,38.407602],[27.049568,38.407594],[27.049574,38.407586],[27.049579,38.407578],[27.049585,38.407571],[27.049588,38.407562],[27.049589,38.407553],[27.049584,38.407536],[27.049573,38.407538],[27.049573,38.407529],[27.049577,38.407511],[27.049573,38.407503],[27.049566,38.407495],[27.049563,38.407487],[27.049566,38.407478],[27.049575,38.407472],[27.049585,38.40747],[27.049596,38.407472],[27.049611,38.407486],[27.04962,38.407487],[27.049629,38.407484],[27.049641,38.407482],[27.049652,38.407484],[27.049664,38.407484],[27.049675,38.407481],[27.049686,38.407484],[27.049695,38.407489],[27.049697,38.407498],[27.049702,38.407505],[27.049744,38.407522],[27.049755,38.407523],[27.049789,38.407518],[27.049801,38.407519],[27.049823,38.407526],[27.049844,38.407521],[27.049856,38.407521],[27.049866,38.407525],[27.049877,38.407526],[27.049888,38.407523],[27.04997,38.407488],[27.049979,38.407482],[27.049984,38.407474],[27.050002,38.407462],[27.050001,38.407454],[27.050002,38.407446],[27.050022,38.407436],[27.050029,38.407429],[27.050037,38.407423],[27.050047,38.407418],[27.050057,38.407418],[27.05006,38.407427],[27.050062,38.407436],[27.050068,38.407442],[27.050079,38.407445],[27.050089,38.40745],[27.0501,38.407453],[27.05011,38.407457],[27.05012,38.40746],[27.050132,38.407459],[27.050143,38.407461],[27.050155,38.407461],[27.050166,38.407458],[27.05019,38.407456],[27.05021,38.407447],[27.050221,38.407447],[27.050233,38.407448],[27.050341,38.407483],[27.050383,38.407501],[27.050406,38.407506],[27.050416,38.407504],[27.050427,38.407501],[27.050437,38.407502],[27.050448,38.407505],[27.05046,38.407506],[27.050496,38.407503],[27.05059,38.407505],[27.050637,38.407498],[27.05071,38.4075],[27.050721,38.407502],[27.050733,38.4075],[27.050743,38.407497],[27.050753,38.407492],[27.050764,38.407489],[27.050775,38.407486],[27.050786,38.407482],[27.050775,38.407456],[27.050778,38.407448],[27.050796,38.407436],[27.050807,38.407433],[27.050831,38.40743],[27.050843,38.40743],[27.050855,38.407432],[27.050863,38.407438],[27.050874,38.407441],[27.050886,38.407443],[27.050898,38.407443],[27.05091,38.407441],[27.050968,38.407438],[27.050991,38.407439],[27.051015,38.407437],[27.051026,38.407434],[27.051037,38.40743],[27.051076,38.407408],[27.051108,38.407396],[27.051116,38.40739],[27.051124,38.407383],[27.051129,38.407375],[27.05114,38.40737],[27.05115,38.407373],[27.051161,38.407373],[27.051166,38.407365],[27.051162,38.407356],[27.051154,38.40735],[27.051144,38.407346],[27.051135,38.407339],[27.051129,38.407331],[27.051134,38.407326],[27.051145,38.407321],[27.051153,38.407314],[27.051157,38.407296],[27.051163,38.407288],[27.051172,38.407282],[27.051184,38.407281],[27.051193,38.407285],[27.051204,38.407287],[27.05121,38.407279],[27.051217,38.407262],[27.051226,38.407256],[27.051232,38.407247],[27.05124,38.407241],[27.051251,38.407239],[27.051261,38.407235],[27.05127,38.40723],[27.051274,38.407221],[27.051269,38.407213],[27.05127,38.407205],[27.051278,38.407199],[27.051284,38.407191],[27.051282,38.407182],[27.051274,38.407175],[27.051264,38.407173],[27.05124,38.407172],[27.051228,38.407174],[27.051206,38.40718],[27.051195,38.40718],[27.051191,38.407171],[27.051194,38.407163],[27.051195,38.407154],[27.051192,38.407145],[27.051187,38.407136],[27.05118,38.407129],[27.051169,38.407113],[27.051174,38.407095],[27.051172,38.407067],[27.051181,38.40704],[27.051186,38.407031],[27.051193,38.407024],[27.051194,38.407015],[27.051189,38.406978],[27.051184,38.406969],[27.051177,38.406962],[27.051172,38.406953],[27.051169,38.406944],[27.05117,38.406936],[27.051172,38.406929],[27.051167,38.406921],[27.051158,38.406902],[27.051158,38.406893],[27.051158,38.406885],[27.051182,38.406854],[27.05119,38.406847],[27.051195,38.406839],[27.051197,38.406829],[27.0512,38.40682],[27.051203,38.406811],[27.051203,38.406802],[27.051211,38.406796],[27.051222,38.406793],[27.051234,38.406791],[27.051258,38.406793],[27.051293,38.40679],[27.051369,38.406793],[27.051379,38.40679],[27.051388,38.406784],[27.051396,38.406777],[27.051401,38.406769],[27.051413,38.406722],[27.05142,38.406715],[27.051432,38.406714],[27.051443,38.406717],[27.051447,38.406726],[27.051449,38.406735],[27.05145,38.406753],[27.051452,38.406762],[27.051453,38.406771],[27.051454,38.40678],[27.051464,38.406808],[27.051466,38.406817],[27.051471,38.406824],[27.051515,38.406858],[27.051525,38.406862],[27.051537,38.406863],[27.05156,38.40686],[27.051604,38.406847],[27.051664,38.406852],[27.051675,38.406855],[27.051707,38.406868],[27.051718,38.406871],[27.051729,38.40687],[27.05174,38.406866],[27.051752,38.406865],[27.051763,38.406866],[27.051798,38.406862],[27.05182,38.406855],[27.051833,38.406854],[27.051844,38.406857],[27.051853,38.406863],[27.051893,38.406883],[27.051905,38.406885],[27.051917,38.406884],[27.051929,38.406886],[27.05194,38.406889],[27.051951,38.406888],[27.05196,38.406882],[27.051966,38.406874],[27.05199,38.406853],[27.052009,38.406842],[27.05202,38.406839],[27.052028,38.406846],[27.05203,38.406854],[27.052024,38.406861],[27.052015,38.406867],[27.052009,38.406874],[27.052002,38.406891],[27.051997,38.4069],[27.05199,38.406907],[27.05198,38.406912],[27.051969,38.406915],[27.051909,38.406917],[27.051897,38.406915],[27.051876,38.406906],[27.051864,38.406904],[27.051839,38.406904],[27.051804,38.406899],[27.051779,38.406899],[27.051768,38.406901],[27.051745,38.406907],[27.051687,38.406906],[27.051676,38.40691],[27.051672,38.406917],[27.051679,38.406924],[27.051686,38.406932],[27.051695,38.406948],[27.051696,38.406958],[27.051691,38.406965],[27.051679,38.406967],[27.051657,38.406962],[27.051646,38.406958],[27.051636,38.406941],[27.051629,38.406924],[27.051625,38.406915],[27.051625,38.406907],[27.051623,38.406898],[27.051615,38.406891],[27.051605,38.406889],[27.051595,38.406893],[27.051537,38.406899],[27.051525,38.406899],[27.051513,38.406896],[27.051502,38.406898],[27.051492,38.406901],[27.051484,38.406908],[27.051484,38.406917],[27.051479,38.406924],[27.051467,38.406924],[27.051468,38.406896],[27.051466,38.406888],[27.051462,38.40688],[27.051459,38.406871],[27.051452,38.406863],[27.051443,38.406857],[27.051433,38.406852],[27.051409,38.406848],[27.051386,38.406847],[27.051375,38.406845],[27.051288,38.406849],[27.05128,38.406855],[27.051268,38.406871],[27.051264,38.40688],[27.051259,38.406899],[27.05126,38.406907],[27.051272,38.406953],[27.051283,38.407025],[27.051281,38.407034],[27.051279,38.407043],[27.051279,38.407052],[27.051282,38.40706],[27.051287,38.407069],[27.051295,38.407075],[27.05133,38.407078],[27.051354,38.407076],[27.051565,38.407121],[27.0516,38.407122],[27.051646,38.407114],[27.051669,38.407113],[27.051754,38.407117],[27.0518,38.407128],[27.051811,38.407129],[27.051835,38.407127],[27.051867,38.407118],[27.051877,38.407114],[27.051887,38.407108],[27.051898,38.407105],[27.05191,38.407103],[27.051921,38.407103],[27.051945,38.407101],[27.051957,38.407102],[27.051968,38.407105],[27.051979,38.407107],[27.05199,38.407104],[27.051998,38.407099],[27.052006,38.407092],[27.05201,38.407083],[27.052017,38.407076],[27.052021,38.407067],[27.052019,38.407049],[27.052029,38.407045],[27.05204,38.407044],[27.052086,38.407036],[27.052097,38.407039],[27.052106,38.407045],[27.052117,38.407043],[27.052123,38.407035],[27.052133,38.407034],[27.052143,38.407039],[27.052154,38.407044],[27.052165,38.407044],[27.052177,38.407044],[27.052187,38.40704],[27.052209,38.407034],[27.052215,38.407027],[27.052224,38.407022],[27.052236,38.40702],[27.052258,38.407021],[27.052262,38.407012],[27.052269,38.407005],[27.052281,38.407003],[27.052316,38.407004],[27.052327,38.407003],[27.052347,38.406994],[27.052358,38.406993],[27.05238,38.406994],[27.052424,38.406979],[27.052434,38.406974],[27.052445,38.406971],[27.052457,38.40697],[27.052479,38.406965],[27.05249,38.406962],[27.052499,38.406956],[27.052509,38.406953],[27.052521,38.406954],[27.052556,38.406959],[27.052565,38.406955],[27.052569,38.406946],[27.052575,38.406939],[27.052586,38.406936],[27.052596,38.406931],[27.052604,38.406924],[27.05261,38.406916],[27.052612,38.406907],[27.052613,38.406898],[27.052616,38.406889],[27.052624,38.406873],[27.052633,38.406866],[27.052643,38.406862],[27.052666,38.406857],[27.05269,38.406856],[27.052702,38.406855],[27.052713,38.406858],[27.052724,38.406856],[27.052731,38.406849],[27.05274,38.406843],[27.052752,38.406828],[27.052762,38.406823],[27.052794,38.406811],[27.052805,38.406808],[27.052837,38.406795],[27.052841,38.406786],[27.05284,38.406778],[27.052849,38.406773],[27.05286,38.40677],[27.052872,38.406771],[27.052881,38.406767],[27.052895,38.406752],[27.052907,38.406735],[27.052912,38.406727],[27.052917,38.4067],[27.052922,38.406692],[27.052944,38.406686],[27.052953,38.406681],[27.052968,38.406656],[27.052976,38.406639],[27.052982,38.406631],[27.052988,38.406623],[27.052996,38.406616],[27.053015,38.406607],[27.053026,38.406605],[27.053038,38.406606],[27.053045,38.406613],[27.053049,38.406622],[27.053059,38.406624],[27.053099,38.406605],[27.053108,38.406598],[27.053112,38.40659],[27.053113,38.406581],[27.053109,38.406573],[27.053109,38.406564],[27.053131,38.406542],[27.053137,38.406534],[27.05314,38.406525],[27.053145,38.406517],[27.053145,38.406508],[27.053142,38.406499],[27.053145,38.406492],[27.053154,38.406486],[27.053165,38.406484],[27.053173,38.406477],[27.053201,38.406459],[27.053224,38.406454],[27.053236,38.406454],[27.053247,38.406456],[27.053258,38.406459],[27.05327,38.406461],[27.05328,38.406461],[27.053291,38.406457],[27.0533,38.406452],[27.0533,38.406443],[27.053301,38.406435],[27.053312,38.406431],[27.053346,38.406405],[27.053352,38.406398],[27.053363,38.406395],[27.053372,38.40639],[27.053384,38.406375],[27.053395,38.406373],[27.053407,38.406374],[27.053418,38.406372],[27.053427,38.406367],[27.053436,38.40636],[27.053458,38.406354],[27.053472,38.40634],[27.053482,38.406336],[27.053493,38.406337],[27.053504,38.406341],[27.053513,38.406346],[27.053538,38.406347],[27.05355,38.40635],[27.053563,38.40635],[27.053575,38.406352],[27.053593,38.406364],[27.053604,38.406365],[27.053614,38.40636],[27.053633,38.406349],[27.053649,38.406335],[27.053654,38.406327],[27.053658,38.406309],[27.053658,38.4063],[27.053654,38.406291],[27.053646,38.406284],[27.053637,38.40628],[27.053626,38.406277],[27.053634,38.40627],[27.053644,38.406265],[27.053658,38.406251],[27.053663,38.406242],[27.053685,38.406222],[27.053694,38.406216],[27.053706,38.406217],[27.053717,38.40622],[27.053724,38.406227],[27.053734,38.406231],[27.053745,38.406233],[27.053756,38.406236],[27.053767,38.406236],[27.053778,38.406234],[27.053788,38.406238],[27.053797,38.406233],[27.053797,38.406224],[27.053789,38.406208],[27.053786,38.406199],[27.053789,38.406192],[27.053798,38.406187],[27.05381,38.406185],[27.05382,38.406191],[27.053827,38.406198],[27.053855,38.406215],[27.053877,38.406221],[27.053887,38.406219],[27.05389,38.40621],[27.053888,38.406202],[27.053877,38.406199],[27.053879,38.40619],[27.053885,38.406182],[27.053886,38.406172],[27.053883,38.406164],[27.053875,38.406157],[27.053864,38.406154],[27.053856,38.406148],[27.053849,38.406141],[27.05384,38.406136],[27.053834,38.406129],[27.053824,38.406124],[27.053817,38.406118],[27.053812,38.40611],[27.053803,38.406104],[27.053783,38.406095],[27.053771,38.406096],[27.053752,38.406104],[27.053739,38.406106],[27.053717,38.406111],[27.053705,38.406109],[27.053696,38.406105],[27.053694,38.406096],[27.053726,38.406085],[27.053732,38.406077],[27.053733,38.406068],[27.053726,38.406061],[27.053702,38.40604],[27.053695,38.406032],[27.05369,38.406024],[27.053676,38.406008],[27.053669,38.406002],[27.053659,38.406],[27.053651,38.406005],[27.053641,38.406001],[27.053631,38.405996],[27.05362,38.405993],[27.053608,38.405992],[27.053597,38.405993],[27.053573,38.405997],[27.053528,38.40599],[27.053517,38.40599],[27.053508,38.405995],[27.0535,38.406002],[27.053489,38.406001],[27.05347,38.40599],[27.05345,38.405982],[27.053439,38.405978],[27.053428,38.405977],[27.053426,38.40597],[27.053426,38.405961],[27.053421,38.405952],[27.053416,38.405944],[27.053405,38.405942],[27.053371,38.405951],[27.05336,38.405948],[27.053341,38.405937],[27.053326,38.405923],[27.053315,38.40592],[27.053291,38.40592],[27.05328,38.405917],[27.053267,38.405917],[27.053257,38.40592],[27.053259,38.405928],[27.053259,38.405937],[27.053252,38.405944],[27.053246,38.405953],[27.053247,38.405962],[27.053264,38.405986],[27.053272,38.405992],[27.053284,38.405993],[27.053294,38.40599],[27.053304,38.405991],[27.053312,38.405998],[27.053318,38.406006],[27.053322,38.406015],[27.053325,38.406023],[27.053333,38.406041],[27.053334,38.40605],[27.053338,38.406059],[27.053347,38.406064],[27.05335,38.406073],[27.053346,38.406081],[27.053327,38.406092],[27.053317,38.406096],[27.053305,38.406095],[27.053294,38.406092],[27.053285,38.406086],[27.053279,38.406077],[27.053271,38.406069],[27.053265,38.406061],[27.053261,38.406042],[27.053257,38.406033],[27.053234,38.406009],[27.053226,38.406003],[27.053215,38.406],[27.053204,38.405999],[27.053192,38.406001],[27.053181,38.406004],[27.05317,38.406009],[27.053163,38.406015],[27.053158,38.406024],[27.053144,38.406038],[27.053136,38.406055],[27.053133,38.406065],[27.053132,38.406074],[27.053134,38.406083],[27.053133,38.406102],[27.053134,38.406112],[27.053137,38.406121],[27.053154,38.406155],[27.05316,38.406163],[27.053169,38.406169],[27.053176,38.406177],[27.053181,38.406185],[27.053187,38.406203],[27.05319,38.406221],[27.053182,38.406223],[27.053173,38.406217],[27.053166,38.40621],[27.053153,38.406194],[27.053123,38.406166],[27.05312,38.406158],[27.053117,38.406148],[27.053108,38.406132],[27.053102,38.406125],[27.053092,38.40612],[27.053081,38.406118],[27.053069,38.406119],[27.05306,38.406113],[27.053049,38.406109],[27.053038,38.40611],[27.053027,38.406113],[27.053016,38.40611],[27.052995,38.406102],[27.052983,38.406101],[27.052976,38.406095],[27.05297,38.406087],[27.052962,38.406081],[27.052941,38.406071],[27.052919,38.406067],[27.052907,38.406067],[27.052895,38.406069],[27.052888,38.406075],[27.05289,38.406084],[27.052895,38.406092],[27.052894,38.406101],[27.052889,38.40611],[27.052886,38.406128],[27.052886,38.406138],[27.052892,38.406155],[27.05291,38.40619],[27.052921,38.406205],[27.052911,38.406207],[27.052888,38.406199],[27.05284,38.406192],[27.052828,38.406193],[27.052816,38.40619],[27.052799,38.406178],[27.052788,38.406178],[27.052764,38.406198],[27.052758,38.406206],[27.052753,38.406215],[27.05273,38.406236],[27.052724,38.406244],[27.052703,38.406248],[27.052668,38.406251],[27.052656,38.40625],[27.052646,38.406246],[27.052635,38.406241],[27.052624,38.406237],[27.052612,38.406235],[27.052602,38.406239],[27.052599,38.406248],[27.052598,38.406257],[27.052594,38.406266],[27.052588,38.406274],[27.052585,38.406283],[27.052577,38.406289],[27.052566,38.406292],[27.052555,38.406293],[27.052546,38.4063],[27.052536,38.406304],[27.052524,38.406305],[27.052515,38.406309],[27.052493,38.406331],[27.052484,38.406337],[27.052453,38.40635],[27.052443,38.406356],[27.052438,38.406364],[27.052444,38.406371],[27.05245,38.406378],[27.05244,38.406382],[27.052418,38.406376],[27.052408,38.40637],[27.0524,38.406368],[27.052392,38.406375],[27.052388,38.406383],[27.052382,38.40639],[27.05237,38.406395],[27.052354,38.406407],[27.052332,38.406417],[27.052306,38.406439],[27.052297,38.406445],[27.052288,38.406451],[27.052279,38.406456],[27.052266,38.406458],[27.052257,38.406463],[27.05225,38.40647],[27.052243,38.406489],[27.052238,38.406497],[27.052236,38.406506],[27.052238,38.406515],[27.05224,38.406524],[27.052238,38.406533],[27.052235,38.406542],[27.052229,38.406551],[27.052215,38.406566],[27.052206,38.406572],[27.052181,38.406575],[27.052173,38.406569],[27.052177,38.40656],[27.052185,38.406554],[27.052191,38.406546],[27.052195,38.406538],[27.052194,38.406528],[27.052192,38.406519],[27.05219,38.4065],[27.052191,38.406491],[27.052188,38.406437],[27.052184,38.406418],[27.05218,38.406409],[27.052168,38.406407],[27.05216,38.406401],[27.052157,38.406392],[27.052147,38.406387],[27.052136,38.406383],[27.052119,38.40637],[27.052101,38.406336],[27.052087,38.406321],[27.052057,38.406303],[27.052045,38.406288],[27.052034,38.406285],[27.051988,38.406315],[27.051978,38.406319],[27.051956,38.406325],[27.051946,38.406323],[27.051935,38.406325],[27.051926,38.40633],[27.051912,38.406344],[27.051875,38.406368],[27.051868,38.406375],[27.05185,38.406399],[27.051848,38.406409],[27.051851,38.406418],[27.051841,38.406421],[27.051832,38.406416],[27.051825,38.406398],[27.051823,38.406369],[27.051827,38.406361],[27.051834,38.406354],[27.051845,38.406348],[27.051855,38.406342],[27.051863,38.406336],[27.051873,38.40633],[27.051882,38.406324],[27.05189,38.406317],[27.051919,38.4063],[27.051929,38.406296],[27.051954,38.406295],[27.051966,38.406293],[27.051976,38.406288],[27.051994,38.406277],[27.052019,38.406257],[27.052022,38.406247],[27.052014,38.40623],[27.052007,38.406222],[27.051926,38.406204],[27.051878,38.406203],[27.05183,38.406208],[27.051818,38.406211],[27.051808,38.406215],[27.051796,38.406218],[27.051758,38.406223],[27.051715,38.40624],[27.051708,38.406247],[27.051698,38.406264],[27.051691,38.406272],[27.051683,38.406278],[27.051672,38.406282],[27.051661,38.406284],[27.051638,38.406286],[27.051626,38.406285],[27.05162,38.406278],[27.051602,38.406244],[27.051596,38.406226],[27.051551,38.406171],[27.051542,38.406165],[27.051535,38.406157],[27.051535,38.406149],[27.051542,38.406142],[27.051551,38.406135],[27.051562,38.406134],[27.051573,38.406137],[27.051602,38.406152],[27.051609,38.406159],[27.051658,38.406184],[27.05167,38.406184],[27.051681,38.406186],[27.051704,38.406184],[27.051715,38.406188],[27.051727,38.406191],[27.051738,38.406191],[27.05175,38.40619],[27.051762,38.40619],[27.051774,38.40619],[27.051785,38.406187],[27.051794,38.406182],[27.051805,38.406179],[27.051889,38.406171],[27.051902,38.406172],[27.051914,38.406172],[27.051925,38.406174],[27.051948,38.406183],[27.052031,38.4062],[27.05204,38.406205],[27.052048,38.406212],[27.052054,38.40622],[27.052058,38.406228],[27.05206,38.406237],[27.052064,38.406245],[27.052087,38.406247],[27.052098,38.40625],[27.052108,38.406256],[27.052117,38.406262],[27.052122,38.40627],[27.052142,38.406336],[27.052146,38.406344],[27.052151,38.406353],[27.052156,38.40636],[27.052191,38.406369],[27.052203,38.406368],[27.052211,38.406361],[27.052218,38.406354],[27.052226,38.406347],[27.052235,38.406341],[27.052257,38.406341],[27.052268,38.406338],[27.052277,38.406332],[27.052289,38.406316],[27.052298,38.406311],[27.05231,38.406312],[27.052321,38.406315],[27.052354,38.406309],[27.05236,38.406303],[27.052359,38.406293],[27.052356,38.406285],[27.052346,38.406268],[27.052345,38.40626],[27.052348,38.406251],[27.052358,38.406233],[27.052363,38.406223],[27.052363,38.406214],[27.052369,38.406206],[27.05238,38.406203],[27.05239,38.406198],[27.052407,38.406184],[27.052411,38.406175],[27.052412,38.406166],[27.052414,38.406157],[27.052421,38.40615],[27.05243,38.406144],[27.052441,38.406143],[27.052452,38.406146],[27.052461,38.406151],[27.052467,38.40616],[27.052477,38.406165],[27.052488,38.406181],[27.052521,38.406191],[27.052543,38.406186],[27.052553,38.406182],[27.052557,38.406173],[27.052564,38.406166],[27.052576,38.406163],[27.052641,38.406141],[27.052647,38.406133],[27.052648,38.406115],[27.052651,38.406106],[27.052664,38.406092],[27.052668,38.406074],[27.052673,38.406066],[27.052685,38.406066],[27.052685,38.406075],[27.052701,38.406088],[27.05271,38.406093],[27.052722,38.406096],[27.052733,38.406096],[27.052744,38.406094],[27.052756,38.406091],[27.052766,38.406087],[27.052776,38.406081],[27.052786,38.406076],[27.052794,38.40607],[27.052801,38.406062],[27.052806,38.406054],[27.052809,38.406044],[27.052819,38.406044],[27.052832,38.406045],[27.052856,38.406043],[27.052868,38.406044],[27.05288,38.40604],[27.052883,38.406031],[27.05289,38.406024],[27.0529,38.406024],[27.052907,38.406029],[27.052918,38.406033],[27.052941,38.406035],[27.052953,38.406033],[27.052965,38.406033],[27.052971,38.406042],[27.052978,38.406049],[27.052987,38.406055],[27.052997,38.406059],[27.053011,38.40606],[27.053035,38.406064],[27.053046,38.406063],[27.053053,38.406056],[27.053059,38.406048],[27.053066,38.406041],[27.05307,38.406033],[27.053077,38.406025],[27.053084,38.406017],[27.053096,38.406002],[27.053105,38.405996],[27.053125,38.405987],[27.053135,38.405982],[27.05314,38.405974],[27.053153,38.405958],[27.053148,38.40594],[27.05314,38.405932],[27.053142,38.405924],[27.053151,38.405924],[27.053164,38.405938],[27.053174,38.405943],[27.053185,38.405944],[27.05319,38.405936],[27.053191,38.405916],[27.053189,38.405907],[27.053193,38.405898],[27.053202,38.405892],[27.053209,38.405885],[27.053216,38.405877],[27.053225,38.405873],[27.053243,38.405881],[27.053256,38.405881],[27.053263,38.405875],[27.05326,38.405867],[27.053234,38.405836],[27.053229,38.405828],[27.053227,38.40582],[27.053216,38.405815],[27.053203,38.40581],[27.053188,38.405794],[27.053177,38.405792],[27.053165,38.405791],[27.05316,38.405797],[27.053151,38.405801],[27.053139,38.405805],[27.053129,38.40581],[27.053117,38.405809],[27.053107,38.405814],[27.053102,38.40582],[27.053094,38.405815],[27.053083,38.405812],[27.053071,38.405811],[27.053043,38.405795],[27.053033,38.405791],[27.053024,38.405786],[27.053013,38.405781],[27.053002,38.405782],[27.053003,38.405791],[27.053014,38.405795],[27.053024,38.4058],[27.053027,38.405809],[27.053033,38.405816],[27.053039,38.405821],[27.053044,38.40583],[27.053051,38.405839],[27.053049,38.405848],[27.053045,38.405857],[27.053033,38.40586],[27.053026,38.405853],[27.053025,38.405844],[27.05302,38.405836],[27.053011,38.405829],[27.053,38.405825],[27.052988,38.405826],[27.052978,38.405827],[27.052969,38.40582],[27.052965,38.405812],[27.052955,38.405807],[27.052944,38.405803],[27.052921,38.405802],[27.052909,38.405804],[27.052905,38.405799],[27.052903,38.40579],[27.052898,38.405781],[27.052888,38.405776],[27.052878,38.405772],[27.052869,38.405766],[27.052884,38.405741],[27.052887,38.405732],[27.052891,38.405723],[27.052886,38.405715],[27.052879,38.405708],[27.052876,38.405699],[27.052871,38.405692],[27.052867,38.405683],[27.052865,38.405674],[27.052864,38.405664],[27.052873,38.405659],[27.052883,38.405656],[27.052895,38.405657],[27.052903,38.405663],[27.052909,38.405671],[27.052914,38.405679],[27.05292,38.405687],[27.052947,38.405705],[27.052955,38.405712],[27.052969,38.405727],[27.052978,38.405734],[27.05301,38.405745],[27.053051,38.405763],[27.053069,38.405775],[27.053102,38.405785],[27.053114,38.405784],[27.053131,38.405772],[27.053142,38.405769],[27.053152,38.405764],[27.053161,38.405758],[27.053171,38.405756],[27.05319,38.405758],[27.0532,38.40576],[27.053206,38.405768],[27.053204,38.405777],[27.053224,38.4058],[27.053234,38.405804],[27.053242,38.40581],[27.053247,38.405818],[27.053254,38.405827],[27.053274,38.405837],[27.05329,38.405852],[27.053308,38.405863],[27.053318,38.405867],[27.053329,38.405864],[27.053331,38.405856],[27.053324,38.405837],[27.053323,38.405828],[27.053333,38.405826],[27.05334,38.405832],[27.053342,38.405841],[27.053346,38.405849],[27.053351,38.405857],[27.053349,38.405866],[27.053343,38.405874],[27.053348,38.405883],[27.053359,38.405883],[27.053368,38.405878],[27.053383,38.405865],[27.053386,38.405855],[27.053391,38.405846],[27.053408,38.405833],[27.053417,38.405828],[27.053428,38.405824],[27.053434,38.405831],[27.053429,38.405839],[27.053422,38.405847],[27.053414,38.405853],[27.053413,38.405862],[27.053415,38.405871],[27.053407,38.405876],[27.053385,38.405886],[27.053377,38.405891],[27.053376,38.405899],[27.05338,38.405908],[27.053391,38.40591],[27.053403,38.405907],[27.053415,38.405906],[27.053427,38.405907],[27.053449,38.405914],[27.05346,38.405917],[27.05347,38.405923],[27.053474,38.405931],[27.053477,38.405941],[27.053484,38.405949],[27.053495,38.405953],[27.053506,38.405956],[27.053516,38.405957],[27.05354,38.405954],[27.05355,38.405957],[27.053576,38.405959],[27.053588,38.405958],[27.053599,38.405955],[27.053608,38.40595],[27.053619,38.405949],[27.053655,38.405952],[27.053667,38.405952],[27.053679,38.405954],[27.053724,38.405983],[27.053728,38.405991],[27.05373,38.406],[27.053734,38.406009],[27.053739,38.406017],[27.053776,38.406039],[27.053786,38.40604],[27.053798,38.406044],[27.053808,38.406048],[27.053819,38.406051],[27.053828,38.406057],[27.053835,38.406064],[27.053846,38.406081],[27.053853,38.406088],[27.053862,38.406094],[27.053873,38.406096],[27.053889,38.406084],[27.053898,38.406088],[27.053896,38.406096],[27.053892,38.406105],[27.053897,38.406111],[27.053917,38.406102],[27.053925,38.406119],[27.053931,38.406127],[27.05394,38.406133],[27.053952,38.406134],[27.053961,38.406131],[27.053965,38.406123],[27.053975,38.406122],[27.053997,38.406129],[27.054008,38.406129],[27.054017,38.406123],[27.054019,38.406115],[27.054019,38.406105],[27.054023,38.406095],[27.054033,38.406091],[27.054044,38.406092],[27.054054,38.406096],[27.054067,38.406111],[27.054081,38.406136],[27.054089,38.406144],[27.054098,38.40615],[27.054103,38.406144],[27.054099,38.406125],[27.054096,38.406116],[27.054097,38.406107],[27.054106,38.406102],[27.054131,38.406103],[27.054143,38.406104],[27.054178,38.406112],[27.054188,38.406117],[27.054195,38.406124],[27.054201,38.406132],[27.054208,38.406159],[27.054209,38.406168],[27.054208,38.406186],[27.05421,38.406205],[27.054208,38.406214],[27.054215,38.406222],[27.054226,38.406223],[27.054236,38.406228],[27.054247,38.406231],[27.054271,38.406233],[27.05432,38.406228],[27.054403,38.406207],[27.0545,38.406204],[27.054512,38.406205],[27.054523,38.406207],[27.054534,38.406212],[27.054545,38.406213],[27.054569,38.406214],[27.054616,38.406206],[27.054652,38.406208],[27.054675,38.406213],[27.054685,38.406218],[27.054696,38.406221],[27.054708,38.406222],[27.05472,38.406222],[27.054741,38.406216],[27.054754,38.406218],[27.054766,38.406217],[27.054809,38.4062],[27.054818,38.406193],[27.054829,38.406193],[27.05484,38.406198],[27.054852,38.406201],[27.054862,38.406205],[27.054873,38.406207],[27.054903,38.406194],[27.05491,38.406187],[27.054916,38.40618],[27.054926,38.406162],[27.054933,38.406154],[27.054936,38.406145],[27.054927,38.406139],[27.054905,38.406131],[27.054867,38.406129],[27.054835,38.406119],[27.054815,38.40611],[27.054807,38.406104],[27.054787,38.406093],[27.054779,38.406086],[27.054769,38.406081],[27.054744,38.406075],[27.054695,38.406071],[27.054688,38.406076],[27.054683,38.406084],[27.054677,38.406092],[27.054669,38.406099],[27.054649,38.406109],[27.054641,38.406115],[27.05462,38.406124],[27.054613,38.406131],[27.054604,38.406136],[27.054593,38.406133],[27.05458,38.406118],[27.054569,38.406117],[27.054557,38.406118],[27.054545,38.406118],[27.054524,38.40611],[27.054515,38.406105],[27.054505,38.406105],[27.054503,38.406114],[27.054501,38.406143],[27.054499,38.406152],[27.054488,38.406155],[27.054478,38.406151],[27.054459,38.406139],[27.054451,38.406133],[27.054445,38.406125],[27.05444,38.406116],[27.054433,38.406099],[27.054433,38.40607],[27.054437,38.406061],[27.054448,38.406057],[27.054456,38.406063],[27.054467,38.406066],[27.05448,38.406065],[27.054475,38.406056],[27.054468,38.40605],[27.054461,38.406042],[27.054456,38.406034],[27.054448,38.406027],[27.054438,38.406022],[27.054424,38.406022],[27.054419,38.406029],[27.054418,38.406038],[27.054419,38.406066],[27.054417,38.406075],[27.054406,38.40608],[27.054398,38.406087],[27.054396,38.406096],[27.054393,38.406106],[27.054387,38.406113],[27.054383,38.406123],[27.054377,38.406131],[27.054361,38.406145],[27.054352,38.406143],[27.05435,38.406134],[27.05434,38.406129],[27.054332,38.406123],[27.05433,38.406114],[27.054326,38.406105],[27.054317,38.406099],[27.054294,38.406098],[27.054294,38.40609],[27.054302,38.406084],[27.054313,38.40608],[27.054321,38.406074],[27.054323,38.406065],[27.05432,38.406046],[27.054315,38.406037],[27.054309,38.40603],[27.054313,38.406022],[27.054323,38.406017],[27.054332,38.406012],[27.054336,38.406003],[27.054343,38.405996],[27.054354,38.405996],[27.054378,38.405997],[27.05439,38.405995],[27.054423,38.405985],[27.054436,38.405984],[27.054448,38.405984],[27.054459,38.405986],[27.05451,38.40601],[27.054519,38.406016],[27.054525,38.406024],[27.054533,38.40603],[27.054543,38.406035],[27.054565,38.406035],[27.054577,38.406033],[27.054596,38.406023],[27.054607,38.406019],[27.054627,38.40601],[27.05463,38.406002],[27.054621,38.405985],[27.054618,38.405976],[27.054614,38.405968],[27.054606,38.405961],[27.054597,38.405962],[27.054588,38.405968],[27.05458,38.405964],[27.054576,38.405956],[27.054568,38.405949],[27.054563,38.405942],[27.054575,38.405938],[27.054585,38.405934],[27.054587,38.405925],[27.054588,38.405916],[27.054584,38.405907],[27.054574,38.405905],[27.054567,38.4059],[27.054569,38.405891],[27.054565,38.405882],[27.054554,38.405865],[27.054547,38.405857],[27.054543,38.405848],[27.054543,38.405839],[27.054574,38.4058],[27.054587,38.405775],[27.054593,38.405767],[27.054598,38.405758],[27.054605,38.405752],[27.054607,38.405743],[27.054602,38.405736],[27.054601,38.405727],[27.054624,38.40571],[27.054645,38.405718],[27.054652,38.405725],[27.054655,38.405733],[27.054656,38.405743],[27.054656,38.405752],[27.05466,38.405761],[27.054662,38.40577],[27.054664,38.405789],[27.054662,38.405797],[27.054663,38.405807],[27.054658,38.405815],[27.054652,38.405822],[27.054643,38.405839],[27.054639,38.405857],[27.054634,38.405865],[27.05463,38.405883],[27.054629,38.405892],[27.054629,38.405909],[27.054632,38.405927],[27.054635,38.405936],[27.05464,38.405945],[27.054668,38.405976],[27.054676,38.405982],[27.054681,38.40599],[27.054714,38.406016],[27.054721,38.406023],[27.054731,38.406028],[27.054741,38.406031],[27.054753,38.406032],[27.054761,38.406038],[27.054771,38.406044],[27.054782,38.406045],[27.054791,38.40605],[27.054798,38.406057],[27.054828,38.406072],[27.05484,38.406075],[27.054856,38.406081],[27.054954,38.406095],[27.054964,38.406099],[27.054984,38.406111],[27.055001,38.406123],[27.055045,38.406146],[27.055068,38.406155],[27.05508,38.406157],[27.055091,38.40616],[27.055193,38.406167],[27.055205,38.40617],[27.055217,38.406174],[27.055228,38.406179],[27.055238,38.406185],[27.055246,38.406192],[27.055253,38.406201],[27.055258,38.406209],[27.055269,38.406236],[27.055274,38.406244],[27.05528,38.406264],[27.055317,38.406314],[27.055324,38.406321],[27.05534,38.406334],[27.05537,38.40635],[27.055517,38.406401],[27.055529,38.406404],[27.055632,38.406412],[27.055681,38.406409],[27.055693,38.406407],[27.055737,38.406393],[27.055777,38.40637],[27.055837,38.40636],[27.055929,38.40633],[27.055939,38.406325],[27.05595,38.406321],[27.055957,38.406314],[27.055959,38.406304],[27.05596,38.406294],[27.055963,38.406284],[27.055968,38.406276],[27.055984,38.40626],[27.055989,38.40625],[27.055992,38.406241],[27.055999,38.406234],[27.056008,38.406227],[27.056029,38.40622],[27.056054,38.406215],[27.056077,38.406206],[27.056088,38.406203],[27.056128,38.406198],[27.056139,38.406199],[27.056151,38.406202],[27.056163,38.406203],[27.056175,38.406201],[27.056189,38.406197],[27.05621,38.406187],[27.056234,38.406183],[27.056296,38.406184],[27.056308,38.406186],[27.056357,38.406178],[27.05638,38.406178],[27.056405,38.406181],[27.056419,38.406185],[27.056429,38.40619],[27.056455,38.406196],[27.056578,38.406211],[27.057097,38.406192],[27.057121,38.406196],[27.057133,38.406201],[27.057143,38.406209],[27.057151,38.406216],[27.057157,38.406224],[27.05717,38.406255],[27.057172,38.406264],[27.057194,38.406286],[27.057202,38.406293],[27.057211,38.406311],[27.057217,38.406321],[27.057221,38.406329],[27.057232,38.406346],[27.057251,38.406361],[27.057309,38.406425],[27.057314,38.406433],[27.057331,38.40645],[27.057337,38.406458],[27.057349,38.406475],[27.057385,38.406512],[27.057439,38.406555],[27.057449,38.40656],[27.057465,38.406574],[27.05748,38.40659],[27.05749,38.406606],[27.057494,38.406615],[27.057501,38.406623],[27.057536,38.40665],[27.057546,38.406655],[27.057555,38.406662],[27.057609,38.406693],[27.057627,38.406706],[27.057699,38.406745],[27.057717,38.406758],[27.057752,38.406798],[27.05779,38.406862],[27.057816,38.406895],[27.057823,38.406903],[27.05785,38.406924],[27.057921,38.407009],[27.057941,38.407046],[27.057948,38.407065],[27.057953,38.407084],[27.057969,38.40711],[27.057985,38.407148],[27.057988,38.407158],[27.057994,38.407169],[27.058012,38.407227],[27.058015,38.407255],[27.058015,38.407275],[27.058019,38.407313],[27.058019,38.407362],[27.058016,38.407382],[27.057983,38.407463],[27.057978,38.407472],[27.057974,38.40748],[27.057973,38.407491],[27.057974,38.4075],[27.057976,38.40751],[27.057986,38.407538],[27.058003,38.407627],[27.058003,38.407637],[27.057998,38.407656],[27.057997,38.407666],[27.057998,38.407677],[27.058001,38.407687],[27.058002,38.407696],[27.057998,38.407758],[27.057998,38.407787],[27.057997,38.407798],[27.057996,38.407807],[27.057999,38.407816],[27.058005,38.407824],[27.058003,38.407833],[27.057986,38.407845],[27.057984,38.407864],[27.057987,38.407905],[27.057986,38.407925],[27.057988,38.407944],[27.057987,38.407964],[27.057989,38.407974],[27.057999,38.407991],[27.057997,38.408001],[27.057997,38.408011],[27.057997,38.40802],[27.05801,38.408061],[27.058009,38.40808],[27.058007,38.40809],[27.058007,38.408099],[27.058008,38.408108],[27.058012,38.408117],[27.058013,38.408126],[27.058011,38.408136],[27.05801,38.408146],[27.058007,38.408155],[27.058002,38.408185],[27.057999,38.408274],[27.058003,38.408295],[27.058005,38.408336],[27.058001,38.408364],[27.058001,38.408373],[27.058004,38.408392],[27.058003,38.408402],[27.057999,38.40842],[27.057995,38.40848],[27.057992,38.408489],[27.057994,38.408499],[27.057997,38.408507],[27.058006,38.408656],[27.058003,38.408704],[27.05799,38.408751],[27.057986,38.40876],[27.057986,38.40877],[27.057987,38.40878],[27.057996,38.408797],[27.058003,38.408825],[27.058003,38.408835],[27.058001,38.408844],[27.05799,38.408871],[27.05798,38.408889],[27.057977,38.408899],[27.057974,38.408921],[27.057971,38.40893],[27.057967,38.408939],[27.057961,38.408948],[27.05796,38.408958],[27.057965,38.408967],[27.057972,38.408974],[27.057977,38.408983],[27.057985,38.409004],[27.057991,38.409043],[27.05799,38.409054],[27.057988,38.409064],[27.057987,38.409084],[27.057988,38.409113],[27.057973,38.409138],[27.057969,38.409147],[27.057967,38.409166],[27.057967,38.409175],[27.05798,38.409272],[27.057978,38.409281],[27.057971,38.409298],[27.057955,38.409325],[27.057952,38.409335],[27.05796,38.409363],[27.057961,38.409382],[27.057958,38.409443],[27.057953,38.409472],[27.057952,38.40952],[27.057948,38.409554],[27.057947,38.409585],[27.057946,38.409595],[27.057943,38.409604],[27.057935,38.409622],[27.057924,38.40968],[27.057914,38.409711],[27.057913,38.409731],[27.057914,38.409741],[27.057912,38.40975],[27.057913,38.40977],[27.057912,38.40978],[27.057903,38.409817],[27.0579,38.409847],[27.057897,38.409855],[27.057896,38.409867],[27.057891,38.409908],[27.057888,38.409916],[27.057886,38.409925],[27.057888,38.409934],[27.057885,38.409943],[27.057877,38.40995],[27.057872,38.409958],[27.057874,38.409979],[27.05787,38.409987],[27.057869,38.409996],[27.057869,38.410006],[27.057871,38.410017],[27.057871,38.410027],[27.057877,38.410056],[27.057874,38.410075],[27.057871,38.410084],[27.057865,38.410092],[27.057862,38.410101],[27.057851,38.41018],[27.057852,38.41019],[27.057853,38.4102],[27.057858,38.410209],[27.05786,38.410218],[27.057859,38.410227],[27.057855,38.410246],[27.057852,38.410289],[27.057845,38.410321],[27.057835,38.410348],[27.057831,38.410378],[27.057828,38.410386],[27.057827,38.410396],[27.057811,38.410474],[27.057805,38.410482],[27.057797,38.410489],[27.057791,38.410498],[27.057787,38.410518],[27.057781,38.41064],[27.05777,38.410699],[27.057759,38.410726],[27.057742,38.410751],[27.057737,38.41076],[27.057733,38.410769],[27.057723,38.41082],[27.05772,38.410851],[27.057717,38.410861],[27.057713,38.41087],[27.057712,38.41088],[27.057714,38.4109],[27.05771,38.410919],[27.057706,38.410929],[27.057704,38.41094],[27.057702,38.410969],[27.057694,38.411007],[27.05769,38.411017],[27.057688,38.411026],[27.057681,38.411044],[27.057675,38.411071],[27.057671,38.411081],[27.05766,38.411131],[27.05766,38.411162],[27.057647,38.41122],[27.057645,38.411249],[27.057641,38.411258],[27.057638,38.411287],[27.057639,38.411296],[27.057639,38.411306],[27.057636,38.411314],[27.057631,38.411324],[27.057619,38.411341],[27.057611,38.411359],[27.057601,38.411396],[27.057596,38.411477],[27.057579,38.411565],[27.057573,38.411585],[27.057573,38.411605],[27.057572,38.411615],[27.057572,38.411624],[27.057574,38.411652],[27.057573,38.411661],[27.057569,38.411671],[27.057565,38.411679],[27.05756,38.411707],[27.057557,38.411716],[27.05755,38.411723],[27.057547,38.411732],[27.057538,38.411749],[27.057535,38.41181],[27.057534,38.41182],[27.057526,38.411847],[27.057522,38.411896],[27.057522,38.411927],[27.057502,38.412046],[27.057499,38.412085],[27.057498,38.412094],[27.057495,38.412124],[27.05749,38.412142],[27.057486,38.412152],[27.057478,38.412203],[27.057473,38.412221],[27.057471,38.41223],[27.057469,38.41224],[27.057465,38.41225],[27.05746,38.412258],[27.057456,38.412268],[27.057456,38.412278],[27.057457,38.412287],[27.057456,38.412297],[27.057452,38.412316],[27.057445,38.412337],[27.057444,38.412348],[27.057438,38.412367],[27.057421,38.412404],[27.057405,38.412452],[27.057405,38.412461],[27.0574,38.412481],[27.057393,38.412498],[27.057381,38.412545],[27.057378,38.412555],[27.057369,38.412602],[27.057366,38.412737],[27.057362,38.412755],[27.057353,38.412784],[27.057348,38.412794],[27.057336,38.41281],[27.057332,38.412818],[27.05733,38.412828],[27.057324,38.412895],[27.057299,38.412938],[27.057276,38.41299],[27.057268,38.413027],[27.057271,38.413046],[27.057261,38.413174],[27.057258,38.413182],[27.057254,38.413191],[27.057246,38.413198],[27.057213,38.41325],[27.057199,38.413287],[27.05719,38.413304],[27.057172,38.41336],[27.057171,38.41337],[27.057169,38.41338],[27.057166,38.413389],[27.057149,38.413415],[27.05714,38.413434],[27.057128,38.413451],[27.057111,38.413487],[27.057101,38.413504],[27.057088,38.41352],[27.057054,38.413622],[27.05705,38.413631],[27.057043,38.413639],[27.057034,38.413646],[27.057026,38.413653],[27.057018,38.413659],[27.057008,38.413664],[27.056944,38.413689],[27.056885,38.413702],[27.056874,38.413706],[27.056865,38.413713],[27.056857,38.413721],[27.056849,38.413728],[27.05682,38.413743],[27.056764,38.41376],[27.056691,38.413768],[27.056533,38.413747],[27.056501,38.413734],[27.056336,38.413694],[27.056306,38.41368],[27.056295,38.413676],[27.056284,38.41367],[27.05626,38.413664],[27.056237,38.413662],[27.056153,38.41367],[27.056129,38.413669],[27.056095,38.413659],[27.056084,38.413654],[27.056055,38.413637],[27.056044,38.413632],[27.056034,38.413626],[27.055961,38.413595],[27.055938,38.413589],[27.055828,38.413584],[27.055793,38.413577],[27.055781,38.413573],[27.055771,38.413569],[27.055762,38.413563],[27.055747,38.413548],[27.055739,38.413542],[27.055727,38.413538],[27.055697,38.413525],[27.055688,38.413518],[27.055683,38.413511],[27.055675,38.413503],[27.055664,38.4135],[27.055605,38.413498],[27.055566,38.413485],[27.05551,38.413454],[27.055499,38.41345],[27.055429,38.41344],[27.055418,38.413437],[27.055361,38.413403],[27.055285,38.413376],[27.055244,38.413343],[27.055234,38.413337],[27.055227,38.41333],[27.055211,38.413317],[27.055206,38.413308],[27.055203,38.4133],[27.055197,38.413292],[27.05517,38.413274],[27.055159,38.41327],[27.055135,38.413265],[27.055104,38.413252],[27.055094,38.413246],[27.055087,38.413239],[27.055082,38.41323],[27.055063,38.41322],[27.055046,38.413208],[27.054996,38.413186],[27.054938,38.413173],[27.054901,38.41317],[27.05489,38.413167],[27.054849,38.413148],[27.05484,38.413142],[27.054832,38.413135],[27.054764,38.413098],[27.054754,38.413094],[27.05473,38.413089],[27.054697,38.413077],[27.054675,38.413072],[27.054653,38.413065],[27.054644,38.413058],[27.054639,38.41305],[27.054633,38.413042],[27.054628,38.413033],[27.054623,38.413025],[27.054614,38.413019],[27.054605,38.413013],[27.054595,38.413008],[27.054561,38.412998],[27.054541,38.412989],[27.05447,38.412976],[27.054459,38.412979],[27.054452,38.412986],[27.054442,38.412991],[27.054418,38.412996],[27.054397,38.413003],[27.054385,38.413006],[27.054323,38.413005],[27.054287,38.413],[27.054253,38.412991],[27.054231,38.412981],[27.054219,38.412978],[27.05417,38.412972],[27.054158,38.412972],[27.054112,38.412978],[27.0541,38.412977],[27.054065,38.41297],[27.054055,38.412966],[27.054046,38.412961],[27.054031,38.412948],[27.054013,38.412937],[27.054003,38.412933],[27.053991,38.41293],[27.053907,38.412921],[27.053861,38.41291],[27.053851,38.412906],[27.05384,38.412902],[27.053829,38.412898],[27.05381,38.412886],[27.053805,38.412878],[27.053796,38.412872],[27.053786,38.412867],[27.053774,38.412864],[27.053704,38.412873],[27.053691,38.412873],[27.053668,38.412871],[27.053634,38.412863],[27.05361,38.412861],[27.053586,38.412862],[27.053574,38.412864],[27.053554,38.412873],[27.053543,38.412876],[27.053484,38.412884],[27.053472,38.412884],[27.053425,38.412879],[27.0534,38.41288],[27.053394,38.41288],[27.053383,38.412879],[27.053372,38.412877],[27.053362,38.412872],[27.053354,38.412865],[27.053313,38.412848],[27.05329,38.412845],[27.053194,38.412845],[27.053182,38.412847],[27.052788,38.412847],[27.052646,38.412829],[27.052608,38.412828],[27.052596,38.412829],[27.052572,38.412835],[27.052465,38.412836],[27.052455,38.412832],[27.052443,38.41283],[27.052408,38.412829],[27.052373,38.412826],[27.052362,38.412823],[27.052352,38.412819],[27.052317,38.41281],[27.05228,38.412807],[27.052208,38.412818],[27.052165,38.412831],[27.052096,38.412842],[27.052086,38.412837],[27.052071,38.412823],[27.052061,38.412818],[27.052049,38.412816],[27.052038,38.412815],[27.052027,38.41282],[27.052011,38.412834],[27.051993,38.412845],[27.051986,38.412852],[27.051967,38.412876],[27.051956,38.412893],[27.051953,38.412911],[27.051953,38.412921],[27.051946,38.412959],[27.051943,38.412968],[27.051939,38.412976],[27.051938,38.412981],[27.051935,38.412988],[27.051932,38.412993],[27.051919,38.413004],[27.051915,38.413008],[27.051897,38.413023],[27.051887,38.413035],[27.051882,38.413053],[27.051867,38.413078],[27.051857,38.413083],[27.051847,38.413088],[27.051804,38.413119],[27.051796,38.413126],[27.051789,38.413134],[27.051785,38.413143],[27.051783,38.413152],[27.051784,38.413162],[27.051787,38.413171],[27.051792,38.413179],[27.051799,38.413186],[27.051807,38.413192],[27.051937,38.413259],[27.052074,38.413309],[27.052492,38.413409],[27.052575,38.413417],[27.05268,38.413444],[27.053062,38.413597],[27.053085,38.413603],[27.053437,38.413727],[27.053443,38.41373],[27.053589,38.413779],[27.053643,38.413805],[27.053679,38.413829],[27.053828,38.413893],[27.053838,38.413896],[27.053851,38.413896],[27.053899,38.41389],[27.053945,38.413892],[27.054053,38.413921],[27.054176,38.413978],[27.054386,38.414103],[27.054472,38.414139],[27.054484,38.414142],[27.05463,38.414144],[27.054644,38.414143],[27.054657,38.414144],[27.054769,38.414172],[27.055017,38.414268],[27.055054,38.414275],[27.055074,38.414282],[27.055206,38.414347],[27.055217,38.41435],[27.05524,38.414354],[27.055251,38.414357],[27.05543,38.414388],[27.055453,38.41439],[27.055499,38.414397],[27.05551,38.4144],[27.055544,38.414405],[27.055556,38.414405],[27.055568,38.414403],[27.055882,38.414475],[27.056001,38.414521],[27.056011,38.414525],[27.056582,38.414705],[27.056612,38.41472],[27.056623,38.414725],[27.056827,38.414826],[27.056865,38.41485],[27.056938,38.414884],[27.057119,38.414945],[27.057189,38.414981],[27.057333,38.415034],[27.057371,38.415043],[27.057591,38.415096],[27.057616,38.415099],[27.057751,38.415095],[27.057763,38.415096],[27.057775,38.415099],[27.058189,38.41531],[27.058256,38.415333],[27.058353,38.415349],[27.05875,38.415369],[27.058887,38.415393],[27.058901,38.415397],[27.059025,38.415413],[27.059162,38.415401],[27.059401,38.415346],[27.059493,38.415314],[27.059684,38.415227],[27.059712,38.415209],[27.059735,38.4152],[27.059746,38.415197]]],[[[27.020433,38.415544],[27.020491,38.415527],[27.020533,38.415533],[27.020558,38.415522],[27.0206,38.41552],[27.020632,38.415503],[27.020662,38.415491],[27.020694,38.415491],[27.020713,38.415477],[27.020743,38.415469],[27.020777,38.415467],[27.020815,38.415458],[27.020877,38.415434],[27.020856,38.415352],[27.020172,38.415513],[27.020224,38.415612],[27.020315,38.415584],[27.020344,38.415582],[27.020363,38.415578],[27.02038,38.415571],[27.02041,38.415563],[27.020433,38.415544]]]]}},{"type":"Feature","properties":{"id":"TR-D-35-003","parent_id":"TR-P-35","region_id":"TR-R-EGE","level":"district","municipality_type":null,"municipality_type_label":null,"is_metropolitan_municipality":null,"name":"Bayındır","name_ascii":"bayindir","slug":"bayindir-izmir"},"geometry":{"type":"Polygon","coordinates":[[[27.8155,38.331128],[27.811586,38.326118],[27.810307,38.323284],[27.808844,38.31981],[27.808935,38.316885],[27.809941,38.3146],[27.811404,38.311857],[27.8125,38.308749],[27.81762,38.29586],[27.821002,38.290192],[27.821825,38.287176],[27.821825,38.28489],[27.822099,38.282422],[27.823287,38.28032],[27.82411,38.27904],[27.82603,38.27191],[27.825755,38.26871],[27.824019,38.267156],[27.820271,38.263957],[27.817802,38.261854],[27.814237,38.259478],[27.808844,38.256827],[27.804456,38.254358],[27.799611,38.251616],[27.798971,38.249971],[27.798149,38.24604],[27.79632,38.244577],[27.794675,38.242292],[27.793395,38.239641],[27.792298,38.238178],[27.78983,38.23571],[27.78919,38.234887],[27.788002,38.232054],[27.786356,38.229311],[27.784802,38.227666],[27.782517,38.225015],[27.7795,38.221267],[27.778952,38.21889],[27.777193,38.218022],[27.77668,38.216894],[27.77627,38.214946],[27.775655,38.212587],[27.775245,38.211049],[27.774117,38.208588],[27.772579,38.205717],[27.770835,38.203563],[27.769912,38.201718],[27.769707,38.199769],[27.769297,38.197821],[27.767246,38.195872],[27.765195,38.193206],[27.765298,38.191771],[27.766528,38.189309],[27.766836,38.186848],[27.766938,38.184592],[27.766323,38.182029],[27.765298,38.18008],[27.76499,38.178952],[27.76499,38.176183],[27.764477,38.174133],[27.76376,38.171979],[27.763657,38.170236],[27.764375,38.167775],[27.764375,38.166031],[27.764375,38.163775],[27.764477,38.16193],[27.765195,38.159571],[27.764888,38.158238],[27.763862,38.157315],[27.762837,38.156597],[27.761811,38.156597],[27.76017,38.156802],[27.759145,38.155982],[27.758222,38.154239],[27.757709,38.152393],[27.756786,38.149419],[27.75646,38.148549],[27.756483,38.148064],[27.754116,38.143549],[27.752069,38.142935],[27.750742,38.142537],[27.738968,38.138922],[27.723257,38.138254],[27.717047,38.140158],[27.716472,38.140648],[27.716078,38.140961],[27.715667,38.141259],[27.715265,38.14152],[27.714847,38.141766],[27.714417,38.141999],[27.713976,38.142221],[27.713532,38.14243],[27.712624,38.142827],[27.711658,38.14322],[27.710129,38.143814],[27.700919,38.147317],[27.6861,38.152981],[27.685074,38.153364],[27.684088,38.153721],[27.683141,38.154046],[27.682189,38.154352],[27.681712,38.154497],[27.680751,38.154772],[27.679303,38.155152],[27.677846,38.155504],[27.675895,38.155947],[27.674427,38.156259],[27.673444,38.156448],[27.672458,38.156608],[27.671965,38.156674],[27.671469,38.156731],[27.670973,38.156776],[27.670418,38.156813],[27.669863,38.156838],[27.669305,38.156855],[27.668189,38.156872],[27.665953,38.156878],[27.662038,38.15687],[27.660362,38.156851],[27.659246,38.156818],[27.658747,38.156794],[27.65775,38.156728],[27.656166,38.156587],[27.654539,38.156416],[27.652371,38.156178],[27.650203,38.155935],[27.649122,38.155807],[27.648047,38.155665],[27.647514,38.155585],[27.646985,38.155495],[27.646461,38.155391],[27.645945,38.155268],[27.645419,38.155116],[27.644901,38.154944],[27.644389,38.154758],[27.643378,38.154357],[27.641875,38.153721],[27.636882,38.151559],[27.635375,38.150925],[27.634371,38.150521],[27.632866,38.14994],[27.630847,38.149183],[27.624747,38.146935],[27.623747,38.146544],[27.623258,38.146338],[27.622782,38.146122],[27.622325,38.145892],[27.621894,38.145641],[27.621509,38.145372],[27.621162,38.145079],[27.620859,38.144763],[27.620611,38.144422],[27.620437,38.144085],[27.620319,38.143754],[27.620221,38.143362],[27.620162,38.142984],[27.620132,38.142598],[27.620126,38.142202],[27.62014,38.141803],[27.620166,38.141401],[27.620275,38.140193],[27.620304,38.139793],[27.620317,38.139397],[27.620307,38.139006],[27.620262,38.138623],[27.62018,38.138271],[27.620051,38.13791],[27.619904,38.137604],[27.61971,38.137298],[27.619475,38.137016],[27.61916,38.136737],[27.618797,38.136499],[27.618397,38.136304],[27.617963,38.136158],[27.617532,38.136073],[27.617083,38.13603],[27.61662,38.136023],[27.61615,38.136049],[27.615665,38.136106],[27.615179,38.136188],[27.614694,38.13629],[27.61421,38.136409],[27.613722,38.136546],[27.612753,38.136853],[27.612273,38.137017],[27.611318,38.137358],[27.6099,38.137889],[27.608499,38.138439],[27.607572,38.138826],[27.606657,38.13923],[27.60437,38.140303],[27.60345,38.140717],[27.602983,38.140914],[27.602522,38.141098],[27.602055,38.141273],[27.601586,38.141439],[27.601112,38.141595],[27.600638,38.14174],[27.600161,38.141872],[27.599682,38.141986],[27.599201,38.142079],[27.598733,38.142143],[27.598267,38.142179],[27.597804,38.142181],[27.597347,38.142144],[27.596852,38.142053],[27.596366,38.141918],[27.595886,38.141751],[27.59541,38.141562],[27.594937,38.141357],[27.593998,38.140917],[27.593064,38.140458],[27.589339,38.138588],[27.587959,38.137876],[27.587058,38.137381],[27.586619,38.137123],[27.586181,38.136848],[27.585751,38.136565],[27.585327,38.136276],[27.584491,38.135684],[27.583158,38.134706],[27.581606,38.133567],[27.580775,38.132968],[27.580394,38.132709],[27.579928,38.13239],[27.579493,38.132115],[27.579047,38.131854],[27.578619,38.131629],[27.578178,38.131422],[27.577726,38.131236],[27.577261,38.131072],[27.5768,38.13094],[27.576328,38.130832],[27.575847,38.130746],[27.57536,38.130684],[27.574873,38.130645],[27.574382,38.130625],[27.573887,38.13062],[27.573391,38.130629],[27.572851,38.130649],[27.571769,38.130716],[27.570687,38.1308],[27.569064,38.130941],[27.566358,38.131201],[27.562028,38.131656],[27.557748,38.132129],[27.556755,38.132233],[27.556257,38.132275],[27.555714,38.13231],[27.554625,38.132353],[27.552985,38.13238],[27.551343,38.132379],[27.55025,38.132354],[27.549752,38.132331],[27.549256,38.132299],[27.548764,38.132256],[27.548277,38.132198],[27.547794,38.13212],[27.547321,38.132023],[27.54686,38.131903],[27.546415,38.131758],[27.545971,38.131574],[27.545548,38.131361],[27.54515,38.13112],[27.54478,38.130852],[27.544471,38.130587],[27.544181,38.130306],[27.543351,38.129414],[27.542667,38.128706],[27.541956,38.128008],[27.540861,38.126976],[27.539375,38.125617],[27.538625,38.124944],[27.537866,38.124278],[27.53709,38.123626],[27.536692,38.123308],[27.536287,38.122999],[27.535455,38.122398],[27.534211,38.121539],[27.533963,38.121372],[27.533488,38.12156],[27.532422,38.121984],[27.530101,38.122905],[27.52891,38.123704],[27.526586,38.124842],[27.517562,38.129354],[27.505394,38.130995],[27.491569,38.128656],[27.481154,38.141052],[27.476247,38.146561],[27.459117,38.164379],[27.457224,38.167995],[27.456535,38.172901],[27.456879,38.177808],[27.458429,38.179874],[27.461528,38.18478],[27.462819,38.187879],[27.463766,38.190462],[27.464626,38.19554],[27.465832,38.197606],[27.467639,38.1995],[27.468156,38.201136],[27.468414,38.204407],[27.469877,38.207936],[27.471169,38.209658],[27.473321,38.210949],[27.47685,38.21267],[27.480809,38.213015],[27.48322,38.213101],[27.486835,38.212929],[27.49002,38.213273],[27.492258,38.214048],[27.494582,38.213789],[27.496304,38.213789],[27.498025,38.214736],[27.500866,38.216888],[27.504223,38.221881],[27.505945,38.224119],[27.50758,38.225927],[27.511024,38.228681],[27.515328,38.232469],[27.517996,38.234535],[27.519545,38.236687],[27.520664,38.23815],[27.521009,38.240991],[27.521353,38.244262],[27.523161,38.249943],[27.5223,38.252009],[27.519804,38.253558],[27.51791,38.254936],[27.516533,38.257088],[27.516102,38.258809],[27.515586,38.260445],[27.515328,38.263027],[27.514725,38.26406],[27.511454,38.264663],[27.508097,38.264318],[27.506547,38.264577],[27.504481,38.26845],[27.503104,38.270172],[27.500005,38.273443],[27.498714,38.276111],[27.496993,38.280587],[27.495701,38.282223],[27.493721,38.284461],[27.492,38.287732],[27.493205,38.289712],[27.495099,38.29195],[27.496648,38.294532],[27.498198,38.296512],[27.499403,38.29832],[27.499919,38.301247],[27.500608,38.303743],[27.501813,38.305809],[27.504826,38.309855],[27.506031,38.314159],[27.507064,38.315536],[27.509044,38.316827],[27.511196,38.317085],[27.515414,38.316741],[27.519804,38.315278],[27.523591,38.314589],[27.528498,38.313642],[27.533146,38.313126],[27.537708,38.312781],[27.543476,38.312523],[27.547091,38.312523],[27.552084,38.312523],[27.557162,38.312523],[27.561725,38.311921],[27.56336,38.310888],[27.566717,38.30908],[27.570333,38.308305],[27.576961,38.308563],[27.584105,38.309596],[27.58729,38.310285],[27.596071,38.312867],[27.604334,38.315019],[27.610102,38.317516],[27.613028,38.318979],[27.616299,38.320529],[27.617935,38.321734],[27.621034,38.324402],[27.623186,38.326296],[27.628178,38.328792],[27.631449,38.330428],[27.634462,38.332752],[27.63627,38.33456],[27.63868,38.336712],[27.641435,38.33895],[27.643501,38.339552],[27.644964,38.33938],[27.648751,38.338347],[27.652969,38.337486],[27.657446,38.336884],[27.666828,38.336453],[27.671563,38.336453],[27.677416,38.336539],[27.682495,38.336798],[27.687143,38.336884],[27.689898,38.337228],[27.691964,38.338089],[27.694288,38.339294],[27.694976,38.340757],[27.695235,38.342393],[27.695235,38.344889],[27.696009,38.347041],[27.697817,38.348418],[27.701222,38.350651],[27.701353,38.349798],[27.703212,38.347706],[27.707629,38.34573],[27.714021,38.344219],[27.716578,38.342824],[27.719948,38.341197],[27.725062,38.339338],[27.728432,38.337827],[27.732384,38.335038],[27.739009,38.331667],[27.743309,38.329924],[27.746795,38.329808],[27.750514,38.332829],[27.753769,38.334689],[27.759696,38.3362],[27.766902,38.33864],[27.772829,38.338989],[27.777478,38.340268],[27.781429,38.341778],[27.786195,38.34143],[27.788286,38.340268],[27.791889,38.337013],[27.794214,38.335619],[27.797119,38.334456],[27.814669,38.331318],[27.8155,38.331128]]]}},{"type":"Feature","properties":{"id":"TR-D-35-004","parent_id":"TR-P-35","region_id":"TR-R-EGE","level":"district","municipality_type":null,"municipality_type_label":null,"is_metropolitan_municipality":null,"name":"Bayraklı","name_ascii":"bayrakli","slug":"bayrakli-izmir"},"geometry":{"type":"Polygon","coordinates":[[[27.180784,38.448033],[27.177709,38.446939],[27.174428,38.445668],[27.172152,38.444959],[27.170456,38.444863],[27.170418,38.444861],[27.169396,38.444894],[27.168482,38.445256],[27.168144,38.445685],[27.168064,38.445786],[27.167665,38.446222],[27.167284,38.44663],[27.167054,38.446874],[27.166756,38.447332],[27.166365,38.447965],[27.1663,38.448066],[27.166201,38.448309],[27.166192,38.448331],[27.16623,38.448404],[27.16629,38.448414],[27.166594,38.448298],[27.167338,38.44803],[27.168003,38.447791],[27.169263,38.44732],[27.169875,38.447122],[27.170264,38.44706],[27.17057,38.447091],[27.170814,38.447116],[27.171007,38.447155],[27.170538,38.448515],[27.170506,38.448581],[27.170413,38.448631],[27.170285,38.4487],[27.170121,38.448792],[27.169335,38.449292],[27.169276,38.449354],[27.169258,38.449377],[27.169242,38.449404],[27.169229,38.449422],[27.169216,38.449446],[27.1692,38.449502],[27.169198,38.449522],[27.169192,38.449542],[27.169177,38.449629],[27.169174,38.449692],[27.16919,38.449865],[27.169204,38.449901],[27.169218,38.449928],[27.16924,38.449963],[27.169261,38.449989],[27.169318,38.450049],[27.169345,38.45007],[27.169369,38.450096],[27.169405,38.450147],[27.169412,38.450165],[27.169413,38.450183],[27.169409,38.4502],[27.16939,38.450247],[27.169358,38.450298],[27.169338,38.450329],[27.169325,38.450356],[27.169313,38.450378],[27.169228,38.450541],[27.169201,38.450581],[27.16918,38.450624],[27.169107,38.45076],[27.169092,38.450784],[27.169059,38.450858],[27.16904,38.450894],[27.169003,38.450957],[27.168951,38.451066],[27.168935,38.451097],[27.168914,38.451135],[27.168883,38.451209],[27.16886,38.451252],[27.168832,38.451314],[27.168822,38.451344],[27.168797,38.451387],[27.168775,38.451435],[27.168734,38.451507],[27.168724,38.451547],[27.168699,38.451592],[27.168668,38.451637],[27.168633,38.451705],[27.168617,38.45174],[27.168524,38.451955],[27.168511,38.451974],[27.168502,38.452001],[27.168492,38.452017],[27.168485,38.452039],[27.168473,38.452063],[27.168466,38.452074],[27.168458,38.452083],[27.168455,38.452102],[27.168443,38.45214],[27.168433,38.452156],[27.168427,38.452175],[27.168339,38.452371],[27.168295,38.452477],[27.168269,38.45253],[27.168256,38.452554],[27.168225,38.452624],[27.168215,38.452642],[27.168199,38.452659],[27.167927,38.453238],[27.167918,38.453268],[27.167907,38.453289],[27.167883,38.453343],[27.167857,38.453382],[27.167826,38.453453],[27.167801,38.453499],[27.167676,38.453735],[27.167643,38.453797],[27.167607,38.453864],[27.16758,38.4539],[27.16756,38.453916],[27.16749,38.453959],[27.167371,38.454028],[27.167276,38.454079],[27.167246,38.454094],[27.167209,38.454117],[27.167192,38.454125],[27.16716,38.454147],[27.167144,38.454156],[27.16711,38.454184],[27.167099,38.454196],[27.167087,38.454206],[27.167085,38.454211],[27.167072,38.454226],[27.167051,38.454248],[27.167027,38.454268],[27.167011,38.45429],[27.166997,38.454304],[27.166979,38.454318],[27.166938,38.454358],[27.166855,38.454428],[27.166829,38.454446],[27.166781,38.45449],[27.166757,38.454515],[27.166733,38.454535],[27.16669,38.454574],[27.166671,38.454588],[27.166652,38.454601],[27.166635,38.454616],[27.166616,38.454641],[27.166598,38.45466],[27.166588,38.454674],[27.166566,38.454708],[27.166551,38.454731],[27.16653,38.454767],[27.166504,38.454804],[27.166488,38.454831],[27.166464,38.454861],[27.166457,38.454876],[27.166434,38.454913],[27.166388,38.45497],[27.166366,38.454996],[27.166349,38.455021],[27.166321,38.455064],[27.166295,38.455097],[27.166271,38.455131],[27.166249,38.45517],[27.166224,38.455201],[27.166208,38.455225],[27.166194,38.455242],[27.166173,38.455269],[27.166163,38.45528],[27.166147,38.455304],[27.166133,38.455318],[27.166118,38.455337],[27.166098,38.455363],[27.166082,38.455384],[27.166065,38.455405],[27.166043,38.455429],[27.16603,38.455444],[27.166022,38.455455],[27.166008,38.455471],[27.16599,38.455494],[27.165977,38.455511],[27.165934,38.45557],[27.1659,38.455627],[27.165862,38.455675],[27.165802,38.455757],[27.165774,38.455802],[27.165764,38.455829],[27.165763,38.45584],[27.16576,38.455856],[27.16576,38.455875],[27.165764,38.455894],[27.165773,38.455912],[27.165783,38.455919],[27.165797,38.455925],[27.165815,38.455927],[27.165837,38.455926],[27.165859,38.455923],[27.165962,38.455887],[27.165985,38.455881],[27.166022,38.455873],[27.166071,38.455862],[27.166152,38.455846],[27.166519,38.455845],[27.166612,38.455854],[27.166701,38.455865],[27.166769,38.455873],[27.16681,38.455883],[27.166906,38.455916],[27.166927,38.455927],[27.166931,38.455929],[27.166948,38.45594],[27.166973,38.45596],[27.166986,38.455971],[27.166994,38.455983],[27.166997,38.455998],[27.166997,38.456029],[27.166938,38.456144],[27.166881,38.456143],[27.166826,38.456125],[27.166819,38.456123],[27.166733,38.45611],[27.166669,38.456102],[27.166644,38.456096],[27.166621,38.456097],[27.166575,38.456104],[27.166559,38.45611],[27.166518,38.456133],[27.166481,38.456158],[27.166448,38.456186],[27.166415,38.456215],[27.166405,38.456225],[27.166367,38.456258],[27.166294,38.456324],[27.166253,38.456362],[27.166211,38.456411],[27.166168,38.456457],[27.166149,38.456478],[27.166125,38.456501],[27.166115,38.456513],[27.166088,38.456546],[27.166053,38.456596],[27.166005,38.45667],[27.16597,38.456729],[27.165942,38.456775],[27.165913,38.456816],[27.165896,38.456842],[27.165874,38.456875],[27.165857,38.456901],[27.165841,38.456926],[27.165728,38.457098],[27.165657,38.457214],[27.165569,38.457352],[27.16547,38.457506],[27.165383,38.457643],[27.165313,38.457751],[27.165168,38.457978],[27.165095,38.458093],[27.165033,38.458192],[27.16497,38.458291],[27.164901,38.458402],[27.164847,38.458486],[27.164829,38.458555],[27.164801,38.458663],[27.164743,38.45888],[27.164737,38.458866],[27.164721,38.458868],[27.164716,38.458877],[27.164706,38.458907],[27.164696,38.458925],[27.164696,38.458933],[27.164701,38.458951],[27.164706,38.458964],[27.164639,38.459182],[27.164601,38.459202],[27.164586,38.459218],[27.164572,38.459228],[27.16454,38.459257],[27.164532,38.459265],[27.164532,38.459272],[27.164535,38.459279],[27.164432,38.459419],[27.164285,38.45947],[27.164031,38.459558],[27.163925,38.459764],[27.163848,38.459912],[27.16375,38.460099],[27.163662,38.460266],[27.163688,38.460362],[27.163722,38.460495],[27.163758,38.460635],[27.163786,38.460738],[27.163725,38.460845],[27.163656,38.460967],[27.163591,38.461079],[27.163525,38.461197],[27.163472,38.461289],[27.163416,38.461388],[27.163397,38.461421],[27.163375,38.461466],[27.163338,38.46153],[27.163259,38.461669],[27.163148,38.46187],[27.163074,38.462009],[27.162965,38.462216],[27.162898,38.462335],[27.162854,38.462411],[27.162762,38.462569],[27.162657,38.462758],[27.162544,38.462957],[27.162445,38.46313],[27.162329,38.463333],[27.162314,38.463334],[27.162295,38.463345],[27.162288,38.463352],[27.162278,38.463369],[27.162272,38.463378],[27.162266,38.463385],[27.162256,38.46339],[27.162245,38.463394],[27.16221,38.4634],[27.162188,38.463406],[27.162177,38.463411],[27.162167,38.463417],[27.162158,38.463423],[27.162024,38.463506],[27.162014,38.463511],[27.161982,38.463523],[27.16197,38.463528],[27.161937,38.463539],[27.161839,38.463548],[27.161827,38.46355],[27.161715,38.46355],[27.161641,38.463558],[27.16152,38.463583],[27.161484,38.463597],[27.161457,38.463615],[27.161271,38.463546],[27.161232,38.463609],[27.161414,38.463674],[27.161408,38.463688],[27.161407,38.463706],[27.161404,38.463728],[27.161395,38.463772],[27.161389,38.463792],[27.161361,38.46387],[27.161352,38.463894],[27.161346,38.463923],[27.161341,38.463953],[27.161338,38.463982],[27.161338,38.464014],[27.161335,38.464034],[27.161333,38.464059],[27.161328,38.464085],[27.161318,38.464121],[27.161309,38.464156],[27.161298,38.464187],[27.161281,38.464243],[27.161272,38.464281],[27.161267,38.464302],[27.161257,38.464334],[27.161234,38.464408],[27.161222,38.464436],[27.161214,38.464456],[27.161211,38.464475],[27.161195,38.464539],[27.161164,38.464594],[27.161112,38.464649],[27.161094,38.46467],[27.160996,38.464726],[27.160914,38.464786],[27.160889,38.464806],[27.16087,38.464823],[27.160816,38.464877],[27.160797,38.464897],[27.160772,38.464917],[27.160749,38.464935],[27.160642,38.465011],[27.160566,38.465067],[27.160504,38.465112],[27.160456,38.465149],[27.160408,38.465181],[27.160348,38.465221],[27.160298,38.465256],[27.160247,38.465297],[27.160171,38.465344],[27.160138,38.465366],[27.16007,38.465415],[27.160023,38.465446],[27.159968,38.465478],[27.159914,38.46551],[27.159874,38.46554],[27.159809,38.465577],[27.159774,38.465601],[27.159695,38.465658],[27.159641,38.465694],[27.159588,38.465728],[27.159519,38.465775],[27.15946,38.465813],[27.159391,38.465856],[27.159316,38.465905],[27.159217,38.465965],[27.159193,38.465984],[27.159171,38.466005],[27.159124,38.466043],[27.1591,38.46606],[27.159084,38.466075],[27.159072,38.466089],[27.159056,38.466105],[27.159034,38.466121],[27.158987,38.466163],[27.158917,38.466203],[27.158902,38.466222],[27.158883,38.466245],[27.158845,38.466277],[27.158818,38.466301],[27.158796,38.466318],[27.158748,38.46635],[27.158648,38.46642],[27.158626,38.466435],[27.158611,38.466449],[27.158597,38.466462],[27.158577,38.466482],[27.158563,38.466495],[27.158552,38.466503],[27.158544,38.466523],[27.158552,38.466542],[27.158544,38.466555],[27.158528,38.466559],[27.158505,38.466561],[27.158479,38.466578],[27.158425,38.46661],[27.158411,38.466627],[27.15839,38.466648],[27.158369,38.466668],[27.158359,38.466678],[27.158345,38.466688],[27.158326,38.466698],[27.158309,38.46672],[27.158292,38.46674],[27.158263,38.466765],[27.158247,38.466772],[27.15823,38.466781],[27.158214,38.466788],[27.158195,38.466798],[27.158174,38.466814],[27.158129,38.466841],[27.158093,38.46686],[27.158061,38.466873],[27.158023,38.4669],[27.157989,38.466914],[27.157896,38.466953],[27.157735,38.466982],[27.157733,38.466983],[27.157671,38.467009],[27.157649,38.467022],[27.157591,38.46707],[27.157558,38.467081],[27.157531,38.467092],[27.157493,38.467121],[27.157443,38.467149],[27.157421,38.46717],[27.157383,38.467203],[27.157341,38.467232],[27.157324,38.467239],[27.157304,38.467243],[27.157282,38.467255],[27.157253,38.467265],[27.157201,38.467268],[27.157181,38.467273],[27.157146,38.46729],[27.157122,38.467304],[27.15711,38.467311],[27.157095,38.467316],[27.157071,38.467327],[27.157057,38.467331],[27.157013,38.467352],[27.156994,38.467357],[27.156978,38.467346],[27.156956,38.467343],[27.156925,38.467349],[27.156904,38.467297],[27.156856,38.467311],[27.156624,38.467376],[27.156459,38.467422],[27.156301,38.467466],[27.156076,38.467444],[27.155917,38.467427],[27.155959,38.467174],[27.156006,38.466887],[27.156036,38.466703],[27.156064,38.466531],[27.156102,38.466302],[27.156009,38.466292],[27.15598,38.466474],[27.155954,38.466638],[27.155926,38.466805],[27.155901,38.466961],[27.155872,38.467144],[27.155814,38.467137],[27.155807,38.467177],[27.155776,38.467361],[27.155756,38.467479],[27.155746,38.467538],[27.155711,38.467534],[27.155691,38.467639],[27.155648,38.467625],[27.155545,38.467615],[27.155465,38.467618],[27.155498,38.467434],[27.155464,38.467345],[27.155465,38.467311],[27.155464,38.467244],[27.155464,38.467208],[27.155473,38.467191],[27.155472,38.46718],[27.155464,38.467051],[27.155445,38.46705],[27.155445,38.467042],[27.155433,38.467042],[27.155434,38.467019],[27.155423,38.466999],[27.155407,38.466993],[27.155377,38.466979],[27.155354,38.466981],[27.155337,38.46698],[27.155322,38.466984],[27.15531,38.46698],[27.155299,38.466979],[27.155288,38.466981],[27.15528,38.466991],[27.155279,38.467014],[27.155233,38.467016],[27.155187,38.467015],[27.155048,38.466995],[27.155003,38.466979],[27.154963,38.466954],[27.154997,38.46677],[27.155035,38.466577],[27.155115,38.466165],[27.155149,38.465992],[27.155196,38.465751],[27.155236,38.465555],[27.155286,38.465303],[27.155316,38.465306],[27.155328,38.465246],[27.155321,38.465239],[27.155252,38.465232],[27.155243,38.465236],[27.155232,38.465297],[27.155261,38.4653],[27.155245,38.46537],[27.155206,38.46557],[27.155158,38.46581],[27.155114,38.466033],[27.155083,38.46619],[27.15505,38.46636],[27.155024,38.466497],[27.15499,38.466669],[27.154952,38.466869],[27.154915,38.466868],[27.154899,38.466853],[27.154863,38.466866],[27.154799,38.466863],[27.154784,38.46687],[27.154746,38.466875],[27.154727,38.466881],[27.154698,38.466895],[27.154683,38.466901],[27.154673,38.466907],[27.154666,38.466918],[27.154661,38.466929],[27.154657,38.466946],[27.154657,38.466956],[27.154667,38.466971],[27.15468,38.466978],[27.154548,38.467028],[27.154535,38.467014],[27.154517,38.467009],[27.154492,38.467015],[27.154481,38.467017],[27.154462,38.467015],[27.154422,38.467011],[27.154392,38.467012],[27.154366,38.467017],[27.154265,38.467028],[27.15425,38.467021],[27.15423,38.467016],[27.154177,38.467008],[27.154141,38.466986],[27.154112,38.466979],[27.1541,38.466982],[27.154085,38.46699],[27.154074,38.466993],[27.15406,38.466992],[27.154037,38.466998],[27.15403,38.467001],[27.154021,38.467009],[27.154017,38.467015],[27.154015,38.467026],[27.153997,38.467033],[27.153982,38.467032],[27.153987,38.46702],[27.153958,38.467011],[27.153947,38.467031],[27.153906,38.467018],[27.153888,38.467054],[27.1538,38.467028],[27.15379,38.467051],[27.153753,38.467039],[27.153725,38.467091],[27.153698,38.467088],[27.153685,38.467085],[27.153671,38.467076],[27.153657,38.46707],[27.153641,38.467066],[27.153624,38.467054],[27.153618,38.467046],[27.153607,38.467038],[27.153588,38.467028],[27.15358,38.467022],[27.153568,38.46701],[27.153565,38.466997],[27.153566,38.466981],[27.153645,38.466864],[27.153717,38.466758],[27.153831,38.466588],[27.153832,38.466551],[27.153757,38.4665],[27.153726,38.466479],[27.153679,38.466456],[27.153593,38.46642],[27.153522,38.46639],[27.153527,38.466379],[27.153514,38.466364],[27.153487,38.466343],[27.153475,38.466337],[27.153471,38.466326],[27.15346,38.466318],[27.153436,38.466309],[27.15342,38.4663],[27.153409,38.466291],[27.153403,38.466278],[27.153386,38.466275],[27.153369,38.466268],[27.153342,38.466253],[27.153328,38.466239],[27.15327,38.466216],[27.153254,38.466208],[27.153113,38.466147],[27.153095,38.466142],[27.153058,38.466126],[27.153022,38.466116],[27.153007,38.466108],[27.152961,38.466091],[27.152939,38.466086],[27.152924,38.466076],[27.152898,38.466065],[27.152888,38.466059],[27.152873,38.466055],[27.152851,38.466046],[27.152835,38.466045],[27.15282,38.466037],[27.152807,38.46604],[27.152791,38.466046],[27.152766,38.46605],[27.15274,38.466062],[27.15256,38.465991],[27.152342,38.465912],[27.152154,38.465841],[27.151995,38.465781],[27.152061,38.465675],[27.151969,38.465639],[27.15192,38.465719],[27.151665,38.46563],[27.151334,38.465522],[27.151389,38.465365],[27.151398,38.465367],[27.151428,38.465281],[27.151425,38.465256],[27.151429,38.465242],[27.151475,38.465113],[27.151523,38.464967],[27.15153,38.464953],[27.151548,38.464953],[27.151555,38.464944],[27.151586,38.464852],[27.151605,38.464855],[27.151647,38.464719],[27.151516,38.464691],[27.151472,38.464824],[27.151493,38.464886],[27.151419,38.465097],[27.151358,38.465278],[27.151343,38.465275],[27.15133,38.465267],[27.151284,38.465272],[27.151265,38.465267],[27.151188,38.465273],[27.151181,38.46528],[27.151173,38.465279],[27.151166,38.465271],[27.151158,38.465271],[27.151143,38.465273],[27.151134,38.465278],[27.151122,38.46528],[27.151108,38.465285],[27.151088,38.465279],[27.151019,38.465306],[27.150932,38.465314],[27.150795,38.465308],[27.15077,38.465313],[27.150746,38.465347],[27.150727,38.465379],[27.150592,38.465343],[27.150602,38.465313],[27.15038,38.46525],[27.15023,38.465209],[27.150134,38.465183],[27.150051,38.465161],[27.150057,38.465149],[27.150035,38.465143],[27.150076,38.465017],[27.15011,38.464918],[27.150187,38.464684],[27.150244,38.464511],[27.150307,38.464324],[27.150354,38.46418],[27.150413,38.464005],[27.150468,38.463838],[27.150512,38.46371],[27.150554,38.463714],[27.15057,38.463662],[27.150459,38.463641],[27.150438,38.463696],[27.150473,38.463703],[27.15047,38.463712],[27.150484,38.463717],[27.150443,38.463845],[27.150411,38.463939],[27.150357,38.464099],[27.150295,38.464285],[27.150246,38.46443],[27.150176,38.464638],[27.150114,38.464827],[27.150046,38.465038],[27.150012,38.465137],[27.149885,38.465102],[27.149723,38.465056],[27.149709,38.46509],[27.149665,38.465074],[27.14966,38.465087],[27.149554,38.465053],[27.149572,38.465005],[27.149606,38.465005],[27.149619,38.464965],[27.14954,38.46493],[27.149515,38.464976],[27.14954,38.464986],[27.149507,38.465043],[27.14941,38.465018],[27.149413,38.46501],[27.149365,38.464997],[27.149368,38.464988],[27.149215,38.464948],[27.149081,38.464913],[27.149086,38.464901],[27.149013,38.464878],[27.148993,38.464867],[27.148953,38.464857],[27.148912,38.464859],[27.148887,38.464857],[27.148865,38.464864],[27.14886,38.464903],[27.148852,38.464919],[27.14884,38.464954],[27.148827,38.464998],[27.148816,38.465057],[27.148813,38.465077],[27.148813,38.46511],[27.148814,38.465131],[27.148819,38.465151],[27.14883,38.465173],[27.14885,38.465195],[27.148893,38.465238],[27.148905,38.465259],[27.148903,38.465271],[27.148889,38.465266],[27.148883,38.465251],[27.148844,38.465212],[27.148817,38.465187],[27.148807,38.465175],[27.1488,38.465163],[27.148789,38.465133],[27.148785,38.465113],[27.148784,38.465098],[27.148787,38.465073],[27.14879,38.465039],[27.1488,38.464999],[27.148811,38.464959],[27.148815,38.464921],[27.148814,38.464892],[27.148809,38.464856],[27.148797,38.464836],[27.148782,38.464827],[27.148749,38.464815],[27.148709,38.464794],[27.148687,38.464787],[27.148454,38.464728],[27.148394,38.46471],[27.148355,38.46469],[27.148335,38.464678],[27.14826,38.464644],[27.148222,38.464622],[27.148202,38.464612],[27.148183,38.4646],[27.148142,38.464554],[27.148131,38.464537],[27.148124,38.46452],[27.148107,38.464494],[27.148084,38.464472],[27.148066,38.464462],[27.148077,38.464421],[27.148095,38.464358],[27.147857,38.464324],[27.147803,38.464324],[27.147743,38.464332],[27.147627,38.464358],[27.147471,38.464418],[27.147395,38.46445],[27.147332,38.464478],[27.147242,38.46452],[27.147135,38.464526],[27.147135,38.464544],[27.147121,38.464543],[27.147109,38.464538],[27.147106,38.464528],[27.147021,38.464528],[27.14635,38.464533],[27.14635,38.464546],[27.145871,38.4646],[27.145621,38.464634],[27.145395,38.464663],[27.145096,38.464699],[27.14509,38.464784],[27.145081,38.464875],[27.145008,38.464871],[27.144997,38.46486],[27.144987,38.464866],[27.144986,38.464885],[27.144966,38.464894],[27.144925,38.464922],[27.144911,38.464933],[27.144788,38.464914],[27.144475,38.464865],[27.144509,38.464729],[27.144466,38.464722],[27.144454,38.464772],[27.144473,38.464776],[27.144451,38.464861],[27.144437,38.464859],[27.144433,38.464884],[27.143963,38.46481],[27.14385,38.464792],[27.143824,38.464786],[27.143796,38.464778],[27.143751,38.464741],[27.143745,38.464728],[27.14373,38.464724],[27.143728,38.464706],[27.143709,38.464712],[27.143712,38.464733],[27.14368,38.464769],[27.143629,38.464766],[27.143583,38.464767],[27.143536,38.46476],[27.143512,38.464764],[27.143479,38.464776],[27.143442,38.464794],[27.143416,38.464802],[27.143395,38.464812],[27.143353,38.464802],[27.14332,38.464795],[27.143242,38.464776],[27.143164,38.464731],[27.143145,38.464717],[27.143112,38.464688],[27.143082,38.464667],[27.143049,38.464659],[27.143018,38.464652],[27.143024,38.464637],[27.142967,38.464624],[27.142947,38.464628],[27.142877,38.464611],[27.142823,38.464597],[27.142796,38.464594],[27.142601,38.464596],[27.142585,38.464592],[27.14257,38.464581],[27.142553,38.464567],[27.142533,38.464554],[27.142511,38.464552],[27.142485,38.464554],[27.142461,38.464558],[27.142433,38.464555],[27.142381,38.464541],[27.142357,38.464545],[27.142337,38.464544],[27.142052,38.464493],[27.141869,38.464478],[27.14183,38.464476],[27.141806,38.464479],[27.141776,38.464494],[27.141753,38.464497],[27.141611,38.464487],[27.141601,38.464531],[27.141584,38.464544],[27.141317,38.464611],[27.141136,38.464643],[27.140704,38.464665],[27.140631,38.464658],[27.140539,38.464655],[27.140367,38.464672],[27.139818,38.4647],[27.139782,38.464697],[27.139722,38.464703],[27.139628,38.464704],[27.139595,38.464714],[27.139573,38.464718],[27.139491,38.46471],[27.139362,38.464732],[27.139145,38.464745],[27.138974,38.464731],[27.1389,38.464735],[27.138553,38.464788],[27.137919,38.464852],[27.137514,38.464889],[27.137313,38.464909],[27.137311,38.46491],[27.137283,38.464921],[27.136956,38.464922],[27.136929,38.464932],[27.136743,38.464946],[27.13671,38.464954],[27.136664,38.464957],[27.13663,38.464953],[27.136594,38.464957],[27.136561,38.464968],[27.136539,38.464972],[27.13647,38.464981],[27.136436,38.464974],[27.136334,38.464991],[27.136299,38.464991],[27.135351,38.46507],[27.135149,38.465083],[27.135109,38.46509],[27.13498,38.465095],[27.134905,38.465107],[27.134863,38.465111],[27.134801,38.465105],[27.134737,38.465097],[27.13468,38.465081],[27.134667,38.465075],[27.134665,38.465062],[27.134673,38.465053],[27.134679,38.465043],[27.134684,38.465034],[27.134683,38.465025],[27.134676,38.465017],[27.13464,38.464999],[27.134631,38.464989],[27.13462,38.46498],[27.134606,38.464973],[27.133336,38.46552],[27.130732,38.465873],[27.129201,38.466378],[27.127741,38.467333],[27.126543,38.468122],[27.124664,38.468613],[27.123221,38.468585],[27.121152,38.468286],[27.118374,38.467605],[27.116768,38.467469],[27.115052,38.467932],[27.113609,38.468585],[27.112095,38.469423],[27.111468,38.46999],[27.111523,38.470792],[27.11024,38.471689],[27.110928,38.473295],[27.110928,38.473852],[27.110338,38.475294],[27.110993,38.475556],[27.111878,38.475392],[27.112894,38.477195],[27.113615,38.477916],[27.11473,38.478276],[27.115614,38.478407],[27.115418,38.479259],[27.115057,38.480439],[27.114697,38.481193],[27.113943,38.483257],[27.11391,38.484994],[27.114272,38.486545],[27.114477,38.486478],[27.115703,38.486958],[27.115873,38.487024],[27.116483,38.487263],[27.11805,38.491482],[27.119617,38.493249],[27.119783,38.494658],[27.11987,38.495393],[27.119973,38.495908],[27.120825,38.496301],[27.121776,38.496989],[27.122333,38.497415],[27.123283,38.497612],[27.123939,38.497972],[27.125053,38.498038],[27.125872,38.498038],[27.126757,38.498038],[27.127511,38.4983],[27.128035,38.498365],[27.128789,38.498202],[27.129248,38.4983],[27.129805,38.499021],[27.130821,38.499381],[27.131738,38.500004],[27.132525,38.500365],[27.132754,38.500987],[27.133279,38.501348],[27.134,38.501774],[27.134655,38.50197],[27.135605,38.502462],[27.13672,38.502855],[27.137899,38.503478],[27.13826,38.50374],[27.138603,38.504456],[27.138883,38.506329],[27.138948,38.507443],[27.138981,38.508224],[27.139282,38.508808],[27.141348,38.510486],[27.145091,38.512229],[27.14877,38.513648],[27.151481,38.514036],[27.155547,38.51339],[27.15942,38.512551],[27.165745,38.513068],[27.168908,38.513197],[27.173103,38.513132],[27.178203,38.513519],[27.180978,38.513778],[27.183853,38.513048],[27.182242,38.512208],[27.181401,38.511737],[27.18049,38.511227],[27.177897,38.509755],[27.175865,38.508003],[27.1747,38.506238],[27.173553,38.5045],[27.172151,38.501977],[27.168998,38.498473],[27.166826,38.49546],[27.16517,38.493273],[27.163112,38.490555],[27.163103,38.490551],[27.161965,38.489977],[27.158864,38.487297],[27.156817,38.485502],[27.156609,38.485293],[27.156047,38.483863],[27.156711,38.482893],[27.159009,38.481923],[27.162072,38.481157],[27.165136,38.480595],[27.16871,38.480698],[27.171082,38.48111],[27.171906,38.481253],[27.171952,38.481261],[27.172234,38.48131],[27.173189,38.481253],[27.176444,38.48106],[27.181495,38.480661],[27.18168,38.480647],[27.181977,38.48058],[27.184612,38.479987],[27.185516,38.479987],[27.18696,38.480051],[27.187197,38.480153],[27.187412,38.480245],[27.188058,38.480568],[27.188274,38.480713],[27.188683,38.480988],[27.189222,38.480913],[27.189254,38.48087],[27.18948,38.480579],[27.18948,38.480051],[27.189435,38.479923],[27.189329,38.47962],[27.188921,38.479233],[27.188898,38.479211],[27.188769,38.479119],[27.188446,38.478888],[27.188209,38.4785],[27.188157,38.478273],[27.188145,38.47822],[27.188209,38.477509],[27.188963,38.476238],[27.189415,38.475635],[27.189976,38.474601],[27.190126,38.474106],[27.190485,38.473661],[27.190759,38.47337],[27.191555,38.472802],[27.193271,38.471995],[27.193686,38.471853],[27.195232,38.471327],[27.195921,38.471133],[27.196632,38.470788],[27.197511,38.470275],[27.197989,38.469991],[27.198278,38.469798],[27.198635,38.469561],[27.199088,38.469173],[27.19936,38.468737],[27.199626,38.468311],[27.199871,38.467809],[27.200036,38.467471],[27.200553,38.466351],[27.201113,38.466071],[27.201888,38.465855],[27.202513,38.465575],[27.20178,38.464498],[27.201206,38.46342],[27.201118,38.463257],[27.200919,38.462883],[27.201026,38.462193],[27.201242,38.461719],[27.201615,38.461743],[27.201781,38.461062],[27.200994,38.460939],[27.200208,38.460815],[27.199454,38.46047],[27.199023,38.460147],[27.198517,38.459673],[27.198829,38.459457],[27.199432,38.459414],[27.200079,38.45907],[27.200331,38.458907],[27.200746,38.458639],[27.201231,38.458327],[27.201716,38.458014],[27.202914,38.457758],[27.20331,38.456694],[27.197604,38.454477],[27.185839,38.449895],[27.180784,38.448033]]]}},{"type":"Feature","properties":{"id":"TR-D-35-005","parent_id":"TR-P-35","region_id":"TR-R-EGE","level":"district","municipality_type":null,"municipality_type_label":null,"is_metropolitan_municipality":null,"name":"Bergama","name_ascii":"bergama","slug":"bergama-izmir"},"geometry":{"type":"Polygon","coordinates":[[[27.183199,39.365021],[27.184878,39.364674],[27.18915,39.363105],[27.193508,39.362931],[27.196318,39.363171],[27.196559,39.363192],[27.201091,39.364674],[27.204359,39.365722],[27.205711,39.366156],[27.209721,39.366685],[27.210331,39.366766],[27.213207,39.36633],[27.21652,39.365284],[27.217697,39.364478],[27.218176,39.364151],[27.220355,39.363628],[27.222273,39.362146],[27.227764,39.361536],[27.23526,39.360926],[27.240578,39.360141],[27.247289,39.3611],[27.248231,39.361291],[27.252868,39.362233],[27.260896,39.363445],[27.262108,39.363628],[27.264723,39.363628],[27.268732,39.364325],[27.271522,39.364587],[27.273788,39.364643],[27.275008,39.364674],[27.276752,39.36511],[27.278495,39.365546],[27.280238,39.367027],[27.281187,39.368112],[27.281459,39.368422],[27.283028,39.370601],[27.285381,39.372344],[27.28634,39.373002],[27.288432,39.374436],[27.290715,39.375474],[27.293226,39.376616],[27.29441,39.37761],[27.295405,39.378446],[27.297497,39.380189],[27.298892,39.381758],[27.300374,39.384112],[27.301332,39.386901],[27.30264,39.388209],[27.303076,39.388645],[27.303675,39.388955],[27.305429,39.389865],[27.308742,39.391434],[27.309567,39.391962],[27.310921,39.392829],[27.312727,39.392964],[27.314407,39.39309],[27.319725,39.393264],[27.322885,39.393558],[27.323473,39.393613],[27.32818,39.393352],[27.332971,39.392363],[27.333671,39.392218],[27.335066,39.39139],[27.33646,39.390562],[27.340121,39.387686],[27.341167,39.386814],[27.346049,39.387076],[27.349971,39.387511],[27.35215,39.38786],[27.355288,39.38786],[27.358949,39.387163],[27.362087,39.38664],[27.364393,39.386038],[27.366097,39.385594],[27.367365,39.385118],[27.368886,39.384548],[27.369584,39.383676],[27.369671,39.381235],[27.369409,39.378359],[27.370368,39.37557],[27.37124,39.373129],[27.372547,39.370514],[27.374726,39.36755],[27.376731,39.364325],[27.37735,39.36276],[27.378213,39.360577],[27.378692,39.359618],[27.379172,39.358659],[27.380915,39.356916],[27.383443,39.355521],[27.384406,39.354751],[27.384751,39.354475],[27.385692,39.353656],[27.387453,39.352122],[27.391112,39.351396],[27.392953,39.35103],[27.394497,39.350927],[27.398299,39.350674],[27.401921,39.350791],[27.401981,39.350793],[27.405189,39.34913],[27.407802,39.347348],[27.41101,39.345447],[27.413148,39.342239],[27.415643,39.336775],[27.415643,39.333805],[27.415158,39.331543],[27.41493,39.330478],[27.415371,39.327907],[27.415643,39.326321],[27.415982,39.325302],[27.416831,39.322757],[27.418138,39.318718],[27.420276,39.314084],[27.421622,39.310195],[27.423176,39.30888],[27.423888,39.308277],[27.426329,39.305837],[27.428246,39.303832],[27.429031,39.302001],[27.42999,39.300084],[27.431733,39.29834],[27.433302,39.296771],[27.433999,39.294941],[27.43522,39.293198],[27.437748,39.290931],[27.439055,39.289798],[27.441757,39.288403],[27.444024,39.287357],[27.44629,39.286224],[27.448295,39.284394],[27.449515,39.281256],[27.45213,39.279338],[27.456052,39.276723],[27.459888,39.273498],[27.46442,39.269837],[27.466774,39.268442],[27.470348,39.266873],[27.472527,39.266438],[27.475665,39.265043],[27.47706,39.263823],[27.478957,39.262136],[27.480198,39.261033],[27.481754,39.260012],[27.482987,39.259203],[27.48534,39.258157],[27.486038,39.257503],[27.486735,39.256849],[27.486826,39.256504],[27.487171,39.255193],[27.487258,39.252578],[27.486928,39.250535],[27.486822,39.249876],[27.486125,39.247522],[27.485786,39.246816],[27.485079,39.245343],[27.483771,39.243251],[27.482456,39.241334],[27.481679,39.240201],[27.481105,39.23938],[27.479239,39.236714],[27.478255,39.233239],[27.477931,39.232094],[27.477147,39.228259],[27.476537,39.223203],[27.4749,39.220937],[27.47427,39.220065],[27.474241,39.220037],[27.47244,39.218322],[27.471917,39.214835],[27.47151,39.213208],[27.471307,39.212394],[27.471184,39.211768],[27.470435,39.207949],[27.469302,39.197838],[27.46965,39.193479],[27.468169,39.189208],[27.467035,39.183455],[27.466164,39.175872],[27.466164,39.173954],[27.465713,39.173138],[27.465647,39.173018],[27.46502,39.171884],[27.463657,39.171309],[27.460432,39.169946],[27.455945,39.16803],[27.454446,39.1674],[27.454011,39.167227],[27.453438,39.166999],[27.4533,39.166948],[27.452928,39.166811],[27.452414,39.166636],[27.451948,39.166493],[27.451476,39.166367],[27.451214,39.166307],[27.450998,39.166259],[27.450514,39.166173],[27.450455,39.166166],[27.449963,39.166107],[27.449406,39.166067],[27.448843,39.166045],[27.448278,39.166038],[27.447141,39.166049],[27.445999,39.166082],[27.44142,39.16627],[27.439704,39.166329],[27.438561,39.166355],[27.437422,39.166367],[27.435712,39.166363],[27.434575,39.166339],[27.433571,39.166295],[27.433071,39.166263],[27.432591,39.166224],[27.432571,39.166222],[27.432541,39.166219],[27.432006,39.166165],[27.431319,39.166081],[27.430879,39.166027],[27.430488,39.165971],[27.429754,39.165868],[27.428631,39.1657],[27.41741,39.16398],[27.397207,39.160909],[27.394968,39.160554],[27.393854,39.160357],[27.392744,39.160132],[27.391638,39.159878],[27.390777,39.159667],[27.390537,39.159609],[27.370784,39.154571],[27.363553,39.152732],[27.358161,39.15136],[27.357465,39.151177],[27.356521,39.150929],[27.35616,39.150827],[27.355437,39.150624],[27.354969,39.150483],[27.354899,39.150462],[27.353838,39.150115],[27.352264,39.149558],[27.330896,39.141674],[27.325289,39.139619],[27.324071,39.138415],[27.322515,39.134907],[27.322268,39.134274],[27.32125,39.131669],[27.319713,39.12786],[27.317775,39.121778],[27.316292,39.118018],[27.313909,39.114003],[27.3118,39.114018],[27.293891,39.114275],[27.29108,39.114302],[27.288699,39.114318],[27.286069,39.114639],[27.281415,39.112069],[27.277202,39.109742],[27.267042,39.104109],[27.266258,39.103678],[27.266116,39.1036],[27.266082,39.103582],[27.265185,39.103099],[27.264241,39.102616],[27.263991,39.102496],[27.263761,39.102385],[27.263542,39.102287],[27.263273,39.102166],[27.262975,39.102044],[27.262766,39.101958],[27.262252,39.101761],[27.261978,39.101665],[27.261206,39.101391],[27.260011,39.100996],[27.259616,39.100865],[27.258159,39.100399],[27.255883,39.099671],[27.254278,39.099175],[27.253199,39.098867],[27.252765,39.098755],[27.252881,39.097834],[27.252997,39.096913],[27.253968,39.094223],[27.25415,39.093241],[27.254618,39.09157],[27.254017,39.088295],[27.252747,39.084419],[27.250408,39.07807],[27.249472,39.075463],[27.248269,39.073659],[27.246465,39.068379],[27.242789,39.064302],[27.241753,39.063935],[27.240717,39.063567],[27.240295,39.063454],[27.238712,39.063032],[27.234234,39.060894],[27.233583,39.060609],[27.232095,39.059958],[27.231287,39.058892],[27.230625,39.05802],[27.229422,39.056616],[27.227284,39.054946],[27.225947,39.052406],[27.22588,39.049265],[27.226678,39.046413],[27.226816,39.045923],[27.226925,39.045486],[27.227417,39.043517],[27.229289,39.038638],[27.229849,39.037314],[27.230024,39.036901],[27.230045,39.036395],[27.230091,39.035297],[27.230358,39.030752],[27.23116,39.028814],[27.231962,39.024403],[27.232095,39.021596],[27.233499,39.018856],[27.234368,39.017519],[27.23644,39.015715],[27.238712,39.012173],[27.240516,39.008697],[27.242517,39.005222],[27.243056,39.004286],[27.24593,39.000945],[27.246777,38.999878],[27.249539,38.9964],[27.254952,38.993727],[27.259363,38.991722],[27.264309,38.989784],[27.266247,38.988848],[27.270858,38.987311],[27.274467,38.985373],[27.276205,38.984304],[27.278678,38.981229],[27.281485,38.976751],[27.282276,38.975003],[27.282755,38.973944],[27.282959,38.973677],[27.284492,38.971672],[27.285829,38.970736],[27.287968,38.9696],[27.290641,38.966727],[27.293648,38.963853],[27.296121,38.961514],[27.298661,38.95864],[27.299931,38.956969],[27.301668,38.955365],[27.304342,38.954563],[27.308218,38.954296],[27.312428,38.954028],[27.316037,38.953427],[27.320515,38.951957],[27.324525,38.950553],[27.328401,38.948815],[27.332411,38.945607],[27.337557,38.942466],[27.341045,38.940501],[27.342302,38.939793],[27.342653,38.939475],[27.343773,38.938456],[27.34531,38.937053],[27.345845,38.935917],[27.346168,38.933944],[27.344654,38.933114],[27.342157,38.93134],[27.341342,38.93076],[27.338814,38.929104],[27.336112,38.925879],[27.333758,38.922305],[27.331405,38.919516],[27.328877,38.917424],[27.323037,38.916814],[27.316761,38.917337],[27.310312,38.917165],[27.310223,38.917163],[27.29863,38.915855],[27.295423,38.914251],[27.294621,38.91385],[27.291483,38.913414],[27.28695,38.913763],[27.283449,38.913827],[27.281508,38.913986],[27.27466,38.915419],[27.272655,38.915855],[27.269255,38.915594],[27.264025,38.915332],[27.261062,38.914199],[27.257662,38.912456],[27.249556,38.907313],[27.245546,38.904],[27.24389,38.899293],[27.241101,38.895894],[27.23927,38.893976],[27.236655,38.890926],[27.232733,38.886219],[27.230031,38.883429],[27.228542,38.880741],[27.226893,38.877763],[27.221508,38.875042],[27.218786,38.873667],[27.215997,38.872272],[27.215561,38.872154],[27.212772,38.8714],[27.208936,38.87079],[27.206583,38.870616],[27.205824,38.877396],[27.204412,38.879884],[27.203269,38.882035],[27.200714,38.886136],[27.198294,38.890035],[27.196009,38.892388],[27.193051,38.894069],[27.188613,38.897027],[27.185588,38.900052],[27.183101,38.902539],[27.179874,38.906035],[27.17537,38.910943],[27.172748,38.914035],[27.168916,38.915581],[27.163941,38.917464],[27.156613,38.91975],[27.150966,38.925397],[27.148815,38.92822],[27.143705,38.931582],[27.13631,38.933397],[27.132008,38.934674],[27.126831,38.936288],[27.121857,38.936624],[27.118831,38.935884],[27.11547,38.93575],[27.10747,38.936758],[27.104108,38.936489],[27.096781,38.936153],[27.092613,38.936422],[27.089049,38.937498],[27.08515,38.937632],[27.080982,38.936825],[27.078764,38.936624],[27.074932,38.937094],[27.072444,38.937094],[27.06915,38.937027],[27.066259,38.936624],[27.062293,38.935077],[27.053692,38.931695],[27.050391,38.93056],[27.050119,38.93434],[27.047315,38.937143],[27.045808,38.939511],[27.045134,38.94057],[27.04015,38.941193],[27.033019,38.941288],[27.030565,38.93626],[27.029916,38.93493],[27.024682,38.929213],[27.019653,38.929386],[27.015202,38.929539],[27.01003,38.924908],[27.007321,38.922497],[27.007253,38.91998],[27.009424,38.919284],[27.011026,38.91877],[27.017515,38.92049],[27.018876,38.916801],[27.017427,38.91599],[27.016498,38.91547],[27.005944,38.914963],[27.000074,38.916386],[26.997802,38.916936],[26.988652,38.921556],[26.986537,38.922623],[26.982968,38.924908],[26.970244,38.933053],[26.970859,38.933306],[26.972104,38.933838],[26.973358,38.934387],[26.974417,38.934864],[26.975837,38.935521],[26.976771,38.935974],[26.977231,38.936207],[26.977684,38.936449],[26.978127,38.936699],[26.97854,38.93695],[26.978945,38.937209],[26.979739,38.937744],[26.981246,38.938784],[26.981976,38.939271],[26.982347,38.93951],[26.983248,38.940059],[26.984631,38.940852],[26.986039,38.941618],[26.986995,38.942108],[26.987481,38.942342],[26.987979,38.942568],[26.988991,38.942998],[26.989504,38.943205],[26.990537,38.943606],[26.992032,38.944154],[26.993035,38.944503],[26.994046,38.944834],[26.994554,38.944988],[26.995066,38.94513],[26.995582,38.945256],[26.996105,38.94536],[26.9966,38.945433],[26.9971,38.945483],[26.997605,38.945512],[26.998111,38.94552],[26.998585,38.94551],[26.999059,38.945486],[27.000879,38.945357],[27.001505,38.945325],[27.00201,38.945317],[27.00251,38.945332],[27.003001,38.945378],[27.003516,38.945469],[27.004017,38.945599],[27.004504,38.945761],[27.004974,38.945953],[27.005421,38.946174],[27.005841,38.946427],[27.006166,38.946665],[27.006471,38.946924],[27.006758,38.947199],[27.00703,38.947487],[27.007288,38.947786],[27.007539,38.948101],[27.00778,38.948424],[27.008235,38.949084],[27.008665,38.949762],[27.009073,38.950455],[27.009268,38.950804],[27.00964,38.951514],[27.009986,38.952237],[27.010302,38.952968],[27.01045,38.953343],[27.010723,38.954098],[27.010971,38.954859],[27.011349,38.956176],[27.012156,38.959261],[27.012403,38.960131],[27.012532,38.960537],[27.013162,38.962733],[27.012708,38.963447],[26.992389,38.995311],[26.991147,38.997245],[26.99036,38.99844],[26.989818,38.999227],[26.989538,38.999615],[26.98925,38.999999],[26.988952,39.000375],[26.98805,39.001453],[26.987776,39.001822],[26.987559,39.00216],[26.987363,39.002507],[26.987187,39.002861],[26.987027,39.003222],[26.986882,39.003587],[26.986748,39.003965],[26.986515,39.00473],[26.986215,39.005892],[26.985949,39.007061],[26.985609,39.008628],[26.98528,39.010195],[26.985047,39.01137],[26.984905,39.012158],[26.984713,39.013343],[26.984417,39.015464],[26.984257,39.016738],[26.984164,39.017587],[26.984093,39.018437],[26.984072,39.018861],[26.984065,39.019286],[26.984076,39.019682],[26.9841,39.020078],[26.984185,39.020869],[26.984311,39.021655],[26.98447,39.022437],[26.984651,39.023217],[26.984846,39.023992],[26.985457,39.026321],[26.985744,39.027491],[26.985911,39.028276],[26.985984,39.02867],[26.986047,39.029064],[26.986137,39.02986],[26.986186,39.030656],[26.986194,39.031053],[26.986189,39.031448],[26.986169,39.031841],[26.986128,39.032231],[26.986061,39.032615],[26.98596,39.032992],[26.985832,39.033329],[26.985672,39.033658],[26.985484,39.033979],[26.985269,39.034292],[26.98503,39.034594],[26.984706,39.034944],[26.984354,39.035282],[26.983982,39.03561],[26.983596,39.035932],[26.982801,39.036561],[26.980254,39.038684],[26.980156,39.039551],[26.982115,39.041728],[26.985715,39.044346],[26.990078,39.046745],[26.993678,39.054054],[26.997605,39.059181],[27.000223,39.063544],[27.003713,39.065944],[27.008513,39.069216],[27.010695,39.072271],[27.013203,39.076088],[27.016912,39.080561],[27.017458,39.082851],[27.017458,39.086451],[27.01713,39.089396],[27.017444,39.092069],[27.017117,39.095178],[27.018344,39.098205],[27.020062,39.100741],[27.021698,39.102622],[27.02358,39.104668],[27.026198,39.107695],[27.028325,39.109822],[27.030616,39.11244],[27.032497,39.113585],[27.034052,39.113994],[27.037406,39.116121],[27.039451,39.118985],[27.040351,39.12193],[27.041496,39.125939],[27.042969,39.12872],[27.043787,39.131093],[27.045014,39.143201],[27.045751,39.148846],[27.045996,39.153836],[27.045587,39.157518],[27.044033,39.160136],[27.039697,39.163654],[27.034624,39.167581],[27.030861,39.170935],[27.026198,39.176334],[27.02358,39.17887],[27.01998,39.18067],[27.018508,39.183288],[27.01589,39.186806],[27.013599,39.190488],[27.011226,39.193678],[27.009426,39.196542],[27.007136,39.198751],[27.005418,39.200878],[27.003291,39.201778],[26.999527,39.202187],[26.994619,39.202596],[26.992573,39.203087],[26.989383,39.203332],[26.986601,39.203986],[26.983492,39.204805],[26.980711,39.206359],[26.978993,39.207586],[26.977602,39.20865],[26.975683,39.210185],[26.97334,39.213266],[26.971145,39.214854],[26.970587,39.214659],[26.970133,39.21452],[26.969673,39.214429],[26.969229,39.214405],[26.968776,39.214435],[26.968318,39.214508],[26.967859,39.214618],[26.967403,39.21476],[26.966925,39.214941],[26.966453,39.215148],[26.965985,39.215372],[26.96552,39.215609],[26.964597,39.216104],[26.963219,39.21687],[26.960476,39.218418],[26.959571,39.218939],[26.958677,39.219472],[26.957833,39.220002],[26.957001,39.220544],[26.955766,39.221367],[26.954949,39.221922],[26.953743,39.222767],[26.952966,39.223351],[26.952592,39.223653],[26.952208,39.223986],[26.951836,39.224328],[26.951473,39.224676],[26.950767,39.225386],[26.950081,39.226109],[26.949745,39.226475],[26.949087,39.227217],[26.948442,39.227966],[26.943653,39.233612],[26.943002,39.234357],[26.942333,39.235092],[26.941986,39.235453],[26.941282,39.236138],[26.940184,39.237141],[26.939064,39.238131],[26.938307,39.238782],[26.937536,39.23942],[26.937141,39.23973],[26.936737,39.240029],[26.936319,39.240314],[26.935883,39.240579],[26.935445,39.24081],[26.934991,39.241022],[26.934523,39.241219],[26.934046,39.241405],[26.933562,39.241582],[26.932579,39.241911],[26.932081,39.242062],[26.931581,39.242202],[26.931076,39.242327],[26.930567,39.242432],[26.930052,39.242512],[26.929521,39.242562],[26.928984,39.242587],[26.928443,39.242592],[26.9279,39.242583],[26.927355,39.242564],[26.92626,39.242509],[26.924066,39.242367],[26.920803,39.242131],[26.9192,39.242],[26.918134,39.241904],[26.917072,39.241794],[26.916543,39.24173],[26.916016,39.241657],[26.915473,39.24157],[26.914933,39.241474],[26.914394,39.241372],[26.91332,39.241153],[26.911179,39.24069],[26.908509,39.240092],[26.906915,39.239711],[26.90585,39.23943],[26.90425,39.238966],[26.902126,39.238314],[26.897873,39.23698],[26.896805,39.236659],[26.896269,39.236508],[26.895733,39.236368],[26.895196,39.236243],[26.894658,39.23614],[26.89412,39.236069],[26.89365,39.23604],[26.893183,39.236042],[26.892723,39.236073],[26.892275,39.236135],[26.891844,39.236233],[26.891436,39.236372],[26.891027,39.236575],[26.890646,39.236822],[26.890287,39.237102],[26.889944,39.237407],[26.889614,39.237731],[26.889296,39.238068],[26.888989,39.238416],[26.887509,39.240187],[26.887208,39.240523],[26.886902,39.240842],[26.886585,39.241137],[26.886256,39.241396],[26.88591,39.241608],[26.885541,39.241755],[26.88519,39.241819],[26.8849,39.241871],[26.88585,39.242278],[26.886044,39.242457],[26.88626,39.242707],[26.886502,39.24304],[26.886739,39.243434],[26.886958,39.243881],[26.886996,39.243976],[26.887151,39.244363],[26.887308,39.244861],[26.887422,39.245356],[26.887484,39.24583],[26.887489,39.246265],[26.887451,39.246661],[26.887393,39.247057],[26.887322,39.247453],[26.887147,39.248242],[26.886726,39.24982],[26.886632,39.25021],[26.886557,39.250597],[26.886509,39.25098],[26.886499,39.251358],[26.886535,39.251711],[26.886621,39.252055],[26.886762,39.252385],[26.886995,39.252741],[26.887288,39.253079],[26.887625,39.253404],[26.887993,39.25372],[26.888382,39.254029],[26.889201,39.254636],[26.89047,39.255534],[26.890584,39.255613],[26.893886,39.25791],[26.894751,39.25849],[26.895611,39.259032],[26.896039,39.259285],[26.896269,39.259415],[26.896474,39.25953],[26.896918,39.259764],[26.897407,39.260002],[26.897906,39.26023],[26.898412,39.260449],[26.899082,39.260725],[26.899437,39.260871],[26.901505,39.261693],[26.902528,39.262109],[26.903028,39.262323],[26.903517,39.262546],[26.903988,39.262779],[26.904434,39.263028],[26.904845,39.263299],[26.905208,39.2636],[26.905508,39.263934],[26.905761,39.264298],[26.905979,39.264683],[26.906173,39.265084],[26.906349,39.265495],[26.90667,39.266339],[26.907116,39.267627],[26.907479,39.268707],[26.907503,39.268779],[26.913061,39.270599],[26.913443,39.270709],[26.916145,39.272452],[26.918673,39.274108],[26.922595,39.275939],[26.926518,39.277072],[26.929569,39.278205],[26.933623,39.279219],[26.933753,39.279251],[26.938721,39.281604],[26.94613,39.284307],[26.952406,39.286137],[26.956764,39.28788],[26.960948,39.289798],[26.966266,39.291716],[26.972454,39.292936],[26.978643,39.293285],[26.986924,39.294941],[26.990498,39.296684],[27.000783,39.301217],[27.001551,39.301456],[27.00889,39.303745],[27.0104,39.304706],[27.010807,39.304965],[27.018217,39.309236],[27.021529,39.310456],[27.023882,39.310979],[27.025364,39.312984],[27.026759,39.314379],[27.028938,39.315338],[27.030769,39.315686],[27.036434,39.315512],[27.04027,39.316297],[27.042187,39.317081],[27.044366,39.318999],[27.044889,39.320132],[27.04611,39.322311],[27.04672,39.323793],[27.049422,39.326234],[27.052734,39.328413],[27.056047,39.330243],[27.060667,39.332597],[27.063892,39.333556],[27.066943,39.334776],[27.070255,39.336432],[27.073741,39.337565],[27.077402,39.338611],[27.081499,39.33957],[27.087775,39.341662],[27.093528,39.343231],[27.097712,39.343754],[27.099194,39.34419],[27.100589,39.34541],[27.102681,39.347415],[27.104686,39.349594],[27.107475,39.353342],[27.108957,39.355347],[27.111484,39.357875],[27.113925,39.359618],[27.11715,39.360403],[27.121683,39.360577],[27.124908,39.360664],[27.129528,39.361797],[27.135368,39.362843],[27.138593,39.363279],[27.141905,39.363279],[27.145654,39.363366],[27.14975,39.363802],[27.155503,39.364761],[27.156654,39.364948],[27.169386,39.36534],[27.173626,39.365417],[27.178406,39.365185],[27.182029,39.365263],[27.183199,39.365021]]]}},{"type":"Feature","properties":{"id":"TR-D-35-006","parent_id":"TR-P-35","region_id":"TR-R-EGE","level":"district","municipality_type":null,"municipality_type_label":null,"is_metropolitan_municipality":null,"name":"Beydağ","name_ascii":"beydag","slug":"beydag-izmir"},"geometry":{"type":"Polygon","coordinates":[[[28.21052,38.02825],[28.209547,38.028623],[28.201498,38.029229],[28.197863,38.029662],[28.194748,38.032085],[28.192584,38.03321],[28.188689,38.033903],[28.183497,38.03347],[28.17865,38.032778],[28.177539,38.032991],[28.177248,38.036664],[28.176891,38.039518],[28.176891,38.044514],[28.178437,38.049867],[28.178437,38.051413],[28.17582,38.053078],[28.173441,38.054149],[28.167732,38.057717],[28.159881,38.062237],[28.155124,38.062832],[28.151674,38.062832],[28.145846,38.06188],[28.136211,38.063664],[28.131096,38.065924],[28.127171,38.069493],[28.123603,38.074132],[28.121343,38.079246],[28.121462,38.083766],[28.123722,38.088524],[28.127409,38.093639],[28.129074,38.09578],[28.130264,38.099943],[28.13074,38.103987],[28.131215,38.106247],[28.13407,38.112194],[28.135022,38.115168],[28.138233,38.119569],[28.142158,38.122543],[28.143705,38.123018],[28.145608,38.123018],[28.149533,38.122543],[28.153101,38.122781],[28.155242,38.123375],[28.156551,38.123137],[28.16,38.120877],[28.168208,38.118736],[28.17701,38.11945],[28.183908,38.122543],[28.187834,38.125516],[28.192592,38.130036],[28.195803,38.133605],[28.196993,38.135746],[28.197112,38.138244],[28.195922,38.143358],[28.194138,38.150019],[28.192682,38.150747],[28.196195,38.151918],[28.19801,38.152328],[28.200761,38.152504],[28.204332,38.153089],[28.207728,38.153382],[28.210421,38.153148],[28.214109,38.152504],[28.216099,38.151333],[28.221427,38.148699],[28.229154,38.147469],[28.237828,38.147235],[28.243761,38.147313],[28.248834,38.147781],[28.254533,38.148094],[28.261167,38.147235],[28.266241,38.145908],[28.269051,38.146298],[28.271783,38.147703],[28.273813,38.149108],[28.275608,38.150123],[28.277794,38.150357],[28.280135,38.150279],[28.283101,38.149343],[28.28677,38.146689],[28.290361,38.144113],[28.295981,38.14099],[28.302381,38.137712],[28.307299,38.134746],[28.312373,38.131468],[28.317056,38.129438],[28.324315,38.126004],[28.327203,38.124052],[28.330404,38.121867],[28.330882,38.121226],[28.330449,38.119149],[28.330276,38.117332],[28.330796,38.115081],[28.330363,38.112918],[28.329844,38.110668],[28.330103,38.108331],[28.330796,38.104956],[28.330969,38.102879],[28.330623,38.10158],[28.328026,38.098811],[28.32569,38.096994],[28.321362,38.095522],[28.316949,38.09483],[28.314093,38.093965],[28.310977,38.092407],[28.307602,38.089637],[28.304746,38.086262],[28.304313,38.081069],[28.3044,38.079512],[28.303794,38.078387],[28.302409,38.071376],[28.302322,38.067309],[28.301284,38.064366],[28.298688,38.060126],[28.293322,38.054587],[28.290466,38.050952],[28.288908,38.048096],[28.285792,38.044201],[28.282417,38.04022],[28.280859,38.038403],[28.279302,38.035374],[28.277571,38.034335],[28.274196,38.034076],[28.267618,38.032864],[28.263464,38.031306],[28.260521,38.032085],[28.257319,38.033989],[28.252819,38.035807],[28.248751,38.036153],[28.244078,38.036066],[28.238539,38.033297],[28.234818,38.032258],[28.227808,38.029402],[28.222875,38.026719],[28.220971,38.02646],[28.214739,38.026633],[28.21052,38.02825]]]}},{"type":"Feature","properties":{"id":"TR-D-35-007","parent_id":"TR-P-35","region_id":"TR-R-EGE","level":"district","municipality_type":null,"municipality_type_label":null,"is_metropolitan_municipality":null,"name":"Bornova","name_ascii":"bornova","slug":"bornova-izmir"},"geometry":{"type":"Polygon","coordinates":[[[27.183853,38.513048],[27.184624,38.51487],[27.184625,38.514905],[27.184694,38.516902],[27.184974,38.519705],[27.185255,38.523629],[27.185535,38.525942],[27.186143,38.529211],[27.186656,38.531968],[27.187427,38.533719],[27.189809,38.535752],[27.191982,38.536803],[27.197237,38.539255],[27.202282,38.540797],[27.205821,38.542256],[27.207888,38.543109],[27.208588,38.543162],[27.212512,38.543459],[27.214545,38.54423],[27.216036,38.545516],[27.216577,38.545982],[27.218188,38.548014],[27.218889,38.548509],[27.220571,38.549696],[27.221547,38.54984],[27.228138,38.550817],[27.22954,38.551518],[27.232553,38.556703],[27.234024,38.558945],[27.234835,38.560206],[27.235286,38.560907],[27.237598,38.561398],[27.241172,38.560837],[27.244325,38.559716],[27.248389,38.558455],[27.248987,38.558669],[27.251122,38.559436],[27.254389,38.560784],[27.255536,38.561258],[27.256797,38.56259],[27.257989,38.56385],[27.258961,38.564949],[27.259318,38.564488],[27.262718,38.561524],[27.265158,38.55952],[27.27004,38.557253],[27.272219,38.555597],[27.274137,38.553941],[27.2771,38.553941],[27.279802,38.555336],[27.282156,38.556207],[27.285468,38.557776],[27.287996,38.557776],[27.290437,38.556817],[27.293749,38.554987],[27.29619,38.552982],[27.297933,38.549931],[27.299938,38.548014],[27.30142,38.54566],[27.30325,38.543917],[27.304993,38.543045],[27.310136,38.542348],[27.314582,38.542086],[27.318591,38.542086],[27.321119,38.542697],[27.324344,38.542871],[27.327482,38.542871],[27.332364,38.541563],[27.337563,38.53764],[27.336864,38.534181],[27.336133,38.530064],[27.336531,38.528205],[27.33786,38.52681],[27.338457,38.523423],[27.338524,38.518775],[27.339055,38.515322],[27.341114,38.510408],[27.342375,38.503302],[27.341778,38.49945],[27.336797,38.495001],[27.333344,38.493009],[27.328098,38.49095],[27.32252,38.488028],[27.319199,38.484575],[27.317074,38.481587],[27.31548,38.478931],[27.314285,38.475677],[27.313887,38.47302],[27.313754,38.470231],[27.313754,38.467907],[27.314617,38.464919],[27.315613,38.463192],[27.317273,38.461532],[27.318402,38.459141],[27.319863,38.457083],[27.32159,38.455423],[27.323316,38.454095],[27.32677,38.453298],[27.328828,38.453032],[27.331551,38.452766],[27.335336,38.452169],[27.33952,38.450243],[27.339985,38.447587],[27.340317,38.444665],[27.340383,38.441344],[27.340649,38.438887],[27.341313,38.436497],[27.342242,38.433442],[27.344367,38.430254],[27.34616,38.4272],[27.346957,38.424875],[27.347377,38.423679],[27.345961,38.422485],[27.343571,38.419696],[27.341778,38.417704],[27.339918,38.415711],[27.338125,38.415844],[27.335735,38.416973],[27.334074,38.418567],[27.331551,38.419629],[27.327434,38.420825],[27.325309,38.421157],[27.324313,38.423215],[27.324313,38.424942],[27.324512,38.426536],[27.324379,38.428793],[27.324246,38.430919],[27.323184,38.432645],[27.321723,38.434504],[27.319731,38.435567],[27.317606,38.436497],[27.315281,38.436563],[27.312691,38.436032],[27.3105,38.432645],[27.309305,38.43052],[27.306184,38.424743],[27.303992,38.419829],[27.302664,38.415778],[27.300406,38.411395],[27.297617,38.409203],[27.2935,38.407344],[27.290246,38.406082],[27.286394,38.405551],[27.283605,38.405485],[27.280484,38.403891],[27.275836,38.39984],[27.268199,38.393465],[27.265011,38.390012],[27.263417,38.388418],[27.26189,38.387289],[27.258769,38.384234],[27.257773,38.38284],[27.257574,38.381445],[27.257441,38.380184],[27.2593,38.378723],[27.256579,38.377741],[27.254717,38.376003],[27.253765,38.374182],[27.253806,38.370996],[27.254593,38.368348],[27.254634,38.365575],[27.25331,38.363465],[27.248303,38.36181],[27.246565,38.361603],[27.240565,38.36272],[27.238372,38.363465],[27.237255,38.364458],[27.235558,38.366568],[27.23262,38.369217],[27.229848,38.371161],[27.228399,38.373892],[27.227489,38.377244],[27.22633,38.378899],[27.225048,38.380099],[27.22302,38.381589],[27.220744,38.382706],[27.218427,38.383534],[27.217641,38.384651],[27.21611,38.389286],[27.214785,38.3909],[27.213627,38.391975],[27.212716,38.393506],[27.211599,38.395617],[27.211061,38.398058],[27.21193,38.401493],[27.21193,38.402817],[27.211434,38.404472],[27.21073,38.405838],[27.208909,38.407327],[27.206634,38.407741],[27.202661,38.4077],[27.197861,38.408238],[27.194427,38.407865],[27.190827,38.407162],[27.186755,38.406765],[27.18674,38.4076],[27.186726,38.408391],[27.186726,38.409633],[27.186726,38.410874],[27.186765,38.411229],[27.186844,38.411938],[27.186815,38.412486],[27.186814,38.4125],[27.186686,38.413022],[27.18643,38.414067],[27.186075,38.415515],[27.186075,38.416225],[27.186194,38.416639],[27.186371,38.416964],[27.186312,38.417289],[27.185967,38.417457],[27.184745,38.417673],[27.183858,38.417939],[27.183001,38.418501],[27.182144,38.418856],[27.181257,38.418974],[27.180015,38.419654],[27.179158,38.420157],[27.178655,38.420541],[27.178064,38.421369],[27.177916,38.421989],[27.178182,38.423201],[27.178508,38.424029],[27.179128,38.425241],[27.179542,38.426069],[27.179989,38.426897],[27.180015,38.429498],[27.180429,38.430799],[27.180488,38.431774],[27.180547,38.432868],[27.180488,38.434405],[27.180459,38.43742],[27.180401,38.438234],[27.180276,38.439986],[27.179986,38.44215],[27.179956,38.442801],[27.180045,38.443303],[27.180119,38.443628],[27.180193,38.443953],[27.180362,38.444437],[27.180399,38.444545],[27.180725,38.445254],[27.180991,38.445786],[27.180991,38.446407],[27.180991,38.447205],[27.180784,38.448033],[27.185839,38.449895],[27.197604,38.454477],[27.20331,38.456694],[27.202914,38.457758],[27.201716,38.458014],[27.201231,38.458327],[27.200746,38.458639],[27.200331,38.458907],[27.200079,38.45907],[27.199432,38.459414],[27.198829,38.459457],[27.198517,38.459673],[27.199023,38.460147],[27.199454,38.46047],[27.200208,38.460815],[27.200994,38.460939],[27.201781,38.461062],[27.201615,38.461743],[27.201242,38.461719],[27.201026,38.462193],[27.200919,38.462883],[27.201118,38.463257],[27.201206,38.46342],[27.20178,38.464498],[27.202513,38.465575],[27.201888,38.465855],[27.201113,38.466071],[27.200553,38.466351],[27.200036,38.467471],[27.199871,38.467809],[27.199626,38.468311],[27.19936,38.468737],[27.199088,38.469173],[27.198635,38.469561],[27.198278,38.469798],[27.197989,38.469991],[27.197511,38.470275],[27.196632,38.470788],[27.195921,38.471133],[27.195232,38.471327],[27.193686,38.471853],[27.193271,38.471995],[27.191555,38.472802],[27.190759,38.47337],[27.190485,38.473661],[27.190126,38.474106],[27.189976,38.474601],[27.189415,38.475635],[27.188963,38.476238],[27.188209,38.477509],[27.188145,38.47822],[27.188157,38.478273],[27.188209,38.4785],[27.188446,38.478888],[27.188769,38.479119],[27.188898,38.479211],[27.188921,38.479233],[27.189329,38.47962],[27.189435,38.479923],[27.18948,38.480051],[27.18948,38.480579],[27.189254,38.48087],[27.189222,38.480913],[27.188683,38.480988],[27.188274,38.480713],[27.188058,38.480568],[27.187412,38.480245],[27.187197,38.480153],[27.18696,38.480051],[27.185516,38.479987],[27.184612,38.479987],[27.181977,38.48058],[27.18168,38.480647],[27.181495,38.480661],[27.176444,38.48106],[27.173189,38.481253],[27.172234,38.48131],[27.171952,38.481261],[27.171906,38.481253],[27.171082,38.48111],[27.16871,38.480698],[27.165136,38.480595],[27.162072,38.481157],[27.159009,38.481923],[27.156711,38.482893],[27.156047,38.483863],[27.156609,38.485293],[27.156817,38.485502],[27.158864,38.487297],[27.161965,38.489977],[27.163103,38.490551],[27.163112,38.490555],[27.16517,38.493273],[27.166826,38.49546],[27.168998,38.498473],[27.172151,38.501977],[27.173553,38.5045],[27.1747,38.506238],[27.175865,38.508003],[27.177897,38.509755],[27.18049,38.511227],[27.181401,38.511737],[27.182242,38.512208],[27.183853,38.513048]]]}},{"type":"Feature","properties":{"id":"TR-D-35-008","parent_id":"TR-P-35","region_id":"TR-R-EGE","level":"district","municipality_type":null,"municipality_type_label":null,"is_metropolitan_municipality":null,"name":"Buca","name_ascii":"buca","slug":"buca-izmir"},"geometry":{"type":"Polygon","coordinates":[[[27.13928,38.361241],[27.139516,38.361507],[27.139989,38.361714],[27.140344,38.361832],[27.140551,38.362098],[27.140521,38.362453],[27.140122,38.362748],[27.13993,38.363399],[27.139693,38.364197],[27.139339,38.364522],[27.138895,38.364847],[27.138718,38.36532],[27.138777,38.36603],[27.138895,38.366828],[27.1386,38.367212],[27.13792,38.367715],[27.137535,38.368158],[27.137565,38.368779],[27.137476,38.3694],[27.137269,38.369636],[27.136826,38.369902],[27.136412,38.370198],[27.136176,38.370582],[27.135762,38.371351],[27.135732,38.371676],[27.135969,38.372208],[27.136146,38.372977],[27.136589,38.373804],[27.137122,38.37475],[27.137683,38.375844],[27.137683,38.376524],[27.137683,38.377086],[27.137506,38.377765],[27.13724,38.378682],[27.13724,38.379273],[27.137417,38.379953],[27.137772,38.380515],[27.138718,38.380544],[27.140137,38.380396],[27.140994,38.380367],[27.141378,38.380426],[27.141644,38.380781],[27.141556,38.381815],[27.141556,38.382466],[27.141881,38.383087],[27.142324,38.383619],[27.142324,38.384121],[27.142088,38.384535],[27.141733,38.385038],[27.141319,38.385629],[27.140758,38.386072],[27.140255,38.386604],[27.13993,38.387255],[27.139782,38.387787],[27.139693,38.38823],[27.139398,38.388526],[27.138481,38.389383],[27.137742,38.389974],[27.13721,38.390447],[27.137269,38.390787],[27.137831,38.391068],[27.138127,38.391408],[27.137742,38.392044],[27.137447,38.392694],[27.137417,38.393374],[27.137595,38.393936],[27.137861,38.394309],[27.138047,38.394569],[27.138186,38.394763],[27.138718,38.39565],[27.138787,38.395751],[27.139102,38.396212],[27.139664,38.396833],[27.140639,38.398695],[27.14073,38.398812],[27.141349,38.399611],[27.142058,38.400143],[27.142628,38.400524],[27.142856,38.400676],[27.142978,38.40079],[27.143359,38.401149],[27.144207,38.401985],[27.14434,38.402428],[27.144185,38.403426],[27.143878,38.404184],[27.143918,38.404687],[27.14392,38.404709],[27.144039,38.405258],[27.144079,38.405424],[27.144246,38.406115],[27.144837,38.406233],[27.145213,38.406066],[27.145635,38.405878],[27.146699,38.405524],[27.147734,38.405198],[27.148503,38.40511],[27.149035,38.405051],[27.149833,38.404785],[27.150779,38.404341],[27.151636,38.403898],[27.152493,38.403484],[27.153082,38.403371],[27.154051,38.403071],[27.154448,38.403198],[27.155289,38.403468],[27.158255,38.404046],[27.159239,38.404069],[27.160703,38.40418],[27.162299,38.40438],[27.163523,38.404685],[27.164339,38.404889],[27.164483,38.405368],[27.165944,38.405642],[27.165826,38.406529],[27.166979,38.406647],[27.169048,38.406765],[27.170349,38.406913],[27.171629,38.407131],[27.171738,38.40715],[27.172507,38.407563],[27.173186,38.407889],[27.173351,38.407931],[27.173985,38.408095],[27.174812,38.408125],[27.175793,38.40849],[27.176084,38.408598],[27.176468,38.408628],[27.176852,38.408657],[27.17765,38.408657],[27.178803,38.408214],[27.180222,38.407356],[27.181611,38.406499],[27.182262,38.40641],[27.183976,38.40641],[27.185691,38.406558],[27.186755,38.406765],[27.190827,38.407162],[27.194427,38.407865],[27.197861,38.408238],[27.202661,38.4077],[27.206634,38.407741],[27.208909,38.407327],[27.21073,38.405838],[27.211434,38.404472],[27.21193,38.402817],[27.21193,38.401493],[27.211061,38.398058],[27.211599,38.395617],[27.212716,38.393506],[27.213627,38.391975],[27.214785,38.3909],[27.21611,38.389286],[27.217641,38.384651],[27.218427,38.383534],[27.220744,38.382706],[27.22302,38.381589],[27.225048,38.380099],[27.22633,38.378899],[27.227489,38.377244],[27.228399,38.373892],[27.229848,38.371161],[27.23262,38.369217],[27.235558,38.366568],[27.237255,38.364458],[27.238372,38.363465],[27.240565,38.36272],[27.246565,38.361603],[27.248303,38.36181],[27.25331,38.363465],[27.254634,38.365575],[27.254593,38.368348],[27.253806,38.370996],[27.253765,38.374182],[27.254717,38.376003],[27.256579,38.377741],[27.2593,38.378723],[27.260097,38.378855],[27.267136,38.38025],[27.26946,38.380516],[27.273378,38.380449],[27.277429,38.380516],[27.281015,38.379852],[27.285332,38.378656],[27.287855,38.377793],[27.290445,38.376598],[27.293433,38.375867],[27.296023,38.374937],[27.298414,38.374406],[27.303062,38.373676],[27.305785,38.372945],[27.308773,38.372215],[27.312094,38.372547],[27.314684,38.373277],[27.317805,38.373543],[27.320727,38.37268],[27.32325,38.371019],[27.325309,38.369957],[27.327567,38.369426],[27.33102,38.36843],[27.334008,38.366637],[27.337528,38.364312],[27.338856,38.364246],[27.340782,38.362121],[27.342176,38.359797],[27.343438,38.357406],[27.345164,38.355215],[27.349813,38.349371],[27.350211,38.346515],[27.34895,38.344191],[27.348219,38.339875],[27.350211,38.339343],[27.352004,38.337949],[27.3532,38.336687],[27.354793,38.335425],[27.355657,38.334761],[27.35725,38.334097],[27.35911,38.333035],[27.359774,38.332371],[27.360305,38.331175],[27.360438,38.330312],[27.360836,38.329183],[27.3615,38.327257],[27.363293,38.324402],[27.363692,38.32314],[27.365817,38.316433],[27.366547,38.314242],[27.367079,38.312116],[27.367477,38.310191],[27.367477,38.308796],[27.366614,38.30687],[27.365418,38.304878],[27.36409,38.302886],[27.362297,38.300495],[27.361102,38.298569],[27.360106,38.296577],[27.358446,38.295183],[27.357184,38.293257],[27.356188,38.291198],[27.355325,38.289273],[27.354793,38.287679],[27.353067,38.285421],[27.352336,38.284823],[27.350543,38.284425],[27.347821,38.284425],[27.3447,38.284358],[27.341977,38.283894],[27.339918,38.283894],[27.337063,38.28469],[27.333875,38.285288],[27.331153,38.285952],[27.328164,38.286882],[27.325641,38.28748],[27.323781,38.28748],[27.322121,38.287147],[27.31827,38.287612],[27.317141,38.288343],[27.314219,38.290733],[27.313555,38.290999],[27.311828,38.291597],[27.309172,38.292394],[27.306914,38.29246],[27.304258,38.292062],[27.301137,38.2908],[27.297351,38.289538],[27.293301,38.288077],[27.285133,38.285288],[27.27464,38.282034],[27.264679,38.279245],[27.261558,38.277983],[27.254851,38.274862],[27.246019,38.272272],[27.242765,38.271475],[27.239046,38.270612],[27.236788,38.270214],[27.233999,38.269284],[27.232206,38.268554],[27.229749,38.267425],[27.227286,38.266614],[27.227203,38.266694],[27.225154,38.268663],[27.219189,38.276192],[27.21782,38.27981],[27.215864,38.283624],[27.214691,38.286557],[27.214202,38.290958],[27.213516,38.292237],[27.209899,38.298976],[27.208139,38.305626],[27.206281,38.309244],[27.204814,38.313253],[27.202663,38.317947],[27.199632,38.320685],[27.197872,38.32176],[27.191222,38.330757],[27.190244,38.334081],[27.18868,38.337211],[27.185355,38.339753],[27.183497,38.340633],[27.179977,38.341513],[27.17675,38.341611],[27.172056,38.342002],[27.167851,38.343078],[27.161495,38.344545],[27.155432,38.346011],[27.151325,38.345522],[27.145263,38.345522],[27.140862,38.345816],[27.137635,38.346305],[27.137146,38.347087],[27.137146,38.348065],[27.136885,38.349357],[27.137003,38.350628],[27.13724,38.35249],[27.137476,38.353082],[27.137801,38.353969],[27.137979,38.35453],[27.137772,38.355092],[27.137595,38.355979],[27.137595,38.356452],[27.137831,38.356895],[27.138068,38.357723],[27.138038,38.358285],[27.138038,38.358787],[27.138186,38.35929],[27.138481,38.359763],[27.139058,38.360265],[27.139102,38.360768],[27.13928,38.361241]]]}},{"type":"Feature","properties":{"id":"TR-D-35-009","parent_id":"TR-P-35","region_id":"TR-R-EGE","level":"district","municipality_type":null,"municipality_type_label":null,"is_metropolitan_municipality":null,"name":"Çeşme","name_ascii":"cesme","slug":"cesme-izmir"},"geometry":{"type":"MultiPolygon","coordinates":[[[[26.4517,38.427967],[26.452931,38.427844],[26.453844,38.427951],[26.454089,38.427774],[26.454798,38.427262],[26.45649,38.426525],[26.457614,38.426607],[26.458568,38.425995],[26.459729,38.425794],[26.460713,38.425799],[26.462622,38.424189],[26.463431,38.424064],[26.464902,38.424842],[26.465557,38.426489],[26.466046,38.426954],[26.466134,38.426961],[26.466994,38.427035],[26.468963,38.426967],[26.469736,38.426842],[26.471895,38.424415],[26.472536,38.423694],[26.473214,38.422284],[26.475529,38.419881],[26.47732,38.41814],[26.478415,38.417348],[26.479123,38.416657],[26.479525,38.416498],[26.480849,38.415971],[26.482583,38.414283],[26.48336,38.413773],[26.482874,38.412897],[26.482946,38.412719],[26.483196,38.412102],[26.483617,38.411839],[26.483972,38.411617],[26.48468,38.410952],[26.485144,38.409823],[26.485185,38.409001],[26.485577,38.408258],[26.485654,38.407282],[26.485414,38.406433],[26.485289,38.406274],[26.484544,38.405324],[26.484688,38.404862],[26.485886,38.403628],[26.48745,38.401791],[26.488084,38.401537],[26.488577,38.40144],[26.489491,38.40126],[26.489925,38.401046],[26.490161,38.400929],[26.490541,38.400946],[26.491425,38.400986],[26.491663,38.401133],[26.491685,38.400848],[26.492987,38.397237],[26.493521,38.394297],[26.495481,38.391091],[26.500024,38.384499],[26.503765,38.380312],[26.508575,38.377195],[26.510268,38.375324],[26.513296,38.372384],[26.51579,38.370068],[26.518374,38.367307],[26.519354,38.365436],[26.519354,38.363209],[26.518463,38.36125],[26.517127,38.359379],[26.514009,38.354213],[26.511069,38.349135],[26.508219,38.345127],[26.506883,38.340317],[26.506616,38.335239],[26.508753,38.330518],[26.509911,38.328113],[26.510535,38.325263],[26.510268,38.321521],[26.51,38.317157],[26.510713,38.313504],[26.512138,38.311723],[26.513385,38.308694],[26.514187,38.304329],[26.514187,38.300766],[26.513296,38.296134],[26.512851,38.292037],[26.512762,38.289008],[26.513296,38.285712],[26.514989,38.283931],[26.517483,38.280724],[26.519086,38.276715],[26.519086,38.273865],[26.518463,38.270658],[26.517483,38.267897],[26.515078,38.265848],[26.512495,38.264423],[26.509466,38.261394],[26.507417,38.258811],[26.506705,38.256851],[26.506348,38.250883],[26.504923,38.248033],[26.503765,38.245806],[26.502518,38.244291],[26.501004,38.241975],[26.4994,38.24055],[26.49655,38.237611],[26.49263,38.234047],[26.489691,38.231821],[26.488087,38.228168],[26.489156,38.223358],[26.488355,38.218815],[26.486573,38.215519],[26.485593,38.210264],[26.48399,38.206968],[26.480071,38.204028],[26.476062,38.200376],[26.47056,38.190647],[26.470536,38.190604],[26.470458,38.190456],[26.470362,38.190387],[26.47015,38.190353],[26.469167,38.19078],[26.469082,38.190933],[26.46877,38.191498],[26.468326,38.191891],[26.467386,38.193001],[26.466696,38.193538],[26.466347,38.194363],[26.465509,38.195007],[26.464066,38.195304],[26.461814,38.194763],[26.461688,38.194738],[26.461593,38.194648],[26.461334,38.194405],[26.460458,38.193585],[26.459693,38.192607],[26.458376,38.19181],[26.45813,38.191952],[26.458077,38.192456],[26.457438,38.19274],[26.457039,38.193601],[26.457028,38.195147],[26.457905,38.195763],[26.459123,38.196434],[26.459419,38.196597],[26.459795,38.19872],[26.460901,38.201673],[26.461484,38.202359],[26.462017,38.203297],[26.462011,38.204052],[26.460927,38.204838],[26.459254,38.205585],[26.458178,38.205257],[26.457722,38.204748],[26.455553,38.202332],[26.454625,38.201752],[26.452617,38.201563],[26.452024,38.202136],[26.451427,38.203391],[26.451638,38.20462],[26.451896,38.206126],[26.451828,38.208643],[26.450791,38.209717],[26.449711,38.209928],[26.447997,38.209596],[26.446189,38.209518],[26.446135,38.209515],[26.445151,38.20987],[26.443967,38.210907],[26.439885,38.21247],[26.439144,38.213258],[26.439482,38.213942],[26.441161,38.21496],[26.444265,38.216842],[26.444556,38.217239],[26.442239,38.21881],[26.44042,38.219484],[26.438609,38.21908],[26.436696,38.219107],[26.435381,38.219444],[26.434633,38.219636],[26.432518,38.220453],[26.432235,38.220703],[26.431382,38.221454],[26.43015,38.222239],[26.428627,38.222592],[26.427503,38.222155],[26.425836,38.22211],[26.424606,38.222572],[26.421077,38.222375],[26.420245,38.222155],[26.419422,38.220821],[26.41976,38.220353],[26.420017,38.219997],[26.420658,38.219604],[26.421958,38.21641],[26.422798,38.215659],[26.423544,38.214261],[26.424039,38.213652],[26.425413,38.211552],[26.426173,38.21039],[26.427355,38.209749],[26.428541,38.208604],[26.428994,38.207914],[26.429483,38.20717],[26.430137,38.205124],[26.430148,38.203686],[26.430049,38.20312],[26.429819,38.201814],[26.429926,38.200664],[26.430373,38.199983],[26.430435,38.199942],[26.430915,38.199626],[26.431017,38.199123],[26.431411,38.198838],[26.431134,38.198655],[26.430972,38.198548],[26.430384,38.198509],[26.429976,38.198952],[26.429099,38.199905],[26.427916,38.200726],[26.426393,38.201114],[26.42605,38.201077],[26.425358,38.201829],[26.425075,38.201706],[26.424772,38.201574],[26.423985,38.201858],[26.423803,38.202631],[26.423782,38.20272],[26.423672,38.202726],[26.422654,38.202786],[26.42291,38.203287],[26.42304,38.203543],[26.422298,38.204438],[26.421115,38.205224],[26.419885,38.205793],[26.419636,38.206223],[26.419197,38.206255],[26.418704,38.20629],[26.418314,38.206073],[26.417967,38.206574],[26.417709,38.207549],[26.417663,38.207723],[26.416922,38.208403],[26.416735,38.208402],[26.416383,38.2084],[26.41634,38.208743],[26.416279,38.209227],[26.415636,38.209871],[26.414995,38.210371],[26.414404,38.210728],[26.41397,38.210626],[26.413621,38.210544],[26.412746,38.209569],[26.411574,38.209024],[26.411127,38.209633],[26.410967,38.21125],[26.410272,38.212289],[26.410361,38.213279],[26.410362,38.213296],[26.410064,38.213798],[26.409081,38.214153],[26.408916,38.214236],[26.407308,38.215043],[26.406031,38.215288],[26.404708,38.216165],[26.403714,38.216823],[26.402239,38.217318],[26.401336,38.21727],[26.400769,38.217239],[26.399883,38.217666],[26.399318,38.218211],[26.39929,38.218238],[26.398728,38.218531],[26.396286,38.219805],[26.394616,38.220913],[26.394511,38.220982],[26.392683,38.222591],[26.39131,38.22305],[26.391306,38.223051],[26.390863,38.223301],[26.390172,38.2238],[26.38929,38.22376],[26.389188,38.224191],[26.389623,38.224948],[26.389618,38.225559],[26.390037,38.226131],[26.390491,38.226751],[26.391416,38.227546],[26.391801,38.228375],[26.392084,38.229779],[26.391622,38.232258],[26.39018,38.234074],[26.389887,38.234442],[26.390167,38.236098],[26.389718,38.23703],[26.391489,38.238518],[26.39454,38.241082],[26.396007,38.241665],[26.398171,38.240957],[26.399295,38.24143],[26.399781,38.241972],[26.399777,38.242511],[26.400904,38.242661],[26.401636,38.243132],[26.402213,38.244537],[26.402009,38.245507],[26.40141,38.246727],[26.4009,38.249025],[26.400499,38.250174],[26.400442,38.251108],[26.39994,38.252472],[26.398999,38.253546],[26.397759,38.254611],[26.397418,38.254904],[26.395792,38.255759],[26.394658,38.256508],[26.394013,38.257332],[26.393077,38.25783],[26.392842,38.258145],[26.392382,38.258762],[26.392177,38.259767],[26.391584,38.26034],[26.390403,38.260765],[26.388292,38.260898],[26.383539,38.260154],[26.380491,38.260857],[26.378974,38.260382],[26.379767,38.259487],[26.379673,38.259019],[26.380812,38.257766],[26.381062,38.257192],[26.382742,38.255799],[26.383727,38.255337],[26.38324,38.254974],[26.383051,38.254111],[26.383941,38.253252],[26.383852,38.252209],[26.384269,38.251585],[26.385938,38.249092],[26.386295,38.247547],[26.386256,38.246253],[26.385376,38.245925],[26.384785,38.246245],[26.38336,38.246561],[26.382527,38.246413],[26.38165,38.245689],[26.381211,38.245435],[26.380747,38.245652],[26.380374,38.245826],[26.379542,38.245606],[26.378518,38.244882],[26.378571,38.244451],[26.37784,38.243835],[26.377452,38.243294],[26.378144,38.242686],[26.377611,38.241893],[26.376929,38.24135],[26.376736,38.240989],[26.375511,38.240803],[26.374384,38.240761],[26.373701,38.240254],[26.373267,38.239388],[26.372928,38.238883],[26.372936,38.23802],[26.373872,38.237371],[26.37412,38.2372],[26.373634,38.236658],[26.372707,38.235995],[26.372367,38.235752],[26.371926,38.235642],[26.371151,38.234595],[26.371008,38.234055],[26.370326,38.233512],[26.369445,38.233363],[26.368757,38.233503],[26.367631,38.23321],[26.367587,38.23267],[26.367834,38.232492],[26.367936,38.231989],[26.367695,38.23152],[26.367896,38.23091],[26.367655,38.230441],[26.366638,38.228997],[26.366662,38.228798],[26.366743,38.228135],[26.366502,38.227702],[26.365765,38.227806],[26.365719,38.227482],[26.365352,38.227652],[26.36503,38.227802],[26.364785,38.227729],[26.364986,38.227464],[26.365083,38.227335],[26.365185,38.226868],[26.364891,38.226795],[26.364398,38.227116],[26.364,38.227269],[26.36302,38.227647],[26.36233,38.228147],[26.361736,38.228683],[26.361929,38.22908],[26.361632,38.229366],[26.360553,38.229468],[26.359477,38.229102],[26.359433,38.229052],[26.359263,38.228857],[26.359497,38.228177],[26.359322,38.228074],[26.35899,38.228072],[26.358886,38.227904],[26.358745,38.227942],[26.357438,38.229181],[26.357419,38.229192],[26.356416,38.229792],[26.354912,38.229424],[26.354874,38.229161],[26.354697,38.227933],[26.354981,38.227549],[26.354965,38.227356],[26.354194,38.227377],[26.353453,38.227964],[26.352786,38.228076],[26.352203,38.228677],[26.351588,38.228879],[26.350572,38.228732],[26.350153,38.228627],[26.349837,38.228715],[26.349484,38.228932],[26.348977,38.228813],[26.348678,38.228979],[26.348626,38.228982],[26.347994,38.229026],[26.347684,38.228955],[26.347592,38.228934],[26.346701,38.228621],[26.344141,38.228799],[26.344106,38.228823],[26.343717,38.229092],[26.343297,38.22909],[26.342806,38.229177],[26.342242,38.228659],[26.342145,38.22857],[26.341657,38.228271],[26.341501,38.228116],[26.340974,38.228164],[26.338195,38.226661],[26.332218,38.227769],[26.331819,38.228181],[26.328619,38.231493],[26.324526,38.231216],[26.323912,38.231174],[26.322773,38.232053],[26.322589,38.232195],[26.321077,38.233358],[26.320137,38.23411],[26.317685,38.235996],[26.313525,38.238083],[26.308099,38.24079],[26.307335,38.241171],[26.303451,38.245931],[26.302124,38.247564],[26.301127,38.24884],[26.300569,38.2495],[26.300217,38.24994],[26.29944,38.250878],[26.298956,38.251494],[26.298459,38.252056],[26.295932,38.255111],[26.293057,38.258565],[26.292564,38.259154],[26.292082,38.259431],[26.291974,38.259467],[26.291685,38.259659],[26.291467,38.259754],[26.28749,38.263272],[26.278955,38.265485],[26.273505,38.266892],[26.26889,38.268121],[26.266048,38.268628],[26.265429,38.268534],[26.263666,38.268252],[26.261959,38.268356],[26.259811,38.26889],[26.25785,38.2689],[26.256237,38.268909],[26.251697,38.26723],[26.246314,38.26751],[26.245929,38.26753],[26.245865,38.267101],[26.245704,38.266001],[26.244803,38.264435],[26.242383,38.263432],[26.239935,38.263356],[26.238832,38.26415],[26.238434,38.264435],[26.23744,38.265167],[26.236053,38.264958],[26.235508,38.264876],[26.234336,38.265542],[26.233336,38.266126],[26.232592,38.266556],[26.2319,38.267636],[26.23144,38.268382],[26.231176,38.26881],[26.230734,38.269528],[26.230652,38.270137],[26.230565,38.270785],[26.230509,38.271198],[26.230487,38.271348],[26.230434,38.271714],[26.230218,38.273393],[26.23019,38.273562],[26.230162,38.273787],[26.230524,38.2741],[26.232497,38.275803],[26.233154,38.277332],[26.233154,38.277792],[26.233107,38.278524],[26.23309,38.279221],[26.233073,38.279248],[26.233023,38.280597],[26.233032,38.280766],[26.232366,38.281938],[26.232413,38.283458],[26.232432,38.284152],[26.232488,38.285737],[26.232376,38.286937],[26.232253,38.288158],[26.232151,38.289179],[26.232741,38.291796],[26.233464,38.293503],[26.233657,38.293744],[26.234355,38.294526],[26.234811,38.294325],[26.235593,38.293982],[26.235734,38.293485],[26.236972,38.293682],[26.238454,38.293532],[26.239035,38.29416],[26.239429,38.294592],[26.239077,38.295108],[26.238988,38.295239],[26.239139,38.295361],[26.240133,38.295164],[26.240555,38.295089],[26.240855,38.295032],[26.242375,38.294479],[26.243069,38.294226],[26.243425,38.294001],[26.243791,38.293785],[26.244307,38.293475],[26.244832,38.293157],[26.244982,38.291862],[26.24486,38.291647],[26.244738,38.291431],[26.244626,38.291262],[26.243876,38.290934],[26.24346,38.290758],[26.243078,38.290596],[26.243325,38.289577],[26.243463,38.289011],[26.24404,38.288458],[26.245236,38.287313],[26.246157,38.28661],[26.246446,38.286394],[26.24686,38.286061],[26.246971,38.285972],[26.247069,38.285946],[26.247581,38.285813],[26.248781,38.285512],[26.249699,38.285472],[26.251323,38.2854],[26.252327,38.285456],[26.253012,38.285481],[26.253593,38.285503],[26.253993,38.285517],[26.254048,38.28554],[26.25425,38.285787],[26.254662,38.286291],[26.255141,38.287398],[26.255835,38.287782],[26.256632,38.287886],[26.25802,38.287407],[26.25817,38.28737],[26.258377,38.287238],[26.258815,38.286979],[26.258966,38.28689],[26.259305,38.286694],[26.259821,38.286926],[26.261181,38.287501],[26.263451,38.288139],[26.263893,38.288275],[26.264699,38.288523],[26.264755,38.289339],[26.265721,38.289602],[26.267316,38.289724],[26.268376,38.289827],[26.269098,38.289893],[26.270383,38.289987],[26.270652,38.290005],[26.270698,38.290008],[26.271105,38.290005],[26.27176,38.290203],[26.272503,38.290371],[26.272953,38.290643],[26.273185,38.290792],[26.273478,38.290868],[26.273722,38.290934],[26.274078,38.291244],[26.274697,38.291553],[26.275401,38.291769],[26.276376,38.292332],[26.276536,38.292566],[26.27663,38.292847],[26.276677,38.293044],[26.276327,38.293136],[26.275964,38.293232],[26.275917,38.293316],[26.276095,38.293369],[26.276297,38.29329],[26.276465,38.293246],[26.276696,38.293186],[26.276764,38.293482],[26.276785,38.293571],[26.276939,38.293693],[26.277043,38.293796],[26.276377,38.293857],[26.275776,38.294148],[26.275364,38.293735],[26.275246,38.293618],[26.275415,38.293529],[26.275579,38.293397],[26.27557,38.293336],[26.275476,38.29335],[26.275275,38.293402],[26.275035,38.293529],[26.275167,38.293758],[26.275364,38.294049],[26.275551,38.294288],[26.275715,38.294303],[26.275926,38.294251],[26.276142,38.294124],[26.276381,38.294021],[26.27716,38.293918],[26.277316,38.293935],[26.277333,38.293937],[26.277486,38.294082],[26.277605,38.294195],[26.277635,38.294209],[26.277709,38.294246],[26.277793,38.294237],[26.277821,38.294152],[26.277924,38.293984],[26.278023,38.294026],[26.27791,38.294204],[26.27821,38.294443],[26.278468,38.294546],[26.278724,38.294682],[26.279003,38.294788],[26.279389,38.295051],[26.279669,38.295259],[26.279837,38.295446],[26.280038,38.295647],[26.280328,38.296138],[26.280346,38.296402],[26.280319,38.296621],[26.280267,38.296814],[26.280294,38.297089],[26.280319,38.297349],[26.280398,38.29763],[26.280477,38.298025],[26.280679,38.298621],[26.280889,38.29884],[26.281161,38.299025],[26.28131,38.299147],[26.281503,38.299411],[26.281832,38.299715],[26.281995,38.299867],[26.282126,38.300077],[26.282161,38.300227],[26.282504,38.300639],[26.282662,38.300902],[26.282696,38.301095],[26.282618,38.301183],[26.282714,38.301244],[26.2826,38.30142],[26.282653,38.301753],[26.282609,38.301999],[26.28253,38.30213],[26.282442,38.302402],[26.282451,38.302534],[26.282512,38.302963],[26.282381,38.303086],[26.282346,38.303139],[26.282188,38.303718],[26.282153,38.304104],[26.282012,38.3047],[26.281898,38.305201],[26.281714,38.305507],[26.2816,38.305586],[26.281587,38.305597],[26.281425,38.305736],[26.28096,38.305604],[26.280915,38.305654],[26.281114,38.305899],[26.281075,38.306022],[26.280903,38.306072],[26.280785,38.306171],[26.280643,38.306339],[26.280777,38.306523],[26.280838,38.306726],[26.280815,38.30686],[26.280785,38.307009],[26.280731,38.307074],[26.280643,38.30712],[26.280559,38.307166],[26.280528,38.307246],[26.28054,38.307319],[26.280589,38.307396],[26.280735,38.307545],[26.280769,38.307618],[26.280801,38.307783],[26.280811,38.307837],[26.280884,38.308096],[26.280827,38.308364],[26.280769,38.308432],[26.280684,38.308438],[26.280587,38.308545],[26.280559,38.308619],[26.280564,38.308772],[26.280519,38.308815],[26.28049,38.308872],[26.280501,38.308948],[26.280485,38.30904],[26.28044,38.309131],[26.280377,38.309195],[26.280328,38.309252],[26.280298,38.309348],[26.280293,38.309414],[26.280249,38.30952],[26.280157,38.309738],[26.280113,38.309787],[26.280048,38.309809],[26.279995,38.309839],[26.279986,38.309883],[26.280065,38.309958],[26.280078,38.310081],[26.280086,38.310121],[26.280105,38.310221],[26.280109,38.310335],[26.280075,38.310441],[26.279946,38.310753],[26.279894,38.310892],[26.279881,38.310925],[26.279882,38.310939],[26.279914,38.311625],[26.280263,38.312169],[26.280075,38.31302],[26.279985,38.313402],[26.279996,38.313681],[26.280021,38.314121],[26.280086,38.315079],[26.279709,38.315907],[26.279709,38.316951],[26.279738,38.31815],[26.279742,38.319319],[26.280011,38.319964],[26.28029,38.320728],[26.281065,38.32273],[26.282453,38.323623],[26.283992,38.323537],[26.284627,38.32259],[26.284423,38.321955],[26.284638,38.321062],[26.284896,38.320589],[26.285531,38.319426],[26.285305,38.318845],[26.28551,38.318027],[26.286091,38.317608],[26.286672,38.317425],[26.286961,38.317347],[26.287279,38.317257],[26.288896,38.318571],[26.291907,38.319965],[26.292816,38.319914],[26.292776,38.321662],[26.293362,38.321834],[26.294312,38.322107],[26.295352,38.322178],[26.295837,38.32232],[26.295995,38.322367],[26.296586,38.322532],[26.297005,38.32265],[26.297061,38.322644],[26.297115,38.322639],[26.297161,38.322638],[26.297298,38.322629],[26.297661,38.322603],[26.297722,38.322601],[26.297785,38.322595],[26.297858,38.322593],[26.298202,38.322299],[26.298568,38.321983],[26.299073,38.321539],[26.299451,38.32121],[26.301516,38.319534],[26.302189,38.319374],[26.302719,38.319584],[26.303299,38.320177],[26.303167,38.320378],[26.30301,38.320593],[26.302979,38.320636],[26.302935,38.320694],[26.302673,38.321074],[26.302174,38.321608],[26.301254,38.322599],[26.300928,38.322964],[26.300979,38.323079],[26.301018,38.323181],[26.301069,38.323328],[26.301158,38.323603],[26.30126,38.323916],[26.301299,38.324741],[26.301037,38.325425],[26.299989,38.325923],[26.299122,38.326442],[26.298301,38.326933],[26.297835,38.327196],[26.297266,38.32772],[26.297376,38.328316],[26.297422,38.32849],[26.296994,38.328703],[26.296542,38.328397],[26.29593,38.328391],[26.295468,38.329249],[26.295172,38.330054],[26.294987,38.330582],[26.294866,38.330906],[26.294006,38.332174],[26.293913,38.332692],[26.293487,38.33321],[26.293025,38.333794],[26.293006,38.33387],[26.29258,38.335663],[26.291692,38.337533],[26.290563,38.339004],[26.289452,38.340087],[26.286388,38.342228],[26.286286,38.342299],[26.28575,38.342966],[26.285668,38.343545],[26.285657,38.343623],[26.28537,38.344345],[26.284972,38.345326],[26.285287,38.345752],[26.284593,38.348075],[26.284065,38.348779],[26.283815,38.349556],[26.283427,38.350461],[26.283158,38.351153],[26.282992,38.351583],[26.283075,38.351889],[26.283019,38.35224],[26.283106,38.35237],[26.283528,38.352999],[26.283501,38.353166],[26.283353,38.353379],[26.283214,38.353619],[26.283195,38.353953],[26.283612,38.354101],[26.283926,38.354897],[26.283639,38.354961],[26.283519,38.356026],[26.283945,38.356646],[26.283784,38.357634],[26.284127,38.358303],[26.283983,38.358851],[26.283827,38.359408],[26.283581,38.360243],[26.283734,38.363273],[26.283875,38.364245],[26.28399,38.365089],[26.284001,38.365446],[26.284016,38.365958],[26.284092,38.367658],[26.28353,38.369359],[26.283494,38.369639],[26.283483,38.369656],[26.283402,38.370611],[26.283331,38.371188],[26.283121,38.373194],[26.283702,38.374781],[26.284041,38.375674],[26.284778,38.376549],[26.285,38.376876],[26.285084,38.376811],[26.285345,38.376607],[26.285831,38.376275],[26.285869,38.375239],[26.286432,38.373987],[26.286841,38.37304],[26.286756,38.372742],[26.286624,38.372325],[26.286639,38.371606],[26.286675,38.371366],[26.287173,38.369908],[26.287825,38.369052],[26.288298,38.3684],[26.288899,38.367582],[26.289526,38.367006],[26.289794,38.36661],[26.290037,38.36606],[26.291456,38.36482],[26.292044,38.36444],[26.292706,38.363918],[26.29342,38.363108],[26.293807,38.362676],[26.293876,38.362621],[26.294198,38.36245],[26.294715,38.362173],[26.295143,38.36195],[26.295527,38.361831],[26.295952,38.361696],[26.296476,38.360783],[26.296746,38.360133],[26.296738,38.359736],[26.297067,38.359469],[26.2973,38.35927],[26.2973,38.359204],[26.297283,38.35871],[26.297014,38.358275],[26.296774,38.358062],[26.296774,38.357982],[26.296774,38.357581],[26.297255,38.357109],[26.297977,38.356711],[26.298782,38.356332],[26.299375,38.356137],[26.300725,38.355442],[26.301479,38.355381],[26.302681,38.355286],[26.302757,38.35543],[26.302817,38.355554],[26.303314,38.355679],[26.303603,38.356133],[26.304055,38.356847],[26.304865,38.357951],[26.304642,38.358153],[26.304174,38.358578],[26.303936,38.359197],[26.303721,38.359752],[26.303428,38.360546],[26.302944,38.360807],[26.302587,38.36172],[26.302547,38.362879],[26.302619,38.363522],[26.302317,38.363903],[26.302389,38.364093],[26.302714,38.364188],[26.302796,38.36433],[26.302905,38.364522],[26.304095,38.364379],[26.304833,38.364109],[26.305015,38.364374],[26.305407,38.364942],[26.305658,38.365315],[26.305159,38.365665],[26.305023,38.36576],[26.304912,38.366125],[26.305262,38.366379],[26.305326,38.366425],[26.305555,38.366593],[26.3055,38.366934],[26.305496,38.366955],[26.305428,38.367307],[26.305709,38.367743],[26.305838,38.367806],[26.306105,38.367936],[26.306555,38.368],[26.306973,38.367984],[26.307268,38.367904],[26.307382,38.367758],[26.307669,38.367421],[26.307781,38.36736],[26.308066,38.36725],[26.308457,38.367802],[26.308532,38.367915],[26.30925,38.368059],[26.309619,38.368134],[26.309853,38.368564],[26.310042,38.3689],[26.309876,38.369157],[26.309893,38.369564],[26.309909,38.369784],[26.309951,38.370325],[26.310964,38.371123],[26.310792,38.371605],[26.310209,38.372028],[26.310289,38.372237],[26.310546,38.372762],[26.310321,38.372998],[26.310353,38.373721],[26.310364,38.373994],[26.310096,38.374225],[26.30978,38.374487],[26.30971,38.375162],[26.309848,38.375462],[26.30986,38.375489],[26.309871,38.37549],[26.310605,38.375564],[26.311076,38.375596],[26.311472,38.375829],[26.311645,38.375928],[26.311854,38.376381],[26.311986,38.376683],[26.312048,38.376827],[26.31208,38.376847],[26.312613,38.377142],[26.313031,38.377374],[26.313326,38.377525],[26.314706,38.377546],[26.31609,38.376727],[26.315971,38.375829],[26.316246,38.375571],[26.316668,38.37546],[26.317444,38.37483],[26.316984,38.373938],[26.316859,38.373691],[26.316773,38.373333],[26.316713,38.373081],[26.316264,38.372388],[26.31632,38.371371],[26.315992,38.370634],[26.315881,38.370379],[26.315803,38.370159],[26.315623,38.369644],[26.315456,38.369181],[26.315547,38.368804],[26.315562,38.368737],[26.315581,38.368655],[26.315719,38.368049],[26.315876,38.367864],[26.315998,38.367724],[26.31545,38.366889],[26.315072,38.366641],[26.31503,38.366281],[26.315006,38.365991],[26.315429,38.365607],[26.31523,38.365254],[26.314678,38.364894],[26.314208,38.364583],[26.314206,38.364565],[26.314465,38.364304],[26.314919,38.363846],[26.315509,38.364136],[26.317256,38.364265],[26.317751,38.363927],[26.317861,38.363849],[26.318054,38.363719],[26.318307,38.363547],[26.318706,38.363277],[26.318713,38.362841],[26.318738,38.362021],[26.318561,38.361543],[26.318552,38.361515],[26.3184,38.361065],[26.318258,38.360678],[26.317365,38.360759],[26.316628,38.360817],[26.316091,38.360413],[26.316102,38.359771],[26.316597,38.35934],[26.3171,38.358552],[26.317108,38.358154],[26.316741,38.357461],[26.315707,38.356672],[26.315353,38.355801],[26.314046,38.355632],[26.313353,38.35557],[26.312801,38.355261],[26.311789,38.354794],[26.31153,38.354332],[26.311517,38.353774],[26.311462,38.352958],[26.311625,38.352509],[26.31236,38.352441],[26.313394,38.352604],[26.31368,38.352999],[26.313584,38.354808],[26.314197,38.354998],[26.314977,38.355172],[26.315938,38.355924],[26.31606,38.35644],[26.316659,38.357025],[26.317054,38.356944],[26.31802,38.35727],[26.318768,38.358059],[26.319557,38.358236],[26.320183,38.35761],[26.32055,38.357121],[26.321148,38.356957],[26.321542,38.35712],[26.322101,38.357352],[26.322618,38.357216],[26.323257,38.356291],[26.324196,38.354223],[26.324631,38.353162],[26.324456,38.352489],[26.324373,38.352169],[26.323366,38.351774],[26.322767,38.35157],[26.321924,38.351067],[26.321842,38.349693],[26.322074,38.347965],[26.322346,38.347815],[26.32255,38.347951],[26.322699,38.347747],[26.322694,38.347707],[26.322659,38.347462],[26.323135,38.346809],[26.32338,38.346455],[26.323026,38.346278],[26.322414,38.34636],[26.321271,38.34655],[26.320876,38.3467],[26.320821,38.346741],[26.319516,38.34772],[26.319153,38.347873],[26.318482,38.348101],[26.317652,38.347952],[26.316523,38.347707],[26.315571,38.346918],[26.315693,38.345897],[26.316292,38.345135],[26.31636,38.345071],[26.316822,38.344632],[26.317149,38.343993],[26.317543,38.342537],[26.317612,38.341857],[26.317489,38.341054],[26.31704,38.340415],[26.316619,38.340224],[26.316197,38.340401],[26.315666,38.340102],[26.3147,38.340197],[26.314343,38.340496],[26.313789,38.340551],[26.313027,38.33993],[26.312837,38.339776],[26.312415,38.339503],[26.312252,38.338633],[26.312605,38.338347],[26.312746,38.338338],[26.313693,38.338279],[26.314183,38.338116],[26.314741,38.337844],[26.315435,38.337422],[26.315666,38.33681],[26.316428,38.336646],[26.3167,38.336347],[26.316591,38.336048],[26.316646,38.335871],[26.317054,38.335749],[26.317231,38.33549],[26.317081,38.335109],[26.317122,38.334284],[26.317135,38.334007],[26.317258,38.333205],[26.317462,38.332579],[26.317693,38.332348],[26.317897,38.332184],[26.31851,38.331327],[26.318632,38.330293],[26.319312,38.32994],[26.320196,38.329505],[26.322019,38.328797],[26.322754,38.328471],[26.324087,38.327287],[26.324754,38.327001],[26.325271,38.327069],[26.325461,38.326634],[26.325638,38.326335],[26.327311,38.325722],[26.329203,38.325246],[26.329761,38.325335],[26.330665,38.32525],[26.331066,38.325233],[26.331706,38.325001],[26.333746,38.324607],[26.335691,38.324405],[26.337966,38.324691],[26.3384,38.324746],[26.338892,38.324794],[26.339942,38.325101],[26.340408,38.325769],[26.340451,38.326049],[26.34051,38.326505],[26.340547,38.32684],[26.340624,38.32746],[26.340973,38.328502],[26.341212,38.329131],[26.342049,38.330937],[26.342439,38.332321],[26.343477,38.33312],[26.344477,38.333378],[26.344924,38.332547],[26.344949,38.332082],[26.344975,38.331861],[26.344987,38.331591],[26.344858,38.331386],[26.34449,38.330874],[26.344534,38.330138],[26.344937,38.329715],[26.345044,38.328717],[26.344849,38.328188],[26.344585,38.327521],[26.344729,38.326735],[26.344805,38.32581],[26.344673,38.325288],[26.344649,38.324565],[26.344639,38.324481],[26.34461,38.323778],[26.344565,38.322645],[26.344553,38.322262],[26.344025,38.32135],[26.344009,38.321142],[26.344,38.320923],[26.343975,38.320589],[26.345849,38.319193],[26.346548,38.318884],[26.348322,38.31811],[26.348705,38.317028],[26.349945,38.316299],[26.350869,38.315752],[26.351876,38.315424],[26.352153,38.314795],[26.353272,38.314424],[26.353839,38.314349],[26.354474,38.314261],[26.355204,38.31427],[26.35544,38.314272],[26.355703,38.314348],[26.355774,38.314366],[26.356017,38.314339],[26.356453,38.314158],[26.356476,38.314148],[26.356618,38.314138],[26.35717,38.314096],[26.357635,38.31412],[26.35794,38.31422],[26.358348,38.314048],[26.358873,38.314012],[26.3592,38.313985],[26.358846,38.312499],[26.358538,38.31191],[26.35823,38.311384],[26.358312,38.31114],[26.35862,38.310768],[26.359046,38.310796],[26.36007,38.310197],[26.36112,38.309722],[26.361583,38.309892],[26.361763,38.309796],[26.361859,38.309626],[26.361739,38.309535],[26.361499,38.309493],[26.363223,38.30853],[26.364591,38.308376],[26.365325,38.308267],[26.367411,38.308171],[26.368995,38.308255],[26.370782,38.308348],[26.375527,38.309351],[26.379791,38.310725],[26.380996,38.311331],[26.381359,38.311542],[26.38194,38.311879],[26.38222,38.312045],[26.382592,38.312265],[26.38278,38.312897],[26.383271,38.314612],[26.383789,38.315123],[26.384549,38.315883],[26.384744,38.316058],[26.384926,38.316249],[26.385066,38.316394],[26.385202,38.316536],[26.385357,38.31745],[26.38545,38.318002],[26.384857,38.318208],[26.384291,38.318564],[26.384142,38.31858],[26.38407,38.318682],[26.384103,38.318829],[26.383959,38.319154],[26.383854,38.319202],[26.383863,38.319351],[26.383793,38.31951],[26.383751,38.319895],[26.383791,38.320063],[26.383603,38.320207],[26.383867,38.320531],[26.383747,38.320983],[26.383955,38.32133],[26.384258,38.321675],[26.384385,38.321699],[26.38461,38.321636],[26.384742,38.321521],[26.384983,38.321544],[26.385016,38.321651],[26.384894,38.32169],[26.385025,38.322044],[26.385767,38.322703],[26.385875,38.322799],[26.385842,38.324996],[26.385821,38.326416],[26.385749,38.327037],[26.385794,38.327694],[26.385916,38.328147],[26.386046,38.32863],[26.386505,38.329503],[26.387369,38.329907],[26.387909,38.330375],[26.388368,38.331185],[26.388719,38.33204],[26.388674,38.332409],[26.388269,38.332778],[26.387882,38.332742],[26.387513,38.332679],[26.387243,38.332346],[26.387009,38.331716],[26.386262,38.331482],[26.385776,38.331716],[26.385623,38.3324],[26.3853,38.332724],[26.384895,38.33303],[26.384823,38.333543],[26.384256,38.335387],[26.383293,38.337646],[26.383014,38.338609],[26.383671,38.340102],[26.383725,38.340849],[26.383122,38.341551],[26.383581,38.342613],[26.383491,38.343279],[26.38368,38.344395],[26.384157,38.344718],[26.383617,38.345447],[26.383878,38.346968],[26.383896,38.347652],[26.384771,38.348714],[26.385408,38.349487],[26.38604,38.34881],[26.386155,38.348687],[26.387252,38.347976],[26.387594,38.347229],[26.387324,38.34686],[26.388287,38.34578],[26.388611,38.344835],[26.388737,38.343954],[26.388458,38.34336],[26.388521,38.34228],[26.388107,38.34129],[26.387324,38.340463],[26.387117,38.339257],[26.387162,38.33797],[26.387299,38.337392],[26.387324,38.337259],[26.387972,38.337016],[26.388881,38.336989],[26.389205,38.33725],[26.389583,38.337988],[26.390015,38.338114],[26.390384,38.338969],[26.390834,38.339644],[26.391805,38.340391],[26.391895,38.340931],[26.392041,38.341628],[26.394318,38.342771],[26.395302,38.342817],[26.395425,38.342816],[26.395706,38.342814],[26.397083,38.342094],[26.397655,38.341236],[26.397813,38.340145],[26.397919,38.339414],[26.398354,38.338609],[26.398943,38.338434],[26.399212,38.338355],[26.400091,38.337677],[26.400398,38.336607],[26.400801,38.335951],[26.401086,38.335453],[26.401394,38.333917],[26.401605,38.333504],[26.401354,38.332692],[26.40133,38.332614],[26.400504,38.331131],[26.399816,38.330761],[26.399439,38.330633],[26.398883,38.330517],[26.397612,38.33004],[26.396352,38.329055],[26.395865,38.328494],[26.395007,38.327721],[26.394795,38.327212],[26.39452,38.326386],[26.394212,38.325295],[26.394371,38.324543],[26.394689,38.323675],[26.394795,38.323039],[26.395611,38.321927],[26.395844,38.321768],[26.395996,38.321362],[26.396269,38.320573],[26.396691,38.320677],[26.396617,38.321599],[26.396712,38.322075],[26.396606,38.322732],[26.396225,38.323156],[26.396405,38.32341],[26.397782,38.323304],[26.397983,38.323759],[26.398057,38.324268],[26.398396,38.32449],[26.399063,38.324469],[26.399551,38.324427],[26.39989,38.324416],[26.400525,38.323579],[26.400981,38.323505],[26.402135,38.323961],[26.402326,38.32466],[26.402516,38.324967],[26.401881,38.325528],[26.401913,38.32592],[26.402347,38.32609],[26.402622,38.326058],[26.402882,38.325871],[26.403297,38.325594],[26.404503,38.325784],[26.40463,38.32626],[26.404069,38.326904],[26.404075,38.327212],[26.404083,38.327459],[26.405006,38.327332],[26.405342,38.327441],[26.405424,38.328141],[26.405908,38.328197],[26.406154,38.328284],[26.406297,38.328752],[26.406694,38.328959],[26.406932,38.32876],[26.406884,38.327983],[26.407146,38.327792],[26.407598,38.327697],[26.408154,38.327729],[26.408828,38.327887],[26.409273,38.32826],[26.409392,38.328919],[26.409416,38.329173],[26.40944,38.329808],[26.408908,38.330229],[26.409273,38.332348],[26.409757,38.332435],[26.410098,38.332371],[26.410892,38.331737],[26.411281,38.331633],[26.412178,38.331935],[26.412273,38.332507],[26.412583,38.332578],[26.412789,38.332435],[26.413035,38.331887],[26.413718,38.331848],[26.413799,38.332457],[26.413827,38.332774],[26.413892,38.333443],[26.41417,38.333506],[26.414821,38.333475],[26.415694,38.333403],[26.416091,38.332983],[26.416916,38.332951],[26.41786,38.333451],[26.418233,38.333395],[26.418281,38.333149],[26.417773,38.332642],[26.417868,38.332197],[26.418384,38.331673],[26.420218,38.331324],[26.420594,38.331639],[26.421256,38.332207],[26.42294,38.332586],[26.424019,38.333721],[26.424226,38.334388],[26.424623,38.334372],[26.425257,38.33534],[26.425242,38.336173],[26.423797,38.336348],[26.423083,38.336713],[26.422416,38.336713],[26.421519,38.33611],[26.419869,38.336054],[26.419273,38.336253],[26.419242,38.336721],[26.419662,38.337221],[26.41975,38.337975],[26.419718,38.338951],[26.419798,38.339044],[26.420099,38.339388],[26.420373,38.339326],[26.420488,38.3393],[26.420853,38.339364],[26.421369,38.339062],[26.421258,38.33857],[26.421821,38.337959],[26.422019,38.337737],[26.423496,38.33788],[26.424956,38.338428],[26.425186,38.338578],[26.42525,38.339261],[26.424416,38.340904],[26.426393,38.34065],[26.427345,38.341166],[26.427646,38.341166],[26.428075,38.341658],[26.429075,38.34084],[26.430385,38.340943],[26.431154,38.341634],[26.432004,38.34238],[26.432797,38.34357],[26.433094,38.344022],[26.433115,38.344055],[26.433411,38.344113],[26.434043,38.344237],[26.434106,38.344297],[26.434607,38.344769],[26.434686,38.345697],[26.435329,38.34619],[26.43575,38.346126],[26.435916,38.34588],[26.435924,38.345253],[26.436385,38.344975],[26.4373,38.345287],[26.437797,38.345158],[26.438297,38.345055],[26.438574,38.344509],[26.438591,38.344475],[26.439639,38.344142],[26.440992,38.34438],[26.44176,38.344932],[26.442144,38.345208],[26.442421,38.345254],[26.443091,38.345366],[26.44305,38.345616],[26.443036,38.345706],[26.442737,38.345776],[26.442418,38.346108],[26.442763,38.346881],[26.443703,38.34799],[26.444578,38.348303],[26.445178,38.347843],[26.446091,38.347796],[26.446579,38.348364],[26.446967,38.348274],[26.447669,38.348112],[26.448902,38.347527],[26.449852,38.347223],[26.451463,38.347667],[26.452229,38.348544],[26.452154,38.349212],[26.451302,38.350493],[26.451073,38.351116],[26.450943,38.351468],[26.451217,38.352343],[26.452054,38.353117],[26.453142,38.353174],[26.454087,38.353564],[26.45467,38.353581],[26.455105,38.353594],[26.455946,38.353804],[26.456572,38.354526],[26.45657,38.354883],[26.456567,38.355271],[26.456248,38.355706],[26.457295,38.356482],[26.458528,38.357134],[26.461216,38.358363],[26.461528,38.358506],[26.4624,38.359332],[26.462453,38.359472],[26.463089,38.361134],[26.462979,38.361725],[26.463393,38.36278],[26.463073,38.363292],[26.46307,38.363729],[26.463769,38.364118],[26.464575,38.364301],[26.465524,38.364177],[26.466475,38.36377],[26.467315,38.36416],[26.468083,38.36478],[26.468877,38.365793],[26.469229,38.366532],[26.469576,38.367074],[26.470519,38.36772],[26.471143,38.368879],[26.471791,38.37158],[26.472696,38.372638],[26.47529,38.373238],[26.477254,38.373558],[26.477784,38.373864],[26.478863,38.37449],[26.47995,38.3747],[26.480226,38.375143],[26.480893,38.375277],[26.481719,38.376444],[26.481988,38.376881],[26.482012,38.377293],[26.481338,38.37773],[26.481004,38.378087],[26.480588,38.378524],[26.479848,38.379145],[26.479249,38.379374],[26.478966,38.379681],[26.477138,38.380007],[26.476404,38.380493],[26.475867,38.380849],[26.475712,38.382005],[26.47557,38.383058],[26.475136,38.383506],[26.474827,38.383825],[26.474504,38.384851],[26.474286,38.385726],[26.473449,38.386634],[26.47308,38.387492],[26.473458,38.388573],[26.473672,38.388772],[26.47454,38.38958],[26.475236,38.390405],[26.474424,38.391069],[26.473468,38.392042],[26.473111,38.392878],[26.472789,38.393632],[26.472744,38.395096],[26.473441,38.395793],[26.473493,38.395821],[26.475051,38.396648],[26.475361,38.397498],[26.475425,38.398371],[26.475594,38.399195],[26.475345,38.399707],[26.475723,38.400788],[26.475679,38.402021],[26.4751,38.402452],[26.474387,38.402986],[26.473525,38.403631],[26.472742,38.404989],[26.471805,38.40771],[26.471593,38.408324],[26.471182,38.408696],[26.470745,38.409091],[26.470362,38.40975],[26.469926,38.410501],[26.469458,38.410688],[26.469292,38.410755],[26.469124,38.411017],[26.468866,38.411421],[26.46833,38.411769],[26.467806,38.41211],[26.467028,38.4128],[26.466183,38.413028],[26.465623,38.412819],[26.465133,38.412458],[26.464398,38.412172],[26.464157,38.411477],[26.464441,38.411067],[26.463816,38.41001],[26.46175,38.409153],[26.460521,38.40907],[26.459321,38.40981],[26.458966,38.410219],[26.459273,38.411454],[26.459827,38.412639],[26.460767,38.413774],[26.461886,38.41455],[26.462397,38.416608],[26.461863,38.417582],[26.461833,38.417693],[26.461574,38.41866],[26.460727,38.419195],[26.45999,38.419089],[26.459822,38.418903],[26.459641,38.418702],[26.459254,38.418752],[26.45903,38.419234],[26.458968,38.419367],[26.457662,38.420132],[26.45703,38.420077],[26.455477,38.420995],[26.45488,38.420992],[26.453687,38.420286],[26.453656,38.420267],[26.452812,38.420289],[26.452592,38.420828],[26.452383,38.421341],[26.451634,38.422673],[26.451062,38.424084],[26.450838,38.424292],[26.450318,38.424774],[26.450562,38.425058],[26.450828,38.425219],[26.450947,38.425291],[26.451041,38.426229],[26.451045,38.426268],[26.450794,38.426986],[26.450439,38.427447],[26.450927,38.427937],[26.4517,38.427967]]],[[[26.439799,38.182933],[26.439444,38.182833],[26.439089,38.182897],[26.438677,38.183058],[26.438254,38.183129],[26.43781,38.183151],[26.437587,38.183289],[26.437408,38.183451],[26.437306,38.183719],[26.43715,38.183897],[26.437082,38.18406],[26.437143,38.184801],[26.436941,38.185101],[26.436259,38.185684],[26.436236,38.185839],[26.436289,38.186132],[26.437252,38.187953],[26.437582,38.188353],[26.43787,38.188379],[26.43806,38.188266],[26.438272,38.188088],[26.438572,38.187975],[26.438918,38.187733],[26.439299,38.187295],[26.4395,38.187149],[26.439979,38.186867],[26.440148,38.186631],[26.440206,38.186224],[26.440122,38.185662],[26.43997,38.185197],[26.439789,38.184154],[26.43988,38.183829],[26.440171,38.183513],[26.440141,38.183154],[26.439799,38.182933]]],[[[26.433555,38.198],[26.433929,38.197905],[26.434347,38.197907],[26.434679,38.197635],[26.434488,38.196651],[26.434096,38.196311],[26.433998,38.196173],[26.433704,38.195761],[26.433731,38.195149],[26.43413,38.1947],[26.434198,38.194426],[26.43442,38.194121],[26.434533,38.193719],[26.434227,38.193492],[26.432448,38.193499],[26.432052,38.193562],[26.431501,38.193817],[26.430775,38.19391],[26.4302,38.194374],[26.429651,38.194372],[26.429233,38.194499],[26.428968,38.194707],[26.428373,38.194865],[26.428086,38.195025],[26.427953,38.195266],[26.428347,38.195397],[26.429025,38.195835],[26.429397,38.195982],[26.429747,38.196225],[26.430798,38.196585],[26.43106,38.196876],[26.431189,38.197215],[26.431538,38.197491],[26.431932,38.197686],[26.432239,38.197768],[26.4323,38.198397],[26.432145,38.198541],[26.432232,38.198703],[26.432605,38.198672],[26.432958,38.198513],[26.433555,38.198]]],[[[26.452557,38.201152],[26.452625,38.200846],[26.452474,38.200443],[26.452278,38.200184],[26.452128,38.199716],[26.452023,38.199055],[26.451829,38.198571],[26.45148,38.198263],[26.451107,38.198261],[26.450648,38.197936],[26.450253,38.19779],[26.44986,38.197546],[26.44872,38.197138],[26.448022,38.196571],[26.447232,38.196422],[26.446967,38.196566],[26.446703,38.196645],[26.446614,38.196838],[26.44683,38.197258],[26.446652,38.197612],[26.446582,38.198062],[26.446405,38.198352],[26.445766,38.198558],[26.444271,38.198696],[26.443613,38.198564],[26.443218,38.198433],[26.442889,38.198416],[26.442758,38.198286],[26.442429,38.198284],[26.442208,38.198364],[26.441989,38.198282],[26.441834,38.198443],[26.442038,38.198886],[26.442288,38.19946],[26.442635,38.199977],[26.443073,38.200189],[26.446696,38.200448],[26.447971,38.200373],[26.45032,38.200562],[26.451174,38.20092],[26.451658,38.200906],[26.451898,38.201101],[26.452184,38.20107],[26.452557,38.201152]]],[[[26.212029,38.29385],[26.209447,38.29098],[26.207104,38.292562],[26.205601,38.296665],[26.208471,38.299566],[26.210385,38.29761],[26.21157,38.295674],[26.212029,38.29385]]],[[[26.454171,38.3677],[26.4545,38.367169],[26.455011,38.367047],[26.455074,38.366855],[26.455025,38.366603],[26.455015,38.366549],[26.455336,38.365756],[26.455377,38.365667],[26.45549,38.365136],[26.455864,38.364741],[26.456098,38.364425],[26.457072,38.363588],[26.457422,38.363288],[26.457874,38.362803],[26.457972,38.362169],[26.457976,38.361569],[26.457717,38.361047],[26.457456,38.360751],[26.457397,38.360468],[26.457134,38.360365],[26.456608,38.360374],[26.45627,38.360033],[26.455808,38.359759],[26.455282,38.359756],[26.454857,38.359844],[26.454693,38.359878],[26.45445,38.359866],[26.454199,38.359853],[26.453519,38.359748],[26.45293,38.359847],[26.452263,38.360059],[26.451859,38.360284],[26.451766,38.360374],[26.451378,38.360463],[26.450833,38.360924],[26.45082,38.360939],[26.449866,38.361973],[26.449446,38.362277],[26.449012,38.362399],[26.448033,38.362426],[26.447619,38.362438],[26.447416,38.362641],[26.447181,38.363138],[26.447152,38.363268],[26.447084,38.363579],[26.44699,38.363839],[26.446769,38.364006],[26.446305,38.364356],[26.446149,38.364537],[26.446579,38.364947],[26.446639,38.365219],[26.449625,38.367282],[26.450202,38.367623],[26.450628,38.367615],[26.450942,38.367453],[26.451063,38.367391],[26.451449,38.367438],[26.452097,38.367713],[26.452207,38.367742],[26.452869,38.36792],[26.453455,38.368206],[26.453531,38.368421],[26.453608,38.368444],[26.453996,38.368276],[26.454171,38.3677]]],[[[26.466529,38.379717],[26.466465,38.379225],[26.466713,38.37837],[26.466745,38.377721],[26.466296,38.376627],[26.466408,38.376067],[26.466342,38.375801],[26.465753,38.375424],[26.465217,38.375195],[26.464679,38.375193],[26.464329,38.375299],[26.463926,38.375288],[26.463656,38.375336],[26.463348,38.375236],[26.463215,38.375009],[26.462866,38.374939],[26.462503,38.374957],[26.462316,38.374818],[26.461979,38.374836],[26.461699,38.37453],[26.461511,38.374539],[26.461637,38.37569],[26.462065,38.375958],[26.462223,38.376392],[26.462569,38.376866],[26.46301,38.377242],[26.463528,38.378129],[26.46397,38.378358],[26.464465,38.378783],[26.46496,38.379061],[26.465104,38.379652],[26.465331,38.379869],[26.465438,38.37986],[26.465467,38.379663],[26.465574,38.379693],[26.465604,38.381071],[26.465897,38.381446],[26.465772,38.382036],[26.465784,38.382262],[26.465945,38.382283],[26.466028,38.382017],[26.466176,38.38191],[26.466219,38.381605],[26.46649,38.381331],[26.466547,38.380908],[26.466791,38.380624],[26.466821,38.380201],[26.466529,38.379717]]]]}},{"type":"Feature","properties":{"id":"TR-D-35-010","parent_id":"TR-P-35","region_id":"TR-R-EGE","level":"district","municipality_type":null,"municipality_type_label":null,"is_metropolitan_municipality":null,"name":"Çiğli","name_ascii":"cigli","slug":"cigli-izmir"},"geometry":{"type":"Polygon","coordinates":[[[27.06797,38.464229],[27.067848,38.464177],[27.067647,38.464065],[27.067478,38.463972],[27.067414,38.46392],[27.067342,38.463868],[27.06731,38.463817],[27.067297,38.463792],[27.067294,38.463781],[27.067295,38.463771],[27.067299,38.463762],[27.067306,38.463755],[27.067316,38.463752],[27.06734,38.463743],[27.067352,38.463736],[27.067367,38.463721],[27.067372,38.463712],[27.067375,38.463705],[27.067382,38.463691],[27.067379,38.463672],[27.067377,38.463649],[27.067376,38.463632],[27.067385,38.463616],[27.067401,38.463602],[27.067411,38.463591],[27.067413,38.463582],[27.067413,38.463572],[27.067402,38.463568],[27.067391,38.463565],[27.06739,38.463555],[27.067398,38.463548],[27.067408,38.463544],[27.067417,38.463537],[27.067425,38.463529],[27.067432,38.463521],[27.06744,38.463514],[27.067449,38.463508],[27.067466,38.463493],[27.067474,38.463487],[27.067479,38.463477],[27.067485,38.463469],[27.067499,38.463441],[27.067506,38.463432],[27.067514,38.463425],[27.067525,38.463421],[27.067537,38.463421],[27.067548,38.463423],[27.06756,38.463427],[27.067571,38.463425],[27.067579,38.463418],[27.067585,38.463409],[27.067604,38.463385],[27.067609,38.463376],[27.06762,38.463341],[27.067623,38.463332],[27.067634,38.463295],[27.067635,38.463286],[27.06764,38.46327],[27.067643,38.463256],[27.067648,38.463248],[27.067648,38.463238],[27.067652,38.463218],[27.067654,38.463209],[27.06766,38.463199],[27.067664,38.463191],[27.06767,38.463183],[27.067685,38.463167],[27.067698,38.463149],[27.067704,38.463142],[27.067731,38.463105],[27.067738,38.463097],[27.06776,38.463058],[27.067765,38.463048],[27.067776,38.463015],[27.067778,38.462995],[27.067778,38.462985],[27.067769,38.462953],[27.067766,38.462943],[27.067766,38.462933],[27.067771,38.462904],[27.06778,38.462887],[27.067783,38.462878],[27.067791,38.462859],[27.067795,38.462827],[27.067796,38.462817],[27.067794,38.462807],[27.067801,38.462756],[27.067804,38.462747],[27.067805,38.462738],[27.067806,38.462736],[27.067824,38.462665],[27.067828,38.462657],[27.06783,38.462647],[27.067829,38.462627],[27.067834,38.46259],[27.067834,38.462578],[27.067836,38.462568],[27.067836,38.462558],[27.067838,38.462548],[27.067838,38.462538],[27.06784,38.462528],[27.067845,38.46252],[27.067846,38.46251],[27.067849,38.462501],[27.067852,38.462491],[27.067854,38.462482],[27.06786,38.462462],[27.067874,38.462404],[27.067877,38.462394],[27.067883,38.462356],[27.067883,38.462344],[27.067884,38.462334],[27.067883,38.462316],[27.067881,38.462306],[27.06788,38.462255],[27.067879,38.462245],[27.067879,38.462226],[27.067877,38.462207],[27.067874,38.462196],[27.06787,38.462187],[27.067871,38.462177],[27.067866,38.462147],[27.067864,38.462137],[27.067861,38.462125],[27.067856,38.462114],[27.067852,38.462105],[27.067845,38.462087],[27.067833,38.462069],[27.067825,38.462059],[27.067805,38.462032],[27.067797,38.462025],[27.067782,38.462007],[27.067774,38.461999],[27.067754,38.461973],[27.067737,38.461958],[27.067731,38.46195],[27.067724,38.461941],[27.067711,38.461924],[27.067703,38.461913],[27.067698,38.461905],[27.067687,38.461887],[27.067658,38.461854],[27.067648,38.461846],[27.06764,38.461838],[27.067633,38.461829],[27.067625,38.461823],[27.06755,38.461756],[27.067541,38.46175],[27.067517,38.461727],[27.067497,38.461709],[27.067485,38.461701],[27.067464,38.461691],[27.067423,38.461664],[27.067411,38.461653],[27.067407,38.461645],[27.067394,38.461635],[27.06736,38.461617],[27.067348,38.461604],[27.067346,38.461594],[27.06734,38.461581],[27.067286,38.461558],[27.067277,38.461553],[27.067263,38.461542],[27.067258,38.461534],[27.067254,38.461523],[27.067243,38.46151],[27.067214,38.461483],[27.067171,38.461454],[27.067149,38.461447],[27.067128,38.46144],[27.067121,38.46143],[27.067102,38.461414],[27.067087,38.461399],[27.067068,38.46139],[27.067042,38.461373],[27.067007,38.461348],[27.066986,38.461335],[27.066972,38.461325],[27.066956,38.461323],[27.066949,38.46132],[27.066944,38.461312],[27.066932,38.461302],[27.066882,38.461278],[27.066856,38.461265],[27.06684,38.461259],[27.066826,38.461264],[27.066808,38.461265],[27.066786,38.461263],[27.066768,38.461271],[27.066766,38.461279],[27.06677,38.461291],[27.066772,38.461299],[27.066765,38.461305],[27.066761,38.461309],[27.066741,38.46133],[27.066741,38.461338],[27.066749,38.461348],[27.066856,38.461435],[27.06675,38.461472],[27.066741,38.461462],[27.066701,38.461425],[27.066625,38.461371],[27.06659,38.46134],[27.066575,38.46133],[27.06657,38.461324],[27.066564,38.461306],[27.066545,38.461255],[27.06652,38.461207],[27.066509,38.461194],[27.066496,38.461176],[27.066494,38.46117],[27.066495,38.461163],[27.06649,38.461154],[27.066485,38.461149],[27.066462,38.461123],[27.066403,38.461085],[27.0664,38.461077],[27.066403,38.461071],[27.066409,38.461064],[27.066415,38.461058],[27.066416,38.461044],[27.066415,38.461037],[27.066412,38.461031],[27.066404,38.461025],[27.06639,38.461018],[27.066359,38.461009],[27.066343,38.461007],[27.066333,38.461002],[27.066299,38.46099],[27.066266,38.460961],[27.066251,38.460951],[27.066239,38.460942],[27.066232,38.460927],[27.066224,38.460919],[27.066216,38.460914],[27.066207,38.460904],[27.066199,38.460891],[27.066193,38.460878],[27.066189,38.46087],[27.066175,38.460863],[27.066157,38.460857],[27.066142,38.460855],[27.066126,38.46085],[27.066116,38.460844],[27.066109,38.46083],[27.066092,38.460784],[27.066075,38.460756],[27.06607,38.460737],[27.066066,38.460724],[27.066051,38.460711],[27.066039,38.460699],[27.066029,38.460685],[27.066017,38.460674],[27.066008,38.46067],[27.066,38.460664],[27.065992,38.460651],[27.065981,38.460627],[27.065968,38.46061],[27.065948,38.460592],[27.065934,38.460586],[27.065915,38.460582],[27.0659,38.460577],[27.065886,38.460569],[27.065873,38.460563],[27.065839,38.46054],[27.065817,38.460522],[27.065803,38.460503],[27.065784,38.460487],[27.065745,38.460473],[27.065721,38.46046],[27.065674,38.460428],[27.065652,38.460407],[27.06563,38.460389],[27.065616,38.460375],[27.065609,38.460362],[27.065602,38.460345],[27.065571,38.46031],[27.06553,38.460266],[27.065489,38.460227],[27.065463,38.460206],[27.065413,38.460175],[27.065398,38.460158],[27.065384,38.460143],[27.065372,38.460124],[27.065367,38.460111],[27.065367,38.460106],[27.065367,38.460086],[27.06536,38.460061],[27.065345,38.460026],[27.065318,38.45998],[27.065253,38.45989],[27.065231,38.459863],[27.065217,38.459843],[27.065216,38.459834],[27.065216,38.459825],[27.065222,38.459818],[27.065233,38.459812],[27.065255,38.459814],[27.065272,38.459811],[27.065286,38.459807],[27.065293,38.459801],[27.065293,38.459787],[27.06529,38.45978],[27.065283,38.459774],[27.065271,38.459765],[27.065246,38.45976],[27.065224,38.459763],[27.065208,38.45976],[27.06515,38.459761],[27.065115,38.459767],[27.065073,38.459784],[27.065045,38.459796],[27.064998,38.4598],[27.064978,38.459798],[27.064948,38.459788],[27.064928,38.459769],[27.06491,38.459757],[27.064893,38.459748],[27.064876,38.459741],[27.064852,38.459732],[27.064835,38.459722],[27.064822,38.459716],[27.064777,38.459698],[27.064758,38.459682],[27.064728,38.459662],[27.064699,38.45965],[27.06467,38.459642],[27.064625,38.459623],[27.064605,38.45962],[27.064587,38.459609],[27.064564,38.459593],[27.064562,38.459581],[27.064553,38.459568],[27.064553,38.459559],[27.064547,38.459545],[27.064537,38.459534],[27.064531,38.459524],[27.064528,38.459515],[27.064521,38.459508],[27.064503,38.459499],[27.064494,38.459494],[27.064492,38.459484],[27.064506,38.459483],[27.064516,38.459476],[27.06453,38.459476],[27.064555,38.459485],[27.064565,38.459491],[27.064573,38.459491],[27.064579,38.459484],[27.064587,38.459474],[27.064612,38.459481],[27.064623,38.459476],[27.064632,38.459462],[27.064623,38.459459],[27.064618,38.459454],[27.064618,38.459447],[27.064619,38.459439],[27.064626,38.459413],[27.06463,38.459405],[27.06463,38.459391],[27.064632,38.459379],[27.064641,38.45936],[27.064649,38.459358],[27.064658,38.459355],[27.064663,38.459349],[27.064664,38.459342],[27.064664,38.459327],[27.064675,38.459321],[27.06469,38.459317],[27.064759,38.459317],[27.064763,38.459325],[27.064751,38.459356],[27.064748,38.459369],[27.06474,38.459378],[27.064738,38.459391],[27.064742,38.459401],[27.064749,38.45941],[27.064759,38.459422],[27.064769,38.459424],[27.064777,38.459421],[27.064785,38.459409],[27.064787,38.459388],[27.064813,38.459386],[27.064826,38.459362],[27.064829,38.459353],[27.064839,38.459328],[27.064842,38.459312],[27.064842,38.459297],[27.064839,38.45928],[27.064845,38.459266],[27.064858,38.459254],[27.064867,38.459248],[27.064884,38.459232],[27.064892,38.459222],[27.064904,38.459217],[27.064922,38.459213],[27.064945,38.459213],[27.06498,38.459212],[27.064998,38.459218],[27.06501,38.459214],[27.065016,38.459205],[27.065022,38.459198],[27.065047,38.45918],[27.06506,38.459176],[27.065095,38.459173],[27.065118,38.459164],[27.065127,38.459157],[27.065138,38.459146],[27.065167,38.459137],[27.065193,38.459145],[27.065213,38.459162],[27.065237,38.459184],[27.065264,38.459208],[27.065303,38.459234],[27.06535,38.459264],[27.065366,38.459275],[27.065407,38.459318],[27.065429,38.459348],[27.065444,38.459371],[27.065467,38.4594],[27.065484,38.459426],[27.065512,38.459468],[27.065556,38.459513],[27.065577,38.459542],[27.065591,38.459563],[27.065607,38.459592],[27.065622,38.459628],[27.065629,38.459658],[27.065634,38.459681],[27.065646,38.459704],[27.065654,38.459722],[27.065659,38.459757],[27.065663,38.459811],[27.065664,38.459863],[27.065665,38.459905],[27.065677,38.459928],[27.065687,38.459942],[27.065695,38.459995],[27.065728,38.460055],[27.065737,38.460063],[27.065752,38.460068],[27.06576,38.460067],[27.065771,38.460063],[27.06578,38.460058],[27.065788,38.460048],[27.06579,38.460039],[27.06579,38.460031],[27.065778,38.459998],[27.065774,38.459975],[27.065775,38.459958],[27.06577,38.459889],[27.065768,38.459835],[27.065762,38.459803],[27.065758,38.459781],[27.065759,38.459765],[27.065757,38.459751],[27.065752,38.459738],[27.065748,38.459726],[27.065739,38.459712],[27.065721,38.459701],[27.065715,38.459691],[27.06571,38.459662],[27.065705,38.459651],[27.065693,38.459639],[27.065706,38.459638],[27.065718,38.459641],[27.065734,38.459652],[27.065747,38.45966],[27.065764,38.459674],[27.065783,38.459697],[27.065794,38.459711],[27.065825,38.459738],[27.065883,38.459802],[27.065947,38.459877],[27.065998,38.459928],[27.066013,38.459944],[27.066046,38.459997],[27.06607,38.460018],[27.066102,38.460038],[27.066183,38.460105],[27.066289,38.460194],[27.066361,38.460252],[27.066503,38.46037],[27.066568,38.460419],[27.066681,38.460493],[27.066775,38.460558],[27.066831,38.460594],[27.066894,38.460628],[27.06697,38.460656],[27.067051,38.460687],[27.067146,38.46072],[27.067208,38.460744],[27.067284,38.460772],[27.067347,38.460779],[27.067385,38.460791],[27.067427,38.460811],[27.067673,38.46087],[27.067704,38.460886],[27.067755,38.460905],[27.067851,38.460923],[27.067879,38.460932],[27.067884,38.460939],[27.067896,38.460943],[27.06791,38.460945],[27.067925,38.46096],[27.067937,38.460962],[27.067951,38.460963],[27.067969,38.46097],[27.067979,38.460975],[27.067995,38.460989],[27.067997,38.461002],[27.068011,38.461016],[27.068059,38.461043],[27.068084,38.461052],[27.068103,38.461055],[27.068117,38.461059],[27.068127,38.461067],[27.068139,38.461075],[27.068159,38.46108],[27.068172,38.461075],[27.068184,38.461066],[27.068198,38.461062],[27.068216,38.461067],[27.068239,38.461087],[27.068267,38.461116],[27.068279,38.461123],[27.068297,38.461136],[27.068297,38.46115],[27.068304,38.461158],[27.068324,38.461174],[27.068346,38.461181],[27.068377,38.461196],[27.068403,38.461211],[27.068416,38.461223],[27.068422,38.461235],[27.068421,38.461245],[27.068445,38.461265],[27.06846,38.461271],[27.068474,38.46128],[27.068491,38.461305],[27.068502,38.461316],[27.068519,38.461328],[27.068526,38.461335],[27.068545,38.461348],[27.068554,38.461353],[27.068577,38.461359],[27.068588,38.461362],[27.068618,38.461377],[27.068635,38.46139],[27.068648,38.461405],[27.068651,38.461414],[27.06865,38.461423],[27.068651,38.461432],[27.068656,38.46144],[27.068665,38.461446],[27.068671,38.461454],[27.06868,38.461461],[27.068761,38.461495],[27.06877,38.461502],[27.068776,38.461511],[27.068783,38.461518],[27.068792,38.461525],[27.0688,38.461532],[27.068806,38.46154],[27.068811,38.46155],[27.068814,38.461558],[27.068814,38.461568],[27.06881,38.461576],[27.068803,38.461583],[27.068796,38.461591],[27.068801,38.461599],[27.068809,38.461606],[27.068834,38.461638],[27.068844,38.461641],[27.068856,38.461643],[27.068863,38.46165],[27.06887,38.461667],[27.068878,38.461674],[27.068888,38.461679],[27.068902,38.461694],[27.068908,38.461702],[27.068911,38.46171],[27.068921,38.461719],[27.068925,38.461727],[27.068931,38.461745],[27.068942,38.461762],[27.068949,38.46177],[27.068985,38.461796],[27.068992,38.461804],[27.069004,38.46182],[27.069009,38.46183],[27.069014,38.46184],[27.069018,38.461849],[27.069021,38.461858],[27.069028,38.461886],[27.069036,38.461893],[27.069046,38.461898],[27.069081,38.461898],[27.069089,38.461903],[27.069107,38.461927],[27.069115,38.461934],[27.069124,38.461942],[27.069134,38.461946],[27.069144,38.461952],[27.069153,38.46196],[27.069184,38.461991],[27.06919,38.461998],[27.069203,38.462024],[27.069207,38.462033],[27.069211,38.462042],[27.069217,38.462049],[27.069227,38.462053],[27.069237,38.462048],[27.069248,38.462051],[27.069254,38.462059],[27.069259,38.462068],[27.069262,38.462077],[27.069265,38.462096],[27.069282,38.462121],[27.069289,38.462129],[27.069291,38.462138],[27.069288,38.462147],[27.069283,38.462155],[27.06928,38.462164],[27.069282,38.462173],[27.069281,38.462182],[27.069279,38.462224],[27.069279,38.462233],[27.069284,38.462242],[27.069289,38.462249],[27.069313,38.46227],[27.069323,38.462276],[27.069334,38.46228],[27.069346,38.46228],[27.069357,38.462277],[27.069377,38.462266],[27.069387,38.462262],[27.069399,38.46226],[27.06941,38.462257],[27.069432,38.462249],[27.069443,38.462244],[27.069454,38.462238],[27.069502,38.462206],[27.069513,38.462201],[27.069525,38.462198],[27.069537,38.462193],[27.069566,38.462179],[27.069611,38.462163],[27.069663,38.462138],[27.069673,38.462133],[27.069684,38.462129],[27.069694,38.462123],[27.069704,38.462118],[27.069727,38.462106],[27.069736,38.462099],[27.069775,38.462079],[27.069783,38.462073],[27.06979,38.462065],[27.069798,38.462057],[27.069805,38.462049],[27.069816,38.462033],[27.069828,38.462016],[27.069842,38.462001],[27.069869,38.461982],[27.069889,38.461972],[27.069903,38.461967],[27.069924,38.461955],[27.069941,38.461941],[27.069944,38.461932],[27.06995,38.461926],[27.069979,38.46191],[27.069987,38.461902],[27.070003,38.46189],[27.070013,38.461885],[27.070035,38.461876],[27.070045,38.46187],[27.070041,38.461862],[27.070036,38.461853],[27.070034,38.461843],[27.070034,38.461832],[27.070034,38.461822],[27.07004,38.461814],[27.070049,38.461808],[27.07006,38.461803],[27.070097,38.461796],[27.070107,38.461791],[27.070116,38.461784],[27.070123,38.461776],[27.070127,38.461766],[27.070138,38.461749],[27.070143,38.46174],[27.070149,38.461731],[27.070154,38.461721],[27.070156,38.461713],[27.070154,38.461703],[27.070144,38.461688],[27.070124,38.46167],[27.070113,38.461666],[27.070064,38.461655],[27.070053,38.461651],[27.070035,38.461637],[27.07,38.461628],[27.069989,38.461627],[27.069978,38.461622],[27.069971,38.461613],[27.069967,38.461603],[27.069964,38.461594],[27.069952,38.461593],[27.069915,38.461604],[27.069907,38.461611],[27.069884,38.461645],[27.069876,38.461675],[27.069869,38.461693],[27.069864,38.461703],[27.069857,38.461712],[27.069829,38.461742],[27.069823,38.461752],[27.06982,38.461763],[27.069813,38.461772],[27.069798,38.461788],[27.069789,38.461794],[27.069784,38.461801],[27.06979,38.461826],[27.069789,38.461835],[27.069783,38.461843],[27.069779,38.461851],[27.06977,38.461857],[27.06976,38.461863],[27.069753,38.461871],[27.069752,38.461881],[27.069755,38.461889],[27.069764,38.461898],[27.069773,38.461905],[27.06978,38.461913],[27.069785,38.461922],[27.069786,38.461931],[27.069783,38.46194],[27.069779,38.46195],[27.069775,38.461958],[27.069762,38.461975],[27.069758,38.461984],[27.069719,38.46202],[27.069711,38.462026],[27.06965,38.462059],[27.069641,38.462065],[27.069631,38.462071],[27.069622,38.462077],[27.069611,38.462084],[27.069568,38.462118],[27.06956,38.462125],[27.069548,38.46213],[27.069537,38.462134],[27.069526,38.462137],[27.069516,38.462141],[27.069494,38.462152],[27.069413,38.462216],[27.069404,38.462222],[27.069381,38.46223],[27.069368,38.462228],[27.069357,38.462226],[27.069346,38.462222],[27.069337,38.462215],[27.069332,38.462206],[27.069337,38.462198],[27.06935,38.462198],[27.06936,38.462193],[27.069376,38.462179],[27.069389,38.462162],[27.069398,38.462155],[27.069403,38.462146],[27.069407,38.462137],[27.069409,38.462127],[27.069407,38.462118],[27.069399,38.4621],[27.069392,38.462092],[27.069388,38.462082],[27.069389,38.462074],[27.069392,38.462065],[27.069406,38.462049],[27.069422,38.462033],[27.069428,38.462024],[27.06943,38.462015],[27.069417,38.462001],[27.069414,38.461992],[27.069418,38.461984],[27.069418,38.461974],[27.069417,38.461965],[27.069411,38.461956],[27.069403,38.46195],[27.069391,38.461946],[27.069369,38.46194],[27.069357,38.461936],[27.069347,38.461929],[27.069339,38.461922],[27.069333,38.461914],[27.06933,38.461905],[27.069326,38.461884],[27.069326,38.461873],[27.069329,38.461855],[27.069332,38.461846],[27.069337,38.461837],[27.069344,38.461828],[27.06935,38.46182],[27.069353,38.461812],[27.069356,38.461793],[27.069351,38.461782],[27.069344,38.461773],[27.069335,38.461765],[27.06933,38.461757],[27.069326,38.461749],[27.069324,38.46174],[27.069327,38.46173],[27.069331,38.461722],[27.069336,38.461713],[27.069362,38.461689],[27.069372,38.461684],[27.069397,38.461679],[27.069406,38.461674],[27.06942,38.46166],[27.069431,38.461656],[27.069437,38.461648],[27.069439,38.46164],[27.069445,38.461632],[27.069453,38.461624],[27.06947,38.46161],[27.069481,38.461606],[27.069489,38.461599],[27.069495,38.461591],[27.069504,38.461587],[27.069531,38.461583],[27.069545,38.461582],[27.069555,38.461586],[27.069565,38.461592],[27.069576,38.461594],[27.069597,38.461586],[27.069612,38.461571],[27.069621,38.461554],[27.069624,38.461545],[27.069629,38.461536],[27.069641,38.46152],[27.069646,38.461512],[27.069653,38.461504],[27.069668,38.461491],[27.069675,38.461483],[27.069681,38.461475],[27.069683,38.461466],[27.069683,38.461457],[27.069692,38.461451],[27.069724,38.461436],[27.069749,38.461415],[27.069755,38.461407],[27.06976,38.461398],[27.069763,38.461389],[27.069764,38.46138],[27.069768,38.46137],[27.069773,38.461362],[27.069777,38.461353],[27.069783,38.461346],[27.069792,38.461338],[27.069802,38.461333],[27.069812,38.461338],[27.06982,38.461344],[27.06983,38.461349],[27.069842,38.461352],[27.0699,38.461357],[27.06991,38.461359],[27.069921,38.461364],[27.069931,38.461369],[27.069942,38.461372],[27.069954,38.46137],[27.06997,38.461362],[27.069986,38.461356],[27.069997,38.461352],[27.070009,38.461345],[27.070022,38.461341],[27.070034,38.46134],[27.070045,38.461341],[27.070056,38.461345],[27.070065,38.461351],[27.070071,38.461359],[27.070075,38.461368],[27.070078,38.461377],[27.07007,38.461403],[27.070069,38.461427],[27.070067,38.461437],[27.070063,38.461447],[27.070058,38.461456],[27.070053,38.461464],[27.070049,38.461474],[27.070049,38.461484],[27.070054,38.461493],[27.070065,38.461493],[27.070089,38.461493],[27.070101,38.461495],[27.070111,38.461498],[27.070117,38.461506],[27.070118,38.461515],[27.070116,38.461524],[27.070096,38.461534],[27.070093,38.461543],[27.070092,38.461552],[27.070123,38.461561],[27.070146,38.461558],[27.070158,38.461557],[27.07017,38.461554],[27.07019,38.461544],[27.070215,38.46154],[27.070226,38.461535],[27.07024,38.461532],[27.070253,38.46153],[27.070265,38.46153],[27.070278,38.461534],[27.070286,38.46154],[27.070291,38.461548],[27.070291,38.461558],[27.070271,38.461603],[27.070268,38.461612],[27.070266,38.461622],[27.070268,38.461631],[27.070277,38.46163],[27.070309,38.461604],[27.070329,38.461593],[27.070342,38.461589],[27.070343,38.461581],[27.070349,38.461575],[27.070361,38.461573],[27.070372,38.461575],[27.070382,38.461569],[27.07039,38.461552],[27.070401,38.46155],[27.07041,38.461555],[27.070422,38.461555],[27.070448,38.46155],[27.070492,38.461533],[27.070503,38.461527],[27.070522,38.461515],[27.070532,38.461508],[27.070542,38.461504],[27.070564,38.461494],[27.070612,38.461484],[27.070622,38.461479],[27.070637,38.461465],[27.070654,38.461451],[27.070673,38.461438],[27.07069,38.461427],[27.070705,38.46142],[27.070722,38.461407],[27.070732,38.461401],[27.07074,38.461394],[27.070765,38.461384],[27.070776,38.461381],[27.0708,38.461384],[27.070811,38.461381],[27.070821,38.461376],[27.070832,38.461378],[27.070846,38.461378],[27.070867,38.461369],[27.070877,38.461365],[27.070889,38.461366],[27.070901,38.461369],[27.070908,38.461377],[27.070925,38.46139],[27.070934,38.461395],[27.070942,38.461402],[27.070948,38.46141],[27.070969,38.461418],[27.070975,38.461426],[27.070983,38.461433],[27.070989,38.461441],[27.071,38.461446],[27.071013,38.46145],[27.071025,38.461454],[27.071034,38.46146],[27.071034,38.461469],[27.071027,38.461476],[27.071011,38.46149],[27.070992,38.461501],[27.070985,38.461509],[27.070979,38.461517],[27.07097,38.461522],[27.070946,38.461523],[27.07094,38.46153],[27.070933,38.461539],[27.070931,38.461549],[27.070931,38.461558],[27.070928,38.461568],[27.070917,38.461586],[27.07091,38.461594],[27.070893,38.461608],[27.070884,38.461615],[27.070864,38.461625],[27.070838,38.461629],[27.070814,38.461627],[27.070801,38.461628],[27.070781,38.461637],[27.070758,38.461644],[27.070748,38.461649],[27.070739,38.461655],[27.070749,38.461657],[27.070759,38.461653],[27.070783,38.461648],[27.070794,38.461648],[27.070805,38.461652],[27.070813,38.461659],[27.070818,38.461667],[27.070822,38.461676],[27.070823,38.461686],[27.070821,38.461695],[27.070816,38.461703],[27.07081,38.461711],[27.070785,38.461734],[27.070778,38.461742],[27.070753,38.46176],[27.07075,38.461769],[27.070756,38.461774],[27.070763,38.46177],[27.070763,38.461779],[27.070772,38.461783],[27.070785,38.46178],[27.070793,38.461774],[27.070807,38.461759],[27.070815,38.461753],[27.070821,38.461744],[27.07083,38.461738],[27.070843,38.461733],[27.070856,38.46173],[27.070883,38.461731],[27.070894,38.461734],[27.070915,38.461744],[27.070931,38.461757],[27.070934,38.461766],[27.070936,38.461775],[27.07094,38.461783],[27.070941,38.461792],[27.070938,38.461801],[27.070931,38.461809],[27.070915,38.461821],[27.070913,38.46183],[27.070923,38.461829],[27.070932,38.461823],[27.070945,38.461818],[27.070957,38.461816],[27.070969,38.461817],[27.070981,38.461816],[27.071016,38.461807],[27.071028,38.461806],[27.071047,38.461795],[27.071074,38.461776],[27.071082,38.461768],[27.071087,38.46176],[27.071093,38.461753],[27.0711,38.461745],[27.071111,38.461742],[27.071123,38.461739],[27.071134,38.461732],[27.071177,38.461717],[27.071214,38.46171],[27.071225,38.461711],[27.071246,38.461719],[27.071255,38.461724],[27.071263,38.461732],[27.071261,38.461741],[27.071257,38.461749],[27.07125,38.461757],[27.071241,38.461763],[27.071236,38.461771],[27.071219,38.461806],[27.071212,38.461814],[27.071202,38.461828],[27.071194,38.461841],[27.071182,38.461857],[27.071175,38.461864],[27.071167,38.461871],[27.071156,38.461888],[27.071155,38.461898],[27.071166,38.461914],[27.07117,38.461922],[27.071172,38.461932],[27.071172,38.461941],[27.071167,38.461969],[27.071168,38.461978],[27.071166,38.461987],[27.071145,38.461996],[27.071116,38.462012],[27.071108,38.46202],[27.071099,38.462026],[27.071089,38.462031],[27.07108,38.462036],[27.071076,38.462044],[27.071076,38.462053],[27.07108,38.462062],[27.071082,38.462081],[27.071081,38.46209],[27.071074,38.462107],[27.071062,38.462122],[27.071055,38.462129],[27.07104,38.462143],[27.071029,38.462146],[27.071018,38.462143],[27.071011,38.462149],[27.07101,38.462158],[27.070994,38.462213],[27.070983,38.462239],[27.070979,38.462248],[27.070976,38.462257],[27.070976,38.462266],[27.070977,38.462275],[27.070973,38.462293],[27.070973,38.462303],[27.070977,38.462311],[27.070985,38.462317],[27.070983,38.462335],[27.070994,38.462338],[27.071029,38.462344],[27.071041,38.462343],[27.071052,38.46234],[27.071059,38.462333],[27.071064,38.462324],[27.071071,38.462318],[27.071094,38.462309],[27.071142,38.462302],[27.071165,38.462303],[27.071188,38.462307],[27.071309,38.462313],[27.071321,38.462316],[27.071341,38.462325],[27.071378,38.462352],[27.071396,38.462364],[27.071408,38.462368],[27.07142,38.46237],[27.071504,38.462365],[27.071528,38.46237],[27.071539,38.462374],[27.071549,38.46238],[27.071556,38.462386],[27.071564,38.462394],[27.071565,38.462403],[27.071562,38.46243],[27.071562,38.46244],[27.071565,38.462449],[27.071568,38.462458],[27.071572,38.462466],[27.07159,38.462503],[27.071596,38.462521],[27.071599,38.462541],[27.071598,38.462551],[27.071595,38.462561],[27.07159,38.462569],[27.071578,38.462586],[27.071571,38.462592],[27.071552,38.462604],[27.071541,38.462607],[27.071518,38.46261],[27.071509,38.462616],[27.071504,38.462624],[27.071506,38.462634],[27.071511,38.462642],[27.071554,38.462675],[27.071559,38.462683],[27.071566,38.4627],[27.071573,38.462709],[27.071582,38.462713],[27.071593,38.462715],[27.071605,38.462714],[27.071613,38.462707],[27.071626,38.462692],[27.071642,38.462676],[27.071661,38.462665],[27.07167,38.462659],[27.071677,38.462652],[27.071683,38.462644],[27.071691,38.462637],[27.071741,38.462582],[27.071751,38.462566],[27.071755,38.462557],[27.071765,38.46252],[27.071791,38.462474],[27.071798,38.462465],[27.071803,38.462457],[27.07181,38.46245],[27.07182,38.462443],[27.07183,38.462439],[27.071849,38.462427],[27.071871,38.462419],[27.07188,38.462413],[27.071893,38.462399],[27.071908,38.462386],[27.071913,38.462379],[27.071915,38.462369],[27.07192,38.462361],[27.071926,38.462354],[27.071932,38.462346],[27.071936,38.462337],[27.071937,38.462327],[27.071934,38.462318],[27.071929,38.46231],[27.07192,38.462304],[27.07191,38.4623],[27.071904,38.462292],[27.071925,38.462285],[27.071935,38.462278],[27.071946,38.462273],[27.071955,38.462266],[27.07197,38.462251],[27.071981,38.462233],[27.071986,38.462224],[27.071989,38.462215],[27.071986,38.462208],[27.071975,38.462205],[27.07194,38.462208],[27.071929,38.462205],[27.071923,38.462197],[27.071916,38.46219],[27.071896,38.462179],[27.071885,38.462175],[27.071875,38.462174],[27.07187,38.462165],[27.071875,38.462158],[27.071933,38.462147],[27.071954,38.462141],[27.071964,38.462137],[27.071974,38.462134],[27.071985,38.462131],[27.071998,38.462128],[27.072051,38.462126],[27.072063,38.462127],[27.072073,38.46213],[27.072083,38.462136],[27.072091,38.462145],[27.072099,38.462172],[27.072106,38.462178],[27.072118,38.462179],[27.072139,38.462168],[27.072175,38.462141],[27.072186,38.462134],[27.072202,38.462121],[27.072209,38.462112],[27.072212,38.462103],[27.072208,38.462095],[27.072197,38.462092],[27.072186,38.462089],[27.072178,38.462083],[27.072173,38.462074],[27.072176,38.462066],[27.072185,38.46206],[27.072193,38.462053],[27.072206,38.462035],[27.072209,38.462025],[27.072212,38.462004],[27.072214,38.461994],[27.072216,38.461985],[27.072224,38.461965],[27.072233,38.461959],[27.072258,38.461956],[27.072267,38.461951],[27.072276,38.461944],[27.072287,38.461938],[27.072293,38.461931],[27.072294,38.461923],[27.07229,38.461912],[27.072277,38.461899],[27.072272,38.461889],[27.072271,38.46188],[27.072277,38.461871],[27.072293,38.461857],[27.072303,38.46185],[27.072322,38.461838],[27.072329,38.461831],[27.072336,38.461823],[27.072345,38.461804],[27.072357,38.46178],[27.072358,38.46177],[27.072354,38.461762],[27.072348,38.461754],[27.072345,38.461746],[27.072348,38.461738],[27.072352,38.46173],[27.072356,38.461722],[27.072364,38.461694],[27.072365,38.461685],[27.072364,38.461675],[27.072366,38.461667],[27.07237,38.461658],[27.072388,38.461647],[27.072399,38.461643],[27.072411,38.46164],[27.072435,38.461641],[27.072446,38.461639],[27.072446,38.461631],[27.072436,38.461627],[27.072425,38.461625],[27.072419,38.461618],[27.072418,38.461609],[27.072421,38.4616],[27.072427,38.461592],[27.072437,38.461586],[27.072448,38.461587],[27.072458,38.461582],[27.072467,38.461576],[27.072476,38.461579],[27.072483,38.461587],[27.072486,38.461596],[27.072491,38.461603],[27.072502,38.461608],[27.072511,38.461613],[27.072554,38.461646],[27.072574,38.461657],[27.072582,38.461664],[27.072585,38.461672],[27.072579,38.46168],[27.072571,38.461687],[27.072567,38.461695],[27.072564,38.461704],[27.072559,38.461712],[27.072556,38.461721],[27.072558,38.461731],[27.072557,38.461741],[27.072549,38.461758],[27.072539,38.461774],[27.072532,38.461782],[27.072514,38.46181],[27.0725,38.461832],[27.072497,38.46184],[27.072494,38.461849],[27.072492,38.461858],[27.072488,38.461867],[27.072471,38.461892],[27.072466,38.461901],[27.072445,38.46191],[27.072438,38.461917],[27.072438,38.461926],[27.072444,38.461933],[27.072453,38.46194],[27.072459,38.461947],[27.072461,38.461955],[27.072458,38.461965],[27.072453,38.461974],[27.072451,38.461983],[27.072448,38.462002],[27.072449,38.462012],[27.072449,38.462022],[27.072448,38.462031],[27.072445,38.46204],[27.072441,38.46205],[27.072435,38.462059],[27.07243,38.462068],[27.072412,38.462116],[27.072407,38.462134],[27.072401,38.46215],[27.072397,38.462159],[27.072388,38.462187],[27.072381,38.462205],[27.072378,38.462215],[27.072376,38.462225],[27.072371,38.462243],[27.072369,38.462252],[27.072363,38.46227],[27.07236,38.462289],[27.072361,38.462298],[27.072367,38.462306],[27.072378,38.46231],[27.07239,38.462311],[27.072401,38.462307],[27.072419,38.462296],[27.072427,38.462289],[27.072433,38.462282],[27.07244,38.462274],[27.072457,38.462248],[27.072461,38.462239],[27.072469,38.462209],[27.072473,38.462189],[27.072491,38.462154],[27.072498,38.462144],[27.072503,38.462136],[27.072509,38.462127],[27.072515,38.462119],[27.072521,38.46211],[27.072532,38.462073],[27.072534,38.462063],[27.072538,38.462045],[27.072538,38.462025],[27.072545,38.461998],[27.07255,38.461962],[27.07256,38.461945],[27.072571,38.461941],[27.072582,38.461939],[27.072606,38.461937],[27.072616,38.461933],[27.072625,38.461928],[27.072633,38.461921],[27.072647,38.461896],[27.072649,38.461887],[27.072653,38.461879],[27.072658,38.461871],[27.072661,38.461862],[27.072662,38.461853],[27.072663,38.461844],[27.072662,38.461835],[27.072661,38.461826],[27.07266,38.461817],[27.072661,38.461808],[27.07266,38.461799],[27.07265,38.461772],[27.072651,38.461763],[27.072654,38.461754],[27.072669,38.461729],[27.072672,38.46172],[27.072674,38.461712],[27.072671,38.461703],[27.072664,38.461695],[27.072657,38.461688],[27.072653,38.46168],[27.072651,38.461671],[27.072654,38.461662],[27.072661,38.461653],[27.072668,38.461647],[27.072674,38.461639],[27.07268,38.461622],[27.072672,38.461616],[27.072649,38.461616],[27.072638,38.461614],[27.072627,38.461615],[27.072605,38.46162],[27.072575,38.461605],[27.072565,38.461599],[27.072521,38.461568],[27.072516,38.46156],[27.072514,38.461551],[27.072511,38.461542],[27.07251,38.461533],[27.072509,38.461514],[27.072511,38.461505],[27.072512,38.461487],[27.072508,38.461478],[27.072509,38.461468],[27.072512,38.461459],[27.072516,38.461451],[27.072519,38.461442],[27.072526,38.461424],[27.072546,38.461362],[27.072548,38.461354],[27.072551,38.461345],[27.072555,38.461337],[27.072558,38.461328],[27.072562,38.461319],[27.072563,38.46131],[27.07258,38.461276],[27.072582,38.461267],[27.072585,38.461249],[27.072587,38.461239],[27.072587,38.461221],[27.072593,38.461203],[27.072596,38.461193],[27.0726,38.461184],[27.072608,38.461167],[27.072611,38.461158],[27.07262,38.461141],[27.072623,38.461133],[27.072625,38.461123],[27.072627,38.461114],[27.072629,38.461105],[27.072632,38.461096],[27.07264,38.461079],[27.072643,38.461069],[27.072649,38.461062],[27.072655,38.461053],[27.072665,38.461036],[27.072678,38.46102],[27.072688,38.461004],[27.072695,38.460996],[27.072706,38.46098],[27.072711,38.460972],[27.072715,38.460964],[27.07272,38.460955],[27.072725,38.460947],[27.072732,38.460939],[27.072737,38.460931],[27.072735,38.460913],[27.072736,38.460903],[27.072742,38.460885],[27.072747,38.460876],[27.072753,38.460867],[27.07276,38.460859],[27.072764,38.460851],[27.072776,38.460836],[27.072796,38.460811],[27.072811,38.460786],[27.072812,38.460777],[27.072798,38.460762],[27.072794,38.460753],[27.072794,38.460743],[27.072803,38.460727],[27.072805,38.460717],[27.072806,38.460708],[27.072798,38.460702],[27.072762,38.460701],[27.072751,38.460697],[27.072743,38.46069],[27.072735,38.460683],[27.072723,38.460682],[27.072711,38.460688],[27.0727,38.46069],[27.072691,38.460684],[27.072682,38.460678],[27.072673,38.460673],[27.07265,38.460667],[27.072638,38.460666],[27.072606,38.460676],[27.072595,38.460679],[27.072584,38.460677],[27.072562,38.460669],[27.072542,38.460658],[27.072529,38.460644],[27.072519,38.460617],[27.072506,38.460601],[27.072507,38.460593],[27.07251,38.460584],[27.07251,38.460575],[27.072507,38.460566],[27.072502,38.460558],[27.072495,38.46055],[27.072486,38.460544],[27.072475,38.46054],[27.072465,38.460545],[27.072457,38.460551],[27.072446,38.460553],[27.072436,38.46055],[27.072426,38.460534],[27.072419,38.460516],[27.072416,38.460507],[27.07241,38.46049],[27.072408,38.460481],[27.072411,38.460472],[27.072415,38.460463],[27.072419,38.460453],[27.072428,38.460436],[27.072433,38.460428],[27.072447,38.460412],[27.072451,38.460403],[27.07245,38.460394],[27.072438,38.460396],[27.072423,38.46041],[27.072396,38.460442],[27.072388,38.460448],[27.072376,38.460451],[27.072365,38.460449],[27.072363,38.46044],[27.072359,38.460432],[27.072351,38.460426],[27.072345,38.460418],[27.07235,38.46041],[27.072356,38.460402],[27.072368,38.460387],[27.072373,38.460378],[27.072376,38.460369],[27.072377,38.46036],[27.072367,38.460358],[27.07236,38.460365],[27.072354,38.460373],[27.072327,38.460402],[27.072322,38.460411],[27.072319,38.46042],[27.07231,38.460427],[27.0723,38.460422],[27.072283,38.46041],[27.072274,38.460403],[27.072268,38.460395],[27.072265,38.460386],[27.072273,38.460364],[27.072278,38.460347],[27.072281,38.460332],[27.07228,38.460323],[27.072276,38.460314],[27.072268,38.460307],[27.072258,38.460302],[27.072253,38.460294],[27.072253,38.460285],[27.072257,38.460277],[27.072256,38.460269],[27.072246,38.460265],[27.072234,38.460267],[27.072213,38.460261],[27.07221,38.460254],[27.072219,38.460248],[27.072223,38.46024],[27.072224,38.460231],[27.072222,38.460222],[27.072218,38.460214],[27.072207,38.46021],[27.072195,38.460212],[27.072175,38.460221],[27.072163,38.460222],[27.072151,38.46022],[27.072141,38.460214],[27.072133,38.460208],[27.072126,38.4602],[27.072122,38.460192],[27.072122,38.460183],[27.072123,38.460173],[27.072128,38.460164],[27.072132,38.460155],[27.072133,38.460146],[27.072134,38.460135],[27.072134,38.460125],[27.072131,38.460116],[27.072124,38.460108],[27.072127,38.4601],[27.072128,38.460089],[27.07214,38.460073],[27.072133,38.460069],[27.072124,38.460075],[27.072114,38.460075],[27.072114,38.460067],[27.072118,38.460059],[27.072127,38.460052],[27.072136,38.460047],[27.072144,38.460041],[27.072144,38.460032],[27.072133,38.460033],[27.072121,38.460035],[27.072109,38.460038],[27.072099,38.460042],[27.072089,38.460047],[27.072071,38.460059],[27.072064,38.460056],[27.072069,38.460048],[27.072072,38.460038],[27.072079,38.460032],[27.072122,38.460016],[27.072131,38.460011],[27.072139,38.460004],[27.072142,38.459995],[27.072141,38.459986],[27.072132,38.459985],[27.072119,38.46],[27.07211,38.460006],[27.0721,38.460009],[27.07207,38.460024],[27.072063,38.460031],[27.072055,38.460038],[27.072036,38.460049],[27.072024,38.460051],[27.072013,38.46005],[27.07198,38.46004],[27.071932,38.460033],[27.071921,38.46003],[27.0719,38.46002],[27.071891,38.460013],[27.071872,38.460001],[27.071853,38.459989],[27.071834,38.459979],[27.071823,38.459976],[27.071775,38.459973],[27.071741,38.459964],[27.071721,38.459952],[27.0717,38.459944],[27.071691,38.459937],[27.071681,38.459922],[27.071673,38.459915],[27.071662,38.459912],[27.07165,38.459911],[27.071627,38.459912],[27.071615,38.459911],[27.071605,38.459908],[27.071596,38.459901],[27.071586,38.459898],[27.071569,38.459898],[27.071535,38.459891],[27.071513,38.459883],[27.071507,38.459876],[27.071508,38.459858],[27.071506,38.459839],[27.071504,38.45983],[27.071491,38.459804],[27.071479,38.459787],[27.071471,38.459781],[27.071464,38.459774],[27.071455,38.459768],[27.071444,38.459768],[27.07144,38.459775],[27.071446,38.459782],[27.071461,38.459796],[27.071465,38.459805],[27.071461,38.459814],[27.07145,38.459818],[27.071428,38.459823],[27.071416,38.459823],[27.071394,38.459803],[27.071385,38.459798],[27.071373,38.459795],[27.07135,38.459791],[27.071339,38.459794],[27.071328,38.459791],[27.071307,38.459791],[27.071254,38.459771],[27.071219,38.459746],[27.071216,38.459738],[27.071218,38.459729],[27.071235,38.459718],[27.071233,38.459709],[27.071222,38.459705],[27.071212,38.459699],[27.071201,38.459697],[27.071194,38.45969],[27.071186,38.459684],[27.071175,38.45968],[27.071166,38.459674],[27.071155,38.459672],[27.071145,38.459672],[27.071136,38.459666],[27.071129,38.459659],[27.071119,38.459657],[27.071109,38.45966],[27.071108,38.45967],[27.071108,38.459679],[27.071112,38.459688],[27.071116,38.459697],[27.071118,38.459705],[27.071113,38.459714],[27.071103,38.459717],[27.071091,38.459718],[27.071054,38.459715],[27.071044,38.45971],[27.071038,38.459703],[27.071025,38.459677],[27.071022,38.459669],[27.071021,38.45966],[27.071017,38.459651],[27.071012,38.459643],[27.070999,38.459628],[27.07099,38.459621],[27.07098,38.459616],[27.070968,38.459615],[27.070955,38.459616],[27.070932,38.459623],[27.070922,38.459628],[27.070911,38.459631],[27.070899,38.459633],[27.070887,38.459633],[27.070875,38.459629],[27.070868,38.459622],[27.070863,38.459614],[27.070857,38.459606],[27.070849,38.459599],[27.070839,38.459595],[27.070831,38.459588],[27.070811,38.459578],[27.070794,38.459567],[27.070784,38.459562],[27.070772,38.459559],[27.070724,38.459559],[27.070712,38.459555],[27.070705,38.459548],[27.070704,38.459539],[27.070715,38.459536],[27.070738,38.459538],[27.07075,38.45954],[27.07076,38.459537],[27.070758,38.459529],[27.070748,38.459525],[27.070736,38.459522],[27.070688,38.459517],[27.070643,38.459505],[27.070584,38.4595],[27.070537,38.459504],[27.070526,38.459503],[27.070457,38.459488],[27.070445,38.459487],[27.070423,38.459478],[27.070405,38.459465],[27.070396,38.459458],[27.070375,38.459446],[27.070364,38.459443],[27.070352,38.459439],[27.070278,38.459424],[27.070224,38.459413],[27.070202,38.459404],[27.070191,38.4594],[27.070171,38.459389],[27.070161,38.459385],[27.070107,38.459367],[27.070096,38.459365],[27.070085,38.459362],[27.070046,38.45934],[27.070033,38.459337],[27.07001,38.45934],[27.069999,38.459337],[27.069989,38.459332],[27.06998,38.459326],[27.069959,38.459319],[27.069949,38.459314],[27.069939,38.459308],[27.06993,38.459303],[27.069905,38.459283],[27.0699,38.459275],[27.069897,38.459266],[27.069894,38.459257],[27.069892,38.459238],[27.069899,38.459221],[27.069906,38.459214],[27.069916,38.459209],[27.069939,38.459187],[27.069946,38.459179],[27.069948,38.45917],[27.069941,38.459164],[27.069932,38.459169],[27.069922,38.459171],[27.06991,38.45917],[27.069901,38.459165],[27.069891,38.459168],[27.069881,38.459174],[27.06987,38.459175],[27.06987,38.459169],[27.069878,38.459163],[27.069888,38.459159],[27.0699,38.459157],[27.069912,38.459158],[27.069923,38.459156],[27.069923,38.459148],[27.069914,38.459143],[27.069902,38.459142],[27.069881,38.45915],[27.069862,38.459161],[27.069852,38.459166],[27.069842,38.459171],[27.069832,38.459174],[27.069821,38.459178],[27.069812,38.459185],[27.0698,38.459186],[27.069789,38.459184],[27.069777,38.459184],[27.069765,38.459187],[27.069756,38.459193],[27.069748,38.4592],[27.069717,38.459213],[27.069684,38.45922],[27.069648,38.459216],[27.069615,38.459207],[27.069565,38.459199],[27.069541,38.4592],[27.069522,38.459191],[27.069497,38.459159],[27.069465,38.459142],[27.069449,38.459127],[27.069437,38.459099],[27.06942,38.459076],[27.069398,38.459079],[27.069376,38.459085],[27.069351,38.459085],[27.069328,38.45908],[27.069304,38.459083],[27.069281,38.459092],[27.0692,38.459097],[27.069164,38.459104],[27.069129,38.459108],[27.069109,38.459103],[27.069087,38.4591],[27.069051,38.459107],[27.069015,38.459111],[27.068982,38.459124],[27.068959,38.459129],[27.068934,38.459128],[27.068911,38.45912],[27.068865,38.45911],[27.068819,38.459109],[27.06879,38.459121],[27.068764,38.459128],[27.068736,38.459128],[27.068687,38.459124],[27.068597,38.459112],[27.068581,38.459108],[27.068565,38.459104],[27.068545,38.459102],[27.068529,38.459104],[27.068506,38.459103],[27.068482,38.459092],[27.068463,38.459089],[27.068428,38.45909],[27.068393,38.459092],[27.068377,38.45908],[27.068373,38.459054],[27.068353,38.459049],[27.068337,38.459057],[27.068306,38.459054],[27.068287,38.459044],[27.068268,38.459036],[27.068115,38.459027],[27.068087,38.459013],[27.068007,38.458995],[27.067974,38.458995],[27.067937,38.459004],[27.067905,38.459016],[27.067824,38.459031],[27.067772,38.459023],[27.067756,38.459014],[27.06772,38.458988],[27.06767,38.458976],[27.067538,38.458957],[27.067424,38.458941],[27.067331,38.458928],[27.066981,38.458848],[27.066912,38.458821],[27.066888,38.45881],[27.06682,38.45879],[27.066791,38.458786],[27.066741,38.458795],[27.066697,38.458808],[27.066646,38.458826],[27.06661,38.458832],[27.066578,38.458822],[27.066545,38.458809],[27.066492,38.4588],[27.066342,38.458825],[27.066266,38.458838],[27.066229,38.458849],[27.066202,38.458859],[27.066172,38.458875],[27.066142,38.458887],[27.065994,38.458925],[27.06596,38.458929],[27.065895,38.458946],[27.065641,38.458957],[27.065586,38.458951],[27.065471,38.458955],[27.065309,38.458929],[27.065184,38.458906],[27.065152,38.458894],[27.065131,38.458879],[27.065109,38.458884],[27.065091,38.458894],[27.065085,38.45891],[27.06509,38.458939],[27.065087,38.45896],[27.065074,38.458994],[27.065056,38.459019],[27.065031,38.459044],[27.064997,38.459067],[27.064953,38.459099],[27.064918,38.459117],[27.064859,38.45914],[27.064809,38.45916],[27.064773,38.459175],[27.064682,38.459207],[27.064636,38.459217],[27.064531,38.459243],[27.064296,38.459258],[27.063765,38.459225],[27.063691,38.45922],[27.063581,38.45921],[27.063532,38.4592],[27.06347,38.459175],[27.063448,38.45914],[27.063444,38.459117],[27.063443,38.459109],[27.063438,38.459074],[27.063411,38.45905],[27.063391,38.459052],[27.063364,38.459062],[27.063356,38.459079],[27.063349,38.459095],[27.063325,38.459095],[27.063284,38.459057],[27.063275,38.45905],[27.063269,38.459054],[27.063252,38.459065],[27.063224,38.459058],[27.063218,38.459041],[27.063214,38.459027],[27.063183,38.45899],[27.063169,38.458967],[27.063146,38.458958],[27.063116,38.458949],[27.063054,38.45896],[27.063032,38.45896],[27.063,38.458975],[27.062966,38.458977],[27.062961,38.458977],[27.062916,38.458985],[27.062873,38.458985],[27.062854,38.458979],[27.062835,38.458966],[27.062817,38.458947],[27.062814,38.458944],[27.062745,38.458914],[27.062704,38.458918],[27.062689,38.458928],[27.062679,38.458936],[27.06265,38.458937],[27.062645,38.458921],[27.062638,38.458897],[27.062594,38.458861],[27.062556,38.458865],[27.062536,38.458873],[27.062486,38.458866],[27.062439,38.458853],[27.062409,38.458836],[27.062386,38.458827],[27.062371,38.458812],[27.062355,38.458783],[27.062346,38.458761],[27.062337,38.458718],[27.062322,38.458702],[27.062297,38.458704],[27.062257,38.458691],[27.062224,38.458668],[27.06216,38.458678],[27.062121,38.458688],[27.062086,38.458699],[27.062067,38.458714],[27.06204,38.458741],[27.062039,38.458781],[27.062072,38.458807],[27.0621,38.458827],[27.062107,38.458856],[27.062103,38.458889],[27.062103,38.458893],[27.062084,38.458917],[27.062073,38.458946],[27.062069,38.45897],[27.062043,38.458991],[27.062027,38.459015],[27.062033,38.459047],[27.062034,38.459067],[27.06203,38.4591],[27.062021,38.459132],[27.062003,38.459194],[27.061965,38.459241],[27.061929,38.459317],[27.061899,38.459347],[27.061862,38.459384],[27.061806,38.459388],[27.061786,38.459448],[27.061794,38.45949],[27.061818,38.459518],[27.06185,38.459559],[27.061862,38.459598],[27.061862,38.45963],[27.06186,38.459702],[27.061842,38.459734],[27.061838,38.459815],[27.061834,38.459883],[27.061856,38.45995],[27.061855,38.459995],[27.06185,38.460041],[27.061829,38.460106],[27.061834,38.460161],[27.061872,38.460196],[27.061909,38.460253],[27.061946,38.46026],[27.061998,38.46024],[27.06201,38.460201],[27.061967,38.460192],[27.061924,38.460194],[27.061922,38.460113],[27.062,38.460129],[27.062013,38.460105],[27.061993,38.460084],[27.061965,38.460073],[27.061942,38.460058],[27.06194,38.46003],[27.061947,38.46001],[27.061965,38.459991],[27.061989,38.45998],[27.061991,38.459888],[27.061956,38.459868],[27.061939,38.459819],[27.061965,38.459786],[27.061992,38.459757],[27.062033,38.459738],[27.062101,38.459704],[27.062145,38.459701],[27.06231,38.459709],[27.062407,38.459711],[27.062491,38.459691],[27.062569,38.459689],[27.062627,38.45972],[27.062643,38.459793],[27.062664,38.459822],[27.062694,38.459908],[27.062686,38.46],[27.062643,38.460077],[27.062578,38.460129],[27.06252,38.460152],[27.062441,38.460166],[27.06239,38.460181],[27.062327,38.460267],[27.062369,38.460302],[27.062407,38.460329],[27.06245,38.460369],[27.062474,38.460417],[27.062506,38.460434],[27.062536,38.460447],[27.062605,38.460478],[27.062705,38.460507],[27.06278,38.460524],[27.062844,38.460544],[27.062942,38.460589],[27.062983,38.460613],[27.063039,38.460661],[27.063068,38.460697],[27.063091,38.460767],[27.063122,38.460842],[27.06313,38.460925],[27.063174,38.460973],[27.063226,38.460999],[27.063289,38.461064],[27.063327,38.461126],[27.063375,38.461176],[27.063447,38.461192],[27.063494,38.461204],[27.063548,38.461224],[27.063598,38.461249],[27.06364,38.46128],[27.063677,38.461307],[27.063728,38.461345],[27.063809,38.461386],[27.063897,38.461432],[27.063853,38.461484],[27.063766,38.461444],[27.06368,38.461407],[27.06362,38.461369],[27.063577,38.461333],[27.06354,38.461305],[27.063496,38.461286],[27.063461,38.461283],[27.063408,38.46129],[27.063338,38.461278],[27.063269,38.461276],[27.063154,38.461294],[27.063077,38.461381],[27.063033,38.461427],[27.062999,38.461443],[27.062958,38.461451],[27.062891,38.461472],[27.06285,38.461502],[27.062817,38.461532],[27.062752,38.461598],[27.062691,38.46166],[27.062659,38.46169],[27.062621,38.461738],[27.062598,38.46177],[27.062568,38.461822],[27.062564,38.461893],[27.06258,38.46197],[27.062608,38.462018],[27.062639,38.462053],[27.062702,38.462111],[27.062778,38.462135],[27.062833,38.462137],[27.062894,38.462133],[27.062953,38.462127],[27.063035,38.46212],[27.063118,38.462117],[27.063254,38.462111],[27.063343,38.462155],[27.063348,38.462218],[27.063334,38.462261],[27.063305,38.462314],[27.063279,38.462379],[27.063251,38.462429],[27.063214,38.4625],[27.063173,38.462599],[27.063233,38.462655],[27.06326,38.462706],[27.063265,38.462779],[27.063185,38.46282],[27.063157,38.462678],[27.063077,38.462704],[27.06298,38.46272],[27.062834,38.462778],[27.062721,38.462752],[27.062686,38.462692],[27.062641,38.462667],[27.062592,38.462659],[27.062548,38.462667],[27.06249,38.462689],[27.062421,38.462677],[27.06236,38.462684],[27.062342,38.462734],[27.06236,38.462794],[27.062269,38.462796],[27.0623,38.462642],[27.062251,38.462602],[27.062216,38.462585],[27.062173,38.462576],[27.062133,38.4626],[27.062131,38.462642],[27.062117,38.462703],[27.062028,38.462687],[27.062093,38.462459],[27.062013,38.46245],[27.06198,38.46236],[27.061965,38.46231],[27.061949,38.462244],[27.061899,38.462162],[27.061863,38.462105],[27.06181,38.462049],[27.061742,38.462053],[27.061672,38.462074],[27.061615,38.462061],[27.061524,38.462042],[27.061477,38.462038],[27.061412,38.462037],[27.06128,38.461966],[27.061214,38.461931],[27.061176,38.46191],[27.061102,38.461866],[27.061037,38.461831],[27.060981,38.461804],[27.060926,38.461794],[27.060874,38.461797],[27.060758,38.461768],[27.060699,38.461729],[27.060644,38.46171],[27.060596,38.46171],[27.060516,38.461724],[27.06046,38.461754],[27.060417,38.461801],[27.060375,38.461833],[27.060323,38.461882],[27.060292,38.46193],[27.060249,38.462007],[27.060229,38.46206],[27.060201,38.462141],[27.060194,38.462248],[27.060305,38.462437],[27.060232,38.462482],[27.060123,38.462314],[27.059969,38.462382],[27.059883,38.462223],[27.059791,38.462051],[27.059813,38.461991],[27.059807,38.461921],[27.059817,38.461833],[27.059806,38.46179],[27.059826,38.461659],[27.059843,38.461544],[27.059845,38.461431],[27.059847,38.461333],[27.059807,38.461244],[27.059792,38.461182],[27.059791,38.461059],[27.059787,38.46097],[27.059784,38.460904],[27.059804,38.460832],[27.05982,38.460776],[27.059775,38.460761],[27.059773,38.460719],[27.059742,38.460669],[27.059746,38.460614],[27.059804,38.460565],[27.059897,38.460579],[27.059947,38.460541],[27.059951,38.460486],[27.059962,38.460415],[27.060031,38.460335],[27.060028,38.460253],[27.060067,38.460201],[27.06012,38.460158],[27.060227,38.460109],[27.060311,38.460133],[27.060362,38.46013],[27.060399,38.460095],[27.060399,38.460047],[27.060391,38.460002],[27.060439,38.459961],[27.060489,38.459906],[27.060523,38.459858],[27.060532,38.459821],[27.06053,38.459771],[27.060495,38.459748],[27.060439,38.459753],[27.060397,38.459763],[27.060349,38.45979],[27.060307,38.459812],[27.060238,38.459854],[27.060164,38.459907],[27.060076,38.459947],[27.060027,38.459947],[27.059991,38.459929],[27.059926,38.45992],[27.059836,38.459928],[27.059767,38.459907],[27.059717,38.459904],[27.05966,38.459882],[27.059613,38.459887],[27.05952,38.459907],[27.059499,38.459974],[27.05945,38.460026],[27.059416,38.460077],[27.059377,38.460108],[27.059316,38.460112],[27.059271,38.460065],[27.059205,38.460067],[27.059143,38.460104],[27.059095,38.460136],[27.05905,38.46016],[27.058967,38.46014],[27.058896,38.460127],[27.05882,38.460164],[27.058757,38.460219],[27.05868,38.460435],[27.058557,38.460541],[27.058524,38.46062],[27.058504,38.460861],[27.058581,38.46102],[27.058535,38.461133],[27.058332,38.460995],[27.058161,38.460855],[27.057848,38.460729],[27.057634,38.460694],[27.057425,38.460714],[27.057168,38.460804],[27.056558,38.461141],[27.056028,38.461456],[27.055716,38.461641],[27.055665,38.461783],[27.055594,38.461983],[27.055628,38.462119],[27.055826,38.462223],[27.056021,38.462196],[27.056725,38.461983],[27.057168,38.462],[27.057665,38.462088],[27.057997,38.462212],[27.058136,38.462354],[27.058333,38.462555],[27.058304,38.462953],[27.058282,38.463265],[27.058342,38.463514],[27.05846,38.463708],[27.058671,38.463866],[27.058824,38.463839],[27.058804,38.463694],[27.05884,38.463376],[27.059088,38.463208],[27.059232,38.46318],[27.059328,38.463231],[27.059233,38.463365],[27.058943,38.463664],[27.059269,38.464048],[27.059659,38.46438],[27.059397,38.464309],[27.059355,38.464378],[27.059451,38.464468],[27.059602,38.464508],[27.06013,38.464585],[27.060381,38.464845],[27.060295,38.46497],[27.060157,38.464998],[27.060037,38.46499],[27.059915,38.464934],[27.059749,38.464835],[27.059542,38.464597],[27.059246,38.464524],[27.059064,38.46411],[27.058886,38.464018],[27.058671,38.464002],[27.058282,38.463843],[27.058082,38.46408],[27.057914,38.464046],[27.057655,38.463612],[27.05707,38.464237],[27.056966,38.464174],[27.056973,38.463637],[27.056523,38.463979],[27.056417,38.464601],[27.056174,38.46463],[27.055937,38.464994],[27.056021,38.465289],[27.055943,38.465405],[27.055874,38.4653],[27.05577,38.464949],[27.056058,38.46454],[27.056268,38.464509],[27.056394,38.463871],[27.056676,38.463669],[27.056922,38.463494],[27.05674,38.463417],[27.056723,38.463297],[27.056769,38.463151],[27.056714,38.463038],[27.056521,38.462866],[27.05643,38.462844],[27.056388,38.462918],[27.056138,38.462843],[27.056026,38.462957],[27.055333,38.462839],[27.055088,38.462904],[27.054813,38.463032],[27.054418,38.463124],[27.054405,38.463133],[27.054013,38.463412],[27.053869,38.463717],[27.053879,38.463726],[27.054125,38.463945],[27.054047,38.464049],[27.053864,38.463945],[27.053844,38.464275],[27.053033,38.46477],[27.052855,38.464905],[27.052382,38.465487],[27.052805,38.465483],[27.053639,38.465814],[27.053534,38.465905],[27.052702,38.465644],[27.052461,38.465724],[27.052633,38.466068],[27.053354,38.466354],[27.053882,38.466567],[27.054317,38.466664],[27.054366,38.466817],[27.053884,38.466835],[27.053591,38.466879],[27.053536,38.467025],[27.05373,38.467183],[27.054012,38.467368],[27.054209,38.467422],[27.054554,38.467465],[27.054824,38.467423],[27.055227,38.46734],[27.055299,38.467461],[27.054997,38.467506],[27.054654,38.467534],[27.054161,38.467507],[27.053766,38.46738],[27.053467,38.467167],[27.053303,38.467108],[27.052942,38.467178],[27.052878,38.467402],[27.05305,38.467486],[27.053243,38.467592],[27.05318,38.46768],[27.052999,38.467594],[27.053083,38.468286],[27.053003,38.468284],[27.052924,38.468283],[27.052921,38.467737],[27.052855,38.467594],[27.052648,38.467413],[27.052799,38.467074],[27.052341,38.46657],[27.052189,38.466561],[27.051728,38.466304],[27.051406,38.466226],[27.051192,38.466232],[27.051182,38.466236],[27.050737,38.466436],[27.050057,38.466484],[27.049996,38.466644],[27.050039,38.466786],[27.050139,38.466908],[27.050192,38.466971],[27.050386,38.467105],[27.050564,38.467084],[27.050562,38.467107],[27.050538,38.467107],[27.050503,38.467112],[27.050305,38.467167],[27.050304,38.467176],[27.050301,38.467184],[27.050289,38.467184],[27.050284,38.467178],[27.050281,38.467169],[27.05027,38.467166],[27.050248,38.467162],[27.050237,38.467158],[27.050225,38.467154],[27.050164,38.467149],[27.050156,38.467145],[27.050161,38.467137],[27.050161,38.467128],[27.050156,38.46712],[27.050145,38.467114],[27.050108,38.467089],[27.0501,38.467081],[27.05005,38.467042],[27.050041,38.467037],[27.049982,38.466986],[27.049969,38.466974],[27.049961,38.466966],[27.049942,38.466932],[27.049918,38.466898],[27.049897,38.466854],[27.049891,38.466846],[27.049883,38.46684],[27.049871,38.466837],[27.04986,38.466837],[27.04985,38.466842],[27.049845,38.46685],[27.049843,38.466859],[27.049843,38.466868],[27.049838,38.466876],[27.049812,38.466896],[27.049796,38.466911],[27.04978,38.466919],[27.049758,38.466933],[27.049736,38.466957],[27.049734,38.467046],[27.049717,38.467095],[27.049501,38.467162],[27.049495,38.467189],[27.049477,38.467268],[27.049485,38.467292],[27.049475,38.467431],[27.049463,38.467485],[27.049456,38.467502],[27.049455,38.467559],[27.049442,38.467603],[27.04941,38.467653],[27.049403,38.467688],[27.049389,38.467722],[27.049361,38.467751],[27.049203,38.4678],[27.049193,38.467805],[27.049164,38.467823],[27.049154,38.467826],[27.049146,38.467833],[27.049141,38.467841],[27.049138,38.46785],[27.049135,38.46786],[27.049127,38.467866],[27.049115,38.467881],[27.049112,38.467909],[27.049107,38.467927],[27.049111,38.467946],[27.049119,38.467965],[27.049132,38.46798],[27.049061,38.467999],[27.049034,38.467946],[27.049036,38.467887],[27.049026,38.46783],[27.048971,38.467739],[27.048897,38.467651],[27.048883,38.467628],[27.048872,38.467631],[27.048868,38.467617],[27.048886,38.467608],[27.048893,38.467589],[27.048887,38.46757],[27.048862,38.467561],[27.048804,38.467568],[27.0488,38.467579],[27.048781,38.467567],[27.048785,38.467552],[27.048801,38.467532],[27.048818,38.467528],[27.048826,38.467519],[27.048806,38.467498],[27.048794,38.46748],[27.04879,38.467466],[27.0488,38.467457],[27.048795,38.467433],[27.048798,38.467404],[27.048802,38.467386],[27.048798,38.467373],[27.048779,38.467355],[27.048756,38.467332],[27.048758,38.467314],[27.048756,38.467292],[27.048732,38.467286],[27.048707,38.467285],[27.048694,38.467278],[27.048695,38.467258],[27.048701,38.46724],[27.048693,38.467241],[27.048683,38.467244],[27.048675,38.467238],[27.048667,38.467219],[27.04866,38.467212],[27.048662,38.467198],[27.048659,38.467185],[27.04865,38.46718],[27.048637,38.467181],[27.048635,38.467173],[27.048635,38.467164],[27.048626,38.467146],[27.048618,38.467137],[27.048603,38.467123],[27.048593,38.467118],[27.048587,38.46711],[27.048578,38.467092],[27.048572,38.467084],[27.048546,38.467064],[27.048483,38.467054],[27.048471,38.467051],[27.048462,38.467044],[27.048456,38.467035],[27.048456,38.467026],[27.048467,38.467027],[27.048475,38.467032],[27.048481,38.467039],[27.048492,38.467042],[27.048504,38.467041],[27.048578,38.467048],[27.048581,38.467043],[27.048571,38.467037],[27.048562,38.467031],[27.048554,38.467024],[27.048545,38.467007],[27.048544,38.466997],[27.048544,38.466988],[27.048542,38.466979],[27.048535,38.466971],[27.048524,38.466972],[27.048514,38.466971],[27.048508,38.466963],[27.048481,38.466944],[27.048475,38.466935],[27.048467,38.466927],[27.048456,38.466922],[27.048422,38.466915],[27.048399,38.466906],[27.048387,38.466905],[27.048341,38.466921],[27.048315,38.466924],[27.048305,38.466923],[27.048301,38.466914],[27.048302,38.466905],[27.048305,38.466895],[27.048305,38.466885],[27.048301,38.466877],[27.048293,38.46687],[27.048282,38.466868],[27.04827,38.466868],[27.048259,38.466871],[27.048249,38.466877],[27.048236,38.466892],[27.048224,38.466893],[27.048211,38.466891],[27.0482,38.466887],[27.048189,38.466885],[27.048158,38.466884],[27.048145,38.466886],[27.048134,38.466891],[27.048122,38.466892],[27.0481,38.466885],[27.048089,38.466878],[27.048072,38.466863],[27.04806,38.466846],[27.048051,38.466839],[27.048041,38.466834],[27.048028,38.466836],[27.048016,38.466836],[27.048004,38.466831],[27.047991,38.466827],[27.047992,38.466833],[27.047996,38.466842],[27.047998,38.466853],[27.047962,38.46685],[27.047934,38.466851],[27.047847,38.46687],[27.047834,38.466871],[27.047822,38.46687],[27.047811,38.466871],[27.047799,38.466873],[27.047789,38.466878],[27.047782,38.466885],[27.047778,38.466895],[27.047773,38.466903],[27.047766,38.46691],[27.047754,38.466929],[27.047726,38.466995],[27.047707,38.467029],[27.047695,38.467045],[27.047684,38.467062],[27.047681,38.467071],[27.047675,38.467082],[27.047673,38.467091],[27.047678,38.467099],[27.047688,38.467104],[27.047785,38.467108],[27.047798,38.46711],[27.047837,38.467113],[27.047839,38.467118],[27.047814,38.46712],[27.047802,38.467119],[27.04779,38.46712],[27.047752,38.467126],[27.047711,38.467123],[27.047699,38.467125],[27.047688,38.467128],[27.047678,38.467134],[27.047665,38.46715],[27.047648,38.467163],[27.047593,38.46722],[27.047572,38.467236],[27.047553,38.467257],[27.047536,38.467271],[27.04753,38.467279],[27.047519,38.467297],[27.047513,38.467305],[27.047487,38.467327],[27.047472,38.467331],[27.047465,38.467334],[27.047457,38.467341],[27.047375,38.467448],[27.047364,38.467466],[27.047356,38.46747],[27.047352,38.467462],[27.047353,38.467452],[27.047358,38.467442],[27.047362,38.467437],[27.047382,38.467396],[27.047398,38.467379],[27.047423,38.467325],[27.047453,38.467262],[27.047456,38.467242],[27.047453,38.46712],[27.047449,38.467099],[27.047444,38.46709],[27.047437,38.467082],[27.047432,38.467073],[27.047418,38.467058],[27.047412,38.46705],[27.047408,38.467041],[27.047403,38.467022],[27.047394,38.467017],[27.047383,38.467016],[27.04737,38.467021],[27.047361,38.467028],[27.047354,38.467036],[27.047342,38.467052],[27.047337,38.46706],[27.047296,38.467111],[27.047271,38.467131],[27.047247,38.46714],[27.047165,38.467186],[27.047089,38.467212],[27.046977,38.467239],[27.046967,38.467245],[27.046942,38.467252],[27.046941,38.467253],[27.046932,38.467257],[27.046918,38.467272],[27.046912,38.46728],[27.046896,38.467322],[27.04689,38.467332],[27.046883,38.467339],[27.046858,38.467353],[27.046805,38.467368],[27.046752,38.467374],[27.046704,38.467388],[27.046695,38.467393],[27.046673,38.467416],[27.046645,38.467457],[27.046639,38.467465],[27.04663,38.467472],[27.04662,38.467477],[27.046611,38.467485],[27.046605,38.467494],[27.046599,38.467502],[27.046598,38.467512],[27.046593,38.467519],[27.046582,38.467518],[27.046571,38.467515],[27.046559,38.467517],[27.046539,38.467527],[27.04652,38.467541],[27.046514,38.467549],[27.046509,38.467558],[27.046506,38.467568],[27.046509,38.467599],[27.046504,38.467605],[27.046494,38.467599],[27.046487,38.467591],[27.046482,38.467582],[27.04646,38.467574],[27.046465,38.467565],[27.046475,38.46756],[27.046482,38.467553],[27.0465,38.467517],[27.046512,38.4675],[27.046515,38.467491],[27.046517,38.467481],[27.046515,38.467472],[27.046519,38.467463],[27.046529,38.467461],[27.04654,38.467466],[27.046551,38.467464],[27.046572,38.467455],[27.046591,38.467443],[27.046596,38.467434],[27.046599,38.467424],[27.0466,38.467415],[27.046597,38.467406],[27.046588,38.4674],[27.046582,38.467393],[27.046579,38.467383],[27.046578,38.467374],[27.046583,38.467335],[27.046598,38.467296],[27.04661,38.467281],[27.046631,38.46727],[27.046637,38.467262],[27.046636,38.467243],[27.046631,38.467223],[27.046635,38.467214],[27.046659,38.467208],[27.046667,38.467203],[27.046668,38.467202],[27.046692,38.467182],[27.046697,38.467173],[27.046699,38.467164],[27.046697,38.467154],[27.046701,38.467145],[27.046702,38.467136],[27.046697,38.467127],[27.046682,38.467112],[27.046683,38.467103],[27.046695,38.467075],[27.046698,38.467065],[27.046697,38.467056],[27.046696,38.467047],[27.046693,38.467037],[27.046693,38.467028],[27.046699,38.46701],[27.046698,38.467],[27.046687,38.466996],[27.04668,38.466989],[27.04668,38.466979],[27.046681,38.466959],[27.04668,38.466949],[27.046669,38.466933],[27.046663,38.466911],[27.046661,38.466882],[27.04666,38.466873],[27.04665,38.466855],[27.046644,38.466847],[27.046635,38.46684],[27.046624,38.466838],[27.046615,38.466843],[27.046557,38.466895],[27.046548,38.466901],[27.046526,38.466909],[27.046514,38.46691],[27.046503,38.466907],[27.046497,38.466899],[27.046507,38.466899],[27.046518,38.466896],[27.046558,38.466873],[27.046606,38.466829],[27.046614,38.466822],[27.046626,38.466818],[27.046638,38.466817],[27.046648,38.466819],[27.046663,38.466834],[27.046673,38.46684],[27.046687,38.466855],[27.046696,38.466861],[27.046707,38.466863],[27.046725,38.466852],[27.046746,38.466843],[27.046755,38.466837],[27.04677,38.466822],[27.046781,38.466805],[27.046784,38.466795],[27.046787,38.466775],[27.04679,38.466765],[27.046792,38.466746],[27.046794,38.466737],[27.0468,38.466728],[27.046812,38.466702],[27.046814,38.466696],[27.046816,38.466675],[27.046811,38.466656],[27.046818,38.466636],[27.046823,38.466628],[27.046827,38.466618],[27.046814,38.466604],[27.046815,38.466594],[27.04682,38.466585],[27.046827,38.466576],[27.046829,38.466567],[27.046817,38.466551],[27.046814,38.466543],[27.046826,38.466517],[27.046828,38.466508],[27.046828,38.466499],[27.046831,38.46649],[27.046859,38.466471],[27.046875,38.466459],[27.046897,38.466435],[27.046905,38.466428],[27.046918,38.466413],[27.046943,38.466391],[27.046954,38.466385],[27.046965,38.466381],[27.047,38.466374],[27.047101,38.466343],[27.047109,38.466336],[27.04711,38.466327],[27.047122,38.466291],[27.047127,38.466282],[27.047127,38.466272],[27.047105,38.466267],[27.047095,38.466263],[27.047087,38.466256],[27.047082,38.466246],[27.047079,38.466228],[27.047082,38.46619],[27.047087,38.466171],[27.047091,38.466163],[27.047171,38.466096],[27.0472,38.466112],[27.047212,38.466115],[27.047237,38.466116],[27.047249,38.466118],[27.047272,38.466125],[27.047296,38.466128],[27.047319,38.466128],[27.04733,38.466123],[27.047368,38.4661],[27.047375,38.466092],[27.047376,38.466082],[27.047383,38.466075],[27.047407,38.466066],[27.047414,38.466058],[27.047415,38.466049],[27.047406,38.466043],[27.047383,38.466043],[27.047383,38.466036],[27.047393,38.466032],[27.047404,38.466029],[27.04741,38.466022],[27.04741,38.466012],[27.047408,38.466003],[27.047401,38.465996],[27.047381,38.465993],[27.047381,38.465984],[27.047375,38.465976],[27.047367,38.465957],[27.047364,38.465947],[27.047365,38.465937],[27.047369,38.465929],[27.047374,38.46592],[27.047379,38.465911],[27.047384,38.465902],[27.047397,38.465885],[27.047408,38.465874],[27.047423,38.465863],[27.047432,38.465858],[27.047434,38.46585],[27.047424,38.465845],[27.047411,38.465841],[27.047385,38.465842],[27.047387,38.465837],[27.047398,38.46583],[27.047409,38.465826],[27.047415,38.465819],[27.047418,38.465801],[27.047421,38.465791],[27.047422,38.465782],[27.047414,38.465765],[27.047415,38.465755],[27.047408,38.465747],[27.047399,38.465742],[27.047388,38.46574],[27.047382,38.465734],[27.047389,38.465726],[27.047399,38.465721],[27.047402,38.465712],[27.047396,38.465705],[27.047386,38.4657],[27.047378,38.465694],[27.04737,38.465686],[27.04736,38.46568],[27.047353,38.465673],[27.047346,38.465664],[27.04733,38.465639],[27.047316,38.465622],[27.0473,38.465607],[27.047231,38.46557],[27.04722,38.465566],[27.04717,38.465556],[27.047159,38.465552],[27.047139,38.465548],[27.047122,38.465547],[27.04711,38.465549],[27.047099,38.465555],[27.047081,38.465569],[27.047039,38.465587],[27.046987,38.465615],[27.046951,38.465629],[27.046927,38.465634],[27.046915,38.465632],[27.046905,38.465628],[27.046897,38.465621],[27.046889,38.465613],[27.046884,38.465604],[27.046882,38.465595],[27.046879,38.465587],[27.046867,38.465571],[27.046864,38.465562],[27.046863,38.465551],[27.046863,38.465539],[27.046866,38.46553],[27.046876,38.465512],[27.046943,38.465442],[27.046961,38.46544],[27.046971,38.465435],[27.046975,38.465426],[27.046977,38.465417],[27.046977,38.465408],[27.04698,38.465399],[27.046992,38.465381],[27.047011,38.465343],[27.047013,38.465334],[27.047013,38.465324],[27.04701,38.465314],[27.047001,38.465308],[27.047,38.465299],[27.047003,38.46529],[27.047003,38.465281],[27.047001,38.465272],[27.047002,38.465263],[27.047011,38.465245],[27.047012,38.46522],[27.047017,38.465187],[27.047017,38.465176],[27.047018,38.465157],[27.047021,38.465147],[27.047023,38.465137],[27.047013,38.465135],[27.047,38.465135],[27.046989,38.465133],[27.046985,38.465124],[27.046975,38.465118],[27.046963,38.465117],[27.046939,38.465117],[27.046918,38.465108],[27.046906,38.465106],[27.04688,38.465109],[27.046834,38.465126],[27.046764,38.465165],[27.046692,38.465186],[27.046681,38.465188],[27.046669,38.465186],[27.046649,38.465174],[27.046637,38.465171],[27.046612,38.465175],[27.046575,38.465174],[27.046562,38.465171],[27.046552,38.465166],[27.046551,38.465155],[27.046545,38.465147],[27.046534,38.465143],[27.046505,38.465143],[27.046479,38.465145],[27.046469,38.465142],[27.046458,38.465137],[27.046446,38.465136],[27.046433,38.465135],[27.046421,38.465131],[27.046412,38.465125],[27.046407,38.465116],[27.046398,38.46511],[27.046387,38.465106],[27.046376,38.465106],[27.046364,38.465104],[27.046354,38.465099],[27.046345,38.465093],[27.046334,38.465076],[27.046327,38.465069],[27.046319,38.465062],[27.046297,38.465054],[27.046285,38.465054],[27.046275,38.465059],[27.04627,38.465068],[27.046267,38.465077],[27.046259,38.465083],[27.046248,38.465083],[27.046237,38.465087],[27.046221,38.4651],[27.04621,38.465104],[27.046199,38.465104],[27.046187,38.465101],[27.046176,38.465098],[27.046168,38.465091],[27.046163,38.465082],[27.046159,38.465062],[27.046166,38.465043],[27.046167,38.465033],[27.046156,38.465028],[27.046132,38.465025],[27.046121,38.465022],[27.046107,38.465022],[27.046086,38.465029],[27.046035,38.465056],[27.046024,38.46506],[27.046013,38.465061],[27.046,38.465061],[27.045988,38.465058],[27.045979,38.465053],[27.045973,38.465044],[27.045967,38.465036],[27.04596,38.465029],[27.045938,38.46502],[27.045929,38.465013],[27.045922,38.465005],[27.045864,38.464994],[27.045766,38.464985],[27.045753,38.464985],[27.045743,38.464989],[27.045724,38.465002],[27.045703,38.465013],[27.045692,38.465016],[27.04568,38.465015],[27.045669,38.465011],[27.045659,38.465008],[27.045647,38.465007],[27.045633,38.465008],[27.045622,38.46501],[27.045543,38.465036],[27.045435,38.465056],[27.0454,38.465068],[27.045343,38.465108],[27.045261,38.46515],[27.045217,38.465167],[27.045204,38.465169],[27.045169,38.465179],[27.045158,38.465181],[27.045134,38.465181],[27.045111,38.465183],[27.045078,38.465194],[27.045065,38.465195],[27.045051,38.465195],[27.045039,38.465197],[27.045019,38.465207],[27.045007,38.46521],[27.044995,38.465211],[27.044984,38.465209],[27.044973,38.465204],[27.044965,38.465198],[27.044942,38.465189],[27.04493,38.465188],[27.044918,38.465189],[27.044909,38.465182],[27.044905,38.465173],[27.044895,38.465168],[27.044883,38.465169],[27.044829,38.46519],[27.04482,38.465195],[27.044803,38.465202],[27.044764,38.465209],[27.044738,38.465211],[27.044727,38.465213],[27.044717,38.465218],[27.044708,38.465225],[27.044697,38.465231],[27.044675,38.465233],[27.044665,38.465238],[27.044657,38.465245],[27.044648,38.465251],[27.044637,38.465252],[27.044614,38.465245],[27.044603,38.465243],[27.044593,38.465247],[27.044581,38.465263],[27.044576,38.465273],[27.044568,38.46528],[27.044558,38.465287],[27.044548,38.465292],[27.04454,38.465298],[27.044526,38.465313],[27.044518,38.465319],[27.044509,38.465325],[27.044501,38.465332],[27.044492,38.465337],[27.044483,38.465343],[27.044472,38.465348],[27.044462,38.465353],[27.044454,38.46536],[27.044448,38.465368],[27.044434,38.465383],[27.044428,38.465391],[27.044422,38.465399],[27.044412,38.465427],[27.044421,38.465474],[27.044421,38.465503],[27.04442,38.465513],[27.044416,38.465522],[27.044413,38.465531],[27.044403,38.46555],[27.044401,38.465556],[27.044384,38.465587],[27.044381,38.465596],[27.044359,38.46563],[27.044333,38.465688],[27.044311,38.465723],[27.044272,38.465769],[27.044267,38.465779],[27.044253,38.465794],[27.044248,38.465804],[27.044231,38.465818],[27.044212,38.46583],[27.044196,38.465843],[27.044187,38.465849],[27.044166,38.465859],[27.044154,38.46586],[27.044118,38.46586],[27.044094,38.465866],[27.044057,38.465889],[27.044046,38.465892],[27.044011,38.46589],[27.043998,38.465891],[27.043977,38.465897],[27.043968,38.465904],[27.043957,38.465907],[27.043946,38.465908],[27.043935,38.465904],[27.043926,38.465897],[27.043919,38.465887],[27.043908,38.465883],[27.043897,38.465881],[27.043891,38.465888],[27.043893,38.465897],[27.04389,38.465907],[27.043886,38.465917],[27.043876,38.465934],[27.043868,38.465941],[27.043859,38.465947],[27.043843,38.465963],[27.043812,38.466006],[27.043797,38.466021],[27.04376,38.466046],[27.04375,38.466052],[27.043738,38.466055],[27.043703,38.466056],[27.043679,38.46606],[27.04366,38.466071],[27.043641,38.466082],[27.04363,38.466087],[27.043594,38.466094],[27.043569,38.466094],[27.043546,38.466087],[27.043535,38.466083],[27.043524,38.466077],[27.04348,38.466039],[27.043451,38.466022],[27.043416,38.466009],[27.043318,38.465991],[27.04331,38.465985],[27.043287,38.465988],[27.043275,38.465987],[27.043044,38.466005],[27.043022,38.465993],[27.043007,38.465988],[27.042902,38.465972],[27.042875,38.465961],[27.042805,38.465947],[27.042785,38.465946],[27.042772,38.465943],[27.042758,38.465942],[27.042732,38.465937],[27.042679,38.465937],[27.042669,38.465931],[27.042654,38.465917],[27.042642,38.465911],[27.042598,38.465903],[27.042558,38.465892],[27.042525,38.465875],[27.042502,38.465856],[27.042459,38.465839],[27.042436,38.465835],[27.042417,38.465835],[27.042392,38.465838],[27.04238,38.465842],[27.042362,38.46585],[27.042353,38.465853],[27.04233,38.465873],[27.042319,38.465879],[27.042312,38.465886],[27.042292,38.4659],[27.042268,38.465911],[27.042256,38.465914],[27.042206,38.465915],[27.042169,38.465923],[27.042145,38.465932],[27.04212,38.465957],[27.042095,38.466001],[27.042089,38.466009],[27.042079,38.466037],[27.042073,38.466046],[27.042064,38.466055],[27.042059,38.466062],[27.042049,38.466071],[27.042037,38.466077],[27.042026,38.466081],[27.041942,38.466128],[27.041903,38.466157],[27.041847,38.466189],[27.041835,38.466194],[27.041794,38.466198],[27.041779,38.466195],[27.041779,38.466187],[27.041791,38.466183],[27.041802,38.466182],[27.041824,38.466175],[27.0419,38.466138],[27.041949,38.466102],[27.041973,38.466078],[27.042023,38.466047],[27.042046,38.466025],[27.042052,38.466018],[27.042056,38.466008],[27.042061,38.466],[27.042069,38.465982],[27.042094,38.465937],[27.042109,38.465923],[27.042118,38.465915],[27.042138,38.465905],[27.042149,38.465901],[27.0422,38.465869],[27.04221,38.465866],[27.042221,38.465863],[27.042242,38.465852],[27.042252,38.465845],[27.042258,38.465837],[27.042264,38.465803],[27.042264,38.465799],[27.04226,38.465789],[27.042252,38.465782],[27.042242,38.465778],[27.042217,38.465774],[27.042205,38.465775],[27.042118,38.465795],[27.041974,38.465806],[27.041921,38.4658],[27.041886,38.465789],[27.041874,38.465783],[27.041821,38.46575],[27.041784,38.465734],[27.0417,38.465719],[27.041621,38.465714],[27.041609,38.465711],[27.041545,38.465711],[27.041522,38.465715],[27.041456,38.465714],[27.041433,38.465712],[27.041409,38.465705],[27.041397,38.465703],[27.041244,38.465706],[27.04119,38.465717],[27.041179,38.465721],[27.041166,38.465723],[27.041152,38.465723],[27.041126,38.465717],[27.041093,38.465704],[27.041079,38.465701],[27.041069,38.465706],[27.041044,38.465726],[27.041038,38.465734],[27.04103,38.465742],[27.041025,38.46575],[27.041016,38.465758],[27.041009,38.465765],[27.041001,38.465773],[27.040993,38.465782],[27.040982,38.465801],[27.04097,38.465834],[27.040969,38.465842],[27.040966,38.465852],[27.040957,38.465859],[27.040945,38.46586],[27.040924,38.46585],[27.040909,38.465847],[27.040897,38.465847],[27.040861,38.465852],[27.040831,38.46586],[27.040821,38.465864],[27.040756,38.465899],[27.040612,38.466015],[27.040604,38.466023],[27.040592,38.466038],[27.040488,38.466147],[27.040181,38.465993],[27.040281,38.465895],[27.040287,38.465886],[27.040298,38.465867],[27.040305,38.465859],[27.040331,38.465824],[27.040338,38.465817],[27.040354,38.465793],[27.040372,38.465775],[27.040381,38.465768],[27.040427,38.465716],[27.040438,38.465706],[27.040445,38.465698],[27.040469,38.465675],[27.040477,38.465665],[27.040541,38.465597],[27.040547,38.465589],[27.040618,38.465519],[27.040669,38.465457],[27.040674,38.465449],[27.04069,38.465433],[27.040716,38.465395],[27.040727,38.465386],[27.040732,38.465378],[27.040743,38.465369],[27.040753,38.465363],[27.040765,38.465361],[27.040778,38.465358],[27.040804,38.46534],[27.040829,38.465305],[27.040844,38.465289],[27.040849,38.465286],[27.040869,38.465266],[27.040882,38.46525],[27.040898,38.465234],[27.040907,38.465229],[27.040916,38.465221],[27.040918,38.465211],[27.04092,38.4652],[27.040925,38.46518],[27.040932,38.465166],[27.040937,38.465147],[27.040934,38.465138],[27.040927,38.46513],[27.040926,38.465122],[27.040923,38.465112],[27.040914,38.465106],[27.040903,38.465107],[27.040891,38.465112],[27.040879,38.465115],[27.040869,38.465112],[27.040872,38.465103],[27.040872,38.465093],[27.04087,38.465084],[27.040841,38.465041],[27.040834,38.465033],[27.040801,38.465017],[27.040791,38.46501],[27.040758,38.464981],[27.040749,38.464975],[27.040734,38.46496],[27.040704,38.464939],[27.040693,38.464935],[27.040656,38.464928],[27.040571,38.4649],[27.04056,38.464894],[27.040548,38.46489],[27.040536,38.464892],[27.040525,38.464895],[27.040516,38.464901],[27.040504,38.464905],[27.040492,38.464906],[27.040464,38.464904],[27.040323,38.464851],[27.040311,38.464846],[27.040235,38.464797],[27.040181,38.464774],[27.040161,38.464761],[27.04015,38.464757],[27.040138,38.464749],[27.040092,38.464727],[27.039972,38.464649],[27.039929,38.464627],[27.039912,38.464613],[27.039903,38.4646],[27.039881,38.464583],[27.039871,38.464577],[27.039832,38.464548],[27.039712,38.46442],[27.039629,38.464349],[27.03959,38.464219],[27.039545,38.463849],[27.039392,38.463846],[27.039459,38.463989],[27.039483,38.464081],[27.039489,38.464137],[27.039507,38.464213],[27.039511,38.464261],[27.039503,38.464339],[27.039507,38.464471],[27.03949,38.46452],[27.039468,38.464556],[27.039444,38.464579],[27.039407,38.464609],[27.039198,38.464722],[27.039073,38.464832],[27.039048,38.464878],[27.03899,38.464877],[27.03894,38.464802],[27.038783,38.464805],[27.038718,38.464741],[27.038511,38.46479],[27.038376,38.464659],[27.038278,38.464599],[27.038131,38.464616],[27.038049,38.464581],[27.038006,38.464458],[27.038041,38.464335],[27.038246,38.464208],[27.038302,38.464173],[27.038331,38.464063],[27.038305,38.464033],[27.038255,38.463974],[27.038188,38.463925],[27.037857,38.46396],[27.037709,38.464059],[27.037551,38.464211],[27.037468,38.464332],[27.037322,38.464452],[27.037251,38.464528],[27.03734,38.46463],[27.037379,38.464696],[27.03724,38.464871],[27.037275,38.46497],[27.037292,38.465079],[27.037123,38.465343],[27.037082,38.465478],[27.037137,38.465605],[27.037136,38.465739],[27.036988,38.465727],[27.036977,38.465795],[27.036907,38.465869],[27.036834,38.465924],[27.03677,38.465856],[27.036805,38.465718],[27.036751,38.465555],[27.036842,38.465238],[27.036683,38.465033],[27.036663,38.465184],[27.036615,38.465142],[27.036326,38.465134],[27.035954,38.465236],[27.035598,38.465373],[27.035465,38.465661],[27.035381,38.465705],[27.035098,38.465952],[27.034921,38.466387],[27.034741,38.46664],[27.034669,38.466508],[27.034599,38.466437],[27.034489,38.466495],[27.0345,38.466628],[27.034479,38.466786],[27.034514,38.466883],[27.034311,38.466885],[27.0342,38.467213],[27.034008,38.467193],[27.033926,38.467158],[27.033624,38.467107],[27.033546,38.466776],[27.033424,38.466729],[27.033399,38.466812],[27.033309,38.466714],[27.03314,38.466732],[27.033127,38.466669],[27.033012,38.466534],[27.03291,38.466413],[27.032797,38.466213],[27.032772,38.466077],[27.032726,38.465941],[27.031384,38.465888],[27.031198,38.466019],[27.030755,38.465957],[27.030644,38.466057],[27.030586,38.466198],[27.030571,38.466349],[27.030668,38.4665],[27.030774,38.466616],[27.030959,38.466781],[27.030965,38.466883],[27.030872,38.467182],[27.030979,38.467249],[27.031201,38.46731],[27.031376,38.467446],[27.031497,38.467571],[27.032041,38.468132],[27.03221,38.468369],[27.031989,38.468278],[27.03171,38.46808],[27.03141,38.467798],[27.031153,38.467761],[27.031169,38.468183],[27.030443,38.467499],[27.03037,38.467559],[27.03005,38.467891],[27.030003,38.467717],[27.029992,38.467565],[27.030075,38.467456],[27.030081,38.467449],[27.030195,38.467234],[27.030098,38.467208],[27.029777,38.467344],[27.029531,38.467223],[27.029414,38.467292],[27.029396,38.467337],[27.02929,38.467371],[27.028998,38.467467],[27.028906,38.467588],[27.028316,38.467584],[27.028277,38.467679],[27.028445,38.467966],[27.028333,38.468084],[27.02805,38.467942],[27.02788,38.467976],[27.027689,38.468057],[27.02757,38.467979],[27.027499,38.468084],[27.027346,38.46803],[27.027206,38.468017],[27.027086,38.468128],[27.027088,38.468257],[27.026953,38.468296],[27.026802,38.468249],[27.026716,38.468133],[27.026719,38.468006],[27.026791,38.467885],[27.026833,38.467793],[27.026836,38.467676],[27.0268,38.467623],[27.026651,38.467635],[27.026566,38.467449],[27.026494,38.467344],[27.026368,38.467361],[27.026215,38.46742],[27.026114,38.467434],[27.025991,38.467205],[27.025984,38.467015],[27.025841,38.467099],[27.025748,38.467043],[27.025842,38.466593],[27.025822,38.466337],[27.025522,38.46632],[27.025235,38.46633],[27.025159,38.466383],[27.025383,38.466849],[27.025337,38.467115],[27.025264,38.467308],[27.025041,38.467407],[27.024831,38.467309],[27.023385,38.467421],[27.023262,38.467586],[27.023137,38.467578],[27.023033,38.467279],[27.022631,38.466852],[27.022503,38.46678],[27.022359,38.466848],[27.02225,38.466833],[27.022352,38.466509],[27.022528,38.466112],[27.023307,38.466115],[27.023473,38.466244],[27.023651,38.466449],[27.02387,38.466908],[27.024053,38.467134],[27.02434,38.467217],[27.024758,38.467229],[27.025035,38.467169],[27.025222,38.466982],[27.025237,38.466852],[27.025187,38.466688],[27.025125,38.466626],[27.024745,38.466491],[27.024481,38.466365],[27.024424,38.466141],[27.024533,38.465973],[27.024766,38.46582],[27.024836,38.46567],[27.024812,38.465112],[27.025003,38.465241],[27.025011,38.465638],[27.02511,38.465802],[27.025357,38.466007],[27.025549,38.46604],[27.025921,38.465551],[27.026103,38.465614],[27.026185,38.465674],[27.026457,38.465535],[27.026324,38.465254],[27.026146,38.46503],[27.026095,38.46474],[27.026585,38.464869],[27.026689,38.465164],[27.02681,38.465411],[27.026973,38.465406],[27.027318,38.465345],[27.02743,38.46534],[27.027493,38.465474],[27.027688,38.465443],[27.027762,38.465347],[27.027956,38.465254],[27.028142,38.465277],[27.028391,38.465389],[27.028542,38.465381],[27.028936,38.46536],[27.029066,38.465325],[27.029111,38.46526],[27.029247,38.46519],[27.029356,38.465166],[27.02926,38.465095],[27.029162,38.465059],[27.029158,38.465058],[27.029148,38.464992],[27.029195,38.464953],[27.029465,38.464886],[27.029611,38.46485],[27.029629,38.464841],[27.02965,38.464823],[27.029793,38.464744],[27.029815,38.464729],[27.02984,38.464719],[27.029861,38.464706],[27.029876,38.464698],[27.029917,38.46469],[27.029967,38.464672],[27.029993,38.46466],[27.03001,38.464631],[27.030036,38.464624],[27.030084,38.46463],[27.030104,38.464617],[27.030118,38.464616],[27.030138,38.464654],[27.030163,38.464679],[27.030197,38.464691],[27.030216,38.464689],[27.030246,38.464675],[27.030258,38.46468],[27.030289,38.4647],[27.030332,38.464712],[27.030348,38.464714],[27.030358,38.464718],[27.030375,38.46473],[27.030424,38.464751],[27.03044,38.464755],[27.03045,38.464758],[27.030466,38.464766],[27.030521,38.464804],[27.030543,38.464814],[27.030556,38.464814],[27.030568,38.464809],[27.030579,38.464799],[27.030591,38.464778],[27.030602,38.464763],[27.030614,38.464737],[27.03062,38.464678],[27.030636,38.464678],[27.030657,38.464683],[27.03068,38.464692],[27.030699,38.464698],[27.030724,38.464697],[27.030737,38.464694],[27.030767,38.464668],[27.030773,38.464658],[27.030784,38.464651],[27.030818,38.464648],[27.030835,38.46463],[27.030817,38.46459],[27.030829,38.464563],[27.030848,38.464542],[27.030874,38.464529],[27.030895,38.464538],[27.030918,38.46453],[27.030994,38.464497],[27.031043,38.464482],[27.031054,38.464476],[27.031045,38.464463],[27.030991,38.464444],[27.03097,38.464423],[27.030963,38.464383],[27.030965,38.464362],[27.031001,38.464301],[27.031052,38.464286],[27.031161,38.464281],[27.031197,38.464288],[27.031213,38.464317],[27.031209,38.464355],[27.031226,38.464383],[27.031358,38.464225],[27.031395,38.464207],[27.031403,38.464194],[27.031416,38.464183],[27.031422,38.464173],[27.031429,38.464168],[27.031448,38.464171],[27.031457,38.464166],[27.03146,38.464154],[27.031474,38.464154],[27.031481,38.46415],[27.031484,38.464141],[27.031488,38.464133],[27.031496,38.464129],[27.03151,38.464129],[27.031528,38.464133],[27.031537,38.464139],[27.031549,38.464133],[27.031555,38.464118],[27.031567,38.464115],[27.031599,38.464098],[27.031626,38.464092],[27.031635,38.464086],[27.031648,38.464072],[27.031663,38.464061],[27.031678,38.464053],[27.03169,38.464045],[27.031704,38.464031],[27.031715,38.464025],[27.031737,38.464019],[27.031751,38.464008],[27.031749,38.463996],[27.031729,38.463983],[27.031722,38.463976],[27.03172,38.463966],[27.031714,38.463956],[27.031706,38.463951],[27.0317,38.463945],[27.031705,38.463931],[27.0317,38.463921],[27.031668,38.463877],[27.031627,38.463862],[27.03161,38.463849],[27.031594,38.46384],[27.031588,38.463828],[27.031575,38.463816],[27.03156,38.463815],[27.03155,38.463818],[27.03153,38.463814],[27.031514,38.463805],[27.031508,38.463789],[27.031491,38.463768],[27.031475,38.463753],[27.031435,38.463739],[27.031419,38.463742],[27.031407,38.463734],[27.0314,38.463723],[27.031398,38.463715],[27.03139,38.463709],[27.031379,38.463706],[27.031319,38.463674],[27.03131,38.463665],[27.031302,38.463648],[27.031286,38.463644],[27.031258,38.463651],[27.03124,38.463649],[27.031231,38.463636],[27.03121,38.463591],[27.031207,38.463578],[27.031182,38.463558],[27.031172,38.463549],[27.031165,38.463535],[27.031157,38.463523],[27.031151,38.46351],[27.031147,38.463496],[27.031138,38.463486],[27.031123,38.463483],[27.031108,38.463487],[27.031091,38.463499],[27.031049,38.463519],[27.03104,38.463528],[27.031035,38.463541],[27.03103,38.463557],[27.031011,38.463576],[27.030981,38.463589],[27.030914,38.463598],[27.03087,38.463621],[27.030853,38.463626],[27.030819,38.463626],[27.030809,38.463623],[27.030794,38.463615],[27.030785,38.463618],[27.030786,38.463631],[27.030791,38.46364],[27.030782,38.463648],[27.030775,38.463656],[27.030774,38.463668],[27.03079,38.463699],[27.030789,38.463713],[27.030793,38.463731],[27.030793,38.463747],[27.030785,38.463759],[27.030787,38.46377],[27.030795,38.463779],[27.030802,38.463788],[27.030791,38.463795],[27.03078,38.463799],[27.030775,38.463812],[27.030777,38.463829],[27.030773,38.46384],[27.030767,38.463854],[27.03076,38.463865],[27.030708,38.463907],[27.030694,38.463913],[27.030684,38.463925],[27.030675,38.463957],[27.030665,38.463971],[27.030648,38.46398],[27.030625,38.463988],[27.030605,38.463989],[27.03057,38.463988],[27.030555,38.463985],[27.030529,38.463985],[27.030505,38.463991],[27.030478,38.463995],[27.030465,38.463999],[27.030446,38.463998],[27.030435,38.463995],[27.030423,38.463987],[27.03041,38.463973],[27.030401,38.463965],[27.03039,38.463955],[27.030381,38.463952],[27.03037,38.463934],[27.03036,38.463925],[27.03035,38.463921],[27.030319,38.463914],[27.030315,38.463896],[27.030319,38.463887],[27.03032,38.463877],[27.030314,38.463868],[27.030295,38.463862],[27.030286,38.463847],[27.030248,38.463849],[27.030227,38.463828],[27.030228,38.463812],[27.030219,38.463802],[27.030206,38.4638],[27.030181,38.463802],[27.030153,38.463818],[27.030147,38.463826],[27.030139,38.463836],[27.030127,38.463844],[27.030105,38.463851],[27.030079,38.46385],[27.03006,38.463844],[27.030051,38.463837],[27.030046,38.463826],[27.030035,38.463812],[27.030018,38.463801],[27.030012,38.463782],[27.029967,38.463759],[27.029953,38.463758],[27.029939,38.46375],[27.029929,38.463727],[27.029931,38.463695],[27.029966,38.463673],[27.02998,38.463668],[27.029998,38.463665],[27.030032,38.463666],[27.030042,38.463659],[27.030051,38.463644],[27.030042,38.463634],[27.030032,38.463632],[27.030022,38.463625],[27.030016,38.463617],[27.030005,38.463608],[27.029994,38.463591],[27.030009,38.463497],[27.030009,38.463468],[27.03001,38.463455],[27.030014,38.463416],[27.030014,38.463402],[27.03001,38.46339],[27.030004,38.463384],[27.029995,38.463384],[27.029989,38.463391],[27.029973,38.463429],[27.029964,38.463451],[27.029962,38.463461],[27.029949,38.463475],[27.029932,38.463485],[27.029926,38.463493],[27.029918,38.463503],[27.029885,38.463519],[27.029869,38.463521],[27.029852,38.463519],[27.029827,38.463505],[27.029783,38.463448],[27.029739,38.463421],[27.029726,38.463415],[27.029712,38.463403],[27.0297,38.463396],[27.029691,38.463396],[27.029682,38.463402],[27.029639,38.463455],[27.029633,38.463465],[27.029619,38.46348],[27.029589,38.463493],[27.02956,38.463536],[27.02955,38.463547],[27.029526,38.463566],[27.02946,38.463576],[27.029441,38.463576],[27.029417,38.463574],[27.029394,38.463568],[27.029381,38.463562],[27.02934,38.463538],[27.029325,38.463524],[27.029322,38.463513],[27.029327,38.463496],[27.029338,38.463479],[27.029339,38.463447],[27.029323,38.463422],[27.029316,38.463416],[27.029301,38.463417],[27.02929,38.463424],[27.029272,38.463422],[27.029272,38.463413],[27.029268,38.463398],[27.029257,38.463395],[27.029238,38.463376],[27.02922,38.463375],[27.029209,38.463381],[27.029208,38.46339],[27.029229,38.463413],[27.02923,38.463421],[27.029223,38.463429],[27.029213,38.463437],[27.029196,38.463444],[27.029185,38.463446],[27.029175,38.463455],[27.02916,38.463463],[27.029135,38.463471],[27.029115,38.463473],[27.02909,38.463473],[27.029061,38.463468],[27.028998,38.463443],[27.028987,38.463441],[27.028961,38.463441],[27.028891,38.463457],[27.028884,38.463463],[27.028881,38.463472],[27.028878,38.463485],[27.028874,38.463493],[27.02886,38.463493],[27.028817,38.46348],[27.028777,38.46346],[27.028761,38.463459],[27.028736,38.46346],[27.028718,38.463458],[27.028702,38.463459],[27.028691,38.463462],[27.028667,38.463461],[27.028543,38.463438],[27.028437,38.463418],[27.028407,38.463408],[27.028385,38.463388],[27.02838,38.463367],[27.028383,38.463357],[27.028391,38.463347],[27.028384,38.463329],[27.028365,38.463336],[27.028336,38.463351],[27.028303,38.46336],[27.028267,38.463366],[27.028271,38.463395],[27.02829,38.463408],[27.028288,38.463428],[27.028294,38.463437],[27.028313,38.463449],[27.028319,38.463461],[27.028319,38.46347],[27.028306,38.4635],[27.028281,38.463516],[27.028256,38.463536],[27.028236,38.463544],[27.028219,38.463549],[27.028187,38.463551],[27.028171,38.463555],[27.028157,38.463561],[27.028123,38.463562],[27.02809,38.463573],[27.02808,38.463581],[27.028061,38.463591],[27.028047,38.4636],[27.028027,38.463606],[27.02801,38.463606],[27.027923,38.463598],[27.027908,38.463594],[27.027892,38.46358],[27.027886,38.463567],[27.027883,38.463556],[27.027881,38.463539],[27.027886,38.463524],[27.027877,38.463513],[27.027862,38.463515],[27.027845,38.463506],[27.027817,38.463517],[27.027801,38.463529],[27.027732,38.463555],[27.027718,38.463554],[27.027708,38.463557],[27.027704,38.463565],[27.027703,38.463576],[27.027705,38.463589],[27.027703,38.463597],[27.027697,38.463611],[27.027695,38.463621],[27.027696,38.463632],[27.027698,38.46364],[27.027694,38.463662],[27.027692,38.463669],[27.027681,38.463684],[27.027663,38.463685],[27.027646,38.463678],[27.027633,38.463691],[27.027622,38.463696],[27.027618,38.46371],[27.027616,38.46372],[27.027604,38.463733],[27.027594,38.463733],[27.027573,38.46373],[27.027524,38.463731],[27.027514,38.463725],[27.027504,38.463704],[27.027483,38.463682],[27.027474,38.46367],[27.027462,38.463667],[27.027427,38.46367],[27.027421,38.463679],[27.027422,38.463698],[27.02742,38.463711],[27.027411,38.463736],[27.027403,38.463749],[27.027399,38.463759],[27.027405,38.463787],[27.027412,38.463799],[27.027415,38.463828],[27.027413,38.463848],[27.027415,38.463866],[27.027411,38.463877],[27.027378,38.463892],[27.02736,38.463896],[27.027324,38.463888],[27.027301,38.46389],[27.027288,38.463887],[27.02727,38.463887],[27.027202,38.463899],[27.027191,38.463903],[27.027177,38.463911],[27.027181,38.463929],[27.027131,38.463914],[27.027115,38.463911],[27.027096,38.463914],[27.027057,38.463927],[27.026964,38.463944],[27.026928,38.463941],[27.02689,38.463934],[27.026869,38.463922],[27.026812,38.463878],[27.026772,38.463846],[27.026751,38.463826],[27.026737,38.463805],[27.026735,38.463793],[27.026735,38.463768],[27.026727,38.463755],[27.026724,38.463743],[27.026729,38.463724],[27.026729,38.463713],[27.02669,38.463714],[27.026681,38.46372],[27.026672,38.463729],[27.026675,38.463739],[27.026677,38.463751],[27.026668,38.463764],[27.026643,38.463777],[27.026622,38.463778],[27.026608,38.463778],[27.026585,38.463774],[27.026554,38.463757],[27.026553,38.463747],[27.026554,38.463734],[27.026559,38.463722],[27.02648,38.46374],[27.026467,38.463747],[27.026457,38.463756],[27.026461,38.463784],[27.026454,38.463792],[27.026444,38.463799],[27.026432,38.463802],[27.026404,38.463779],[27.026411,38.463768],[27.026415,38.463757],[27.026415,38.463748],[27.026411,38.463737],[27.0264,38.463734],[27.026337,38.463743],[27.026324,38.463749],[27.026307,38.463746],[27.026309,38.463732],[27.026306,38.463717],[27.026296,38.463714],[27.026279,38.463733],[27.026272,38.463739],[27.026265,38.463743],[27.026255,38.463743],[27.026245,38.46374],[27.026239,38.463718],[27.026201,38.463714],[27.026169,38.463719],[27.026162,38.463725],[27.026167,38.463746],[27.026178,38.463759],[27.026184,38.463773],[27.026185,38.463783],[27.026182,38.463793],[27.026172,38.463803],[27.026047,38.463863],[27.026026,38.463877],[27.026015,38.463887],[27.026008,38.463895],[27.025988,38.463902],[27.025968,38.463912],[27.025955,38.463911],[27.025945,38.463907],[27.025932,38.463908],[27.02591,38.463915],[27.025902,38.463923],[27.02589,38.463929],[27.025863,38.463926],[27.025843,38.463913],[27.025831,38.463916],[27.025829,38.463937],[27.025809,38.463976],[27.025795,38.463978],[27.025783,38.463973],[27.025772,38.463961],[27.025761,38.463958],[27.025749,38.463961],[27.025741,38.463977],[27.02573,38.463985],[27.025715,38.463981],[27.025701,38.463972],[27.02569,38.463971],[27.025669,38.463974],[27.025645,38.463984],[27.025564,38.463988],[27.025538,38.463982],[27.025521,38.463975],[27.025498,38.463971],[27.025472,38.463963],[27.025455,38.463955],[27.025426,38.463912],[27.025419,38.463897],[27.025406,38.463887],[27.025389,38.463891],[27.025365,38.46389],[27.025354,38.463889],[27.025338,38.463878],[27.025299,38.463836],[27.025286,38.463829],[27.025267,38.463812],[27.025263,38.463799],[27.025253,38.463791],[27.025254,38.463781],[27.025268,38.463773],[27.025282,38.463767],[27.02528,38.463752],[27.025253,38.463746],[27.025236,38.463736],[27.025223,38.463723],[27.025194,38.463707],[27.025182,38.463705],[27.025168,38.46371],[27.025162,38.463714],[27.025149,38.463715],[27.02514,38.463713],[27.025127,38.463707],[27.025116,38.463708],[27.025103,38.463713],[27.025091,38.463712],[27.025074,38.463706],[27.025058,38.463698],[27.024998,38.463675],[27.024965,38.463654],[27.02494,38.463646],[27.024778,38.463632],[27.024756,38.463636],[27.024745,38.463635],[27.024719,38.463629],[27.024643,38.463599],[27.024633,38.46359],[27.024626,38.463581],[27.024616,38.463572],[27.02459,38.463559],[27.024563,38.463551],[27.02445,38.46354],[27.024317,38.46356],[27.024271,38.463572],[27.024258,38.463573],[27.02413,38.463558],[27.024117,38.463558],[27.024094,38.463562],[27.024083,38.463566],[27.024071,38.463566],[27.023989,38.463552],[27.023977,38.463553],[27.023954,38.463548],[27.023944,38.463544],[27.023936,38.463538],[27.023928,38.463529],[27.023921,38.463521],[27.023913,38.463515],[27.023902,38.463509],[27.023897,38.4635],[27.023897,38.463491],[27.023898,38.463482],[27.023898,38.463472],[27.02389,38.463443],[27.023889,38.463434],[27.023888,38.463423],[27.023889,38.463412],[27.023892,38.463403],[27.023896,38.463395],[27.023915,38.46337],[27.023919,38.463361],[27.023922,38.463351],[27.023923,38.463342],[27.02392,38.463333],[27.023898,38.463313],[27.023885,38.463309],[27.023861,38.463306],[27.02385,38.463304],[27.02384,38.463298],[27.02383,38.463294],[27.023806,38.463298],[27.023794,38.463297],[27.023783,38.463294],[27.023773,38.463287],[27.023751,38.463282],[27.023716,38.463284],[27.023692,38.463283],[27.02368,38.463284],[27.02367,38.463287],[27.023661,38.463294],[27.023641,38.463304],[27.023631,38.463311],[27.02363,38.46332],[27.023626,38.463329],[27.02362,38.463338],[27.023618,38.463347],[27.02361,38.463363],[27.023608,38.463372],[27.023611,38.463401],[27.023601,38.463417],[27.023598,38.463426],[27.023589,38.463442],[27.023588,38.463451],[27.023582,38.46346],[27.02358,38.463469],[27.023574,38.463476],[27.023569,38.463485],[27.023565,38.463495],[27.023559,38.463503],[27.023532,38.463535],[27.023514,38.463546],[27.023498,38.463561],[27.023486,38.463578],[27.023475,38.463596],[27.023469,38.463604],[27.023461,38.463611],[27.023447,38.463627],[27.023439,38.463633],[27.023432,38.463642],[27.023429,38.463651],[27.023426,38.463661],[27.023425,38.46367],[27.023389,38.463811],[27.023337,38.463911],[27.023323,38.463932],[27.023305,38.463945],[27.023298,38.463952],[27.023291,38.463961],[27.023285,38.46397],[27.023277,38.463989],[27.023274,38.463998],[27.023271,38.464009],[27.02327,38.464018],[27.023264,38.464037],[27.023252,38.464065],[27.023244,38.464072],[27.02322,38.464105],[27.023211,38.464123],[27.023168,38.464167],[27.023146,38.464202],[27.023138,38.464221],[27.023137,38.464231],[27.023134,38.46424],[27.023114,38.464275],[27.023101,38.464291],[27.02309,38.464307],[27.023081,38.464325],[27.023074,38.464354],[27.023063,38.464373],[27.023057,38.464391],[27.023028,38.464433],[27.023021,38.46444],[27.023016,38.464449],[27.02301,38.464456],[27.022992,38.464468],[27.022982,38.464472],[27.022974,38.464479],[27.022962,38.464495],[27.022954,38.464502],[27.022934,38.46451],[27.022927,38.464518],[27.022884,38.46455],[27.022864,38.464559],[27.022857,38.464566],[27.022836,38.464573],[27.022826,38.464575],[27.022806,38.464585],[27.022797,38.464591],[27.022787,38.464594],[27.022774,38.464596],[27.022764,38.464601],[27.022741,38.464622],[27.022732,38.464627],[27.022721,38.46463],[27.022677,38.464651],[27.022669,38.464657],[27.022666,38.464666],[27.022656,38.464669],[27.022649,38.464663],[27.022633,38.464672],[27.022627,38.464677],[27.022616,38.464679],[27.022607,38.464684],[27.022583,38.464686],[27.022539,38.464697],[27.022526,38.464699],[27.022517,38.464696],[27.022505,38.464698],[27.022494,38.464694],[27.022486,38.464688],[27.02248,38.46468],[27.022469,38.464682],[27.022459,38.464686],[27.022447,38.464684],[27.022436,38.464688],[27.022431,38.464695],[27.022429,38.464704],[27.022417,38.46472],[27.022415,38.464729],[27.022415,38.464738],[27.022417,38.464748],[27.02242,38.464756],[27.022423,38.464771],[27.022422,38.464783],[27.022419,38.464792],[27.022414,38.4648],[27.022405,38.464806],[27.0224,38.464813],[27.0224,38.464821],[27.022364,38.464859],[27.022358,38.464867],[27.022342,38.464882],[27.022338,38.464891],[27.022337,38.46491],[27.022339,38.464927],[27.022337,38.464936],[27.02233,38.464953],[27.022329,38.464962],[27.022328,38.46498],[27.022325,38.464989],[27.022319,38.464997],[27.022317,38.465005],[27.022311,38.465013],[27.022302,38.465019],[27.022291,38.465035],[27.022281,38.465039],[27.022269,38.465039],[27.022257,38.465036],[27.022245,38.465035],[27.022161,38.465043],[27.022149,38.465045],[27.022127,38.465052],[27.022027,38.465062],[27.022016,38.465062],[27.021956,38.465051],[27.021913,38.465032],[27.021846,38.465012],[27.021837,38.465005],[27.021832,38.464986],[27.021831,38.464977],[27.021835,38.464968],[27.021842,38.46496],[27.021851,38.464943],[27.021853,38.464934],[27.021848,38.464925],[27.021841,38.464918],[27.021824,38.464893],[27.021817,38.464885],[27.021806,38.464868],[27.021803,38.464859],[27.021803,38.464849],[27.021806,38.464838],[27.021827,38.464801],[27.021835,38.464793],[27.021843,38.464786],[27.021857,38.464771],[27.021863,38.464763],[27.021871,38.464754],[27.021958,38.464689],[27.021977,38.464677],[27.021993,38.464663],[27.022002,38.464656],[27.022012,38.464651],[27.022013,38.464642],[27.022008,38.464624],[27.02201,38.464615],[27.022009,38.464607],[27.022004,38.464597],[27.021997,38.46459],[27.021963,38.464591],[27.021957,38.464598],[27.021946,38.4646],[27.02194,38.464593],[27.021938,38.464584],[27.021938,38.464574],[27.021945,38.464567],[27.021945,38.464558],[27.021934,38.464543],[27.021935,38.464535],[27.021925,38.464531],[27.021913,38.46453],[27.02189,38.464523],[27.021884,38.464515],[27.021878,38.464506],[27.021864,38.464491],[27.021865,38.464481],[27.021866,38.464472],[27.021863,38.464463],[27.021852,38.464461],[27.021817,38.464466],[27.021805,38.464465],[27.021794,38.464461],[27.021777,38.464449],[27.021765,38.464444],[27.021756,38.464439],[27.021748,38.464431],[27.02174,38.464413],[27.021737,38.464404],[27.021736,38.464395],[27.021737,38.464386],[27.021741,38.464377],[27.021746,38.464368],[27.021758,38.464354],[27.021782,38.464333],[27.021876,38.464296],[27.021888,38.464295],[27.02189,38.46428],[27.021884,38.464253],[27.021885,38.464225],[27.021882,38.464197],[27.021884,38.464188],[27.021881,38.46418],[27.021869,38.464179],[27.021858,38.464176],[27.021848,38.464171],[27.021835,38.464171],[27.021812,38.464177],[27.021771,38.464165],[27.021784,38.46415],[27.021789,38.464142],[27.021782,38.464136],[27.021772,38.464131],[27.02176,38.464133],[27.021729,38.464145],[27.021705,38.46415],[27.021689,38.464165],[27.02168,38.464171],[27.02167,38.464176],[27.021659,38.464177],[27.021648,38.46418],[27.021638,38.464185],[27.02163,38.464191],[27.02162,38.464196],[27.021596,38.4642],[27.021583,38.464199],[27.021574,38.464195],[27.021566,38.464178],[27.02156,38.46417],[27.021551,38.464165],[27.02154,38.464166],[27.021529,38.464167],[27.021507,38.464161],[27.021498,38.464155],[27.021487,38.464157],[27.021477,38.464162],[27.021466,38.464159],[27.021455,38.464158],[27.021412,38.464176],[27.021399,38.464179],[27.021387,38.464179],[27.021376,38.464177],[27.021365,38.464172],[27.021359,38.464164],[27.021358,38.464155],[27.021361,38.464145],[27.021366,38.464137],[27.021373,38.46413],[27.021374,38.464121],[27.021365,38.464115],[27.021297,38.464104],[27.021275,38.464097],[27.021229,38.464066],[27.021186,38.464051],[27.021175,38.464055],[27.021166,38.464061],[27.021132,38.464088],[27.021061,38.464101],[27.021048,38.464101],[27.021035,38.4641],[27.021026,38.464094],[27.021016,38.46409],[27.020897,38.464118],[27.020878,38.46413],[27.020868,38.464135],[27.020857,38.464138],[27.020834,38.464136],[27.020823,38.464132],[27.020812,38.464133],[27.020789,38.464138],[27.020777,38.464136],[27.020765,38.464133],[27.020755,38.464135],[27.020747,38.464142],[27.020735,38.464143],[27.020729,38.464136],[27.020701,38.464131],[27.020692,38.464138],[27.020688,38.464147],[27.020683,38.464155],[27.020673,38.46416],[27.020662,38.464163],[27.02065,38.464161],[27.020641,38.464157],[27.020636,38.464148],[27.020628,38.464142],[27.020617,38.464138],[27.020581,38.464138],[27.020534,38.464132],[27.02041,38.464138],[27.020306,38.464161],[27.020282,38.464163],[27.020147,38.4642],[27.02008,38.464206],[27.020057,38.464205],[27.019999,38.46419],[27.01999,38.464184],[27.019984,38.464175],[27.019979,38.464166],[27.019977,38.464156],[27.019976,38.464137],[27.019982,38.464118],[27.01999,38.4641],[27.019992,38.464091],[27.019986,38.464061],[27.019978,38.464041],[27.019973,38.464033],[27.019967,38.464014],[27.019954,38.463987],[27.019945,38.463959],[27.019944,38.463939],[27.019947,38.463928],[27.019997,38.463843],[27.020017,38.463797],[27.020047,38.463757],[27.020054,38.46375],[27.020073,38.463739],[27.020115,38.463721],[27.02016,38.463712],[27.020172,38.463712],[27.020206,38.463717],[27.020217,38.463718],[27.020228,38.463714],[27.020251,38.463712],[27.020262,38.463707],[27.020281,38.463697],[27.020289,38.463691],[27.020295,38.463683],[27.020304,38.463676],[27.02031,38.463669],[27.020312,38.46366],[27.020311,38.463651],[27.020306,38.463633],[27.020301,38.463625],[27.020295,38.463617],[27.020286,38.463611],[27.02023,38.4636],[27.020224,38.463586],[27.020244,38.463574],[27.020249,38.463566],[27.020254,38.463539],[27.02025,38.46353],[27.02024,38.463526],[27.020229,38.463529],[27.020217,38.463529],[27.020213,38.46352],[27.020219,38.463513],[27.020226,38.463507],[27.020222,38.463498],[27.020212,38.463493],[27.0202,38.46349],[27.020189,38.463491],[27.020178,38.463493],[27.020166,38.463492],[27.020157,38.463486],[27.020156,38.463478],[27.020149,38.46347],[27.020141,38.463464],[27.020135,38.463456],[27.020134,38.463393],[27.020158,38.463373],[27.02017,38.46337],[27.020175,38.463363],[27.020168,38.463356],[27.020159,38.46335],[27.020148,38.463347],[27.020141,38.46334],[27.020138,38.463321],[27.020137,38.463312],[27.020133,38.463304],[27.020111,38.463281],[27.020103,38.463275],[27.020093,38.46327],[27.020039,38.46325],[27.020025,38.463247],[27.020014,38.463243],[27.020004,38.463237],[27.019958,38.463205],[27.01993,38.463151],[27.019927,38.463136],[27.019926,38.463113],[27.019929,38.463105],[27.019935,38.463096],[27.019943,38.46309],[27.019955,38.463086],[27.019966,38.463082],[27.019975,38.463076],[27.019983,38.46307],[27.019987,38.463061],[27.019991,38.463032],[27.01999,38.463022],[27.019987,38.463004],[27.019983,38.462995],[27.019978,38.462987],[27.019969,38.46298],[27.019961,38.462974],[27.019919,38.462956],[27.01991,38.462949],[27.019903,38.462941],[27.019885,38.462905],[27.019879,38.462887],[27.019875,38.462868],[27.019874,38.462828],[27.01987,38.462809],[27.019869,38.46278],[27.019871,38.462749],[27.019892,38.462692],[27.019905,38.462606],[27.019896,38.462588],[27.019899,38.46256],[27.019903,38.462551],[27.019904,38.462541],[27.019902,38.462532],[27.019895,38.462524],[27.019885,38.462519],[27.019874,38.462516],[27.019864,38.462511],[27.019856,38.462504],[27.019851,38.462495],[27.019845,38.462478],[27.019847,38.462449],[27.019853,38.462441],[27.019861,38.462435],[27.019864,38.462426],[27.019863,38.462408],[27.01986,38.462398],[27.019856,38.462389],[27.019853,38.46238],[27.019844,38.462361],[27.019838,38.462352],[27.019836,38.462343],[27.019835,38.462333],[27.01984,38.462326],[27.019839,38.462317],[27.019837,38.462307],[27.019836,38.462298],[27.01983,38.462279],[27.019838,38.462262],[27.01984,38.462253],[27.019837,38.462244],[27.019829,38.462237],[27.019824,38.462229],[27.019822,38.462217],[27.019823,38.462208],[27.019826,38.46219],[27.019826,38.462181],[27.019825,38.462171],[27.019822,38.462162],[27.019817,38.462154],[27.019809,38.462148],[27.0197,38.462102],[27.019682,38.462088],[27.019674,38.462081],[27.019667,38.462073],[27.019662,38.462064],[27.019639,38.462011],[27.019618,38.461977],[27.019612,38.461968],[27.019602,38.461962],[27.019597,38.461954],[27.019595,38.461925],[27.019594,38.461916],[27.019586,38.461898],[27.019577,38.461868],[27.019565,38.461841],[27.019562,38.461831],[27.019558,38.461821],[27.019552,38.461812],[27.019535,38.461777],[27.019531,38.461768],[27.019523,38.46173],[27.019522,38.461719],[27.019523,38.461699],[27.019522,38.46169],[27.019522,38.46168],[27.019521,38.46167],[27.019518,38.461662],[27.019517,38.461653],[27.019513,38.461644],[27.019511,38.461634],[27.019515,38.461625],[27.019523,38.461617],[27.019556,38.461605],[27.019567,38.461599],[27.019575,38.461592],[27.019576,38.461583],[27.019572,38.461574],[27.019561,38.461573],[27.01955,38.461575],[27.019539,38.461577],[27.019526,38.461575],[27.019512,38.461561],[27.019503,38.461555],[27.019491,38.461553],[27.019456,38.461558],[27.019444,38.461563],[27.019433,38.461561],[27.019424,38.461556],[27.019417,38.461551],[27.019405,38.461552],[27.019394,38.461556],[27.019384,38.461556],[27.019373,38.461553],[27.019361,38.461554],[27.019324,38.461552],[27.019313,38.461554],[27.019302,38.461559],[27.019294,38.461565],[27.019282,38.461568],[27.01927,38.461568],[27.019259,38.461566],[27.019249,38.461561],[27.019237,38.461559],[27.019225,38.461559],[27.019189,38.461566],[27.019182,38.461573],[27.019181,38.461582],[27.019189,38.461601],[27.019185,38.46161],[27.019174,38.461614],[27.019127,38.46162],[27.019115,38.461619],[27.019107,38.461613],[27.019103,38.461603],[27.019106,38.461594],[27.019112,38.461586],[27.01911,38.461577],[27.019102,38.461571],[27.01908,38.461563],[27.019069,38.461561],[27.019059,38.461557],[27.01905,38.461551],[27.019039,38.461551],[27.019028,38.461554],[27.019017,38.461555],[27.018995,38.461548],[27.018984,38.461549],[27.018977,38.461557],[27.018967,38.461574],[27.018971,38.461583],[27.018979,38.46159],[27.019018,38.461609],[27.019034,38.46165],[27.018867,38.461714],[27.01849,38.461761],[27.018462,38.461632],[27.018357,38.461594],[27.018294,38.461693],[27.018058,38.461775],[27.017849,38.461626],[27.017582,38.461552],[27.017088,38.461336],[27.016873,38.46136],[27.01683,38.461488],[27.016932,38.461652],[27.017091,38.461819],[27.017423,38.462094],[27.017737,38.462137],[27.018104,38.462119],[27.018145,38.462186],[27.018186,38.462253],[27.018493,38.46226],[27.01861,38.462221],[27.018738,38.462179],[27.018785,38.462234],[27.01893,38.462405],[27.018995,38.462695],[27.018574,38.463421],[27.018294,38.463719],[27.018106,38.463919],[27.018051,38.464299],[27.018396,38.464866],[27.018451,38.465542],[27.018354,38.465909],[27.018021,38.466148],[27.018163,38.466561],[27.018133,38.466768],[27.01787,38.466839],[27.018003,38.466692],[27.01806,38.466555],[27.017893,38.466128],[27.017802,38.465999],[27.01789,38.465659],[27.01781,38.465545],[27.017714,38.465451],[27.017492,38.465658],[27.017273,38.465574],[27.017126,38.465396],[27.01694,38.465244],[27.016802,38.465392],[27.016649,38.465198],[27.016663,38.464999],[27.016624,38.464829],[27.016441,38.464676],[27.016381,38.464549],[27.016243,38.464447],[27.015885,38.464839],[27.015733,38.465196],[27.015683,38.465579],[27.015936,38.465825],[27.016375,38.466392],[27.015818,38.466096],[27.015413,38.465529],[27.014958,38.466577],[27.014722,38.466639],[27.015109,38.465418],[27.015666,38.463927],[27.015598,38.463717],[27.015362,38.463717],[27.015278,38.463951],[27.015042,38.46421],[27.014839,38.464371],[27.01435,38.463976],[27.014114,38.4641],[27.013861,38.463533],[27.013591,38.463582],[27.013304,38.463113],[27.013962,38.462793],[27.013894,38.462214],[27.01354,38.461893],[27.012983,38.461659],[27.012815,38.461782],[27.012646,38.46214],[27.012402,38.46225],[27.011735,38.462238],[27.011179,38.462707],[27.010656,38.462645],[27.009998,38.462276],[27.009745,38.46177],[27.009677,38.461092],[27.009779,38.460969],[27.010369,38.46092],[27.010369,38.460796],[27.010362,38.460794],[27.010015,38.460649],[27.009944,38.460649],[27.009526,38.460649],[27.009374,38.460538],[27.009424,38.460462],[27.009677,38.460082],[27.009542,38.459601],[27.010388,38.459079],[27.010354,38.459694],[27.010455,38.460504],[27.010589,38.460627],[27.010892,38.460332],[27.01106,38.460578],[27.011329,38.460578],[27.011598,38.460922],[27.011867,38.46102],[27.012169,38.460922],[27.012909,38.461069],[27.013212,38.460995],[27.013615,38.461216],[27.013817,38.461216],[27.013144,38.460504],[27.012337,38.460381],[27.011699,38.459988],[27.011262,38.4593],[27.010993,38.458121],[27.010388,38.458048],[27.009816,38.458588],[27.00911,38.45989],[27.009187,38.460378],[27.009312,38.461168],[27.009884,38.462642],[27.00985,38.463059],[27.008464,38.46094],[27.007993,38.460732],[27.007253,38.46083],[27.006548,38.461088],[27.005707,38.461039],[27.004547,38.460842],[27.004531,38.460707],[27.005287,38.460769],[27.005842,38.46056],[27.00606,38.460105],[27.005522,38.459749],[27.004615,38.459418],[27.003657,38.459283],[27.002816,38.458865],[27.001909,38.458828],[27.001589,38.458681],[27.001085,38.458202],[27.0009,38.458214],[27.000564,38.459307],[27.000363,38.459332],[27.000615,38.458263],[27.000346,38.458005],[26.999623,38.457931],[26.999136,38.457538],[26.998678,38.457714],[26.998654,38.457758],[26.998585,38.458083],[26.998448,38.458182],[26.997929,38.458252],[26.997694,38.458238],[26.997548,38.458196],[26.997341,38.458229],[26.997151,38.458208],[26.997022,38.458223],[26.996852,38.458283],[26.996686,38.458198],[26.996455,38.458173],[26.996268,38.458113],[26.996113,38.458243],[26.99588,38.458267],[26.995731,38.458524],[26.995521,38.458389],[26.995348,38.458366],[26.995325,38.458495],[26.995395,38.458694],[26.995585,38.458886],[26.995751,38.458911],[26.995941,38.45887],[26.996102,38.458811],[26.996297,38.458825],[26.996384,38.458892],[26.996455,38.458994],[26.996369,38.459051],[26.996283,38.459141],[26.996283,38.45922],[26.996225,38.459311],[26.996082,38.459367],[26.995995,38.45939],[26.995952,38.45939],[26.995852,38.459492],[26.995808,38.459492],[26.99565,38.459401],[26.995478,38.458983],[26.995363,38.458723],[26.995291,38.458644],[26.995248,38.458576],[26.995133,38.458678],[26.995119,38.458779],[26.995262,38.45896],[26.995277,38.459152],[26.995205,38.459266],[26.995147,38.45939],[26.995233,38.459763],[26.995205,38.459876],[26.99519,38.460046],[26.995219,38.460261],[26.995392,38.460374],[26.995449,38.460543],[26.995492,38.460634],[26.995176,38.460656],[26.995219,38.460758],[26.995233,38.461357],[26.995377,38.461516],[26.995406,38.461606],[26.995305,38.461753],[26.995262,38.461878],[26.995147,38.461923],[26.994888,38.461821],[26.994802,38.461742],[26.994816,38.461651],[26.994745,38.461561],[26.99463,38.461538],[26.994586,38.46155],[26.994471,38.461527],[26.994428,38.461459],[26.994299,38.461357],[26.994054,38.46138],[26.994098,38.461357],[26.994112,38.461267],[26.994083,38.46121],[26.993983,38.46129],[26.993911,38.461369],[26.993839,38.461357],[26.993781,38.461323],[26.993666,38.461154],[26.993638,38.461086],[26.993609,38.460973],[26.993609,38.460894],[26.993465,38.46069],[26.993422,38.460543],[26.993422,38.460407],[26.993623,38.460238],[26.993738,38.460249],[26.994198,38.460227],[26.994342,38.460272],[26.994371,38.460272],[26.994587,38.460023],[26.994587,38.459955],[26.994543,38.45991],[26.994486,38.459944],[26.9945,38.459639],[26.99463,38.459401],[26.994673,38.459186],[26.99463,38.458938],[26.99473,38.458711],[26.99496,38.45861],[26.995032,38.458542],[26.994975,38.458338],[26.994788,38.457954],[26.994601,38.457875],[26.994443,38.457931],[26.994328,38.458067],[26.994313,38.458225],[26.994026,38.458225],[26.993839,38.458191],[26.993667,38.458123],[26.993365,38.458112],[26.993365,38.457875],[26.993379,38.457739],[26.993437,38.457513],[26.993537,38.457411],[26.993595,38.457264],[26.993595,38.457038],[26.993508,38.456913],[26.993437,38.456552],[26.993451,38.456326],[26.993494,38.456133],[26.993581,38.455964],[26.993579,38.455945],[26.993566,38.455828],[26.993422,38.455749],[26.993336,38.455862],[26.993336,38.455998],[26.993264,38.456133],[26.993106,38.456269],[26.992819,38.456461],[26.992804,38.456721],[26.992819,38.45688],[26.992876,38.45697],[26.992862,38.457151],[26.992689,38.457275],[26.992603,38.457671],[26.992603,38.457762],[26.992272,38.458044],[26.992028,38.458372],[26.991841,38.458519],[26.991726,38.458666],[26.99174,38.458836],[26.991812,38.458892],[26.992028,38.458949],[26.992286,38.458983],[26.992445,38.458508],[26.992574,38.458429],[26.99279,38.458406],[26.99289,38.45844],[26.992847,38.458485],[26.992603,38.458677],[26.992804,38.458915],[26.99302,38.459107],[26.993365,38.459254],[26.993365,38.45939],[26.992919,38.459356],[26.992761,38.459288],[26.99233,38.459311],[26.991812,38.45922],[26.991783,38.459231],[26.99151,38.459435],[26.991366,38.45948],[26.991237,38.459582],[26.991021,38.459616],[26.991107,38.459412],[26.991122,38.459243],[26.991093,38.459039],[26.991093,38.458756],[26.991122,38.458621],[26.991093,38.458564],[26.990935,38.458508],[26.990878,38.458496],[26.990719,38.458508],[26.990791,38.458383],[26.990926,38.458322],[26.990964,38.458293],[26.99095,38.458123],[26.99082,38.458067],[26.99072,38.457987],[26.99072,38.457863],[26.990935,38.457863],[26.990993,38.45792],[26.991295,38.45792],[26.991438,38.457897],[26.991668,38.457886],[26.991827,38.457841],[26.992013,38.457637],[26.992085,38.457434],[26.9922,38.457196],[26.992373,38.456959],[26.992387,38.456653],[26.992301,38.456552],[26.9921,38.456778],[26.992014,38.45697],[26.991884,38.457094],[26.991798,38.457038],[26.99174,38.456891],[26.991669,38.456959],[26.991496,38.457207],[26.99141,38.457275],[26.991352,38.457286],[26.991338,38.457196],[26.991482,38.456913],[26.991827,38.456699],[26.992057,38.456518],[26.992301,38.45628],[26.992272,38.456065],[26.992157,38.455964],[26.992085,38.455862],[26.991985,38.455794],[26.991884,38.455692],[26.991999,38.455579],[26.991913,38.455432],[26.991769,38.455432],[26.991712,38.455477],[26.99164,38.455432],[26.991697,38.455364],[26.991856,38.455296],[26.991884,38.455296],[26.991884,38.45524],[26.991971,38.45507],[26.992071,38.455093],[26.992157,38.455093],[26.992215,38.455014],[26.99233,38.454935],[26.992388,38.454991],[26.992488,38.455014],[26.992531,38.454901],[26.992618,38.454731],[26.99261,38.454665],[26.992603,38.454607],[26.992416,38.454426],[26.992416,38.45429],[26.992344,38.454222],[26.992172,38.454347],[26.991899,38.454347],[26.991539,38.454301],[26.991396,38.454301],[26.991036,38.454022],[26.990948,38.454309],[26.990936,38.45435],[26.990777,38.454712],[26.990576,38.454915],[26.990576,38.455164],[26.99049,38.455435],[26.990404,38.455492],[26.99036,38.455741],[26.99003,38.455842],[26.990073,38.456001],[26.990015,38.456125],[26.990102,38.456476],[26.989958,38.456736],[26.989943,38.457279],[26.989713,38.457471],[26.989598,38.457663],[26.989569,38.457833],[26.989424,38.458022],[26.989418,38.4582],[26.989442,38.458421],[26.989489,38.458614],[26.989465,38.458717],[26.989411,38.458802],[26.989316,38.458892],[26.98928,38.458953],[26.98925,38.459051],[26.989238,38.459174],[26.989208,38.459272],[26.989172,38.459343],[26.989166,38.459409],[26.98919,38.459522],[26.989238,38.459592],[26.989328,38.459761],[26.989256,38.459813],[26.988951,38.459973],[26.988933,38.460039],[26.988831,38.460109],[26.988766,38.460133],[26.988694,38.46017],[26.988658,38.460255],[26.9887,38.460448],[26.988742,38.460504],[26.988748,38.460528],[26.988658,38.460504],[26.98861,38.460438],[26.98858,38.460302],[26.98858,38.460274],[26.988616,38.460137],[26.988676,38.460119],[26.988742,38.46009],[26.988969,38.459884],[26.989077,38.45986],[26.989184,38.459813],[26.989256,38.459752],[26.989262,38.45971],[26.989166,38.459578],[26.989142,38.459484],[26.989101,38.459427],[26.989137,38.459268],[26.989196,38.459141],[26.989208,38.458967],[26.989262,38.458863],[26.989346,38.458788],[26.989394,38.458703],[26.989424,38.458609],[26.989388,38.458398],[26.98934,38.458266],[26.989292,38.458219],[26.989238,38.458229],[26.989226,38.458275],[26.989185,38.458285],[26.98916,38.45828],[26.989065,38.458252],[26.989065,38.458233],[26.989047,38.458167],[26.989023,38.458149],[26.988993,38.458097],[26.988939,38.458083],[26.988922,38.458026],[26.988916,38.45796],[26.988844,38.457753],[26.98885,38.457612],[26.988892,38.457514],[26.98891,38.457344],[26.988814,38.457293],[26.988736,38.457269],[26.988617,38.457293],[26.988557,38.457377],[26.988491,38.45742],[26.988413,38.4575],[26.988372,38.457565],[26.988324,38.457617],[26.988252,38.45765],[26.988198,38.457636],[26.988126,38.457594],[26.987995,38.457627],[26.987983,38.457655],[26.987953,38.457659],[26.987911,38.457636],[26.987863,38.457636],[26.987857,38.457645],[26.987828,38.457645],[26.98778,38.457627],[26.987744,38.457603],[26.987678,38.457603],[26.987654,38.457584],[26.987558,38.457442],[26.987678,38.457249],[26.987618,38.45716],[26.987612,38.457075],[26.987654,38.456896],[26.987708,38.456835],[26.987822,38.456741],[26.987923,38.456713],[26.987953,38.456689],[26.987911,38.456628],[26.987846,38.456581],[26.987822,38.45653],[26.987858,38.456412],[26.988067,38.45629],[26.988109,38.456224],[26.988061,38.455947],[26.988109,38.455749],[26.98827,38.455538],[26.988324,38.455429],[26.988306,38.455302],[26.988461,38.455194],[26.988503,38.455081],[26.988683,38.454795],[26.988719,38.454757],[26.988713,38.454724],[26.988677,38.454649],[26.988396,38.454588],[26.988175,38.454564],[26.98775,38.454644],[26.987625,38.454818],[26.987475,38.454912],[26.987284,38.455185],[26.987182,38.455269],[26.98711,38.455377],[26.987134,38.455467],[26.987128,38.455556],[26.987117,38.455613],[26.986961,38.455622],[26.986919,38.455655],[26.986883,38.455693],[26.986782,38.455678],[26.986758,38.455754],[26.986758,38.455815],[26.986722,38.455866],[26.986716,38.455914],[26.986847,38.455989],[26.986889,38.456054],[26.986937,38.456266],[26.986925,38.456426],[26.986901,38.456525],[26.986859,38.456638],[26.986823,38.456656],[26.98677,38.456628],[26.986632,38.456572],[26.986578,38.456525],[26.986501,38.456478],[26.986357,38.456327],[26.986291,38.456294],[26.986232,38.456224],[26.98616,38.456158],[26.986076,38.45613],[26.985945,38.456214],[26.98601,38.456318],[26.986028,38.456407],[26.98601,38.456482],[26.985953,38.456553],[26.985929,38.45675],[26.985941,38.456821],[26.986043,38.457],[26.986066,38.457305],[26.986037,38.45739],[26.986001,38.457291],[26.986001,38.457103],[26.985965,38.457023],[26.985887,38.456924],[26.985851,38.456802],[26.985887,38.456595],[26.985887,38.456534],[26.985857,38.456501],[26.985732,38.456482],[26.985624,38.456609],[26.985594,38.456708],[26.985499,38.456774],[26.985277,38.456868],[26.985116,38.45691],[26.985122,38.456877],[26.985122,38.456826],[26.985128,38.456783],[26.985098,38.456774],[26.984943,38.456844],[26.984835,38.456943],[26.984793,38.457037],[26.984835,38.457136],[26.984829,38.457235],[26.984757,38.457413],[26.984745,38.457474],[26.984757,38.457517],[26.984787,38.457559],[26.984799,38.457592],[26.984799,38.457644],[26.98462,38.457855],[26.984584,38.457841],[26.984584,38.457761],[26.984703,38.457611],[26.984656,38.457423],[26.984668,38.457347],[26.984727,38.45723],[26.984739,38.457141],[26.984745,38.456962],[26.984841,38.456868],[26.984961,38.456755],[26.985003,38.456652],[26.985003,38.456572],[26.984979,38.456543],[26.984913,38.456539],[26.984859,38.456567],[26.984859,38.456478],[26.984901,38.456393],[26.984937,38.456299],[26.984919,38.456224],[26.984799,38.456144],[26.984674,38.456106],[26.984542,38.456101],[26.984495,38.456078],[26.984429,38.455965],[26.984411,38.455838],[26.984351,38.455852],[26.984202,38.455857],[26.984214,38.455805],[26.984214,38.455697],[26.984208,38.455673],[26.984154,38.455636],[26.984082,38.455622],[26.984034,38.455598],[26.983987,38.455556],[26.983909,38.455471],[26.983921,38.455368],[26.983909,38.455335],[26.983867,38.455283],[26.983831,38.455264],[26.983783,38.455222],[26.983676,38.455194],[26.98361,38.455222],[26.983484,38.455236],[26.983431,38.455203],[26.983419,38.455109],[26.983473,38.45517],[26.983508,38.455189],[26.98361,38.45518],[26.983688,38.455147],[26.983855,38.455161],[26.983921,38.455095],[26.983963,38.455043],[26.984064,38.45502],[26.98413,38.454982],[26.984184,38.454968],[26.984202,38.455029],[26.98425,38.455076],[26.984321,38.455123],[26.984369,38.455123],[26.984429,38.455095],[26.984477,38.455043],[26.984429,38.454968],[26.984405,38.45494],[26.984387,38.45478],[26.984483,38.454921],[26.984543,38.454898],[26.984566,38.454869],[26.984614,38.454869],[26.984734,38.454888],[26.984847,38.454879],[26.985039,38.454898],[26.985122,38.454827],[26.985128,38.454785],[26.98514,38.454738],[26.98529,38.454587],[26.985374,38.454526],[26.985529,38.454498],[26.985571,38.45446],[26.986073,38.454362],[26.986157,38.454277],[26.986372,38.454113],[26.986414,38.454061],[26.986584,38.453577],[26.986605,38.453518],[26.986611,38.453387],[26.986593,38.453293],[26.98645,38.453293],[26.98639,38.453236],[26.986318,38.453025],[26.986163,38.452907],[26.985858,38.452329],[26.985739,38.452183],[26.985864,38.452028],[26.98581,38.451821],[26.985757,38.451821],[26.985523,38.452502],[26.985499,38.452705],[26.985428,38.452775],[26.985105,38.452968],[26.985075,38.453048],[26.984867,38.453315],[26.98468,38.453556],[26.98425,38.453485],[26.98425,38.453509],[26.984214,38.453424],[26.984041,38.4534],[26.984059,38.453208],[26.984055,38.453203],[26.984023,38.453165],[26.983919,38.453187],[26.983909,38.453189],[26.983897,38.453236],[26.983592,38.453297],[26.983551,38.453405],[26.983509,38.453353],[26.983562,38.453255],[26.983867,38.453203],[26.983876,38.453182],[26.983891,38.453146],[26.983999,38.453118],[26.984071,38.452987],[26.984023,38.452944],[26.984095,38.452799],[26.984071,38.452752],[26.984131,38.452681],[26.984172,38.45262],[26.984226,38.452498],[26.984232,38.452465],[26.98422,38.452422],[26.984029,38.452319],[26.98382,38.452126],[26.983814,38.451976],[26.983742,38.452009],[26.983688,38.452004],[26.983862,38.451905],[26.984029,38.451797],[26.984047,38.451726],[26.983999,38.451581],[26.983951,38.451529],[26.983993,38.451306],[26.983904,38.451198],[26.983886,38.451128],[26.983886,38.451029],[26.983844,38.450944],[26.983784,38.450775],[26.983802,38.45069],[26.983743,38.45061],[26.983641,38.450554],[26.983563,38.45054],[26.983348,38.450779],[26.982953,38.451602],[26.982705,38.451934],[26.982729,38.452319],[26.983052,38.452912],[26.983075,38.453043],[26.983038,38.453091],[26.982884,38.453288],[26.98286,38.453476],[26.982657,38.453702],[26.982489,38.453824],[26.982489,38.45373],[26.982585,38.453636],[26.982645,38.453485],[26.982764,38.453373],[26.982884,38.45309],[26.982886,38.453079],[26.982932,38.452827],[26.982789,38.452611],[26.982669,38.452338],[26.98255,38.451915],[26.982633,38.451652],[26.982944,38.451275],[26.983076,38.450674],[26.983076,38.450147],[26.983028,38.450025],[26.982849,38.449997],[26.982143,38.451068],[26.982,38.451529],[26.981665,38.451745],[26.981749,38.451999],[26.98182,38.452695],[26.981414,38.45293],[26.981091,38.452883],[26.980847,38.453088],[26.980385,38.453476],[26.980194,38.453438],[26.979661,38.45327],[26.979656,38.453269],[26.979513,38.452685],[26.979334,38.452432],[26.979202,38.452065],[26.978856,38.451877],[26.978569,38.451754],[26.979107,38.451914],[26.97919,38.451726],[26.979609,38.451237],[26.979621,38.450852],[26.979729,38.450626],[26.979908,38.450372],[26.979825,38.449874],[26.980111,38.449469],[26.980506,38.449187],[26.981008,38.449018],[26.980793,38.448755],[26.980482,38.448661],[26.980387,38.448585],[26.980136,38.448491],[26.97961,38.448651],[26.979562,38.448914],[26.979562,38.449055],[26.979299,38.449291],[26.979191,38.449253],[26.978629,38.449507],[26.978498,38.44962],[26.978533,38.4504],[26.978856,38.450654],[26.97888,38.450767],[26.978904,38.45103],[26.978641,38.45088],[26.978246,38.45088],[26.977983,38.451124],[26.978019,38.451265],[26.977504,38.452854],[26.976775,38.453212],[26.976643,38.45307],[26.976273,38.453371],[26.976392,38.45402],[26.976452,38.454349],[26.976476,38.454839],[26.976165,38.455352],[26.976141,38.455117],[26.976165,38.454957],[26.976177,38.454712],[26.976093,38.454562],[26.975812,38.4546],[26.975501,38.45506],[26.975393,38.455587],[26.975333,38.455549],[26.975058,38.455559],[26.97476,38.455248],[26.974688,38.455098],[26.974449,38.455069],[26.974353,38.454928],[26.974138,38.454825],[26.974043,38.454759],[26.973457,38.454815],[26.973433,38.454862],[26.973242,38.454834],[26.97324,38.454827],[26.973206,38.454712],[26.973541,38.454213],[26.973708,38.453762],[26.974115,38.453207],[26.974414,38.453047],[26.974737,38.452314],[26.974689,38.451806],[26.974594,38.451496],[26.974068,38.45158],[26.973697,38.451947],[26.973732,38.452615],[26.973266,38.452765],[26.973015,38.452906],[26.972322,38.452821],[26.971867,38.452831],[26.97164,38.453066],[26.97127,38.453216],[26.970564,38.453611],[26.970421,38.45362],[26.970433,38.453404],[26.970827,38.452868],[26.970995,38.452426],[26.971258,38.451373],[26.971581,38.450809],[26.972609,38.449409],[26.973393,38.448848],[26.973643,38.448736],[26.973964,38.448399],[26.974178,38.447866],[26.974464,38.447445],[26.974678,38.447305],[26.974214,38.446912],[26.974008,38.447058],[26.973781,38.446904],[26.973967,38.446725],[26.973947,38.446628],[26.973627,38.446668],[26.973627,38.446879],[26.973596,38.446976],[26.973534,38.446968],[26.973472,38.446782],[26.973369,38.446652],[26.973276,38.446595],[26.972843,38.446538],[26.972874,38.446287],[26.973111,38.445711],[26.973235,38.445532],[26.973431,38.445703],[26.973617,38.445922],[26.974019,38.446133],[26.974163,38.446255],[26.974442,38.445954],[26.974359,38.445833],[26.974122,38.445808],[26.973988,38.445727],[26.973833,38.445695],[26.973782,38.445711],[26.97371,38.445638],[26.973669,38.445549],[26.973555,38.445435],[26.973143,38.445346],[26.97305,38.445378],[26.972864,38.445337],[26.972751,38.445102],[26.972699,38.444842],[26.972431,38.444404],[26.972112,38.44412],[26.972215,38.443918],[26.972483,38.443739],[26.972473,38.443674],[26.972071,38.44365],[26.971998,38.443479],[26.972081,38.443252],[26.972215,38.443001],[26.972277,38.442619],[26.972411,38.442595],[26.972783,38.442368],[26.972855,38.442433],[26.972958,38.442482],[26.973463,38.442279],[26.973763,38.44223],[26.97401,38.442011],[26.974598,38.441708],[26.975052,38.441416],[26.975093,38.441221],[26.975227,38.441051],[26.975289,38.440637],[26.975537,38.440507],[26.97598,38.440402],[26.976279,38.440475],[26.9763,38.440459],[26.976441,38.44024],[26.976648,38.440126],[26.976679,38.439948],[26.976586,38.439923],[26.976545,38.439818],[26.976586,38.439777],[26.976741,38.439794],[26.976751,38.439737],[26.976668,38.439712],[26.976627,38.439688],[26.976658,38.439648],[26.976699,38.439623],[26.97671,38.439575],[26.976648,38.439534],[26.976287,38.439615],[26.97638,38.439842],[26.976359,38.439988],[26.976256,38.440037],[26.976246,38.439729],[26.976173,38.439534],[26.976277,38.439493],[26.976297,38.439477],[26.976297,38.43925],[26.976462,38.439169],[26.976504,38.439096],[26.976514,38.438804],[26.976545,38.438763],[26.976452,38.438544],[26.976401,38.438504],[26.976225,38.438414],[26.976205,38.43839],[26.976122,38.438341],[26.975908,38.438408],[26.975689,38.438455],[26.975679,38.438495],[26.974359,38.438024],[26.973885,38.437724],[26.973524,38.436844],[26.973731,38.436357],[26.973359,38.436616],[26.972699,38.436811],[26.972658,38.436519],[26.971998,38.436129],[26.972099,38.435045],[26.972091,38.434921],[26.971932,38.435108],[26.971908,38.43532],[26.971869,38.435463],[26.971837,38.435544],[26.971758,38.435632],[26.971655,38.435725],[26.971623,38.435775],[26.97152,38.435868],[26.971456,38.435825],[26.971179,38.435694],[26.971131,38.4356],[26.971116,38.435451],[26.971179,38.435407],[26.971393,38.435395],[26.971361,38.435295],[26.971647,38.435207],[26.971734,38.435214],[26.971789,38.435195],[26.97179,38.435089],[26.971829,38.43507],[26.971631,38.435027],[26.97156,38.43502],[26.971457,38.435045],[26.971393,38.435045],[26.971306,38.435026],[26.971441,38.434783],[26.971885,38.434752],[26.972075,38.434827],[26.972162,38.434765],[26.972154,38.43449],[26.972123,38.43444],[26.972099,38.43459],[26.972067,38.434609],[26.97179,38.43464],[26.971116,38.434602],[26.970957,38.434571],[26.970902,38.434434],[26.971219,38.434415],[26.971251,38.434334],[26.971298,38.434278],[26.971338,38.434159],[26.971734,38.434041],[26.972044,38.433848],[26.972099,38.434353],[26.972131,38.434353],[26.972178,38.433817],[26.97221,38.433706],[26.97221,38.433536],[26.972194,38.43353],[26.972139,38.433567],[26.972139,38.433704],[26.971996,38.433785],[26.97156,38.433866],[26.971449,38.43396],[26.971164,38.434141],[26.970553,38.434415],[26.970355,38.434627],[26.970077,38.434627],[26.969824,38.434683],[26.969602,38.434808],[26.969261,38.435057],[26.969126,38.43525],[26.968809,38.435456],[26.968523,38.435787],[26.968372,38.436086],[26.968008,38.436392],[26.96792,38.436535],[26.967897,38.43666],[26.967944,38.436728],[26.968126,38.436753],[26.968253,38.436735],[26.968245,38.436666],[26.968039,38.436679],[26.968023,38.436635],[26.968118,38.436566],[26.968507,38.436554],[26.968713,38.436685],[26.968856,38.43671],[26.970132,38.436679],[26.970497,38.43676],[26.970893,38.437184],[26.97094,38.43744],[26.971028,38.437546],[26.971197,38.439278],[26.970464,38.442685],[26.969488,38.443453],[26.968999,38.444028],[26.968633,38.444316],[26.968267,38.444844],[26.967717,38.447243],[26.967334,38.447856],[26.967353,38.448558],[26.967372,38.448618],[26.966764,38.448334],[26.966423,38.448124],[26.965606,38.447945],[26.965568,38.448049],[26.966271,38.448124],[26.966479,38.448423],[26.966764,38.448647],[26.967315,38.44929],[26.967618,38.449843],[26.967922,38.450082],[26.968226,38.450112],[26.968758,38.450486],[26.969118,38.450934],[26.969669,38.451935],[26.969517,38.452114],[26.969364,38.452248],[26.969118,38.452308],[26.96889,38.452323],[26.969042,38.452129],[26.968833,38.452039],[26.96775,38.452099],[26.967921,38.451904],[26.967826,38.451725],[26.967599,38.451591],[26.967523,38.451576],[26.967295,38.451367],[26.967276,38.451068],[26.967181,38.450739],[26.967124,38.449887],[26.967087,38.449663],[26.96684,38.44926],[26.966688,38.448946],[26.966384,38.448587],[26.966043,38.448348],[26.965777,38.448318],[26.965606,38.448318],[26.965112,38.448229],[26.964182,38.447915],[26.963214,38.447376],[26.963081,38.447167],[26.962967,38.446868],[26.962569,38.446136],[26.962531,38.446017],[26.962645,38.445778],[26.962778,38.445598],[26.962778,38.445106],[26.962797,38.445016],[26.962779,38.443985],[26.962817,38.443761],[26.962798,38.443671],[26.962741,38.443582],[26.962722,38.443283],[26.962855,38.443298],[26.962798,38.443148],[26.962665,38.443089],[26.962399,38.443253],[26.961905,38.443641],[26.961601,38.443656],[26.961468,38.443536],[26.961392,38.443551],[26.960823,38.443596],[26.960841,38.444686],[26.960765,38.445045],[26.960784,38.445463],[26.960651,38.445508],[26.959834,38.445493],[26.95972,38.445284],[26.959455,38.445194],[26.959094,38.445239],[26.958163,38.445477],[26.957062,38.444909],[26.9571,38.444536],[26.956891,38.444371],[26.956588,38.444222],[26.956417,38.444222],[26.956417,38.444371],[26.956398,38.444476],[26.95617,38.444565],[26.956189,38.4447],[26.956208,38.444775],[26.955942,38.444864],[26.95579,38.444998],[26.955676,38.44514],[26.955491,38.445372],[26.955149,38.445461],[26.955073,38.445192],[26.955092,38.445148],[26.954884,38.445237],[26.954808,38.445043],[26.954903,38.444938],[26.954656,38.444849],[26.954599,38.444789],[26.954694,38.44458],[26.954637,38.44458],[26.954713,38.444505],[26.954846,38.444535],[26.954998,38.44455],[26.95501,38.444525],[26.955036,38.444475],[26.955036,38.444072],[26.95477,38.444206],[26.954656,38.444132],[26.954657,38.443922],[26.954505,38.443848],[26.954486,38.443892],[26.954372,38.443892],[26.954239,38.443504],[26.954068,38.44316],[26.954068,38.443011],[26.954132,38.44262],[26.954054,38.442497],[26.954076,38.442303],[26.954188,38.442347],[26.954355,38.442321],[26.954534,38.442224],[26.954423,38.442128],[26.95402,38.442242],[26.954043,38.442101],[26.954132,38.441881],[26.95421,38.441758],[26.954266,38.441644],[26.954311,38.4416],[26.954412,38.441706],[26.954635,38.441618],[26.954691,38.44153],[26.954725,38.441451],[26.954725,38.441372],[26.954602,38.441372],[26.954557,38.441292],[26.954412,38.441292],[26.954345,38.441011],[26.954423,38.440624],[26.954513,38.44051],[26.954669,38.440528],[26.95477,38.440572],[26.954803,38.440598],[26.954859,38.440809],[26.955049,38.440625],[26.955005,38.440334],[26.955005,38.43993],[26.955039,38.439728],[26.955039,38.439675],[26.95496,38.439701],[26.954782,38.439736],[26.954759,38.439701],[26.954759,38.439561],[26.954894,38.4392],[26.954894,38.439015],[26.95486,38.438945],[26.954749,38.438866],[26.954659,38.439174],[26.954715,38.439288],[26.954703,38.439569],[26.954536,38.439754],[26.954536,38.439868],[26.954413,38.439982],[26.953619,38.440123],[26.953686,38.440088],[26.953899,38.439806],[26.953943,38.439762],[26.954022,38.439604],[26.953977,38.439402],[26.954111,38.439279],[26.954067,38.439182],[26.954044,38.439147],[26.954011,38.439121],[26.953799,38.439253],[26.953519,38.439692],[26.953396,38.440035],[26.953384,38.440211],[26.953627,38.443109],[26.953491,38.443128],[26.952964,38.443203],[26.952872,38.442567],[26.952754,38.441758],[26.952334,38.440218],[26.952394,38.439602],[26.952726,38.439341],[26.952666,38.438962],[26.952696,38.438702],[26.952967,38.438631],[26.953088,38.438512],[26.953118,38.438204],[26.953028,38.437991],[26.952991,38.43784],[26.953058,38.437875],[26.953108,38.437884],[26.953131,38.437844],[26.953136,38.437783],[26.953164,38.437752],[26.953114,38.437747],[26.953103,38.437805],[26.953047,38.437809],[26.95303,38.437787],[26.952997,38.437725],[26.952957,38.437677],[26.952873,38.43765],[26.952286,38.437659],[26.952017,38.437597],[26.951939,38.437553],[26.948632,38.432049],[26.948564,38.432036],[26.947329,38.430055],[26.944969,38.428612],[26.944991,38.42859],[26.943958,38.42796],[26.943846,38.42807],[26.944883,38.428703],[26.944912,38.428676],[26.947235,38.430109],[26.94847,38.432096],[26.948445,38.432203],[26.951221,38.436797],[26.95158,38.437701],[26.951152,38.437824],[26.951107,38.438816],[26.951197,38.439082],[26.951197,38.439241],[26.951309,38.439755],[26.951219,38.439826],[26.950949,38.439684],[26.950994,38.43956],[26.951106,38.439418],[26.950927,38.438993],[26.950769,38.438958],[26.950386,38.439241],[26.950138,38.439489],[26.950116,38.439719],[26.949755,38.44048],[26.94962,38.440463],[26.949057,38.441011],[26.948928,38.441406],[26.948854,38.441631],[26.948997,38.441564],[26.949078,38.441395],[26.94917,38.441283],[26.949208,38.441253],[26.949621,38.440929],[26.949845,38.44084],[26.950091,38.44084],[26.950428,38.44064],[26.9505,38.440704],[26.950592,38.440841],[26.950837,38.440841],[26.951307,38.44093],[26.951328,38.440753],[26.951492,38.440624],[26.951553,38.440777],[26.951645,38.440889],[26.951593,38.441308],[26.951593,38.441404],[26.951538,38.441496],[26.951501,38.441557],[26.951624,38.441613],[26.951685,38.441678],[26.951726,38.441855],[26.951777,38.441951],[26.951777,38.442184],[26.951951,38.442289],[26.952267,38.44237],[26.952288,38.442563],[26.952185,38.443045],[26.951981,38.443359],[26.951643,38.443664],[26.951213,38.443897],[26.951183,38.444139],[26.951039,38.444324],[26.950712,38.444492],[26.950589,38.444621],[26.950262,38.444725],[26.950221,38.444967],[26.950159,38.445111],[26.950047,38.445176],[26.950037,38.445304],[26.938049,38.451441],[26.93795,38.451339],[26.937836,38.451393],[26.937927,38.451459],[26.937905,38.451548],[26.935998,38.452497],[26.935922,38.452521],[26.935877,38.452491],[26.935824,38.452521],[26.935717,38.452556],[26.935657,38.452598],[26.93571,38.452652],[26.935181,38.452865],[26.925841,38.45772],[26.925433,38.458125],[26.924453,38.459099],[26.924263,38.460141],[26.923478,38.4599],[26.923139,38.459897],[26.922724,38.459893],[26.922361,38.45999],[26.922294,38.460152],[26.922649,38.460283],[26.922671,38.460477],[26.922294,38.460493],[26.921827,38.460363],[26.92156,38.460542],[26.921205,38.460541],[26.920738,38.460379],[26.919894,38.460232],[26.919605,38.46028],[26.920026,38.460833],[26.920226,38.460898],[26.920293,38.460736],[26.920493,38.460671],[26.920671,38.460768],[26.920737,38.460963],[26.921448,38.461289],[26.921648,38.461159],[26.921693,38.460899],[26.922071,38.460818],[26.922115,38.461078],[26.922337,38.461062],[26.923035,38.460814],[26.923204,38.460754],[26.92376,38.460673],[26.924093,38.460771],[26.92378,38.462655],[26.923292,38.462378],[26.92306,38.462178],[26.922803,38.461955],[26.922581,38.461939],[26.922603,38.462264],[26.923088,38.462842],[26.923313,38.463109],[26.92349,38.463856],[26.923312,38.464148],[26.923021,38.464444],[26.922689,38.464781],[26.922377,38.465301],[26.922488,38.465821],[26.922702,38.466171],[26.923065,38.466763],[26.922819,38.467754],[26.922129,38.468874],[26.921759,38.469322],[26.921083,38.47014],[26.920037,38.471146],[26.919481,38.471308],[26.919037,38.471129],[26.919082,38.470951],[26.919482,38.470886],[26.919438,38.470707],[26.919126,38.470675],[26.918859,38.470821],[26.918726,38.470983],[26.918415,38.470999],[26.917971,38.470771],[26.91746,38.47017],[26.917105,38.470023],[26.916704,38.470267],[26.916326,38.470267],[26.916304,38.470526],[26.917104,38.470754],[26.917526,38.47095],[26.918192,38.47147],[26.918458,38.471892],[26.918191,38.472168],[26.917813,38.472184],[26.917525,38.472086],[26.91759,38.473045],[26.917812,38.47363],[26.917834,38.473792],[26.915697,38.476016],[26.913739,38.477638],[26.913248,38.479798],[26.912846,38.481406],[26.91207,38.482438],[26.911182,38.48379],[26.908598,38.486919],[26.907436,38.487508],[26.905256,38.488984],[26.900449,38.492115],[26.897006,38.494905],[26.896064,38.495668],[26.89593,38.495686],[26.89582,38.4957],[26.890767,38.49922],[26.883755,38.504086],[26.884354,38.505002],[26.884967,38.505752],[26.886926,38.508147],[26.888023,38.509522],[26.888416,38.512338],[26.88869,38.514077],[26.883871,38.516134],[26.880383,38.516494],[26.879185,38.51693],[26.87861,38.517139],[26.877724,38.517421],[26.877612,38.517987],[26.878731,38.518396],[26.879162,38.518554],[26.880767,38.518718],[26.881098,38.519122],[26.880651,38.521709],[26.879266,38.522314],[26.879002,38.522531],[26.878434,38.523],[26.878378,38.523687],[26.879351,38.5247],[26.879428,38.52478],[26.88009,38.525872],[26.87992,38.527023],[26.879874,38.527333],[26.879331,38.527502],[26.876732,38.527698],[26.876033,38.527952],[26.875217,38.528999],[26.87541,38.529622],[26.87766,38.529483],[26.878979,38.529088],[26.88053,38.529401],[26.881537,38.529968],[26.88258,38.532461],[26.882656,38.533594],[26.882619,38.534227],[26.882677,38.534132],[26.882748,38.534058],[26.882839,38.533966],[26.882916,38.533887],[26.88292,38.533883],[26.888308,38.533173],[26.895735,38.532035],[26.897741,38.532902],[26.899205,38.532848],[26.900832,38.532035],[26.904573,38.52992],[26.905549,38.529703],[26.908043,38.5303],[26.910808,38.531059],[26.912163,38.53133],[26.914278,38.53133],[26.916284,38.530625],[26.918452,38.529703],[26.920458,38.529161],[26.921976,38.529269],[26.924091,38.529432],[26.925338,38.530191],[26.926937,38.531673],[26.929443,38.533504],[26.9306,38.533794],[26.932913,38.532541],[26.93648,38.530709],[26.940624,38.528974],[26.943516,38.528396],[26.94554,38.527529],[26.949202,38.52483],[26.954118,38.52136],[26.955853,38.520781],[26.959612,38.520781],[26.962311,38.519143],[26.966937,38.516637],[26.97513,38.514613],[26.982456,38.516444],[26.98419,38.518757],[26.987082,38.520685],[26.989877,38.522902],[26.991709,38.523577],[26.994504,38.524155],[26.999419,38.525119],[27.001154,38.526179],[27.002142,38.526931],[27.00271,38.527509],[27.00271,38.528137],[27.002578,38.528764],[27.006476,38.529293],[27.01229,38.529755],[27.014305,38.529755],[27.015428,38.528929],[27.017905,38.526749],[27.020878,38.523809],[27.024016,38.520539],[27.027782,38.524701],[27.028475,38.524503],[27.030325,38.526089],[27.03125,38.526419],[27.031446,38.526188],[27.032373,38.525098],[27.033562,38.524173],[27.034817,38.523149],[27.035315,38.522681],[27.036195,38.523233],[27.037097,38.523909],[27.038962,38.525048],[27.039772,38.525329],[27.040121,38.526503],[27.040433,38.527377],[27.040373,38.527646],[27.039739,38.528071],[27.039111,38.528665],[27.039111,38.529326],[27.039706,38.530218],[27.040135,38.530746],[27.040301,38.531308],[27.041357,38.533367],[27.043383,38.536709],[27.045335,38.540324],[27.047359,38.542637],[27.051697,38.545456],[27.057624,38.549504],[27.060733,38.551601],[27.064492,38.553191],[27.067456,38.553986],[27.070275,38.554565],[27.075263,38.555071],[27.08054,38.554131],[27.084371,38.552902],[27.087769,38.55189],[27.094131,38.551745],[27.099011,38.551429],[27.100063,38.549399],[27.102246,38.54678],[27.10635,38.543811],[27.109842,38.540406],[27.112898,38.537786],[27.114907,38.536389],[27.115256,38.534032],[27.115605,38.533246],[27.115692,38.530539],[27.11447,38.528618],[27.112113,38.526173],[27.109406,38.52434],[27.107048,38.523292],[27.103818,38.520323],[27.102944,38.51849],[27.10146,38.515172],[27.101635,38.511242],[27.101198,38.507663],[27.099626,38.505305],[27.09561,38.501987],[27.092179,38.498211],[27.092233,38.497671],[27.092026,38.497108],[27.092322,38.496603],[27.091818,38.496188],[27.090988,38.495565],[27.090276,38.494794],[27.089861,38.493934],[27.088853,38.492896],[27.087785,38.491977],[27.086984,38.491236],[27.087607,38.490287],[27.087399,38.48999],[27.087132,38.489545],[27.085175,38.487677],[27.084523,38.487084],[27.083425,38.486757],[27.082595,38.486609],[27.081854,38.48655],[27.081201,38.486312],[27.080993,38.485986],[27.080633,38.485571],[27.079275,38.486018],[27.077627,38.48656],[27.075888,38.484029],[27.073831,38.482091],[27.071419,38.480154],[27.068019,38.477623],[27.066002,38.476437],[27.065779,38.476087],[27.065448,38.475685],[27.064317,38.475509],[27.062799,38.474974],[27.062403,38.474618],[27.062403,38.474183],[27.062997,38.47355],[27.064232,38.473036],[27.064855,38.472403],[27.064855,38.471889],[27.064855,38.470743],[27.064895,38.469517],[27.065251,38.468251],[27.065485,38.46785],[27.065661,38.467323],[27.066446,38.465751],[27.06797,38.464229]]]}},{"type":"Feature","properties":{"id":"TR-D-35-011","parent_id":"TR-P-35","region_id":"TR-R-EGE","level":"district","municipality_type":null,"municipality_type_label":null,"is_metropolitan_municipality":null,"name":"Dikili","name_ascii":"dikili","slug":"dikili-izmir"},"geometry":{"type":"MultiPolygon","coordinates":[[[[26.941282,39.236138],[26.941986,39.235453],[26.942333,39.235092],[26.943002,39.234357],[26.943653,39.233612],[26.948442,39.227966],[26.949087,39.227217],[26.949745,39.226475],[26.950081,39.226109],[26.950767,39.225386],[26.951473,39.224676],[26.951836,39.224328],[26.952208,39.223986],[26.952592,39.223653],[26.952966,39.223351],[26.953743,39.222767],[26.954949,39.221922],[26.955766,39.221367],[26.957001,39.220544],[26.957833,39.220002],[26.958677,39.219472],[26.959571,39.218939],[26.960476,39.218418],[26.963219,39.21687],[26.964597,39.216104],[26.96552,39.215609],[26.965985,39.215372],[26.966453,39.215148],[26.966925,39.214941],[26.967403,39.21476],[26.967859,39.214618],[26.968318,39.214508],[26.968776,39.214435],[26.969229,39.214405],[26.969673,39.214429],[26.970133,39.21452],[26.970587,39.214659],[26.971145,39.214854],[26.97334,39.213266],[26.975683,39.210185],[26.977602,39.20865],[26.978993,39.207586],[26.980711,39.206359],[26.983492,39.204805],[26.986601,39.203986],[26.989383,39.203332],[26.992573,39.203087],[26.994619,39.202596],[26.999527,39.202187],[27.003291,39.201778],[27.005418,39.200878],[27.007136,39.198751],[27.009426,39.196542],[27.011226,39.193678],[27.013599,39.190488],[27.01589,39.186806],[27.018508,39.183288],[27.01998,39.18067],[27.02358,39.17887],[27.026198,39.176334],[27.030861,39.170935],[27.034624,39.167581],[27.039697,39.163654],[27.044033,39.160136],[27.045587,39.157518],[27.045996,39.153836],[27.045751,39.148846],[27.045014,39.143201],[27.043787,39.131093],[27.042969,39.12872],[27.041496,39.125939],[27.040351,39.12193],[27.039451,39.118985],[27.037406,39.116121],[27.034052,39.113994],[27.032497,39.113585],[27.030616,39.11244],[27.028325,39.109822],[27.026198,39.107695],[27.02358,39.104668],[27.021698,39.102622],[27.020062,39.100741],[27.018344,39.098205],[27.017117,39.095178],[27.017444,39.092069],[27.01713,39.089396],[27.017458,39.086451],[27.017458,39.082851],[27.016912,39.080561],[27.013203,39.076088],[27.010695,39.072271],[27.008513,39.069216],[27.003713,39.065944],[27.000223,39.063544],[26.997605,39.059181],[26.993678,39.054054],[26.990078,39.046745],[26.985715,39.044346],[26.982115,39.041728],[26.980156,39.039551],[26.980254,39.038684],[26.982801,39.036561],[26.983596,39.035932],[26.983982,39.03561],[26.984354,39.035282],[26.984706,39.034944],[26.98503,39.034594],[26.985269,39.034292],[26.985484,39.033979],[26.985672,39.033658],[26.985832,39.033329],[26.98596,39.032992],[26.986061,39.032615],[26.986128,39.032231],[26.986169,39.031841],[26.986189,39.031448],[26.986194,39.031053],[26.986186,39.030656],[26.986137,39.02986],[26.986047,39.029064],[26.985984,39.02867],[26.985911,39.028276],[26.985744,39.027491],[26.985457,39.026321],[26.984846,39.023992],[26.984651,39.023217],[26.98447,39.022437],[26.984311,39.021655],[26.984185,39.020869],[26.9841,39.020078],[26.984076,39.019682],[26.984065,39.019286],[26.984072,39.018861],[26.984093,39.018437],[26.984164,39.017587],[26.984257,39.016738],[26.984417,39.015464],[26.984713,39.013343],[26.984905,39.012158],[26.985047,39.01137],[26.98528,39.010195],[26.985609,39.008628],[26.985949,39.007061],[26.986215,39.005892],[26.986515,39.00473],[26.986748,39.003965],[26.986882,39.003587],[26.987027,39.003222],[26.987187,39.002861],[26.987363,39.002507],[26.987559,39.00216],[26.987776,39.001822],[26.98805,39.001453],[26.988952,39.000375],[26.98925,38.999999],[26.989538,38.999615],[26.989818,38.999227],[26.99036,38.99844],[26.991147,38.997245],[26.992389,38.995311],[27.012708,38.963447],[27.013162,38.962733],[27.012532,38.960537],[27.012403,38.960131],[27.012156,38.959261],[27.011349,38.956176],[27.010971,38.954859],[27.010723,38.954098],[27.01045,38.953343],[27.010302,38.952968],[27.009986,38.952237],[27.00964,38.951514],[27.009268,38.950804],[27.009073,38.950455],[27.008665,38.949762],[27.008235,38.949084],[27.00778,38.948424],[27.007539,38.948101],[27.007288,38.947786],[27.00703,38.947487],[27.006758,38.947199],[27.006471,38.946924],[27.006166,38.946665],[27.005841,38.946427],[27.005421,38.946174],[27.004974,38.945953],[27.004504,38.945761],[27.004017,38.945599],[27.003516,38.945469],[27.003001,38.945378],[27.00251,38.945332],[27.00201,38.945317],[27.001505,38.945325],[27.000879,38.945357],[26.999059,38.945486],[26.998585,38.94551],[26.998111,38.94552],[26.997605,38.945512],[26.9971,38.945483],[26.9966,38.945433],[26.996105,38.94536],[26.995582,38.945256],[26.995066,38.94513],[26.994554,38.944988],[26.994046,38.944834],[26.993035,38.944503],[26.992032,38.944154],[26.990537,38.943606],[26.989504,38.943205],[26.988991,38.942998],[26.987979,38.942568],[26.987481,38.942342],[26.986995,38.942108],[26.986039,38.941618],[26.984631,38.940852],[26.983248,38.940059],[26.982347,38.93951],[26.981976,38.939271],[26.981246,38.938784],[26.979739,38.937744],[26.978945,38.937209],[26.97854,38.93695],[26.978127,38.936699],[26.977684,38.936449],[26.977231,38.936207],[26.976771,38.935974],[26.975837,38.935521],[26.974417,38.934864],[26.973358,38.934387],[26.972104,38.933838],[26.970859,38.933306],[26.970244,38.933053],[26.969266,38.933678],[26.965797,38.935341],[26.963271,38.939506],[26.964505,38.941777],[26.970032,38.945289],[26.973943,38.947729],[26.975763,38.94912],[26.977711,38.950564],[26.978889,38.951525],[26.977094,38.952553],[26.975722,38.956012],[26.971318,38.955627],[26.956369,38.944074],[26.952285,38.941028],[26.949198,38.938814],[26.947798,38.93781],[26.946243,38.938383],[26.944905,38.938843],[26.944008,38.939151],[26.943489,38.939366],[26.941209,38.938888],[26.940993,38.938828],[26.937838,38.937954],[26.936571,38.937632],[26.936052,38.937167],[26.935462,38.936523],[26.935784,38.935754],[26.935981,38.935093],[26.935855,38.934699],[26.935741,38.934225],[26.93586,38.933794],[26.936467,38.932701],[26.936653,38.932463],[26.93806,38.930561],[26.93872,38.929873],[26.939182,38.929274],[26.939387,38.928568],[26.93941,38.927269],[26.939573,38.926409],[26.93951,38.926143],[26.93912,38.925975],[26.93843,38.926102],[26.937554,38.926322],[26.936836,38.92632],[26.936133,38.926487],[26.935269,38.926916],[26.934314,38.927223],[26.933254,38.927938],[26.932885,38.928909],[26.932913,38.929735],[26.932721,38.931307],[26.932893,38.932173],[26.933082,38.932528],[26.933081,38.932698],[26.932689,38.933534],[26.932496,38.93389],[26.932487,38.933911],[26.931824,38.934491],[26.930343,38.93579],[26.928966,38.936877],[26.928544,38.937256],[26.927609,38.93784],[26.926837,38.938247],[26.92534,38.938493],[26.92432,38.938661],[26.920915,38.937891],[26.918018,38.937236],[26.909915,38.932888],[26.895043,38.92775],[26.891466,38.925809],[26.885601,38.925446],[26.881317,38.918186],[26.879612,38.918064],[26.855214,38.916317],[26.853447,38.917535],[26.851473,38.918895],[26.856796,38.923085],[26.857746,38.923833],[26.852112,38.932625],[26.851913,38.932655],[26.850129,38.93293],[26.836586,38.934364],[26.832789,38.934766],[26.824165,38.93925],[26.819292,38.943447],[26.815305,38.947377],[26.814458,38.948247],[26.81272,38.950032],[26.805742,38.951906],[26.804627,38.952206],[26.804645,38.953567],[26.802807,38.955893],[26.799945,38.959393],[26.798388,38.963911],[26.798032,38.964944],[26.797618,38.969771],[26.797066,38.976719],[26.796808,38.979529],[26.796578,38.982384],[26.796429,38.984231],[26.796379,38.98488],[26.79629,38.986011],[26.796825,38.988976],[26.796966,38.989733],[26.797945,38.994992],[26.798497,38.997734],[26.798737,38.99825],[26.801721,39.004664],[26.806645,39.012565],[26.808158,39.014772],[26.815423,39.025373],[26.815668,39.025732],[26.814361,39.028243],[26.80664,39.024241],[26.802257,39.024767],[26.800202,39.032387],[26.799838,39.033737],[26.800761,39.035552],[26.804656,39.036899],[26.805198,39.037086],[26.805735,39.03782],[26.808841,39.042067],[26.83118,39.044234],[26.846976,39.055007],[26.851245,39.057802],[26.852657,39.057863],[26.854531,39.057372],[26.855259,39.057074],[26.855882,39.056819],[26.858738,39.057403],[26.859782,39.057802],[26.860765,39.058232],[26.862141,39.058979],[26.863253,39.059583],[26.865556,39.061887],[26.866692,39.063054],[26.86789,39.064589],[26.869794,39.064896],[26.871207,39.064343],[26.872497,39.063821],[26.873295,39.063637],[26.875199,39.063207],[26.876182,39.06376],[26.878662,39.064125],[26.879759,39.064411],[26.880923,39.064714],[26.882124,39.065338],[26.882586,39.065638],[26.882529,39.06588],[26.882494,39.066031],[26.883256,39.066655],[26.884059,39.067001],[26.886098,39.067879],[26.88638,39.06943],[26.886467,39.069912],[26.886492,39.070087],[26.886629,39.071044],[26.886837,39.073909],[26.884438,39.080882],[26.8828,39.085675],[26.881128,39.090433],[26.875522,39.100015],[26.875318,39.100363],[26.875036,39.100638],[26.869407,39.106133],[26.860164,39.115103],[26.854165,39.121085],[26.853467,39.121838],[26.852899,39.122589],[26.850131,39.126016],[26.846614,39.13036],[26.843908,39.13317],[26.837115,39.140169],[26.832736,39.143869],[26.831892,39.144583],[26.825789,39.149686],[26.808059,39.16479],[26.797553,39.167471],[26.782592,39.169388],[26.780428,39.169465],[26.775308,39.167647],[26.770737,39.166624],[26.770526,39.16667],[26.770305,39.166718],[26.770047,39.166782],[26.769959,39.166803],[26.769891,39.16682],[26.76984,39.166833],[26.770967,39.167958],[26.771671,39.168719],[26.772327,39.169448],[26.772986,39.170197],[26.773944,39.171284],[26.780383,39.178644],[26.780933,39.179284],[26.781338,39.179753],[26.782265,39.180873],[26.783157,39.182002],[26.784327,39.183517],[26.791035,39.192241],[26.791481,39.192829],[26.792479,39.194145],[26.793311,39.195299],[26.793829,39.19608],[26.79407,39.196477],[26.794853,39.197895],[26.795065,39.198241],[26.795281,39.198555],[26.795514,39.19886],[26.795765,39.199156],[26.796033,39.199442],[26.796319,39.199718],[26.796702,39.200041],[26.797108,39.20035],[26.797531,39.200647],[26.79841,39.201221],[26.799768,39.202056],[26.804797,39.205085],[26.806172,39.205906],[26.807097,39.206443],[26.808038,39.206962],[26.8085,39.207202],[26.809439,39.207667],[26.811347,39.208564],[26.815188,39.210324],[26.816073,39.210749],[26.816505,39.210971],[26.816925,39.211204],[26.817351,39.211467],[26.81776,39.211745],[26.818152,39.212037],[26.818525,39.212344],[26.818889,39.212676],[26.819237,39.213021],[26.819901,39.213733],[26.820541,39.214463],[26.823364,39.21779],[26.824291,39.218904],[26.824885,39.219655],[26.825168,39.220035],[26.825435,39.220421],[26.82568,39.220814],[26.825866,39.221152],[26.826034,39.221495],[26.826187,39.221843],[26.826325,39.222196],[26.826448,39.222552],[26.826573,39.222966],[26.826683,39.223384],[26.827074,39.225071],[26.827296,39.225933],[26.82756,39.22681],[26.827857,39.227675],[26.828019,39.228101],[26.828195,39.22852],[26.828389,39.228928],[26.828607,39.229322],[26.82886,39.229695],[26.829159,39.230041],[26.829482,39.230326],[26.829845,39.230587],[26.830237,39.230831],[26.830244,39.230835],[26.830651,39.231061],[26.831081,39.231282],[26.831522,39.231495],[26.831972,39.231704],[26.832059,39.231742],[26.832886,39.232111],[26.833812,39.232509],[26.835351,39.233153],[26.836151,39.233484],[26.837235,39.233934],[26.837919,39.234217],[26.839462,39.234842],[26.8405,39.235232],[26.841024,39.235411],[26.841555,39.235573],[26.842094,39.235712],[26.842583,39.23581],[26.84308,39.235887],[26.843581,39.235947],[26.844088,39.235991],[26.844629,39.236022],[26.84572,39.236054],[26.846817,39.23606],[26.847915,39.236056],[26.854507,39.236002],[26.855603,39.235979],[26.85615,39.23596],[26.856696,39.235934],[26.85724,39.235898],[26.857811,39.235846],[26.858381,39.235783],[26.858949,39.235711],[26.860081,39.235545],[26.861207,39.235353],[26.861767,39.235245],[26.862827,39.235017],[26.865463,39.234394],[26.866522,39.234157],[26.867055,39.234049],[26.867599,39.233949],[26.868145,39.233859],[26.868693,39.233778],[26.869241,39.233706],[26.86979,39.233644],[26.870338,39.233596],[26.870885,39.233564],[26.87143,39.233554],[26.871971,39.233574],[26.872487,39.233627],[26.872998,39.233709],[26.873507,39.233812],[26.874011,39.233933],[26.874512,39.234067],[26.875009,39.234214],[26.875499,39.234374],[26.875982,39.234547],[26.876454,39.234737],[26.876901,39.234938],[26.877335,39.235155],[26.877757,39.235386],[26.878166,39.235628],[26.878561,39.235882],[26.878937,39.23615],[26.879292,39.236433],[26.879617,39.236736],[26.879926,39.237079],[26.880205,39.237442],[26.880466,39.237818],[26.88122,39.238974],[26.881474,39.239339],[26.881741,39.239697],[26.882019,39.240045],[26.88231,39.240381],[26.882617,39.240699],[26.883028,39.241058],[26.8849,39.241871],[26.88519,39.241819],[26.885541,39.241755],[26.88591,39.241608],[26.886256,39.241396],[26.886585,39.241137],[26.886902,39.240842],[26.887208,39.240523],[26.887509,39.240187],[26.888989,39.238416],[26.889296,39.238068],[26.889614,39.237731],[26.889944,39.237407],[26.890287,39.237102],[26.890646,39.236822],[26.891027,39.236575],[26.891436,39.236372],[26.891844,39.236233],[26.892275,39.236135],[26.892723,39.236073],[26.893183,39.236042],[26.89365,39.23604],[26.89412,39.236069],[26.894658,39.23614],[26.895196,39.236243],[26.895733,39.236368],[26.896269,39.236508],[26.896805,39.236659],[26.897873,39.23698],[26.902126,39.238314],[26.90425,39.238966],[26.90585,39.23943],[26.906915,39.239711],[26.908509,39.240092],[26.911179,39.24069],[26.91332,39.241153],[26.914394,39.241372],[26.914933,39.241474],[26.915473,39.24157],[26.916016,39.241657],[26.916543,39.24173],[26.917072,39.241794],[26.918134,39.241904],[26.9192,39.242],[26.920803,39.242131],[26.924066,39.242367],[26.92626,39.242509],[26.927355,39.242564],[26.9279,39.242583],[26.928443,39.242592],[26.928984,39.242587],[26.929521,39.242562],[26.930052,39.242512],[26.930567,39.242432],[26.931076,39.242327],[26.931581,39.242202],[26.932081,39.242062],[26.932579,39.241911],[26.933562,39.241582],[26.934046,39.241405],[26.934523,39.241219],[26.934991,39.241022],[26.935445,39.24081],[26.935883,39.240579],[26.936319,39.240314],[26.936737,39.240029],[26.937141,39.23973],[26.937536,39.23942],[26.938307,39.238782],[26.939064,39.238131],[26.940184,39.237141],[26.941282,39.236138]]],[[[26.837761,38.904285],[26.834103,38.903141],[26.832046,38.905306],[26.831304,38.90816],[26.831576,38.908481],[26.833054,38.910216],[26.835554,38.907479],[26.837761,38.904285]]],[[[26.81971,38.91362],[26.817517,38.912476],[26.813843,38.915438],[26.80978,38.915959],[26.806808,38.91634],[26.805921,38.918507],[26.80855,38.920455],[26.80913,38.922168],[26.80722,38.923535],[26.807602,38.927599],[26.813957,38.924682],[26.81894,38.924118],[26.821088,38.923613],[26.822314,38.923324],[26.823936,38.920247],[26.823651,38.917851],[26.81971,38.91362]]]]}},{"type":"Feature","properties":{"id":"TR-D-35-012","parent_id":"TR-P-35","region_id":"TR-R-EGE","level":"district","municipality_type":null,"municipality_type_label":null,"is_metropolitan_municipality":null,"name":"Foça","name_ascii":"foca","slug":"foca-izmir"},"geometry":{"type":"MultiPolygon","coordinates":[[[[26.824581,38.761309],[26.824786,38.761224],[26.825168,38.761545],[26.825491,38.761716],[26.826578,38.761761],[26.82699,38.761505],[26.827313,38.761505],[26.827681,38.761695],[26.827812,38.761763],[26.828194,38.76172],[26.828399,38.761527],[26.828489,38.761443],[26.828587,38.761474],[26.829105,38.761636],[26.830311,38.76121],[26.830693,38.761361],[26.830957,38.761511],[26.831281,38.761383],[26.831458,38.76087],[26.831342,38.760314],[26.831372,38.760057],[26.83128,38.759719],[26.831255,38.759629],[26.83158,38.759159],[26.831728,38.758518],[26.83173,38.757791],[26.831877,38.75762],[26.832229,38.757791],[26.832319,38.757107],[26.832262,38.75638],[26.83241,38.756017],[26.833293,38.755549],[26.833822,38.75527],[26.834734,38.754951],[26.834882,38.754416],[26.835824,38.753733],[26.836412,38.753413],[26.837382,38.753201],[26.837882,38.752902],[26.837736,38.752495],[26.837179,38.752259],[26.835973,38.752386],[26.835004,38.752278],[26.834692,38.752109],[26.834053,38.751767],[26.833508,38.75142],[26.833479,38.751142],[26.833597,38.75095],[26.833009,38.750928],[26.832775,38.750735],[26.832339,38.748767],[26.832664,38.747869],[26.83243,38.747548],[26.832608,38.746821],[26.832568,38.746767],[26.832373,38.7465],[26.832728,38.745388],[26.833612,38.74447],[26.83379,38.743807],[26.834989,38.743199],[26.836651,38.742356],[26.837113,38.742122],[26.83776,38.74208],[26.838848,38.741783],[26.839729,38.741762],[26.840345,38.742212],[26.840286,38.74234],[26.840192,38.742386],[26.839404,38.742767],[26.838904,38.742766],[26.838874,38.742895],[26.839227,38.742981],[26.840197,38.742618],[26.840638,38.742555],[26.841107,38.742769],[26.841958,38.743476],[26.842163,38.743712],[26.842427,38.743905],[26.843277,38.744783],[26.84357,38.745189],[26.84443,38.745729],[26.845242,38.746325],[26.845388,38.746625],[26.845917,38.746796],[26.846386,38.747332],[26.846738,38.74746],[26.847002,38.747675],[26.84707,38.747675],[26.84756,38.747675],[26.848911,38.748169],[26.849587,38.74817],[26.85079,38.748685],[26.851435,38.74922],[26.851757,38.749798],[26.851463,38.750268],[26.850962,38.750652],[26.850668,38.750973],[26.85055,38.751293],[26.850843,38.751508],[26.852019,38.751402],[26.852782,38.751617],[26.854165,38.75237],[26.855424,38.752968],[26.856569,38.753161],[26.857568,38.75312],[26.85826,38.752786],[26.858362,38.752736],[26.858412,38.752693],[26.859133,38.752065],[26.860793,38.750722],[26.860864,38.750665],[26.860872,38.750649],[26.861366,38.749639],[26.862425,38.748677],[26.862984,38.748486],[26.863161,38.748037],[26.863221,38.747588],[26.864103,38.74684],[26.864134,38.746156],[26.86437,38.745771],[26.8644,38.745408],[26.8649,38.744959],[26.865312,38.744874],[26.865077,38.744553],[26.865666,38.744083],[26.866607,38.743485],[26.867783,38.743209],[26.868577,38.742825],[26.869077,38.742419],[26.869481,38.742379],[26.869929,38.742334],[26.870705,38.74174],[26.871312,38.741224],[26.871782,38.741011],[26.872076,38.741032],[26.872459,38.740562],[26.872724,38.740156],[26.873223,38.739964],[26.873431,38.738981],[26.873961,38.738511],[26.874289,38.737741],[26.874493,38.737143],[26.874551,38.736972],[26.875301,38.736343],[26.875316,38.736331],[26.876992,38.735178],[26.880783,38.734155],[26.882278,38.733391],[26.882381,38.733346],[26.883694,38.732768],[26.885134,38.73247],[26.88612,38.732385],[26.888179,38.732348],[26.889795,38.732616],[26.892505,38.733268],[26.89464,38.733985],[26.896528,38.734812],[26.897525,38.735647],[26.898052,38.736781],[26.898156,38.737523],[26.898256,38.738235],[26.898557,38.738633],[26.898694,38.738556],[26.901542,38.736641],[26.903602,38.734538],[26.904804,38.73368],[26.906778,38.732307],[26.908881,38.730332],[26.913388,38.726599],[26.914632,38.726255],[26.917594,38.725569],[26.921077,38.72461],[26.92411,38.722607],[26.926742,38.72049],[26.929432,38.718373],[26.931721,38.716026],[26.933952,38.71431],[26.936699,38.711334],[26.939217,38.708759],[26.941563,38.706012],[26.944138,38.704353],[26.948029,38.701778],[26.952493,38.6976],[26.954725,38.694568],[26.955869,38.69142],[26.957872,38.687415],[26.958444,38.681692],[26.959989,38.677687],[26.963308,38.67391],[26.96491,38.673338],[26.968687,38.671049],[26.976756,38.668588],[26.985454,38.667501],[26.98711,38.667212],[26.986845,38.66647],[26.98586,38.66089],[26.980608,38.656458],[26.974535,38.654735],[26.967283,38.653073],[26.965867,38.653442],[26.964248,38.653092],[26.962954,38.652306],[26.96134,38.64999],[26.959706,38.647731],[26.959105,38.647607],[26.95734,38.647245],[26.954062,38.646582],[26.946396,38.645063],[26.945309,38.644832],[26.944772,38.644707],[26.944241,38.644573],[26.943719,38.644425],[26.943211,38.644259],[26.942756,38.644083],[26.942318,38.643887],[26.941901,38.643668],[26.941509,38.643426],[26.941121,38.643137],[26.940762,38.642824],[26.940429,38.642494],[26.940119,38.64215],[26.939359,38.641219],[26.939089,38.640928],[26.938791,38.640659],[26.938404,38.640388],[26.937977,38.640148],[26.937518,38.639932],[26.937037,38.639733],[26.936552,38.63955],[26.936033,38.639368],[26.935517,38.639196],[26.93447,38.638862],[26.929235,38.637249],[26.921802,38.63492],[26.920214,38.634438],[26.919681,38.634286],[26.918714,38.63403],[26.918227,38.633913],[26.917736,38.633806],[26.917249,38.633712],[26.916758,38.633629],[26.916265,38.633556],[26.915769,38.633493],[26.915274,38.63344],[26.914777,38.633398],[26.913779,38.633338],[26.913208,38.633319],[26.912637,38.63331],[26.912066,38.63331],[26.911496,38.633319],[26.910928,38.63334],[26.910364,38.633374],[26.909697,38.633442],[26.909321,38.633493],[26.908845,38.633578],[26.908376,38.633683],[26.907917,38.633811],[26.90744,38.633975],[26.906974,38.634163],[26.906605,38.63433],[26.906069,38.63459],[26.905619,38.634826],[26.904731,38.63532],[26.902957,38.636326],[26.901973,38.63685],[26.901156,38.637259],[26.9007,38.637475],[26.900245,38.637681],[26.89979,38.637873],[26.899252,38.638077],[26.898892,38.638198],[26.898459,38.638315],[26.898041,38.63839],[26.897645,38.638412],[26.897281,38.638365],[26.896957,38.638235],[26.896675,38.638036],[26.896435,38.637783],[26.896241,38.637488],[26.896102,38.637159],[26.89602,38.636795],[26.89599,38.636409],[26.895997,38.636009],[26.896031,38.635599],[26.896085,38.635182],[26.896231,38.634337],[26.896655,38.632222],[26.896789,38.631397],[26.896831,38.631022],[26.896849,38.630655],[26.896836,38.630299],[26.896778,38.629958],[26.89666,38.629635],[26.896442,38.629296],[26.89615,38.62898],[26.895804,38.62868],[26.895419,38.628393],[26.895007,38.628113],[26.894575,38.627839],[26.893678,38.627301],[26.892295,38.626512],[26.891366,38.626009],[26.8909,38.625772],[26.890434,38.625551],[26.889967,38.625354],[26.889498,38.625189],[26.889026,38.62507],[26.88855,38.625014],[26.888114,38.62503],[26.887652,38.625103],[26.887197,38.625216],[26.88674,38.625359],[26.886281,38.625524],[26.885821,38.625704],[26.884035,38.626456],[26.88302,38.626869],[26.882548,38.627045],[26.882073,38.627205],[26.881594,38.627346],[26.88111,38.627459],[26.880639,38.627537],[26.880166,38.627582],[26.879697,38.627593],[26.879236,38.627565],[26.878781,38.627493],[26.878343,38.62738],[26.877928,38.627227],[26.877544,38.627034],[26.87716,38.626768],[26.87682,38.626459],[26.876522,38.626117],[26.876268,38.625745],[26.876081,38.625393],[26.875924,38.625027],[26.87579,38.624649],[26.875674,38.624264],[26.875571,38.623874],[26.875214,38.622297],[26.875115,38.621907],[26.875007,38.621534],[26.874884,38.621166],[26.874741,38.620807],[26.874574,38.620457],[26.874377,38.620119],[26.87411,38.619753],[26.873806,38.619403],[26.873474,38.619064],[26.873122,38.618732],[26.872756,38.618407],[26.872379,38.618086],[26.871994,38.617768],[26.871209,38.617144],[26.870403,38.616543],[26.869991,38.616258],[26.869571,38.615988],[26.86914,38.615741],[26.868696,38.615526],[26.868235,38.615354],[26.867774,38.615239],[26.8673,38.61517],[26.866822,38.615141],[26.866347,38.615149],[26.865817,38.615212],[26.865438,38.615291],[26.865023,38.615438],[26.864685,38.61562],[26.864372,38.615842],[26.864078,38.616094],[26.863799,38.616367],[26.863528,38.616653],[26.862992,38.617248],[26.862718,38.617541],[26.862431,38.617822],[26.862125,38.618084],[26.861764,38.618337],[26.861436,38.618522],[26.860963,38.618737],[26.860527,38.618873],[26.860084,38.618958],[26.859624,38.619004],[26.859152,38.619021],[26.85867,38.619016],[26.85814,38.618991],[26.857604,38.618952],[26.857064,38.618904],[26.855435,38.618725],[26.853809,38.618515],[26.85274,38.61835],[26.852257,38.618261],[26.851781,38.618159],[26.851317,38.618039],[26.850868,38.617896],[26.850415,38.617715],[26.849982,38.617505],[26.849569,38.617269],[26.849179,38.617009],[26.848858,38.616762],[26.848551,38.6165],[26.848256,38.616228],[26.84769,38.615661],[26.84685,38.614779],[26.84627,38.614204],[26.84591,38.61388],[26.845537,38.613564],[26.845153,38.613257],[26.84476,38.612956],[26.844359,38.612663],[26.84395,38.612377],[26.843531,38.612099],[26.843103,38.611832],[26.842679,38.611586],[26.842246,38.61135],[26.841804,38.611124],[26.841355,38.610906],[26.840394,38.610473],[26.838925,38.609857],[26.832988,38.607467],[26.831498,38.606876],[26.830501,38.606492],[26.829498,38.606125],[26.828994,38.605951],[26.828487,38.605788],[26.828028,38.605652],[26.827568,38.605526],[26.827109,38.605411],[26.826653,38.605308],[26.825755,38.605118],[26.825327,38.605007],[26.824923,38.604864],[26.824513,38.604659],[26.824134,38.60441],[26.82378,38.604126],[26.823448,38.603815],[26.823134,38.603483],[26.822835,38.603136],[26.822546,38.602778],[26.821987,38.602042],[26.820902,38.600535],[26.819844,38.599014],[26.819339,38.598246],[26.8191,38.597858],[26.818873,38.597465],[26.818684,38.597109],[26.818338,38.596386],[26.818179,38.59602],[26.81788,38.595279],[26.81732,38.59378],[26.817174,38.59341],[26.817019,38.593043],[26.816849,38.592684],[26.816659,38.592334],[26.816442,38.591996],[26.816153,38.591632],[26.815829,38.591285],[26.815423,38.590902],[26.815594,38.589484],[26.814736,38.589112],[26.814584,38.589067],[26.813647,38.588792],[26.812992,38.58895],[26.813303,38.590143],[26.813352,38.590329],[26.814259,38.590967],[26.814257,38.591656],[26.815528,38.592082],[26.816217,38.592613],[26.816614,38.593621],[26.81654,38.594257],[26.815194,38.594891],[26.813957,38.595101],[26.813449,38.595127],[26.813121,38.595471],[26.811268,38.595309],[26.810433,38.594884],[26.809815,38.594883],[26.809741,38.595519],[26.810067,38.59597],[26.810901,38.596448],[26.811664,38.596715],[26.811081,38.597111],[26.809918,38.597427],[26.809186,38.597404],[26.808465,38.597293],[26.807592,38.597503],[26.807409,38.597742],[26.807734,38.59867],[26.807733,38.599147],[26.807296,38.599464],[26.806786,38.599941],[26.807075,38.600604],[26.807727,38.601162],[26.807871,38.601692],[26.807001,38.601081],[26.806274,38.60108],[26.806345,38.601769],[26.80609,38.601901],[26.805037,38.601449],[26.804238,38.601447],[26.803874,38.601738],[26.804129,38.601288],[26.804009,38.601081],[26.803623,38.600413],[26.803224,38.600226],[26.802897,38.599908],[26.802643,38.599722],[26.802027,38.599429],[26.801773,38.599137],[26.80072,38.598738],[26.800282,38.59932],[26.800571,38.60001],[26.80017,38.600592],[26.800423,38.600911],[26.801223,38.600939],[26.801585,38.601257],[26.801511,38.601787],[26.801255,38.602344],[26.80169,38.602662],[26.802018,38.602663],[26.80238,38.602876],[26.803035,38.602638],[26.803201,38.60276],[26.803325,38.602851],[26.803505,38.603514],[26.80325,38.603911],[26.802719,38.603919],[26.801651,38.603935],[26.800923,38.604304],[26.801068,38.604464],[26.801358,38.60457],[26.801575,38.604836],[26.801393,38.60526],[26.800956,38.605471],[26.800809,38.605868],[26.800628,38.605895],[26.800735,38.606451],[26.801242,38.607221],[26.801444,38.607451],[26.801568,38.607593],[26.801822,38.607752],[26.801602,38.608282],[26.801382,38.609077],[26.800799,38.609765],[26.80007,38.610453],[26.799196,38.610928],[26.798862,38.610947],[26.797815,38.611006],[26.796071,38.610711],[26.79509,38.610709],[26.794398,38.611],[26.793962,38.610919],[26.793602,38.609858],[26.793129,38.609964],[26.792692,38.610334],[26.789232,38.612528],[26.788283,38.613904],[26.787737,38.614222],[26.786319,38.614537],[26.784792,38.61472],[26.783918,38.615063],[26.782028,38.616282],[26.781951,38.616332],[26.781705,38.616368],[26.780024,38.61662],[26.779921,38.616746],[26.77944,38.617334],[26.779112,38.617652],[26.776822,38.617568],[26.776351,38.617169],[26.776189,38.616852],[26.776134,38.616745],[26.775409,38.616319],[26.775192,38.615868],[26.775521,38.615206],[26.775706,38.614146],[26.775745,38.613351],[26.774947,38.61266],[26.774293,38.612579],[26.773965,38.613136],[26.773309,38.613717],[26.773022,38.614379],[26.772759,38.615201],[26.772358,38.615465],[26.769817,38.616199],[26.769305,38.616319],[26.768391,38.616533],[26.766643,38.616402],[26.766162,38.616114],[26.766041,38.615612],[26.765947,38.61522],[26.765424,38.614709],[26.764943,38.614612],[26.76481,38.614995],[26.765012,38.615291],[26.765376,38.615825],[26.764937,38.61643],[26.764324,38.61662],[26.764019,38.616364],[26.76332,38.61614],[26.762623,38.615277],[26.76188,38.614989],[26.760193,38.615132],[26.760043,38.615145],[26.759255,38.615398],[26.759191,38.615428],[26.75851,38.615747],[26.758446,38.615731],[26.757636,38.615522],[26.756848,38.61584],[26.756278,38.616285],[26.756802,38.616701],[26.756894,38.617298],[26.75693,38.61753],[26.758631,38.618873],[26.758978,38.619703],[26.758188,38.620754],[26.758096,38.621901],[26.757699,38.622953],[26.757217,38.623207],[26.75643,38.623206],[26.756298,38.623524],[26.756864,38.624099],[26.757167,38.624929],[26.756991,38.625503],[26.757165,38.625822],[26.757032,38.626205],[26.757118,38.626651],[26.755848,38.627191],[26.755628,38.627573],[26.755453,38.627541],[26.755299,38.627479],[26.754972,38.627348],[26.754491,38.627284],[26.754184,38.627602],[26.754489,38.628113],[26.754444,38.6284],[26.754706,38.628655],[26.755317,38.628912],[26.755574,38.629074],[26.755928,38.629296],[26.756321,38.629647],[26.756932,38.629872],[26.757896,38.629523],[26.758667,38.630286],[26.759075,38.630822],[26.758605,38.631227],[26.759481,38.632234],[26.759695,38.632409],[26.759979,38.632642],[26.760348,38.632759],[26.760653,38.632857],[26.761768,38.632709],[26.762267,38.632518],[26.763118,38.63252],[26.763762,38.632949],[26.764319,38.633035],[26.76458,38.633998],[26.764989,38.634405],[26.764944,38.634556],[26.764574,38.635795],[26.764661,38.636094],[26.7646,38.636714],[26.766682,38.637082],[26.768428,38.634918],[26.768714,38.634563],[26.770503,38.635463],[26.770455,38.635521],[26.76978,38.636368],[26.768845,38.637539],[26.767018,38.639828],[26.766053,38.641037],[26.765382,38.640675],[26.76494,38.640436],[26.764625,38.640788],[26.764557,38.640863],[26.764391,38.640795],[26.763092,38.640262],[26.762916,38.640454],[26.761451,38.639895],[26.761252,38.640147],[26.761097,38.640343],[26.760394,38.640064],[26.759866,38.640041],[26.759398,38.639591],[26.758959,38.63944],[26.758227,38.638819],[26.7577,38.638582],[26.756967,38.638452],[26.756381,38.638088],[26.755856,38.637466],[26.755838,38.637268],[26.755799,38.636825],[26.755653,38.636611],[26.75495,38.636374],[26.754218,38.635838],[26.753456,38.635558],[26.752344,38.634786],[26.751847,38.63488],[26.751787,38.634892],[26.751262,38.634719],[26.750937,38.634612],[26.750768,38.634633],[26.750438,38.634675],[26.750184,38.6346],[26.749852,38.634502],[26.749295,38.634437],[26.748942,38.634543],[26.748716,38.634898],[26.748588,38.635098],[26.748292,38.635932],[26.748027,38.636167],[26.746971,38.636293],[26.746207,38.636483],[26.745384,38.637081],[26.744672,38.637163],[26.744122,38.637227],[26.743739,38.637569],[26.743562,38.637996],[26.743673,38.638286],[26.743824,38.638681],[26.743852,38.639002],[26.743469,38.639493],[26.743438,38.639792],[26.743817,38.640627],[26.743756,38.64114],[26.743638,38.641439],[26.743842,38.641868],[26.743664,38.642167],[26.743722,38.642381],[26.743898,38.642595],[26.743924,38.643258],[26.743688,38.643792],[26.743452,38.644027],[26.743362,38.644732],[26.74292,38.645309],[26.742273,38.645692],[26.74101,38.646053],[26.739162,38.646028],[26.738681,38.645793],[26.738283,38.645598],[26.73799,38.645576],[26.736936,38.644846],[26.736409,38.644589],[26.735792,38.644737],[26.73538,38.645335],[26.7352,38.646169],[26.734817,38.646702],[26.73317,38.647747],[26.732284,38.649391],[26.73281,38.649991],[26.734273,38.650957],[26.734556,38.6514],[26.734711,38.651642],[26.734854,38.652712],[26.734087,38.653651],[26.733204,38.654333],[26.732238,38.65457],[26.731191,38.654716],[26.730897,38.654757],[26.730735,38.654402],[26.730168,38.654372],[26.729298,38.654443],[26.72877,38.655243],[26.727391,38.655197],[26.726014,38.65468],[26.725722,38.654295],[26.725724,38.653782],[26.726373,38.652928],[26.726551,38.652351],[26.726174,38.651302],[26.725708,38.650424],[26.725445,38.650103],[26.725064,38.650037],[26.724739,38.650571],[26.724268,38.650976],[26.723445,38.651381],[26.722797,38.651978],[26.722941,38.652599],[26.722998,38.653112],[26.722762,38.653475],[26.722849,38.653711],[26.722788,38.654266],[26.723373,38.654717],[26.723402,38.654867],[26.723137,38.655037],[26.723048,38.655315],[26.723517,38.655338],[26.723897,38.655681],[26.723603,38.656043],[26.723367,38.656257],[26.724218,38.656409],[26.725568,38.656283],[26.72598,38.655899],[26.726303,38.655857],[26.726597,38.655644],[26.72689,38.655902],[26.727037,38.655838],[26.727361,38.655518],[26.728182,38.655605],[26.728563,38.655756],[26.729119,38.656056],[26.72947,38.656442],[26.730024,38.656417],[26.73035,38.656402],[26.730878,38.656617],[26.731229,38.656703],[26.732792,38.658686],[26.733267,38.659368],[26.733508,38.659574],[26.734035,38.659789],[26.734562,38.660218],[26.734764,38.66101],[26.735142,38.662037],[26.73508,38.662871],[26.734808,38.663157],[26.734226,38.663767],[26.734225,38.663981],[26.734722,38.664496],[26.734897,38.664838],[26.73516,38.665224],[26.735481,38.665609],[26.734567,38.666634],[26.734273,38.66674],[26.734508,38.666869],[26.734566,38.666997],[26.734185,38.666975],[26.734096,38.667082],[26.734595,38.667211],[26.734948,38.666934],[26.735506,38.666786],[26.736655,38.665569],[26.736999,38.665338],[26.739097,38.663928],[26.739479,38.663843],[26.73992,38.66363],[26.740742,38.663547],[26.741709,38.663912],[26.742324,38.66432],[26.741941,38.66464],[26.741203,38.665686],[26.741114,38.665964],[26.741289,38.666264],[26.7417,38.666457],[26.742169,38.666415],[26.742639,38.666459],[26.742843,38.666845],[26.742753,38.667443],[26.742501,38.667868],[26.742487,38.667892],[26.742602,38.668384],[26.743102,38.668257],[26.743629,38.668557],[26.744362,38.66873],[26.745683,38.668626],[26.74548,38.668134],[26.744631,38.667448],[26.744688,38.667311],[26.744821,38.666995],[26.745282,38.666016],[26.745049,38.665524],[26.744903,38.665117],[26.745169,38.664626],[26.745698,38.664327],[26.747314,38.663753],[26.748841,38.663693],[26.749228,38.663933],[26.750097,38.664466],[26.750102,38.664471],[26.750894,38.665155],[26.751032,38.665345],[26.751373,38.665452],[26.751692,38.665452],[26.752021,38.66544],[26.752464,38.665424],[26.7528,38.665413],[26.753297,38.665649],[26.753487,38.666157],[26.75341,38.66631],[26.753288,38.666451],[26.753115,38.666653],[26.752203,38.667293],[26.751057,38.667803],[26.750644,38.668359],[26.750495,38.669064],[26.750698,38.669642],[26.751607,38.670029],[26.752516,38.670245],[26.75319,38.670588],[26.753983,38.670312],[26.754603,38.669287],[26.754808,38.669164],[26.754897,38.669694],[26.754912,38.670067],[26.754927,38.670501],[26.754931,38.670612],[26.754954,38.671108],[26.754509,38.672529],[26.754032,38.673536],[26.753433,38.673927],[26.751914,38.674563],[26.751277,38.674914],[26.751179,38.674968],[26.75025,38.675653],[26.749443,38.676248],[26.748676,38.677379],[26.747675,38.677976],[26.746441,38.678465],[26.745129,38.678636],[26.744503,38.678718],[26.743622,38.67863],[26.743064,38.678715],[26.74148,38.678583],[26.740718,38.678367],[26.739192,38.67815],[26.737904,38.67727],[26.737758,38.676928],[26.737525,38.676606],[26.738144,38.675881],[26.737997,38.675795],[26.737247,38.675978],[26.736352,38.676133],[26.73603,38.675855],[26.735649,38.675811],[26.735591,38.67564],[26.734537,38.674953],[26.734184,38.675187],[26.733596,38.675272],[26.733214,38.675378],[26.733302,38.675528],[26.733595,38.675699],[26.733769,38.676085],[26.734033,38.676235],[26.733767,38.676598],[26.733826,38.676705],[26.73412,38.676599],[26.734236,38.676813],[26.735293,38.676901],[26.735907,38.677501],[26.736051,38.678143],[26.736665,38.678807],[26.736929,38.679],[26.738015,38.679003],[26.738663,38.678384],[26.739542,38.678685],[26.740215,38.67935],[26.740743,38.679479],[26.741327,38.680293],[26.741322,38.680473],[26.741293,38.681448],[26.740967,38.682495],[26.740348,38.683114],[26.739553,38.683754],[26.738789,38.683902],[26.738503,38.683359],[26.73844,38.683238],[26.738059,38.682895],[26.737706,38.683151],[26.737089,38.683278],[26.736472,38.683555],[26.736178,38.683511],[26.735884,38.683831],[26.735941,38.684259],[26.736087,38.684431],[26.735968,38.68473],[26.735675,38.684686],[26.735585,38.685157],[26.73532,38.685348],[26.734379,38.685817],[26.734027,38.685773],[26.734055,38.68618],[26.734671,38.686416],[26.735375,38.686311],[26.735906,38.686606],[26.736108,38.686719],[26.736751,38.687319],[26.736718,38.68841],[26.736481,38.688965],[26.735922,38.689413],[26.735599,38.689434],[26.735333,38.689775],[26.734745,38.690009],[26.734129,38.690008],[26.73404,38.690157],[26.733599,38.690349],[26.733276,38.690284],[26.733187,38.69054],[26.73263,38.690661],[26.732012,38.690794],[26.731719,38.69058],[26.731572,38.690665],[26.731542,38.690986],[26.731365,38.691135],[26.73151,38.691563],[26.731544,38.691996],[26.731566,38.69229],[26.73177,38.692868],[26.731621,38.693274],[26.731091,38.693851],[26.730825,38.694278],[26.730177,38.694789],[26.729913,38.694831],[26.729498,38.694689],[26.729473,38.694681],[26.728973,38.694765],[26.728738,38.694936],[26.728705,38.695898],[26.728887,38.696042],[26.729466,38.696499],[26.729789,38.696499],[26.729817,38.696799],[26.730169,38.696928],[26.730519,38.697463],[26.730956,38.698384],[26.731096,38.698927],[26.731188,38.699283],[26.731068,38.699796],[26.731094,38.700694],[26.730857,38.70125],[26.730415,38.701655],[26.730121,38.701783],[26.73015,38.701954],[26.731501,38.701978],[26.732145,38.702343],[26.732933,38.70365],[26.732755,38.704098],[26.732988,38.704783],[26.73243,38.704782],[26.732106,38.704931],[26.732044,38.705765],[26.732366,38.706193],[26.732365,38.706514],[26.731953,38.706599],[26.731571,38.706619],[26.731306,38.706897],[26.731013,38.706768],[26.730601,38.707023],[26.730219,38.706937],[26.730247,38.707365],[26.730071,38.707492],[26.730363,38.707728],[26.730127,38.708091],[26.729656,38.70839],[26.729626,38.708384],[26.729245,38.708303],[26.72907,38.708132],[26.728629,38.708131],[26.728483,38.707831],[26.728219,38.707873],[26.728305,38.708429],[26.728598,38.708644],[26.728891,38.708773],[26.72939,38.708817],[26.729537,38.708954],[26.729712,38.709117],[26.729594,38.709331],[26.729463,38.709346],[26.729241,38.709373],[26.729329,38.709544],[26.729388,38.709704],[26.729416,38.709779],[26.729361,38.709819],[26.728945,38.71012],[26.728474,38.710248],[26.728004,38.71046],[26.728091,38.710653],[26.729261,38.710256],[26.729532,38.710164],[26.73,38.710551],[26.730468,38.711086],[26.72988,38.711213],[26.729468,38.711597],[26.729379,38.711854],[26.729759,38.712175],[26.729641,38.712325],[26.729142,38.712366],[26.728994,38.712601],[26.729228,38.712859],[26.729168,38.713094],[26.728816,38.712965],[26.728638,38.713434],[26.728755,38.713606],[26.72899,38.713735],[26.728959,38.714227],[26.728517,38.714568],[26.728575,38.714824],[26.728632,38.715295],[26.728895,38.715424],[26.728835,38.71583],[26.729128,38.716109],[26.72951,38.71596],[26.729862,38.715961],[26.729893,38.715683],[26.730158,38.715577],[26.730482,38.715257],[26.730922,38.715258],[26.73142,38.715687],[26.731917,38.716351],[26.731711,38.716521],[26.73171,38.716756],[26.731826,38.716992],[26.731649,38.717163],[26.731736,38.717526],[26.732088,38.717591],[26.732028,38.717891],[26.731705,38.71789],[26.731499,38.718146],[26.731644,38.718574],[26.731878,38.718831],[26.732259,38.719003],[26.732464,38.71926],[26.731931,38.720286],[26.73149,38.720584],[26.730579,38.720625],[26.730168,38.720752],[26.729698,38.720708],[26.729582,38.720344],[26.728437,38.720106],[26.727878,38.720362],[26.727114,38.720617],[26.726681,38.721117],[26.726671,38.721129],[26.726681,38.721153],[26.726933,38.721771],[26.72743,38.722371],[26.727635,38.722414],[26.727458,38.722671],[26.728191,38.7231],[26.728837,38.723102],[26.729365,38.723317],[26.729893,38.723446],[26.729804,38.723617],[26.728864,38.723615],[26.72854,38.724063],[26.728216,38.724148],[26.728243,38.724768],[26.728595,38.724855],[26.728389,38.725025],[26.728446,38.725603],[26.728374,38.72564],[26.72824,38.725709],[26.728208,38.726244],[26.728648,38.72648],[26.728764,38.726865],[26.729116,38.726952],[26.729086,38.727165],[26.729584,38.727509],[26.729956,38.727564],[26.730171,38.727596],[26.730875,38.727768],[26.731229,38.727577],[26.731583,38.727171],[26.732052,38.727258],[26.732578,38.728115],[26.732517,38.728563],[26.732898,38.728842],[26.733161,38.729142],[26.733631,38.729143],[26.733748,38.729272],[26.733248,38.729613],[26.733236,38.72967],[26.733188,38.729912],[26.733833,38.730106],[26.733841,38.730106],[26.735037,38.730152],[26.736062,38.731031],[26.736768,38.730861],[26.737031,38.731119],[26.737088,38.731739],[26.737586,38.732082],[26.738467,38.73217],[26.738585,38.73202],[26.738527,38.731721],[26.739057,38.731572],[26.739791,38.731552],[26.741261,38.731107],[26.742638,38.732051],[26.743018,38.732608],[26.743043,38.733805],[26.742191,38.733932],[26.741837,38.734273],[26.742012,38.734829],[26.742128,38.735065],[26.74189,38.735941],[26.741566,38.736326],[26.74139,38.736111],[26.740657,38.73581],[26.74004,38.735766],[26.739745,38.736108],[26.739568,38.736449],[26.739214,38.736769],[26.739154,38.737069],[26.738801,38.737324],[26.739181,38.737817],[26.738826,38.738351],[26.738759,38.738518],[26.738619,38.738864],[26.739029,38.739186],[26.739094,38.739192],[26.739704,38.739251],[26.740115,38.739509],[26.74032,38.739531],[26.740376,38.740236],[26.740052,38.740535],[26.740031,38.740806],[26.740021,38.74092],[26.739727,38.741133],[26.739637,38.741582],[26.740195,38.741754],[26.74073,38.741386],[26.740813,38.741328],[26.741312,38.7415],[26.74132,38.741563],[26.741369,38.741928],[26.742427,38.741824],[26.742583,38.74164],[26.742663,38.741546],[26.743133,38.741526],[26.743487,38.741291],[26.744058,38.741546],[26.744161,38.741592],[26.744224,38.741529],[26.744309,38.741443],[26.744495,38.741499],[26.744954,38.741637],[26.74516,38.741552],[26.74563,38.741638],[26.745794,38.741316],[26.745837,38.741232],[26.745574,38.740975],[26.745781,38.740505],[26.746339,38.740442],[26.747072,38.740936],[26.747572,38.740808],[26.74813,38.740767],[26.748343,38.740816],[26.7486,38.740875],[26.748953,38.740683],[26.748938,38.740664],[26.748748,38.740426],[26.748691,38.740062],[26.750015,38.739573],[26.750104,38.739146],[26.750457,38.739018],[26.751044,38.739255],[26.751542,38.739726],[26.751831,38.739741],[26.751982,38.739748],[26.752151,38.739618],[26.752424,38.739407],[26.752895,38.739173],[26.753014,38.738767],[26.753603,38.738298],[26.753722,38.737934],[26.753488,38.737506],[26.75396,38.736951],[26.754401,38.736867],[26.754606,38.737038],[26.754988,38.737124],[26.755163,38.737403],[26.75578,38.737297],[26.756103,38.737426],[26.756368,38.737191],[26.756369,38.736871],[26.756135,38.736806],[26.756517,38.73655],[26.757017,38.736444],[26.757194,38.736167],[26.757664,38.736125],[26.758809,38.736405],[26.759425,38.736855],[26.759569,38.737519],[26.759561,38.737602],[26.759508,38.73816],[26.759389,38.73863],[26.759183,38.738801],[26.759417,38.739229],[26.760768,38.739382],[26.760943,38.739575],[26.761384,38.739554],[26.761912,38.739748],[26.76241,38.740155],[26.76288,38.74022],[26.763233,38.740007],[26.763966,38.740607],[26.764142,38.740565],[26.763996,38.740137],[26.764351,38.73956],[26.764646,38.739304],[26.765057,38.739198],[26.765058,38.738813],[26.765147,38.738706],[26.765266,38.738258],[26.76559,38.737959],[26.766207,38.737853],[26.766912,38.738004],[26.767352,38.738283],[26.767438,38.738754],[26.767731,38.739054],[26.7672,38.73963],[26.76702,38.740763],[26.767017,38.741704],[26.768249,38.742348],[26.768778,38.742199],[26.768899,38.742196],[26.769542,38.74218],[26.770101,38.742095],[26.770485,38.74154],[26.770221,38.741154],[26.769782,38.740876],[26.769138,38.740147],[26.768904,38.739762],[26.7692,38.738971],[26.769201,38.738543],[26.768938,38.738222],[26.768674,38.738179],[26.768323,38.737515],[26.768471,38.737259],[26.768884,38.73696],[26.768914,38.736682],[26.769385,38.736298],[26.769445,38.735935],[26.769181,38.73572],[26.769182,38.735623],[26.769183,38.735143],[26.76986,38.734824],[26.770006,38.734909],[26.770123,38.735316],[26.770504,38.735317],[26.770825,38.735585],[26.770915,38.73566],[26.771414,38.735767],[26.771677,38.736132],[26.772146,38.736304],[26.772732,38.736839],[26.772672,38.737203],[26.772348,38.737416],[26.772201,38.737736],[26.771552,38.738462],[26.771756,38.738933],[26.772138,38.738827],[26.772256,38.738678],[26.773078,38.738893],[26.773783,38.73883],[26.774106,38.739066],[26.77437,38.738981],[26.77449,38.738254],[26.774902,38.738063],[26.775195,38.738234],[26.775253,38.738491],[26.775547,38.738663],[26.776016,38.739027],[26.77628,38.738942],[26.776604,38.738643],[26.776927,38.738772],[26.777191,38.739008],[26.777367,38.73903],[26.777659,38.739415],[26.7781,38.739587],[26.778335,38.739545],[26.778568,38.740016],[26.779155,38.740145],[26.779419,38.740253],[26.779655,38.740018],[26.779597,38.739697],[26.779128,38.739546],[26.779076,38.739393],[26.779041,38.73929],[26.778894,38.739054],[26.778308,38.738775],[26.778251,38.738219],[26.778814,38.737906],[26.779251,38.7376],[26.779429,38.737237],[26.779518,38.736767],[26.780195,38.73649],[26.780812,38.736577],[26.781104,38.737155],[26.781043,38.737753],[26.781453,38.738118],[26.781981,38.738268],[26.78245,38.738761],[26.782625,38.739125],[26.783124,38.739404],[26.783506,38.739191],[26.783947,38.739128],[26.784534,38.739514],[26.784825,38.740156],[26.784706,38.740733],[26.784411,38.741053],[26.783853,38.74118],[26.783587,38.74165],[26.783685,38.741983],[26.783732,38.742143],[26.784259,38.742721],[26.78511,38.743193],[26.785668,38.743429],[26.786173,38.74333],[26.786314,38.743302],[26.786784,38.743431],[26.786858,38.743676],[26.7869,38.743817],[26.786693,38.744201],[26.786663,38.744479],[26.78631,38.744799],[26.786309,38.74512],[26.787073,38.745143],[26.786807,38.745527],[26.786835,38.745848],[26.787187,38.746063],[26.787186,38.746448],[26.787127,38.746725],[26.787419,38.747132],[26.788212,38.747198],[26.788714,38.746621],[26.789595,38.746537],[26.789773,38.745896],[26.790185,38.745854],[26.790566,38.746154],[26.790859,38.746326],[26.791182,38.746455],[26.791181,38.746711],[26.790799,38.746924],[26.790475,38.747223],[26.790297,38.747544],[26.790062,38.747736],[26.790325,38.74825],[26.790648,38.748293],[26.790999,38.748614],[26.791793,38.74838],[26.792234,38.748317],[26.792558,38.748083],[26.793293,38.748041],[26.793704,38.74817],[26.793792,38.747956],[26.793559,38.747571],[26.793649,38.746801],[26.793771,38.746658],[26.793885,38.746524],[26.794825,38.746376],[26.795619,38.746356],[26.796294,38.746549],[26.796881,38.746593],[26.797321,38.746936],[26.79729,38.747492],[26.797054,38.747748],[26.797103,38.748035],[26.797112,38.74809],[26.79767,38.748348],[26.798029,38.748407],[26.798463,38.748478],[26.798594,38.748621],[26.798873,38.748928],[26.79943,38.748939],[26.799989,38.748951],[26.80087,38.749295],[26.801094,38.749552],[26.80128,38.749766],[26.802101,38.750302],[26.802982,38.750474],[26.803321,38.750362],[26.803688,38.75024],[26.804159,38.749792],[26.804541,38.749707],[26.804981,38.749943],[26.805274,38.750371],[26.805214,38.75097],[26.805213,38.751047],[26.805213,38.751163],[26.805624,38.751313],[26.805828,38.75127],[26.806124,38.751207],[26.806888,38.751208],[26.807768,38.751637],[26.808531,38.752152],[26.809235,38.752345],[26.810146,38.752219],[26.810647,38.751963],[26.810912,38.751642],[26.810883,38.751471],[26.811147,38.7516],[26.811352,38.751814],[26.81241,38.751859],[26.812881,38.751667],[26.813262,38.751817],[26.813496,38.752202],[26.813642,38.752524],[26.813495,38.752673],[26.813201,38.75278],[26.812965,38.753014],[26.813288,38.753314],[26.813758,38.753294],[26.814317,38.753102],[26.814846,38.753017],[26.815462,38.753189],[26.815726,38.753447],[26.815695,38.753938],[26.81587,38.754473],[26.815339,38.755371],[26.815339,38.755381],[26.815338,38.755649],[26.815689,38.756269],[26.816305,38.756955],[26.816891,38.757448],[26.817241,38.757497],[26.817655,38.757556],[26.818359,38.757899],[26.818741,38.758177],[26.819181,38.758285],[26.819474,38.758585],[26.819503,38.75897],[26.819443,38.759226],[26.819854,38.759612],[26.819912,38.759911],[26.820852,38.759999],[26.821116,38.759849],[26.821499,38.759828],[26.82185,38.760128],[26.821791,38.760471],[26.821849,38.760813],[26.822054,38.760984],[26.822583,38.761071],[26.823023,38.761285],[26.823344,38.761822],[26.823638,38.762312],[26.823814,38.762398],[26.824108,38.762249],[26.824227,38.761913],[26.824404,38.761415],[26.824581,38.761309]]],[[[26.733026,38.675446],[26.733053,38.675229],[26.73264,38.67488],[26.732085,38.67452],[26.731555,38.674472],[26.731141,38.674593],[26.730855,38.674904],[26.730958,38.675225],[26.731345,38.675423],[26.731668,38.675462],[26.731824,38.675255],[26.732095,38.675265],[26.732224,38.675482],[26.733026,38.675446]]],[[[26.725106,38.676909],[26.725546,38.676646],[26.725675,38.676722],[26.725843,38.676798],[26.726077,38.676591],[26.726284,38.676497],[26.726557,38.6763],[26.726596,38.676017],[26.726816,38.67614],[26.726946,38.675952],[26.727231,38.67567],[26.72766,38.675152],[26.727726,38.674842],[26.727907,38.674729],[26.728244,38.674701],[26.728477,38.674608],[26.728646,38.674278],[26.728893,38.67409],[26.728893,38.673921],[26.728855,38.673732],[26.728998,38.673506],[26.729465,38.673158],[26.72957,38.672923],[26.729325,38.672753],[26.728653,38.672591],[26.728679,38.672468],[26.728912,38.672318],[26.7289,38.672054],[26.728591,38.671799],[26.728579,38.671563],[26.728437,38.671412],[26.728024,38.671298],[26.727764,38.671514],[26.727661,38.671495],[26.727456,38.670882],[26.727288,38.670863],[26.726809,38.671126],[26.726563,38.671172],[26.726291,38.671388],[26.725902,38.671519],[26.725616,38.671839],[26.725588,38.672537],[26.725407,38.672602],[26.725457,38.673083],[26.725314,38.673196],[26.725313,38.673497],[26.725209,38.673535],[26.724923,38.673874],[26.724638,38.673958],[26.723819,38.675059],[26.723843,38.675756],[26.724075,38.675813],[26.724256,38.676031],[26.724553,38.676041],[26.724539,38.67621],[26.724694,38.676352],[26.724978,38.676513],[26.725106,38.676909]]],[[[26.718119,38.678098],[26.71837,38.677778],[26.718451,38.67753],[26.718544,38.676852],[26.718385,38.676479],[26.718015,38.676347],[26.717485,38.676331],[26.717225,38.676265],[26.716526,38.67565],[26.716256,38.67554],[26.716097,38.67535],[26.715807,38.675094],[26.715457,38.67502],[26.715288,38.674867],[26.715019,38.67445],[26.714689,38.674252],[26.714329,38.674215],[26.713749,38.673966],[26.713059,38.673825],[26.712418,38.673897],[26.712067,38.674078],[26.711865,38.674399],[26.711824,38.674742],[26.711662,38.675077],[26.711341,38.675273],[26.71129,38.675404],[26.711499,38.67574],[26.712,38.675705],[26.71216,38.675851],[26.712441,38.675648],[26.712711,38.675721],[26.713189,38.67627],[26.713649,38.676468],[26.713628,38.676825],[26.713868,38.676789],[26.713778,38.676884],[26.713807,38.677081],[26.714478,38.677112],[26.714367,38.677287],[26.714587,38.677295],[26.714747,38.677353],[26.714957,38.677405],[26.715208,38.677303],[26.715428,38.677311],[26.715557,38.677559],[26.715787,38.677589],[26.715997,38.677728],[26.716368,38.677729],[26.716547,38.677927],[26.716797,38.678022],[26.716988,38.677935],[26.717017,38.678139],[26.717448,38.677987],[26.717938,38.678156],[26.718119,38.678098]]],[[[26.708331,38.702851],[26.708913,38.702443],[26.709043,38.702812],[26.709211,38.702826],[26.709287,38.702608],[26.709251,38.702225],[26.709459,38.702007],[26.709422,38.701734],[26.709566,38.701592],[26.709836,38.701326],[26.710364,38.700604],[26.710646,38.7004],[26.711041,38.699964],[26.711154,38.699691],[26.711398,38.699692],[26.71215,38.699093],[26.712245,38.698711],[26.712452,38.698507],[26.712453,38.698329],[26.712247,38.698315],[26.712397,38.698179],[26.712511,38.697893],[26.712811,38.697811],[26.712812,38.69762],[26.713225,38.697348],[26.713151,38.697048],[26.713339,38.697007],[26.713414,38.696885],[26.713622,38.696612],[26.714053,38.696449],[26.714694,38.695441],[26.715032,38.695414],[26.715127,38.694978],[26.715445,38.695074],[26.715482,38.695197],[26.715594,38.695361],[26.716026,38.695062],[26.716177,38.694776],[26.716496,38.694708],[26.716422,38.694462],[26.716647,38.694381],[26.716517,38.694285],[26.71648,38.694176],[26.716742,38.694108],[26.717249,38.693782],[26.717419,38.693509],[26.717738,38.693483],[26.717739,38.693278],[26.717908,38.693074],[26.718377,38.692884],[26.718622,38.692598],[26.719335,38.692422],[26.720609,38.692534],[26.721096,38.692481],[26.721001,38.692822],[26.721151,38.692863],[26.72132,38.692713],[26.721526,38.692727],[26.721356,38.692973],[26.721487,38.693137],[26.721768,38.693165],[26.721805,38.693315],[26.722048,38.69337],[26.722517,38.693344],[26.722667,38.693317],[26.722834,38.69355],[26.72321,38.693441],[26.723321,38.693495],[26.72364,38.693647],[26.724071,38.693566],[26.725217,38.692763],[26.725462,38.692368],[26.725521,38.691713],[26.725242,38.691044],[26.72473,38.690613],[26.723207,38.689333],[26.72332,38.689115],[26.723396,38.688787],[26.723397,38.688637],[26.723398,38.688296],[26.723118,38.68794],[26.722969,38.687885],[26.722521,38.687393],[26.722129,38.687037],[26.722093,38.6866],[26.722281,38.686464],[26.722358,38.685945],[26.722603,38.685523],[26.723209,38.684895],[26.722982,38.684728],[26.72321,38.684563],[26.723513,38.684564],[26.724007,38.684179],[26.724766,38.683794],[26.725485,38.683824],[26.726242,38.684074],[26.727113,38.684186],[26.727227,38.683911],[26.726925,38.683634],[26.726471,38.683578],[26.725866,38.683411],[26.724617,38.683215],[26.723922,38.683656],[26.723471,38.684051],[26.723397,38.684087],[26.722814,38.684377],[26.721474,38.686899],[26.71982,38.688123],[26.718281,38.688789],[26.717041,38.689659],[26.716759,38.689795],[26.716271,38.690176],[26.715938,38.690381],[26.715388,38.69072],[26.714972,38.690855],[26.714844,38.690896],[26.714544,38.690772],[26.714528,38.691057],[26.714524,38.691114],[26.71396,38.691617],[26.713698,38.691603],[26.713448,38.691511],[26.713286,38.691452],[26.712949,38.691519],[26.712948,38.691697],[26.712937,38.691706],[26.712798,38.691833],[26.712422,38.692105],[26.712308,38.692514],[26.711855,38.693154],[26.711556,38.692949],[26.711219,38.693044],[26.71058,38.693343],[26.710168,38.693287],[26.710208,38.692741],[26.709965,38.692631],[26.709599,38.692679],[26.709459,38.692698],[26.709391,38.692771],[26.70912,38.693066],[26.70893,38.693625],[26.708636,38.693767],[26.708423,38.693869],[26.708562,38.693934],[26.708629,38.693966],[26.709041,38.694035],[26.709115,38.694212],[26.709358,38.694336],[26.709433,38.694418],[26.70917,38.694485],[26.709002,38.694403],[26.708777,38.694348],[26.708571,38.694511],[26.708701,38.694634],[26.708514,38.694648],[26.708401,38.694811],[26.708625,38.694948],[26.708437,38.695043],[26.708268,38.695316],[26.708679,38.695426],[26.708716,38.695549],[26.708491,38.695685],[26.708584,38.695917],[26.708377,38.696012],[26.708545,38.696136],[26.708563,38.696299],[26.708282,38.696312],[26.708244,38.696394],[26.708506,38.696572],[26.708169,38.696571],[26.708356,38.696708],[26.707984,38.696733],[26.707756,38.696748],[26.707979,38.696839],[26.708841,38.697187],[26.70884,38.697324],[26.708597,38.697228],[26.708111,38.696981],[26.707973,38.696977],[26.707624,38.696966],[26.707679,38.697089],[26.707965,38.697188],[26.708353,38.697323],[26.708446,38.697541],[26.708726,38.697651],[26.708838,38.697774],[26.708744,38.697842],[26.707966,38.69797],[26.707601,38.698031],[26.707413,38.698167],[26.70743,38.698412],[26.707824,38.698427],[26.707973,38.698509],[26.707989,38.698512],[26.708479,38.698606],[26.708647,38.698798],[26.708459,38.698961],[26.708477,38.699111],[26.708795,38.699289],[26.708831,38.699617],[26.708473,38.699985],[26.708303,38.700339],[26.708246,38.700667],[26.708096,38.700748],[26.708113,38.700994],[26.708038,38.701158],[26.708168,38.701322],[26.708224,38.70154],[26.708036,38.70169],[26.708035,38.701813],[26.708916,38.701692],[26.709141,38.701761],[26.708916,38.701842],[26.708541,38.701896],[26.708259,38.702045],[26.708409,38.7021],[26.708502,38.702169],[26.708164,38.702291],[26.708145,38.702386],[26.708539,38.702428],[26.708218,38.702755],[26.708331,38.702851]]],[[[26.726611,38.702856],[26.726074,38.702805],[26.725707,38.702907],[26.725211,38.703239],[26.72546,38.703507],[26.725551,38.703801],[26.725856,38.703926],[26.726454,38.703935],[26.726503,38.703936],[26.72687,38.70379],[26.72696,38.70362],[26.727061,38.70343],[26.726965,38.703061],[26.726611,38.702856]]],[[[26.70882,38.712075],[26.708216,38.71152],[26.707931,38.711527],[26.70774,38.711657],[26.707989,38.711865],[26.708012,38.712082],[26.707774,38.712098],[26.707702,38.712202],[26.707915,38.712488],[26.707996,38.713033],[26.707829,38.713145],[26.707852,38.713371],[26.708113,38.713553],[26.708396,38.713952],[26.708702,38.714714],[26.709152,38.715191],[26.70902,38.715433],[26.70896,38.715641],[26.708982,38.716082],[26.708576,38.716471],[26.708836,38.716817],[26.709051,38.716723],[26.70904,38.716489],[26.709326,38.716265],[26.709268,38.715918],[26.709399,38.715884],[26.709577,38.715763],[26.709925,38.714942],[26.70994,38.714293],[26.70992,38.714248],[26.709704,38.713756],[26.709491,38.713669],[26.709384,38.713565],[26.709398,38.713132],[26.709233,38.712647],[26.70882,38.712075]]],[[[26.733709,38.732291],[26.733423,38.732211],[26.733195,38.732351],[26.7329,38.732614],[26.732605,38.73265],[26.732529,38.732767],[26.732477,38.732938],[26.732089,38.733195],[26.732046,38.733416],[26.732113,38.733649],[26.732593,38.733717],[26.733054,38.734086],[26.733627,38.734118],[26.733914,38.733922],[26.73421,38.733604],[26.734362,38.733298],[26.734279,38.733114],[26.734002,38.732831],[26.733911,38.732525],[26.733709,38.732291]]]]}},{"type":"Feature","properties":{"id":"TR-D-35-013","parent_id":"TR-P-35","region_id":"TR-R-EGE","level":"district","municipality_type":null,"municipality_type_label":null,"is_metropolitan_municipality":null,"name":"Gaziemir","name_ascii":"gaziemir","slug":"gaziemir-izmir"},"geometry":{"type":"Polygon","coordinates":[[[27.13928,38.361241],[27.139102,38.360768],[27.139058,38.360265],[27.138481,38.359763],[27.138186,38.35929],[27.138038,38.358787],[27.138038,38.358285],[27.138068,38.357723],[27.137831,38.356895],[27.137595,38.356452],[27.137595,38.355979],[27.137772,38.355092],[27.137979,38.35453],[27.137801,38.353969],[27.137476,38.353082],[27.13724,38.35249],[27.137003,38.350628],[27.136885,38.349357],[27.137146,38.348065],[27.137146,38.347087],[27.137635,38.346305],[27.140862,38.345816],[27.145263,38.345522],[27.151325,38.345522],[27.155432,38.346011],[27.161495,38.344545],[27.167851,38.343078],[27.172056,38.342002],[27.17675,38.341611],[27.179977,38.341513],[27.183497,38.340633],[27.185355,38.339753],[27.18868,38.337211],[27.190244,38.334081],[27.191222,38.330757],[27.197872,38.32176],[27.199632,38.320685],[27.202663,38.317947],[27.204814,38.313253],[27.206281,38.309244],[27.208139,38.305626],[27.209899,38.298976],[27.213516,38.292237],[27.209049,38.29141],[27.205782,38.291069],[27.2051,38.290998],[27.202624,38.290762],[27.20056,38.289937],[27.199931,38.289562],[27.198379,38.28864],[27.197455,38.288345],[27.195608,38.287755],[27.190538,38.286281],[27.186647,38.284159],[27.184924,38.282875],[27.18364,38.281919],[27.181859,38.279318],[27.181341,38.276672],[27.181234,38.276205],[27.180988,38.275139],[27.180221,38.274373],[27.177391,38.272132],[27.175004,38.270275],[27.173677,38.269244],[27.173357,38.269021],[27.171732,38.267888],[27.170199,38.266945],[27.168666,38.266591],[27.167903,38.266538],[27.166957,38.266473],[27.164598,38.266709],[27.163552,38.266982],[27.159175,38.268124],[27.15717,38.26889],[27.155755,38.269892],[27.154281,38.271543],[27.15269,38.273665],[27.148268,38.279443],[27.145733,38.282685],[27.144731,38.284925],[27.143611,38.288109],[27.142619,38.290651],[27.142191,38.290715],[27.141489,38.290821],[27.138895,38.291646],[27.137126,38.292766],[27.134414,38.294594],[27.132763,38.295655],[27.126102,38.300725],[27.122741,38.301197],[27.120029,38.30102],[27.116728,38.300371],[27.114193,38.299959],[27.108887,38.299959],[27.10199,38.300194],[27.097509,38.300784],[27.094738,38.30102],[27.09297,38.301727],[27.091908,38.30385],[27.091555,38.304557],[27.089904,38.305441],[27.0879,38.305795],[27.083124,38.30721],[27.078821,38.308684],[27.076227,38.309804],[27.07434,38.310747],[27.072866,38.311573],[27.071334,38.312162],[27.068622,38.311926],[27.070185,38.313797],[27.071571,38.315509],[27.07263,38.317547],[27.074261,38.320237],[27.075646,38.32309],[27.076217,38.325291],[27.076951,38.328633],[27.077032,38.333442],[27.07744,38.337355],[27.078825,38.339719],[27.082004,38.342165],[27.085021,38.345262],[27.086814,38.346729],[27.089993,38.348197],[27.091931,38.348246],[27.093496,38.348089],[27.096001,38.348089],[27.097566,38.348141],[27.100278,38.347411],[27.102522,38.347098],[27.103878,38.347776],[27.1044,38.34835],[27.104869,38.349393],[27.105756,38.351063],[27.106434,38.35195],[27.107947,38.352628],[27.109617,38.354036],[27.110973,38.354297],[27.111808,38.354975],[27.113269,38.355288],[27.114312,38.355184],[27.11499,38.354662],[27.115668,38.354558],[27.116712,38.35461],[27.117807,38.355028],[27.118955,38.355497],[27.120155,38.35581],[27.120885,38.356488],[27.122033,38.35654],[27.12292,38.356749],[27.123859,38.356906],[27.124798,38.357219],[27.125946,38.357584],[27.127198,38.358888],[27.127876,38.359358],[27.128637,38.360101],[27.129371,38.360835],[27.130222,38.362008],[27.13075,38.361803],[27.131337,38.361656],[27.132071,38.361275],[27.13257,38.361275],[27.133303,38.361304],[27.133626,38.361392],[27.133978,38.361656],[27.134125,38.361979],[27.134506,38.362126],[27.135563,38.362185],[27.137324,38.36239],[27.137881,38.362243],[27.138233,38.36192],[27.138497,38.36148],[27.13928,38.361241]]]}},{"type":"Feature","properties":{"id":"TR-D-35-014","parent_id":"TR-P-35","region_id":"TR-R-EGE","level":"district","municipality_type":null,"municipality_type_label":null,"is_metropolitan_municipality":null,"name":"Güzelbahçe","name_ascii":"guzelbahce","slug":"guzelbahce-izmir"},"geometry":{"type":"Polygon","coordinates":[[[26.95281,38.343656],[26.952528,38.343046],[26.94995,38.341266],[26.947495,38.339301],[26.944978,38.336723],[26.942646,38.332059],[26.940988,38.326657],[26.94062,38.324652],[26.940436,38.323649],[26.939945,38.319537],[26.939945,38.317511],[26.939829,38.313215],[26.939822,38.312969],[26.939699,38.310023],[26.939699,38.307998],[26.939883,38.306402],[26.940497,38.304376],[26.941602,38.301553],[26.939946,38.301156],[26.937303,38.301295],[26.934104,38.302083],[26.931322,38.302083],[26.927799,38.302129],[26.924368,38.299811],[26.920612,38.298003],[26.917923,38.296148],[26.91644,38.294572],[26.915651,38.292486],[26.914312,38.290354],[26.914011,38.290747],[26.909278,38.292609],[26.906873,38.293385],[26.90214,38.294626],[26.899425,38.296255],[26.898028,38.297109],[26.895002,38.297885],[26.892597,38.297962],[26.889954,38.299047],[26.889571,38.299204],[26.887632,38.29998],[26.884916,38.300911],[26.8822,38.301531],[26.879097,38.303316],[26.87708,38.303937],[26.872192,38.303859],[26.867769,38.303005],[26.864355,38.301531],[26.859933,38.300523],[26.857993,38.300755],[26.853726,38.301997],[26.845501,38.303161],[26.836812,38.303393],[26.832389,38.303704],[26.826027,38.304402],[26.822613,38.306652],[26.822225,38.307894],[26.82176,38.314178],[26.821372,38.317359],[26.82207,38.320463],[26.825251,38.326049],[26.827501,38.329385],[26.829596,38.332799],[26.831924,38.336291],[26.833786,38.34048],[26.835803,38.343351],[26.838224,38.347184],[26.839971,38.347599],[26.846026,38.349117],[26.847649,38.349501],[26.84922,38.349868],[26.850825,38.350356],[26.852501,38.351037],[26.853827,38.3517],[26.855328,38.35259],[26.856375,38.35341],[26.857684,38.354544],[26.858283,38.355234],[26.859187,38.356425],[26.861032,38.359121],[26.861307,38.359697],[26.860993,38.360155],[26.86081,38.360548],[26.86081,38.360914],[26.860954,38.36115],[26.861215,38.361385],[26.861516,38.361804],[26.861294,38.362105],[26.86098,38.362498],[26.860757,38.362884],[26.860731,38.363309],[26.860652,38.363663],[26.860495,38.363977],[26.860207,38.364265],[26.859869,38.364388],[26.8592,38.364579],[26.85856,38.364883],[26.85814,38.365237],[26.857963,38.365465],[26.857882,38.365745],[26.857867,38.366209],[26.857941,38.36668],[26.858125,38.367431],[26.858206,38.367755],[26.858177,38.36813],[26.857985,38.36855],[26.857742,38.369058],[26.857374,38.369544],[26.857017,38.370107],[26.856903,38.370655],[26.856771,38.370935],[26.856555,38.371426],[26.856447,38.371671],[26.856211,38.372017],[26.855997,38.372385],[26.855777,38.372614],[26.855314,38.373024],[26.855059,38.373354],[26.855011,38.373505],[26.855699,38.373643],[26.855737,38.373644],[26.855764,38.373637],[26.855816,38.373634],[26.85586,38.373611],[26.855922,38.373604],[26.855934,38.373601],[26.855941,38.373592],[26.855948,38.373591],[26.855962,38.373591],[26.855973,38.373588],[26.855983,38.373594],[26.856009,38.373601],[26.856033,38.37362],[26.856059,38.373627],[26.856094,38.373617],[26.85611,38.373606],[26.85611,38.373595],[26.856116,38.373592],[26.856119,38.373585],[26.856116,38.373577],[26.856137,38.373562],[26.856139,38.373554],[26.856211,38.373556],[26.856217,38.373551],[26.856221,38.373543],[26.856227,38.373538],[26.856231,38.373532],[26.856236,38.373525],[26.856257,38.373532],[26.856268,38.373525],[26.856282,38.373521],[26.856303,38.373522],[26.856338,38.373516],[26.856384,38.373509],[26.856409,38.373508],[26.856458,38.373499],[26.856488,38.373499],[26.856499,38.3735],[26.856514,38.373499],[26.856526,38.373497],[26.856556,38.373497],[26.856569,38.373494],[26.856584,38.373488],[26.856603,38.373487],[26.856642,38.373477],[26.856659,38.373475],[26.856669,38.373479],[26.856681,38.373481],[26.856752,38.373469],[26.856844,38.373476],[26.856863,38.373475],[26.856881,38.373471],[26.857033,38.37346],[26.857063,38.373475],[26.857095,38.373473],[26.857129,38.373463],[26.857229,38.373448],[26.857252,38.373451],[26.857272,38.373444],[26.857295,38.373442],[26.857314,38.373438],[26.857371,38.373444],[26.85738,38.373474],[26.857387,38.37349],[26.857394,38.373492],[26.857428,38.373476],[26.857448,38.373473],[26.857467,38.373472],[26.857484,38.373469],[26.857495,38.373465],[26.857505,38.373459],[26.857554,38.373452],[26.857581,38.373442],[26.857608,38.373436],[26.857631,38.373427],[26.857666,38.373422],[26.857686,38.373412],[26.8577,38.373407],[26.857812,38.373402],[26.857818,38.373393],[26.857838,38.373393],[26.857858,38.373395],[26.857875,38.373403],[26.857927,38.373407],[26.857987,38.373395],[26.858147,38.373387],[26.858209,38.373366],[26.858392,38.37336],[26.858393,38.373338],[26.858427,38.373346],[26.858454,38.37335],[26.858472,38.373355],[26.858477,38.373366],[26.85848,38.373375],[26.85849,38.373383],[26.858506,38.373385],[26.858519,38.373381],[26.858531,38.373368],[26.858582,38.37335],[26.858609,38.373346],[26.858648,38.373351],[26.85868,38.373358],[26.8587,38.373369],[26.85871,38.37338],[26.858722,38.373391],[26.858722,38.373407],[26.858716,38.373426],[26.858722,38.373434],[26.858737,38.373438],[26.858745,38.373434],[26.858755,38.373425],[26.85876,38.373415],[26.85877,38.373406],[26.858779,38.373381],[26.858784,38.373372],[26.858794,38.373365],[26.85882,38.373339],[26.858831,38.373325],[26.858841,38.373308],[26.858849,38.373298],[26.858852,38.373288],[26.858854,38.373276],[26.858862,38.373267],[26.858876,38.373261],[26.85896,38.373241],[26.859041,38.373232],[26.859074,38.373231],[26.860257,38.373363],[26.862764,38.373924],[26.862798,38.373936],[26.86284,38.373939],[26.863071,38.374008],[26.863113,38.374025],[26.863154,38.374038],[26.863166,38.37404],[26.863177,38.37404],[26.863294,38.374079],[26.863464,38.374136],[26.863474,38.374141],[26.863481,38.374147],[26.863486,38.374156],[26.863484,38.374174],[26.863481,38.374192],[26.863486,38.374295],[26.863486,38.374304],[26.863484,38.374314],[26.863484,38.374323],[26.863489,38.374332],[26.86349,38.374341],[26.863489,38.37435],[26.863488,38.37436],[26.863488,38.37437],[26.863486,38.374379],[26.863487,38.374388],[26.863495,38.374395],[26.8635,38.374402],[26.863503,38.374411],[26.863505,38.374422],[26.863509,38.374449],[26.863507,38.374458],[26.863505,38.374467],[26.863503,38.374477],[26.863506,38.374495],[26.863506,38.374514],[26.863511,38.374523],[26.863517,38.37453],[26.863528,38.374546],[26.863528,38.374555],[26.863523,38.374573],[26.863526,38.374581],[26.863536,38.374582],[26.863538,38.374592],[26.863542,38.3746],[26.863547,38.374609],[26.863556,38.374625],[26.86356,38.374635],[26.863563,38.374654],[26.863567,38.374663],[26.863574,38.37467],[26.863593,38.37468],[26.863599,38.374688],[26.863603,38.374706],[26.863607,38.374714],[26.863614,38.374721],[26.863618,38.374729],[26.863628,38.374734],[26.863635,38.374742],[26.863641,38.37475],[26.863648,38.374757],[26.863671,38.374771],[26.863695,38.374786],[26.863703,38.374793],[26.863724,38.374816],[26.863733,38.374821],[26.863741,38.374828],[26.863745,38.374837],[26.863753,38.374843],[26.863786,38.374855],[26.863794,38.374861],[26.863813,38.374872],[26.863821,38.374879],[26.863826,38.374886],[26.863828,38.374895],[26.863833,38.374903],[26.863842,38.374907],[26.863878,38.374911],[26.863888,38.374916],[26.863902,38.374929],[26.863912,38.37493],[26.863922,38.374926],[26.863929,38.374933],[26.863934,38.374941],[26.863942,38.374947],[26.863954,38.374948],[26.863964,38.374952],[26.863971,38.37496],[26.863976,38.374968],[26.863984,38.374975],[26.863992,38.374982],[26.863997,38.37499],[26.864011,38.375005],[26.864016,38.375013],[26.864023,38.37502],[26.864033,38.375016],[26.864041,38.375009],[26.864051,38.375005],[26.864062,38.375007],[26.864071,38.375013],[26.864074,38.375021],[26.864082,38.375025],[26.864094,38.375024],[26.864105,38.375026],[26.864125,38.375035],[26.86415,38.375035],[26.864161,38.375037],[26.864172,38.375041],[26.864184,38.37504],[26.864194,38.375042],[26.864196,38.375051],[26.8642,38.37506],[26.864231,38.375072],[26.864242,38.375071],[26.864288,38.375076],[26.864298,38.375079],[26.864342,38.375094],[26.864353,38.375096],[26.864364,38.375097],[26.864376,38.3751],[26.864387,38.375102],[26.86442,38.375112],[26.864432,38.375113],[26.864444,38.375111],[26.864455,38.375112],[26.864511,38.375122],[26.864523,38.375121],[26.864534,38.375119],[26.864544,38.375122],[26.864562,38.375134],[26.864573,38.375139],[26.864584,38.375137],[26.864595,38.375134],[26.864605,38.375137],[26.864614,38.375142],[26.864623,38.375136],[26.864632,38.375133],[26.864641,38.375138],[26.864653,38.37514],[26.864664,38.37514],[26.864676,38.375143],[26.864683,38.37515],[26.864689,38.375157],[26.8647,38.375159],[26.864712,38.375157],[26.864732,38.375166],[26.864744,38.37517],[26.864755,38.375171],[26.864766,38.37517],[26.864777,38.375175],[26.864786,38.375182],[26.864793,38.375189],[26.864815,38.375197],[26.864884,38.375213],[26.864897,38.375214],[26.86491,38.375213],[26.864921,38.37521],[26.864945,38.375209],[26.864957,38.375211],[26.864968,38.375214],[26.864977,38.37522],[26.864987,38.375225],[26.864999,38.375228],[26.865019,38.375238],[26.865031,38.375242],[26.865054,38.37524],[26.865066,38.375241],[26.865075,38.375246],[26.865098,38.37525],[26.865121,38.375252],[26.865144,38.375257],[26.865199,38.375275],[26.865209,38.37528],[26.865219,38.375287],[26.865228,38.375292],[26.86524,38.375294],[26.865251,38.375291],[26.865262,38.375291],[26.865274,38.375293],[26.865315,38.375312],[26.865327,38.375313],[26.865347,38.375304],[26.865359,38.375303],[26.86537,38.375305],[26.865393,38.375312],[26.865403,38.375316],[26.865411,38.375323],[26.865421,38.375328],[26.865433,38.375329],[26.865445,38.375327],[26.865469,38.375327],[26.86548,38.375329],[26.865511,38.375342],[26.865538,38.375361],[26.865547,38.375366],[26.865558,38.375368],[26.86557,38.375365],[26.865582,38.375365],[26.865676,38.375373],[26.865688,38.375373],[26.8657,38.375375],[26.86571,38.375379],[26.865719,38.375384],[26.86573,38.375389],[26.865753,38.375394],[26.865778,38.375395],[26.865803,38.375402],[26.865858,38.375416],[26.865867,38.375422],[26.865872,38.37543],[26.865879,38.375437],[26.865889,38.37544],[26.865901,38.375441],[26.865911,38.375445],[26.86592,38.37545],[26.865963,38.375463],[26.865974,38.375468],[26.865985,38.375471],[26.86603,38.37548],[26.866042,38.375479],[26.866052,38.375483],[26.866063,38.375485],[26.866075,38.375483],[26.866087,38.375484],[26.866108,38.375493],[26.86614,38.37548],[26.866162,38.375475],[26.866169,38.375468],[26.866175,38.37546],[26.866179,38.375451],[26.866201,38.375446],[26.866213,38.375445],[26.866224,38.375442],[26.866231,38.375435],[26.866232,38.375426],[26.86623,38.375417],[26.866224,38.375399],[26.866223,38.375381],[26.86622,38.375372],[26.866199,38.375341],[26.866191,38.375334],[26.866183,38.375329],[26.866173,38.375324],[26.866162,38.375323],[26.866143,38.375331],[26.866131,38.375331],[26.86612,38.375328],[26.866112,38.375322],[26.866101,38.375318],[26.86608,38.375311],[26.86607,38.375306],[26.86606,38.375302],[26.866026,38.375298],[26.866015,38.375301],[26.866007,38.375309],[26.866003,38.375316],[26.865991,38.375315],[26.865981,38.375311],[26.865972,38.375304],[26.865963,38.375298],[26.865956,38.375291],[26.865946,38.375285],[26.865936,38.375281],[26.865924,38.375281],[26.865912,38.375283],[26.865901,38.375281],[26.865892,38.375275],[26.865869,38.375271],[26.865848,38.375263],[26.865837,38.37526],[26.865818,38.375252],[26.865807,38.375255],[26.865795,38.375257],[26.865772,38.375255],[26.86576,38.375253],[26.865728,38.375241],[26.865716,38.375242],[26.865711,38.37525],[26.865708,38.375259],[26.865699,38.375259],[26.865694,38.375251],[26.865693,38.375242],[26.865686,38.375236],[26.865675,38.375239],[26.865672,38.375248],[26.865663,38.375252],[26.865651,38.375253],[26.865641,38.375237],[26.86564,38.375228],[26.865631,38.375223],[26.865597,38.375227],[26.865587,38.375231],[26.865576,38.375229],[26.865571,38.375221],[26.865561,38.375217],[26.86555,38.375218],[26.865546,38.375226],[26.865539,38.375233],[26.865534,38.375226],[26.865529,38.375218],[26.865528,38.3752],[26.865495,38.375191],[26.865484,38.37519],[26.86546,38.375191],[26.865449,38.375189],[26.865437,38.375189],[26.865427,38.375191],[26.865418,38.375185],[26.865413,38.375177],[26.865402,38.375174],[26.865391,38.375173],[26.865379,38.375174],[26.865368,38.375176],[26.865357,38.375176],[26.865346,38.375173],[26.865337,38.375166],[26.865335,38.375157],[26.865326,38.375153],[26.865314,38.375156],[26.865304,38.375161],[26.865293,38.37516],[26.865277,38.375148],[26.865266,38.375149],[26.865254,38.375149],[26.865221,38.375141],[26.86521,38.375137],[26.865187,38.375133],[26.865175,38.375133],[26.865153,38.375128],[26.865142,38.37513],[26.865131,38.375131],[26.865124,38.375124],[26.865113,38.375124],[26.865093,38.375133],[26.865082,38.37513],[26.865077,38.375122],[26.865069,38.375117],[26.865058,38.375114],[26.865046,38.375114],[26.865038,38.375102],[26.865026,38.375102],[26.865016,38.375106],[26.865005,38.375104],[26.864994,38.3751],[26.864986,38.375094],[26.864975,38.375093],[26.864964,38.375089],[26.864953,38.375091],[26.86494,38.37509],[26.864909,38.375075],[26.864898,38.375072],[26.864854,38.375061],[26.864836,38.37505],[26.864825,38.375047],[26.864801,38.375044],[26.86479,38.375042],[26.864778,38.375044],[26.864768,38.375048],[26.864749,38.375041],[26.864747,38.375033],[26.864739,38.375026],[26.864729,38.375027],[26.864718,38.375023],[26.864696,38.375018],[26.864671,38.375015],[26.86465,38.375008],[26.864638,38.375007],[26.864614,38.375008],[26.864603,38.375007],[26.864595,38.375001],[26.864584,38.374998],[26.864572,38.374997],[26.864539,38.374986],[26.864528,38.374984],[26.864504,38.374986],[26.864492,38.374985],[26.864458,38.374976],[26.864445,38.374978],[26.864433,38.374978],[26.864423,38.374975],[26.864411,38.374976],[26.8644,38.374975],[26.864392,38.374967],[26.864381,38.374967],[26.864365,38.374963],[26.864359,38.374957],[26.864328,38.374961],[26.864317,38.374958],[26.86431,38.374965],[26.864298,38.374967],[26.864288,38.374963],[26.864282,38.374955],[26.864281,38.374945],[26.864277,38.374937],[26.864267,38.374935],[26.864258,38.374941],[26.864252,38.374933],[26.864253,38.374924],[26.864243,38.37492],[26.864232,38.374919],[26.864221,38.374916],[26.864194,38.374898],[26.864185,38.374894],[26.864138,38.374886],[26.864126,38.374882],[26.864114,38.37488],[26.864103,38.374879],[26.864085,38.374873],[26.864077,38.374867],[26.864056,38.374857],[26.86404,38.374844],[26.864031,38.374839],[26.86402,38.374839],[26.86401,38.374845],[26.863999,38.374844],[26.86399,38.374839],[26.863981,38.374833],[26.863972,38.374828],[26.863961,38.374824],[26.863951,38.374819],[26.863943,38.374812],[26.863925,38.374802],[26.863927,38.374792],[26.863926,38.374783],[26.863905,38.374775],[26.863875,38.374752],[26.863853,38.374738],[26.863839,38.374723],[26.86381,38.374709],[26.863798,38.374721],[26.863789,38.374715],[26.863789,38.374706],[26.863783,38.374698],[26.863783,38.374689],[26.863786,38.374681],[26.863783,38.374671],[26.863775,38.374666],[26.863767,38.374659],[26.863762,38.374652],[26.863755,38.374645],[26.863749,38.374637],[26.863735,38.374623],[26.863718,38.37461],[26.863711,38.374602],[26.863708,38.374594],[26.86371,38.374585],[26.86371,38.374576],[26.863704,38.374568],[26.863694,38.374566],[26.863689,38.374557],[26.863685,38.374539],[26.86368,38.374531],[26.863679,38.374522],[26.863681,38.374513],[26.863682,38.374503],[26.863678,38.374494],[26.863675,38.374485],[26.863677,38.374458],[26.863668,38.374453],[26.863659,38.37445],[26.863659,38.374442],[26.863661,38.374423],[26.863661,38.374404],[26.863657,38.374376],[26.86365,38.374372],[26.86364,38.37437],[26.863642,38.374361],[26.863649,38.374356],[26.863656,38.374349],[26.863658,38.37434],[26.863657,38.374331],[26.863659,38.374322],[26.863657,38.374313],[26.863653,38.374304],[26.863655,38.374296],[26.863661,38.374289],[26.863664,38.374281],[26.863661,38.374273],[26.863654,38.374256],[26.863669,38.374243],[26.863667,38.374234],[26.863658,38.374228],[26.863654,38.374219],[26.863661,38.374192],[26.863662,38.374156],[26.863674,38.374156],[26.863685,38.374154],[26.863685,38.374144],[26.863681,38.374136],[26.863678,38.374127],[26.863668,38.374126],[26.863661,38.374126],[26.86366,38.3741],[26.863654,38.374053],[26.863655,38.374034],[26.863667,38.374019],[26.863686,38.374008],[26.863696,38.374004],[26.863708,38.374001],[26.863719,38.374002],[26.86373,38.373999],[26.86374,38.373994],[26.863752,38.373992],[26.863776,38.373992],[26.863769,38.374009],[26.863778,38.374013],[26.863811,38.374011],[26.863823,38.374014],[26.863837,38.374017],[26.863841,38.37401],[26.863873,38.374024],[26.86386,38.374071],[26.864065,38.374096],[26.864065,38.374109],[26.864084,38.374109],[26.864086,38.374101],[26.864104,38.374103],[26.864104,38.374108],[26.864118,38.374107],[26.864116,38.374098],[26.864126,38.374099],[26.864141,38.374097],[26.864163,38.374092],[26.864162,38.374109],[26.864189,38.374112],[26.864188,38.374122],[26.864232,38.374121],[26.864234,38.374109],[26.864271,38.374116],[26.86427,38.374126],[26.864286,38.374127],[26.864286,38.374114],[26.864296,38.374116],[26.864295,38.374127],[26.864331,38.374132],[26.864335,38.374118],[26.864354,38.374124],[26.864357,38.37413],[26.864392,38.374126],[26.864403,38.374131],[26.864398,38.374147],[26.864416,38.37415],[26.864419,38.374137],[26.864441,38.37414],[26.86446,38.37415],[26.864481,38.374145],[26.864492,38.374146],[26.864491,38.374153],[26.864535,38.374168],[26.864581,38.374171],[26.864592,38.374185],[26.864603,38.374186],[26.864614,38.374188],[26.864646,38.374189],[26.864657,38.374192],[26.864691,38.374193],[26.864737,38.374205],[26.864761,38.374207],[26.864795,38.374203],[26.864817,38.374209],[26.86483,38.374223],[26.864839,38.37422],[26.864848,38.374213],[26.864858,38.374211],[26.864866,38.374218],[26.864876,38.374223],[26.864887,38.374223],[26.864898,38.374225],[26.864908,38.374231],[26.864915,38.374238],[26.864922,38.374241],[26.864934,38.37424],[26.864954,38.374232],[26.864965,38.374233],[26.864974,38.374238],[26.864986,38.374239],[26.864997,38.374237],[26.865007,38.374239],[26.865013,38.374232],[26.865025,38.374231],[26.865035,38.374236],[26.865038,38.374244],[26.865038,38.374253],[26.865044,38.37426],[26.865055,38.374262],[26.865063,38.374256],[26.865067,38.374247],[26.865075,38.374241],[26.865086,38.37424],[26.86511,38.37424],[26.865121,38.374243],[26.865126,38.374251],[26.865126,38.37426],[26.865124,38.374269],[26.865125,38.374278],[26.865136,38.374283],[26.86514,38.37429],[26.865143,38.374299],[26.865154,38.374298],[26.865152,38.374289],[26.865157,38.374281],[26.865164,38.374275],[26.865175,38.374274],[26.865186,38.374278],[26.865209,38.374282],[26.865209,38.374291],[26.865211,38.3743],[26.86522,38.374297],[26.865224,38.374288],[26.865231,38.374283],[26.865243,38.374285],[26.865254,38.374288],[26.865264,38.374292],[26.865273,38.374297],[26.86527,38.374315],[26.865277,38.374319],[26.86528,38.374311],[26.865288,38.374294],[26.865295,38.374289],[26.865305,38.374292],[26.865329,38.374295],[26.865337,38.374299],[26.865336,38.374317],[26.86534,38.374321],[26.86535,38.374319],[26.865361,38.374315],[26.865372,38.374312],[26.865383,38.374311],[26.865395,38.374314],[26.865419,38.374324],[26.86543,38.374326],[26.865489,38.374324],[26.865546,38.374334],[26.865579,38.374344],[26.86561,38.374359],[26.86562,38.374365],[26.865637,38.374378],[26.865646,38.37438],[26.865657,38.374376],[26.865669,38.374375],[26.865704,38.37438],[26.865786,38.374378],[26.865797,38.37438],[26.865805,38.374387],[26.865827,38.374388],[26.865837,38.374392],[26.865847,38.374397],[26.865859,38.3744],[26.86587,38.374398],[26.865927,38.374407],[26.866004,38.374429],[26.866015,38.374434],[26.866025,38.374439],[26.866033,38.374446],[26.86604,38.374453],[26.866046,38.374462],[26.86605,38.37447],[26.86605,38.37449],[26.866048,38.374499],[26.866043,38.374508],[26.866037,38.374515],[26.866022,38.374529],[26.866015,38.374536],[26.866014,38.374545],[26.866016,38.374554],[26.866017,38.374564],[26.866017,38.374591],[26.866011,38.374609],[26.866006,38.374617],[26.866005,38.374626],[26.866006,38.374645],[26.865999,38.374652],[26.86599,38.374658],[26.865977,38.374673],[26.865969,38.37468],[26.865958,38.374696],[26.865958,38.374705],[26.865966,38.374721],[26.865968,38.37473],[26.865968,38.374734],[26.865968,38.37474],[26.865973,38.374747],[26.865984,38.374749],[26.865996,38.374749],[26.866006,38.374752],[26.866016,38.374757],[26.866038,38.374754],[26.86605,38.374754],[26.866061,38.374751],[26.866071,38.374747],[26.86608,38.374741],[26.866088,38.374724],[26.86609,38.374714],[26.866092,38.374695],[26.866096,38.374678],[26.866099,38.374669],[26.866099,38.37466],[26.866097,38.374651],[26.866098,38.374641],[26.866103,38.374633],[26.866108,38.374625],[26.866114,38.374618],[26.86612,38.37461],[26.866124,38.374602],[26.866128,38.374594],[26.86613,38.374585],[26.866129,38.374557],[26.866146,38.374511],[26.866155,38.374506],[26.866159,38.374497],[26.866159,38.374489],[26.866162,38.37448],[26.866172,38.374475],[26.86618,38.37447],[26.866173,38.374463],[26.866172,38.374456],[26.86618,38.374449],[26.866188,38.374443],[26.866199,38.374441],[26.866221,38.374435],[26.86626,38.374416],[26.866269,38.374409],[26.866284,38.374394],[26.866292,38.374388],[26.866302,38.374383],[26.866323,38.374375],[26.866333,38.37437],[26.866397,38.374346],[26.866408,38.37434],[26.866419,38.37434],[26.866442,38.374345],[26.866449,38.374351],[26.866448,38.37436],[26.866456,38.374368],[26.866467,38.37437],[26.866478,38.374369],[26.866486,38.374363],[26.866495,38.374358],[26.866582,38.374375],[26.866593,38.374378],[26.866605,38.374379],[26.866617,38.37438],[26.86663,38.374382],[26.866637,38.374388],[26.866635,38.374397],[26.866645,38.374402],[26.866656,38.374406],[26.866666,38.374402],[26.866679,38.374387],[26.866703,38.374377],[26.866786,38.374368],[26.86685,38.374317],[26.866863,38.37431],[26.866877,38.374298],[26.866939,38.374126],[26.867004,38.374148],[26.866953,38.37432],[26.866942,38.374333],[26.866939,38.374341],[26.866948,38.374344],[26.866984,38.37435],[26.867016,38.374363],[26.867028,38.374364],[26.867098,38.374358],[26.867109,38.374363],[26.86712,38.374363],[26.867177,38.374354],[26.867189,38.374354],[26.8672,38.374357],[26.867211,38.374361],[26.867241,38.374376],[26.867253,38.374378],[26.867263,38.374372],[26.867274,38.374372],[26.867296,38.37438],[26.867319,38.374383],[26.867329,38.374388],[26.867363,38.374396],[26.867374,38.374395],[26.867407,38.374384],[26.867418,38.374382],[26.86743,38.374383],[26.867442,38.374386],[26.867453,38.374386],[26.867466,38.374384],[26.867476,38.37438],[26.867499,38.374386],[26.867533,38.374388],[26.867553,38.374396],[26.867576,38.374401],[26.867586,38.374405],[26.867592,38.374412],[26.867601,38.374418],[26.867709,38.374434],[26.86772,38.374438],[26.867727,38.374445],[26.867733,38.374453],[26.86774,38.37446],[26.867748,38.374467],[26.867758,38.374472],[26.86777,38.374476],[26.867781,38.374479],[26.867792,38.37448],[26.867816,38.374478],[26.867827,38.374479],[26.867851,38.374477],[26.867863,38.374478],[26.867897,38.374488],[26.86791,38.37449],[26.867922,38.37449],[26.867934,38.374488],[26.867946,38.374489],[26.867957,38.374492],[26.867969,38.374493],[26.867979,38.374497],[26.867998,38.374509],[26.868009,38.374513],[26.868029,38.374506],[26.868041,38.374507],[26.868049,38.374514],[26.868059,38.374518],[26.868067,38.374524],[26.868077,38.374528],[26.868089,38.37453],[26.8681,38.374531],[26.868124,38.37453],[26.868136,38.37453],[26.8682,38.37456],[26.86821,38.374562],[26.868234,38.37456],[26.868245,38.374556],[26.868251,38.374549],[26.868261,38.374544],[26.868268,38.37455],[26.868268,38.374559],[26.868275,38.374566],[26.868285,38.374563],[26.868297,38.374562],[26.868308,38.374565],[26.868328,38.374576],[26.868339,38.37458],[26.868375,38.374582],[26.868384,38.374588],[26.868395,38.374591],[26.868431,38.374595],[26.868442,38.374593],[26.868453,38.374595],[26.868461,38.374601],[26.868471,38.374607],[26.868481,38.374607],[26.868492,38.374604],[26.868504,38.374602],[26.868515,38.374603],[26.868545,38.374617],[26.868555,38.374623],[26.868565,38.374627],[26.868577,38.374628],[26.868588,38.374627],[26.868611,38.374621],[26.868623,38.374621],[26.868634,38.374623],[26.868644,38.374626],[26.868654,38.374631],[26.868662,38.374639],[26.868672,38.374644],[26.86873,38.374657],[26.86879,38.374664],[26.868825,38.374663],[26.868835,38.374666],[26.868847,38.374667],[26.868883,38.374666],[26.868897,38.374667],[26.86899,38.374687],[26.869003,38.374687],[26.86905,38.374682],[26.869062,38.374683],[26.86907,38.374689],[26.869082,38.374691],[26.869105,38.374691],[26.869128,38.374699],[26.869139,38.374701],[26.869162,38.374702],[26.869328,38.374734],[26.86934,38.374734],[26.869363,38.374734],[26.86937,38.374741],[26.869379,38.374746],[26.869467,38.374768],[26.869479,38.374767],[26.869492,38.374767],[26.869499,38.374773],[26.86951,38.374777],[26.869521,38.374778],[26.869533,38.374776],[26.869543,38.374772],[26.869565,38.374767],[26.869613,38.374774],[26.869646,38.374784],[26.869658,38.374785],[26.869677,38.374796],[26.869689,38.374798],[26.8697,38.374794],[26.869711,38.374793],[26.869721,38.374799],[26.869731,38.374803],[26.869742,38.374805],[26.869753,38.374809],[26.869765,38.374809],[26.869775,38.374805],[26.869786,38.374803],[26.869799,38.374805],[26.86981,38.374807],[26.869821,38.374804],[26.869842,38.374795],[26.869854,38.374793],[26.869878,38.374796],[26.869911,38.374808],[26.869982,38.374821],[26.869994,38.374821],[26.870051,38.374834],[26.870061,38.374838],[26.870066,38.374846],[26.870059,38.374853],[26.870054,38.374861],[26.870062,38.374868],[26.870101,38.374888],[26.870113,38.374887],[26.870122,38.374882],[26.870145,38.374877],[26.870156,38.374873],[26.870163,38.374866],[26.870169,38.374858],[26.870178,38.374852],[26.870188,38.374849],[26.8702,38.374849],[26.870408,38.374887],[26.870433,38.374888],[26.870479,38.374897],[26.870491,38.374897],[26.870502,38.374895],[26.870515,38.374895],[26.870526,38.374895],[26.870597,38.374917],[26.87063,38.374908],[26.870642,38.374908],[26.870655,38.374909],[26.87071,38.374924],[26.870722,38.374926],[26.870733,38.374929],[26.870743,38.374933],[26.870753,38.374937],[26.870988,38.374979],[26.870998,38.374984],[26.871009,38.374988],[26.871032,38.374991],[26.871055,38.37499],[26.871074,38.375001],[26.871104,38.375014],[26.871126,38.375019],[26.871138,38.37502],[26.871174,38.375016],[26.871186,38.375017],[26.871196,38.375021],[26.871205,38.375027],[26.871216,38.37503],[26.871227,38.37503],[26.871236,38.375025],[26.871241,38.375018],[26.871386,38.375048],[26.871409,38.37505],[26.871432,38.375056],[26.871477,38.375073],[26.871488,38.375076],[26.8715,38.375076],[26.87151,38.375074],[26.871523,38.375073],[26.871535,38.375074],[26.871558,38.37508],[26.871606,38.375088],[26.871694,38.375119],[26.871742,38.375126],[26.871775,38.375139],[26.871799,38.375141],[26.871823,38.375139],[26.87191,38.375154],[26.87192,38.375158],[26.871926,38.375166],[26.871935,38.375184],[26.871942,38.375191],[26.871953,38.375195],[26.871964,38.375198],[26.871975,38.375196],[26.871996,38.375186],[26.872006,38.375183],[26.872017,38.375185],[26.872038,38.375193],[26.872048,38.375198],[26.872051,38.375206],[26.872058,38.375214],[26.872068,38.375217],[26.872079,38.375215],[26.87211,38.375202],[26.872122,38.375202],[26.872133,38.375205],[26.872141,38.375211],[26.872143,38.37522],[26.872145,38.375229],[26.872148,38.375239],[26.872153,38.375247],[26.87216,38.375254],[26.872172,38.375256],[26.872197,38.375256],[26.872209,38.375255],[26.87222,38.375252],[26.872241,38.375244],[26.87225,38.375238],[26.87226,38.375233],[26.872271,38.375229],[26.872282,38.375227],[26.872294,38.375228],[26.87234,38.375237],[26.872389,38.375239],[26.8724,38.375242],[26.872419,38.375253],[26.87243,38.375256],[26.87244,38.375251],[26.872452,38.375249],[26.87246,38.375255],[26.872469,38.37526],[26.872504,38.375268],[26.872516,38.375273],[26.872527,38.375277],[26.87255,38.375274],[26.872574,38.375276],[26.872616,38.375291],[26.872627,38.375293],[26.87264,38.375293],[26.872664,38.37529],[26.872675,38.375291],[26.872687,38.375293],[26.87271,38.3753],[26.872733,38.375302],[26.872806,38.375321],[26.872817,38.375322],[26.872841,38.375319],[26.872852,38.37532],[26.872863,38.375323],[26.872873,38.375328],[26.872885,38.37533],[26.872908,38.37533],[26.872919,38.375332],[26.872924,38.37534],[26.872934,38.375346],[26.872969,38.375352],[26.87298,38.375349],[26.872991,38.375348],[26.873034,38.375362],[26.873046,38.375364],[26.873082,38.375368],[26.873091,38.375373],[26.873102,38.375377],[26.873124,38.375378],[26.873136,38.37538],[26.873144,38.375387],[26.873155,38.375392],[26.873166,38.375395],[26.873178,38.375394],[26.87319,38.375392],[26.8732,38.375396],[26.873211,38.375399],[26.873222,38.3754],[26.873233,38.375403],[26.873242,38.375409],[26.873248,38.375417],[26.873258,38.375418],[26.873283,38.375418],[26.873362,38.375439],[26.873374,38.37544],[26.873385,38.375444],[26.873404,38.375453],[26.873415,38.375456],[26.873424,38.375464],[26.873434,38.37547],[26.873445,38.375472],[26.873467,38.375464],[26.873478,38.375464],[26.873489,38.375468],[26.873498,38.375473],[26.873509,38.375475],[26.873521,38.375473],[26.873533,38.375473],[26.873592,38.375484],[26.873627,38.375485],[26.873639,38.375489],[26.873666,38.375506],[26.873677,38.375511],[26.873688,38.375515],[26.8737,38.375517],[26.873712,38.375517],[26.873749,38.375514],[26.873831,38.375522],[26.873852,38.375529],[26.873873,38.375539],[26.873897,38.375543],[26.873922,38.375544],[26.873933,38.375546],[26.873944,38.37555],[26.873978,38.375557],[26.87399,38.375558],[26.874001,38.375561],[26.874021,38.37557],[26.874046,38.375573],[26.874081,38.375573],[26.874105,38.375579],[26.874115,38.375584],[26.874127,38.375587],[26.874138,38.375589],[26.87415,38.375589],[26.874173,38.375587],[26.874185,38.375588],[26.874196,38.375592],[26.874222,38.375596],[26.874234,38.375597],[26.874245,38.375602],[26.874262,38.375613],[26.874334,38.375622],[26.874368,38.375632],[26.874391,38.375634],[26.874402,38.375636],[26.874411,38.375641],[26.874423,38.375644],[26.874446,38.375643],[26.874458,38.375645],[26.874493,38.375643],[26.874505,38.375644],[26.874703,38.375683],[26.874724,38.37569],[26.874736,38.375692],[26.874758,38.375698],[26.87477,38.3757],[26.874806,38.375701],[26.874817,38.375703],[26.874861,38.375717],[26.874872,38.37572],[26.875004,38.375732],[26.875016,38.375734],[26.875035,38.375745],[26.875102,38.375761],[26.875113,38.375764],[26.875217,38.375791],[26.875229,38.375792],[26.87524,38.375795],[26.875262,38.375802],[26.875271,38.375808],[26.875286,38.375823],[26.875294,38.375829],[26.875306,38.375832],[26.875357,38.375836],[26.875368,38.375838],[26.87538,38.375838],[26.87545,38.375824],[26.875569,38.375825],[26.875592,38.375831],[26.875604,38.375835],[26.875615,38.375838],[26.875643,38.37584],[26.875652,38.375842],[26.875674,38.375849],[26.875698,38.375854],[26.87574,38.375869],[26.875799,38.375876],[26.875835,38.375886],[26.875858,38.375888],[26.87587,38.375891],[26.87588,38.375896],[26.875902,38.375904],[26.875939,38.375911],[26.875974,38.375912],[26.875998,38.375917],[26.876019,38.375924],[26.8761,38.375937],[26.87611,38.375943],[26.876117,38.375951],[26.876127,38.375954],[26.876137,38.37595],[26.876148,38.375952],[26.876157,38.375956],[26.876168,38.375955],[26.87618,38.375957],[26.876199,38.375967],[26.87621,38.375971],[26.876245,38.37597],[26.876257,38.375971],[26.876268,38.375973],[26.876279,38.375977],[26.87629,38.375978],[26.876301,38.375981],[26.876307,38.375988],[26.876314,38.375995],[26.876324,38.375999],[26.876334,38.375996],[26.876339,38.375988],[26.876362,38.375989],[26.876373,38.375993],[26.876383,38.375999],[26.876391,38.376006],[26.876402,38.376009],[26.876413,38.376006],[26.876438,38.376005],[26.876449,38.376009],[26.876459,38.376015],[26.876467,38.376021],[26.87649,38.376024],[26.876513,38.376025],[26.876558,38.376035],[26.876582,38.376037],[26.876593,38.376039],[26.876603,38.376045],[26.876612,38.376051],[26.876622,38.376056],[26.876633,38.376058],[26.876644,38.376059],[26.876655,38.376057],[26.87666,38.376049],[26.876671,38.376052],[26.876681,38.376056],[26.876688,38.376064],[26.876697,38.376069],[26.876721,38.37607],[26.876757,38.376076],[26.876768,38.376079],[26.876778,38.376085],[26.876787,38.376091],[26.876797,38.376096],[26.876809,38.376098],[26.876832,38.3761],[26.876844,38.376099],[26.876867,38.376094],[26.876879,38.376093],[26.87689,38.376094],[26.876948,38.376105],[26.876961,38.376106],[26.876972,38.376108],[26.876983,38.376111],[26.876996,38.376112],[26.877008,38.376111],[26.87702,38.376113],[26.877031,38.376117],[26.877042,38.37612],[26.877054,38.376121],[26.877078,38.37612],[26.877091,38.376121],[26.877115,38.376126],[26.877151,38.376129],[26.877162,38.376132],[26.877187,38.376136],[26.877196,38.376141],[26.877208,38.376143],[26.877232,38.376144],[26.877268,38.376149],[26.877279,38.376151],[26.877292,38.376153],[26.877365,38.376155],[26.877377,38.376157],[26.877386,38.376162],[26.877396,38.376167],[26.877408,38.376168],[26.877444,38.376165],[26.877456,38.376166],[26.877467,38.376168],[26.877478,38.376172],[26.877488,38.376178],[26.877499,38.376181],[26.877522,38.376185],[26.877534,38.376185],[26.877556,38.376182],[26.877568,38.376183],[26.87759,38.376192],[26.877649,38.376199],[26.877738,38.376221],[26.87775,38.37622],[26.877761,38.376224],[26.877784,38.376226],[26.877812,38.376234],[26.877819,38.376235],[26.877946,38.376251],[26.87795,38.376251],[26.877961,38.376255],[26.877968,38.376262],[26.877973,38.37627],[26.87798,38.376277],[26.877991,38.376281],[26.878003,38.376281],[26.878013,38.376278],[26.878023,38.376274],[26.878034,38.37627],[26.878046,38.376269],[26.878058,38.376271],[26.878069,38.376275],[26.878081,38.376277],[26.878094,38.376275],[26.878105,38.376277],[26.87812,38.376291],[26.878172,38.376312],[26.878196,38.376316],[26.878205,38.376322],[26.87821,38.37633],[26.878221,38.376335],[26.878232,38.376333],[26.878244,38.376333],[26.878268,38.37633],[26.87828,38.376329],[26.878292,38.376331],[26.878315,38.376325],[26.878326,38.376326],[26.878348,38.376335],[26.878393,38.376348],[26.878416,38.376345],[26.878427,38.376346],[26.878439,38.376351],[26.878463,38.376353],[26.878487,38.37636],[26.878497,38.376365],[26.878557,38.376374],[26.878568,38.376377],[26.87858,38.376378],[26.878604,38.376377],[26.878616,38.376378],[26.878627,38.37638],[26.878639,38.376383],[26.87865,38.376385],[26.878675,38.376386],[26.878686,38.376388],[26.878706,38.376398],[26.878717,38.376401],[26.878729,38.376402],[26.878753,38.3764],[26.878778,38.376402],[26.878801,38.376407],[26.878813,38.376407],[26.878871,38.376419],[26.878882,38.37642],[26.878903,38.376429],[26.878915,38.37643],[26.878938,38.376428],[26.878949,38.376431],[26.87896,38.376437],[26.878971,38.37644],[26.878996,38.37644],[26.879007,38.376442],[26.879017,38.376446],[26.879028,38.376448],[26.879052,38.376448],[26.879063,38.37645],[26.879072,38.376457],[26.879082,38.376461],[26.879192,38.376481],[26.87924,38.376498],[26.879259,38.376508],[26.879269,38.376513],[26.879296,38.376532],[26.879306,38.376535],[26.87933,38.376541],[26.879342,38.376542],[26.87938,38.376539],[26.879393,38.37654],[26.879416,38.376545],[26.879451,38.376544],[26.879462,38.376545],[26.879474,38.376547],[26.879484,38.376551],[26.879519,38.376557],[26.879544,38.376556],[26.879556,38.37656],[26.879587,38.376574],[26.8796,38.376575],[26.879636,38.376574],[26.879647,38.376576],[26.879679,38.376586],[26.879689,38.376591],[26.8797,38.376593],[26.879723,38.376594],[26.879735,38.376593],[26.879785,38.376596],[26.879809,38.3766],[26.879823,38.376601],[26.879947,38.376632],[26.879995,38.376637],[26.880006,38.376641],[26.880019,38.376643],[26.880031,38.376646],[26.880104,38.376654],[26.880115,38.376657],[26.880125,38.376661],[26.880149,38.376663],[26.880253,38.376688],[26.880323,38.376699],[26.880345,38.376705],[26.880418,38.376709],[26.880442,38.376714],[26.880485,38.376728],[26.880505,38.376737],[26.880513,38.376743],[26.880519,38.376752],[26.880533,38.376767],[26.880543,38.376772],[26.880554,38.376774],[26.880564,38.376771],[26.880584,38.376761],[26.880605,38.376754],[26.880614,38.376749],[26.880625,38.376744],[26.880637,38.376743],[26.880649,38.376745],[26.880661,38.376746],[26.880672,38.376749],[26.880683,38.376753],[26.880718,38.376761],[26.880727,38.376765],[26.880739,38.376767],[26.880762,38.376765],[26.88082,38.376774],[26.880842,38.376782],[26.880928,38.376785],[26.880953,38.376789],[26.880965,38.376789],[26.880977,38.376791],[26.880988,38.376794],[26.881013,38.376797],[26.881037,38.376797],[26.881095,38.376804],[26.881106,38.376808],[26.881117,38.376807],[26.881129,38.376809],[26.881139,38.376813],[26.881151,38.376816],[26.881199,38.376821],[26.881235,38.376819],[26.881246,38.37682],[26.881257,38.376824],[26.881305,38.376835],[26.881448,38.376848],[26.881459,38.37685],[26.881491,38.376862],[26.88155,38.376871],[26.881562,38.376874],[26.881583,38.376882],[26.881594,38.376884],[26.881618,38.376887],[26.881663,38.376903],[26.881672,38.376908],[26.881742,38.376925],[26.881806,38.376952],[26.881897,38.376976],[26.881941,38.376993],[26.882023,38.377016],[26.882094,38.377032],[26.882117,38.377039],[26.8822,38.377059],[26.882211,38.377063],[26.88225,38.377083],[26.882293,38.377097],[26.882353,38.377127],[26.882375,38.377135],[26.882416,38.377154],[26.882425,38.37716],[26.882435,38.377165],[26.882447,38.377167],[26.88247,38.377166],[26.882482,38.377168],[26.882493,38.377172],[26.882502,38.377178],[26.882513,38.377181],[26.882523,38.377166],[26.882532,38.37716],[26.882542,38.377155],[26.882555,38.377153],[26.882566,38.377155],[26.882578,38.377159],[26.882587,38.377165],[26.882593,38.377172],[26.882595,38.377182],[26.882595,38.377191],[26.882607,38.377227],[26.882614,38.377234],[26.882624,38.377238],[26.882635,38.37724],[26.882647,38.377239],[26.882657,38.377234],[26.882664,38.377227],[26.882669,38.377219],[26.882671,38.37721],[26.882672,38.377201],[26.882679,38.377183],[26.882684,38.377174],[26.882693,38.377168],[26.882721,38.377153],[26.882732,38.377151],[26.882743,38.37715],[26.882754,38.377148],[26.8828,38.377149],[26.882813,38.377152],[26.882833,38.37716],[26.882902,38.377175],[26.882931,38.37719],[26.882942,38.377192],[26.882951,38.377196],[26.88296,38.377203],[26.882969,38.377208],[26.88298,38.377211],[26.88299,38.377216],[26.883009,38.377227],[26.883173,38.377305],[26.883182,38.377311],[26.88319,38.377317],[26.883199,38.377323],[26.88321,38.377326],[26.883219,38.37733],[26.88323,38.377347],[26.883237,38.377355],[26.883247,38.377371],[26.883254,38.377379],[26.88326,38.377387],[26.883264,38.377396],[26.883268,38.377405],[26.883277,38.377412],[26.883287,38.377417],[26.883296,38.377424],[26.883302,38.377431],[26.883335,38.377458],[26.883364,38.377474],[26.883371,38.377481],[26.883377,38.377489],[26.883386,38.377507],[26.883415,38.377547],[26.883452,38.377584],[26.88347,38.377596],[26.883489,38.377606],[26.883501,38.377609],[26.883512,38.377608],[26.88352,38.377602],[26.883531,38.377606],[26.883538,38.377614],[26.883546,38.377621],[26.883555,38.377626],[26.883563,38.377633],[26.883566,38.377642],[26.883565,38.377652],[26.883569,38.377661],[26.883577,38.377667],[26.883586,38.377663],[26.883594,38.377662],[26.883601,38.377669],[26.88361,38.377673],[26.88362,38.377672],[26.883629,38.37769],[26.883635,38.377708],[26.88365,38.377726],[26.883659,38.377731],[26.88367,38.377729],[26.883679,38.377723],[26.883684,38.377717],[26.883703,38.377722],[26.8837,38.377731],[26.883698,38.37774],[26.883693,38.377749],[26.883685,38.377754],[26.883674,38.377759],[26.883668,38.377766],[26.88367,38.377775],[26.883675,38.377783],[26.883678,38.377793],[26.883682,38.377802],[26.883689,38.37782],[26.88369,38.377831],[26.88369,38.377841],[26.883677,38.377878],[26.883672,38.377886],[26.883668,38.377904],[26.883671,38.377922],[26.88367,38.377932],[26.883665,38.37794],[26.883658,38.377948],[26.883655,38.377966],[26.883648,38.377973],[26.883646,38.377992],[26.883647,38.378],[26.883647,38.37801],[26.883643,38.378029],[26.883644,38.378039],[26.883643,38.378049],[26.883634,38.378076],[26.883632,38.378085],[26.883631,38.378094],[26.883633,38.378113],[26.883632,38.378141],[26.883627,38.37815],[26.883624,38.378159],[26.883612,38.378219],[26.883609,38.378228],[26.883588,38.378274],[26.883576,38.378291],[26.883569,38.378298],[26.883563,38.378305],[26.883556,38.378323],[26.883552,38.378341],[26.883554,38.37835],[26.883571,38.378373],[26.883579,38.378381],[26.88359,38.378386],[26.883676,38.378414],[26.883751,38.378413],[26.883789,38.37842],[26.883814,38.37842],[26.883838,38.378415],[26.88385,38.378416],[26.883858,38.378422],[26.88387,38.378438],[26.88388,38.378444],[26.88389,38.378448],[26.883904,38.378451],[26.883916,38.378451],[26.883928,38.378451],[26.883951,38.378445],[26.883963,38.378444],[26.883989,38.378445],[26.884081,38.378465],[26.884104,38.378466],[26.884153,38.378477],[26.884175,38.378484],[26.884187,38.378483],[26.88421,38.37848],[26.884223,38.378481],[26.884235,38.378484],[26.884279,38.3785],[26.884302,38.378505],[26.884314,38.378505],[26.884336,38.378499],[26.884348,38.378499],[26.884358,38.378504],[26.884371,38.378506],[26.884394,38.378504],[26.884406,38.378506],[26.884414,38.378513],[26.88442,38.378521],[26.884431,38.378524],[26.884444,38.378525],[26.884456,38.378523],[26.884469,38.378525],[26.884492,38.378533],[26.884504,38.378536],[26.884528,38.378537],[26.884538,38.378541],[26.884549,38.378542],[26.884561,38.378541],[26.884572,38.378541],[26.884582,38.378545],[26.884619,38.378549],[26.884655,38.378556],[26.884667,38.378557],[26.884757,38.378589],[26.884792,38.378596],[26.884804,38.378596],[26.88483,38.378593],[26.884842,38.378592],[26.884855,38.378594],[26.88489,38.378602],[26.884915,38.378606],[26.885009,38.378628],[26.885062,38.378648],[26.885074,38.378651],[26.885097,38.37866],[26.885108,38.378659],[26.885119,38.378656],[26.885131,38.378658],[26.885178,38.378669],[26.88519,38.378669],[26.885202,38.378667],[26.88524,38.378667],[26.885273,38.378674],[26.885298,38.378671],[26.88531,38.378672],[26.885322,38.378675],[26.885344,38.378682],[26.885355,38.378684],[26.885366,38.378686],[26.88541,38.378702],[26.885422,38.378703],[26.885434,38.378702],[26.885457,38.378697],[26.885468,38.378697],[26.885502,38.378706],[26.885515,38.378706],[26.885525,38.378702],[26.885534,38.378696],[26.885577,38.37868],[26.885587,38.378674],[26.885593,38.378666],[26.885596,38.378658],[26.885597,38.378648],[26.885592,38.378639],[26.885581,38.378623],[26.885575,38.378606],[26.885571,38.378597],[26.885566,38.378589],[26.885555,38.378585],[26.885543,38.378585],[26.885531,38.378586],[26.885445,38.378585],[26.88536,38.378571],[26.885348,38.378571],[26.885336,38.378572],[26.885323,38.378572],[26.885203,38.378547],[26.885133,38.378541],[26.885006,38.37851],[26.884995,38.37851],[26.884984,38.378513],[26.884972,38.378511],[26.884961,38.378508],[26.884938,38.378507],[26.884926,38.378504],[26.884915,38.378499],[26.884881,38.378491],[26.88487,38.378492],[26.884859,38.37849],[26.88485,38.378484],[26.884838,38.378482],[26.884826,38.378483],[26.884818,38.378478],[26.884806,38.378476],[26.884796,38.37848],[26.884785,38.378479],[26.884775,38.378474],[26.884763,38.378472],[26.884692,38.378439],[26.884696,38.378421],[26.884187,38.378337],[26.883744,38.378264],[26.883715,38.378233],[26.883862,38.377464],[26.884909,38.377602],[26.885159,38.377635],[26.885043,38.378198],[26.885046,38.37821],[26.885052,38.378221],[26.885062,38.37823],[26.885102,38.378261],[26.88511,38.378259],[26.88512,38.378269],[26.885128,38.378276],[26.885135,38.378283],[26.885145,38.378287],[26.885153,38.378283],[26.885164,38.378281],[26.885176,38.378281],[26.885193,38.378275],[26.885203,38.378269],[26.885211,38.378262],[26.885218,38.378255],[26.885223,38.378246],[26.885221,38.378237],[26.885213,38.37822],[26.885216,38.378212],[26.885235,38.378203],[26.885244,38.378197],[26.885252,38.37819],[26.885257,38.378182],[26.885256,38.378173],[26.885253,38.378154],[26.885247,38.378135],[26.885246,38.378126],[26.885248,38.378117],[26.885251,38.378108],[26.885261,38.378092],[26.885275,38.378076],[26.885284,38.37806],[26.885297,38.378042],[26.885319,38.377997],[26.885324,38.377989],[26.885339,38.377974],[26.885347,38.377968],[26.885357,38.377963],[26.885368,38.377959],[26.88538,38.377956],[26.885391,38.377952],[26.885455,38.377908],[26.885487,38.377882],[26.885506,38.377871],[26.88553,38.377865],[26.885541,38.377863],[26.885552,38.37786],[26.88559,38.377847],[26.885602,38.377845],[26.885614,38.377844],[26.885624,38.37784],[26.885639,38.377826],[26.885648,38.37782],[26.885658,38.377815],[26.885667,38.37781],[26.885677,38.377803],[26.885716,38.377781],[26.885727,38.377776],[26.885738,38.37777],[26.885899,38.377719],[26.885912,38.377703],[26.885935,38.377704],[26.88596,38.377702],[26.885972,38.377703],[26.885997,38.377708],[26.886021,38.37771],[26.886034,38.37771],[26.886045,38.377709],[26.886068,38.377701],[26.886081,38.377699],[26.886131,38.377701],[26.886216,38.377715],[26.886251,38.377726],[26.886276,38.377729],[26.886286,38.377733],[26.886298,38.377735],[26.886309,38.377739],[26.886317,38.377747],[26.886321,38.377757],[26.886325,38.377765],[26.886335,38.377773],[26.886345,38.377779],[26.886356,38.377782],[26.886367,38.377783],[26.886376,38.37779],[26.886386,38.377793],[26.88641,38.37779],[26.886422,38.377792],[26.886433,38.377795],[26.886446,38.377797],[26.886457,38.377795],[26.886463,38.377787],[26.886471,38.377779],[26.886483,38.377774],[26.886495,38.377772],[26.886506,38.377774],[26.886536,38.377791],[26.886581,38.377806],[26.88663,38.377811],[26.88668,38.37781],[26.886692,38.377812],[26.886726,38.377822],[26.886755,38.377837],[26.886767,38.377838],[26.886778,38.377837],[26.886789,38.377834],[26.886801,38.377833],[26.88685,38.377838],[26.886861,38.377842],[26.886902,38.37786],[26.886913,38.377864],[26.886925,38.377863],[26.886935,38.377861],[26.886947,38.377861],[26.886954,38.377869],[26.886959,38.377877],[26.886969,38.377882],[26.887027,38.377901],[26.88704,38.377903],[26.887077,38.377904],[26.88709,38.377906],[26.887101,38.377909],[26.887127,38.377912],[26.887149,38.377918],[26.887172,38.377927],[26.887196,38.377932],[26.887214,38.377944],[26.887224,38.377948],[26.887234,38.377946],[26.887233,38.377937],[26.887225,38.377919],[26.887224,38.37791],[26.887229,38.377898],[26.887252,38.377879],[26.887284,38.377887],[26.887279,38.377901],[26.88728,38.377911],[26.887284,38.377919],[26.887301,38.377933],[26.887308,38.377941],[26.88732,38.377943],[26.887332,38.377943],[26.887342,38.377946],[26.887353,38.37795],[26.887364,38.377952],[26.887375,38.37795],[26.887396,38.377941],[26.887406,38.377938],[26.887417,38.377932],[26.887424,38.377925],[26.887431,38.377917],[26.887435,38.377908],[26.887452,38.377884],[26.887465,38.377868],[26.887474,38.377863],[26.887485,38.377859],[26.887497,38.377858],[26.887509,38.377858],[26.88752,38.377859],[26.887531,38.377863],[26.887541,38.377869],[26.887547,38.377876],[26.887548,38.377887],[26.887544,38.377896],[26.887537,38.377904],[26.887532,38.377911],[26.887531,38.377921],[26.88753,38.37794],[26.887532,38.377949],[26.887539,38.377955],[26.88755,38.37796],[26.887562,38.377964],[26.887573,38.377964],[26.887585,38.377964],[26.887597,38.377966],[26.887627,38.377981],[26.887638,38.377984],[26.88765,38.377986],[26.887675,38.377983],[26.887686,38.377985],[26.887734,38.377995],[26.887748,38.377995],[26.88776,38.377993],[26.887772,38.37799],[26.887785,38.37799],[26.887796,38.377994],[26.887805,38.378002],[26.887814,38.378006],[26.887827,38.378009],[26.887848,38.378016],[26.887859,38.378018],[26.887871,38.378017],[26.887903,38.378007],[26.887915,38.378006],[26.887966,38.378008],[26.887979,38.37801],[26.88799,38.378014],[26.887999,38.378019],[26.888007,38.378026],[26.888016,38.378043],[26.888023,38.37805],[26.888032,38.378056],[26.888043,38.378061],[26.888054,38.378064],[26.888066,38.378066],[26.88809,38.378087],[26.8881,38.378092],[26.888111,38.378095],[26.888124,38.378096],[26.888136,38.378095],[26.888168,38.378083],[26.888215,38.378077],[26.888249,38.378079],[26.888271,38.378084],[26.88828,38.37809],[26.88829,38.378107],[26.888292,38.37812],[26.888326,38.378124],[26.888327,38.378113],[26.888333,38.378106],[26.888342,38.3781],[26.888353,38.378097],[26.888377,38.378098],[26.8884,38.378103],[26.888424,38.378105],[26.888435,38.378105],[26.888447,38.378107],[26.888458,38.378107],[26.888466,38.378102],[26.888471,38.378093],[26.888479,38.378088],[26.888529,38.378092],[26.888604,38.378121],[26.888608,38.378109],[26.8887,38.378126],[26.888703,38.378114],[26.888714,38.378111],[26.888717,38.378103],[26.888721,38.378085],[26.888725,38.378076],[26.888731,38.378058],[26.888736,38.37805],[26.88874,38.378041],[26.888744,38.378023],[26.888751,38.378016],[26.888762,38.378014],[26.888773,38.378016],[26.888785,38.378016],[26.888808,38.378014],[26.888819,38.378016],[26.888824,38.378024],[26.88883,38.378041],[26.88883,38.378062],[26.888814,38.378112],[26.888928,38.37814],[26.888931,38.378125],[26.888969,38.378129],[26.889029,38.378127],[26.889066,38.378131],[26.889078,38.378134],[26.889102,38.378134],[26.889113,38.378136],[26.889136,38.378142],[26.889159,38.378145],[26.889169,38.378144],[26.889189,38.378136],[26.889201,38.378134],[26.889213,38.378136],[26.889236,38.378143],[26.889277,38.378163],[26.889298,38.378171],[26.889358,38.378182],[26.889365,38.378188],[26.889366,38.378198],[26.889365,38.378217],[26.889369,38.378226],[26.889374,38.378235],[26.889382,38.378241],[26.889393,38.378239],[26.889401,38.378234],[26.889413,38.378233],[26.889434,38.378242],[26.889457,38.378247],[26.889476,38.378257],[26.889545,38.378271],[26.889581,38.378272],[26.889592,38.378268],[26.889596,38.37826],[26.889607,38.378261],[26.889619,38.378265],[26.889631,38.378266],[26.889666,38.378262],[26.88969,38.378266],[26.889701,38.378269],[26.889732,38.378282],[26.889767,38.378284],[26.889854,38.378315],[26.889877,38.37832],[26.8899,38.378322],[26.889919,38.378333],[26.88993,38.378337],[26.889942,38.378338],[26.889953,38.37834],[26.889965,38.378341],[26.889974,38.378336],[26.889985,38.378333],[26.889996,38.378335],[26.89,38.378344],[26.890008,38.378352],[26.890016,38.378357],[26.890028,38.37836],[26.89004,38.378359],[26.890053,38.378357],[26.890064,38.378357],[26.890076,38.378359],[26.890108,38.37837],[26.89012,38.378369],[26.890131,38.378373],[26.89014,38.378379],[26.890189,38.378403],[26.8902,38.3784],[26.890209,38.378395],[26.89022,38.378393],[26.890232,38.378395],[26.890243,38.378398],[26.890253,38.378393],[26.890262,38.378388],[26.890273,38.378385],[26.890284,38.378387],[26.890305,38.378396],[26.890317,38.378395],[26.890326,38.37839],[26.890335,38.378383],[26.890344,38.378378],[26.890355,38.378374],[26.890366,38.378374],[26.890378,38.378377],[26.890383,38.378386],[26.890389,38.378394],[26.890404,38.378409],[26.890415,38.378425],[26.890422,38.378433],[26.890433,38.378436],[26.890443,38.378435],[26.890454,38.378435],[26.890465,38.378439],[26.890474,38.378446],[26.890483,38.37845],[26.890495,38.378451],[26.890506,38.378454],[26.890516,38.378459],[26.890563,38.378458],[26.890575,38.378456],[26.890598,38.37846],[26.89061,38.378457],[26.890629,38.378465],[26.890641,38.378465],[26.890652,38.378467],[26.890663,38.378471],[26.890671,38.378477],[26.890702,38.378491],[26.890713,38.378495],[26.890725,38.378497],[26.890762,38.378498],[26.890773,38.378501],[26.890784,38.378503],[26.890794,38.378499],[26.890803,38.378502],[26.890804,38.378511],[26.890807,38.37852],[26.890818,38.378523],[26.89083,38.378523],[26.890863,38.378532],[26.890887,38.378532],[26.890908,38.37854],[26.890932,38.378541],[26.890985,38.378563],[26.891006,38.37857],[26.891075,38.378607],[26.891091,38.378621],[26.8911,38.378627],[26.89111,38.378632],[26.891132,38.378633],[26.891143,38.37863],[26.891154,38.378625],[26.891162,38.378619],[26.891173,38.378615],[26.891211,38.378595],[26.891222,38.378592],[26.891259,38.378594],[26.891341,38.378614],[26.891352,38.378618],[26.891361,38.378624],[26.891369,38.378631],[26.891379,38.378636],[26.891404,38.378636],[26.891427,38.378641],[26.89146,38.378652],[26.891471,38.378654],[26.891483,38.378654],[26.891495,38.378655],[26.89153,38.378664],[26.891554,38.378665],[26.891577,38.378669],[26.891751,38.378725],[26.891771,38.378734],[26.891782,38.378738],[26.891829,38.378766],[26.89185,38.378774],[26.891862,38.378775],[26.891896,38.378773],[26.891919,38.378768],[26.89193,38.378768],[26.891953,38.378771],[26.891964,38.378775],[26.891975,38.378776],[26.891987,38.378774],[26.891999,38.378775],[26.892039,38.378794],[26.892063,38.378799],[26.892072,38.378804],[26.892083,38.378806],[26.892092,38.378803],[26.892101,38.378797],[26.892113,38.378796],[26.892124,38.378799],[26.892135,38.378804],[26.892158,38.378806],[26.892174,38.378819],[26.892184,38.378823],[26.892194,38.378828],[26.892202,38.378835],[26.892213,38.378838],[26.892224,38.378836],[26.892235,38.378833],[26.892246,38.378836],[26.892253,38.378844],[26.892264,38.378848],[26.892276,38.378847],[26.892286,38.378843],[26.892295,38.378837],[26.892305,38.378834],[26.892326,38.378836],[26.89235,38.378834],[26.892361,38.378835],[26.892372,38.378833],[26.892392,38.378824],[26.892403,38.378821],[26.892428,38.378821],[26.892462,38.378815],[26.892486,38.378814],[26.892498,38.378816],[26.892532,38.378824],[26.892629,38.378857],[26.89266,38.378872],[26.89267,38.378877],[26.892692,38.378886],[26.892772,38.378908],[26.892783,38.37891],[26.892795,38.37891],[26.892819,38.378907],[26.892831,38.378907],[26.892853,38.378902],[26.892881,38.378892],[26.892789,38.378539],[26.892736,38.378419],[26.892758,38.378422],[26.892761,38.378436],[26.892816,38.378432],[26.892808,38.378398],[26.892848,38.378405],[26.892883,38.378446],[26.892866,38.378496],[26.892917,38.378506],[26.892916,38.37871],[26.892949,38.378831],[26.892976,38.37892],[26.892982,38.378947],[26.892984,38.378985],[26.892982,38.378995],[26.892983,38.379004],[26.892989,38.379012],[26.89302,38.379039],[26.893026,38.379047],[26.89303,38.379056],[26.893033,38.379065],[26.893032,38.379075],[26.893039,38.379171],[26.893036,38.37924],[26.893033,38.379249],[26.893029,38.379278],[26.893031,38.379316],[26.893035,38.379335],[26.893036,38.379355],[26.893022,38.379412],[26.893022,38.379422],[26.893019,38.379431],[26.893014,38.37944],[26.893012,38.379449],[26.893013,38.379479],[26.893015,38.37949],[26.893015,38.379497],[26.893012,38.379507],[26.893011,38.379517],[26.893012,38.379526],[26.893028,38.379571],[26.893032,38.379581],[26.893039,38.379588],[26.893053,38.379602],[26.893064,38.379618],[26.89307,38.379622],[26.893092,38.379646],[26.893111,38.379659],[26.893129,38.379678],[26.89315,38.379686],[26.893159,38.379703],[26.893159,38.379721],[26.893171,38.379712],[26.89318,38.379719],[26.893198,38.37973],[26.893202,38.379741],[26.893205,38.379753],[26.893234,38.37976],[26.893243,38.379769],[26.89326,38.37978],[26.89327,38.379791],[26.893284,38.379801],[26.893306,38.379812],[26.893323,38.379825],[26.893338,38.379841],[26.893383,38.379863],[26.893391,38.379886],[26.893419,38.379889],[26.893496,38.379881],[26.893532,38.379851],[26.893542,38.379841],[26.893547,38.379817],[26.893531,38.379783],[26.893493,38.379762],[26.893442,38.379715],[26.893415,38.379702],[26.893399,38.379683],[26.893361,38.379657],[26.893349,38.379644],[26.893299,38.379607],[26.893283,38.379591],[26.893266,38.37958],[26.893256,38.379566],[26.89324,38.379563],[26.893212,38.379542],[26.893202,38.37953],[26.893197,38.379519],[26.893188,38.379521],[26.89318,38.379511],[26.893181,38.379497],[26.893168,38.379489],[26.893164,38.379479],[26.893154,38.379466],[26.893147,38.379453],[26.893145,38.379441],[26.89314,38.379425],[26.893135,38.379401],[26.893144,38.379366],[26.893154,38.379343],[26.893153,38.379322],[26.893154,38.379315],[26.89315,38.379307],[26.893158,38.379301],[26.893152,38.379294],[26.893157,38.379279],[26.893157,38.379258],[26.893163,38.379249],[26.893168,38.379244],[26.893164,38.379236],[26.893171,38.37923],[26.893177,38.379221],[26.89317,38.37922],[26.893171,38.379207],[26.893184,38.379211],[26.893185,38.3792],[26.893184,38.379188],[26.893189,38.379181],[26.893188,38.379175],[26.89319,38.379169],[26.893198,38.379168],[26.893196,38.379152],[26.893198,38.379143],[26.893194,38.379135],[26.893198,38.379129],[26.893201,38.379118],[26.893201,38.379103],[26.893206,38.379089],[26.893213,38.379081],[26.893207,38.37907],[26.893215,38.379055],[26.893316,38.379042],[26.893336,38.379044],[26.893427,38.379034],[26.893441,38.37903],[26.89346,38.379027],[26.893476,38.37903],[26.893526,38.379022],[26.893537,38.379019],[26.893547,38.37902],[26.893605,38.379017],[26.893617,38.379014],[26.893634,38.379014],[26.893649,38.37901],[26.89368,38.379011],[26.893741,38.379002],[26.89375,38.378998],[26.893778,38.378991],[26.89381,38.378989],[26.89383,38.378983],[26.893852,38.378984],[26.893908,38.378976],[26.893931,38.378968],[26.893942,38.378967],[26.893957,38.378968],[26.893977,38.378961],[26.893995,38.378965],[26.894007,38.378959],[26.894054,38.378948],[26.89407,38.37895],[26.894112,38.378937],[26.894141,38.378945],[26.894173,38.378943],[26.894185,38.378939],[26.894214,38.378937],[26.89425,38.378939],[26.894256,38.378927],[26.894275,38.378922],[26.894293,38.378928],[26.894307,38.378922],[26.89433,38.378911],[26.894343,38.37892],[26.894358,38.378917],[26.894395,38.37889],[26.894405,38.378887],[26.894429,38.37889],[26.89445,38.378882],[26.894454,38.378872],[26.894466,38.378866],[26.89448,38.378879],[26.894496,38.378874],[26.894509,38.378868],[26.89453,38.378868],[26.89456,38.378863],[26.894582,38.378856],[26.89458,38.378848],[26.894597,38.378846],[26.894624,38.378834],[26.894642,38.378837],[26.894658,38.378828],[26.894722,38.378831],[26.894745,38.378828],[26.894758,38.378822],[26.894777,38.378816],[26.894797,38.378814],[26.894815,38.378814],[26.894824,38.378806],[26.894837,38.37881],[26.894855,38.378803],[26.894891,38.378801],[26.894912,38.378812],[26.894979,38.378815],[26.895061,38.378805],[26.895127,38.378813],[26.895155,38.378802],[26.89519,38.378804],[26.895214,38.378796],[26.895234,38.378795],[26.895258,38.37879],[26.895323,38.378786],[26.895362,38.378778],[26.895422,38.378745],[26.895471,38.378735],[26.895523,38.378741],[26.895588,38.378743],[26.895625,38.378737],[26.89565,38.378741],[26.895659,38.378749],[26.895731,38.378746],[26.895735,38.378731],[26.89585,38.378735],[26.896037,38.37876],[26.896101,38.378775],[26.896131,38.378761],[26.896157,38.378753],[26.896204,38.378748],[26.896278,38.378765],[26.896502,38.378767],[26.896526,38.378771],[26.896565,38.37877],[26.896575,38.378774],[26.89659,38.378772],[26.896596,38.378777],[26.896609,38.378779],[26.896622,38.378786],[26.896619,38.378805],[26.896637,38.378806],[26.896635,38.378792],[26.896654,38.378789],[26.896658,38.378807],[26.896703,38.378806],[26.896711,38.378819],[26.896819,38.378811],[26.896817,38.378787],[26.897195,38.378796],[26.897211,38.378796],[26.897464,38.378825],[26.897522,38.378839],[26.897557,38.378847],[26.897566,38.378859],[26.897574,38.378866],[26.897582,38.378868],[26.897602,38.378875],[26.897774,38.378882],[26.897793,38.378884],[26.897846,38.378881],[26.897862,38.37888],[26.897899,38.378884],[26.897931,38.378881],[26.897944,38.378883],[26.897962,38.378881],[26.897981,38.378885],[26.898001,38.378883],[26.898021,38.378878],[26.898039,38.378878],[26.898052,38.378882],[26.898068,38.378881],[26.898116,38.378887],[26.898159,38.37889],[26.898176,38.378884],[26.898187,38.378891],[26.898228,38.37889],[26.89825,38.378893],[26.898285,38.378893],[26.898308,38.378897],[26.89834,38.378892],[26.898356,38.378893],[26.898381,38.378891],[26.89841,38.378893],[26.898429,38.378888],[26.898455,38.378878],[26.898475,38.378862],[26.89849,38.378836],[26.89851,38.378834],[26.898539,38.378835],[26.898597,38.378841],[26.898629,38.378857],[26.898649,38.378854],[26.898702,38.378859],[26.898742,38.378857],[26.898754,38.378863],[26.898771,38.378869],[26.898793,38.378866],[26.898819,38.378868],[26.898833,38.378873],[26.898844,38.378871],[26.898875,38.378874],[26.898924,38.378875],[26.898952,38.378874],[26.898986,38.378871],[26.899019,38.378874],[26.899034,38.378879],[26.899101,38.378877],[26.899113,38.378874],[26.899129,38.378871],[26.899142,38.378873],[26.899168,38.378875],[26.89919,38.378874],[26.899212,38.378874],[26.899235,38.378871],[26.899249,38.378867],[26.899268,38.378876],[26.899311,38.378877],[26.899325,38.378884],[26.899342,38.378883],[26.899354,38.378887],[26.899371,38.378885],[26.899383,38.378889],[26.899396,38.378889],[26.899412,38.378886],[26.89942,38.37889],[26.899435,38.378887],[26.899453,38.37889],[26.899472,38.37889],[26.899489,38.378887],[26.899504,38.378894],[26.899515,38.378887],[26.899528,38.378893],[26.899548,38.378891],[26.899567,38.378896],[26.899578,38.378892],[26.89959,38.378898],[26.899623,38.378902],[26.899639,38.378906],[26.899669,38.37891],[26.899688,38.37891],[26.899702,38.378915],[26.899742,38.378913],[26.899765,38.37892],[26.899789,38.378919],[26.899826,38.378927],[26.899868,38.37893],[26.89988,38.378937],[26.899893,38.37893],[26.899904,38.378936],[26.899921,38.378935],[26.899937,38.378939],[26.899998,38.378942],[26.90001,38.378944],[26.900031,38.378942],[26.900043,38.378946],[26.900064,38.378945],[26.9001,38.378955],[26.900163,38.378978],[26.900165,38.378988],[26.900186,38.378993],[26.900201,38.378982],[26.900211,38.378991],[26.90023,38.378988],[26.900284,38.378988],[26.900321,38.37897],[26.900398,38.378971],[26.900419,38.378979],[26.900646,38.379011],[26.900659,38.379019],[26.900682,38.379022],[26.900705,38.379031],[26.900743,38.379038],[26.900768,38.379039],[26.900805,38.379052],[26.900926,38.379078],[26.900958,38.379078],[26.900988,38.379085],[26.901029,38.379089],[26.901045,38.379101],[26.901065,38.3791],[26.901119,38.379104],[26.901128,38.379109],[26.901149,38.379108],[26.901162,38.379112],[26.901308,38.379131],[26.901332,38.379132],[26.901435,38.379147],[26.901463,38.379155],[26.901566,38.379173],[26.90158,38.379173],[26.90159,38.379179],[26.901602,38.379184],[26.901615,38.379183],[26.901623,38.379191],[26.901706,38.379202],[26.90173,38.379208],[26.901743,38.379208],[26.90176,38.379211],[26.901787,38.37921],[26.901844,38.379225],[26.901866,38.379225],[26.901883,38.379235],[26.901906,38.379235],[26.901931,38.37924],[26.901971,38.379245],[26.901986,38.379251],[26.902031,38.379256],[26.902068,38.379264],[26.902086,38.379263],[26.902102,38.379271],[26.902135,38.379276],[26.902165,38.379287],[26.902177,38.379287],[26.902186,38.379288],[26.902203,38.37929],[26.902217,38.379297],[26.902233,38.379296],[26.902249,38.379304],[26.902268,38.379309],[26.902286,38.379317],[26.902299,38.379318],[26.902333,38.379328],[26.902348,38.379335],[26.902366,38.379335],[26.902377,38.379341],[26.902458,38.379352],[26.902486,38.379352],[26.902532,38.379358],[26.902568,38.379367],[26.902615,38.379374],[26.902632,38.379381],[26.902665,38.379387],[26.902672,38.379393],[26.902689,38.379391],[26.902703,38.379398],[26.902737,38.3794],[26.902757,38.379407],[26.902779,38.379408],[26.90279,38.379406],[26.902801,38.379413],[26.902818,38.37941],[26.902832,38.379415],[26.902843,38.379414],[26.90293,38.379428],[26.902971,38.37943],[26.902977,38.379438],[26.90299,38.379436],[26.903004,38.379442],[26.903019,38.37944],[26.903124,38.379458],[26.90316,38.379469],[26.903186,38.379471],[26.903253,38.379486],[26.903285,38.379499],[26.903299,38.379496],[26.903312,38.379506],[26.903331,38.379506],[26.903344,38.379515],[26.903364,38.379514],[26.90338,38.379523],[26.903409,38.37953],[26.903446,38.379523],[26.903473,38.379497],[26.90354,38.379513],[26.903556,38.379538],[26.903578,38.379557],[26.9036,38.379565],[26.903721,38.379586],[26.903823,38.379591],[26.90384,38.379595],[26.903857,38.379592],[26.903876,38.379598],[26.903902,38.3796],[26.903915,38.379606],[26.903928,38.379609],[26.90394,38.379609],[26.903958,38.379615],[26.904109,38.379632],[26.904119,38.379643],[26.904129,38.379638],[26.904146,38.379641],[26.904177,38.379639],[26.904216,38.379651],[26.904235,38.379654],[26.904255,38.379661],[26.90427,38.379668],[26.904289,38.379668],[26.904341,38.379683],[26.904364,38.379687],[26.904377,38.379686],[26.904403,38.37969],[26.904415,38.379689],[26.904423,38.379695],[26.904439,38.379695],[26.904455,38.379702],[26.904466,38.379709],[26.9045,38.379712],[26.904542,38.379723],[26.904557,38.379724],[26.904578,38.379722],[26.904585,38.379729],[26.904601,38.379729],[26.904652,38.379745],[26.904673,38.379758],[26.90469,38.37976],[26.904715,38.379774],[26.904752,38.37979],[26.904807,38.379803],[26.904857,38.379823],[26.90486,38.379824],[26.904952,38.379876],[26.905008,38.379891],[26.905068,38.379889],[26.905153,38.379869],[26.905174,38.379864],[26.905259,38.379874],[26.905314,38.379891],[26.905337,38.379892],[26.905357,38.379901],[26.905358,38.379902],[26.905492,38.379923],[26.905501,38.37993],[26.905524,38.379929],[26.905536,38.379929],[26.905549,38.37993],[26.90555,38.379932],[26.905556,38.379942],[26.905566,38.379939],[26.905574,38.379945],[26.905587,38.379945],[26.905606,38.379948],[26.905668,38.379972],[26.905695,38.379973],[26.90571,38.379981],[26.905758,38.379998],[26.905765,38.380006],[26.905788,38.380012],[26.905823,38.380013],[26.905841,38.380022],[26.905852,38.380029],[26.905868,38.380024],[26.905884,38.380027],[26.905905,38.380035],[26.905941,38.380044],[26.905976,38.380048],[26.905993,38.380055],[26.906004,38.380064],[26.90602,38.380063],[26.906048,38.380065],[26.906068,38.38008],[26.90609,38.380085],[26.906117,38.380097],[26.906154,38.380105],[26.906252,38.380142],[26.906272,38.380155],[26.906304,38.380157],[26.906354,38.380171],[26.906369,38.380177],[26.906395,38.380173],[26.906414,38.380185],[26.906522,38.380203],[26.906546,38.380214],[26.906615,38.380234],[26.906639,38.380237],[26.906662,38.380256],[26.90668,38.38026],[26.906693,38.380262],[26.906706,38.380266],[26.906727,38.380268],[26.906738,38.380274],[26.906782,38.380285],[26.906807,38.380286],[26.90681,38.380295],[26.906834,38.380295],[26.90688,38.38031],[26.906894,38.380311],[26.907066,38.380355],[26.907081,38.380356],[26.907088,38.380361],[26.907133,38.380364],[26.907186,38.380375],[26.907201,38.380383],[26.907278,38.380392],[26.907291,38.380396],[26.907313,38.380398],[26.907323,38.380397],[26.907332,38.380399],[26.907353,38.380408],[26.907362,38.380406],[26.907381,38.380415],[26.907401,38.380417],[26.907406,38.380424],[26.907424,38.380424],[26.90745,38.380437],[26.907459,38.380444],[26.907467,38.380443],[26.90748,38.380445],[26.907489,38.380444],[26.907498,38.380448],[26.907516,38.380446],[26.907592,38.380465],[26.907608,38.380473],[26.907638,38.38048],[26.907648,38.380486],[26.907672,38.380486],[26.907696,38.380496],[26.907712,38.380496],[26.907726,38.380499],[26.90774,38.380505],[26.907755,38.380502],[26.907775,38.380503],[26.907806,38.380513],[26.907825,38.380513],[26.907857,38.380522],[26.907891,38.380507],[26.907913,38.380491],[26.907922,38.380483],[26.907937,38.380474],[26.907952,38.380472],[26.908006,38.380481],[26.908019,38.380488],[26.908033,38.380491],[26.908059,38.380491],[26.908101,38.380499],[26.90811,38.380497],[26.908129,38.380499],[26.908147,38.380499],[26.908187,38.380508],[26.908208,38.380512],[26.908223,38.38052],[26.908237,38.380518],[26.908254,38.380519],[26.908258,38.380519],[26.908286,38.380525],[26.908297,38.380526],[26.908309,38.380531],[26.908344,38.380535],[26.908362,38.380541],[26.908372,38.380541],[26.908385,38.38055],[26.908393,38.380547],[26.908562,38.38059],[26.908573,38.380589],[26.908592,38.3806],[26.908605,38.380605],[26.908632,38.380606],[26.908663,38.380616],[26.908671,38.380622],[26.908725,38.380634],[26.908748,38.380636],[26.90888,38.380666],[26.909009,38.380691],[26.909029,38.380698],[26.909046,38.380699],[26.909066,38.380704],[26.909086,38.380716],[26.909096,38.38071],[26.909146,38.380714],[26.909171,38.380713],[26.909202,38.380724],[26.90927,38.380731],[26.90928,38.380736],[26.909292,38.380737],[26.909354,38.380754],[26.909377,38.380753],[26.909392,38.380763],[26.909409,38.380768],[26.909428,38.380771],[26.909437,38.380771],[26.909467,38.380781],[26.90948,38.38078],[26.90949,38.380783],[26.909506,38.380785],[26.909519,38.380785],[26.909531,38.380782],[26.909547,38.380789],[26.909561,38.380786],[26.909574,38.380789],[26.909591,38.380781],[26.9096,38.380784],[26.909618,38.380779],[26.909642,38.38078],[26.909667,38.380776],[26.909681,38.380782],[26.909705,38.380785],[26.909721,38.380788],[26.90976,38.380789],[26.909782,38.380792],[26.909799,38.380792],[26.909866,38.380803],[26.909886,38.380804],[26.91001,38.380831],[26.910033,38.380832],[26.910061,38.380838],[26.910071,38.380841],[26.91008,38.380847],[26.910102,38.380847],[26.910119,38.380855],[26.910147,38.380863],[26.91016,38.380863],[26.910169,38.380868],[26.910176,38.380866],[26.910228,38.380879],[26.910239,38.380883],[26.910292,38.380897],[26.910299,38.380904],[26.910319,38.380908],[26.910338,38.380909],[26.910351,38.380917],[26.910409,38.380937],[26.910418,38.380937],[26.910449,38.380944],[26.910463,38.380951],[26.910468,38.380956],[26.910489,38.380957],[26.910504,38.38096],[26.910513,38.380966],[26.910527,38.380965],[26.910542,38.380966],[26.910544,38.380971],[26.910575,38.380972],[26.910583,38.380979],[26.910605,38.380981],[26.910643,38.380991],[26.910657,38.380995],[26.910679,38.381008],[26.91071,38.381007],[26.910755,38.381018],[26.910767,38.381019],[26.910776,38.381026],[26.910796,38.381031],[26.910816,38.381031],[26.910837,38.381041],[26.91085,38.381044],[26.910859,38.38105],[26.910867,38.381049],[26.91088,38.381056],[26.910891,38.381056],[26.910925,38.381069],[26.910941,38.381078],[26.910948,38.381069],[26.910972,38.381081],[26.91105,38.3811],[26.911073,38.38111],[26.911089,38.381111],[26.911108,38.381118],[26.911117,38.381118],[26.911141,38.381127],[26.911148,38.381132],[26.91116,38.381132],[26.911172,38.381139],[26.911232,38.381157],[26.911242,38.381162],[26.911257,38.381162],[26.911268,38.381166],[26.911284,38.381178],[26.911304,38.38118],[26.911321,38.381189],[26.911404,38.381217],[26.911415,38.38122],[26.911425,38.381221],[26.911499,38.381251],[26.911516,38.381254],[26.911539,38.381267],[26.911552,38.38127],[26.911804,38.381394],[26.911814,38.381409],[26.91182,38.381416],[26.911833,38.381421],[26.911853,38.381427],[26.911863,38.381424],[26.911868,38.38142],[26.911877,38.381413],[26.911883,38.381405],[26.911909,38.381412],[26.911909,38.38142],[26.911908,38.381431],[26.911908,38.381449],[26.911902,38.381456],[26.911904,38.381465],[26.911912,38.381471],[26.911934,38.381465],[26.911944,38.381469],[26.911953,38.381476],[26.911977,38.38148],[26.911988,38.381484],[26.911997,38.38149],[26.912003,38.381497],[26.912014,38.381494],[26.912027,38.381495],[26.912049,38.381502],[26.91206,38.381504],[26.912072,38.381502],[26.912081,38.381505],[26.912088,38.381511],[26.912099,38.381511],[26.91211,38.381513],[26.91211,38.381521],[26.912119,38.381526],[26.912129,38.381523],[26.912141,38.381527],[26.912148,38.381534],[26.912158,38.381539],[26.912169,38.381543],[26.912205,38.381548],[26.912225,38.38156],[26.912234,38.381565],[26.912245,38.381569],[26.912257,38.381569],[26.912268,38.381568],[26.912279,38.38157],[26.912286,38.381577],[26.912295,38.381583],[26.912307,38.381585],[26.91232,38.381586],[26.912331,38.38159],[26.912342,38.381593],[26.912348,38.381597],[26.912347,38.381606],[26.91235,38.381615],[26.912359,38.381617],[26.912371,38.381615],[26.912394,38.381613],[26.912402,38.381618],[26.912412,38.381622],[26.912436,38.381618],[26.912447,38.38162],[26.912454,38.381627],[26.912463,38.381634],[26.912493,38.381648],[26.912504,38.38165],[26.912539,38.381645],[26.912549,38.381648],[26.912559,38.381645],[26.912566,38.38165],[26.912572,38.381656],[26.912609,38.381654],[26.912621,38.381656],[26.912659,38.381675],[26.912671,38.381676],[26.912683,38.381674],[26.912702,38.381665],[26.912713,38.381664],[26.912725,38.381667],[26.912737,38.381667],[26.912759,38.381663],[26.912769,38.381669],[26.912781,38.381672],[26.912794,38.381672],[26.912805,38.38167],[26.912816,38.381674],[26.912827,38.381673],[26.912839,38.381674],[26.912848,38.38168],[26.912859,38.381682],[26.912869,38.381682],[26.912892,38.38169],[26.912903,38.381691],[26.912914,38.381688],[26.912928,38.381688],[26.912974,38.381695],[26.913008,38.381705],[26.913033,38.381707],[26.913044,38.381707],[26.9131,38.381725],[26.913112,38.381726],[26.913125,38.381725],[26.913137,38.381725],[26.913146,38.381731],[26.913158,38.381735],[26.91317,38.381736],[26.913182,38.381736],[26.913194,38.381738],[26.913202,38.381744],[26.913214,38.381745],[26.913225,38.381742],[26.913237,38.38174],[26.913272,38.381741],[26.913284,38.381738],[26.913308,38.381735],[26.913348,38.381737],[26.91336,38.381739],[26.913396,38.381742],[26.913476,38.381762],[26.913502,38.381766],[26.913608,38.381795],[26.913629,38.381804],[26.913732,38.381835],[26.913744,38.381836],[26.913757,38.381835],[26.913817,38.381843],[26.913851,38.381854],[26.913862,38.381856],[26.913874,38.381855],[26.91393,38.381873],[26.913961,38.381887],[26.914008,38.381898],[26.914032,38.381899],[26.914255,38.38196],[26.914267,38.381961],[26.914277,38.381963],[26.914287,38.381968],[26.914298,38.381972],[26.914356,38.38198],[26.914368,38.381983],[26.914406,38.381984],[26.914418,38.381982],[26.914437,38.381975],[26.914516,38.381999],[26.914509,38.382002],[26.914514,38.38201],[26.914542,38.38203],[26.914552,38.382033],[26.914564,38.382034],[26.914635,38.38205],[26.9147,38.382075],[26.914711,38.382076],[26.914784,38.382102],[26.914794,38.382107],[26.914805,38.38211],[26.914817,38.382112],[26.914849,38.382122],[26.9149,38.382145],[26.915055,38.382185],[26.915067,38.382186],[26.91511,38.382201],[26.915191,38.382219],[26.915201,38.382222],[26.915258,38.382235],[26.915278,38.382244],[26.915288,38.382248],[26.9153,38.382249],[26.915311,38.382248],[26.91545,38.3823],[26.915462,38.382302],[26.915474,38.382303],[26.915495,38.382309],[26.915506,38.38231],[26.915583,38.382334],[26.915606,38.382338],[26.915618,38.382338],[26.915629,38.382337],[26.91564,38.382339],[26.915651,38.382343],[26.915671,38.382353],[26.915681,38.382357],[26.915819,38.382395],[26.915914,38.38241],[26.915936,38.382416],[26.915976,38.382437],[26.916157,38.382488],[26.916341,38.38256],[26.91637,38.382576],[26.91639,38.382585],[26.916445,38.382602],[26.916477,38.382617],[26.916948,38.38276],[26.916959,38.382765],[26.917023,38.382804],[26.917075,38.382827],[26.917087,38.382828],[26.917098,38.382827],[26.917109,38.382826],[26.917121,38.382827],[26.917143,38.382835],[26.917158,38.382848],[26.91719,38.382862],[26.917264,38.382908],[26.917529,38.383033],[26.917615,38.383064],[26.917626,38.383065],[26.917635,38.383063],[26.917646,38.383066],[26.917655,38.383064],[26.917665,38.38307],[26.917676,38.383072],[26.917678,38.383064],[26.917687,38.383061],[26.9177,38.383062],[26.917733,38.383069],[26.917744,38.383067],[26.917756,38.383068],[26.917771,38.383082],[26.917789,38.383094],[26.917799,38.383099],[26.91781,38.383102],[26.917821,38.383103],[26.917878,38.383124],[26.917888,38.383129],[26.917899,38.383133],[26.917922,38.383133],[26.917932,38.383148],[26.917941,38.383153],[26.91795,38.383149],[26.917957,38.383142],[26.917966,38.383137],[26.918075,38.383147],[26.918084,38.383152],[26.918094,38.383159],[26.918101,38.383166],[26.918109,38.383172],[26.91812,38.383175],[26.918132,38.383174],[26.918142,38.383169],[26.918153,38.383169],[26.918173,38.383178],[26.918185,38.383179],[26.918197,38.383179],[26.918229,38.38317],[26.918242,38.383171],[26.918254,38.383173],[26.918266,38.383175],[26.91829,38.383174],[26.918359,38.383185],[26.91838,38.383193],[26.918449,38.383229],[26.918477,38.383247],[26.918975,38.383482],[26.919029,38.383501],[26.91903,38.383517],[26.919043,38.383525],[26.919142,38.383577],[26.919178,38.383602],[26.919395,38.383688],[26.919429,38.383698],[26.919859,38.383909],[26.919893,38.383922],[26.919942,38.383947],[26.919964,38.383952],[26.919974,38.383957],[26.919985,38.383961],[26.919997,38.38396],[26.92001,38.383962],[26.920037,38.383981],[26.920047,38.383986],[26.920058,38.38399],[26.92007,38.383992],[26.920081,38.38399],[26.920091,38.383984],[26.920106,38.38397],[26.920114,38.383964],[26.920127,38.383958],[26.920192,38.383976],[26.920194,38.383985],[26.920193,38.384005],[26.920191,38.384024],[26.920192,38.384033],[26.920205,38.384048],[26.920226,38.384059],[26.920248,38.384067],[26.920277,38.384083],[26.92031,38.384088],[26.920335,38.384088],[26.920346,38.384089],[26.920356,38.384094],[26.920423,38.384116],[26.920494,38.384131],[26.92053,38.384135],[26.920928,38.38424],[26.920972,38.384245],[26.921053,38.384264],[26.921089,38.384231],[26.921099,38.384227],[26.921112,38.384227],[26.921124,38.384229],[26.921135,38.384233],[26.921155,38.384244],[26.921173,38.384267],[26.921182,38.384273],[26.921192,38.384278],[26.921203,38.384281],[26.921214,38.384278],[26.921234,38.384268],[26.921246,38.384269],[26.921263,38.384282],[26.921273,38.384284],[26.921284,38.384282],[26.921293,38.384287],[26.921295,38.384297],[26.921303,38.384303],[26.921315,38.384305],[26.921327,38.384305],[26.921338,38.384307],[26.92137,38.384319],[26.921381,38.384316],[26.921391,38.384312],[26.921415,38.384311],[26.921535,38.384334],[26.921537,38.384316],[26.921606,38.384304],[26.921629,38.384304],[26.921652,38.384309],[26.921673,38.384317],[26.921694,38.384327],[26.921748,38.384347],[26.921754,38.384354],[26.921753,38.384363],[26.921753,38.384372],[26.92176,38.384379],[26.92177,38.384385],[26.921817,38.384396],[26.921824,38.384403],[26.921824,38.384412],[26.921831,38.38442],[26.921854,38.384425],[26.921866,38.384426],[26.921876,38.38443],[26.921887,38.384436],[26.921894,38.384443],[26.921903,38.384449],[26.921925,38.384449],[26.921936,38.384454],[26.921943,38.384462],[26.921955,38.384478],[26.921967,38.38448],[26.921991,38.384474],[26.922002,38.384474],[26.922025,38.384478],[26.922035,38.384483],[26.922047,38.384485],[26.922058,38.384485],[26.92208,38.384477],[26.922092,38.384474],[26.922104,38.384474],[26.922114,38.38447],[26.92214,38.384452],[26.922151,38.384449],[26.922163,38.38445],[26.922174,38.384453],[26.922185,38.384452],[26.922196,38.384454],[26.922205,38.384459],[26.922213,38.384466],[26.922221,38.384474],[26.922226,38.384483],[26.922231,38.384501],[26.922278,38.384514],[26.922291,38.384504],[26.922305,38.384503],[26.922317,38.384503],[26.922423,38.384522],[26.92248,38.384539],[26.922592,38.384556],[26.922753,38.384561],[26.922796,38.384576],[26.922836,38.384597],[26.922845,38.384603],[26.922852,38.384612],[26.922857,38.384621],[26.922859,38.384632],[26.922859,38.384661],[26.922862,38.384668],[26.922893,38.384741],[26.922915,38.384764],[26.922932,38.384769],[26.922942,38.384768],[26.922953,38.384768],[26.922964,38.384774],[26.922975,38.384777],[26.922986,38.384777],[26.922999,38.384776],[26.923021,38.38477],[26.923032,38.384766],[26.923049,38.384753],[26.923064,38.384688],[26.923065,38.38467],[26.923066,38.384609],[26.923082,38.384595],[26.923129,38.384589],[26.923252,38.384585],[26.923264,38.384586],[26.923274,38.384591],[26.923283,38.384596],[26.923295,38.3846],[26.923321,38.384599],[26.923344,38.384604],[26.923356,38.384605],[26.923367,38.384602],[26.923376,38.384596],[26.923385,38.38459],[26.923429,38.384579],[26.923441,38.384579],[26.923453,38.384582],[26.923464,38.384583],[26.923595,38.384554],[26.923606,38.38455],[26.923616,38.384544],[26.923637,38.384537],[26.923649,38.384534],[26.923668,38.384523],[26.923676,38.384517],[26.923683,38.384508],[26.923699,38.384481],[26.923705,38.384475],[26.92371,38.384467],[26.923714,38.384458],[26.92372,38.38445],[26.923728,38.384443],[26.923738,38.384438],[26.923746,38.384432],[26.923754,38.384425],[26.923764,38.384421],[26.923775,38.384422],[26.923785,38.384426],[26.923797,38.384428],[26.923808,38.384429],[26.923842,38.384437],[26.923866,38.384441],[26.923901,38.384449],[26.923912,38.38445],[26.923936,38.384457],[26.923946,38.384462],[26.923949,38.38447],[26.923948,38.384479],[26.923952,38.384486],[26.923964,38.384485],[26.924127,38.384518],[26.924137,38.384522],[26.924147,38.384528],[26.924168,38.384536],[26.924202,38.384544],[26.924213,38.384549],[26.924225,38.384552],[26.924236,38.384556],[26.924246,38.38456],[26.924264,38.384576],[26.924267,38.384577],[26.924252,38.384189],[26.924758,38.38411],[26.924774,38.383778],[26.924663,38.383367],[26.924442,38.382767],[26.924158,38.382276],[26.924047,38.381976],[26.924031,38.381344],[26.924031,38.380964],[26.92381,38.380632],[26.923683,38.380364],[26.923573,38.379921],[26.923478,38.37755],[26.923541,38.376664],[26.923699,38.375526],[26.923678,38.374879],[26.923652,38.37434],[26.923652,38.373977],[26.923778,38.37374],[26.92411,38.373202],[26.924277,38.37296],[26.924774,38.372238],[26.925185,38.371542],[26.925565,38.371052],[26.925644,38.370451],[26.925897,38.369835],[26.926244,38.369281],[26.926813,38.369013],[26.927367,38.368744],[26.927857,38.36838],[26.928252,38.367859],[26.929043,38.367052],[26.929991,38.366246],[26.930758,38.365825],[26.931247,38.365504],[26.931936,38.364997],[26.9326,38.364412],[26.933339,38.363705],[26.933627,38.363416],[26.934275,38.363037],[26.934797,38.363053],[26.935335,38.363147],[26.935856,38.363179],[26.936305,38.363371],[26.936979,38.363606],[26.937469,38.363479],[26.937785,38.363274],[26.938117,38.363227],[26.938607,38.363274],[26.939081,38.363195],[26.939737,38.363005],[26.94015,38.362635],[26.940433,38.362175],[26.941026,38.362072],[26.941326,38.361978],[26.941594,38.362015],[26.943812,38.361828],[26.946267,38.360969],[26.948722,38.358575],[26.949213,38.354953],[26.950441,38.3517],[26.951668,38.349613],[26.95265,38.348079],[26.953264,38.344641],[26.95281,38.343656]]]}},{"type":"Feature","properties":{"id":"TR-D-35-015","parent_id":"TR-P-35","region_id":"TR-R-EGE","level":"district","municipality_type":null,"municipality_type_label":null,"is_metropolitan_municipality":null,"name":"Karabağlar","name_ascii":"karabaglar","slug":"karabaglar-izmir"},"geometry":{"type":"Polygon","coordinates":[[[27.137861,38.394309],[27.137595,38.393936],[27.137417,38.393374],[27.137447,38.392694],[27.137742,38.392044],[27.138127,38.391408],[27.137831,38.391068],[27.137269,38.390787],[27.13721,38.390447],[27.137742,38.389974],[27.138481,38.389383],[27.139398,38.388526],[27.139693,38.38823],[27.139782,38.387787],[27.13993,38.387255],[27.140255,38.386604],[27.140758,38.386072],[27.141319,38.385629],[27.141733,38.385038],[27.142088,38.384535],[27.142324,38.384121],[27.142324,38.383619],[27.141881,38.383087],[27.141556,38.382466],[27.141556,38.381815],[27.141644,38.380781],[27.141378,38.380426],[27.140994,38.380367],[27.140137,38.380396],[27.138718,38.380544],[27.137772,38.380515],[27.137417,38.379953],[27.13724,38.379273],[27.13724,38.378682],[27.137506,38.377765],[27.137683,38.377086],[27.137683,38.376524],[27.137683,38.375844],[27.137122,38.37475],[27.136589,38.373804],[27.136146,38.372977],[27.135969,38.372208],[27.135732,38.371676],[27.135762,38.371351],[27.136176,38.370582],[27.136412,38.370198],[27.136826,38.369902],[27.137269,38.369636],[27.137476,38.3694],[27.137565,38.368779],[27.137535,38.368158],[27.13792,38.367715],[27.1386,38.367212],[27.138895,38.366828],[27.138777,38.36603],[27.138718,38.36532],[27.138895,38.364847],[27.139339,38.364522],[27.139693,38.364197],[27.13993,38.363399],[27.140122,38.362748],[27.140521,38.362453],[27.140551,38.362098],[27.140344,38.361832],[27.139989,38.361714],[27.139516,38.361507],[27.13928,38.361241],[27.138497,38.36148],[27.138233,38.36192],[27.137881,38.362243],[27.137324,38.36239],[27.135563,38.362185],[27.134506,38.362126],[27.134125,38.361979],[27.133978,38.361656],[27.133626,38.361392],[27.133303,38.361304],[27.13257,38.361275],[27.132071,38.361275],[27.131337,38.361656],[27.13075,38.361803],[27.130222,38.362008],[27.129371,38.360835],[27.128637,38.360101],[27.127876,38.359358],[27.127198,38.358888],[27.125946,38.357584],[27.124798,38.357219],[27.123859,38.356906],[27.12292,38.356749],[27.122033,38.35654],[27.120885,38.356488],[27.120155,38.35581],[27.118955,38.355497],[27.117807,38.355028],[27.116712,38.35461],[27.115668,38.354558],[27.11499,38.354662],[27.114312,38.355184],[27.113269,38.355288],[27.111808,38.354975],[27.110973,38.354297],[27.109617,38.354036],[27.107947,38.352628],[27.106434,38.35195],[27.105756,38.351063],[27.104869,38.349393],[27.1044,38.34835],[27.103878,38.347776],[27.102522,38.347098],[27.100278,38.347411],[27.097566,38.348141],[27.096001,38.348089],[27.093496,38.348089],[27.091931,38.348246],[27.089993,38.348197],[27.086814,38.346729],[27.085021,38.345262],[27.082004,38.342165],[27.078825,38.339719],[27.07744,38.337355],[27.077032,38.333442],[27.076951,38.328633],[27.076217,38.325291],[27.075646,38.32309],[27.074261,38.320237],[27.07263,38.317547],[27.071571,38.315509],[27.070185,38.313797],[27.068622,38.311926],[27.06641,38.311339],[27.065733,38.31116],[27.058482,38.310335],[27.05796,38.310182],[27.057067,38.309922],[27.055401,38.309952],[27.053765,38.309981],[27.048754,38.309981],[27.047588,38.309961],[27.045335,38.309922],[27.043861,38.310276],[27.040737,38.311396],[27.038183,38.312497],[27.03773,38.312693],[27.037266,38.312932],[27.035902,38.313636],[27.033485,38.314638],[27.030125,38.315287],[27.027944,38.314874],[27.024608,38.314701],[27.024524,38.314697],[27.020574,38.316171],[27.018629,38.316525],[27.01686,38.317704],[27.014207,38.318588],[27.011437,38.318588],[27.010022,38.318293],[27.009137,38.317586],[27.006602,38.316584],[27.005836,38.31567],[27.00507,38.314756],[27.003566,38.31342],[27.003478,38.313341],[27.001827,38.312162],[27.000294,38.310806],[26.999115,38.308625],[26.997641,38.307387],[26.99717,38.307252],[26.995991,38.306915],[26.993868,38.306797],[26.990567,38.306679],[26.986676,38.306149],[26.984672,38.305441],[26.982372,38.304262],[26.981689,38.303791],[26.979896,38.302553],[26.977892,38.301786],[26.973942,38.300607],[26.971083,38.300106],[26.970582,38.300018],[26.967044,38.298308],[26.963811,38.296366],[26.96149,38.29557],[26.961123,38.295433],[26.959898,38.294973],[26.95834,38.295139],[26.956284,38.2963],[26.955574,38.296717],[26.954029,38.297626],[26.952105,38.297858],[26.947628,38.298024],[26.94576,38.298544],[26.944412,38.29892],[26.941602,38.301553],[26.940497,38.304376],[26.939883,38.306402],[26.939699,38.307998],[26.939699,38.310023],[26.939822,38.312969],[26.939829,38.313215],[26.939945,38.317511],[26.939945,38.319537],[26.940436,38.323649],[26.94062,38.324652],[26.940988,38.326657],[26.942646,38.332059],[26.944978,38.336723],[26.947495,38.339301],[26.94995,38.341266],[26.952528,38.343046],[26.95281,38.343656],[26.95549,38.341564],[26.958926,38.34066],[26.964,38.34163],[26.965073,38.341835],[26.96652,38.342227],[26.970407,38.343282],[26.973266,38.345519],[26.97469,38.346943],[26.976114,38.349045],[26.978148,38.349248],[26.980047,38.349459],[26.980589,38.34952],[26.982291,38.349957],[26.985607,38.350808],[26.989336,38.350876],[26.992116,38.35013],[26.995031,38.348367],[26.99693,38.346536],[26.999303,38.344502],[27.0031,38.343553],[27.005609,38.342536],[27.009745,38.34179],[27.013813,38.342129],[27.017135,38.342061],[27.020084,38.342079],[27.020855,38.342345],[27.022705,38.342983],[27.02399,38.345047],[27.025585,38.347607],[27.03143,38.35694],[27.031973,38.357807],[27.036723,38.365389],[27.037137,38.36606],[27.037472,38.366603],[27.037723,38.367054],[27.037968,38.367562],[27.038114,38.367917],[27.03819,38.368101],[27.038285,38.368396],[27.038385,38.368705],[27.038387,38.369432],[27.038368,38.370701],[27.038473,38.37168],[27.038511,38.372144],[27.038541,38.372655],[27.038554,38.373191],[27.038549,38.373466],[27.038544,38.373731],[27.038531,38.373888],[27.038496,38.374298],[27.039738,38.374214],[27.043739,38.373808],[27.045027,38.373732],[27.046044,38.373672],[27.046596,38.373527],[27.04862,38.372994],[27.050722,38.371706],[27.052757,38.370417],[27.054723,38.370417],[27.056418,38.370553],[27.058146,38.37103],[27.058384,38.371095],[27.059673,38.371028],[27.061435,38.370078],[27.06347,38.368587],[27.064487,38.366959],[27.065707,38.366756],[27.067809,38.366959],[27.069504,38.367298],[27.070996,38.367976],[27.072148,38.3694],[27.072547,38.370553],[27.072759,38.371163],[27.072623,38.373333],[27.070792,38.376384],[27.069097,38.378486],[27.068148,38.380995],[27.067877,38.383097],[27.067561,38.385881],[27.067485,38.388055],[27.067379,38.388269],[27.066771,38.388158],[27.066588,38.388524],[27.066221,38.389152],[27.06596,38.389571],[27.065829,38.389833],[27.065777,38.389937],[27.065732,38.390424],[27.065724,38.390513],[27.065803,38.391088],[27.065922,38.391225],[27.066143,38.391481],[27.066231,38.392047],[27.066242,38.392383],[27.066248,38.392554],[27.06605,38.392939],[27.065227,38.394543],[27.065049,38.394786],[27.06495,38.394958],[27.064877,38.395085],[27.06481,38.39544],[27.06478,38.395604],[27.064952,38.396116],[27.065005,38.396218],[27.065157,38.396508],[27.065182,38.39676],[27.065183,38.396773],[27.065132,38.397004],[27.066528,38.397133],[27.068209,38.397208],[27.068482,38.397154],[27.069163,38.397018],[27.070027,38.396802],[27.071756,38.396369],[27.07435,38.39553],[27.077134,38.394424],[27.078774,38.393928],[27.082283,38.393433],[27.086288,38.393166],[27.087356,38.393242],[27.087708,38.393374],[27.088271,38.393585],[27.089453,38.394272],[27.090781,38.394813],[27.091513,38.395111],[27.093534,38.395721],[27.0936,38.395797],[27.09403,38.396293],[27.094717,38.397933],[27.095081,38.398383],[27.095251,38.398593],[27.096169,38.399072],[27.097454,38.399684],[27.098086,38.400142],[27.098983,38.400968],[27.099628,38.401373],[27.099747,38.401447],[27.100339,38.40159],[27.101299,38.401629],[27.101338,38.401631],[27.103377,38.401559],[27.105732,38.401488],[27.108475,38.401558],[27.111803,38.401938],[27.114549,38.402586],[27.116647,38.403273],[27.117982,38.403921],[27.118161,38.404047],[27.119012,38.404646],[27.120347,38.405523],[27.121033,38.405828],[27.121872,38.406248],[27.122177,38.406095],[27.122177,38.405447],[27.122206,38.405373],[27.122521,38.404569],[27.123169,38.40354],[27.124428,38.402434],[27.127822,38.399802],[27.131827,38.39698],[27.134268,38.394882],[27.135641,38.394577],[27.137861,38.394309]]]}},{"type":"Feature","properties":{"id":"TR-D-35-016","parent_id":"TR-P-35","region_id":"TR-R-EGE","level":"district","municipality_type":null,"municipality_type_label":null,"is_metropolitan_municipality":null,"name":"Karaburun","name_ascii":"karaburun","slug":"karaburun-izmir"},"geometry":{"type":"MultiPolygon","coordinates":[[[[26.419514,38.680021],[26.419806,38.679858],[26.420486,38.679951],[26.420769,38.679989],[26.420955,38.679905],[26.421235,38.679778],[26.421642,38.679818],[26.422468,38.679898],[26.423593,38.679927],[26.425094,38.679446],[26.425835,38.679386],[26.426043,38.679212],[26.426473,38.679176],[26.427196,38.679268],[26.42742,38.679194],[26.427439,38.678968],[26.427098,38.678552],[26.427091,38.67853],[26.426997,38.678226],[26.42726,38.677638],[26.428407,38.676339],[26.429653,38.675184],[26.431665,38.67357],[26.433759,38.672172],[26.435176,38.671418],[26.437604,38.671279],[26.439445,38.671438],[26.440078,38.671868],[26.440141,38.672696],[26.440794,38.672799],[26.441131,38.673018],[26.441222,38.673077],[26.441427,38.673304],[26.441805,38.673306],[26.442202,38.673182],[26.442701,38.673235],[26.44315,38.673124],[26.443631,38.673226],[26.444405,38.67328],[26.445646,38.673073],[26.446233,38.6728],[26.446838,38.672439],[26.447649,38.672205],[26.449631,38.671863],[26.450216,38.671953],[26.450833,38.672282],[26.451277,38.672761],[26.451465,38.672925],[26.451895,38.672902],[26.452397,38.67254],[26.453173,38.672381],[26.453913,38.672435],[26.454255,38.672675],[26.454684,38.67284],[26.45496,38.672791],[26.455585,38.672104],[26.456396,38.671769],[26.456898,38.671495],[26.458378,38.671029],[26.461675,38.670225],[26.462401,38.669878],[26.463181,38.669749],[26.464176,38.669585],[26.464881,38.669638],[26.465739,38.669931],[26.466754,38.670061],[26.467492,38.670302],[26.4684,38.670959],[26.46893,38.67145],[26.470441,38.671971],[26.471281,38.672402],[26.471691,38.67278],[26.4721,38.673333],[26.472529,38.673486],[26.473299,38.674192],[26.473262,38.674518],[26.473254,38.674528],[26.473036,38.674818],[26.473086,38.674993],[26.474877,38.675001],[26.47586,38.67468],[26.4765,38.674231],[26.476813,38.673869],[26.477503,38.673634],[26.477935,38.673335],[26.478008,38.672858],[26.47839,38.672408],[26.47889,38.672273],[26.479325,38.67156],[26.479551,38.671372],[26.479819,38.670773],[26.47983,38.670747],[26.480056,38.670497],[26.480136,38.670435],[26.480489,38.67016],[26.48075,38.6698],[26.481367,38.668947],[26.482197,38.668349],[26.482211,38.668346],[26.483438,38.668104],[26.483851,38.668106],[26.484218,38.667647],[26.484967,38.667405],[26.485379,38.667161],[26.485245,38.665684],[26.485633,38.665282],[26.486261,38.665214],[26.486605,38.664319],[26.487525,38.663744],[26.488273,38.663712],[26.488636,38.66352],[26.488777,38.664013],[26.48897,38.663978],[26.489117,38.66368],[26.489023,38.663293],[26.489485,38.662715],[26.489174,38.662451],[26.489247,38.662275],[26.489562,38.662154],[26.490067,38.662349],[26.490328,38.662895],[26.490783,38.663283],[26.491021,38.663812],[26.492057,38.663869],[26.492154,38.663729],[26.491869,38.663183],[26.491872,38.662691],[26.49168,38.662567],[26.491466,38.662179],[26.491396,38.661933],[26.491568,38.661477],[26.492368,38.660813],[26.493506,38.66015],[26.495126,38.659489],[26.495994,38.659423],[26.497857,38.658499],[26.497907,38.658271],[26.497715,38.65813],[26.498636,38.657396],[26.499312,38.657328],[26.499797,38.656944],[26.499849,38.656347],[26.499587,38.655854],[26.499763,38.654888],[26.500323,38.654012],[26.501463,38.653121],[26.503542,38.652286],[26.505909,38.651611],[26.506587,38.651192],[26.508044,38.649915],[26.50877,38.650107],[26.509473,38.649921],[26.510819,38.648775],[26.511354,38.648319],[26.511875,38.648094],[26.512848,38.647374],[26.512868,38.647359],[26.514056,38.647101],[26.514065,38.647099],[26.515983,38.647713],[26.517117,38.649119],[26.51699,38.649881],[26.516981,38.649933],[26.517001,38.650899],[26.517412,38.65162],[26.517934,38.651187],[26.518106,38.650906],[26.518302,38.650582],[26.518044,38.650373],[26.518254,38.649995],[26.518671,38.649789],[26.519138,38.649999],[26.519867,38.649699],[26.520387,38.649739],[26.520644,38.650119],[26.520538,38.650682],[26.520509,38.650838],[26.521263,38.650765],[26.521551,38.650463],[26.521941,38.650446],[26.522593,38.650051],[26.522985,38.649655],[26.523612,38.649146],[26.523981,38.648485],[26.523853,38.648105],[26.523507,38.647986],[26.523464,38.647971],[26.52339,38.647459],[26.523211,38.646966],[26.523369,38.64674],[26.523913,38.646969],[26.523985,38.646862],[26.524411,38.646233],[26.524363,38.645683],[26.524626,38.645173],[26.525561,38.645196],[26.526105,38.645406],[26.526392,38.645313],[26.526319,38.644479],[26.526945,38.644179],[26.527619,38.644314],[26.52801,38.644183],[26.52757,38.643954],[26.527857,38.643804],[26.527832,38.643519],[26.527599,38.643405],[26.527679,38.643178],[26.527941,38.642895],[26.527839,38.642459],[26.527064,38.641906],[26.524672,38.642028],[26.523855,38.642134],[26.523747,38.642149],[26.522821,38.64209],[26.522217,38.641656],[26.521625,38.64039],[26.521501,38.639005],[26.521705,38.638495],[26.521785,38.638487],[26.522572,38.638402],[26.523373,38.638235],[26.523743,38.637799],[26.523413,38.637287],[26.52308,38.637213],[26.523153,38.636193],[26.524395,38.63491],[26.5253,38.634185],[26.525502,38.633821],[26.52507,38.633601],[26.524507,38.633088],[26.524545,38.632432],[26.524282,38.631848],[26.524016,38.631701],[26.523242,38.63151],[26.523118,38.631479],[26.522991,38.630506],[26.52363,38.629683],[26.524351,38.629726],[26.524496,38.629735],[26.525697,38.62957],[26.527134,38.628871],[26.527704,38.628411],[26.527608,38.627876],[26.527833,38.627696],[26.527909,38.627635],[26.527934,38.627644],[26.528308,38.627782],[26.52854,38.628002],[26.529309,38.62764],[26.529778,38.627229],[26.530015,38.626574],[26.530579,38.627014],[26.531014,38.626772],[26.531183,38.626457],[26.531516,38.626386],[26.531949,38.626557],[26.532618,38.626123],[26.533119,38.625882],[26.53269,38.625297],[26.532401,38.625047],[26.531563,38.62432],[26.531063,38.62444],[26.530631,38.624122],[26.530202,38.623562],[26.530305,38.622979],[26.531007,38.622714],[26.531242,38.622375],[26.531509,38.622449],[26.534412,38.621805],[26.534305,38.622825],[26.534805,38.622875],[26.535135,38.622748],[26.535306,38.622683],[26.535708,38.622417],[26.53563,38.622267],[26.535444,38.621906],[26.535045,38.621832],[26.534913,38.621685],[26.535447,38.621444],[26.535714,38.621494],[26.536404,38.621473],[26.536413,38.621472],[26.537051,38.620819],[26.537051,38.620743],[26.537053,38.62043],[26.537525,38.619679],[26.537527,38.619338],[26.537797,38.618781],[26.537532,38.61861],[26.540216,38.615656],[26.540018,38.615412],[26.54022,38.615072],[26.540155,38.614732],[26.540489,38.614733],[26.540726,38.614054],[26.540561,38.613883],[26.540464,38.613348],[26.541066,38.612986],[26.541634,38.612794],[26.542366,38.61287],[26.54266,38.612535],[26.543004,38.612143],[26.543021,38.611957],[26.54304,38.611755],[26.542508,38.611631],[26.542141,38.611654],[26.542209,38.611484],[26.542246,38.610804],[26.542916,38.610345],[26.543582,38.610274],[26.543907,38.610466],[26.543914,38.61047],[26.544383,38.610108],[26.544954,38.609454],[26.545292,38.608653],[26.545168,38.608246],[26.545129,38.608118],[26.544466,38.607581],[26.544434,38.607289],[26.544736,38.606926],[26.545304,38.606709],[26.545979,38.606826],[26.546169,38.606858],[26.546706,38.606302],[26.546743,38.605791],[26.546662,38.605696],[26.546412,38.605401],[26.546845,38.605403],[26.546855,38.605407],[26.54741,38.6056],[26.547846,38.60514],[26.548052,38.604241],[26.548057,38.604148],[26.548089,38.603585],[26.547657,38.603389],[26.54766,38.603001],[26.548467,38.601716],[26.549264,38.602108],[26.55013,38.602111],[26.551068,38.601337],[26.552334,38.601293],[26.553131,38.601734],[26.553495,38.602124],[26.554127,38.602272],[26.554527,38.602249],[26.555653,38.603299],[26.555385,38.603613],[26.555325,38.604114],[26.555315,38.604196],[26.555781,38.604222],[26.556214,38.604175],[26.556944,38.60464],[26.557547,38.604205],[26.557716,38.603817],[26.558681,38.603942],[26.558617,38.603456],[26.558815,38.603171],[26.55892,38.603019],[26.558422,38.602726],[26.558723,38.602508],[26.558491,38.602264],[26.558194,38.601802],[26.558496,38.601535],[26.558497,38.601293],[26.558433,38.600904],[26.558834,38.600711],[26.560563,38.601832],[26.561057,38.602153],[26.560922,38.602444],[26.561724,38.602009],[26.561393,38.601741],[26.561398,38.600948],[26.5614,38.600672],[26.561792,38.600399],[26.562269,38.600067],[26.562115,38.59984],[26.562071,38.599775],[26.562193,38.599687],[26.56274,38.599292],[26.562542,38.598894],[26.562181,38.598172],[26.562814,38.59815],[26.562882,38.597859],[26.562487,38.597201],[26.561588,38.597052],[26.561054,38.597268],[26.560654,38.597243],[26.560857,38.596733],[26.56156,38.596128],[26.561897,38.595546],[26.561501,38.594986],[26.561803,38.594526],[26.561371,38.59433],[26.561308,38.593843],[26.561445,38.593285],[26.561977,38.59336],[26.563045,38.593072],[26.563387,38.591518],[26.563956,38.591156],[26.564587,38.591401],[26.564745,38.591673],[26.564785,38.591742],[26.56512,38.591428],[26.564856,38.591253],[26.564788,38.591208],[26.564899,38.591074],[26.565191,38.590723],[26.565002,38.590616],[26.564759,38.590479],[26.56406,38.590355],[26.564812,38.587296],[26.564379,38.58727],[26.564414,38.58693],[26.564848,38.586786],[26.565354,38.585791],[26.56556,38.584796],[26.56571,38.584517],[26.56657,38.582928],[26.566237,38.582878],[26.565902,38.582529],[26.56584,38.582464],[26.565174,38.582486],[26.564713,38.581585],[26.565315,38.581125],[26.56555,38.580835],[26.565849,38.580909],[26.565848,38.581176],[26.566039,38.581113],[26.566649,38.580912],[26.567117,38.5805],[26.56642,38.580231],[26.56613,38.580167],[26.565854,38.580107],[26.565927,38.57916],[26.566265,38.578765],[26.566362,38.578651],[26.566285,38.578553],[26.566131,38.578358],[26.565901,38.577872],[26.566102,38.577605],[26.565972,38.577167],[26.56564,38.576972],[26.565976,38.576438],[26.565783,38.575393],[26.566582,38.575396],[26.566617,38.575056],[26.566387,38.574569],[26.565688,38.574469],[26.565556,38.574323],[26.56519,38.574224],[26.565027,38.57364],[26.565197,38.573058],[26.565831,38.57289],[26.566599,38.572577],[26.566367,38.572333],[26.566871,38.572012],[26.566935,38.571971],[26.567238,38.57151],[26.566973,38.571193],[26.566933,38.571123],[26.566611,38.57056],[26.56628,38.57017],[26.566654,38.568932],[26.567098,38.568661],[26.567523,38.568401],[26.568521,38.568648],[26.569324,38.567849],[26.569226,38.567581],[26.568893,38.56758],[26.567598,38.566919],[26.567248,38.566352],[26.566906,38.565799],[26.566676,38.565239],[26.567111,38.564925],[26.567344,38.564901],[26.567313,38.564488],[26.567216,38.564099],[26.567576,38.563728],[26.568087,38.563203],[26.568521,38.563059],[26.568823,38.56255],[26.568702,38.561902],[26.568796,38.561793],[26.569021,38.56162],[26.568679,38.561143],[26.568668,38.560771],[26.568758,38.560387],[26.568769,38.560338],[26.568844,38.560075],[26.568837,38.559639],[26.569074,38.559199],[26.569108,38.559075],[26.569545,38.558762],[26.57002,38.55863],[26.570846,38.558402],[26.571914,38.557968],[26.572117,38.557435],[26.572649,38.557534],[26.57355,38.557124],[26.573603,38.556787],[26.573619,38.556687],[26.573925,38.55666],[26.574419,38.556617],[26.576688,38.555677],[26.578659,38.55464],[26.579441,38.55398],[26.579462,38.553962],[26.579299,38.553305],[26.579434,38.552941],[26.579937,38.552263],[26.580438,38.552143],[26.58104,38.551635],[26.582175,38.551007],[26.582211,38.550667],[26.582946,38.550232],[26.583512,38.550186],[26.584027,38.549269],[26.584512,38.54911],[26.584951,38.548732],[26.586287,38.548106],[26.587153,38.548036],[26.587188,38.547745],[26.588523,38.547021],[26.590076,38.547111],[26.590287,38.547124],[26.590888,38.546786],[26.591246,38.546342],[26.591358,38.546204],[26.591534,38.546148],[26.591658,38.546108],[26.591995,38.545835],[26.593247,38.544823],[26.593432,38.543401],[26.594096,38.543139],[26.594545,38.541671],[26.595347,38.541261],[26.596746,38.540999],[26.597545,38.54105],[26.597776,38.541415],[26.598376,38.54115],[26.598878,38.540714],[26.599014,38.540204],[26.598685,38.53945],[26.599021,38.53899],[26.599422,38.538699],[26.59969,38.538263],[26.600089,38.538361],[26.600397,38.538674],[26.600619,38.538898],[26.601284,38.539094],[26.601619,38.538585],[26.601663,38.536593],[26.601998,38.53623],[26.601903,38.536089],[26.601767,38.535889],[26.601971,38.535209],[26.602572,38.534822],[26.602805,38.534764],[26.603438,38.534606],[26.604241,38.533977],[26.604643,38.533493],[26.6047,38.533148],[26.604712,38.53308],[26.605813,38.532452],[26.605937,38.532424],[26.607513,38.532069],[26.608448,38.531537],[26.609615,38.531079],[26.611084,38.530161],[26.612418,38.529777],[26.615814,38.529448],[26.61781,38.529673],[26.618273,38.530136],[26.617905,38.530572],[26.618101,38.531156],[26.618401,38.531157],[26.618497,38.531862],[26.619062,38.532034],[26.619031,38.531596],[26.619602,38.530675],[26.620668,38.53046],[26.621299,38.53068],[26.621229,38.531361],[26.621795,38.531265],[26.621964,38.530828],[26.6225,38.53015],[26.622865,38.530345],[26.623426,38.531173],[26.624723,38.53142],[26.624759,38.531007],[26.623964,38.5303],[26.623438,38.528865],[26.623739,38.528647],[26.624638,38.528553],[26.625106,38.528214],[26.624808,38.527849],[26.624445,38.527264],[26.623982,38.526728],[26.624184,38.526389],[26.624384,38.526268],[26.623753,38.526023],[26.623187,38.525997],[26.623005,38.525661],[26.622858,38.525388],[26.62306,38.524927],[26.624732,38.523207],[26.624803,38.522478],[26.624474,38.521724],[26.623944,38.521334],[26.623947,38.520629],[26.624349,38.520169],[26.62535,38.51971],[26.627119,38.518525],[26.62631,38.517836],[26.625662,38.517233],[26.626266,38.516287],[26.6269,38.515973],[26.627664,38.516194],[26.627994,38.516657],[26.628693,38.516915],[26.628725,38.516927],[26.628888,38.517607],[26.629791,38.51676],[26.629959,38.516323],[26.629515,38.515551],[26.629497,38.515519],[26.629501,38.514888],[26.630538,38.5137],[26.630676,38.512704],[26.631244,38.512269],[26.631389,38.512212],[26.631611,38.512124],[26.632382,38.511058],[26.631976,38.510684],[26.631852,38.51057],[26.631888,38.509987],[26.63159,38.509694],[26.63146,38.509086],[26.631796,38.508529],[26.632112,38.506967],[26.632442,38.50576],[26.63218,38.504982],[26.632514,38.504594],[26.632613,38.504523],[26.632848,38.504352],[26.63263,38.504152],[26.632583,38.504108],[26.631854,38.503669],[26.631604,38.50046],[26.63184,38.499902],[26.632275,38.499418],[26.631946,38.498615],[26.632051,38.497667],[26.633453,38.49653],[26.633591,38.495704],[26.633226,38.495557],[26.633062,38.494998],[26.633564,38.494392],[26.633965,38.494126],[26.633999,38.493834],[26.633869,38.493299],[26.63434,38.492207],[26.635108,38.490979],[26.635447,38.490437],[26.635684,38.489636],[26.635492,38.489494],[26.635253,38.489319],[26.635057,38.48871],[26.635359,38.488104],[26.635627,38.487813],[26.635461,38.487545],[26.635977,38.486517],[26.636571,38.485094],[26.636374,38.484608],[26.636077,38.484267],[26.636079,38.483756],[26.636548,38.483078],[26.636949,38.482763],[26.637054,38.481791],[26.637655,38.48121],[26.63833,38.479365],[26.638799,38.478638],[26.639202,38.477813],[26.639408,38.476526],[26.639996,38.475886],[26.64001,38.475871],[26.640008,38.475835],[26.63998,38.475142],[26.639622,38.473659],[26.639292,38.473148],[26.639561,38.472589],[26.640094,38.472251],[26.639965,38.471619],[26.640499,38.471061],[26.640707,38.470612],[26.640768,38.470479],[26.641469,38.470092],[26.639884,38.467803],[26.639621,38.467195],[26.639725,38.466296],[26.638431,38.465782],[26.638098,38.465805],[26.637636,38.466042],[26.637531,38.466095],[26.635372,38.465675],[26.634311,38.465137],[26.632583,38.46484],[26.631707,38.464066],[26.63159,38.463962],[26.631063,38.462989],[26.63083,38.462988],[26.630252,38.463992],[26.629657,38.464928],[26.62972,38.465536],[26.629028,38.467191],[26.628979,38.467308],[26.62891,38.467793],[26.628374,38.468594],[26.62834,38.468861],[26.627337,38.469781],[26.626735,38.47046],[26.625602,38.470917],[26.625179,38.470978],[26.623439,38.471226],[26.621649,38.472155],[26.621205,38.472386],[26.620039,38.472844],[26.617876,38.47308],[26.615815,38.47283],[26.614818,38.472875],[26.611906,38.472127],[26.610138,38.471673],[26.609006,38.471301],[26.607746,38.470665],[26.607748,38.470397],[26.608115,38.470058],[26.608516,38.469768],[26.608252,38.469427],[26.607721,38.469231],[26.607387,38.469424],[26.607121,38.469399],[26.607117,38.470128],[26.607248,38.470517],[26.606847,38.470808],[26.606316,38.470781],[26.606283,38.470611],[26.605718,38.470634],[26.605517,38.470876],[26.603656,38.470699],[26.603055,38.471062],[26.601063,38.470594],[26.600965,38.470229],[26.600167,38.470226],[26.599465,38.470807],[26.5988,38.47078],[26.597771,38.470412],[26.596606,38.470651],[26.595765,38.470955],[26.595673,38.470988],[26.595008,38.47117],[26.594559,38.470876],[26.594042,38.470536],[26.592905,38.469808],[26.592178,38.469755],[26.589784,38.46961],[26.589005,38.46956],[26.588289,38.469504],[26.587672,38.469462],[26.586803,38.469402],[26.586538,38.46928],[26.586641,38.468794],[26.587039,38.468844],[26.587324,38.469253],[26.587509,38.469213],[26.588382,38.469028],[26.589833,38.468805],[26.591466,38.468179],[26.592696,38.468135],[26.593098,38.467626],[26.593499,38.467409],[26.594662,38.46751],[26.595457,38.46795],[26.596222,38.468025],[26.596656,38.467662],[26.597056,38.467567],[26.596991,38.467153],[26.596265,38.466325],[26.594937,38.465931],[26.594272,38.465832],[26.59384,38.465855],[26.593475,38.465659],[26.593313,38.464978],[26.592585,38.464271],[26.592221,38.464027],[26.59129,38.463877],[26.590694,38.463559],[26.590397,38.463072],[26.589999,38.462925],[26.589433,38.462996],[26.589094,38.46285],[26.588637,38.462653],[26.588238,38.4627],[26.587775,38.46231],[26.589481,38.460469],[26.589384,38.459934],[26.589652,38.459692],[26.590418,38.459428],[26.590985,38.460266],[26.591011,38.460304],[26.591476,38.4605],[26.591876,38.460259],[26.592842,38.460044],[26.594989,38.459091],[26.595341,38.458934],[26.596042,38.458499],[26.59684,38.458575],[26.596968,38.459377],[26.597096,38.459576],[26.597627,38.4604],[26.597689,38.461324],[26.597987,38.461568],[26.598387,38.461278],[26.598622,38.460865],[26.599122,38.46064],[26.600107,38.460194],[26.600651,38.459911],[26.601089,38.459683],[26.601433,38.459151],[26.602221,38.457933],[26.602297,38.457816],[26.602292,38.457797],[26.601971,38.456527],[26.602042,38.455725],[26.602911,38.454606],[26.603369,38.453913],[26.60355,38.453641],[26.603598,38.453273],[26.603471,38.453257],[26.603467,38.453256],[26.599414,38.452769],[26.594007,38.451931],[26.588981,38.451474],[26.58525,38.451398],[26.579234,38.452616],[26.57497,38.453682],[26.572,38.454139],[26.56766,38.453606],[26.5637,38.453454],[26.558293,38.456119],[26.553724,38.458708],[26.548775,38.46084],[26.543673,38.463049],[26.537885,38.464496],[26.532479,38.464572],[26.527834,38.462973],[26.524407,38.458784],[26.520599,38.453226],[26.517934,38.449113],[26.513365,38.443174],[26.510091,38.439443],[26.507763,38.43766],[26.506256,38.436226],[26.505657,38.436455],[26.504842,38.437402],[26.504271,38.438736],[26.503564,38.439273],[26.502613,38.439603],[26.501906,38.440191],[26.502037,38.441579],[26.501714,38.442503],[26.500304,38.443113],[26.499356,38.443817],[26.497475,38.445516],[26.496607,38.446808],[26.496339,38.447208],[26.495278,38.448128],[26.494624,38.448233],[26.490914,38.448829],[26.488729,38.449538],[26.487613,38.45075],[26.486674,38.452029],[26.486146,38.45288],[26.485117,38.453326],[26.484272,38.453476],[26.483386,38.454423],[26.481762,38.455444],[26.480777,38.455491],[26.480247,38.455848],[26.479086,38.456023],[26.478377,38.456739],[26.477848,38.457045],[26.477596,38.45784],[26.477268,38.458108],[26.476783,38.458505],[26.475301,38.459166],[26.47354,38.459569],[26.471436,38.458866],[26.471001,38.458499],[26.470947,38.458453],[26.470845,38.457913],[26.470424,38.457885],[26.469461,38.4586],[26.469151,38.45883],[26.468723,38.459625],[26.468434,38.460703],[26.467904,38.461034],[26.467444,38.46152],[26.466669,38.461697],[26.466212,38.461618],[26.465863,38.461359],[26.465262,38.461716],[26.464836,38.462331],[26.46504,38.463206],[26.464403,38.463768],[26.463485,38.464278],[26.462887,38.464275],[26.462154,38.463629],[26.461242,38.463291],[26.460993,38.463701],[26.460326,38.463595],[26.460182,38.464031],[26.459543,38.464902],[26.458414,38.465333],[26.457564,38.466126],[26.456471,38.466506],[26.455434,38.467466],[26.454204,38.468731],[26.453111,38.469214],[26.451087,38.469771],[26.450538,38.469922],[26.447434,38.471192],[26.447178,38.47188],[26.447147,38.471962],[26.446615,38.472627],[26.443828,38.473744],[26.443156,38.474255],[26.441597,38.475789],[26.439691,38.476603],[26.437541,38.477235],[26.434767,38.477558],[26.434522,38.477574],[26.430405,38.477838],[26.42885,38.477938],[26.427827,38.477576],[26.427377,38.477417],[26.422555,38.476648],[26.42169,38.47651],[26.419789,38.476352],[26.418843,38.47591],[26.418671,38.475421],[26.41927,38.475321],[26.419242,38.47437],[26.419093,38.474167],[26.41879,38.473751],[26.4186,38.473596],[26.418126,38.473209],[26.417931,38.472792],[26.417884,38.472693],[26.417823,38.472662],[26.416869,38.472175],[26.415719,38.472072],[26.414725,38.472061],[26.414622,38.471675],[26.415049,38.471112],[26.415196,38.470239],[26.414744,38.469671],[26.41383,38.469667],[26.413621,38.469357],[26.413741,38.467559],[26.413393,38.467121],[26.413116,38.46658],[26.413297,38.466428],[26.413966,38.465865],[26.413759,38.46535],[26.41355,38.465092],[26.41454,38.464454],[26.414827,38.463736],[26.415535,38.463097],[26.415505,38.462532],[26.414875,38.462195],[26.414241,38.462217],[26.41341,38.460697],[26.413663,38.459876],[26.413387,38.459232],[26.413285,38.458821],[26.412661,38.457687],[26.411609,38.457373],[26.411185,38.457577],[26.410589,38.457445],[26.410103,38.456621],[26.409559,38.456595],[26.409506,38.456592],[26.408981,38.45623],[26.408705,38.455586],[26.408248,38.455558],[26.407855,38.456327],[26.407503,38.456479],[26.406935,38.45717],[26.406375,38.456833],[26.406589,38.456372],[26.406203,38.456293],[26.405709,38.456573],[26.40546,38.456931],[26.404898,38.456903],[26.404553,38.456079],[26.404135,38.455614],[26.403505,38.455225],[26.4039,38.454251],[26.403728,38.453788],[26.40345,38.453324],[26.403736,38.452863],[26.403704,38.452451],[26.403462,38.451936],[26.403747,38.451449],[26.40375,38.45109],[26.403261,38.450753],[26.402103,38.450465],[26.402316,38.450157],[26.402179,38.449771],[26.401763,38.449101],[26.401768,38.448459],[26.401669,38.447739],[26.401672,38.447272],[26.401672,38.447251],[26.401649,38.447254],[26.401285,38.4473],[26.400581,38.447476],[26.399949,38.44737],[26.399883,38.446856],[26.399922,38.446342],[26.39936,38.446314],[26.397592,38.446894],[26.395977,38.447324],[26.395384,38.446833],[26.395318,38.446319],[26.395883,38.445988],[26.396238,38.445553],[26.396835,38.445249],[26.396838,38.445247],[26.396559,38.444989],[26.395785,38.445088],[26.395117,38.445058],[26.394622,38.44539],[26.394518,38.445729],[26.394369,38.446211],[26.394085,38.446569],[26.393942,38.446928],[26.393095,38.447335],[26.392948,38.448105],[26.392866,38.449389],[26.393246,38.450214],[26.392785,38.450725],[26.39236,38.451872],[26.391924,38.452828],[26.39172,38.456167],[26.391049,38.457029],[26.390725,38.457447],[26.390754,38.458166],[26.390251,38.459423],[26.390458,38.459912],[26.391139,38.460961],[26.391395,38.461356],[26.391357,38.46205],[26.391353,38.462126],[26.391101,38.462819],[26.391548,38.464029],[26.392107,38.464443],[26.3921,38.465265],[26.39259,38.465653],[26.393132,38.4658],[26.393686,38.46595],[26.394553,38.466254],[26.395463,38.466875],[26.39567,38.467339],[26.396159,38.467701],[26.396682,38.468244],[26.397136,38.468554],[26.397514,38.469713],[26.398107,38.470178],[26.398452,38.471002],[26.39873,38.471363],[26.39873,38.471421],[26.398723,38.472288],[26.399208,38.473139],[26.400431,38.474044],[26.400533,38.474559],[26.401232,38.475076],[26.402379,38.476701],[26.402654,38.477447],[26.403211,38.478067],[26.404237,38.478368],[26.404369,38.478407],[26.405002,38.47841],[26.40528,38.478797],[26.404927,38.479052],[26.404843,38.479335],[26.404746,38.479668],[26.403751,38.480922],[26.403884,38.481745],[26.403698,38.483029],[26.403726,38.483902],[26.404492,38.484806],[26.405081,38.485913],[26.404968,38.486786],[26.405068,38.487455],[26.405698,38.48787],[26.408507,38.488449],[26.408397,38.488962],[26.408883,38.489761],[26.409229,38.490483],[26.410162,38.491287],[26.411433,38.49253],[26.411638,38.49273],[26.412193,38.493709],[26.41194,38.494505],[26.411621,38.49476],[26.410739,38.49509],[26.410578,38.495115],[26.409788,38.495239],[26.409042,38.496134],[26.408241,38.496861],[26.407271,38.497642],[26.407408,38.498079],[26.406699,38.498743],[26.405678,38.498944],[26.40477,38.498117],[26.404738,38.497731],[26.403754,38.497521],[26.403329,38.49793],[26.404098,38.498525],[26.404515,38.499169],[26.404581,38.499606],[26.404014,38.500143],[26.403798,38.500784],[26.404288,38.501121],[26.40434,38.501223],[26.404461,38.501456],[26.403964,38.502019],[26.403678,38.502557],[26.402865,38.502938],[26.402562,38.502936],[26.402514,38.502936],[26.402306,38.502575],[26.401813,38.502547],[26.401738,38.503138],[26.40198,38.503497],[26.402051,38.503602],[26.40166,38.504063],[26.401657,38.504474],[26.400805,38.505394],[26.399959,38.505596],[26.399823,38.505552],[26.399222,38.50536],[26.399261,38.504898],[26.398982,38.504614],[26.397646,38.504479],[26.397152,38.504656],[26.396554,38.504627],[26.396101,38.504162],[26.395327,38.504184],[26.394692,38.504335],[26.39325,38.504353],[26.392403,38.504631],[26.391873,38.504911],[26.391064,38.50483],[26.390193,38.505198],[26.389441,38.505438],[26.389015,38.505821],[26.389155,38.505925],[26.390457,38.505932],[26.390948,38.506166],[26.390946,38.506397],[26.391684,38.506452],[26.393404,38.506898],[26.393964,38.507286],[26.394629,38.507649],[26.394869,38.50837],[26.394618,38.509037],[26.394017,38.509393],[26.392958,38.509773],[26.392569,38.509977],[26.392496,38.510311],[26.39288,38.510672],[26.393191,38.511342],[26.393222,38.511807],[26.393254,38.512267],[26.393214,38.512832],[26.393417,38.513707],[26.393306,38.514426],[26.392668,38.514988],[26.392246,38.515122],[26.391715,38.515291],[26.390086,38.516516],[26.389658,38.517182],[26.389901,38.51762],[26.390637,38.517984],[26.391411,38.518013],[26.39162,38.51822],[26.391614,38.51895],[26.391609,38.519505],[26.390719,38.520785],[26.389618,38.521961],[26.388559,38.522367],[26.387537,38.522567],[26.386905,38.522409],[26.386094,38.522559],[26.385632,38.523122],[26.384786,38.523221],[26.384123,38.522652],[26.383527,38.522366],[26.383319,38.52198],[26.383524,38.521775],[26.383781,38.521519],[26.383607,38.521287],[26.383019,38.52127],[26.382516,38.521256],[26.38203,38.520431],[26.382022,38.520395],[26.381724,38.51917],[26.381268,38.519065],[26.380733,38.51991],[26.380664,38.520113],[26.38048,38.520654],[26.380369,38.52127],[26.380014,38.521654],[26.379656,38.522371],[26.379723,38.522834],[26.379263,38.523037],[26.378843,38.522829],[26.37842,38.522879],[26.378131,38.523751],[26.377637,38.523902],[26.37711,38.523848],[26.376652,38.523923],[26.376976,38.52466],[26.377237,38.52539],[26.376739,38.526004],[26.377121,38.526623],[26.376158,38.528108],[26.375867,38.529237],[26.375336,38.529594],[26.374809,38.529514],[26.374674,38.53047],[26.372737,38.529954],[26.37201,38.530148],[26.371626,38.530251],[26.371824,38.530925],[26.372164,38.532077],[26.373551,38.532084],[26.373809,38.535027],[26.373779,38.537755],[26.374046,38.538972],[26.375428,38.539485],[26.375419,38.540578],[26.375417,38.540801],[26.37611,38.540805],[26.376957,38.539088],[26.376417,38.538016],[26.37573,38.536652],[26.376581,38.536335],[26.37716,38.536119],[26.377394,38.533284],[26.378922,38.532679],[26.379405,38.531417],[26.38015,38.530232],[26.379684,38.529463],[26.378426,38.529227],[26.378854,38.528309],[26.378558,38.527967],[26.378386,38.52777],[26.378654,38.527158],[26.37882,38.527079],[26.379287,38.526855],[26.379185,38.526433],[26.37908,38.526383],[26.37861,38.526162],[26.378931,38.52555],[26.379513,38.525017],[26.379047,38.524171],[26.379419,38.523637],[26.380473,38.523182],[26.381312,38.523263],[26.381288,38.526023],[26.380902,38.526696],[26.380543,38.527322],[26.380743,38.528396],[26.381491,38.529319],[26.381678,38.529551],[26.38198,38.531047],[26.381733,38.531483],[26.381288,38.53227],[26.381015,38.533456],[26.379746,38.534523],[26.379836,38.536286],[26.381187,38.537903],[26.381229,38.538915],[26.38123,38.538938],[26.381227,38.538948],[26.380531,38.540927],[26.380512,38.54315],[26.380346,38.543811],[26.380185,38.544451],[26.379745,38.544511],[26.378819,38.544636],[26.378134,38.544862],[26.377801,38.54599],[26.377648,38.546507],[26.376996,38.546697],[26.375963,38.546997],[26.37554,38.547416],[26.374488,38.54764],[26.37427,38.548482],[26.374702,38.548994],[26.37505,38.549406],[26.374988,38.550517],[26.372982,38.551771],[26.372658,38.552728],[26.371445,38.553373],[26.370431,38.555207],[26.369658,38.555453],[26.369483,38.555509],[26.369405,38.555785],[26.369375,38.555891],[26.370209,38.556662],[26.370829,38.557815],[26.370768,38.558735],[26.369075,38.560182],[26.366068,38.561699],[26.365118,38.562307],[26.364409,38.562303],[26.363647,38.562299],[26.363068,38.564058],[26.362892,38.564594],[26.362259,38.565189],[26.361674,38.565737],[26.359884,38.566264],[26.360351,38.56688],[26.361405,38.566732],[26.362191,38.566622],[26.362708,38.567583],[26.361651,38.568343],[26.3609,38.570141],[26.360934,38.572134],[26.360241,38.573318],[26.360486,38.575312],[26.360843,38.576541],[26.360732,38.57723],[26.360046,38.577533],[26.360083,38.579296],[26.359998,38.57977],[26.359807,38.580827],[26.360201,38.580968],[26.361116,38.581294],[26.361847,38.581758],[26.361576,38.582715],[26.361098,38.583326],[26.361406,38.584094],[26.362191,38.584443],[26.362395,38.585134],[26.362021,38.585822],[26.36175,38.586817],[26.362269,38.58751],[26.36226,38.588583],[26.362781,38.589045],[26.362774,38.589812],[26.361766,38.590956],[26.361271,38.591877],[26.361232,38.59195],[26.361269,38.592023],[26.361696,38.592872],[26.361211,38.593683],[26.360736,38.594476],[26.360409,38.595893],[26.359879,38.596311],[26.359869,38.597538],[26.358916,38.598299],[26.35933,38.599068],[26.359476,38.600295],[26.360155,38.600758],[26.360199,38.601755],[26.359876,38.602635],[26.36023,38.60417],[26.359432,38.605239],[26.359516,38.606481],[26.359572,38.607309],[26.358719,38.608607],[26.358495,38.608685],[26.35698,38.609211],[26.356396,38.609821],[26.35606,38.612157],[26.355472,38.613265],[26.354521,38.613796],[26.354985,38.614872],[26.355063,38.615398],[26.355134,38.615869],[26.355023,38.615988],[26.354603,38.616441],[26.35496,38.61767],[26.356053,38.618864],[26.357732,38.621355],[26.357972,38.62171],[26.357923,38.621794],[26.357118,38.623162],[26.357104,38.624772],[26.356081,38.627449],[26.356378,38.629945],[26.356505,38.631528],[26.356516,38.631667],[26.356441,38.63176],[26.355347,38.633117],[26.354647,38.634953],[26.35289,38.637472],[26.353347,38.639238],[26.35381,38.64039],[26.354261,38.642807],[26.354334,38.642914],[26.354988,38.643884],[26.354719,38.645266],[26.354712,38.645301],[26.35473,38.645329],[26.355542,38.646608],[26.35569,38.647682],[26.358091,38.650777],[26.359274,38.652531],[26.359713,38.656442],[26.361068,38.657753],[26.360987,38.658416],[26.360955,38.658672],[26.36095,38.659208],[26.361701,38.659267],[26.362001,38.659291],[26.362841,38.659449],[26.363777,38.660719],[26.364723,38.660762],[26.365873,38.661535],[26.368552,38.661856],[26.368757,38.66247],[26.368802,38.663132],[26.368804,38.66316],[26.369745,38.663779],[26.370148,38.6636],[26.371117,38.663173],[26.372589,38.663257],[26.374421,38.664225],[26.374628,38.664111],[26.374962,38.664062],[26.375357,38.66414],[26.375697,38.664556],[26.375752,38.664205],[26.376078,38.664319],[26.376611,38.664397],[26.377732,38.664102],[26.379249,38.663872],[26.380156,38.664391],[26.380219,38.665081],[26.380475,38.665396],[26.380798,38.665892],[26.380967,38.666151],[26.381173,38.666228],[26.381574,38.666033],[26.381657,38.665992],[26.38219,38.666032],[26.382503,38.666192],[26.382636,38.66626],[26.383012,38.666501],[26.383374,38.666553],[26.383582,38.666378],[26.383771,38.666404],[26.383717,38.66663],[26.38413,38.666632],[26.384163,38.666462],[26.38422,38.666168],[26.384481,38.665919],[26.385256,38.665798],[26.38677,38.665919],[26.387662,38.666199],[26.387745,38.666601],[26.387986,38.666602],[26.388126,38.666314],[26.388763,38.666293],[26.388937,38.666093],[26.389178,38.666069],[26.389366,38.666246],[26.389503,38.666234],[26.389557,38.666046],[26.390279,38.666112],[26.390551,38.666515],[26.390689,38.666516],[26.390725,38.666353],[26.391069,38.666342],[26.391291,38.666544],[26.391463,38.666495],[26.391671,38.666383],[26.391929,38.666447],[26.392253,38.6667],[26.392648,38.66689],[26.393077,38.666955],[26.393524,38.667095],[26.394141,38.667387],[26.394207,38.667688],[26.394345,38.667701],[26.394742,38.66754],[26.395155,38.667593],[26.395413,38.667519],[26.395997,38.667697],[26.396531,38.667675],[26.396894,38.667439],[26.397256,38.667403],[26.397582,38.667505],[26.399671,38.66882],[26.39968,38.668841],[26.399857,38.66926],[26.40037,38.669651],[26.401006,38.669717],[26.401882,38.669923],[26.402995,38.670606],[26.404295,38.671578],[26.405113,38.672573],[26.405713,38.672864],[26.406208,38.673381],[26.406499,38.673571],[26.407018,38.673668],[26.407049,38.673674],[26.407839,38.673941],[26.408625,38.674597],[26.408757,38.675275],[26.409905,38.675933],[26.410523,38.6762],[26.410691,38.67674],[26.411085,38.67688],[26.411425,38.677421],[26.41187,38.677712],[26.412901,38.678018],[26.41403,38.678826],[26.414369,38.679505],[26.41447,38.679644],[26.414624,38.679858],[26.415677,38.680151],[26.416805,38.680571],[26.417458,38.680712],[26.418631,38.68043],[26.419029,38.680156],[26.419426,38.68007],[26.419514,38.680021]]],[[[26.316806,38.416742],[26.313904,38.415815],[26.311567,38.416713],[26.309177,38.419834],[26.315185,38.418672],[26.316806,38.416742]]],[[[26.388293,38.433353],[26.388272,38.433081],[26.387823,38.433019],[26.387761,38.43301],[26.387133,38.433092],[26.38662,38.433242],[26.386203,38.433189],[26.385973,38.432899],[26.385908,38.432355],[26.385609,38.431945],[26.385238,38.431808],[26.384961,38.431636],[26.384871,38.431262],[26.384924,38.430446],[26.385439,38.430024],[26.386044,38.43001],[26.386557,38.429809],[26.387,38.429574],[26.38698,38.429183],[26.387191,38.42898],[26.387219,38.428385],[26.387571,38.427053],[26.387748,38.426383],[26.388943,38.425233],[26.389272,38.424759],[26.389299,38.424318],[26.388679,38.423465],[26.388588,38.423192],[26.388661,38.422853],[26.38857,38.422513],[26.388177,38.422375],[26.387665,38.422389],[26.387341,38.422302],[26.386759,38.422316],[26.386176,38.422568],[26.385688,38.42265],[26.384968,38.422596],[26.38434,38.422643],[26.383757,38.422912],[26.383172,38.423351],[26.382956,38.424064],[26.382696,38.424623],[26.382621,38.424837],[26.382529,38.425098],[26.382304,38.424952],[26.38179,38.424618],[26.381142,38.424309],[26.380721,38.424595],[26.380462,38.425036],[26.380364,38.425613],[26.379919,38.425917],[26.379036,38.425946],[26.378038,38.425839],[26.377064,38.425562],[26.376507,38.425491],[26.376365,38.425813],[26.376382,38.426459],[26.376681,38.426902],[26.376966,38.427058],[26.377213,38.427194],[26.376955,38.427396],[26.376536,38.42753],[26.375885,38.42751],[26.37502,38.4281],[26.374556,38.428029],[26.373885,38.427652],[26.373467,38.427616],[26.373212,38.427512],[26.372888,38.427521],[26.372654,38.427526],[26.372629,38.427815],[26.37288,38.42809],[26.373112,38.428345],[26.373689,38.428841],[26.374034,38.429199],[26.374007,38.429658],[26.373587,38.429842],[26.373331,38.429943],[26.373169,38.430309],[26.373023,38.430638],[26.372972,38.431165],[26.373107,38.431641],[26.374518,38.432362],[26.375049,38.432408],[26.376005,38.432489],[26.376562,38.432611],[26.377257,38.432853],[26.377908,38.432839],[26.378747,38.432589],[26.379444,38.432627],[26.379768,38.432747],[26.381347,38.432942],[26.381786,38.433183],[26.382086,38.433507],[26.381893,38.434322],[26.38168,38.434797],[26.381704,38.434928],[26.381746,38.435154],[26.382047,38.435308],[26.382627,38.435498],[26.383694,38.435691],[26.383947,38.436015],[26.384249,38.436051],[26.384808,38.435952],[26.385052,38.435803],[26.386816,38.434874],[26.387847,38.433894],[26.388293,38.433353]]],[[[26.368364,38.428233],[26.367963,38.427844],[26.367526,38.42791],[26.367304,38.42841],[26.367331,38.428911],[26.366793,38.429841],[26.366976,38.430344],[26.367345,38.430869],[26.367589,38.431463],[26.367638,38.432921],[26.368303,38.435247],[26.36805,38.435724],[26.367641,38.436155],[26.367419,38.436609],[26.367849,38.437385],[26.368342,38.437935],[26.368683,38.438096],[26.369245,38.437985],[26.369529,38.437554],[26.369346,38.437097],[26.36941,38.436916],[26.370004,38.436737],[26.371313,38.43663],[26.371688,38.436495],[26.371973,38.435927],[26.372851,38.435294],[26.373354,38.43475],[26.373109,38.434316],[26.372872,38.432835],[26.37244,38.432354],[26.371725,38.432282],[26.371509,38.43203],[26.370656,38.429748],[26.37016,38.429495],[26.369538,38.429333],[26.368799,38.42844],[26.368364,38.428233]]],[[[26.360532,38.454574],[26.359935,38.453461],[26.360987,38.452731],[26.360799,38.451994],[26.3603,38.45151],[26.360461,38.45086],[26.360235,38.450152],[26.359506,38.449412],[26.359859,38.448904],[26.361331,38.448743],[26.361957,38.44801],[26.362391,38.44761],[26.36266,38.447363],[26.362545,38.446746],[26.362475,38.446372],[26.362604,38.446213],[26.362749,38.446033],[26.36291,38.445299],[26.362639,38.444758],[26.362454,38.44439],[26.362541,38.443735],[26.362578,38.443457],[26.362541,38.443286],[26.362466,38.442947],[26.362324,38.442759],[26.362122,38.442493],[26.362092,38.442101],[26.362087,38.44204],[26.362059,38.442016],[26.361319,38.441413],[26.361054,38.440647],[26.360248,38.439879],[26.359548,38.440215],[26.358999,38.441089],[26.35872,38.441965],[26.358449,38.441991],[26.357798,38.441195],[26.357733,38.439695],[26.357354,38.438844],[26.357554,38.438166],[26.357286,38.437712],[26.357447,38.43709],[26.358461,38.43619],[26.358297,38.435264],[26.35824,38.434944],[26.357938,38.434639],[26.357703,38.434403],[26.35773,38.43428],[26.357784,38.434035],[26.357521,38.433825],[26.357469,38.43384],[26.356675,38.434067],[26.355718,38.434185],[26.355608,38.433855],[26.356006,38.433364],[26.355674,38.432787],[26.355736,38.432211],[26.355629,38.431512],[26.355716,38.431477],[26.357379,38.430822],[26.35778,38.430002],[26.357451,38.428973],[26.357114,38.42893],[26.3565,38.428474],[26.356278,38.428103],[26.35538,38.427892],[26.354601,38.426942],[26.354162,38.42583],[26.35332,38.425661],[26.351797,38.426146],[26.350447,38.426179],[26.350439,38.427084],[26.349649,38.427408],[26.349364,38.427818],[26.349206,38.428266],[26.349075,38.428639],[26.351747,38.431696],[26.351966,38.432396],[26.350729,38.43243],[26.350114,38.432016],[26.349841,38.431028],[26.349059,38.430489],[26.348046,38.430524],[26.347423,38.431014],[26.347143,38.430889],[26.347488,38.43011],[26.347437,38.429534],[26.346103,38.427717],[26.345032,38.428082],[26.344633,38.428655],[26.344457,38.429435],[26.34321,38.430538],[26.342027,38.430819],[26.340456,38.430317],[26.340746,38.429414],[26.3403,38.428919],[26.339803,38.428011],[26.340279,38.425054],[26.339991,38.424788],[26.338662,38.423564],[26.338377,38.424015],[26.338412,38.424185],[26.338539,38.424797],[26.338872,38.42521],[26.337278,38.42738],[26.337382,38.428285],[26.336701,38.42898],[26.336027,38.428894],[26.335236,38.429301],[26.334345,38.428309],[26.335139,38.427656],[26.335089,38.426915],[26.335779,38.425275],[26.334843,38.423049],[26.334678,38.422926],[26.334173,38.422552],[26.332934,38.422751],[26.332204,38.422705],[26.331514,38.423267],[26.330901,38.423767],[26.330552,38.424998],[26.32976,38.425569],[26.329245,38.42643],[26.328566,38.426919],[26.327803,38.427695],[26.327601,38.427901],[26.327564,38.428386],[26.327473,38.429586],[26.327798,38.430944],[26.328517,38.432182],[26.328911,38.432225],[26.329021,38.432432],[26.32946,38.433667],[26.329619,38.434737],[26.329049,38.435515],[26.328925,38.435585],[26.328258,38.435963],[26.328077,38.435974],[26.328075,38.436146],[26.328361,38.436358],[26.328365,38.436387],[26.328434,38.436913],[26.328247,38.437389],[26.327747,38.437673],[26.327197,38.437804],[26.326746,38.437675],[26.32665,38.437648],[26.3261,38.437683],[26.325921,38.437919],[26.32579,38.438092],[26.325783,38.438101],[26.325725,38.438674],[26.325904,38.439096],[26.325994,38.439175],[26.326319,38.439461],[26.326549,38.440017],[26.326493,38.440475],[26.326402,38.440521],[26.326151,38.440645],[26.325838,38.440625],[26.325471,38.440718],[26.325416,38.440947],[26.325781,38.441064],[26.325962,38.441275],[26.326224,38.441296],[26.326674,38.441189],[26.326774,38.441165],[26.327215,38.441473],[26.327762,38.441687],[26.328043,38.442434],[26.328456,38.44299],[26.328636,38.443316],[26.328737,38.443775],[26.328945,38.443977],[26.32941,38.444429],[26.329797,38.444431],[26.329933,38.444432],[26.330353,38.444301],[26.330636,38.444742],[26.33094,38.444897],[26.331053,38.444954],[26.331364,38.445167],[26.332016,38.445342],[26.332188,38.445345],[26.334448,38.445375],[26.334786,38.44553],[26.335153,38.445398],[26.335598,38.44542],[26.335831,38.445593],[26.336066,38.445652],[26.336539,38.445425],[26.337061,38.445447],[26.337531,38.445526],[26.337659,38.445814],[26.337736,38.446063],[26.338464,38.446468],[26.339319,38.447276],[26.339554,38.447334],[26.339791,38.447145],[26.340183,38.447166],[26.340604,38.44692],[26.341283,38.447019],[26.342323,38.447637],[26.342426,38.44779],[26.34295,38.44764],[26.343289,38.447776],[26.343753,38.448486],[26.343802,38.448906],[26.344166,38.449138],[26.344188,38.449596],[26.344554,38.450122],[26.34594,38.451092],[26.346322,38.451575],[26.347207,38.452174],[26.347694,38.45295],[26.347742,38.453026],[26.348511,38.453568],[26.349702,38.45465],[26.350281,38.454908],[26.350863,38.45477],[26.351334,38.454784],[26.351985,38.454804],[26.352144,38.454352],[26.353075,38.454159],[26.355434,38.454512],[26.357981,38.455431],[26.358376,38.455764],[26.359096,38.456371],[26.359638,38.456374],[26.359952,38.455923],[26.360302,38.45567],[26.360773,38.455022],[26.360532,38.454574]]]]}},{"type":"Feature","properties":{"id":"TR-D-35-017","parent_id":"TR-P-35","region_id":"TR-R-EGE","level":"district","municipality_type":null,"municipality_type_label":null,"is_metropolitan_municipality":null,"name":"Karşıyaka","name_ascii":"karsiyaka","slug":"karsiyaka-izmir"},"geometry":{"type":"Polygon","coordinates":[[[27.187427,38.533719],[27.186656,38.531968],[27.186143,38.529211],[27.185535,38.525942],[27.185255,38.523629],[27.184974,38.519705],[27.184694,38.516902],[27.184625,38.514905],[27.184624,38.51487],[27.183853,38.513048],[27.180978,38.513778],[27.178203,38.513519],[27.173103,38.513132],[27.168908,38.513197],[27.165745,38.513068],[27.15942,38.512551],[27.155547,38.51339],[27.151481,38.514036],[27.14877,38.513648],[27.145091,38.512229],[27.141348,38.510486],[27.139282,38.508808],[27.138981,38.508224],[27.138948,38.507443],[27.138883,38.506329],[27.138603,38.504456],[27.13826,38.50374],[27.137899,38.503478],[27.13672,38.502855],[27.135605,38.502462],[27.134655,38.50197],[27.134,38.501774],[27.133279,38.501348],[27.132754,38.500987],[27.132525,38.500365],[27.131738,38.500004],[27.130821,38.499381],[27.129805,38.499021],[27.129248,38.4983],[27.128789,38.498202],[27.128035,38.498365],[27.127511,38.4983],[27.126757,38.498038],[27.125872,38.498038],[27.125053,38.498038],[27.123939,38.497972],[27.123283,38.497612],[27.122333,38.497415],[27.121776,38.496989],[27.120825,38.496301],[27.119973,38.495908],[27.11987,38.495393],[27.119783,38.494658],[27.119617,38.493249],[27.11805,38.491482],[27.116483,38.487263],[27.115873,38.487024],[27.115703,38.486958],[27.114477,38.486478],[27.114272,38.486545],[27.11391,38.484994],[27.113943,38.483257],[27.114697,38.481193],[27.115057,38.480439],[27.115418,38.479259],[27.115614,38.478407],[27.11473,38.478276],[27.113615,38.477916],[27.112894,38.477195],[27.111878,38.475392],[27.110993,38.475556],[27.110338,38.475294],[27.110928,38.473852],[27.110928,38.473295],[27.11024,38.471689],[27.111523,38.470792],[27.111468,38.46999],[27.112095,38.469423],[27.113609,38.468585],[27.115052,38.467932],[27.116768,38.467469],[27.118374,38.467605],[27.121152,38.468286],[27.123221,38.468585],[27.124664,38.468613],[27.126543,38.468122],[27.127741,38.467333],[27.129201,38.466378],[27.130732,38.465873],[27.133336,38.46552],[27.134606,38.464973],[27.1346,38.46497],[27.134574,38.464952],[27.134533,38.464939],[27.134611,38.464796],[27.134406,38.464727],[27.134302,38.464694],[27.134224,38.464669],[27.134359,38.464399],[27.13453,38.464092],[27.13477,38.463664],[27.135004,38.463243],[27.13515,38.462978],[27.135336,38.462647],[27.135214,38.462604],[27.135064,38.462864],[27.134693,38.463531],[27.134519,38.463845],[27.134412,38.464036],[27.134404,38.464049],[27.134321,38.464203],[27.134222,38.464378],[27.134091,38.464614],[27.133968,38.464572],[27.133812,38.464519],[27.133641,38.464458],[27.133621,38.464487],[27.133543,38.464627],[27.133355,38.464751],[27.133282,38.464774],[27.133212,38.464766],[27.133083,38.464725],[27.133123,38.464653],[27.133196,38.464511],[27.133238,38.464439],[27.133332,38.464264],[27.133437,38.464075],[27.133432,38.464061],[27.133146,38.46397],[27.132903,38.46389],[27.132668,38.463815],[27.132559,38.46378],[27.132624,38.46366],[27.132712,38.463501],[27.132811,38.463325],[27.132877,38.463206],[27.132926,38.463118],[27.133027,38.462935],[27.132963,38.462912],[27.132918,38.462993],[27.132821,38.463169],[27.132819,38.463171],[27.132716,38.463359],[27.132633,38.463501],[27.132603,38.463554],[27.13257,38.463542],[27.132527,38.463598],[27.132543,38.463605],[27.132459,38.463757],[27.132406,38.463739],[27.132399,38.463757],[27.132378,38.463752],[27.132097,38.463682],[27.132059,38.463674],[27.132063,38.463663],[27.132047,38.463658],[27.132084,38.463544],[27.132093,38.463511],[27.132106,38.463494],[27.13213,38.463424],[27.13221,38.463175],[27.132151,38.463161],[27.132173,38.4631],[27.132178,38.463074],[27.132165,38.463048],[27.132133,38.462981],[27.132102,38.462949],[27.132049,38.46292],[27.132012,38.462912],[27.131974,38.462915],[27.131945,38.46292],[27.131924,38.462929],[27.13191,38.462938],[27.131892,38.462954],[27.131878,38.462967],[27.131848,38.463011],[27.131832,38.46305],[27.13182,38.463078],[27.131802,38.463115],[27.131773,38.463165],[27.131759,38.463212],[27.131728,38.463271],[27.131682,38.463361],[27.131612,38.463551],[27.131601,38.463586],[27.131459,38.463559],[27.131472,38.463536],[27.131454,38.463533],[27.131513,38.463407],[27.131643,38.463144],[27.131655,38.46313],[27.131674,38.46312],[27.131711,38.463067],[27.131553,38.462992],[27.131451,38.46294],[27.131419,38.462941],[27.131398,38.46295],[27.131323,38.462985],[27.131311,38.46299],[27.131304,38.462989],[27.131283,38.462975],[27.131284,38.462965],[27.131283,38.462954],[27.131278,38.462947],[27.131276,38.462936],[27.131273,38.462931],[27.131267,38.462925],[27.131259,38.462915],[27.131306,38.462883],[27.131127,38.462724],[27.131002,38.462612],[27.131423,38.462326],[27.131392,38.462296],[27.131414,38.462274],[27.131429,38.462254],[27.13143,38.462253],[27.131458,38.462237],[27.131525,38.462202],[27.131665,38.462143],[27.131689,38.462136],[27.131708,38.462131],[27.131731,38.462117],[27.131783,38.462079],[27.131874,38.462003],[27.131959,38.461943],[27.131975,38.461931],[27.131987,38.461915],[27.13199,38.461896],[27.131987,38.461867],[27.13198,38.461853],[27.131957,38.461833],[27.131939,38.46182],[27.131834,38.461743],[27.131725,38.461698],[27.131597,38.461633],[27.131597,38.461617],[27.131558,38.461598],[27.131545,38.461601],[27.131525,38.461592],[27.131511,38.461582],[27.131499,38.461563],[27.131507,38.461548],[27.131511,38.461534],[27.131497,38.461523],[27.13149,38.461521],[27.131481,38.461525],[27.131464,38.46152],[27.131445,38.461507],[27.131431,38.461498],[27.13142,38.461484],[27.131414,38.46147],[27.131411,38.46145],[27.131402,38.461439],[27.131391,38.461432],[27.131381,38.461428],[27.131378,38.461421],[27.131379,38.461404],[27.131372,38.461392],[27.131334,38.461363],[27.131316,38.461344],[27.131299,38.461331],[27.131289,38.461312],[27.131284,38.461288],[27.131274,38.46127],[27.13126,38.461261],[27.131251,38.461247],[27.131244,38.461228],[27.131243,38.46121],[27.131252,38.461189],[27.131263,38.461178],[27.131278,38.461167],[27.131166,38.461062],[27.131153,38.46106],[27.131113,38.461084],[27.130844,38.461269],[27.130705,38.461365],[27.130467,38.46153],[27.130425,38.46156],[27.130339,38.461619],[27.130317,38.461616],[27.130223,38.46153],[27.12996,38.461293],[27.129963,38.461277],[27.129994,38.461257],[27.13011,38.461181],[27.13029,38.461058],[27.130431,38.460958],[27.130569,38.460864],[27.130705,38.460771],[27.130887,38.460648],[27.131028,38.460548],[27.130959,38.460484],[27.130918,38.460449],[27.130705,38.460588],[27.130558,38.460684],[27.130173,38.460953],[27.130108,38.461],[27.130002,38.461072],[27.129943,38.461111],[27.129865,38.461165],[27.12984,38.461182],[27.129807,38.461157],[27.129653,38.461016],[27.129465,38.460845],[27.129294,38.460692],[27.129231,38.460719],[27.129142,38.460757],[27.129135,38.460774],[27.12912,38.460781],[27.12909,38.460789],[27.129065,38.460787],[27.129045,38.460779],[27.128897,38.460794],[27.128868,38.460813],[27.128821,38.460824],[27.128809,38.460832],[27.128793,38.460838],[27.128774,38.460832],[27.12876,38.460837],[27.128644,38.460835],[27.128622,38.460826],[27.128587,38.460802],[27.128576,38.460803],[27.128577,38.460814],[27.128579,38.460827],[27.128587,38.460845],[27.128594,38.460856],[27.128593,38.460864],[27.128578,38.460864],[27.12857,38.460854],[27.128537,38.460824],[27.128527,38.460808],[27.128531,38.460772],[27.128527,38.460762],[27.128503,38.460745],[27.128485,38.460726],[27.128475,38.460701],[27.128454,38.460681],[27.128412,38.460673],[27.128393,38.460665],[27.12838,38.460671],[27.12833,38.460615],[27.128342,38.460591],[27.12834,38.460579],[27.128316,38.460555],[27.128278,38.46053],[27.128262,38.460517],[27.128262,38.460502],[27.128236,38.460491],[27.128225,38.460476],[27.12823,38.460469],[27.128228,38.460456],[27.128209,38.460439],[27.128191,38.460438],[27.128173,38.460412],[27.128157,38.460394],[27.128142,38.460383],[27.128133,38.460366],[27.128124,38.460355],[27.128104,38.460338],[27.128089,38.460309],[27.12807,38.460296],[27.128061,38.460281],[27.128033,38.460269],[27.128009,38.460254],[27.127992,38.460238],[27.127978,38.460214],[27.127956,38.460189],[27.1279,38.460132],[27.127875,38.460104],[27.12785,38.46007],[27.127826,38.460027],[27.127814,38.459998],[27.127804,38.460011],[27.127712,38.459934],[27.127682,38.4599],[27.127659,38.459881],[27.127651,38.459868],[27.127641,38.459865],[27.127635,38.45984],[27.127618,38.45983],[27.127599,38.459838],[27.127581,38.459809],[27.127587,38.459786],[27.127581,38.459755],[27.127577,38.459726],[27.127572,38.459713],[27.12755,38.459716],[27.127517,38.459723],[27.127501,38.459729],[27.127482,38.459711],[27.127486,38.459699],[27.12749,38.45969],[27.1275,38.459674],[27.1275,38.459658],[27.127482,38.459634],[27.127462,38.459605],[27.127441,38.45957],[27.12743,38.459535],[27.127429,38.459508],[27.127426,38.459501],[27.12741,38.45949],[27.127394,38.459485],[27.127363,38.459495],[27.127343,38.459498],[27.127318,38.459463],[27.127319,38.459449],[27.127322,38.459441],[27.127334,38.459428],[27.127336,38.459418],[27.127328,38.459406],[27.12731,38.459395],[27.127295,38.459381],[27.12728,38.459366],[27.12727,38.459346],[27.127258,38.459342],[27.127247,38.459344],[27.127241,38.459333],[27.127245,38.459321],[27.127249,38.459311],[27.127232,38.459291],[27.127213,38.459275],[27.127197,38.459268],[27.127189,38.45927],[27.127173,38.459252],[27.127165,38.459236],[27.12717,38.459229],[27.127174,38.459224],[27.127173,38.459216],[27.127161,38.459197],[27.12713,38.459165],[27.127096,38.459112],[27.127084,38.459097],[27.127068,38.459047],[27.127043,38.459026],[27.127028,38.459006],[27.126995,38.458959],[27.126971,38.458935],[27.126962,38.458925],[27.126958,38.458889],[27.126954,38.458872],[27.126938,38.458867],[27.126924,38.458846],[27.126911,38.458836],[27.126892,38.458799],[27.12686,38.458748],[27.126828,38.458705],[27.12681,38.458684],[27.12679,38.458668],[27.126781,38.458657],[27.12676,38.458622],[27.126741,38.458596],[27.126736,38.458589],[27.126722,38.458579],[27.126691,38.45854],[27.126672,38.458528],[27.12664,38.458465],[27.126609,38.458425],[27.126586,38.458399],[27.126578,38.458397],[27.126572,38.458399],[27.126416,38.458174],[27.126322,38.458038],[27.126192,38.45785],[27.126129,38.457763],[27.126042,38.457637],[27.125978,38.457541],[27.125902,38.457431],[27.12586,38.457371],[27.125819,38.457313],[27.125736,38.457191],[27.125692,38.457129],[27.125709,38.457121],[27.125702,38.457091],[27.125675,38.45706],[27.125656,38.457035],[27.125641,38.457005],[27.125606,38.456975],[27.125578,38.456935],[27.12557,38.456913],[27.125546,38.456871],[27.125516,38.456835],[27.125492,38.4568],[27.125474,38.456758],[27.125465,38.456738],[27.12544,38.456726],[27.12544,38.456718],[27.125436,38.456711],[27.125428,38.456705],[27.125431,38.456686],[27.125419,38.456678],[27.125405,38.456663],[27.125403,38.456645],[27.125393,38.456636],[27.125383,38.45663],[27.125377,38.456616],[27.125363,38.456607],[27.125341,38.456599],[27.12533,38.456592],[27.125319,38.456573],[27.125313,38.456558],[27.125301,38.456539],[27.125288,38.456508],[27.125268,38.456483],[27.125261,38.456467],[27.125246,38.456457],[27.125228,38.456418],[27.125204,38.456401],[27.125193,38.456387],[27.125174,38.456375],[27.125157,38.456369],[27.125145,38.45637],[27.125123,38.456366],[27.125109,38.456358],[27.125081,38.45636],[27.125054,38.456352],[27.125009,38.45634],[27.124977,38.456334],[27.124937,38.456333],[27.124904,38.456329],[27.124885,38.456326],[27.124872,38.456323],[27.124856,38.45631],[27.124826,38.456315],[27.124806,38.456307],[27.124778,38.456292],[27.124758,38.456279],[27.12473,38.456272],[27.124662,38.45627],[27.124576,38.456259],[27.124488,38.456135],[27.124455,38.45609],[27.12438,38.455985],[27.124278,38.455843],[27.124297,38.455687],[27.124314,38.455568],[27.124328,38.455467],[27.124234,38.455459],[27.1239,38.455432],[27.123652,38.455415],[27.123174,38.455374],[27.123154,38.455546],[27.123168,38.455548],[27.123165,38.455567],[27.12296,38.455548],[27.12246,38.45551],[27.122459,38.455526],[27.122399,38.455529],[27.122091,38.455516],[27.121841,38.455507],[27.121839,38.455529],[27.121608,38.455517],[27.12137,38.455509],[27.120751,38.455481],[27.120459,38.455471],[27.120303,38.455378],[27.120296,38.455342],[27.120333,38.455297],[27.120323,38.45528],[27.120282,38.455253],[27.12034,38.455196],[27.120514,38.455178],[27.120747,38.454938],[27.120733,38.454862],[27.120722,38.454781],[27.120556,38.45468],[27.120352,38.454695],[27.120187,38.454866],[27.120118,38.454938],[27.120135,38.455052],[27.120152,38.455063],[27.120086,38.45513],[27.120036,38.4551],[27.12001,38.455103],[27.119982,38.45513],[27.119623,38.454872],[27.119465,38.454757],[27.119489,38.454595],[27.119508,38.454464],[27.119024,38.454025],[27.118804,38.453822],[27.11868,38.453711],[27.11854,38.453698],[27.118209,38.453402],[27.118254,38.453121],[27.118205,38.45307],[27.117849,38.452701],[27.1178,38.45265],[27.11777,38.452619],[27.117753,38.452616],[27.117276,38.452544],[27.116799,38.452055],[27.116485,38.451731],[27.116345,38.451715],[27.116042,38.451401],[27.116039,38.451398],[27.115919,38.451273],[27.115868,38.451282],[27.115643,38.451321],[27.115236,38.451105],[27.114814,38.450883],[27.114747,38.450736],[27.114179,38.450439],[27.113616,38.450142],[27.112955,38.449792],[27.112716,38.449666],[27.112306,38.449449],[27.11248,38.44909],[27.112459,38.448963],[27.112289,38.448885],[27.112274,38.448903],[27.112253,38.448893],[27.112262,38.448874],[27.112058,38.448812],[27.11207,38.448781],[27.112012,38.448758],[27.111882,38.449007],[27.111838,38.44899],[27.111806,38.449099],[27.111763,38.449103],[27.11176,38.449063],[27.111445,38.449139],[27.111441,38.449178],[27.11091,38.449289],[27.110045,38.449473],[27.109876,38.449508],[27.109426,38.449604],[27.109489,38.449759],[27.109341,38.449768],[27.109263,38.449566],[27.109075,38.44908],[27.1096,38.448953],[27.109596,38.448932],[27.109068,38.449057],[27.109048,38.449011],[27.109024,38.449017],[27.109113,38.449245],[27.109236,38.449571],[27.109311,38.449771],[27.109215,38.44981],[27.109124,38.449588],[27.109123,38.449585],[27.109048,38.449599],[27.108059,38.44979],[27.107798,38.44984],[27.107633,38.449871],[27.107087,38.449975],[27.106774,38.450035],[27.106253,38.450136],[27.105984,38.450187],[27.105705,38.450243],[27.105505,38.450298],[27.105254,38.450367],[27.104971,38.450443],[27.104735,38.450507],[27.104475,38.450578],[27.1042,38.450651],[27.103884,38.450737],[27.103559,38.450825],[27.103009,38.450973],[27.102881,38.451029],[27.102887,38.451346],[27.102889,38.451407],[27.102519,38.451596],[27.102153,38.451783],[27.102156,38.451868],[27.101932,38.451987],[27.101634,38.452146],[27.101227,38.452366],[27.101071,38.452449],[27.100945,38.45251],[27.100631,38.452662],[27.100419,38.452764],[27.1001,38.452914],[27.100067,38.452992],[27.099396,38.453314],[27.098944,38.45353],[27.098671,38.453148],[27.098641,38.453107],[27.098493,38.452905],[27.098556,38.452802],[27.098333,38.45272],[27.098511,38.452399],[27.09846,38.452381],[27.098377,38.452524],[27.098279,38.452703],[27.098099,38.452638],[27.098084,38.452633],[27.097647,38.452481],[27.097913,38.45201],[27.09795,38.451935],[27.097948,38.451915],[27.097924,38.451892],[27.097736,38.451825],[27.097704,38.451819],[27.097669,38.451827],[27.097645,38.451854],[27.097353,38.452378],[27.097292,38.452357],[27.097252,38.452376],[27.097214,38.452369],[27.097161,38.452377],[27.097103,38.452354],[27.097083,38.452388],[27.097119,38.452404],[27.097091,38.452449],[27.097056,38.452434],[27.097033,38.452467],[27.097072,38.452483],[27.097044,38.452524],[27.09701,38.452513],[27.096989,38.452548],[27.09703,38.452563],[27.09702,38.452638],[27.097002,38.452679],[27.096982,38.452731],[27.096824,38.453025],[27.096789,38.453084],[27.096749,38.453163],[27.096718,38.453261],[27.096707,38.453313],[27.096696,38.453434],[27.096703,38.453508],[27.096759,38.453737],[27.096792,38.453875],[27.09685,38.454115],[27.096748,38.454199],[27.09611,38.454413],[27.095544,38.454604],[27.095519,38.454616],[27.095497,38.454638],[27.095462,38.454658],[27.095358,38.454693],[27.095286,38.454717],[27.095231,38.454733],[27.095204,38.454719],[27.094256,38.455036],[27.094053,38.455104],[27.093896,38.45507],[27.093833,38.455057],[27.093391,38.45438],[27.093302,38.454247],[27.09326,38.454181],[27.09323,38.454025],[27.093247,38.45395],[27.093271,38.453928],[27.093277,38.453899],[27.093294,38.453878],[27.093335,38.453866],[27.093347,38.453843],[27.093382,38.453811],[27.093421,38.453763],[27.093436,38.453733],[27.09346,38.453707],[27.093469,38.453673],[27.093511,38.453657],[27.093531,38.453618],[27.093558,38.453607],[27.093569,38.453589],[27.093606,38.453573],[27.093696,38.453517],[27.093728,38.453501],[27.093754,38.453493],[27.093773,38.453482],[27.093804,38.453478],[27.093917,38.453415],[27.093983,38.453404],[27.094005,38.453385],[27.094121,38.45332],[27.094149,38.453312],[27.094187,38.453294],[27.094208,38.453268],[27.094229,38.453262],[27.09425,38.453259],[27.094268,38.453251],[27.094295,38.453237],[27.094319,38.45322],[27.094348,38.453207],[27.094376,38.453203],[27.094402,38.453186],[27.094463,38.453167],[27.094495,38.45315],[27.094563,38.453128],[27.094662,38.453075],[27.094707,38.453076],[27.094736,38.453059],[27.094833,38.453022],[27.094941,38.452965],[27.095023,38.452938],[27.095001,38.452908],[27.094979,38.452899],[27.094956,38.452898],[27.094914,38.452914],[27.094892,38.452912],[27.09487,38.452905],[27.094813,38.452918],[27.094776,38.452918],[27.094731,38.452932],[27.094713,38.452943],[27.094687,38.452972],[27.09465,38.452994],[27.094615,38.453003],[27.094593,38.452998],[27.094569,38.452999],[27.09453,38.453019],[27.094494,38.453031],[27.094435,38.453063],[27.094337,38.453099],[27.094182,38.453201],[27.094094,38.453242],[27.094036,38.453259],[27.093978,38.453297],[27.093945,38.453297],[27.093915,38.453305],[27.093892,38.453325],[27.093781,38.45338],[27.093732,38.453396],[27.093705,38.453407],[27.093665,38.453433],[27.093591,38.453468],[27.09356,38.453459],[27.093522,38.453461],[27.093474,38.45347],[27.093414,38.453494],[27.093381,38.45352],[27.093368,38.453548],[27.093366,38.453646],[27.093339,38.453695],[27.093301,38.453728],[27.093287,38.453773],[27.093267,38.453785],[27.09324,38.453822],[27.093206,38.453855],[27.093189,38.453889],[27.093177,38.453923],[27.093158,38.453953],[27.093148,38.453973],[27.093157,38.454018],[27.093098,38.454062],[27.093085,38.454082],[27.093074,38.454104],[27.092995,38.454164],[27.092773,38.454405],[27.092847,38.454612],[27.092963,38.454875],[27.093068,38.455111],[27.093206,38.455346],[27.09321,38.455353],[27.093291,38.455504],[27.093389,38.455679],[27.093465,38.45582],[27.093536,38.45595],[27.093575,38.456023],[27.093446,38.456072],[27.093314,38.456118],[27.093264,38.45604],[27.093162,38.455869],[27.093084,38.455738],[27.093003,38.455603],[27.092923,38.455472],[27.092914,38.455457],[27.092836,38.455358],[27.092791,38.45531],[27.09274,38.455279],[27.092695,38.455265],[27.09263,38.455264],[27.092577,38.45528],[27.092251,38.455473],[27.091979,38.455634],[27.091796,38.455742],[27.091617,38.455849],[27.09158,38.455821],[27.091519,38.455794],[27.091484,38.455788],[27.091448,38.455789],[27.091425,38.455794],[27.091346,38.455836],[27.091328,38.455848],[27.09131,38.455861],[27.091286,38.455881],[27.091239,38.455909],[27.091208,38.455922],[27.091188,38.455931],[27.091159,38.455946],[27.091137,38.455955],[27.091108,38.455972],[27.090994,38.456036],[27.090909,38.456086],[27.090867,38.456119],[27.090848,38.456129],[27.090818,38.456144],[27.090798,38.456154],[27.09077,38.456173],[27.090716,38.456208],[27.090694,38.456216],[27.090676,38.456227],[27.090658,38.456239],[27.090638,38.456249],[27.090612,38.456267],[27.090594,38.456278],[27.090576,38.456291],[27.090502,38.456325],[27.090473,38.456342],[27.09043,38.456356],[27.090401,38.456372],[27.090353,38.4564],[27.090304,38.456425],[27.090251,38.456463],[27.090209,38.456496],[27.09018,38.456512],[27.090124,38.456548],[27.089937,38.456664],[27.089916,38.456674],[27.089897,38.456684],[27.089879,38.456695],[27.089861,38.456707],[27.089852,38.456714],[27.089842,38.45672],[27.089825,38.456732],[27.089773,38.456755],[27.089755,38.456767],[27.089739,38.456781],[27.089719,38.456792],[27.089681,38.456815],[27.08963,38.456841],[27.08959,38.456864],[27.089573,38.456875],[27.089552,38.456886],[27.089532,38.456893],[27.089513,38.456903],[27.089497,38.456911],[27.089473,38.456921],[27.08944,38.456933],[27.089373,38.45697],[27.089356,38.456977],[27.089292,38.457007],[27.089255,38.457025],[27.089226,38.457043],[27.089197,38.457059],[27.089188,38.457064],[27.08918,38.45707],[27.089171,38.457078],[27.089162,38.457084],[27.089125,38.457107],[27.089099,38.457126],[27.089089,38.457131],[27.08908,38.457138],[27.089071,38.457145],[27.089046,38.457165],[27.089023,38.457186],[27.089014,38.457192],[27.089006,38.457199],[27.088997,38.457205],[27.088967,38.457233],[27.088935,38.457261],[27.088918,38.457273],[27.08891,38.45728],[27.088894,38.457294],[27.088887,38.457302],[27.08888,38.457308],[27.088873,38.457315],[27.088847,38.457336],[27.088839,38.457344],[27.08883,38.457351],[27.088807,38.457372],[27.088788,38.457383],[27.088781,38.45739],[27.088772,38.457397],[27.088757,38.457412],[27.088748,38.457417],[27.088713,38.457442],[27.088684,38.457459],[27.088675,38.457466],[27.088666,38.457472],[27.088657,38.457478],[27.088618,38.457502],[27.088607,38.457507],[27.088597,38.457512],[27.088583,38.457528],[27.088573,38.457534],[27.088563,38.457538],[27.088553,38.457544],[27.088545,38.45755],[27.088531,38.457565],[27.08852,38.45757],[27.088514,38.457578],[27.088507,38.457586],[27.0885,38.457594],[27.088494,38.457602],[27.088487,38.457609],[27.088478,38.457615],[27.08847,38.457623],[27.088451,38.457646],[27.088443,38.457654],[27.088435,38.457661],[27.088427,38.457668],[27.088412,38.457683],[27.088378,38.457723],[27.088358,38.457746],[27.088351,38.457753],[27.088343,38.457759],[27.088326,38.457785],[27.08832,38.457792],[27.088311,38.457798],[27.088303,38.457805],[27.088297,38.457814],[27.08828,38.457839],[27.088252,38.457867],[27.088244,38.457874],[27.08823,38.45789],[27.088213,38.457914],[27.088192,38.457937],[27.088186,38.457946],[27.088175,38.457962],[27.088163,38.457978],[27.088158,38.457986],[27.088153,38.457996],[27.088133,38.458018],[27.088107,38.458037],[27.088092,38.458052],[27.088079,38.458069],[27.088076,38.458077],[27.088075,38.45808],[27.088074,38.458086],[27.08807,38.458095],[27.088064,38.458103],[27.088056,38.458111],[27.088048,38.458117],[27.088039,38.458123],[27.088029,38.458127],[27.088022,38.458135],[27.088011,38.458151],[27.088003,38.458158],[27.087963,38.458179],[27.087959,38.458182],[27.087954,38.458185],[27.087947,38.458192],[27.087946,38.458193],[27.087945,38.458194],[27.087921,38.458213],[27.087912,38.458218],[27.087903,38.458225],[27.087889,38.45824],[27.087881,38.458247],[27.087872,38.458253],[27.087845,38.458273],[27.087833,38.458288],[27.087807,38.458307],[27.087789,38.458319],[27.087764,38.458339],[27.087737,38.458357],[27.087729,38.458364],[27.087658,38.45843],[27.08765,38.458437],[27.087598,38.458476],[27.087583,38.458491],[27.087567,38.458502],[27.087553,38.458517],[27.087535,38.458531],[27.087528,38.458539],[27.087522,38.458547],[27.087485,38.458582],[27.087477,38.458589],[27.087456,38.458612],[27.087449,38.458619],[27.087415,38.458656],[27.087403,38.458672],[27.087399,38.458681],[27.087393,38.458689],[27.087387,38.458697],[27.087373,38.458712],[27.087366,38.45872],[27.087357,38.458728],[27.087349,38.458734],[27.087333,38.458749],[27.087328,38.458758],[27.087322,38.458767],[27.087311,38.458779],[27.087307,38.458783],[27.087295,38.458798],[27.087276,38.458823],[27.087262,38.458838],[27.087255,38.458846],[27.087219,38.458885],[27.087175,38.45892],[27.08714,38.458957],[27.087132,38.458965],[27.087092,38.459001],[27.087085,38.459008],[27.087078,38.459015],[27.087073,38.459024],[27.087067,38.459032],[27.087053,38.459049],[27.087028,38.459069],[27.087022,38.459077],[27.087016,38.459085],[27.087009,38.459092],[27.087001,38.459098],[27.086994,38.459107],[27.086988,38.459115],[27.086976,38.459131],[27.08697,38.459139],[27.086955,38.459154],[27.086932,38.459186],[27.086926,38.459193],[27.086921,38.459202],[27.086915,38.45921],[27.086899,38.459226],[27.08688,38.45925],[27.086862,38.459263],[27.086855,38.45927],[27.086837,38.459294],[27.086823,38.459308],[27.086818,38.459317],[27.086814,38.459325],[27.086796,38.459349],[27.08678,38.459363],[27.08675,38.459392],[27.086736,38.459408],[27.086721,38.459421],[27.086707,38.459437],[27.086702,38.459445],[27.086686,38.459459],[27.086681,38.459467],[27.086674,38.459475],[27.086669,38.459484],[27.086663,38.459492],[27.086646,38.459507],[27.086639,38.459514],[27.086615,38.459537],[27.086605,38.459543],[27.086597,38.459549],[27.086585,38.459567],[27.086578,38.459574],[27.086562,38.459589],[27.086554,38.459597],[27.086541,38.459613],[27.086521,38.459637],[27.086515,38.459644],[27.086509,38.459652],[27.086503,38.45966],[27.086498,38.459667],[27.08649,38.459674],[27.086476,38.459689],[27.086472,38.459697],[27.086469,38.459705],[27.08645,38.459716],[27.086434,38.45973],[27.086427,38.459736],[27.08642,38.459745],[27.086415,38.459754],[27.086404,38.459756],[27.086395,38.45976],[27.086389,38.459768],[27.086382,38.459774],[27.086372,38.459779],[27.08636,38.459795],[27.086352,38.459803],[27.086338,38.459817],[27.086321,38.459829],[27.086306,38.459842],[27.086299,38.45985],[27.086268,38.459879],[27.08626,38.459885],[27.086252,38.459892],[27.086244,38.459899],[27.086217,38.459918],[27.086208,38.459923],[27.086191,38.459936],[27.086177,38.459951],[27.086169,38.459957],[27.086159,38.459963],[27.08615,38.45997],[27.086143,38.459977],[27.086119,38.459997],[27.086111,38.460003],[27.086068,38.460036],[27.085994,38.460103],[27.085988,38.46011],[27.085987,38.460119],[27.085991,38.460127],[27.085982,38.460132],[27.085971,38.460135],[27.08596,38.460138],[27.085951,38.460144],[27.085945,38.460151],[27.085883,38.460207],[27.085856,38.460226],[27.085834,38.460247],[27.085827,38.460254],[27.085785,38.460288],[27.085777,38.460296],[27.08576,38.46031],[27.085746,38.460325],[27.085729,38.460339],[27.08572,38.460345],[27.085689,38.460373],[27.085658,38.460401],[27.085651,38.460409],[27.085618,38.460439],[27.08559,38.460458],[27.085575,38.460473],[27.085548,38.460494],[27.085532,38.46051],[27.085525,38.460518],[27.085519,38.460528],[27.085513,38.460536],[27.085506,38.460543],[27.085488,38.460557],[27.085474,38.460573],[27.085467,38.460581],[27.08546,38.460588],[27.085451,38.460596],[27.085433,38.46062],[27.085416,38.460633],[27.085401,38.460648],[27.085395,38.460657],[27.085388,38.460664],[27.085382,38.460672],[27.085366,38.460688],[27.085353,38.460704],[27.085319,38.460745],[27.085302,38.46077],[27.085265,38.460807],[27.085234,38.460849],[27.085218,38.460863],[27.085208,38.460869],[27.085201,38.460876],[27.085192,38.460884],[27.085164,38.460914],[27.085158,38.460922],[27.085151,38.46093],[27.085135,38.460954],[27.085129,38.460963],[27.085124,38.460971],[27.085118,38.460979],[27.085112,38.460987],[27.085105,38.460994],[27.085099,38.461002],[27.085076,38.461035],[27.085068,38.461042],[27.085061,38.46105],[27.085052,38.461057],[27.085036,38.461071],[27.085028,38.461077],[27.085021,38.461085],[27.085016,38.461093],[27.085009,38.461101],[27.084993,38.461115],[27.084986,38.461123],[27.084981,38.461131],[27.084974,38.461138],[27.084922,38.461177],[27.084912,38.461182],[27.084903,38.461188],[27.084896,38.461196],[27.084855,38.461234],[27.084847,38.46124],[27.084837,38.461245],[27.084801,38.461271],[27.084778,38.461291],[27.084767,38.461296],[27.084752,38.461309],[27.084746,38.461317],[27.084739,38.461324],[27.084731,38.461331],[27.084713,38.461342],[27.084703,38.461348],[27.084682,38.461359],[27.084672,38.461364],[27.084616,38.461381],[27.084586,38.461396],[27.084581,38.461404],[27.08458,38.461413],[27.08458,38.461431],[27.084583,38.46144],[27.084586,38.461449],[27.084591,38.461457],[27.084596,38.461465],[27.084584,38.461481],[27.084577,38.461488],[27.084566,38.46149],[27.084553,38.461488],[27.084543,38.461485],[27.084533,38.46149],[27.084527,38.461498],[27.084519,38.461505],[27.084512,38.461512],[27.084508,38.461521],[27.084505,38.46153],[27.084508,38.461549],[27.084507,38.461557],[27.084505,38.461567],[27.0845,38.461576],[27.084478,38.461597],[27.08447,38.461603],[27.084431,38.461625],[27.08442,38.46163],[27.08441,38.461636],[27.0844,38.46164],[27.084373,38.461657],[27.084364,38.461664],[27.084357,38.461672],[27.084355,38.461681],[27.084354,38.46169],[27.084355,38.4617],[27.084354,38.46171],[27.084349,38.461719],[27.084336,38.461734],[27.084326,38.461739],[27.084311,38.461745],[27.084302,38.46175],[27.084279,38.461771],[27.084267,38.461786],[27.084242,38.461806],[27.084222,38.46183],[27.084214,38.461837],[27.0842,38.461852],[27.084192,38.461859],[27.084185,38.461865],[27.084175,38.46187],[27.084162,38.461885],[27.084137,38.461905],[27.084116,38.461928],[27.084108,38.461935],[27.084099,38.461941],[27.084091,38.461947],[27.084083,38.461954],[27.084077,38.461962],[27.084062,38.461978],[27.084054,38.461983],[27.084011,38.46203],[27.083988,38.462052],[27.083982,38.462059],[27.083976,38.462068],[27.083969,38.462075],[27.083952,38.462088],[27.083912,38.462123],[27.083904,38.462131],[27.083895,38.462138],[27.083865,38.462165],[27.08385,38.462179],[27.083792,38.462239],[27.083785,38.462247],[27.083762,38.462279],[27.083748,38.462294],[27.083709,38.46235],[27.083674,38.462399],[27.083639,38.462459],[27.083631,38.462466],[27.083575,38.462524],[27.083561,38.462549],[27.083556,38.462556],[27.083548,38.462564],[27.08354,38.46257],[27.083533,38.462577],[27.083484,38.462641],[27.083469,38.462655],[27.083457,38.462671],[27.083444,38.462696],[27.083432,38.462712],[27.083428,38.462719],[27.083412,38.462769],[27.0834,38.462795],[27.083395,38.462813],[27.083387,38.46283],[27.08338,38.462849],[27.083377,38.462858],[27.083376,38.462867],[27.083376,38.462877],[27.083374,38.462887],[27.083363,38.462913],[27.083364,38.46295],[27.08336,38.462958],[27.083358,38.462967],[27.083356,38.462986],[27.083354,38.462995],[27.083351,38.463005],[27.083346,38.463052],[27.083346,38.463063],[27.083339,38.46308],[27.083339,38.463099],[27.083339,38.463108],[27.083334,38.463145],[27.083332,38.463153],[27.083328,38.463163],[27.08332,38.463181],[27.083317,38.463189],[27.083319,38.463199],[27.083322,38.463208],[27.08332,38.463217],[27.083316,38.463226],[27.083315,38.463236],[27.08331,38.463254],[27.083298,38.463271],[27.083294,38.46328],[27.083289,38.463288],[27.083286,38.463317],[27.083282,38.463326],[27.083275,38.463334],[27.083272,38.463342],[27.083266,38.463361],[27.083259,38.463378],[27.083255,38.463387],[27.08324,38.463412],[27.083234,38.46342],[27.08323,38.463429],[27.083212,38.463454],[27.083208,38.463463],[27.083202,38.463471],[27.083199,38.463481],[27.083186,38.463507],[27.083183,38.463516],[27.083179,38.463525],[27.083171,38.463552],[27.083159,38.463579],[27.083154,38.463587],[27.083146,38.463605],[27.083144,38.463615],[27.083125,38.463662],[27.083121,38.463672],[27.083118,38.46369],[27.083115,38.4637],[27.083112,38.463709],[27.083108,38.463718],[27.083105,38.463727],[27.083101,38.463736],[27.083094,38.463756],[27.08309,38.463765],[27.083081,38.463784],[27.083077,38.463792],[27.083071,38.4638],[27.083064,38.463808],[27.083039,38.463841],[27.083032,38.463849],[27.083026,38.463857],[27.083019,38.463865],[27.083011,38.463873],[27.083006,38.463881],[27.083,38.463889],[27.082994,38.463898],[27.08299,38.463907],[27.08298,38.463924],[27.082961,38.463948],[27.082953,38.463954],[27.082938,38.463968],[27.08293,38.463974],[27.082912,38.463986],[27.082894,38.463998],[27.082883,38.464001],[27.082874,38.464005],[27.082864,38.464011],[27.082856,38.464018],[27.082846,38.464023],[27.082828,38.464035],[27.082803,38.464054],[27.082781,38.464076],[27.082749,38.464104],[27.082657,38.464191],[27.082636,38.464213],[27.082606,38.464255],[27.0826,38.464264],[27.082593,38.464272],[27.082585,38.464289],[27.082567,38.464324],[27.082564,38.464333],[27.082561,38.464341],[27.082558,38.46435],[27.082523,38.464399],[27.08252,38.464409],[27.082515,38.464417],[27.082501,38.464444],[27.082489,38.464461],[27.082483,38.464469],[27.082469,38.464494],[27.082442,38.464525],[27.082434,38.464532],[27.082418,38.464544],[27.082414,38.464552],[27.082409,38.46456],[27.082399,38.464564],[27.082382,38.464589],[27.082375,38.464595],[27.082359,38.464607],[27.082339,38.464642],[27.08233,38.464659],[27.082325,38.464667],[27.082271,38.46473],[27.082266,38.464738],[27.08224,38.464771],[27.082229,38.464789],[27.082171,38.464859],[27.082155,38.464873],[27.082136,38.464883],[27.082095,38.464917],[27.08208,38.464931],[27.082072,38.464939],[27.082056,38.464953],[27.082046,38.464956],[27.082035,38.464957],[27.082025,38.464962],[27.082015,38.464968],[27.081965,38.465008],[27.081926,38.46503],[27.081848,38.465089],[27.081839,38.465095],[27.081819,38.465105],[27.08181,38.465111],[27.0818,38.465116],[27.081789,38.465121],[27.081746,38.465136],[27.081723,38.465135],[27.081712,38.465139],[27.081692,38.465148],[27.081683,38.465154],[27.081675,38.465161],[27.081666,38.465167],[27.081621,38.465178],[27.081602,38.465188],[27.081591,38.465191],[27.08158,38.465195],[27.08157,38.4652],[27.081515,38.465216],[27.081503,38.465218],[27.081455,38.465219],[27.081446,38.465225],[27.081438,38.465232],[27.081416,38.465236],[27.081405,38.46524],[27.081398,38.465246],[27.081395,38.465255],[27.081399,38.465263],[27.081401,38.465272],[27.081387,38.465286],[27.081376,38.465288],[27.081366,38.465284],[27.081357,38.465277],[27.081349,38.465272],[27.081337,38.46527],[27.081325,38.465273],[27.081315,38.465277],[27.081306,38.465283],[27.081298,38.46529],[27.081289,38.465295],[27.081277,38.465296],[27.081266,38.465293],[27.081255,38.46529],[27.081219,38.465292],[27.08116,38.465303],[27.08103,38.465328],[27.081006,38.465328],[27.080959,38.465323],[27.080947,38.465324],[27.080936,38.465327],[27.080927,38.465331],[27.080894,38.465274],[27.08086,38.465266],[27.080827,38.46528],[27.080811,38.465306],[27.080849,38.465366],[27.080836,38.465368],[27.080828,38.465374],[27.080813,38.465389],[27.080805,38.465396],[27.080797,38.465402],[27.080789,38.46541],[27.080768,38.465421],[27.08076,38.465428],[27.080749,38.465432],[27.080738,38.465433],[27.080727,38.465438],[27.080721,38.465446],[27.080704,38.465455],[27.080694,38.46546],[27.080682,38.465462],[27.080672,38.465465],[27.080607,38.465488],[27.080583,38.465492],[27.080571,38.465496],[27.080551,38.465506],[27.080529,38.465513],[27.080518,38.465517],[27.080399,38.465576],[27.080389,38.465582],[27.080369,38.465591],[27.080352,38.465603],[27.080341,38.465609],[27.08033,38.465612],[27.080291,38.465632],[27.080264,38.46565],[27.08024,38.465669],[27.08023,38.465675],[27.080215,38.46569],[27.080219,38.465699],[27.080217,38.465707],[27.080212,38.465716],[27.080208,38.465725],[27.080202,38.465728],[27.080107,38.465728],[27.08005,38.465733],[27.080027,38.465738],[27.080016,38.465742],[27.079996,38.465752],[27.079988,38.465758],[27.079979,38.465764],[27.079951,38.465779],[27.079933,38.465792],[27.079839,38.465847],[27.079819,38.465858],[27.0798,38.465868],[27.079771,38.465883],[27.079763,38.465889],[27.079755,38.465896],[27.079738,38.465908],[27.079709,38.465937],[27.079702,38.465945],[27.079695,38.465953],[27.079682,38.465969],[27.079674,38.465982],[27.079664,38.465992],[27.079659,38.466],[27.079651,38.466008],[27.079643,38.466014],[27.07958,38.466046],[27.079565,38.466055],[27.079479,38.466118],[27.07947,38.466123],[27.079384,38.466189],[27.079365,38.466212],[27.079358,38.466221],[27.079336,38.466253],[27.07931,38.466281],[27.079305,38.466289],[27.079298,38.466297],[27.079288,38.466306],[27.079257,38.466334],[27.079251,38.466341],[27.079174,38.466413],[27.07916,38.466428],[27.079148,38.466445],[27.079143,38.466453],[27.079138,38.466461],[27.079137,38.466471],[27.079138,38.466489],[27.079141,38.466507],[27.079143,38.466516],[27.079151,38.466533],[27.079156,38.466541],[27.079162,38.466548],[27.079176,38.466563],[27.079206,38.466579],[27.079238,38.466591],[27.079248,38.466595],[27.07926,38.466597],[27.079297,38.466597],[27.07933,38.466589],[27.079362,38.466578],[27.079367,38.466566],[27.079429,38.46652],[27.079424,38.466517],[27.07957,38.466421],[27.079597,38.466399],[27.079608,38.466387],[27.079815,38.466213],[27.079907,38.466134],[27.080049,38.466017],[27.080217,38.465896],[27.080308,38.465831],[27.080382,38.465777],[27.080501,38.465713],[27.080485,38.465694],[27.080518,38.465678],[27.080534,38.465696],[27.080602,38.465662],[27.080588,38.465644],[27.080627,38.465628],[27.080639,38.465648],[27.080779,38.465615],[27.080775,38.465594],[27.080814,38.46559],[27.080818,38.465611],[27.080885,38.465603],[27.080945,38.465606],[27.08099,38.465619],[27.08105,38.46565],[27.081077,38.465683],[27.081081,38.465709],[27.081079,38.46574],[27.08106,38.465777],[27.081027,38.465821],[27.080961,38.465884],[27.080836,38.465975],[27.080776,38.466009],[27.080713,38.466042],[27.080563,38.466111],[27.080469,38.466167],[27.080351,38.466245],[27.080105,38.466418],[27.079897,38.466564],[27.079817,38.46662],[27.079633,38.466749],[27.079507,38.466835],[27.079415,38.466897],[27.079405,38.466922],[27.079355,38.466954],[27.079326,38.466964],[27.07912,38.467096],[27.079049,38.467132],[27.078923,38.467194],[27.078849,38.467229],[27.078764,38.467271],[27.078688,38.467315],[27.078632,38.467345],[27.078602,38.467359],[27.078616,38.467379],[27.078589,38.467362],[27.07858,38.467357],[27.078573,38.467361],[27.078579,38.467368],[27.078583,38.467376],[27.078585,38.467384],[27.078579,38.467392],[27.07856,38.467401],[27.078541,38.467411],[27.078532,38.467417],[27.078496,38.467413],[27.078463,38.467419],[27.078452,38.467423],[27.07844,38.467424],[27.078431,38.467428],[27.07843,38.467436],[27.078425,38.467444],[27.078415,38.467449],[27.078381,38.467454],[27.07837,38.467458],[27.07836,38.467463],[27.078348,38.467467],[27.078338,38.467472],[27.078321,38.467484],[27.078311,38.467489],[27.078299,38.46749],[27.078287,38.467489],[27.078275,38.467489],[27.078264,38.467492],[27.078244,38.467502],[27.078233,38.467505],[27.078218,38.467518],[27.078208,38.467523],[27.078197,38.467527],[27.078188,38.467533],[27.078179,38.467538],[27.078171,38.467545],[27.078118,38.467565],[27.078107,38.467568],[27.078095,38.467571],[27.078073,38.467577],[27.07797,38.467595],[27.077958,38.467598],[27.077947,38.4676],[27.077935,38.467601],[27.077874,38.467601],[27.077814,38.467599],[27.077768,38.46759],[27.077735,38.467579],[27.077725,38.467575],[27.077658,38.467551],[27.077647,38.467549],[27.077635,38.467547],[27.077623,38.467547],[27.077612,38.467545],[27.07758,38.467533],[27.07757,38.467528],[27.07756,38.467522],[27.077543,38.46751],[27.077534,38.467505],[27.077511,38.467483],[27.077504,38.467476],[27.077478,38.467457],[27.077466,38.467442],[27.077456,38.467436],[27.077447,38.46743],[27.077441,38.467423],[27.077437,38.467413],[27.077408,38.467385],[27.077402,38.467378],[27.077392,38.467361],[27.077384,38.467354],[27.077379,38.467346],[27.077375,38.467337],[27.077371,38.467328],[27.077365,38.467323],[27.077361,38.467315],[27.077339,38.467286],[27.07733,38.46728],[27.07732,38.467275],[27.077301,38.467262],[27.077293,38.467255],[27.077286,38.467246],[27.077277,38.467241],[27.077266,38.467236],[27.077189,38.467208],[27.077121,38.4672],[27.077099,38.467193],[27.077077,38.467188],[27.077053,38.467187],[27.077042,38.467188],[27.077031,38.46719],[27.077018,38.467191],[27.076924,38.467178],[27.076917,38.467176],[27.076913,38.467175],[27.07689,38.467178],[27.076842,38.46718],[27.07682,38.467174],[27.076809,38.467174],[27.076797,38.467176],[27.076772,38.467178],[27.076738,38.467184],[27.076713,38.467186],[27.0767,38.467185],[27.076689,38.467183],[27.076677,38.467184],[27.076656,38.467192],[27.076645,38.467195],[27.076513,38.46719],[27.076488,38.467195],[27.076441,38.467196],[27.076417,38.4672],[27.07632,38.467198],[27.076308,38.467199],[27.076295,38.467199],[27.076236,38.467205],[27.076151,38.467202],[27.076128,38.467207],[27.076116,38.467206],[27.076082,38.467198],[27.076072,38.467193],[27.076061,38.467189],[27.076015,38.46718],[27.075979,38.46718],[27.075956,38.467177],[27.075886,38.467163],[27.075864,38.467155],[27.075825,38.467133],[27.075788,38.46711],[27.075763,38.467092],[27.075741,38.467083],[27.075731,38.467079],[27.075705,38.467068],[27.075683,38.467072],[27.075675,38.467079],[27.075667,38.467096],[27.075651,38.46713],[27.075651,38.467149],[27.075654,38.467175],[27.075649,38.467193],[27.075644,38.467201],[27.075634,38.467205],[27.075622,38.467205],[27.075576,38.467214],[27.075553,38.467215],[27.075542,38.467211],[27.075529,38.467197],[27.075522,38.46719],[27.075515,38.467183],[27.075499,38.467171],[27.075493,38.467162],[27.075485,38.467157],[27.075473,38.467156],[27.075462,38.467161],[27.075456,38.467167],[27.075453,38.467176],[27.075452,38.467185],[27.075436,38.467187],[27.075422,38.467173],[27.075412,38.467168],[27.075405,38.467162],[27.075406,38.467152],[27.075405,38.467144],[27.075393,38.46714],[27.075384,38.467136],[27.075378,38.467129],[27.07537,38.467127],[27.075364,38.467133],[27.075367,38.467141],[27.075359,38.467147],[27.075348,38.467152],[27.075337,38.467154],[27.075325,38.467155],[27.075279,38.467144],[27.075267,38.467143],[27.075256,38.467141],[27.075246,38.467136],[27.075234,38.467137],[27.075222,38.467136],[27.075211,38.467138],[27.0752,38.467143],[27.075192,38.467147],[27.07518,38.46715],[27.075172,38.467156],[27.075161,38.467161],[27.07515,38.467161],[27.075138,38.46716],[27.075107,38.467171],[27.075096,38.46717],[27.075086,38.467166],[27.075075,38.467166],[27.075064,38.467169],[27.075053,38.467171],[27.075041,38.467169],[27.075027,38.467155],[27.075015,38.467152],[27.074993,38.467158],[27.074971,38.467157],[27.07495,38.467163],[27.074939,38.467162],[27.074899,38.467147],[27.074888,38.467149],[27.074876,38.467149],[27.074865,38.467147],[27.074855,38.467143],[27.074837,38.467132],[27.074813,38.467132],[27.074753,38.467126],[27.074741,38.467133],[27.074725,38.467134],[27.074706,38.467132],[27.074689,38.467127],[27.074675,38.467126],[27.074653,38.467117],[27.074571,38.467132],[27.074543,38.46713],[27.074513,38.467142],[27.074497,38.467144],[27.074479,38.467142],[27.074448,38.46713],[27.074427,38.467128],[27.074375,38.467131],[27.074359,38.467146],[27.074347,38.467147],[27.07425,38.467129],[27.074132,38.467121],[27.074076,38.467126],[27.073936,38.467106],[27.073915,38.4671],[27.073867,38.467096],[27.073842,38.467099],[27.073823,38.467108],[27.073816,38.467115],[27.073817,38.467126],[27.073833,38.467149],[27.073834,38.467162],[27.073822,38.467163],[27.0738,38.46716],[27.07379,38.46716],[27.073781,38.467166],[27.073776,38.467174],[27.073773,38.467183],[27.073766,38.467189],[27.073757,38.467195],[27.073749,38.467202],[27.073743,38.46721],[27.073734,38.467215],[27.073721,38.467217],[27.07371,38.467214],[27.073701,38.467209],[27.073693,38.467203],[27.07369,38.467194],[27.073692,38.467184],[27.073696,38.467175],[27.073702,38.467167],[27.073707,38.467159],[27.073711,38.467141],[27.073709,38.467131],[27.073706,38.467122],[27.073691,38.467097],[27.073675,38.467083],[27.073665,38.467077],[27.073655,38.467072],[27.073634,38.467064],[27.073622,38.467063],[27.07361,38.467064],[27.073577,38.467076],[27.073566,38.467078],[27.07335,38.467077],[27.073339,38.467075],[27.07329,38.467077],[27.073279,38.467076],[27.073268,38.467073],[27.073246,38.467063],[27.073236,38.46706],[27.073224,38.46706],[27.073201,38.467066],[27.073189,38.467066],[27.073178,38.467064],[27.073167,38.467065],[27.073148,38.467076],[27.073137,38.46708],[27.073127,38.467086],[27.073118,38.467091],[27.073107,38.467094],[27.073084,38.467098],[27.073003,38.467091],[27.072992,38.467087],[27.072984,38.467082],[27.072977,38.467075],[27.07297,38.467068],[27.07296,38.467061],[27.072947,38.467057],[27.072937,38.467053],[27.072849,38.467034],[27.072838,38.46703],[27.072828,38.467024],[27.072819,38.467016],[27.072813,38.467007],[27.072805,38.466999],[27.072786,38.466975],[27.072778,38.466967],[27.072773,38.46696],[27.072754,38.466949],[27.072733,38.466939],[27.072711,38.466932],[27.072665,38.466923],[27.07258,38.466922],[27.072545,38.466918],[27.07241,38.466924],[27.072352,38.466935],[27.072342,38.46694],[27.072331,38.466946],[27.072321,38.46695],[27.072302,38.466961],[27.072294,38.466967],[27.072286,38.466974],[27.07228,38.466982],[27.072277,38.46699],[27.072274,38.466999],[27.072277,38.467009],[27.072278,38.467018],[27.07228,38.467027],[27.072281,38.467047],[27.07228,38.467056],[27.07227,38.467058],[27.072261,38.467053],[27.072254,38.467045],[27.072247,38.467039],[27.072235,38.467022],[27.072229,38.467014],[27.072222,38.467006],[27.072212,38.466999],[27.072201,38.466996],[27.072189,38.466996],[27.072154,38.467002],[27.072143,38.467006],[27.072134,38.467011],[27.072124,38.467017],[27.072115,38.467022],[27.072104,38.467026],[27.072081,38.467027],[27.072068,38.46703],[27.072057,38.467033],[27.07201,38.467039],[27.071906,38.467071],[27.071894,38.467072],[27.071844,38.467074],[27.071687,38.467059],[27.07159,38.467076],[27.071582,38.467077],[27.071571,38.467081],[27.071548,38.467087],[27.071537,38.467091],[27.071526,38.467093],[27.071516,38.467097],[27.071507,38.467103],[27.0715,38.467111],[27.07149,38.467128],[27.071488,38.467137],[27.071485,38.467165],[27.071474,38.467202],[27.07147,38.46721],[27.071458,38.467212],[27.071447,38.467209],[27.071436,38.467206],[27.071415,38.467198],[27.071402,38.467195],[27.071391,38.467194],[27.071368,38.467203],[27.071359,38.467208],[27.071352,38.467216],[27.071346,38.467224],[27.071339,38.467243],[27.071338,38.467252],[27.071335,38.467261],[27.071334,38.46727],[27.071327,38.467278],[27.071321,38.467285],[27.07131,38.46729],[27.071298,38.467291],[27.071287,38.467289],[27.071276,38.467286],[27.071267,38.46728],[27.071264,38.467271],[27.071265,38.467262],[27.071272,38.467233],[27.071274,38.467214],[27.071274,38.467205],[27.07127,38.467196],[27.071264,38.467188],[27.071249,38.467173],[27.071231,38.467161],[27.07122,38.467156],[27.071187,38.467148],[27.071176,38.467143],[27.071159,38.467131],[27.071143,38.467116],[27.071131,38.4671],[27.071126,38.467092],[27.071123,38.467084],[27.07112,38.467074],[27.071101,38.46702],[27.0711,38.467011],[27.071104,38.467002],[27.071106,38.466994],[27.071105,38.466985],[27.0711,38.466976],[27.071098,38.466975],[27.071092,38.46697],[27.071081,38.466965],[27.07107,38.466965],[27.071066,38.466966],[27.071059,38.466967],[27.071039,38.466976],[27.071022,38.466989],[27.071015,38.466997],[27.07101,38.467005],[27.071007,38.467013],[27.071005,38.467023],[27.071003,38.467032],[27.071003,38.467042],[27.070997,38.46708],[27.070989,38.467086],[27.070981,38.467081],[27.070976,38.467072],[27.070976,38.467062],[27.07097,38.467054],[27.070954,38.467041],[27.070947,38.467032],[27.070945,38.467023],[27.070946,38.467013],[27.070948,38.467004],[27.070961,38.466976],[27.070962,38.466967],[27.070958,38.466958],[27.070952,38.46695],[27.070943,38.466945],[27.070932,38.466943],[27.070921,38.466944],[27.070911,38.46695],[27.070904,38.466957],[27.070893,38.466973],[27.070879,38.467],[27.070871,38.467008],[27.070862,38.467012],[27.070858,38.46702],[27.070863,38.467028],[27.070864,38.467037],[27.070861,38.467047],[27.070857,38.467055],[27.070851,38.467063],[27.070845,38.46707],[27.070826,38.467082],[27.070816,38.467086],[27.070787,38.4671],[27.07078,38.467107],[27.070778,38.467116],[27.07078,38.467125],[27.07078,38.467136],[27.070779,38.467145],[27.070775,38.467153],[27.07077,38.467162],[27.070762,38.467168],[27.070752,38.467173],[27.070707,38.467187],[27.070661,38.467215],[27.070612,38.467213],[27.070575,38.467215],[27.070471,38.467236],[27.070386,38.46723],[27.070306,38.467213],[27.070262,38.467196],[27.070239,38.46719],[27.070216,38.467189],[27.070192,38.467192],[27.070157,38.467189],[27.070121,38.46719],[27.070109,38.467189],[27.070017,38.467172],[27.069996,38.467162],[27.069977,38.46715],[27.069937,38.467131],[27.069929,38.467125],[27.069921,38.467118],[27.069916,38.46711],[27.069914,38.467101],[27.069914,38.467083],[27.069915,38.467064],[27.069914,38.467046],[27.069916,38.467028],[27.069921,38.46702],[27.069928,38.467013],[27.069936,38.467006],[27.069939,38.466997],[27.06994,38.466988],[27.069938,38.466978],[27.069931,38.466951],[27.069929,38.466933],[27.06993,38.466913],[27.069926,38.466885],[27.069926,38.466875],[27.06993,38.466848],[27.069932,38.466838],[27.069932,38.466829],[27.069931,38.466819],[27.069929,38.466812],[27.069918,38.466792],[27.069916,38.466783],[27.06992,38.466765],[27.069919,38.466756],[27.069913,38.466749],[27.069875,38.466723],[27.069856,38.466707],[27.069826,38.466683],[27.069804,38.46666],[27.06979,38.466645],[27.069774,38.466631],[27.069755,38.466618],[27.069749,38.46661],[27.069746,38.466602],[27.069746,38.466592],[27.069744,38.466583],[27.06974,38.466575],[27.069722,38.466552],[27.069717,38.466544],[27.069711,38.466528],[27.069705,38.466509],[27.069703,38.466491],[27.069704,38.466477],[27.069706,38.466463],[27.069706,38.466453],[27.069705,38.466434],[27.069707,38.466425],[27.069713,38.466417],[27.069737,38.466397],[27.069744,38.46639],[27.069749,38.466382],[27.069754,38.466364],[27.069757,38.466355],[27.069776,38.466321],[27.069783,38.466303],[27.069785,38.466293],[27.069786,38.466275],[27.069788,38.466266],[27.069786,38.466231],[27.069786,38.466223],[27.069783,38.46621],[27.069778,38.466192],[27.069774,38.466183],[27.06976,38.466167],[27.069751,38.466161],[27.069741,38.466156],[27.06973,38.466156],[27.069719,38.466159],[27.069717,38.466163],[27.069715,38.466167],[27.069718,38.466186],[27.069716,38.466195],[27.069709,38.466202],[27.069699,38.466207],[27.069687,38.466207],[27.069677,38.466202],[27.069672,38.466194],[27.06967,38.466185],[27.069674,38.466176],[27.069679,38.466169],[27.0697,38.466145],[27.069701,38.466143],[27.069711,38.466126],[27.069715,38.466119],[27.069717,38.46611],[27.069713,38.466101],[27.0697,38.466086],[27.069692,38.466079],[27.069686,38.466071],[27.069671,38.466057],[27.069664,38.466051],[27.069643,38.466037],[27.0696,38.466014],[27.069574,38.466001],[27.069563,38.465997],[27.069553,38.465994],[27.069542,38.465991],[27.069373,38.465981],[27.069337,38.465986],[27.069324,38.465986],[27.069311,38.465983],[27.069303,38.465977],[27.069301,38.465969],[27.069302,38.465959],[27.069302,38.465951],[27.069296,38.465943],[27.069256,38.465924],[27.069248,38.465918],[27.069237,38.465902],[27.069232,38.465894],[27.069225,38.465876],[27.069221,38.465867],[27.069212,38.46585],[27.069208,38.465842],[27.069201,38.465825],[27.069181,38.465792],[27.069177,38.465783],[27.069174,38.465773],[27.069174,38.465763],[27.069174,38.465748],[27.069173,38.465724],[27.069171,38.465715],[27.069164,38.465696],[27.069155,38.465679],[27.06915,38.46567],[27.069143,38.465653],[27.069142,38.465643],[27.069144,38.465634],[27.069149,38.465625],[27.069154,38.465616],[27.06916,38.465608],[27.069166,38.465599],[27.069172,38.465582],[27.069174,38.465542],[27.06918,38.465535],[27.0692,38.465526],[27.069208,38.465519],[27.069215,38.465512],[27.069219,38.465504],[27.069221,38.465494],[27.069219,38.465485],[27.069213,38.465477],[27.069211,38.465469],[27.069213,38.465465],[27.069215,38.46546],[27.06922,38.465451],[27.069223,38.465443],[27.069222,38.465433],[27.069212,38.465396],[27.069211,38.465387],[27.069207,38.465378],[27.069192,38.465353],[27.069186,38.465346],[27.069181,38.465338],[27.069175,38.465321],[27.069173,38.465301],[27.069173,38.465292],[27.069174,38.465282],[27.069181,38.465265],[27.069182,38.465255],[27.069181,38.465246],[27.069178,38.465236],[27.069177,38.465228],[27.069181,38.465219],[27.06919,38.465202],[27.069193,38.465193],[27.069197,38.465185],[27.069199,38.465174],[27.069198,38.465165],[27.069195,38.465156],[27.06919,38.465148],[27.069184,38.46514],[27.069179,38.465131],[27.069176,38.465122],[27.069175,38.465114],[27.069173,38.465104],[27.06917,38.465094],[27.069167,38.465086],[27.069149,38.465022],[27.069152,38.464975],[27.069151,38.464957],[27.069149,38.464948],[27.069141,38.46493],[27.069136,38.464921],[27.069104,38.464867],[27.069101,38.464859],[27.069106,38.464832],[27.069102,38.464824],[27.069091,38.464806],[27.069083,38.464798],[27.069073,38.464793],[27.069062,38.464789],[27.069052,38.464785],[27.069029,38.464775],[27.069012,38.464763],[27.068985,38.464732],[27.068981,38.464724],[27.068972,38.464697],[27.068968,38.464689],[27.068962,38.464681],[27.068945,38.464667],[27.068934,38.464662],[27.068901,38.464652],[27.068891,38.464647],[27.068883,38.464641],[27.068868,38.464627],[27.068845,38.46461],[27.068811,38.464593],[27.0688,38.464589],[27.068751,38.464582],[27.068729,38.464575],[27.068683,38.46456],[27.068653,38.464547],[27.068451,38.464442],[27.068065,38.46427],[27.06797,38.464229],[27.066446,38.465751],[27.065661,38.467323],[27.065485,38.46785],[27.065251,38.468251],[27.064895,38.469517],[27.064855,38.470743],[27.064855,38.471889],[27.064855,38.472403],[27.064232,38.473036],[27.062997,38.47355],[27.062403,38.474183],[27.062403,38.474618],[27.062799,38.474974],[27.064317,38.475509],[27.065448,38.475685],[27.065779,38.476087],[27.066002,38.476437],[27.068019,38.477623],[27.071419,38.480154],[27.073831,38.482091],[27.075888,38.484029],[27.077627,38.48656],[27.079275,38.486018],[27.080633,38.485571],[27.080993,38.485986],[27.081201,38.486312],[27.081854,38.48655],[27.082595,38.486609],[27.083425,38.486757],[27.084523,38.487084],[27.085175,38.487677],[27.087132,38.489545],[27.087399,38.48999],[27.087607,38.490287],[27.086984,38.491236],[27.087785,38.491977],[27.088853,38.492896],[27.089861,38.493934],[27.090276,38.494794],[27.090988,38.495565],[27.091818,38.496188],[27.092322,38.496603],[27.092026,38.497108],[27.092233,38.497671],[27.092179,38.498211],[27.09561,38.501987],[27.099626,38.505305],[27.101198,38.507663],[27.101635,38.511242],[27.10146,38.515172],[27.102944,38.51849],[27.103818,38.520323],[27.107048,38.523292],[27.109406,38.52434],[27.112113,38.526173],[27.11447,38.528618],[27.115692,38.530539],[27.115605,38.533246],[27.115256,38.534032],[27.114907,38.536389],[27.112898,38.537786],[27.109842,38.540406],[27.10635,38.543811],[27.102246,38.54678],[27.100063,38.549399],[27.099011,38.551429],[27.099697,38.551384],[27.104468,38.552251],[27.109745,38.55348],[27.113938,38.553842],[27.118275,38.553986],[27.122829,38.553408],[27.126661,38.552541],[27.130637,38.552685],[27.134251,38.552613],[27.139528,38.55189],[27.143793,38.552107],[27.153625,38.551745],[27.157456,38.552396],[27.161793,38.551384],[27.164251,38.550227],[27.166854,38.54842],[27.169095,38.54589],[27.17054,38.543432],[27.171769,38.542131],[27.174661,38.541408],[27.176107,38.540902],[27.178203,38.539456],[27.182757,38.538083],[27.18442,38.536926],[27.186733,38.534613],[27.187427,38.533719]]]}},{"type":"Feature","properties":{"id":"TR-D-35-018","parent_id":"TR-P-35","region_id":"TR-R-EGE","level":"district","municipality_type":null,"municipality_type_label":null,"is_metropolitan_municipality":null,"name":"Kemalpaşa","name_ascii":"kemalpasa","slug":"kemalpasa-izmir"},"geometry":{"type":"Polygon","coordinates":[[[27.416441,38.549533],[27.416741,38.549234],[27.421186,38.547055],[27.423104,38.546706],[27.426677,38.546793],[27.429903,38.544004],[27.431559,38.539646],[27.432866,38.538513],[27.435743,38.538077],[27.438619,38.538513],[27.441321,38.539384],[27.445941,38.54104],[27.448295,38.542609],[27.450735,38.542609],[27.455181,38.540779],[27.458319,38.538774],[27.463897,38.536682],[27.467733,38.533893],[27.470086,38.530319],[27.471307,38.526658],[27.47244,38.52474],[27.47305,38.523258],[27.475839,38.52012],[27.47889,38.515065],[27.479675,38.511927],[27.481505,38.50783],[27.481679,38.504779],[27.48229,38.500595],[27.484294,38.497893],[27.487432,38.49676],[27.493621,38.495191],[27.49641,38.493971],[27.499025,38.491617],[27.50164,38.489176],[27.503732,38.487607],[27.507742,38.484469],[27.510706,38.4829],[27.515413,38.481419],[27.519074,38.480198],[27.52317,38.479327],[27.527616,38.478629],[27.527913,38.478653],[27.529795,38.478804],[27.533195,38.476973],[27.533702,38.476522],[27.536333,38.474184],[27.539122,38.47183],[27.54287,38.470697],[27.545659,38.469041],[27.552371,38.465554],[27.556381,38.462591],[27.558473,38.460935],[27.559183,38.460331],[27.55968,38.459989],[27.560316,38.460044],[27.560814,38.460075],[27.561314,38.460097],[27.561814,38.460108],[27.562314,38.460109],[27.562813,38.4601],[27.563313,38.460081],[27.563813,38.460053],[27.564814,38.45997],[27.566814,38.459774],[27.567314,38.459738],[27.567812,38.459716],[27.568305,38.459713],[27.568796,38.459729],[27.569282,38.459766],[27.569761,38.459826],[27.570238,38.459913],[27.570704,38.460027],[27.571155,38.460167],[27.571589,38.460336],[27.57203,38.460551],[27.572447,38.460798],[27.57284,38.461071],[27.573206,38.461368],[27.573545,38.46169],[27.573862,38.46203],[27.574162,38.462383],[27.57445,38.462746],[27.574999,38.46349],[27.575523,38.464248],[27.576025,38.465016],[27.576497,38.465793],[27.576716,38.466185],[27.577279,38.467267],[27.577477,38.467618],[27.577695,38.467957],[27.577919,38.468256],[27.578167,38.468539],[27.578437,38.468804],[27.578732,38.469048],[27.579054,38.469266],[27.579445,38.469472],[27.579867,38.469644],[27.580311,38.469785],[27.580775,38.469895],[27.581242,38.469974],[27.58172,38.470029],[27.582206,38.470062],[27.582696,38.470078],[27.583208,38.470078],[27.584739,38.470047],[27.585243,38.470052],[27.58574,38.470078],[27.586228,38.470135],[27.586742,38.470241],[27.587246,38.470384],[27.587742,38.470555],[27.588232,38.470746],[27.588718,38.470952],[27.58968,38.471392],[27.590631,38.471855],[27.591102,38.472093],[27.592027,38.472584],[27.592476,38.47284],[27.592912,38.473106],[27.59333,38.473385],[27.593722,38.473684],[27.594064,38.473987],[27.594383,38.474307],[27.594686,38.474639],[27.594977,38.47498],[27.596104,38.476378],[27.596634,38.477011],[27.596697,38.477087],[27.597648,38.478149],[27.598955,38.479545],[27.60169,38.482407],[27.601933,38.482661],[27.603204,38.483977],[27.606066,38.483772],[27.608154,38.484575],[27.608332,38.484644],[27.608542,38.484609],[27.610558,38.484273],[27.61079,38.484234],[27.610947,38.484208],[27.6133,38.483859],[27.616177,38.483598],[27.620971,38.481332],[27.626027,38.479937],[27.629949,38.477932],[27.635179,38.476625],[27.643721,38.474881],[27.651566,38.473661],[27.654181,38.471918],[27.656709,38.471743],[27.658975,38.471395],[27.660632,38.471395],[27.662985,38.47061],[27.664903,38.46939],[27.666908,38.467472],[27.669261,38.46477],[27.67083,38.462678],[27.673619,38.460412],[27.677803,38.457535],[27.680418,38.45553],[27.684951,38.453177],[27.687566,38.452392],[27.690442,38.451782],[27.693406,38.449516],[27.695062,38.447947],[27.696718,38.446727],[27.6982,38.446465],[27.699246,38.444722],[27.699595,38.442717],[27.699333,38.440625],[27.699333,38.437923],[27.699944,38.436702],[27.70099,38.435046],[27.701861,38.43339],[27.702646,38.432083],[27.704128,38.430601],[27.705348,38.429642],[27.707091,38.427811],[27.707963,38.426591],[27.708747,38.424848],[27.709619,38.42232],[27.710578,38.420489],[27.710403,38.419356],[27.70988,38.417962],[27.709009,38.416567],[27.708224,38.415608],[27.707527,38.414214],[27.706568,38.412732],[27.706307,38.410814],[27.706307,38.409071],[27.707353,38.40663],[27.707788,38.405758],[27.708311,38.403928],[27.709096,38.40262],[27.710055,38.401313],[27.710665,38.400354],[27.711014,38.398436],[27.712321,38.396955],[27.713803,38.394601],[27.714762,38.392335],[27.715721,38.390156],[27.716331,38.388325],[27.716679,38.385536],[27.716505,38.382747],[27.715808,38.380306],[27.7145,38.377517],[27.712583,38.372897],[27.708907,38.365023],[27.705769,38.36142],[27.704258,38.358979],[27.70298,38.355725],[27.70112,38.351309],[27.701222,38.350651],[27.697817,38.348418],[27.696009,38.347041],[27.695235,38.344889],[27.695235,38.342393],[27.694976,38.340757],[27.694288,38.339294],[27.691964,38.338089],[27.689898,38.337228],[27.687143,38.336884],[27.682495,38.336798],[27.677416,38.336539],[27.671563,38.336453],[27.666828,38.336453],[27.657446,38.336884],[27.652969,38.337486],[27.648751,38.338347],[27.644964,38.33938],[27.643501,38.339552],[27.641435,38.33895],[27.63868,38.336712],[27.63627,38.33456],[27.634462,38.332752],[27.631449,38.330428],[27.628178,38.328792],[27.623186,38.326296],[27.621034,38.324402],[27.617935,38.321734],[27.616299,38.320529],[27.613028,38.318979],[27.610102,38.317516],[27.604334,38.315019],[27.596071,38.312867],[27.58729,38.310285],[27.584105,38.309596],[27.576961,38.308563],[27.570333,38.308305],[27.566717,38.30908],[27.56336,38.310888],[27.561725,38.311921],[27.557162,38.312523],[27.552084,38.312523],[27.547091,38.312523],[27.543476,38.312523],[27.537708,38.312781],[27.533146,38.313126],[27.528498,38.313642],[27.523591,38.314589],[27.519804,38.315278],[27.515414,38.316741],[27.511196,38.317085],[27.509044,38.316827],[27.507064,38.315536],[27.506031,38.314159],[27.504826,38.309855],[27.501813,38.305809],[27.500608,38.303743],[27.499919,38.301247],[27.499403,38.29832],[27.498198,38.296512],[27.496648,38.294532],[27.495099,38.29195],[27.493205,38.289712],[27.492,38.287732],[27.489265,38.288146],[27.487208,38.289226],[27.485305,38.290306],[27.483248,38.291335],[27.480111,38.292415],[27.477539,38.293186],[27.471985,38.293752],[27.468591,38.294215],[27.46679,38.295243],[27.465145,38.296426],[27.463448,38.297146],[27.461082,38.297815],[27.458973,38.297815],[27.456247,38.297815],[27.454242,38.298638],[27.452441,38.2991],[27.450641,38.2991],[27.448121,38.299923],[27.44519,38.301775],[27.441641,38.302855],[27.438915,38.303472],[27.435007,38.304809],[27.431047,38.306609],[27.426058,38.307998],[27.423023,38.308975],[27.420041,38.310312],[27.414692,38.312524],[27.408623,38.315352],[27.405126,38.317101],[27.402709,38.318027],[27.4006,38.320444],[27.398954,38.322655],[27.396383,38.323684],[27.395148,38.324713],[27.393965,38.326358],[27.392165,38.32821],[27.390314,38.329136],[27.388411,38.329599],[27.384502,38.329496],[27.381674,38.329136],[27.378022,38.327541],[27.374834,38.325998],[27.372313,38.324867],[27.370411,38.323993],[27.368713,38.32389],[27.365936,38.324147],[27.363293,38.324402],[27.3615,38.327257],[27.360836,38.329183],[27.360438,38.330312],[27.360305,38.331175],[27.359774,38.332371],[27.35911,38.333035],[27.35725,38.334097],[27.355657,38.334761],[27.354793,38.335425],[27.3532,38.336687],[27.352004,38.337949],[27.350211,38.339343],[27.348219,38.339875],[27.34895,38.344191],[27.350211,38.346515],[27.349813,38.349371],[27.345164,38.355215],[27.343438,38.357406],[27.342176,38.359797],[27.340782,38.362121],[27.338856,38.364246],[27.337528,38.364312],[27.334008,38.366637],[27.33102,38.36843],[27.327567,38.369426],[27.325309,38.369957],[27.32325,38.371019],[27.320727,38.37268],[27.317805,38.373543],[27.314684,38.373277],[27.312094,38.372547],[27.308773,38.372215],[27.305785,38.372945],[27.303062,38.373676],[27.298414,38.374406],[27.296023,38.374937],[27.293433,38.375867],[27.290445,38.376598],[27.287855,38.377793],[27.285332,38.378656],[27.281015,38.379852],[27.277429,38.380516],[27.273378,38.380449],[27.26946,38.380516],[27.267136,38.38025],[27.260097,38.378855],[27.2593,38.378723],[27.257441,38.380184],[27.257574,38.381445],[27.257773,38.38284],[27.258769,38.384234],[27.26189,38.387289],[27.263417,38.388418],[27.265011,38.390012],[27.268199,38.393465],[27.275836,38.39984],[27.280484,38.403891],[27.283605,38.405485],[27.286394,38.405551],[27.290246,38.406082],[27.2935,38.407344],[27.297617,38.409203],[27.300406,38.411395],[27.302664,38.415778],[27.303992,38.419829],[27.306184,38.424743],[27.309305,38.43052],[27.3105,38.432645],[27.312691,38.436032],[27.315281,38.436563],[27.317606,38.436497],[27.319731,38.435567],[27.321723,38.434504],[27.323184,38.432645],[27.324246,38.430919],[27.324379,38.428793],[27.324512,38.426536],[27.324313,38.424942],[27.324313,38.423215],[27.325309,38.421157],[27.327434,38.420825],[27.331551,38.419629],[27.334074,38.418567],[27.335735,38.416973],[27.338125,38.415844],[27.339918,38.415711],[27.341778,38.417704],[27.343571,38.419696],[27.345961,38.422485],[27.347377,38.423679],[27.346957,38.424875],[27.34616,38.4272],[27.344367,38.430254],[27.342242,38.433442],[27.341313,38.436497],[27.340649,38.438887],[27.340383,38.441344],[27.340317,38.444665],[27.339985,38.447587],[27.33952,38.450243],[27.335336,38.452169],[27.331551,38.452766],[27.328828,38.453032],[27.32677,38.453298],[27.323316,38.454095],[27.32159,38.455423],[27.319863,38.457083],[27.318402,38.459141],[27.317273,38.461532],[27.315613,38.463192],[27.314617,38.464919],[27.313754,38.467907],[27.313754,38.470231],[27.313887,38.47302],[27.314285,38.475677],[27.31548,38.478931],[27.317074,38.481587],[27.319199,38.484575],[27.32252,38.488028],[27.328098,38.49095],[27.333344,38.493009],[27.336797,38.495001],[27.341778,38.49945],[27.342375,38.503302],[27.341114,38.510408],[27.339055,38.515322],[27.338524,38.518775],[27.338457,38.523423],[27.33786,38.52681],[27.336531,38.528205],[27.336133,38.530064],[27.336864,38.534181],[27.337563,38.53764],[27.337625,38.537617],[27.342388,38.535898],[27.348751,38.53398],[27.35154,38.534416],[27.355288,38.535375],[27.358862,38.536595],[27.362523,38.538077],[27.364354,38.538338],[27.368276,38.538338],[27.37185,38.538338],[27.374203,38.53921],[27.376644,38.540517],[27.378562,38.543132],[27.378736,38.545834],[27.379433,38.547491],[27.380741,38.550106],[27.382833,38.552372],[27.384925,38.554638],[27.387889,38.556382],[27.390678,38.557776],[27.393641,38.558822],[27.39739,38.559694],[27.400266,38.559607],[27.402794,38.559345],[27.40567,38.558386],[27.410029,38.555859],[27.413167,38.553505],[27.41552,38.550454],[27.416441,38.549533]]]}},{"type":"Feature","properties":{"id":"TR-D-35-019","parent_id":"TR-P-35","region_id":"TR-R-EGE","level":"district","municipality_type":null,"municipality_type_label":null,"is_metropolitan_municipality":null,"name":"Kınık","name_ascii":"kinik","slug":"kinik-izmir"},"geometry":{"type":"Polygon","coordinates":[[[27.346168,38.933944],[27.345845,38.935917],[27.34531,38.937053],[27.343773,38.938456],[27.342653,38.939475],[27.342302,38.939793],[27.341045,38.940501],[27.337557,38.942466],[27.332411,38.945607],[27.328401,38.948815],[27.324525,38.950553],[27.320515,38.951957],[27.316037,38.953427],[27.312428,38.954028],[27.308218,38.954296],[27.304342,38.954563],[27.301668,38.955365],[27.299931,38.956969],[27.298661,38.95864],[27.296121,38.961514],[27.293648,38.963853],[27.290641,38.966727],[27.287968,38.9696],[27.285829,38.970736],[27.284492,38.971672],[27.282959,38.973677],[27.282755,38.973944],[27.282276,38.975003],[27.281485,38.976751],[27.278678,38.981229],[27.276205,38.984304],[27.274467,38.985373],[27.270858,38.987311],[27.266247,38.988848],[27.264309,38.989784],[27.259363,38.991722],[27.254952,38.993727],[27.249539,38.9964],[27.246777,38.999878],[27.24593,39.000945],[27.243056,39.004286],[27.242517,39.005222],[27.240516,39.008697],[27.238712,39.012173],[27.23644,39.015715],[27.234368,39.017519],[27.233499,39.018856],[27.232095,39.021596],[27.231962,39.024403],[27.23116,39.028814],[27.230358,39.030752],[27.230091,39.035297],[27.230045,39.036395],[27.230024,39.036901],[27.229849,39.037314],[27.229289,39.038638],[27.227417,39.043517],[27.226925,39.045486],[27.226816,39.045923],[27.226678,39.046413],[27.22588,39.049265],[27.225947,39.052406],[27.227284,39.054946],[27.229422,39.056616],[27.230625,39.05802],[27.231287,39.058892],[27.232095,39.059958],[27.233583,39.060609],[27.234234,39.060894],[27.238712,39.063032],[27.240295,39.063454],[27.240717,39.063567],[27.241753,39.063935],[27.242789,39.064302],[27.246465,39.068379],[27.248269,39.073659],[27.249472,39.075463],[27.250408,39.07807],[27.252747,39.084419],[27.254017,39.088295],[27.254618,39.09157],[27.25415,39.093241],[27.253968,39.094223],[27.252997,39.096913],[27.252881,39.097834],[27.252765,39.098755],[27.253199,39.098867],[27.254278,39.099175],[27.255883,39.099671],[27.258159,39.100399],[27.259616,39.100865],[27.260011,39.100996],[27.261206,39.101391],[27.261978,39.101665],[27.262252,39.101761],[27.262766,39.101958],[27.262975,39.102044],[27.263273,39.102166],[27.263542,39.102287],[27.263761,39.102385],[27.263991,39.102496],[27.264241,39.102616],[27.265185,39.103099],[27.266082,39.103582],[27.266116,39.1036],[27.266258,39.103678],[27.267042,39.104109],[27.277202,39.109742],[27.281415,39.112069],[27.286069,39.114639],[27.288699,39.114318],[27.29108,39.114302],[27.293891,39.114275],[27.3118,39.114018],[27.313909,39.114003],[27.316292,39.118018],[27.317775,39.121778],[27.319713,39.12786],[27.32125,39.131669],[27.322268,39.134274],[27.322515,39.134907],[27.324071,39.138415],[27.325289,39.139619],[27.330896,39.141674],[27.352264,39.149558],[27.353838,39.150115],[27.354899,39.150462],[27.354969,39.150483],[27.355437,39.150624],[27.35616,39.150827],[27.356521,39.150929],[27.357465,39.151177],[27.358161,39.15136],[27.363553,39.152732],[27.370784,39.154571],[27.390537,39.159609],[27.390777,39.159667],[27.391638,39.159878],[27.392744,39.160132],[27.393854,39.160357],[27.394968,39.160554],[27.397207,39.160909],[27.41741,39.16398],[27.428631,39.1657],[27.429754,39.165868],[27.430488,39.165971],[27.430879,39.166027],[27.431319,39.166081],[27.432006,39.166165],[27.432541,39.166219],[27.432571,39.166222],[27.432591,39.166224],[27.433071,39.166263],[27.433571,39.166295],[27.434575,39.166339],[27.435712,39.166363],[27.437422,39.166367],[27.438561,39.166355],[27.439704,39.166329],[27.44142,39.16627],[27.445999,39.166082],[27.447141,39.166049],[27.448278,39.166038],[27.448843,39.166045],[27.449406,39.166067],[27.449963,39.166107],[27.450455,39.166166],[27.450514,39.166173],[27.450998,39.166259],[27.451214,39.166307],[27.451476,39.166367],[27.451948,39.166493],[27.452414,39.166636],[27.452928,39.166811],[27.4533,39.166948],[27.453438,39.166999],[27.454011,39.167227],[27.454446,39.1674],[27.455945,39.16803],[27.460432,39.169946],[27.463657,39.171309],[27.46502,39.171884],[27.464333,39.170642],[27.461108,39.165761],[27.459888,39.16393],[27.458667,39.160966],[27.459713,39.155998],[27.46198,39.149373],[27.463636,39.14824],[27.467733,39.146933],[27.474009,39.144231],[27.47889,39.142226],[27.483771,39.139785],[27.48595,39.138478],[27.487432,39.137606],[27.490396,39.135427],[27.492662,39.133858],[27.496323,39.131417],[27.498764,39.128715],[27.503209,39.124182],[27.505214,39.119562],[27.505214,39.116947],[27.505127,39.114245],[27.504168,39.111195],[27.502948,39.103437],[27.502861,39.101083],[27.50164,39.097597],[27.501205,39.093325],[27.501205,39.090798],[27.501117,39.087921],[27.502076,39.084522],[27.50443,39.081907],[27.508265,39.079117],[27.510793,39.075369],[27.513059,39.070837],[27.514105,39.067088],[27.514454,39.063427],[27.514977,39.061684],[27.516633,39.060202],[27.518463,39.058633],[27.520643,39.054711],[27.521514,39.051834],[27.522212,39.049481],[27.52256,39.046953],[27.524216,39.0446],[27.527354,39.042682],[27.529708,39.040241],[27.531974,39.038149],[27.532061,39.036493],[27.531103,39.034052],[27.530144,39.031699],[27.526308,39.028212],[27.524427,39.026975],[27.522996,39.026033],[27.518202,39.021762],[27.516459,39.019932],[27.512623,39.017752],[27.509573,39.015225],[27.505476,39.011738],[27.502599,39.010692],[27.500246,39.009733],[27.497108,39.008426],[27.494754,39.007031],[27.490309,39.003719],[27.486648,38.99997],[27.485079,38.998053],[27.481244,38.995699],[27.478541,38.994043],[27.474096,38.991951],[27.471655,38.990644],[27.469476,38.989598],[27.468993,38.989018],[27.468169,38.988029],[27.467646,38.985762],[27.467384,38.983409],[27.4666,38.98123],[27.466164,38.979312],[27.466512,38.977046],[27.466774,38.975128],[27.466512,38.972862],[27.465728,38.972077],[27.46442,38.969462],[27.464682,38.967457],[27.465641,38.964581],[27.467035,38.960658],[27.467907,38.958218],[27.468081,38.955952],[27.467733,38.95386],[27.467123,38.951157],[27.466338,38.948368],[27.466251,38.946538],[27.464769,38.94401],[27.46198,38.941308],[27.459539,38.937385],[27.455878,38.933288],[27.453699,38.930586],[27.451084,38.929976],[27.446987,38.929802],[27.443413,38.929802],[27.44106,38.928843],[27.438706,38.928145],[27.433651,38.926664],[27.429031,38.925705],[27.425021,38.926053],[27.422406,38.926838],[27.420314,38.926141],[27.41491,38.924223],[27.411946,38.923526],[27.406978,38.923351],[27.402009,38.92431],[27.398871,38.925966],[27.395298,38.927448],[27.392247,38.928494],[27.388847,38.928494],[27.385274,38.928058],[27.381438,38.927884],[27.377864,38.927012],[27.374203,38.925792],[27.371676,38.925618],[27.370107,38.925792],[27.367666,38.926925],[27.365923,38.92771],[27.36261,38.927971],[27.359995,38.931196],[27.356683,38.932068],[27.35032,38.934683],[27.347356,38.934596],[27.346168,38.933944]]]}},{"type":"Feature","properties":{"id":"TR-D-35-020","parent_id":"TR-P-35","region_id":"TR-R-EGE","level":"district","municipality_type":null,"municipality_type_label":null,"is_metropolitan_municipality":null,"name":"Kiraz","name_ascii":"kiraz","slug":"kiraz-izmir"},"geometry":{"type":"Polygon","coordinates":[[[28.48468,38.121812],[28.484066,38.121313],[28.482162,38.120188],[28.481251,38.119564],[28.479499,38.117999],[28.476966,38.116534],[28.475383,38.114674],[28.474314,38.113724],[28.472771,38.11317],[28.471188,38.111785],[28.46909,38.110439],[28.467309,38.109252],[28.46537,38.108065],[28.462125,38.105928],[28.460542,38.104463],[28.458879,38.103513],[28.457324,38.103052],[28.45542,38.101407],[28.451352,38.098638],[28.448583,38.096301],[28.44616,38.093791],[28.443563,38.091022],[28.440707,38.088512],[28.438717,38.087906],[28.43664,38.08756],[28.434649,38.087474],[28.42963,38.089291],[28.42712,38.089637],[28.424264,38.09033],[28.422273,38.092407],[28.420542,38.094917],[28.41786,38.096215],[28.414657,38.095955],[28.412148,38.095782],[28.409119,38.096388],[28.406263,38.098292],[28.404012,38.099936],[28.401849,38.10158],[28.400551,38.103398],[28.398993,38.105994],[28.395271,38.108331],[28.393194,38.109889],[28.390425,38.111273],[28.388607,38.113004],[28.386617,38.114562],[28.383674,38.116553],[28.381251,38.118457],[28.378741,38.118976],[28.375626,38.119062],[28.373203,38.118803],[28.369135,38.120793],[28.366019,38.122957],[28.363336,38.124601],[28.360567,38.125726],[28.356586,38.125726],[28.352605,38.125294],[28.350355,38.124688],[28.348537,38.123303],[28.346201,38.122351],[28.343085,38.121572],[28.340662,38.121572],[28.3372,38.122265],[28.335209,38.122265],[28.3327,38.121918],[28.330882,38.121226],[28.330404,38.121867],[28.327203,38.124052],[28.324315,38.126004],[28.317056,38.129438],[28.312373,38.131468],[28.307299,38.134746],[28.302381,38.137712],[28.295981,38.14099],[28.290361,38.144113],[28.28677,38.146689],[28.283101,38.149343],[28.280135,38.150279],[28.277794,38.150357],[28.275608,38.150123],[28.273813,38.149108],[28.271783,38.147703],[28.269051,38.146298],[28.266241,38.145908],[28.261167,38.147235],[28.254533,38.148094],[28.248834,38.147781],[28.243761,38.147313],[28.237828,38.147235],[28.229154,38.147469],[28.221427,38.148699],[28.216099,38.151333],[28.214109,38.152504],[28.210421,38.153148],[28.207728,38.153382],[28.204332,38.153089],[28.200761,38.152504],[28.19801,38.152328],[28.196195,38.151918],[28.192682,38.150747],[28.188428,38.152874],[28.187239,38.155134],[28.187358,38.159297],[28.187477,38.16346],[28.187358,38.166672],[28.186287,38.16917],[28.185812,38.171786],[28.184979,38.175355],[28.182124,38.178447],[28.180459,38.180588],[28.178913,38.187725],[28.179389,38.19284],[28.178318,38.196884],[28.177248,38.199382],[28.176415,38.201642],[28.176415,38.204497],[28.176296,38.208303],[28.175582,38.212585],[28.174869,38.214726],[28.173798,38.217224],[28.170349,38.218651],[28.166186,38.219841],[28.162379,38.221625],[28.158216,38.223052],[28.152031,38.222457],[28.148938,38.221982],[28.145489,38.222695],[28.14311,38.224836],[28.140612,38.227691],[28.138709,38.230546],[28.137876,38.232806],[28.136687,38.234471],[28.134903,38.23685],[28.131691,38.240894],[28.129907,38.241965],[28.128955,38.243987],[28.128242,38.247317],[28.12848,38.250767],[28.128955,38.25374],[28.129907,38.255762],[28.13074,38.25826],[28.130264,38.263137],[28.130383,38.2673],[28.128004,38.273247],[28.124792,38.277054],[28.123484,38.27979],[28.12231,38.283866],[28.122238,38.285752],[28.122338,38.287608],[28.122739,38.289465],[28.123593,38.29087],[28.124295,38.291974],[28.125148,38.29368],[28.126102,38.294634],[28.126704,38.295587],[28.126754,38.297143],[28.126704,38.298849],[28.126152,38.300605],[28.125449,38.301809],[28.124596,38.303014],[28.12299,38.304419],[28.12219,38.306114],[28.12219,38.308433],[28.12219,38.31218],[28.122458,38.314946],[28.123172,38.317087],[28.126205,38.321458],[28.126472,38.324759],[28.12674,38.32797],[28.127186,38.331003],[28.127632,38.334126],[28.12781,38.336891],[28.1279,38.339746],[28.128078,38.342779],[28.128167,38.345991],[28.128167,38.349916],[28.128078,38.355893],[28.127643,38.358814],[28.127443,38.361491],[28.127978,38.36323],[28.128714,38.364702],[28.129717,38.366709],[28.13052,38.368583],[28.132743,38.371284],[28.135804,38.370805],[28.141121,38.369584],[28.145741,38.36819],[28.150273,38.366534],[28.154021,38.366185],[28.157595,38.365923],[28.161169,38.365923],[28.164481,38.365662],[28.167794,38.365488],[28.175028,38.362611],[28.176868,38.361839],[28.187244,38.354012],[28.193246,38.347664],[28.197248,38.345595],[28.204078,38.34318],[28.210564,38.340351],[28.222825,38.335961],[28.226631,38.334021],[28.233778,38.331406],[28.241188,38.328442],[28.247725,38.327134],[28.252258,38.326263],[28.25958,38.32574],[28.265594,38.325304],[28.270388,38.324955],[28.273701,38.323735],[28.278408,38.320946],[28.28111,38.318767],[28.284073,38.316762],[28.286514,38.315193],[28.290088,38.313537],[28.293662,38.314234],[28.297846,38.316413],[28.300809,38.318156],[28.304819,38.319987],[28.30787,38.321207],[28.311444,38.32173],[28.315976,38.320946],[28.318243,38.319464],[28.323821,38.3165],[28.329313,38.313537],[28.333584,38.310224],[28.336286,38.307435],[28.340383,38.303861],[28.343869,38.300897],[28.349012,38.298108],[28.35215,38.296365],[28.355462,38.292006],[28.356857,38.287474],[28.358513,38.2839],[28.360692,38.281459],[28.362872,38.279106],[28.36383,38.276055],[28.363743,38.272743],[28.362436,38.268384],[28.362261,38.264985],[28.36383,38.259929],[28.36723,38.256966],[28.370281,38.255484],[28.374203,38.254612],[28.379085,38.254612],[28.383443,38.255658],[28.387104,38.256704],[28.390852,38.258622],[28.393467,38.259668],[28.397128,38.262544],[28.399656,38.264549],[28.403491,38.266467],[28.409244,38.266031],[28.414125,38.265595],[28.419007,38.264985],[28.424411,38.263765],[28.42999,38.263503],[28.433999,38.262893],[28.438445,38.263067],[28.443326,38.262196],[28.448817,38.261411],[28.453001,38.260801],[28.458406,38.259668],[28.460498,38.259668],[28.462677,38.259668],[28.465728,38.258971],[28.469825,38.257576],[28.471829,38.256094],[28.475926,38.254351],[28.478977,38.252869],[28.482115,38.250428],[28.484294,38.248423],[28.486648,38.246593],[28.488652,38.245024],[28.490221,38.242932],[28.491093,38.242496],[28.493098,38.240143],[28.495103,38.238312],[28.499025,38.236046],[28.50164,38.233605],[28.50225,38.229857],[28.501989,38.224801],[28.501989,38.221315],[28.501902,38.217479],[28.500856,38.211465],[28.499984,38.207891],[28.498066,38.202661],[28.496497,38.195949],[28.495364,38.193509],[28.492313,38.192114],[28.489611,38.19133],[28.486386,38.191242],[28.48351,38.19133],[28.480197,38.191591],[28.477495,38.191853],[28.47549,38.19133],[28.468256,38.189325],[28.462328,38.187146],[28.458144,38.1827],[28.455529,38.178865],[28.452566,38.173548],[28.450909,38.170933],[28.448992,38.168666],[28.449253,38.164482],[28.450648,38.162129],[28.45396,38.160124],[28.45736,38.157858],[28.458057,38.15716],[28.460149,38.153674],[28.461369,38.152279],[28.462677,38.150274],[28.464507,38.147311],[28.465989,38.144434],[28.46782,38.142081],[28.469127,38.13964],[28.470871,38.137286],[28.472963,38.135194],[28.475403,38.133277],[28.476885,38.132405],[28.480197,38.12918],[28.481941,38.126739],[28.48412,38.122991],[28.48468,38.121812]]]}},{"type":"Feature","properties":{"id":"TR-D-35-021","parent_id":"TR-P-35","region_id":"TR-R-EGE","level":"district","municipality_type":null,"municipality_type_label":null,"is_metropolitan_municipality":null,"name":"Konak","name_ascii":"konak","slug":"konak-izmir"},"geometry":{"type":"Polygon","coordinates":[[[27.168482,38.445256],[27.169396,38.444894],[27.170418,38.444861],[27.170456,38.444863],[27.172152,38.444959],[27.174428,38.445668],[27.177709,38.446939],[27.180784,38.448033],[27.180991,38.447205],[27.180991,38.446407],[27.180991,38.445786],[27.180725,38.445254],[27.180399,38.444545],[27.180362,38.444437],[27.180193,38.443953],[27.180119,38.443628],[27.180045,38.443303],[27.179956,38.442801],[27.179986,38.44215],[27.180276,38.439986],[27.180401,38.438234],[27.180459,38.43742],[27.180488,38.434405],[27.180547,38.432868],[27.180488,38.431774],[27.180429,38.430799],[27.180015,38.429498],[27.179989,38.426897],[27.179542,38.426069],[27.179128,38.425241],[27.178508,38.424029],[27.178182,38.423201],[27.177916,38.421989],[27.178064,38.421369],[27.178655,38.420541],[27.179158,38.420157],[27.180015,38.419654],[27.181257,38.418974],[27.182144,38.418856],[27.183001,38.418501],[27.183858,38.417939],[27.184745,38.417673],[27.185967,38.417457],[27.186312,38.417289],[27.186371,38.416964],[27.186194,38.416639],[27.186075,38.416225],[27.186075,38.415515],[27.18643,38.414067],[27.186686,38.413022],[27.186814,38.4125],[27.186815,38.412486],[27.186844,38.411938],[27.186765,38.411229],[27.186726,38.410874],[27.186726,38.409633],[27.186726,38.408391],[27.18674,38.4076],[27.186755,38.406765],[27.185691,38.406558],[27.183976,38.40641],[27.182262,38.40641],[27.181611,38.406499],[27.180222,38.407356],[27.178803,38.408214],[27.17765,38.408657],[27.176852,38.408657],[27.176468,38.408628],[27.176084,38.408598],[27.175793,38.40849],[27.174812,38.408125],[27.173985,38.408095],[27.173351,38.407931],[27.173186,38.407889],[27.172507,38.407563],[27.171738,38.40715],[27.171629,38.407131],[27.170349,38.406913],[27.169048,38.406765],[27.166979,38.406647],[27.165826,38.406529],[27.165944,38.405642],[27.164483,38.405368],[27.164339,38.404889],[27.163523,38.404685],[27.162299,38.40438],[27.160703,38.40418],[27.159239,38.404069],[27.158255,38.404046],[27.155289,38.403468],[27.154448,38.403198],[27.154051,38.403071],[27.153082,38.403371],[27.152493,38.403484],[27.151636,38.403898],[27.150779,38.404341],[27.149833,38.404785],[27.149035,38.405051],[27.148503,38.40511],[27.147734,38.405198],[27.146699,38.405524],[27.145635,38.405878],[27.145213,38.406066],[27.144837,38.406233],[27.144246,38.406115],[27.144079,38.405424],[27.144039,38.405258],[27.14392,38.404709],[27.143918,38.404687],[27.143878,38.404184],[27.144185,38.403426],[27.14434,38.402428],[27.144207,38.401985],[27.143359,38.401149],[27.142978,38.40079],[27.142856,38.400676],[27.142628,38.400524],[27.142058,38.400143],[27.141349,38.399611],[27.14073,38.398812],[27.140639,38.398695],[27.139664,38.396833],[27.139102,38.396212],[27.138787,38.395751],[27.138718,38.39565],[27.138186,38.394763],[27.138047,38.394569],[27.137861,38.394309],[27.135641,38.394577],[27.134268,38.394882],[27.131827,38.39698],[27.127822,38.399802],[27.124428,38.402434],[27.123169,38.40354],[27.122521,38.404569],[27.122206,38.405373],[27.122177,38.405447],[27.122177,38.406095],[27.121872,38.406248],[27.121033,38.405828],[27.120347,38.405523],[27.119012,38.404646],[27.118161,38.404047],[27.117982,38.403921],[27.116647,38.403273],[27.114549,38.402586],[27.111803,38.401938],[27.108475,38.401558],[27.105732,38.401488],[27.103377,38.401559],[27.101338,38.401631],[27.101299,38.401629],[27.100339,38.40159],[27.099747,38.401447],[27.099628,38.401373],[27.098983,38.400968],[27.098086,38.400142],[27.097454,38.399684],[27.096169,38.399072],[27.095251,38.398593],[27.095081,38.398383],[27.094717,38.397933],[27.09403,38.396293],[27.0936,38.395797],[27.093534,38.395721],[27.091513,38.395111],[27.090781,38.394813],[27.089453,38.394272],[27.088271,38.393585],[27.087708,38.393374],[27.087356,38.393242],[27.086288,38.393166],[27.082283,38.393433],[27.078774,38.393928],[27.077134,38.394424],[27.07435,38.39553],[27.071756,38.396369],[27.070027,38.396802],[27.069163,38.397018],[27.068482,38.397154],[27.068209,38.397208],[27.066528,38.397133],[27.065132,38.397004],[27.064899,38.397124],[27.064474,38.397281],[27.064003,38.39752],[27.063689,38.397912],[27.063577,38.398207],[27.06357,38.398425],[27.06507,38.39933],[27.066562,38.400219],[27.068236,38.401606],[27.069642,38.402609],[27.070525,38.403315],[27.071218,38.403725],[27.071318,38.403836],[27.071445,38.403793],[27.071639,38.40372],[27.071751,38.403677],[27.0719,38.403613],[27.072004,38.403567],[27.072169,38.403487],[27.072182,38.40348],[27.072262,38.40344],[27.072469,38.403325],[27.072558,38.403274],[27.072636,38.403228],[27.072967,38.403018],[27.073183,38.40288],[27.073276,38.402821],[27.073381,38.402754],[27.0735,38.402678],[27.073713,38.402542],[27.073833,38.402465],[27.073972,38.402376],[27.074187,38.402239],[27.074283,38.402177],[27.074454,38.402067],[27.074841,38.401826],[27.075141,38.401662],[27.075368,38.401552],[27.075437,38.401518],[27.075527,38.40148],[27.075692,38.401409],[27.075925,38.401321],[27.076122,38.401252],[27.076387,38.401172],[27.076619,38.401109],[27.076743,38.401079],[27.077076,38.401008],[27.077526,38.400937],[27.077833,38.400902],[27.078463,38.400886],[27.078518,38.400891],[27.078576,38.400894],[27.078576,38.400889],[27.078656,38.400888],[27.078657,38.400892],[27.078989,38.400867],[27.079745,38.40073],[27.080182,38.400627],[27.081189,38.400387],[27.081568,38.400294],[27.081686,38.400258],[27.082172,38.400062],[27.083215,38.399615],[27.08332,38.399774],[27.083524,38.39969],[27.083413,38.399532],[27.084112,38.399241],[27.08461,38.399052],[27.084663,38.399031],[27.085619,38.398678],[27.085682,38.398662],[27.085808,38.398639],[27.085919,38.398625],[27.086022,38.398619],[27.086112,38.398623],[27.086231,38.398636],[27.086374,38.398657],[27.086528,38.398679],[27.086639,38.398696],[27.086751,38.398718],[27.086859,38.398747],[27.086955,38.398776],[27.087094,38.398818],[27.087115,38.398825],[27.087289,38.398879],[27.087432,38.398923],[27.087665,38.398983],[27.087926,38.399035],[27.088209,38.39909],[27.088411,38.399134],[27.088591,38.399177],[27.088822,38.399232],[27.088966,38.399271],[27.089077,38.399311],[27.089284,38.399416],[27.089439,38.399497],[27.08965,38.399604],[27.089934,38.399748],[27.090033,38.399806],[27.090116,38.399859],[27.090315,38.399986],[27.090535,38.400127],[27.090902,38.400369],[27.090976,38.400435],[27.091165,38.400612],[27.091462,38.400945],[27.091731,38.401263],[27.091985,38.401563],[27.091519,38.401831],[27.091646,38.402114],[27.093576,38.40258],[27.094133,38.402743],[27.094333,38.402824],[27.094533,38.402923],[27.09471,38.403021],[27.095001,38.403213],[27.095361,38.403495],[27.095421,38.403547],[27.0955,38.403624],[27.095651,38.403802],[27.095746,38.403915],[27.095841,38.404029],[27.09606,38.404286],[27.096227,38.404474],[27.096386,38.40464],[27.096822,38.405043],[27.097278,38.405462],[27.097423,38.405579],[27.0976,38.405698],[27.097781,38.405815],[27.097921,38.405908],[27.098057,38.405994],[27.098147,38.406055],[27.098362,38.406197],[27.098519,38.406304],[27.09859,38.40635],[27.098914,38.406536],[27.09895,38.406552],[27.099056,38.406599],[27.099114,38.406625],[27.099561,38.406813],[27.099632,38.406846],[27.099732,38.406886],[27.09977,38.406903],[27.100064,38.40702],[27.100381,38.407107],[27.100813,38.407217],[27.100892,38.407235],[27.100985,38.407257],[27.10109,38.407285],[27.101163,38.407307],[27.101906,38.407527],[27.102176,38.407618],[27.102475,38.407715],[27.10259,38.407752],[27.102724,38.407792],[27.102976,38.407869],[27.103001,38.407877],[27.103842,38.408151],[27.103975,38.408184],[27.104128,38.40823],[27.104294,38.408267],[27.104651,38.408312],[27.104914,38.408318],[27.104949,38.408315],[27.105521,38.40827],[27.106326,38.408317],[27.106645,38.408352],[27.107012,38.408429],[27.107322,38.408527],[27.107501,38.40859],[27.107845,38.408718],[27.108144,38.408851],[27.108707,38.40914],[27.109663,38.409629],[27.11002,38.409818],[27.110174,38.409904],[27.110316,38.409972],[27.11041,38.410014],[27.110604,38.410083],[27.111001,38.410178],[27.113312,38.410115],[27.114169,38.410091],[27.114464,38.410091],[27.115275,38.410171],[27.116252,38.410283],[27.116807,38.410367],[27.117224,38.410429],[27.117613,38.410492],[27.11795,38.410551],[27.118064,38.410581],[27.118207,38.41062],[27.118321,38.410656],[27.118567,38.410746],[27.118705,38.410804],[27.118836,38.410864],[27.119048,38.410973],[27.11915,38.411034],[27.119244,38.411094],[27.119329,38.411149],[27.119385,38.411187],[27.119423,38.411217],[27.119471,38.411253],[27.119544,38.411307],[27.119612,38.411365],[27.119692,38.411436],[27.119753,38.411492],[27.119791,38.411529],[27.119869,38.41161],[27.119911,38.411654],[27.119937,38.411692],[27.119987,38.411784],[27.120004,38.41182],[27.120059,38.411933],[27.120134,38.412083],[27.120234,38.412292],[27.120448,38.412749],[27.120673,38.41328],[27.120757,38.413517],[27.120834,38.413747],[27.120896,38.413933],[27.121073,38.414202],[27.121338,38.414491],[27.121772,38.414841],[27.122466,38.415408],[27.122689,38.415678],[27.122854,38.417159],[27.123742,38.417683],[27.124728,38.417586],[27.12508,38.417779],[27.12528,38.417888],[27.125573,38.418048],[27.125853,38.418577],[27.125519,38.418619],[27.125481,38.418593],[27.125183,38.418629],[27.125176,38.418633],[27.125064,38.41875],[27.125057,38.41876],[27.125058,38.418772],[27.125087,38.418897],[27.125091,38.418903],[27.125251,38.41899],[27.125554,38.418952],[27.125583,38.418915],[27.125898,38.41888],[27.125925,38.418907],[27.125958,38.418898],[27.126015,38.418905],[27.126138,38.418892],[27.126424,38.419299],[27.126395,38.41936],[27.126663,38.419725],[27.12702,38.420234],[27.127064,38.420225],[27.127261,38.420235],[27.12748,38.42055],[27.127609,38.420671],[27.127962,38.421013],[27.128908,38.421933],[27.128939,38.421955],[27.129049,38.422039],[27.129102,38.422088],[27.129153,38.422137],[27.129158,38.422147],[27.129159,38.422157],[27.129152,38.422173],[27.127309,38.42325],[27.128223,38.424297],[27.130125,38.423097],[27.130423,38.422909],[27.130618,38.423257],[27.130614,38.423262],[27.130895,38.423766],[27.131061,38.424051],[27.131039,38.424059],[27.131461,38.42483],[27.131737,38.425828],[27.132024,38.426867],[27.132038,38.426924],[27.132059,38.42699],[27.132072,38.427007],[27.132237,38.427624],[27.132223,38.42764],[27.132251,38.427718],[27.132289,38.42777],[27.132392,38.427881],[27.132647,38.428153],[27.13296,38.428485],[27.132826,38.428558],[27.131479,38.429286],[27.131618,38.429426],[27.13295,38.428815],[27.133158,38.428719],[27.133723,38.429317],[27.134047,38.429665],[27.134204,38.429834],[27.134191,38.429885],[27.134165,38.429932],[27.134055,38.430043],[27.133755,38.430285],[27.133644,38.430374],[27.133642,38.430702],[27.133904,38.430869],[27.134009,38.430944],[27.134189,38.431126],[27.134431,38.43124],[27.134462,38.431255],[27.134668,38.431384],[27.134923,38.431554],[27.13512,38.431698],[27.135567,38.432072],[27.136214,38.432749],[27.137319,38.433937],[27.137758,38.434417],[27.137969,38.434638],[27.138173,38.434841],[27.138219,38.435052],[27.138598,38.435391],[27.138572,38.435641],[27.138702,38.43576],[27.138994,38.436055],[27.139351,38.436464],[27.13966,38.436511],[27.139791,38.436683],[27.13993,38.43688],[27.140153,38.436984],[27.140308,38.437236],[27.140535,38.43766],[27.140666,38.437945],[27.140813,38.438322],[27.140732,38.438669],[27.14073,38.438679],[27.140806,38.438869],[27.140592,38.438916],[27.140695,38.439184],[27.140911,38.439137],[27.140954,38.439243],[27.140999,38.439364],[27.140995,38.43951],[27.141147,38.439895],[27.141447,38.440138],[27.141548,38.440218],[27.141761,38.440765],[27.141987,38.441349],[27.14213,38.44172],[27.142171,38.441824],[27.142811,38.44271],[27.144267,38.44317],[27.145513,38.442862],[27.145934,38.4429],[27.145919,38.443271],[27.145627,38.444446],[27.14873,38.447422],[27.14954,38.446858],[27.146806,38.444263],[27.147109,38.442886],[27.147162,38.442642],[27.147433,38.442429],[27.151322,38.442815],[27.153651,38.44628],[27.154563,38.447635],[27.156813,38.44669],[27.159244,38.445668],[27.157261,38.442725],[27.157981,38.442431],[27.15784,38.442197],[27.159135,38.441788],[27.159937,38.443335],[27.161521,38.445599],[27.162313,38.446729],[27.162769,38.446506],[27.162155,38.44565],[27.162156,38.445587],[27.162459,38.445459],[27.162522,38.445407],[27.162546,38.445378],[27.162579,38.445305],[27.162604,38.44529],[27.162632,38.445278],[27.162673,38.445265],[27.162752,38.445228],[27.162765,38.445218],[27.162779,38.445205],[27.162792,38.445191],[27.162802,38.445179],[27.162815,38.445168],[27.162878,38.445133],[27.162936,38.445112],[27.162953,38.445111],[27.163001,38.445101],[27.163038,38.445079],[27.163062,38.445075],[27.163085,38.445061],[27.1631,38.445049],[27.16311,38.445046],[27.163122,38.44505],[27.163155,38.445036],[27.163202,38.445009],[27.163249,38.445004],[27.163281,38.444997],[27.163396,38.444937],[27.163413,38.444931],[27.163524,38.444872],[27.163546,38.444868],[27.163556,38.44486],[27.163571,38.444828],[27.163573,38.44482],[27.163585,38.444796],[27.163587,38.444787],[27.163587,38.444765],[27.163585,38.444753],[27.163571,38.444701],[27.163519,38.444613],[27.163501,38.444573],[27.163492,38.444564],[27.163476,38.444531],[27.163466,38.444517],[27.16345,38.444505],[27.163433,38.444496],[27.163426,38.444482],[27.163417,38.444441],[27.163408,38.444435],[27.16339,38.444428],[27.163376,38.444395],[27.163351,38.444368],[27.163345,38.444354],[27.163333,38.44434],[27.163302,38.444294],[27.163269,38.444227],[27.16327,38.444213],[27.163263,38.444195],[27.163258,38.444177],[27.163251,38.444165],[27.16325,38.444149],[27.163238,38.44412],[27.163236,38.444101],[27.163231,38.444083],[27.163222,38.444072],[27.163216,38.444056],[27.163201,38.444019],[27.163198,38.444001],[27.163195,38.44399],[27.163193,38.443975],[27.163192,38.443953],[27.163186,38.443933],[27.163185,38.443909],[27.163183,38.443896],[27.163173,38.443884],[27.163163,38.443877],[27.16316,38.443869],[27.163151,38.443826],[27.163143,38.443801],[27.163131,38.443774],[27.163127,38.443761],[27.163116,38.443698],[27.163102,38.443673],[27.163095,38.443653],[27.163092,38.443635],[27.163089,38.443622],[27.163091,38.443612],[27.163098,38.443605],[27.163095,38.443598],[27.163087,38.443591],[27.163078,38.443584],[27.163069,38.443583],[27.163063,38.443567],[27.163061,38.443555],[27.163063,38.443534],[27.163068,38.443519],[27.163061,38.443504],[27.163045,38.443452],[27.163023,38.443423],[27.163023,38.4434],[27.16301,38.443387],[27.163005,38.443365],[27.163009,38.443337],[27.162997,38.443308],[27.162999,38.443297],[27.162993,38.443288],[27.162992,38.443283],[27.162988,38.443278],[27.162991,38.44327],[27.162977,38.443245],[27.162976,38.44324],[27.162978,38.443221],[27.162981,38.443215],[27.162986,38.44321],[27.162985,38.443203],[27.162975,38.443203],[27.162972,38.443197],[27.16297,38.443189],[27.162977,38.443182],[27.162982,38.443181],[27.162982,38.443173],[27.162971,38.443171],[27.162966,38.443165],[27.162959,38.443142],[27.162956,38.443128],[27.162957,38.44312],[27.162954,38.443106],[27.162945,38.44308],[27.162941,38.443072],[27.16294,38.443066],[27.16294,38.443057],[27.162933,38.443003],[27.162928,38.442992],[27.16292,38.442977],[27.162916,38.442965],[27.162918,38.442957],[27.162919,38.442949],[27.16291,38.442931],[27.16291,38.442919],[27.162898,38.442883],[27.162896,38.442878],[27.162893,38.442866],[27.162891,38.442853],[27.16289,38.442847],[27.162888,38.442841],[27.162881,38.442834],[27.162878,38.442828],[27.162864,38.442761],[27.162862,38.442753],[27.162856,38.442744],[27.162853,38.442736],[27.162851,38.442729],[27.162848,38.44269],[27.162846,38.442678],[27.162839,38.442663],[27.162839,38.442641],[27.162836,38.442633],[27.162815,38.442604],[27.16281,38.442593],[27.162807,38.442581],[27.162809,38.442563],[27.162812,38.44255],[27.162812,38.442538],[27.162789,38.442465],[27.162788,38.442446],[27.162769,38.442382],[27.162765,38.442351],[27.162761,38.442337],[27.162755,38.442323],[27.162752,38.442314],[27.16275,38.442305],[27.162747,38.442268],[27.162741,38.442248],[27.162732,38.442231],[27.162728,38.442223],[27.162724,38.442213],[27.162719,38.442205],[27.162716,38.442195],[27.162714,38.442148],[27.162705,38.442128],[27.162686,38.44206],[27.162682,38.442029],[27.162675,38.44201],[27.162668,38.441996],[27.162663,38.441984],[27.162662,38.441975],[27.162657,38.441965],[27.162647,38.441949],[27.16265,38.44193],[27.162648,38.441921],[27.162641,38.441913],[27.162632,38.441905],[27.162626,38.441899],[27.162621,38.44189],[27.16262,38.44188],[27.162624,38.44187],[27.162624,38.441861],[27.16262,38.441853],[27.162619,38.441843],[27.16261,38.441823],[27.162607,38.441797],[27.16261,38.441778],[27.162613,38.441769],[27.162619,38.441761],[27.162625,38.441754],[27.162635,38.441748],[27.162647,38.441744],[27.162668,38.441742],[27.162683,38.441741],[27.162694,38.441739],[27.162704,38.441735],[27.16271,38.441726],[27.162714,38.441708],[27.162719,38.4417],[27.162743,38.441679],[27.162774,38.441663],[27.162792,38.44165],[27.162822,38.441636],[27.162844,38.441624],[27.162862,38.441615],[27.162962,38.441581],[27.162981,38.44157],[27.163032,38.441545],[27.163056,38.441545],[27.16308,38.441541],[27.163098,38.44153],[27.16312,38.441521],[27.163168,38.441531],[27.163189,38.441523],[27.163208,38.441502],[27.163232,38.441494],[27.163248,38.441481],[27.16327,38.441474],[27.163282,38.441474],[27.163294,38.441477],[27.163306,38.441477],[27.163327,38.441469],[27.163363,38.441464],[27.163377,38.44145],[27.16341,38.441441],[27.163421,38.441439],[27.163448,38.441422],[27.163459,38.441418],[27.163472,38.441415],[27.16352,38.44141],[27.163544,38.441405],[27.163596,38.441383],[27.163619,38.441377],[27.163629,38.441372],[27.163655,38.44133],[27.163667,38.441315],[27.163729,38.441256],[27.163763,38.441209],[27.163797,38.441172],[27.163816,38.441138],[27.163845,38.441121],[27.163864,38.44111],[27.163873,38.441093],[27.16388,38.441074],[27.163897,38.441063],[27.163908,38.441047],[27.163926,38.441035],[27.163944,38.441012],[27.163981,38.44099],[27.164037,38.440946],[27.16406,38.440933],[27.164081,38.440912],[27.164092,38.440885],[27.164112,38.440862],[27.164159,38.440835],[27.164278,38.440792],[27.164337,38.440757],[27.164351,38.440743],[27.164371,38.44072],[27.164393,38.44071],[27.164422,38.440693],[27.164445,38.440684],[27.16447,38.440673],[27.164941,38.440488],[27.165115,38.440462],[27.165168,38.440444],[27.165469,38.440377],[27.165545,38.440347],[27.165589,38.440329],[27.165718,38.440287],[27.165725,38.440253],[27.165738,38.44019],[27.165734,38.440105],[27.165888,38.439969],[27.166044,38.439927],[27.166114,38.439894],[27.166297,38.439856],[27.166628,38.439812],[27.166757,38.439795],[27.166992,38.439764],[27.167149,38.439901],[27.167446,38.440163],[27.167877,38.440537],[27.168135,38.440807],[27.16829,38.44097],[27.168618,38.441372],[27.168882,38.441766],[27.168963,38.441959],[27.169126,38.442352],[27.169203,38.442869],[27.169209,38.443367],[27.169198,38.443677],[27.169191,38.443892],[27.169119,38.444172],[27.169026,38.444381],[27.168863,38.444745],[27.168482,38.445256]]]}},{"type":"Feature","properties":{"id":"TR-D-35-022","parent_id":"TR-P-35","region_id":"TR-R-EGE","level":"district","municipality_type":null,"municipality_type_label":null,"is_metropolitan_municipality":null,"name":"Menderes","name_ascii":"menderes","slug":"menderes-izmir"},"geometry":{"type":"Polygon","coordinates":[[[27.213516,38.292237],[27.214202,38.290958],[27.214691,38.286557],[27.215864,38.283624],[27.21782,38.27981],[27.219189,38.276192],[27.225154,38.268663],[27.227203,38.266694],[27.227286,38.266614],[27.227538,38.266372],[27.240213,38.25419],[27.242853,38.251746],[27.249112,38.244803],[27.252925,38.239522],[27.254099,38.23786],[27.252568,38.235024],[27.250774,38.231699],[27.244711,38.227006],[27.24333,38.226053],[27.241875,38.22505],[27.235813,38.217814],[27.232222,38.214579],[27.226441,38.209372],[27.221617,38.207416],[27.217445,38.203896],[27.216919,38.202987],[27.216011,38.201418],[27.215359,38.196203],[27.215881,38.191249],[27.217184,38.184208],[27.224095,38.179775],[27.226898,38.178276],[27.229701,38.176776],[27.249389,38.165433],[27.254266,38.164623],[27.255076,38.164488],[27.259183,38.162923],[27.26329,38.161163],[27.265121,38.160011],[27.265931,38.159501],[27.266856,38.158644],[27.268571,38.157056],[27.269875,38.15673],[27.272482,38.156078],[27.274731,38.155198],[27.281381,38.154416],[27.285879,38.152362],[27.287639,38.1507],[27.289986,38.147571],[27.290573,38.144735],[27.292431,38.140921],[27.294289,38.137303],[27.295462,38.13437],[27.297418,38.131241],[27.301036,38.127818],[27.305338,38.12596],[27.306121,38.124004],[27.307196,38.121364],[27.309348,38.119408],[27.309739,38.116084],[27.309739,38.113346],[27.309597,38.112607],[27.308859,38.10875],[27.308674,38.107736],[27.308272,38.105523],[27.307588,38.103274],[27.308468,38.101416],[27.309152,38.097896],[27.3088,38.096253],[27.307979,38.09242],[27.307758,38.090343],[27.30749,38.087824],[27.306349,38.084401],[27.306121,38.083717],[27.30589,38.08313],[27.305045,38.080979],[27.303376,38.078149],[27.302796,38.077165],[27.302578,38.076894],[27.300743,38.074622],[27.299047,38.072634],[27.297907,38.071298],[27.293409,38.067386],[27.289888,38.06469],[27.288813,38.063866],[27.286368,38.06015],[27.284314,38.057412],[27.284122,38.054965],[27.284107,38.054772],[27.284058,38.054357],[27.28374,38.051618],[27.283122,38.050769],[27.281393,38.048391],[27.279413,38.045824],[27.275819,38.042231],[27.272079,38.039737],[27.270539,38.038197],[27.268999,38.036657],[27.267415,38.03406],[27.267165,38.03365],[27.265552,38.029543],[27.265552,38.024263],[27.265845,38.019129],[27.265992,38.014875],[27.266872,38.011062],[27.267605,38.006808],[27.268192,38.004021],[27.267825,38.000354],[27.266945,37.99632],[27.264525,37.995294],[27.262618,37.994633],[27.258951,37.99302],[27.256898,37.991187],[27.254698,37.98928],[27.253011,37.987006],[27.251691,37.985466],[27.250517,37.983999],[27.249417,37.982606],[27.248237,37.980926],[27.247901,37.980539],[27.247361,37.980996],[27.246828,37.981588],[27.246701,37.981372],[27.24649,37.981341],[27.246196,37.981388],[27.245479,37.981343],[27.245122,37.981716],[27.244596,37.981779],[27.2439,37.981595],[27.243457,37.981332],[27.243076,37.98093],[27.242843,37.980605],[27.242442,37.980311],[27.242042,37.980265],[27.241747,37.980421],[27.241706,37.980731],[27.241982,37.981288],[27.242194,37.981877],[27.242196,37.982342],[27.242103,37.98255],[27.24184,37.983133],[27.240014,37.985183],[27.239356,37.985467],[27.2385,37.985837],[27.237363,37.98618],[27.236437,37.986368],[27.235804,37.986323],[27.235256,37.986169],[27.235126,37.984929],[27.23502,37.984836],[27.234767,37.984806],[27.234849,37.984624],[27.234914,37.98448],[27.234829,37.984387],[27.234476,37.984462],[27.234387,37.984481],[27.233967,37.984823],[27.233842,37.985443],[27.233674,37.985459],[27.233357,37.985258],[27.233062,37.985212],[27.232725,37.985352],[27.232536,37.985322],[27.23264,37.984965],[27.232512,37.984593],[27.232048,37.984315],[27.231908,37.984286],[27.231458,37.984192],[27.231184,37.984332],[27.231173,37.984476],[27.231144,37.984875],[27.230891,37.984907],[27.230786,37.985124],[27.230407,37.985217],[27.230198,37.985807],[27.229988,37.985854],[27.229651,37.985746],[27.228977,37.985902],[27.228598,37.985918],[27.227526,37.98699],[27.226874,37.987038],[27.22641,37.986961],[27.225947,37.987241],[27.225569,37.987645],[27.224067,37.987986],[27.223506,37.988113],[27.222832,37.988099],[27.222558,37.988224],[27.222263,37.988209],[27.221802,37.988876],[27.221865,37.989016],[27.222055,37.989077],[27.222055,37.989078],[27.222036,37.989651],[27.221846,37.989698],[27.221614,37.989558],[27.221252,37.989517],[27.221214,37.989513],[27.220939,37.989141],[27.22039,37.989034],[27.220159,37.989267],[27.219822,37.989283],[27.219675,37.989407],[27.219296,37.989346],[27.218937,37.989191],[27.218453,37.989239],[27.218411,37.98941],[27.218433,37.989549],[27.218033,37.989813],[27.217865,37.990015],[27.217612,37.990077],[27.217173,37.991024],[27.217426,37.991209],[27.217433,37.991468],[27.21745,37.992093],[27.217345,37.992356],[27.215851,37.993072],[27.214397,37.992889],[27.213849,37.992673],[27.212859,37.992783],[27.2125,37.99252],[27.212443,37.992287],[27.21235,37.9919],[27.212033,37.991544],[27.212201,37.991358],[27.212159,37.991219],[27.211674,37.991158],[27.211358,37.991019],[27.211147,37.991066],[27.210769,37.991345],[27.210347,37.991408],[27.209759,37.992029],[27.20944,37.992239],[27.209381,37.992278],[27.209043,37.992247],[27.209016,37.992228],[27.208748,37.992031],[27.208388,37.991536],[27.20822,37.991582],[27.208115,37.991753],[27.207609,37.991785],[27.207273,37.992049],[27.207189,37.992168],[27.207021,37.992406],[27.206557,37.992345],[27.205969,37.992873],[27.2054,37.992905],[27.20521,37.99275],[27.20483,37.992611],[27.204716,37.992043],[27.204681,37.991868],[27.204911,37.991356],[27.204952,37.990953],[27.204361,37.990551],[27.203727,37.989885],[27.202967,37.989313],[27.202672,37.989283],[27.202083,37.989501],[27.201577,37.989579],[27.201241,37.98975],[27.201137,37.990293],[27.200863,37.990386],[27.200315,37.990294],[27.199978,37.990481],[27.199622,37.991008],[27.199623,37.991504],[27.199579,37.991661],[27.19954,37.991799],[27.199392,37.991815],[27.199103,37.991624],[27.197915,37.990841],[27.197198,37.990749],[27.196651,37.990874],[27.196104,37.991262],[27.195767,37.991247],[27.195133,37.990768],[27.195237,37.99007],[27.195193,37.989543],[27.195003,37.989187],[27.194539,37.988987],[27.194096,37.988894],[27.193632,37.98874],[27.193148,37.988927],[27.191445,37.990417],[27.188735,37.990721],[27.188229,37.990777],[27.187709,37.990752],[27.186427,37.990635],[27.185664,37.990534],[27.185312,37.990308],[27.184776,37.989721],[27.184264,37.989243],[27.184172,37.988662],[27.183707,37.988291],[27.182526,37.987611],[27.18223,37.9871],[27.181812,37.986524],[27.18168,37.986341],[27.181363,37.98614],[27.181288,37.986157],[27.181005,37.986218],[27.180227,37.98656],[27.179384,37.986639],[27.178457,37.986625],[27.175698,37.986862],[27.175086,37.986646],[27.174915,37.985638],[27.174661,37.985143],[27.174239,37.984803],[27.173775,37.984695],[27.173312,37.98454],[27.173058,37.984355],[27.173078,37.98375],[27.172487,37.983457],[27.172108,37.983395],[27.171539,37.983412],[27.171414,37.983815],[27.171352,37.984249],[27.170762,37.984513],[27.170025,37.984685],[27.169414,37.98467],[27.168951,37.984562],[27.168886,37.984128],[27.168549,37.983757],[27.168336,37.982936],[27.16806,37.982177],[27.167596,37.981666],[27.167487,37.98163],[27.166942,37.98145],[27.166648,37.981591],[27.166164,37.981823],[27.165721,37.981963],[27.165321,37.982134],[27.164817,37.982507],[27.163198,37.982552],[27.161783,37.982666],[27.160646,37.982978],[27.160226,37.983366],[27.159826,37.983413],[27.159637,37.983568],[27.159406,37.984142],[27.158964,37.98422],[27.158648,37.984344],[27.158479,37.984313],[27.158248,37.984686],[27.156458,37.984657],[27.155868,37.984751],[27.155552,37.985015],[27.155342,37.984984],[27.155173,37.984845],[27.154983,37.98483],[27.154815,37.985],[27.154837,37.985248],[27.155134,37.986147],[27.155008,37.986348],[27.154523,37.986457],[27.153955,37.986644],[27.153004,37.986666],[27.151996,37.986786],[27.151364,37.98702],[27.150332,37.987067],[27.149341,37.987007],[27.148898,37.986558],[27.148603,37.986419],[27.148139,37.986404],[27.14776,37.986327],[27.147464,37.985955],[27.147379,37.985382],[27.147062,37.984995],[27.146745,37.984484],[27.146807,37.983879],[27.146596,37.9836],[27.146442,37.98354],[27.146322,37.983492],[27.146027,37.983617],[27.145774,37.983508],[27.145395,37.983509],[27.145121,37.98368],[27.145099,37.983856],[27.145059,37.984176],[27.144849,37.984378],[27.144449,37.984533],[27.143585,37.984519],[27.143161,37.984571],[27.1427,37.984628],[27.142216,37.98483],[27.141962,37.985128],[27.141859,37.985249],[27.141775,37.98559],[27.141986,37.985915],[27.141902,37.98607],[27.141671,37.986241],[27.141335,37.986583],[27.141314,37.986939],[27.141357,37.987218],[27.141505,37.987481],[27.141463,37.987807],[27.141274,37.987962],[27.140495,37.988025],[27.14039,37.988227],[27.140327,37.988413],[27.139843,37.988677],[27.137926,37.989098],[27.137631,37.988958],[27.136956,37.988448],[27.13645,37.988448],[27.135797,37.988619],[27.135207,37.988589],[27.1352,37.988587],[27.134807,37.98845],[27.134343,37.988187],[27.133774,37.988079],[27.133416,37.988095],[27.132995,37.98822],[27.13232,37.988174],[27.132089,37.988314],[27.131817,37.989337],[27.131418,37.990019],[27.130786,37.990578],[27.13034,37.991072],[27.130114,37.991323],[27.128577,37.992533],[27.126114,37.993258],[27.12602,37.993279],[27.124492,37.993607],[27.122996,37.993686],[27.121795,37.993935],[27.121543,37.994137],[27.121459,37.994385],[27.121185,37.994463],[27.120764,37.994355],[27.120489,37.994154],[27.120278,37.993658],[27.120172,37.993131],[27.120023,37.992651],[27.11958,37.992372],[27.119159,37.992357],[27.118633,37.992854],[27.118633,37.992978],[27.119013,37.993008],[27.118844,37.993225],[27.118487,37.993598],[27.118466,37.993861],[27.118256,37.994032],[27.118214,37.994156],[27.118614,37.994481],[27.11851,37.994683],[27.118784,37.995101],[27.1187,37.995333],[27.118427,37.995768],[27.117944,37.996807],[27.117608,37.997272],[27.117292,37.997582],[27.116639,37.997862],[27.116365,37.997785],[27.116028,37.997522],[27.115817,37.997584],[27.115607,37.998266],[27.115304,37.998713],[27.115271,37.998762],[27.114787,37.999042],[27.114935,37.999336],[27.115377,37.999351],[27.115314,37.999646],[27.115568,37.999971],[27.115568,38.000374],[27.115232,38.000622],[27.115064,38.001242],[27.114854,38.001413],[27.114138,38.001584],[27.113526,38.001554],[27.113147,38.001492],[27.113083,38.001182],[27.113041,38.000795],[27.112745,38.00047],[27.112408,38.000501],[27.111945,38.000687],[27.111082,38.001788],[27.11102,38.002486],[27.111273,38.002749],[27.1118,38.002749],[27.111822,38.002888],[27.111358,38.003261],[27.111296,38.003509],[27.111907,38.003911],[27.111844,38.003973],[27.111317,38.003974],[27.11096,38.004625],[27.111488,38.004996],[27.111509,38.005244],[27.111362,38.005461],[27.111214,38.005477],[27.110983,38.005679],[27.111004,38.005834],[27.110583,38.006268],[27.110227,38.006336],[27.110014,38.006377],[27.109782,38.006176],[27.109192,38.005913],[27.108728,38.00596],[27.108413,38.006301],[27.108687,38.006812],[27.108498,38.007076],[27.108541,38.007293],[27.108541,38.007742],[27.106858,38.009883],[27.106016,38.010348],[27.1057,38.010411],[27.105974,38.01055],[27.105511,38.010705],[27.105173,38.010597],[27.104878,38.010365],[27.104709,38.010133],[27.104499,38.010288],[27.104562,38.01066],[27.104183,38.010924],[27.103888,38.011032],[27.10351,38.011358],[27.103172,38.011389],[27.102899,38.011638],[27.1029,38.01232],[27.103175,38.012908],[27.102711,38.013343],[27.102543,38.013715],[27.101659,38.014336],[27.100441,38.01492],[27.097987,38.016315],[27.096755,38.016781],[27.094732,38.017015],[27.094195,38.017015],[27.092509,38.017387],[27.092004,38.017455],[27.090434,38.017669],[27.088443,38.017671],[27.086925,38.017044],[27.086419,38.016231],[27.086164,38.015209],[27.086222,38.015138],[27.086354,38.014976],[27.08629,38.014535],[27.085689,38.013977],[27.085246,38.013954],[27.084709,38.013699],[27.084422,38.013963],[27.084077,38.014281],[27.083382,38.01442],[27.08316,38.014604],[27.083272,38.014851],[27.082881,38.015416],[27.082434,38.015694],[27.082085,38.015736],[27.081651,38.015273],[27.08091,38.015151],[27.080044,38.015233],[27.079317,38.015676],[27.078871,38.016324],[27.078228,38.016355],[27.078032,38.016108],[27.077557,38.016088],[27.077109,38.015657],[27.077151,38.015451],[27.077835,38.014947],[27.077858,38.014725],[27.077877,38.014536],[27.076491,38.013057],[27.076114,38.012821],[27.07603,38.012553],[27.075862,38.012543],[27.075792,38.012698],[27.075234,38.013428],[27.075192,38.013767],[27.075794,38.014198],[27.076088,38.014671],[27.076074,38.015072],[27.075809,38.015349],[27.07458,38.01607],[27.074608,38.016213],[27.074817,38.016309],[27.074831,38.016316],[27.075153,38.016419],[27.074916,38.016871],[27.074636,38.01681],[27.074399,38.016995],[27.074441,38.017139],[27.074567,38.017282],[27.074469,38.017375],[27.074176,38.017406],[27.07419,38.01755],[27.074316,38.017704],[27.073869,38.017817],[27.073967,38.017992],[27.073743,38.018043],[27.073547,38.017807],[27.073483,38.01781],[27.072792,38.017838],[27.07222,38.018168],[27.071563,38.018178],[27.07113,38.018723],[27.070808,38.018621],[27.070725,38.018888],[27.070585,38.019124],[27.071201,38.019669],[27.071844,38.019658],[27.07218,38.020213],[27.072199,38.020365],[27.072236,38.020665],[27.072041,38.021056],[27.071987,38.02106],[27.071621,38.021087],[27.071189,38.021519],[27.070909,38.021334],[27.070643,38.021468],[27.070588,38.021807],[27.070937,38.021971],[27.071022,38.022249],[27.070756,38.022567],[27.070617,38.022773],[27.071581,38.022834],[27.071749,38.022649],[27.071888,38.022633],[27.071931,38.022628],[27.072364,38.023019],[27.072742,38.023656],[27.072925,38.024437],[27.072912,38.025166],[27.072675,38.025958],[27.072197,38.026961],[27.072019,38.027336],[27.071572,38.028045],[27.071489,38.028415],[27.070163,38.030708],[27.069562,38.030482],[27.069408,38.030606],[27.070051,38.030893],[27.069619,38.031572],[27.069199,38.031418],[27.069101,38.031531],[27.069507,38.031788],[27.069256,38.032291],[27.068642,38.033165],[27.068027,38.033844],[27.067426,38.033484],[27.067286,38.033659],[27.067957,38.03405],[27.067085,38.035016],[27.066575,38.035582],[27.066197,38.035849],[27.066151,38.035815],[27.066002,38.035705],[27.065345,38.036014],[27.065135,38.036158],[27.065079,38.036405],[27.06461,38.037035],[27.064605,38.037042],[27.064381,38.037258],[27.064254,38.0373],[27.063067,38.037691],[27.062536,38.037485],[27.061668,38.036818],[27.061361,38.036756],[27.061025,38.036592],[27.060746,38.036633],[27.060578,38.036849],[27.060774,38.037065],[27.06083,38.037599],[27.059084,38.03946],[27.058804,38.039306],[27.058665,38.039461],[27.058931,38.039646],[27.058022,38.040509],[27.057799,38.040355],[27.057617,38.040479],[27.057855,38.040633],[27.057603,38.04088],[27.057421,38.040746],[27.057254,38.04088],[27.057464,38.041023],[27.057114,38.041414],[27.056835,38.04127],[27.056723,38.041363],[27.056975,38.041558],[27.055793,38.042733],[27.049686,38.047872],[27.04933,38.048171],[27.046371,38.05004],[27.045085,38.050662],[27.044645,38.050875],[27.041118,38.052181],[27.038207,38.052835],[27.036258,38.052945],[27.035296,38.053181],[27.033027,38.053181],[27.031916,38.053363],[27.025428,38.053437],[27.024738,38.053528],[27.024096,38.053238],[27.022542,38.053292],[27.017214,38.054563],[27.014401,38.055615],[27.013365,38.05634],[27.013119,38.056358],[27.010158,38.057755],[27.008506,38.058968],[27.00619,38.060467],[27.002051,38.063145],[27.001297,38.063578],[27.000166,38.064228],[26.9995,38.064554],[26.99765,38.065932],[26.996589,38.066476],[26.996293,38.066712],[26.995996,38.06702],[26.996218,38.067274],[26.996194,38.067492],[26.995972,38.067727],[26.993877,38.069289],[26.992591,38.070248],[26.991094,38.070838],[26.989902,38.071308],[26.98903,38.071742],[26.989117,38.071851],[26.989578,38.076732],[26.989348,38.084973],[26.989624,38.087781],[26.991926,38.090405],[26.993491,38.092246],[26.994596,38.093903],[26.996115,38.0951],[26.998417,38.096389],[27.00187,38.098001],[27.004862,38.098829],[27.006703,38.09998],[27.008315,38.103663],[27.008683,38.105827],[27.009972,38.107668],[27.010939,38.109509],[27.011767,38.111397],[27.011629,38.113146],[27.011031,38.114665],[27.010616,38.118118],[27.010064,38.122491],[27.010248,38.125668],[27.011583,38.127693],[27.013286,38.129443],[27.017015,38.133217],[27.019087,38.134875],[27.020606,38.136624],[27.021527,38.138972],[27.021803,38.14247],[27.021895,38.146061],[27.02254,38.148133],[27.022724,38.151401],[27.022862,38.15536],[27.023092,38.158284],[27.022586,38.160931],[27.022309,38.163509],[27.021066,38.166777],[27.020054,38.17069],[27.018719,38.172992],[27.017153,38.175524],[27.013747,38.179713],[27.01209,38.181646],[27.010524,38.184362],[27.008038,38.186618],[27.004448,38.188828],[27.000857,38.190531],[26.998095,38.192741],[26.995655,38.19426],[26.992617,38.196147],[26.991282,38.197068],[26.987507,38.200245],[26.985159,38.20204],[26.982811,38.204434],[26.980279,38.206413],[26.977701,38.20784],[26.973466,38.208669],[26.970842,38.208761],[26.968034,38.209682],[26.965732,38.210695],[26.963384,38.211063],[26.961589,38.211109],[26.95984,38.211109],[26.956893,38.211753],[26.954269,38.212858],[26.953487,38.213687],[26.952566,38.216219],[26.951599,38.21737],[26.950541,38.219671],[26.949712,38.22096],[26.947917,38.222664],[26.947042,38.223861],[26.945569,38.225288],[26.943359,38.226899],[26.941978,38.227866],[26.940505,38.228786],[26.939308,38.229845],[26.938341,38.23118],[26.938111,38.232653],[26.938157,38.234219],[26.93917,38.23652],[26.940091,38.237993],[26.941518,38.24094],[26.941518,38.241952],[26.940781,38.244576],[26.939952,38.24651],[26.939584,38.249088],[26.939538,38.251067],[26.939998,38.253645],[26.941241,38.256315],[26.941886,38.258065],[26.942899,38.260413],[26.944418,38.262806],[26.945845,38.264648],[26.946996,38.266765],[26.947134,38.269159],[26.94741,38.270816],[26.948009,38.273164],[26.948047,38.274361],[26.948415,38.276632],[26.948477,38.278596],[26.949152,38.28142],[26.949152,38.283016],[26.947004,38.286208],[26.944548,38.290075],[26.943443,38.292775],[26.942952,38.296028],[26.941848,38.299957],[26.941602,38.301553],[26.944412,38.29892],[26.94576,38.298544],[26.947628,38.298024],[26.952105,38.297858],[26.954029,38.297626],[26.955574,38.296717],[26.956284,38.2963],[26.95834,38.295139],[26.959898,38.294973],[26.961123,38.295433],[26.96149,38.29557],[26.963811,38.296366],[26.967044,38.298308],[26.970582,38.300018],[26.971083,38.300106],[26.973942,38.300607],[26.977892,38.301786],[26.979896,38.302553],[26.981689,38.303791],[26.982372,38.304262],[26.984672,38.305441],[26.986676,38.306149],[26.990567,38.306679],[26.993868,38.306797],[26.995991,38.306915],[26.99717,38.307252],[26.997641,38.307387],[26.999115,38.308625],[27.000294,38.310806],[27.001827,38.312162],[27.003478,38.313341],[27.003566,38.31342],[27.00507,38.314756],[27.005836,38.31567],[27.006602,38.316584],[27.009137,38.317586],[27.010022,38.318293],[27.011437,38.318588],[27.014207,38.318588],[27.01686,38.317704],[27.018629,38.316525],[27.020574,38.316171],[27.024524,38.314697],[27.024608,38.314701],[27.027944,38.314874],[27.030125,38.315287],[27.033485,38.314638],[27.035902,38.313636],[27.037266,38.312932],[27.03773,38.312693],[27.038183,38.312497],[27.040737,38.311396],[27.043861,38.310276],[27.045335,38.309922],[27.047588,38.309961],[27.048754,38.309981],[27.053765,38.309981],[27.055401,38.309952],[27.057067,38.309922],[27.05796,38.310182],[27.058482,38.310335],[27.065733,38.31116],[27.06641,38.311339],[27.068622,38.311926],[27.071334,38.312162],[27.072866,38.311573],[27.07434,38.310747],[27.076227,38.309804],[27.078821,38.308684],[27.083124,38.30721],[27.0879,38.305795],[27.089904,38.305441],[27.091555,38.304557],[27.091908,38.30385],[27.09297,38.301727],[27.094738,38.30102],[27.097509,38.300784],[27.10199,38.300194],[27.108887,38.299959],[27.114193,38.299959],[27.116728,38.300371],[27.120029,38.30102],[27.122741,38.301197],[27.126102,38.300725],[27.132763,38.295655],[27.134414,38.294594],[27.137126,38.292766],[27.138895,38.291646],[27.141489,38.290821],[27.142191,38.290715],[27.142619,38.290651],[27.143611,38.288109],[27.144731,38.284925],[27.145733,38.282685],[27.148268,38.279443],[27.15269,38.273665],[27.154281,38.271543],[27.155755,38.269892],[27.15717,38.26889],[27.159175,38.268124],[27.163552,38.266982],[27.164598,38.266709],[27.166957,38.266473],[27.167903,38.266538],[27.168666,38.266591],[27.170199,38.266945],[27.171732,38.267888],[27.173357,38.269021],[27.173677,38.269244],[27.175004,38.270275],[27.177391,38.272132],[27.180221,38.274373],[27.180988,38.275139],[27.181234,38.276205],[27.181341,38.276672],[27.181859,38.279318],[27.18364,38.281919],[27.184924,38.282875],[27.186647,38.284159],[27.190538,38.286281],[27.195608,38.287755],[27.197455,38.288345],[27.198379,38.28864],[27.199931,38.289562],[27.20056,38.289937],[27.202624,38.290762],[27.2051,38.290998],[27.205782,38.291069],[27.209049,38.29141],[27.213516,38.292237]]]}},{"type":"Feature","properties":{"id":"TR-D-35-023","parent_id":"TR-P-35","region_id":"TR-R-EGE","level":"district","municipality_type":null,"municipality_type_label":null,"is_metropolitan_municipality":null,"name":"Menemen","name_ascii":"menemen","slug":"menemen-izmir"},"geometry":{"type":"Polygon","coordinates":[[[26.882619,38.534227],[26.882605,38.534466],[26.882604,38.53459],[26.882568,38.534634],[26.882349,38.53463],[26.881693,38.534618],[26.878155,38.534524],[26.877497,38.534098],[26.876915,38.534242],[26.87447,38.535029],[26.873617,38.534689],[26.873035,38.534999],[26.873072,38.535849],[26.872218,38.536414],[26.870122,38.537233],[26.868221,38.537543],[26.867871,38.537854],[26.866552,38.537994],[26.865777,38.537766],[26.865272,38.537964],[26.864612,38.538501],[26.862672,38.538669],[26.861158,38.53912],[26.860072,38.539091],[26.855974,38.540356],[26.853877,38.541028],[26.850019,38.542334],[26.84901,38.542843],[26.847456,38.543973],[26.846717,38.544822],[26.846018,38.545104],[26.845357,38.545896],[26.845356,38.546264],[26.845812,38.5471],[26.84667,38.548673],[26.846514,38.549154],[26.845854,38.54938],[26.845621,38.549606],[26.845852,38.55006],[26.845851,38.550513],[26.845347,38.550625],[26.844456,38.550029],[26.843988,38.549981],[26.84306,38.549886],[26.843137,38.550197],[26.842632,38.550452],[26.842087,38.551272],[26.841892,38.551753],[26.841426,38.552007],[26.840727,38.551978],[26.839951,38.552317],[26.839174,38.552656],[26.838395,38.55407],[26.837075,38.554437],[26.836534,38.553615],[26.836146,38.553416],[26.835757,38.553897],[26.835524,38.553896],[26.835369,38.554066],[26.835562,38.554576],[26.834707,38.554858],[26.833543,38.554913],[26.833038,38.555252],[26.831991,38.555251],[26.831714,38.555745],[26.831684,38.556279],[26.830784,38.55636],[26.830474,38.556626],[26.830866,38.557161],[26.832189,38.556855],[26.83326,38.556487],[26.839845,38.555798],[26.840463,38.55623],[26.840564,38.556496],[26.840798,38.557113],[26.841303,38.558017],[26.841049,38.558202],[26.840879,38.558674],[26.840706,38.558753],[26.840429,38.558879],[26.84009,38.559104],[26.84009,38.55933],[26.83978,38.559535],[26.839751,38.559843],[26.839554,38.559986],[26.838992,38.559657],[26.838766,38.559862],[26.838201,38.560908],[26.838341,38.561176],[26.841067,38.560979],[26.841409,38.560954],[26.845322,38.560138],[26.846756,38.56016],[26.847065,38.56053],[26.846415,38.562152],[26.845795,38.562459],[26.84481,38.562437],[26.844107,38.562333],[26.843205,38.562907],[26.843205,38.563277],[26.84427,38.564941],[26.843087,38.565638],[26.842382,38.56615],[26.842058,38.566706],[26.841987,38.566827],[26.841844,38.567874],[26.84289,38.569159],[26.842993,38.569243],[26.844469,38.570444],[26.844643,38.571257],[26.845754,38.572371],[26.847042,38.573356],[26.847975,38.575453],[26.848385,38.575539],[26.848031,38.576907],[26.847797,38.576521],[26.847773,38.576532],[26.847504,38.576649],[26.846915,38.57776],[26.847022,38.578556],[26.84703,38.578616],[26.846518,38.579263],[26.845032,38.581136],[26.844563,38.581221],[26.843859,38.581734],[26.842861,38.582032],[26.842334,38.581903],[26.841632,38.581303],[26.840929,38.58096],[26.840345,38.580189],[26.840052,38.580275],[26.839816,38.580787],[26.840109,38.58113],[26.840047,38.582327],[26.83987,38.583011],[26.839282,38.583737],[26.83975,38.584038],[26.84016,38.584551],[26.839983,38.585107],[26.839219,38.585576],[26.839101,38.585918],[26.839628,38.586261],[26.839907,38.587577],[26.839869,38.587619],[26.839852,38.587637],[26.839156,38.587714],[26.838803,38.588142],[26.838569,38.588141],[26.838285,38.588718],[26.838274,38.58874],[26.838449,38.589339],[26.838214,38.589723],[26.837863,38.589295],[26.836867,38.58908],[26.836457,38.588737],[26.835988,38.588694],[26.834679,38.587611],[26.834543,38.587498],[26.834799,38.586836],[26.834183,38.58596],[26.833349,38.585217],[26.833303,38.585088],[26.832699,38.583413],[26.832918,38.582857],[26.832592,38.582777],[26.832155,38.582856],[26.832303,38.582087],[26.832159,38.581478],[26.831795,38.581636],[26.831288,38.580761],[26.831471,38.580443],[26.831037,38.579541],[26.830894,38.578666],[26.831512,38.578296],[26.831476,38.578031],[26.831113,38.57811],[26.830786,38.57795],[26.830497,38.577552],[26.830387,38.577896],[26.830458,38.578586],[26.830384,38.57901],[26.829801,38.579804],[26.829218,38.58028],[26.828854,38.580651],[26.828781,38.581022],[26.827981,38.58118],[26.82718,38.582107],[26.82685,38.583166],[26.827647,38.584016],[26.827718,38.584917],[26.82766,38.58501],[26.826806,38.586374],[26.826078,38.587035],[26.825642,38.587114],[26.825422,38.58767],[26.826401,38.588626],[26.826291,38.589103],[26.825598,38.589897],[26.82487,38.590585],[26.824106,38.590902],[26.823961,38.590743],[26.823706,38.590955],[26.823526,38.59061],[26.823674,38.589285],[26.82324,38.588462],[26.822333,38.587984],[26.821715,38.587956],[26.82106,38.588353],[26.820842,38.588406],[26.82077,38.58814],[26.820443,38.58806],[26.820189,38.58814],[26.819754,38.587715],[26.81961,38.587184],[26.81877,38.586889],[26.818702,38.586865],[26.818084,38.58697],[26.817757,38.587182],[26.816812,38.58718],[26.815902,38.587921],[26.815964,38.588183],[26.81601,38.588372],[26.817851,38.589955],[26.818185,38.590284],[26.817602,38.59068],[26.816333,38.589804],[26.815594,38.589484],[26.815423,38.590902],[26.815829,38.591285],[26.816153,38.591632],[26.816442,38.591996],[26.816659,38.592334],[26.816849,38.592684],[26.817019,38.593043],[26.817174,38.59341],[26.81732,38.59378],[26.81788,38.595279],[26.818179,38.59602],[26.818338,38.596386],[26.818684,38.597109],[26.818873,38.597465],[26.8191,38.597858],[26.819339,38.598246],[26.819844,38.599014],[26.820902,38.600535],[26.821987,38.602042],[26.822546,38.602778],[26.822835,38.603136],[26.823134,38.603483],[26.823448,38.603815],[26.82378,38.604126],[26.824134,38.60441],[26.824513,38.604659],[26.824923,38.604864],[26.825327,38.605007],[26.825755,38.605118],[26.826653,38.605308],[26.827109,38.605411],[26.827568,38.605526],[26.828028,38.605652],[26.828487,38.605788],[26.828994,38.605951],[26.829498,38.606125],[26.830501,38.606492],[26.831498,38.606876],[26.832988,38.607467],[26.838925,38.609857],[26.840394,38.610473],[26.841355,38.610906],[26.841804,38.611124],[26.842246,38.61135],[26.842679,38.611586],[26.843103,38.611832],[26.843531,38.612099],[26.84395,38.612377],[26.844359,38.612663],[26.84476,38.612956],[26.845153,38.613257],[26.845537,38.613564],[26.84591,38.61388],[26.84627,38.614204],[26.84685,38.614779],[26.84769,38.615661],[26.848256,38.616228],[26.848551,38.6165],[26.848858,38.616762],[26.849179,38.617009],[26.849569,38.617269],[26.849982,38.617505],[26.850415,38.617715],[26.850868,38.617896],[26.851317,38.618039],[26.851781,38.618159],[26.852257,38.618261],[26.85274,38.61835],[26.853809,38.618515],[26.855435,38.618725],[26.857064,38.618904],[26.857604,38.618952],[26.85814,38.618991],[26.85867,38.619016],[26.859152,38.619021],[26.859624,38.619004],[26.860084,38.618958],[26.860527,38.618873],[26.860963,38.618737],[26.861436,38.618522],[26.861764,38.618337],[26.862125,38.618084],[26.862431,38.617822],[26.862718,38.617541],[26.862992,38.617248],[26.863528,38.616653],[26.863799,38.616367],[26.864078,38.616094],[26.864372,38.615842],[26.864685,38.61562],[26.865023,38.615438],[26.865438,38.615291],[26.865817,38.615212],[26.866347,38.615149],[26.866822,38.615141],[26.8673,38.61517],[26.867774,38.615239],[26.868235,38.615354],[26.868696,38.615526],[26.86914,38.615741],[26.869571,38.615988],[26.869991,38.616258],[26.870403,38.616543],[26.871209,38.617144],[26.871994,38.617768],[26.872379,38.618086],[26.872756,38.618407],[26.873122,38.618732],[26.873474,38.619064],[26.873806,38.619403],[26.87411,38.619753],[26.874377,38.620119],[26.874574,38.620457],[26.874741,38.620807],[26.874884,38.621166],[26.875007,38.621534],[26.875115,38.621907],[26.875214,38.622297],[26.875571,38.623874],[26.875674,38.624264],[26.87579,38.624649],[26.875924,38.625027],[26.876081,38.625393],[26.876268,38.625745],[26.876522,38.626117],[26.87682,38.626459],[26.87716,38.626768],[26.877544,38.627034],[26.877928,38.627227],[26.878343,38.62738],[26.878781,38.627493],[26.879236,38.627565],[26.879697,38.627593],[26.880166,38.627582],[26.880639,38.627537],[26.88111,38.627459],[26.881594,38.627346],[26.882073,38.627205],[26.882548,38.627045],[26.88302,38.626869],[26.884035,38.626456],[26.885821,38.625704],[26.886281,38.625524],[26.88674,38.625359],[26.887197,38.625216],[26.887652,38.625103],[26.888114,38.62503],[26.88855,38.625014],[26.889026,38.62507],[26.889498,38.625189],[26.889967,38.625354],[26.890434,38.625551],[26.8909,38.625772],[26.891366,38.626009],[26.892295,38.626512],[26.893678,38.627301],[26.894575,38.627839],[26.895007,38.628113],[26.895419,38.628393],[26.895804,38.62868],[26.89615,38.62898],[26.896442,38.629296],[26.89666,38.629635],[26.896778,38.629958],[26.896836,38.630299],[26.896849,38.630655],[26.896831,38.631022],[26.896789,38.631397],[26.896655,38.632222],[26.896231,38.634337],[26.896085,38.635182],[26.896031,38.635599],[26.895997,38.636009],[26.89599,38.636409],[26.89602,38.636795],[26.896102,38.637159],[26.896241,38.637488],[26.896435,38.637783],[26.896675,38.638036],[26.896957,38.638235],[26.897281,38.638365],[26.897645,38.638412],[26.898041,38.63839],[26.898459,38.638315],[26.898892,38.638198],[26.899252,38.638077],[26.89979,38.637873],[26.900245,38.637681],[26.9007,38.637475],[26.901156,38.637259],[26.901973,38.63685],[26.902957,38.636326],[26.904731,38.63532],[26.905619,38.634826],[26.906069,38.63459],[26.906605,38.63433],[26.906974,38.634163],[26.90744,38.633975],[26.907917,38.633811],[26.908376,38.633683],[26.908845,38.633578],[26.909321,38.633493],[26.909697,38.633442],[26.910364,38.633374],[26.910928,38.63334],[26.911496,38.633319],[26.912066,38.63331],[26.912637,38.63331],[26.913208,38.633319],[26.913779,38.633338],[26.914777,38.633398],[26.915274,38.63344],[26.915769,38.633493],[26.916265,38.633556],[26.916758,38.633629],[26.917249,38.633712],[26.917736,38.633806],[26.918227,38.633913],[26.918714,38.63403],[26.919681,38.634286],[26.920214,38.634438],[26.921802,38.63492],[26.929235,38.637249],[26.93447,38.638862],[26.935517,38.639196],[26.936033,38.639368],[26.936552,38.63955],[26.937037,38.639733],[26.937518,38.639932],[26.937977,38.640148],[26.938404,38.640388],[26.938791,38.640659],[26.939089,38.640928],[26.939359,38.641219],[26.940119,38.64215],[26.940429,38.642494],[26.940762,38.642824],[26.941121,38.643137],[26.941509,38.643426],[26.941901,38.643668],[26.942318,38.643887],[26.942756,38.644083],[26.943211,38.644259],[26.943719,38.644425],[26.944241,38.644573],[26.944772,38.644707],[26.945309,38.644832],[26.946396,38.645063],[26.954062,38.646582],[26.95734,38.647245],[26.959105,38.647607],[26.959706,38.647731],[26.96134,38.64999],[26.962954,38.652306],[26.964248,38.653092],[26.965867,38.653442],[26.967283,38.653073],[26.974535,38.654735],[26.980608,38.656458],[26.98586,38.66089],[26.986845,38.66647],[26.98711,38.667212],[26.989635,38.674266],[26.992753,38.678369],[26.993902,38.681816],[26.995297,38.684524],[26.997595,38.686904],[26.998744,38.688217],[27.000057,38.688709],[27.001452,38.689776],[27.002355,38.690679],[27.002929,38.691089],[27.006786,38.686822],[27.009751,38.687499],[27.011289,38.688176],[27.014121,38.689899],[27.015475,38.690884],[27.017198,38.692053],[27.019352,38.692361],[27.021199,38.693161],[27.022614,38.694331],[27.023907,38.695254],[27.02563,38.696239],[27.028461,38.697285],[27.031354,38.697962],[27.035153,38.699097],[27.036576,38.701176],[27.037451,38.703693],[27.039092,38.708289],[27.039858,38.712228],[27.04139,38.717151],[27.043578,38.720981],[27.045767,38.724592],[27.047627,38.728093],[27.052441,38.730938],[27.057365,38.731595],[27.063493,38.731376],[27.069073,38.731048],[27.073559,38.731376],[27.076623,38.731157],[27.082203,38.729406],[27.085486,38.728969],[27.090081,38.729844],[27.094239,38.732142],[27.099505,38.733947],[27.105414,38.73444],[27.114851,38.732716],[27.122976,38.731649],[27.126422,38.731567],[27.129459,38.730583],[27.133069,38.728941],[27.136762,38.728039],[27.13906,38.729352],[27.141358,38.731732],[27.143649,38.734114],[27.146089,38.732806],[27.148781,38.733231],[27.149402,38.733329],[27.152453,38.733503],[27.153259,38.733656],[27.157508,38.734462],[27.161344,38.735595],[27.164656,38.736031],[27.168317,38.73577],[27.174418,38.734724],[27.176058,38.734238],[27.176772,38.734026],[27.179174,38.733397],[27.180433,38.733068],[27.183571,38.732632],[27.187319,38.730365],[27.191939,38.729407],[27.197082,38.72714],[27.200917,38.724961],[27.202573,38.724002],[27.205275,38.722259],[27.208152,38.719557],[27.211028,38.717116],[27.212946,38.715547],[27.215387,38.712235],[27.218002,38.709533],[27.220355,38.707441],[27.221052,38.706656],[27.22175,38.705872],[27.223144,38.703257],[27.223406,38.700729],[27.223323,38.699077],[27.223319,38.698986],[27.223179,38.698707],[27.222621,38.697591],[27.220878,38.695325],[27.219099,38.694027],[27.217653,38.692971],[27.215648,38.691751],[27.213382,38.690705],[27.209459,38.688351],[27.208326,38.686782],[27.20863,38.684908],[27.208849,38.683557],[27.212249,38.679722],[27.213643,38.67763],[27.214689,38.675363],[27.216084,38.67362],[27.218525,38.672051],[27.221837,38.670657],[27.224713,38.670046],[27.226399,38.669698],[27.227241,38.669523],[27.228102,38.669251],[27.230815,38.66839],[27.232733,38.667606],[27.234476,38.666124],[27.236481,38.664381],[27.237788,38.66255],[27.238834,38.659586],[27.238573,38.655228],[27.237352,38.650783],[27.236745,38.648596],[27.236481,38.647645],[27.236045,38.644332],[27.236394,38.637969],[27.236394,38.632042],[27.238311,38.624633],[27.238822,38.620863],[27.239009,38.61949],[27.239555,38.617015],[27.240316,38.613563],[27.241449,38.610686],[27.241705,38.60946],[27.241885,38.608594],[27.241275,38.606764],[27.23927,38.602318],[27.237946,38.598935],[27.236917,38.596304],[27.236394,38.593166],[27.237265,38.589592],[27.239444,38.586018],[27.244326,38.57765],[27.245767,38.576522],[27.246331,38.576081],[27.251386,38.573989],[27.253478,38.572159],[27.253723,38.571834],[27.257226,38.56719],[27.258961,38.564949],[27.257989,38.56385],[27.256797,38.56259],[27.255536,38.561258],[27.254389,38.560784],[27.251122,38.559436],[27.248987,38.558669],[27.248389,38.558455],[27.244325,38.559716],[27.241172,38.560837],[27.237598,38.561398],[27.235286,38.560907],[27.234835,38.560206],[27.234024,38.558945],[27.232553,38.556703],[27.22954,38.551518],[27.228138,38.550817],[27.221547,38.54984],[27.220571,38.549696],[27.218889,38.548509],[27.218188,38.548014],[27.216577,38.545982],[27.216036,38.545516],[27.214545,38.54423],[27.212512,38.543459],[27.208588,38.543162],[27.207888,38.543109],[27.205821,38.542256],[27.202282,38.540797],[27.197237,38.539255],[27.191982,38.536803],[27.189809,38.535752],[27.187427,38.533719],[27.186733,38.534613],[27.18442,38.536926],[27.182757,38.538083],[27.178203,38.539456],[27.176107,38.540902],[27.174661,38.541408],[27.171769,38.542131],[27.17054,38.543432],[27.169095,38.54589],[27.166854,38.54842],[27.164251,38.550227],[27.161793,38.551384],[27.157456,38.552396],[27.153625,38.551745],[27.143793,38.552107],[27.139528,38.55189],[27.134251,38.552613],[27.130637,38.552685],[27.126661,38.552541],[27.122829,38.553408],[27.118275,38.553986],[27.113938,38.553842],[27.109745,38.55348],[27.104468,38.552251],[27.099697,38.551384],[27.099011,38.551429],[27.094131,38.551745],[27.087769,38.55189],[27.084371,38.552902],[27.08054,38.554131],[27.075263,38.555071],[27.070275,38.554565],[27.067456,38.553986],[27.064492,38.553191],[27.060733,38.551601],[27.057624,38.549504],[27.051697,38.545456],[27.047359,38.542637],[27.045335,38.540324],[27.043383,38.536709],[27.041357,38.533367],[27.040301,38.531308],[27.040135,38.530746],[27.039706,38.530218],[27.039111,38.529326],[27.039111,38.528665],[27.039739,38.528071],[27.040373,38.527646],[27.040433,38.527377],[27.040121,38.526503],[27.039772,38.525329],[27.038962,38.525048],[27.037097,38.523909],[27.036195,38.523233],[27.035315,38.522681],[27.034817,38.523149],[27.033562,38.524173],[27.032373,38.525098],[27.031446,38.526188],[27.03125,38.526419],[27.030325,38.526089],[27.028475,38.524503],[27.027782,38.524701],[27.024016,38.520539],[27.020878,38.523809],[27.017905,38.526749],[27.015428,38.528929],[27.014305,38.529755],[27.01229,38.529755],[27.006476,38.529293],[27.002578,38.528764],[27.00271,38.528137],[27.00271,38.527509],[27.002142,38.526931],[27.001154,38.526179],[26.999419,38.525119],[26.994504,38.524155],[26.991709,38.523577],[26.989877,38.522902],[26.987082,38.520685],[26.98419,38.518757],[26.982456,38.516444],[26.97513,38.514613],[26.966937,38.516637],[26.962311,38.519143],[26.959612,38.520781],[26.955853,38.520781],[26.954118,38.52136],[26.949202,38.52483],[26.94554,38.527529],[26.943516,38.528396],[26.940624,38.528974],[26.93648,38.530709],[26.932913,38.532541],[26.9306,38.533794],[26.929443,38.533504],[26.926937,38.531673],[26.925338,38.530191],[26.924091,38.529432],[26.921976,38.529269],[26.920458,38.529161],[26.918452,38.529703],[26.916284,38.530625],[26.914278,38.53133],[26.912163,38.53133],[26.910808,38.531059],[26.908043,38.5303],[26.905549,38.529703],[26.904573,38.52992],[26.900832,38.532035],[26.899205,38.532848],[26.897741,38.532902],[26.895735,38.532035],[26.888308,38.533173],[26.88292,38.533883],[26.882916,38.533887],[26.882839,38.533966],[26.882748,38.534058],[26.882677,38.534132],[26.882619,38.534227]]]}},{"type":"Feature","properties":{"id":"TR-D-35-024","parent_id":"TR-P-35","region_id":"TR-R-EGE","level":"district","municipality_type":null,"municipality_type_label":null,"is_metropolitan_municipality":null,"name":"Narlıdere","name_ascii":"narlidere","slug":"narlidere-izmir"},"geometry":{"type":"Polygon","coordinates":[[[27.020224,38.415612],[27.020172,38.415513],[27.019908,38.415575],[27.019055,38.415436],[27.019082,38.415373],[27.019084,38.415352],[27.019044,38.415337],[27.019049,38.415327],[27.019042,38.415318],[27.018907,38.415278],[27.018932,38.415222],[27.019082,38.415255],[27.019089,38.41524],[27.019121,38.415244],[27.019135,38.415241],[27.019139,38.415231],[27.018373,38.414877],[27.017792,38.414321],[27.017526,38.413513],[27.017286,38.412528],[27.017312,38.412035],[27.01763,38.411464],[27.018069,38.410558],[27.018373,38.409951],[27.018751,38.409408],[27.018979,38.409092],[27.019093,38.408676],[27.019189,38.408291],[27.019968,38.407046],[27.020562,38.4061],[27.021722,38.404818],[27.021859,38.404419],[27.021921,38.403935],[27.022612,38.402905],[27.023905,38.400336],[27.024049,38.399947],[27.024194,38.399608],[27.02441,38.39914],[27.024818,38.398331],[27.025678,38.396709],[27.026552,38.395091],[27.027226,38.393888],[27.027461,38.393492],[27.027922,38.392764],[27.029379,38.39063],[27.030418,38.38905],[27.031696,38.387066],[27.032698,38.385478],[27.033079,38.384857],[27.034666,38.382266],[27.035129,38.38151],[27.036122,38.379866],[27.036319,38.379538],[27.036781,38.378739],[27.037002,38.378337],[27.037213,38.377932],[27.037401,38.377545],[27.037578,38.377155],[27.037905,38.37637],[27.038194,38.375577],[27.038319,38.375178],[27.038426,38.374745],[27.038496,38.374298],[27.038531,38.373888],[27.038544,38.373731],[27.038549,38.373466],[27.038554,38.373191],[27.038541,38.372655],[27.038511,38.372144],[27.038473,38.37168],[27.038368,38.370701],[27.038387,38.369432],[27.038385,38.368705],[27.038285,38.368396],[27.03819,38.368101],[27.038114,38.367917],[27.037968,38.367562],[27.037723,38.367054],[27.037472,38.366603],[27.037137,38.36606],[27.036723,38.365389],[27.031973,38.357807],[27.03143,38.35694],[27.025585,38.347607],[27.02399,38.345047],[27.022705,38.342983],[27.020855,38.342345],[27.020084,38.342079],[27.017135,38.342061],[27.013813,38.342129],[27.009745,38.34179],[27.005609,38.342536],[27.0031,38.343553],[26.999303,38.344502],[26.99693,38.346536],[26.995031,38.348367],[26.992116,38.35013],[26.989336,38.350876],[26.985607,38.350808],[26.982291,38.349957],[26.980589,38.34952],[26.980047,38.349459],[26.978148,38.349248],[26.976114,38.349045],[26.97469,38.346943],[26.973266,38.345519],[26.970407,38.343282],[26.96652,38.342227],[26.965073,38.341835],[26.964,38.34163],[26.958926,38.34066],[26.95549,38.341564],[26.95281,38.343656],[26.953264,38.344641],[26.95265,38.348079],[26.951668,38.349613],[26.950441,38.3517],[26.949213,38.354953],[26.948722,38.358575],[26.946267,38.360969],[26.943812,38.361828],[26.941594,38.362015],[26.941326,38.361978],[26.941026,38.362072],[26.940433,38.362175],[26.94015,38.362635],[26.939737,38.363005],[26.939081,38.363195],[26.938607,38.363274],[26.938117,38.363227],[26.937785,38.363274],[26.937469,38.363479],[26.936979,38.363606],[26.936305,38.363371],[26.935856,38.363179],[26.935335,38.363147],[26.934797,38.363053],[26.934275,38.363037],[26.933627,38.363416],[26.933339,38.363705],[26.9326,38.364412],[26.931936,38.364997],[26.931247,38.365504],[26.930758,38.365825],[26.929991,38.366246],[26.929043,38.367052],[26.928252,38.367859],[26.927857,38.36838],[26.927367,38.368744],[26.926813,38.369013],[26.926244,38.369281],[26.925897,38.369835],[26.925644,38.370451],[26.925565,38.371052],[26.925185,38.371542],[26.924774,38.372238],[26.924277,38.37296],[26.92411,38.373202],[26.923778,38.37374],[26.923652,38.373977],[26.923652,38.37434],[26.923678,38.374879],[26.923699,38.375526],[26.923541,38.376664],[26.923478,38.37755],[26.923573,38.379921],[26.923683,38.380364],[26.92381,38.380632],[26.924031,38.380964],[26.924031,38.381344],[26.924047,38.381976],[26.924158,38.382276],[26.924442,38.382767],[26.924663,38.383367],[26.924774,38.383778],[26.924758,38.38411],[26.924252,38.384189],[26.924267,38.384577],[26.924274,38.38458],[26.924279,38.384586],[26.92428,38.384588],[26.924283,38.384597],[26.924293,38.3846],[26.924303,38.384595],[26.924312,38.384589],[26.924323,38.384592],[26.924333,38.384597],[26.924343,38.3846],[26.924367,38.384602],[26.92438,38.384602],[26.924391,38.384605],[26.924402,38.38461],[26.924413,38.384612],[26.924424,38.384608],[26.924447,38.384616],[26.924459,38.384616],[26.92447,38.384614],[26.924482,38.38461],[26.924494,38.384609],[26.924507,38.384612],[26.924528,38.384621],[26.924547,38.384632],[26.924555,38.384638],[26.924561,38.384646],[26.924572,38.38465],[26.924598,38.384651],[26.924622,38.384656],[26.924654,38.38467],[26.924677,38.384673],[26.924712,38.384664],[26.92479,38.384692],[26.924802,38.384692],[26.924813,38.38469],[26.924862,38.384718],[26.924873,38.384721],[26.924886,38.384722],[26.924899,38.384721],[26.924935,38.384716],[26.924947,38.384716],[26.924959,38.384718],[26.924979,38.384727],[26.924989,38.384733],[26.925,38.384737],[26.925011,38.38474],[26.925049,38.384743],[26.92506,38.384747],[26.92507,38.384751],[26.925079,38.384758],[26.925084,38.384767],[26.925086,38.384776],[26.925082,38.384804],[26.925084,38.384813],[26.925092,38.384821],[26.925107,38.384846],[26.925123,38.384892],[26.925126,38.38491],[26.925125,38.384932],[26.925126,38.384942],[26.925134,38.384959],[26.925139,38.384968],[26.925146,38.384975],[26.925154,38.384993],[26.925162,38.385001],[26.925171,38.385007],[26.925183,38.385013],[26.925191,38.38502],[26.9252,38.385025],[26.925235,38.385034],[26.925272,38.385037],[26.925319,38.385032],[26.925341,38.385026],[26.925364,38.385023],[26.925375,38.38502],[26.925384,38.385015],[26.925392,38.385008],[26.925397,38.385],[26.925407,38.384973],[26.925407,38.384963],[26.925405,38.384954],[26.925402,38.384944],[26.925395,38.384937],[26.925387,38.384931],[26.925382,38.384923],[26.92538,38.384914],[26.925377,38.384886],[26.925367,38.384859],[26.92535,38.384833],[26.925342,38.384827],[26.925332,38.384822],[26.925329,38.384813],[26.92533,38.384804],[26.925328,38.384795],[26.92533,38.384785],[26.925333,38.384776],[26.925349,38.384758],[26.925367,38.384738],[26.925379,38.38473],[26.925396,38.384722],[26.925417,38.384713],[26.925467,38.384693],[26.925477,38.384687],[26.925489,38.384685],[26.9255,38.384682],[26.925505,38.384674],[26.92551,38.384665],[26.925529,38.384654],[26.925586,38.384637],[26.925664,38.384619],[26.925782,38.38462],[26.925804,38.384626],[26.925813,38.384638],[26.925826,38.384635],[26.925807,38.384584],[26.925836,38.384554],[26.925846,38.384547],[26.925857,38.384541],[26.925881,38.384534],[26.925892,38.384532],[26.925904,38.384534],[26.925915,38.384533],[26.925918,38.384524],[26.925917,38.384515],[26.925918,38.384505],[26.92593,38.384489],[26.925981,38.384464],[26.926075,38.384437],[26.926088,38.384436],[26.9261,38.384437],[26.926124,38.384445],[26.926299,38.384397],[26.926314,38.384393],[26.926298,38.384359],[26.926549,38.384296],[26.926544,38.384283],[26.926557,38.384282],[26.926617,38.384273],[26.926631,38.384272],[26.926643,38.384272],[26.926654,38.384271],[26.926661,38.384263],[26.926668,38.384257],[26.926678,38.384252],[26.926715,38.38425],[26.926726,38.384247],[26.926729,38.384239],[26.926736,38.384231],[26.926747,38.384229],[26.926772,38.38423],[26.926784,38.384234],[26.926795,38.384236],[26.926797,38.384226],[26.926804,38.384218],[26.926811,38.38421],[26.926832,38.384201],[26.926889,38.384184],[26.9269,38.384182],[26.92695,38.384179],[26.926962,38.384176],[26.926972,38.384176],[26.926986,38.384179],[26.927006,38.384252],[26.927016,38.384289],[26.926998,38.384291],[26.927004,38.384314],[26.927056,38.384306],[26.92705,38.384283],[26.927032,38.384286],[26.927022,38.384249],[26.926998,38.384165],[26.927083,38.384147],[26.927122,38.384121],[26.92716,38.384115],[26.927172,38.384112],[26.927195,38.384111],[26.927356,38.38412],[26.927364,38.384122],[26.927371,38.384139],[26.927376,38.384143],[26.927379,38.384136],[26.927404,38.384138],[26.927458,38.384124],[26.927527,38.38409],[26.927605,38.384041],[26.927602,38.384032],[26.927595,38.384025],[26.927593,38.384016],[26.927595,38.383998],[26.927598,38.383989],[26.927603,38.38398],[26.927609,38.383971],[26.927623,38.383956],[26.927653,38.383928],[26.927659,38.38392],[26.927685,38.383901],[26.927697,38.383898],[26.927707,38.383893],[26.927715,38.383887],[26.927761,38.383869],[26.927756,38.383861],[26.927744,38.383832],[26.927774,38.383827],[26.927783,38.383853],[26.927928,38.383826],[26.927949,38.383832],[26.927984,38.383836],[26.927995,38.383838],[26.928021,38.383839],[26.928046,38.383838],[26.928267,38.38385],[26.928277,38.383803],[26.928299,38.383781],[26.928318,38.383771],[26.928327,38.383764],[26.928343,38.383743],[26.928598,38.383626],[26.928588,38.383602],[26.928594,38.383594],[26.928605,38.383591],[26.928678,38.383598],[26.928683,38.383618],[26.928739,38.38361],[26.928932,38.383497],[26.928964,38.383512],[26.928984,38.383511],[26.928984,38.383495],[26.929001,38.383486],[26.929024,38.383484],[26.929047,38.383486],[26.929103,38.383501],[26.929151,38.383509],[26.929185,38.383519],[26.929219,38.383525],[26.929256,38.383526],[26.92928,38.383531],[26.929346,38.383551],[26.929357,38.383557],[26.929369,38.383573],[26.929379,38.383578],[26.929473,38.383587],[26.929485,38.383586],[26.929508,38.383566],[26.929519,38.383561],[26.929532,38.38356],[26.929544,38.383561],[26.929567,38.383565],[26.92958,38.383565],[26.929591,38.383561],[26.929601,38.383564],[26.929604,38.383557],[26.929594,38.383553],[26.929544,38.38355],[26.929525,38.38354],[26.929535,38.383536],[26.929558,38.383534],[26.92958,38.383528],[26.929589,38.383522],[26.929598,38.383519],[26.92961,38.38352],[26.929641,38.383531],[26.929652,38.383531],[26.929664,38.383529],[26.929706,38.383513],[26.929729,38.383509],[26.929775,38.383496],[26.929784,38.383492],[26.92984,38.383478],[26.929912,38.38348],[26.929935,38.383478],[26.930004,38.383461],[26.93011,38.383454],[26.930142,38.383443],[26.930342,38.38342],[26.930355,38.383423],[26.930366,38.383419],[26.930382,38.383405],[26.930391,38.3834],[26.930415,38.383393],[26.93044,38.383394],[26.930453,38.383392],[26.930461,38.383387],[26.930473,38.383384],[26.930485,38.383384],[26.930504,38.383391],[26.930516,38.38339],[26.930537,38.383385],[26.930559,38.383391],[26.930571,38.383392],[26.930583,38.38339],[26.930591,38.383385],[26.930596,38.383376],[26.930599,38.383368],[26.930633,38.383367],[26.930668,38.383371],[26.930676,38.383377],[26.930686,38.383381],[26.930698,38.383383],[26.93071,38.383382],[26.930722,38.38338],[26.930734,38.383379],[26.930744,38.383376],[26.930752,38.383369],[26.930765,38.383354],[26.930774,38.383348],[26.930785,38.383344],[26.930858,38.383342],[26.93088,38.383337],[26.930892,38.383337],[26.930903,38.383339],[26.930927,38.383336],[26.930997,38.38332],[26.931009,38.383321],[26.931069,38.383317],[26.931093,38.383314],[26.931106,38.383313],[26.931129,38.383318],[26.93114,38.383318],[26.931153,38.383316],[26.9312,38.383312],[26.931269,38.383299],[26.93128,38.383295],[26.93141,38.383283],[26.931447,38.383285],[26.931492,38.383296],[26.931504,38.383298],[26.931539,38.383295],[26.931563,38.383289],[26.931575,38.383289],[26.931586,38.383291],[26.931597,38.383295],[26.931608,38.383296],[26.931656,38.383295],[26.931678,38.38329],[26.931689,38.383286],[26.931725,38.383278],[26.931761,38.383277],[26.931784,38.383271],[26.931795,38.383274],[26.931806,38.383277],[26.931818,38.383277],[26.931829,38.383273],[26.931853,38.383269],[26.931865,38.383269],[26.931877,38.383269],[26.931887,38.383273],[26.931897,38.383278],[26.931908,38.383279],[26.931931,38.383278],[26.931954,38.383273],[26.93199,38.383271],[26.932025,38.383274],[26.932094,38.383291],[26.932105,38.383292],[26.932116,38.38329],[26.932192,38.383287],[26.932216,38.383289],[26.932251,38.383297],[26.9323,38.3833],[26.932324,38.383298],[26.932336,38.383299],[26.932348,38.383299],[26.932371,38.383296],[26.932383,38.383297],[26.932407,38.383299],[26.932419,38.383301],[26.932444,38.383301],[26.932503,38.383312],[26.932513,38.383316],[26.932525,38.383317],[26.932536,38.383314],[26.932547,38.383315],[26.932565,38.383326],[26.932589,38.383324],[26.9326,38.383321],[26.932623,38.383319],[26.932682,38.383328],[26.932694,38.383327],[26.932705,38.383324],[26.932716,38.383323],[26.932728,38.383325],[26.932777,38.383327],[26.932802,38.383331],[26.932847,38.383343],[26.932869,38.383351],[26.932951,38.383365],[26.932975,38.383367],[26.932999,38.383372],[26.933008,38.383379],[26.933012,38.383387],[26.93302,38.383394],[26.93303,38.383398],[26.933065,38.383409],[26.933076,38.383409],[26.933087,38.383404],[26.933095,38.383398],[26.933126,38.383384],[26.933134,38.38339],[26.933143,38.383396],[26.933154,38.383397],[26.933165,38.383397],[26.933176,38.383398],[26.933187,38.383402],[26.933197,38.383407],[26.933206,38.383412],[26.933217,38.383415],[26.933227,38.383421],[26.933237,38.383424],[26.933285,38.383429],[26.933305,38.383439],[26.933316,38.383442],[26.933327,38.383441],[26.933338,38.383442],[26.933371,38.383454],[26.933406,38.38346],[26.933415,38.383466],[26.933425,38.383469],[26.933437,38.38347],[26.933496,38.38349],[26.933556,38.383496],[26.933568,38.383495],[26.933601,38.383505],[26.933613,38.383507],[26.933638,38.383508],[26.933662,38.383513],[26.933694,38.383524],[26.933776,38.38354],[26.933841,38.383562],[26.933862,38.383572],[26.933886,38.383575],[26.933942,38.383589],[26.933953,38.383588],[26.933965,38.38359],[26.933975,38.383595],[26.933987,38.383599],[26.933998,38.383599],[26.934009,38.383597],[26.934022,38.383598],[26.934033,38.3836],[26.934044,38.383604],[26.934052,38.383609],[26.934076,38.383611],[26.934088,38.38361],[26.9341,38.383611],[26.934123,38.383616],[26.934131,38.383622],[26.934142,38.383625],[26.934167,38.383625],[26.934179,38.383627],[26.93419,38.38363],[26.9342,38.383634],[26.934257,38.383651],[26.934318,38.383656],[26.934353,38.383664],[26.934363,38.383669],[26.934385,38.383677],[26.934446,38.383684],[26.934521,38.383707],[26.934581,38.383712],[26.934593,38.383715],[26.934604,38.38372],[26.934615,38.383723],[26.934639,38.383725],[26.934651,38.383728],[26.93467,38.383738],[26.934749,38.383759],[26.934811,38.383768],[26.934823,38.383772],[26.934832,38.383777],[26.934852,38.383786],[26.934863,38.383789],[26.934876,38.383789],[26.934887,38.383788],[26.934953,38.383808],[26.934963,38.383813],[26.934997,38.383823],[26.935079,38.383839],[26.935091,38.383838],[26.935114,38.38384],[26.935136,38.383849],[26.935194,38.383863],[26.935214,38.383873],[26.935225,38.383876],[26.935363,38.3839],[26.935408,38.383913],[26.935472,38.38394],[26.935483,38.383943],[26.935495,38.383943],[26.935506,38.383942],[26.935518,38.383942],[26.935552,38.383949],[26.935599,38.383954],[26.935622,38.383959],[26.935643,38.383968],[26.935708,38.383984],[26.935719,38.383982],[26.935762,38.383997],[26.935833,38.384011],[26.935852,38.38402],[26.935886,38.384026],[26.935961,38.384053],[26.936009,38.384062],[26.93604,38.384072],[26.936052,38.384075],[26.936075,38.384074],[26.936087,38.384074],[26.936194,38.384098],[26.93622,38.3841],[26.936243,38.384099],[26.936267,38.384106],[26.936288,38.384115],[26.936389,38.384137],[26.936413,38.384139],[26.936445,38.384149],[26.936456,38.384151],[26.936468,38.384152],[26.936513,38.384166],[26.936523,38.384171],[26.936533,38.384177],[26.936541,38.384184],[26.936562,38.384195],[26.936573,38.384199],[26.936584,38.384202],[26.936596,38.384203],[26.936621,38.384202],[26.936644,38.384204],[26.936655,38.384207],[26.936697,38.384225],[26.936708,38.384227],[26.93672,38.384227],[26.936732,38.384229],[26.936741,38.384232],[26.936749,38.384236],[26.93676,38.384236],[26.936766,38.384241],[26.936775,38.384236],[26.936784,38.384231],[26.936794,38.384234],[26.936828,38.38424],[26.936838,38.384245],[26.93686,38.384249],[26.936879,38.384257],[26.936891,38.384253],[26.936901,38.384251],[26.936912,38.384254],[26.936922,38.384259],[26.936927,38.384266],[26.936949,38.38427],[26.93696,38.384275],[26.936968,38.384281],[26.937051,38.38431],[26.937062,38.384309],[26.937072,38.384308],[26.937082,38.38431],[26.937094,38.384309],[26.937115,38.384315],[26.937118,38.384323],[26.937127,38.384321],[26.937139,38.384319],[26.937163,38.38432],[26.937171,38.384323],[26.937171,38.384332],[26.937181,38.38433],[26.937189,38.384325],[26.9372,38.384326],[26.937232,38.38434],[26.937278,38.384347],[26.937311,38.384356],[26.937322,38.384357],[26.937334,38.384359],[26.937358,38.384361],[26.93739,38.384369],[26.937401,38.384368],[26.937411,38.384365],[26.93743,38.384375],[26.93744,38.38438],[26.937451,38.384382],[26.937454,38.384374],[26.937474,38.384381],[26.937489,38.384395],[26.937498,38.384395],[26.93751,38.384393],[26.937532,38.384398],[26.937553,38.384391],[26.937575,38.384398],[26.937594,38.384407],[26.937725,38.384443],[26.937736,38.384444],[26.937747,38.384447],[26.937764,38.384459],[26.937787,38.38446],[26.93782,38.384469],[26.937831,38.38447],[26.937842,38.384472],[26.937852,38.384476],[26.937863,38.384476],[26.937886,38.384479],[26.937896,38.384494],[26.93794,38.384505],[26.937951,38.384507],[26.937962,38.384511],[26.937974,38.384513],[26.937984,38.384519],[26.937995,38.384523],[26.938018,38.384521],[26.938028,38.384525],[26.938036,38.384531],[26.938048,38.384532],[26.938093,38.384543],[26.938104,38.384544],[26.938116,38.384542],[26.938126,38.384537],[26.938136,38.384538],[26.938145,38.384543],[26.938165,38.384553],[26.938177,38.384557],[26.938188,38.384556],[26.938245,38.384564],[26.938255,38.384567],[26.938278,38.384568],[26.938295,38.384578],[26.938363,38.384593],[26.938399,38.384597],[26.938486,38.384621],[26.938497,38.384622],[26.93851,38.384621],[26.938521,38.384624],[26.938531,38.384628],[26.938548,38.38464],[26.938559,38.384644],[26.938571,38.384642],[26.938582,38.384642],[26.938601,38.384653],[26.938611,38.384658],[26.938656,38.384668],[26.938666,38.384672],[26.9387,38.384679],[26.93871,38.384674],[26.938714,38.384666],[26.938717,38.384659],[26.938764,38.384671],[26.938772,38.384688],[26.938781,38.384694],[26.938825,38.384705],[26.938834,38.384711],[26.938844,38.384715],[26.938856,38.384716],[26.938867,38.384718],[26.938876,38.384722],[26.938887,38.384724],[26.93891,38.384726],[26.93893,38.384734],[26.938941,38.384736],[26.938978,38.38474],[26.938988,38.384745],[26.938995,38.384751],[26.939001,38.384758],[26.939025,38.384757],[26.939036,38.38476],[26.939047,38.384764],[26.939069,38.384769],[26.939079,38.384766],[26.939086,38.384756],[26.939138,38.384766],[26.93914,38.384774],[26.939151,38.384777],[26.939158,38.384784],[26.93916,38.384793],[26.93917,38.384795],[26.939182,38.384795],[26.939192,38.384792],[26.939202,38.384789],[26.939224,38.384796],[26.939232,38.384802],[26.939232,38.384811],[26.939243,38.384813],[26.939255,38.384811],[26.939266,38.384812],[26.93929,38.384818],[26.939301,38.384822],[26.939334,38.384828],[26.939383,38.384832],[26.939395,38.384835],[26.939434,38.384854],[26.939443,38.38486],[26.939454,38.384862],[26.939464,38.384858],[26.939477,38.384857],[26.9395,38.384861],[26.93951,38.384867],[26.939521,38.38487],[26.939531,38.384871],[26.939541,38.384876],[26.939563,38.384881],[26.939569,38.384884],[26.939693,38.384922],[26.939705,38.384924],[26.939715,38.384928],[26.939783,38.38494],[26.939793,38.384945],[26.939804,38.384949],[26.939821,38.384962],[26.939832,38.384963],[26.939844,38.384961],[26.939892,38.384967],[26.939936,38.384981],[26.939946,38.384985],[26.939967,38.38499],[26.939979,38.38499],[26.939991,38.384989],[26.940011,38.384989],[26.940023,38.384988],[26.940033,38.384991],[26.940043,38.384995],[26.940054,38.384996],[26.940066,38.384995],[26.940077,38.384995],[26.940088,38.384998],[26.940098,38.385002],[26.94012,38.385007],[26.940129,38.385012],[26.94014,38.38501],[26.940237,38.385033],[26.940271,38.385034],[26.940283,38.385036],[26.940292,38.385042],[26.940304,38.385044],[26.940315,38.385042],[26.940326,38.385043],[26.940333,38.38505],[26.940344,38.385048],[26.940355,38.385049],[26.940364,38.385054],[26.940369,38.385063],[26.940376,38.38507],[26.940384,38.385076],[26.940391,38.385083],[26.940401,38.385087],[26.940423,38.385091],[26.940435,38.385091],[26.940464,38.385078],[26.940476,38.385076],[26.940487,38.385075],[26.940506,38.385085],[26.940516,38.385089],[26.940524,38.385094],[26.940536,38.385093],[26.940546,38.385095],[26.940556,38.385099],[26.940568,38.3851],[26.940579,38.385098],[26.94059,38.3851],[26.94063,38.385117],[26.940641,38.385121],[26.940665,38.385123],[26.940677,38.385122],[26.940688,38.385119],[26.940709,38.385127],[26.940732,38.385129],[26.940741,38.385134],[26.940752,38.385137],[26.940763,38.385137],[26.940775,38.385139],[26.940785,38.385144],[26.940816,38.385154],[26.940863,38.385163],[26.940874,38.385166],[26.940884,38.38517],[26.940895,38.385168],[26.940906,38.385169],[26.940917,38.385172],[26.940923,38.385179],[26.940933,38.385179],[26.940943,38.385175],[26.940954,38.385176],[26.940958,38.385184],[26.940967,38.385188],[26.940978,38.385188],[26.940987,38.385193],[26.941009,38.385188],[26.94102,38.385192],[26.941028,38.385198],[26.941037,38.385203],[26.941049,38.385204],[26.941059,38.3852],[26.941092,38.385206],[26.941103,38.385211],[26.941113,38.385214],[26.941124,38.385214],[26.941144,38.385221],[26.941156,38.385224],[26.941167,38.385223],[26.941187,38.385232],[26.941199,38.385232],[26.941225,38.385248],[26.941235,38.385252],[26.941247,38.385253],[26.941259,38.385255],[26.941265,38.385262],[26.941275,38.385264],[26.941288,38.385263],[26.941298,38.385266],[26.941306,38.385272],[26.941314,38.385273],[26.941325,38.385271],[26.941357,38.385281],[26.941365,38.385288],[26.941411,38.385291],[26.941421,38.385294],[26.941423,38.385302],[26.941429,38.385309],[26.941437,38.385316],[26.941449,38.385318],[26.94146,38.385318],[26.941473,38.385332],[26.941484,38.385332],[26.941546,38.385359],[26.941553,38.385366],[26.941559,38.385374],[26.941567,38.38538],[26.941578,38.38538],[26.941589,38.385377],[26.941599,38.385379],[26.941606,38.385386],[26.941617,38.385389],[26.941629,38.385388],[26.94164,38.385391],[26.941649,38.385396],[26.941659,38.3854],[26.941671,38.385402],[26.9417,38.385417],[26.941722,38.385424],[26.941734,38.385424],[26.941744,38.385429],[26.941745,38.385438],[26.941755,38.385441],[26.941766,38.385443],[26.941774,38.38545],[26.94178,38.385456],[26.941792,38.385457],[26.941803,38.38546],[26.941814,38.385462],[26.941826,38.385464],[26.941857,38.385477],[26.941868,38.385476],[26.9419,38.385487],[26.941908,38.385493],[26.941913,38.385501],[26.941922,38.385506],[26.941934,38.385506],[26.941945,38.385506],[26.941956,38.385508],[26.941964,38.385514],[26.941971,38.385509],[26.941982,38.385508],[26.941993,38.385511],[26.942002,38.385517],[26.942012,38.38552],[26.942029,38.385533],[26.942038,38.385537],[26.942046,38.385544],[26.942053,38.385551],[26.942057,38.385559],[26.942062,38.385567],[26.942074,38.385569],[26.942084,38.385572],[26.94211,38.385591],[26.942117,38.385598],[26.942139,38.385601],[26.94215,38.385604],[26.942158,38.38561],[26.942164,38.385617],[26.942186,38.385621],[26.942186,38.385628],[26.942195,38.385634],[26.942205,38.385637],[26.942217,38.385638],[26.942226,38.385644],[26.942237,38.385647],[26.942248,38.385646],[26.942271,38.385651],[26.942269,38.385659],[26.942277,38.385665],[26.942284,38.385672],[26.942295,38.385674],[26.942307,38.385675],[26.942327,38.385684],[26.942338,38.385686],[26.942346,38.385691],[26.942368,38.385697],[26.942378,38.385701],[26.942385,38.385708],[26.942397,38.385724],[26.942429,38.385731],[26.942436,38.385739],[26.942444,38.385745],[26.942465,38.38574],[26.942476,38.385741],[26.942486,38.385746],[26.942496,38.38575],[26.942505,38.385755],[26.942506,38.385762],[26.942516,38.385764],[26.942524,38.385768],[26.942538,38.385782],[26.942543,38.38579],[26.942552,38.385788],[26.942562,38.385784],[26.942574,38.385785],[26.942602,38.385801],[26.942614,38.385801],[26.942625,38.385804],[26.942644,38.385813],[26.942666,38.385812],[26.942675,38.385818],[26.942685,38.385822],[26.942696,38.385824],[26.942705,38.385829],[26.942727,38.385833],[26.942739,38.385833],[26.942747,38.385838],[26.942748,38.385846],[26.942761,38.385848],[26.942771,38.385852],[26.942782,38.385855],[26.94279,38.385861],[26.942801,38.385864],[26.94281,38.385867],[26.942817,38.385874],[26.942827,38.385877],[26.942838,38.385879],[26.942846,38.385886],[26.942867,38.385892],[26.942868,38.3859],[26.942891,38.385904],[26.942902,38.385902],[26.942915,38.385904],[26.942925,38.385907],[26.942934,38.385915],[26.942943,38.38592],[26.942951,38.385926],[26.942972,38.385933],[26.942979,38.38594],[26.942987,38.385947],[26.942993,38.385955],[26.943015,38.385959],[26.943027,38.385959],[26.943038,38.38596],[26.943057,38.385971],[26.943065,38.385977],[26.943076,38.38598],[26.943091,38.385994],[26.9431,38.385999],[26.943107,38.386006],[26.943112,38.386013],[26.943129,38.386024],[26.943139,38.386028],[26.943163,38.386031],[26.943172,38.386035],[26.943175,38.386044],[26.943181,38.386052],[26.943201,38.386062],[26.943209,38.386068],[26.943211,38.386077],[26.94322,38.386083],[26.943231,38.386083],[26.943241,38.386088],[26.943252,38.38609],[26.943262,38.386094],[26.943282,38.386104],[26.943294,38.386107],[26.943305,38.386108],[26.943311,38.386116],[26.943319,38.386122],[26.943331,38.386122],[26.943341,38.386123],[26.943353,38.386123],[26.943364,38.386125],[26.943383,38.386134],[26.943395,38.386138],[26.943403,38.386144],[26.943412,38.386149],[26.943422,38.386145],[26.943433,38.386143],[26.943444,38.386147],[26.943443,38.386155],[26.943452,38.386161],[26.943472,38.38617],[26.943481,38.386175],[26.943487,38.386182],[26.943507,38.386192],[26.943519,38.386195],[26.943528,38.3862],[26.94353,38.386208],[26.943538,38.386213],[26.943549,38.38621],[26.943559,38.386215],[26.943568,38.386221],[26.943573,38.386229],[26.943584,38.386233],[26.943587,38.38624],[26.943594,38.386247],[26.943605,38.386245],[26.943615,38.38625],[26.94362,38.386257],[26.943643,38.386259],[26.943654,38.386262],[26.943665,38.386266],[26.943673,38.386271],[26.943678,38.386279],[26.943685,38.386286],[26.943707,38.386292],[26.943725,38.386303],[26.943735,38.386307],[26.943743,38.386313],[26.943747,38.386322],[26.943759,38.386324],[26.943782,38.386324],[26.943787,38.386332],[26.943796,38.386335],[26.943808,38.386332],[26.943818,38.386335],[26.943829,38.386337],[26.943841,38.386337],[26.943851,38.386341],[26.943854,38.386348],[26.943884,38.386362],[26.94389,38.38637],[26.943898,38.386376],[26.943905,38.386383],[26.943907,38.38639],[26.943901,38.386397],[26.943906,38.386405],[26.943916,38.386409],[26.943923,38.386416],[26.943925,38.386425],[26.943931,38.386433],[26.943941,38.386436],[26.943952,38.386438],[26.943964,38.386437],[26.943974,38.386434],[26.943986,38.386432],[26.943997,38.386434],[26.944007,38.386436],[26.944007,38.386446],[26.944023,38.386458],[26.944029,38.386466],[26.94405,38.386471],[26.944059,38.386488],[26.944066,38.386495],[26.944089,38.386494],[26.944098,38.386499],[26.944105,38.386506],[26.944113,38.386511],[26.944127,38.386514],[26.944139,38.386518],[26.944219,38.386559],[26.94424,38.386562],[26.944256,38.38657],[26.94432,38.386616],[26.944317,38.386621],[26.944311,38.386623],[26.944312,38.386631],[26.944324,38.386637],[26.944341,38.386653],[26.944365,38.386664],[26.944382,38.386683],[26.944402,38.386693],[26.944414,38.386695],[26.944424,38.386708],[26.944501,38.386749],[26.944537,38.386763],[26.944572,38.386768],[26.944628,38.386792],[26.944673,38.386818],[26.944705,38.38683],[26.944796,38.386889],[26.944845,38.386909],[26.944882,38.386935],[26.944913,38.386949],[26.94498,38.386968],[26.944994,38.386977],[26.94501,38.386991],[26.945077,38.387019],[26.945085,38.387016],[26.945099,38.387019],[26.945161,38.387048],[26.945175,38.387062],[26.945198,38.387075],[26.945223,38.387084],[26.945232,38.387079],[26.945252,38.387093],[26.94526,38.387109],[26.945535,38.387216],[26.945548,38.387225],[26.945561,38.387229],[26.945572,38.387227],[26.945596,38.38724],[26.945619,38.387247],[26.945654,38.387264],[26.945679,38.387286],[26.945793,38.387351],[26.945818,38.387363],[26.945876,38.387397],[26.945984,38.387458],[26.946884,38.387943],[26.947198,38.388104],[26.94735,38.388174],[26.94756,38.388286],[26.947713,38.388356],[26.947819,38.388409],[26.948013,38.388493],[26.948287,38.388623],[26.948533,38.388734],[26.949657,38.389164],[26.950031,38.389309],[26.950239,38.389388],[26.950636,38.389537],[26.950802,38.389615],[26.950885,38.389633],[26.950982,38.389667],[26.951036,38.389695],[26.951067,38.389702],[26.951308,38.389797],[26.951337,38.389814],[26.951693,38.389941],[26.951737,38.389967],[26.951815,38.389986],[26.952102,38.390104],[26.952124,38.390117],[26.9525,38.390253],[26.952518,38.390262],[26.952605,38.390294],[26.952687,38.390329],[26.952704,38.390331],[26.952718,38.390331],[26.95274,38.390342],[26.952763,38.39035],[26.952829,38.390382],[26.952884,38.390397],[26.953036,38.390457],[26.953078,38.390466],[26.953105,38.390477],[26.953129,38.390492],[26.953161,38.390507],[26.953196,38.390518],[26.953213,38.390531],[26.953262,38.390544],[26.953298,38.390564],[26.95349,38.390638],[26.953513,38.390646],[26.95359,38.390682],[26.953633,38.390696],[26.953649,38.390709],[26.953697,38.390719],[26.95374,38.390733],[26.953773,38.390752],[26.953789,38.390756],[26.953807,38.390767],[26.953824,38.390774],[26.953858,38.390787],[26.953898,38.390799],[26.954004,38.390847],[26.954051,38.390858],[26.954265,38.390931],[26.954458,38.391008],[26.95453,38.391024],[26.954562,38.391039],[26.95459,38.391052],[26.954624,38.39106],[26.954682,38.391074],[26.954834,38.391128],[26.955025,38.391175],[26.955045,38.391165],[26.955073,38.391175],[26.955093,38.391192],[26.95512,38.391205],[26.955255,38.391247],[26.955324,38.39126],[26.955341,38.391261],[26.955372,38.39127],[26.955405,38.39129],[26.955438,38.391299],[26.955463,38.391309],[26.955569,38.391333],[26.955594,38.391336],[26.955635,38.391354],[26.955692,38.391365],[26.955715,38.391377],[26.955731,38.391379],[26.956205,38.391483],[26.956235,38.391495],[26.957557,38.391808],[26.95832,38.391988],[26.958364,38.392003],[26.95839,38.392009],[26.958447,38.392016],[26.958735,38.392099],[26.959014,38.392159],[26.959032,38.392164],[26.959091,38.392186],[26.959132,38.392188],[26.959316,38.392238],[26.959434,38.392255],[26.95946,38.392266],[26.959596,38.392302],[26.959648,38.392309],[26.959701,38.392325],[26.959731,38.392332],[26.959749,38.392337],[26.959868,38.392371],[26.959954,38.392383],[26.960174,38.392444],[26.960214,38.39245],[26.960227,38.392455],[26.96033,38.39248],[26.96035,38.392482],[26.960737,38.39258],[26.96131,38.392716],[26.961402,38.39274],[26.962079,38.392909],[26.962173,38.39292],[26.962269,38.39295],[26.962335,38.392963],[26.962412,38.392985],[26.962646,38.39304],[26.962766,38.393074],[26.962867,38.393097],[26.963227,38.393182],[26.96343,38.393233],[26.9635,38.393251],[26.963821,38.393324],[26.963972,38.393367],[26.964391,38.393469],[26.964597,38.393527],[26.964734,38.393554],[26.964796,38.393562],[26.96493,38.393595],[26.965061,38.393629],[26.965183,38.393653],[26.965686,38.393775],[26.965759,38.393793],[26.965883,38.393823],[26.966074,38.393872],[26.966252,38.393918],[26.96634,38.393935],[26.966422,38.393956],[26.966549,38.393987],[26.966808,38.394051],[26.966876,38.394069],[26.966921,38.394084],[26.966948,38.394095],[26.967133,38.39413],[26.96719,38.394145],[26.967249,38.394155],[26.967301,38.394168],[26.967395,38.394192],[26.967466,38.394208],[26.967564,38.394231],[26.967735,38.394266],[26.967798,38.39428],[26.967923,38.394312],[26.968307,38.394399],[26.96838,38.394417],[26.968664,38.394478],[26.968671,38.394456],[26.968699,38.394462],[26.96869,38.394484],[26.968807,38.394502],[26.968877,38.39452],[26.969042,38.394558],[26.969225,38.394593],[26.969249,38.394603],[26.969275,38.394609],[26.969322,38.394611],[26.969361,38.394626],[26.969392,38.394633],[26.969423,38.394637],[26.969437,38.394642],[26.969452,38.394646],[26.969491,38.394648],[26.969715,38.394691],[26.969723,38.394673],[26.969735,38.394676],[26.96973,38.394688],[26.96976,38.3947],[26.969864,38.39472],[26.969877,38.394725],[26.970252,38.394794],[26.970387,38.39482],[26.97047,38.39484],[26.970499,38.394849],[26.970561,38.39486],[26.970582,38.394866],[26.970745,38.394894],[26.970766,38.394895],[26.970822,38.394911],[26.970838,38.394913],[26.970874,38.394924],[26.97097,38.394936],[26.971018,38.394944],[26.971078,38.394959],[26.971106,38.394968],[26.971195,38.394976],[26.971224,38.394984],[26.971333,38.394997],[26.971352,38.395003],[26.971379,38.395007],[26.971414,38.395016],[26.971435,38.395017],[26.971453,38.39502],[26.971476,38.395026],[26.971629,38.395047],[26.971762,38.39507],[26.971792,38.395078],[26.97183,38.395083],[26.971869,38.395094],[26.97189,38.395093],[26.97217,38.395143],[26.972206,38.395152],[26.972267,38.395164],[26.97228,38.395168],[26.972375,38.39518],[26.972397,38.395186],[26.972418,38.395189],[26.972446,38.395194],[26.972875,38.395267],[26.973056,38.39529],[26.973128,38.395303],[26.973141,38.395307],[26.973174,38.395313],[26.973198,38.395313],[26.973473,38.395351],[26.973877,38.395412],[26.973964,38.395429],[26.974168,38.395461],[26.97419,38.395466],[26.974318,38.395485],[26.974705,38.39554],[26.974754,38.39554],[26.975027,38.395587],[26.975039,38.395588],[26.975063,38.395586],[26.975075,38.395588],[26.975096,38.395595],[26.975132,38.395596],[26.9752,38.395611],[26.975233,38.395607],[26.975238,38.395588],[26.975265,38.395593],[26.975262,38.395613],[26.975281,38.395618],[26.975318,38.395618],[26.97534,38.395621],[26.975373,38.395632],[26.975677,38.395661],[26.975698,38.395667],[26.975722,38.395667],[26.975744,38.395672],[26.975906,38.395695],[26.975917,38.395698],[26.975963,38.395698],[26.975999,38.395703],[26.976011,38.395704],[26.976089,38.395722],[26.97617,38.395732],[26.976218,38.39574],[26.976265,38.39574],[26.976712,38.395782],[26.976783,38.395781],[26.976792,38.395787],[26.976838,38.395821],[26.976836,38.395849],[26.97682,38.395933],[26.976817,38.395962],[26.976813,38.395971],[26.976806,38.395998],[26.976804,38.396026],[26.976796,38.396053],[26.97679,38.396089],[26.976789,38.396098],[26.976787,38.396108],[26.976787,38.396118],[26.976783,38.396146],[26.976782,38.396155],[26.976771,38.396182],[26.976769,38.396192],[26.976769,38.396202],[26.976767,38.396231],[26.976762,38.396259],[26.976762,38.396288],[26.976758,38.396307],[26.976752,38.396336],[26.976752,38.396345],[26.976755,38.396354],[26.976764,38.396392],[26.976764,38.396411],[26.976765,38.39642],[26.976769,38.396429],[26.976773,38.396438],[26.976778,38.396484],[26.97678,38.396493],[26.976794,38.396509],[26.976799,38.396536],[26.976803,38.396545],[26.976822,38.396569],[26.976826,38.396578],[26.976831,38.396596],[26.976835,38.396604],[26.976842,38.396611],[26.976851,38.396629],[26.976937,38.39674],[26.976954,38.396752],[26.977012,38.396784],[26.977023,38.396788],[26.977077,38.396823],[26.977129,38.396845],[26.977148,38.396856],[26.977311,38.396913],[26.977334,38.396916],[26.977375,38.396933],[26.977398,38.396938],[26.977431,38.39695],[26.977443,38.396953],[26.977514,38.396955],[26.977525,38.396958],[26.977562,38.39696],[26.977573,38.396961],[26.977597,38.396962],[26.977608,38.396961],[26.97762,38.396961],[26.977745,38.396986],[26.97778,38.396987],[26.977801,38.39699],[26.977813,38.396988],[26.978353,38.397052],[26.978394,38.39706],[26.978514,38.397067],[26.978529,38.397072],[26.978562,38.397081],[26.978677,38.397089],[26.978689,38.397089],[26.978702,38.397092],[26.978719,38.397097],[26.978747,38.397101],[26.978759,38.397099],[26.978879,38.397112],[26.978899,38.397111],[26.978913,38.397112],[26.978936,38.397117],[26.978997,38.397123],[26.979012,38.397127],[26.979194,38.397144],[26.979204,38.397143],[26.979223,38.397138],[26.979233,38.397135],[26.979267,38.397105],[26.979272,38.397091],[26.979273,38.397074],[26.979269,38.397068],[26.979262,38.397064],[26.97925,38.397064],[26.97925,38.39704],[26.979244,38.397016],[26.979229,38.396991],[26.979221,38.396981],[26.979214,38.396974],[26.979186,38.396955],[26.979151,38.39694],[26.979139,38.396937],[26.978071,38.396813],[26.978103,38.396631],[26.977538,38.396566],[26.977542,38.396542],[26.977588,38.396307],[26.979261,38.3965],[26.979271,38.396445],[26.979433,38.396464],[26.979422,38.396519],[26.979815,38.396564],[26.97979,38.396696],[26.979558,38.396671],[26.979556,38.396685],[26.979556,38.396707],[26.979562,38.396727],[26.979572,38.396749],[26.979586,38.396765],[26.979606,38.396782],[26.979629,38.396796],[26.979654,38.396806],[26.979682,38.396812],[26.979712,38.396815],[26.979748,38.396814],[26.979764,38.396811],[26.979772,38.396818],[26.979781,38.396822],[26.979815,38.396825],[26.979827,38.396825],[26.97985,38.396822],[26.979863,38.396822],[26.979908,38.39681],[26.980145,38.396781],[26.980157,38.396777],[26.980168,38.396797],[26.980181,38.396802],[26.980186,38.396869],[26.980212,38.396868],[26.980206,38.396802],[26.980227,38.396802],[26.980235,38.396733],[26.980246,38.396735],[26.980295,38.396578],[26.980323,38.396552],[26.980329,38.396544],[26.980338,38.39654],[26.98035,38.396539],[26.980434,38.396538],[26.980576,38.396556],[26.980643,38.396575],[26.980666,38.396578],[26.980764,38.39661],[26.980893,38.396678],[26.980944,38.396716],[26.98095,38.396724],[26.980955,38.396732],[26.980959,38.39675],[26.980963,38.396758],[26.980972,38.396764],[26.980995,38.396761],[26.981016,38.396755],[26.981028,38.396757],[26.981048,38.396764],[26.981084,38.396786],[26.981105,38.396793],[26.981193,38.39684],[26.981198,38.396847],[26.981195,38.396855],[26.981194,38.396864],[26.981194,38.396873],[26.981199,38.396881],[26.981206,38.396888],[26.981223,38.396901],[26.981283,38.396927],[26.981341,38.396978],[26.98137,38.396993],[26.981408,38.397007],[26.981435,38.397011],[26.981584,38.397083],[26.981602,38.397108],[26.981638,38.397136],[26.98168,38.397146],[26.981701,38.397161],[26.981998,38.39728],[26.98203,38.397287],[26.982086,38.397281],[26.982111,38.397282],[26.982137,38.397292],[26.98231,38.397414],[26.982347,38.397447],[26.98258,38.39761],[26.983057,38.397758],[26.983505,38.397953],[26.983539,38.397982],[26.983587,38.398007],[26.983685,38.398053],[26.983748,38.398102],[26.98376,38.398119],[26.983744,38.398144],[26.983832,38.398178],[26.983848,38.398157],[26.983952,38.39819],[26.984123,38.398334],[26.984265,38.398454],[26.984408,38.398546],[26.984511,38.39858],[26.984761,38.398633],[26.984812,38.398644],[26.984867,38.398662],[26.98496,38.398693],[26.985096,38.398757],[26.985358,38.398896],[26.985437,38.398942],[26.98547,38.398959],[26.98557,38.399023],[26.985605,38.399041],[26.985651,38.39907],[26.985683,38.399098],[26.985689,38.399103],[26.986193,38.399462],[26.986244,38.399507],[26.98629,38.399546],[26.986278,38.399563],[26.986604,38.39973],[26.986615,38.399705],[26.986676,38.399723],[26.986821,38.399809],[26.987192,38.400135],[26.987224,38.400149],[26.987309,38.400171],[26.987333,38.400183],[26.987352,38.40018],[26.98741,38.40021],[26.987459,38.400237],[26.987532,38.400288],[26.987605,38.400369],[26.987614,38.400367],[26.987633,38.400358],[26.98765,38.40036],[26.987699,38.400391],[26.987706,38.400391],[26.987734,38.400385],[26.987774,38.400393],[26.987785,38.400395],[26.987856,38.400428],[26.98796,38.400485],[26.98817,38.400603],[26.988312,38.400677],[26.988342,38.400686],[26.988469,38.400741],[26.988488,38.400744],[26.988601,38.400793],[26.988639,38.400833],[26.988716,38.40084],[26.989022,38.401067],[26.989161,38.401189],[26.989263,38.401271],[26.989644,38.401591],[26.989992,38.401885],[26.990271,38.402165],[26.9904,38.402261],[26.990608,38.402476],[26.991785,38.403755],[26.991844,38.403879],[26.99182,38.403887],[26.99174,38.403914],[26.991773,38.404001],[26.991943,38.403994],[26.992456,38.403975],[26.992474,38.404046],[26.992565,38.404032],[26.992625,38.404364],[26.99299,38.404388],[26.993443,38.404856],[26.993337,38.404968],[26.993486,38.405134],[26.993536,38.405097],[26.993611,38.404826],[26.994203,38.405382],[26.994213,38.405399],[26.994228,38.405443],[26.994268,38.405491],[26.994307,38.405526],[26.994312,38.405543],[26.994322,38.40556],[26.994328,38.405593],[26.994342,38.405607],[26.994349,38.405625],[26.994362,38.405639],[26.994365,38.405664],[26.994382,38.405676],[26.994389,38.405684],[26.994398,38.40571],[26.994421,38.405753],[26.994462,38.40582],[26.994472,38.405856],[26.994488,38.405883],[26.99449,38.405892],[26.994499,38.405908],[26.994522,38.405941],[26.994586,38.406036],[26.994616,38.406101],[26.994614,38.40611],[26.994626,38.406124],[26.994637,38.406128],[26.994645,38.406145],[26.994674,38.406174],[26.994675,38.406182],[26.994673,38.4062],[26.994685,38.406215],[26.994722,38.406253],[26.994726,38.406261],[26.994731,38.40628],[26.994768,38.406317],[26.994764,38.406333],[26.994767,38.40634],[26.994792,38.406358],[26.994822,38.406372],[26.994841,38.406401],[26.994847,38.406408],[26.994864,38.406422],[26.994871,38.40643],[26.99495,38.406472],[26.994959,38.406478],[26.995022,38.406507],[26.995099,38.406523],[26.995127,38.406551],[26.995308,38.406574],[26.995361,38.406589],[26.995499,38.406602],[26.995518,38.406613],[26.995534,38.406624],[26.995558,38.406625],[26.995574,38.406617],[26.995603,38.406619],[26.995647,38.406641],[26.99573,38.406645],[26.995765,38.406655],[26.995776,38.406657],[26.995781,38.406654],[26.995788,38.406649],[26.995804,38.406635],[26.996161,38.406626],[26.996335,38.406655],[26.996348,38.406663],[26.99637,38.406671],[26.996413,38.406665],[26.996447,38.406664],[26.996508,38.40667],[26.996532,38.406691],[26.99655,38.406695],[26.996563,38.406691],[26.996602,38.406698],[26.996632,38.406687],[26.996645,38.406699],[26.99666,38.406707],[26.996711,38.406709],[26.996722,38.406816],[26.996735,38.406834],[26.996744,38.406855],[26.996762,38.406933],[26.99686,38.407122],[26.9969,38.407163],[26.996912,38.407182],[26.996915,38.407187],[26.996958,38.407211],[26.997031,38.407268],[26.997058,38.407284],[26.997076,38.407291],[26.997157,38.407341],[26.997163,38.407355],[26.997183,38.407364],[26.997278,38.40743],[26.997377,38.40747],[26.997409,38.407488],[26.997544,38.40754],[26.997577,38.40756],[26.997652,38.407593],[26.997678,38.407614],[26.997819,38.407697],[26.997834,38.407711],[26.997859,38.407728],[26.997905,38.40775],[26.997957,38.407786],[26.997973,38.4078],[26.998036,38.407822],[26.998091,38.407854],[26.998119,38.407876],[26.99814,38.407897],[26.998194,38.407935],[26.998275,38.407975],[26.998332,38.407994],[26.998378,38.40802],[26.998438,38.408038],[26.998474,38.408038],[26.998489,38.408033],[26.998492,38.408021],[26.998484,38.407972],[26.998474,38.407961],[26.998458,38.407955],[26.99844,38.407949],[26.998428,38.40795],[26.998416,38.407957],[26.998302,38.407898],[26.998278,38.407874],[26.99826,38.407862],[26.998252,38.407852],[26.998226,38.407848],[26.998174,38.407821],[26.99817,38.407805],[26.998155,38.407792],[26.998109,38.407779],[26.998073,38.407762],[26.998058,38.407759],[26.997799,38.407589],[26.997766,38.40756],[26.997727,38.407548],[26.997679,38.407526],[26.997644,38.407499],[26.997538,38.407446],[26.99752,38.407444],[26.997501,38.407429],[26.997498,38.407419],[26.997496,38.407413],[26.997456,38.407386],[26.997445,38.407388],[26.997434,38.40739],[26.997417,38.407387],[26.997392,38.40737],[26.997362,38.407354],[26.997333,38.407336],[26.997312,38.407326],[26.997297,38.407312],[26.997285,38.407306],[26.997263,38.407311],[26.997234,38.407293],[26.997234,38.407281],[26.997227,38.407273],[26.997193,38.407265],[26.997134,38.407232],[26.997102,38.407201],[26.997101,38.407188],[26.997076,38.407175],[26.997053,38.407155],[26.997024,38.407138],[26.996992,38.407114],[26.996981,38.4071],[26.996969,38.40708],[26.996951,38.407072],[26.996932,38.407052],[26.996871,38.406834],[26.996869,38.406778],[26.996863,38.406762],[26.996872,38.40675],[26.996888,38.40674],[26.996898,38.406723],[26.996905,38.406694],[26.996891,38.406678],[26.997203,38.4067],[26.997207,38.406689],[26.997248,38.406688],[26.997269,38.406684],[26.997292,38.406674],[26.997304,38.406662],[26.997318,38.406643],[26.997326,38.406621],[26.997502,38.406645],[26.997513,38.406587],[26.997587,38.406596],[26.997613,38.406595],[26.997639,38.406596],[26.997654,38.406584],[26.997675,38.406581],[26.997717,38.40658],[26.997716,38.4066],[26.997731,38.406603],[26.99777,38.406596],[26.997776,38.406603],[26.997763,38.406629],[26.99777,38.406632],[26.997802,38.406626],[26.997815,38.406619],[26.997826,38.406602],[26.997842,38.406595],[26.997862,38.406603],[26.997876,38.406616],[26.997896,38.406626],[26.997916,38.406629],[26.997932,38.406642],[26.997958,38.40665],[26.99799,38.40665],[26.998028,38.406673],[26.998061,38.406683],[26.998087,38.406687],[26.998129,38.406687],[26.998184,38.406706],[26.998208,38.406707],[26.998287,38.406731],[26.998286,38.406746],[26.998305,38.406755],[26.998322,38.406757],[26.998334,38.406764],[26.998363,38.40679],[26.998373,38.406802],[26.998399,38.406816],[26.998427,38.406837],[26.998432,38.406848],[26.998476,38.406867],[26.998506,38.406888],[26.998499,38.406909],[26.998539,38.406943],[26.998548,38.406944],[26.998585,38.406963],[26.998595,38.406976],[26.998591,38.406989],[26.998603,38.406995],[26.998624,38.407007],[26.998688,38.407059],[26.998706,38.407069],[26.998729,38.407088],[26.998752,38.407122],[26.998771,38.407138],[26.998785,38.407146],[26.998799,38.407159],[26.998833,38.407204],[26.998848,38.407218],[26.998858,38.407229],[26.998859,38.407269],[26.998864,38.407286],[26.998895,38.407317],[26.998939,38.407344],[26.998976,38.407374],[26.998991,38.40739],[26.998993,38.407405],[26.999023,38.407438],[26.999029,38.407467],[26.99903,38.407491],[26.999016,38.407525],[26.998999,38.407555],[26.998963,38.4076],[26.998949,38.407624],[26.99893,38.407645],[26.998919,38.407674],[26.998905,38.407686],[26.998894,38.407701],[26.99889,38.407723],[26.998897,38.407746],[26.998913,38.407756],[26.998956,38.40777],[26.998973,38.407771],[26.998986,38.407766],[26.999,38.407758],[26.99904,38.407712],[26.999167,38.407589],[26.999188,38.407577],[26.999207,38.407574],[26.999229,38.407576],[26.999368,38.407621],[26.999406,38.407638],[26.999435,38.407657],[26.999458,38.407681],[26.999508,38.407717],[26.999602,38.407765],[26.999588,38.407779],[26.999614,38.407812],[26.999841,38.407905],[27.000464,38.408183],[27.000513,38.408213],[27.000679,38.408272],[27.000995,38.408353],[27.001047,38.408374],[27.001086,38.408382],[27.001134,38.408378],[27.001161,38.408386],[27.001179,38.408396],[27.001186,38.408417],[27.001339,38.408434],[27.001375,38.408449],[27.001454,38.408464],[27.001513,38.408466],[27.001531,38.408472],[27.001539,38.408487],[27.001562,38.408487],[27.001578,38.408484],[27.001701,38.408506],[27.001741,38.408504],[27.001779,38.408512],[27.001803,38.408523],[27.001833,38.408527],[27.001858,38.40852],[27.001896,38.408532],[27.001903,38.408526],[27.001925,38.408536],[27.001948,38.40855],[27.001995,38.408545],[27.002019,38.408546],[27.002037,38.408562],[27.002067,38.408559],[27.002093,38.408559],[27.002111,38.408566],[27.002124,38.408576],[27.002146,38.408572],[27.002175,38.40858],[27.002221,38.408601],[27.002246,38.408604],[27.002255,38.408608],[27.002265,38.408611],[27.002275,38.408603],[27.002282,38.408601],[27.002303,38.408604],[27.002329,38.408613],[27.00236,38.408615],[27.002373,38.408614],[27.002395,38.408598],[27.002417,38.408604],[27.00242,38.408618],[27.002421,38.408632],[27.002434,38.40864],[27.002454,38.408644],[27.002489,38.408657],[27.002499,38.408657],[27.002512,38.408661],[27.00252,38.408668],[27.00253,38.408672],[27.002535,38.408668],[27.002558,38.408674],[27.002579,38.408675],[27.002586,38.408671],[27.002615,38.408679],[27.002622,38.408688],[27.002631,38.40869],[27.002649,38.408689],[27.002679,38.408693],[27.00269,38.4087],[27.002694,38.408708],[27.002696,38.408711],[27.002714,38.408715],[27.002729,38.408713],[27.002756,38.408717],[27.002802,38.408735],[27.002816,38.408735],[27.002848,38.408758],[27.002856,38.408761],[27.0029,38.408763],[27.002918,38.408776],[27.002989,38.40879],[27.003011,38.408805],[27.003034,38.408807],[27.00307,38.408831],[27.003142,38.408837],[27.003149,38.408842],[27.003149,38.408855],[27.003155,38.408861],[27.00316,38.408865],[27.00317,38.408867],[27.003204,38.408871],[27.00326,38.408884],[27.003273,38.408896],[27.00329,38.4089],[27.003308,38.408895],[27.003341,38.408906],[27.003354,38.408917],[27.003383,38.408928],[27.003404,38.40894],[27.003414,38.408951],[27.003431,38.408957],[27.003458,38.408963],[27.003481,38.408974],[27.003484,38.408983],[27.003484,38.408993],[27.003495,38.408995],[27.00351,38.409003],[27.003521,38.409012],[27.003536,38.409013],[27.00364,38.409004],[27.003658,38.409006],[27.00373,38.409033],[27.003787,38.409033],[27.003809,38.409029],[27.003825,38.409025],[27.003835,38.40902],[27.003833,38.409012],[27.003917,38.408999],[27.003922,38.409003],[27.003931,38.409007],[27.003949,38.409004],[27.003964,38.409011],[27.003992,38.409029],[27.00402,38.409053],[27.004053,38.40908],[27.00407,38.409106],[27.00409,38.409126],[27.0041,38.409148],[27.004117,38.409169],[27.004137,38.40919],[27.004153,38.409195],[27.004167,38.409193],[27.004207,38.409173],[27.004242,38.40916],[27.004331,38.409148],[27.004342,38.409139],[27.004397,38.409128],[27.00445,38.409123],[27.00447,38.409118],[27.004477,38.409114],[27.004529,38.409111],[27.004538,38.409102],[27.004552,38.409095],[27.00456,38.409089],[27.004686,38.409074],[27.004716,38.409065],[27.004795,38.409048],[27.004831,38.409035],[27.004839,38.409028],[27.004863,38.409023],[27.004887,38.409015],[27.004911,38.409003],[27.00497,38.408984],[27.005022,38.408975],[27.005047,38.408966],[27.005068,38.408967],[27.005148,38.408956],[27.005161,38.408951],[27.005202,38.408926],[27.005224,38.408917],[27.005244,38.408905],[27.005272,38.408896],[27.005285,38.408893],[27.005332,38.408891],[27.005343,38.408888],[27.005375,38.408875],[27.005386,38.408873],[27.005433,38.408875],[27.005455,38.408869],[27.005472,38.408858],[27.005495,38.408854],[27.005568,38.40885],[27.005616,38.408842],[27.005649,38.408832],[27.005707,38.408822],[27.005792,38.408796],[27.005803,38.408794],[27.00585,38.408792],[27.005862,38.408793],[27.005906,38.408803],[27.005917,38.408801],[27.005937,38.408792],[27.005997,38.408787],[27.006005,38.408781],[27.00601,38.408773],[27.006019,38.408767],[27.006072,38.408744],[27.006083,38.408742],[27.006096,38.408744],[27.006131,38.408743],[27.006189,38.408749],[27.006201,38.408749],[27.006224,38.408744],[27.006295,38.408737],[27.006318,38.408731],[27.006329,38.408729],[27.006353,38.408728],[27.006387,38.408733],[27.006399,38.408732],[27.006437,38.408712],[27.006454,38.408699],[27.006464,38.408695],[27.006486,38.408689],[27.006507,38.40868],[27.006518,38.408678],[27.00653,38.408681],[27.006542,38.408682],[27.006553,38.408685],[27.006562,38.408691],[27.006569,38.408698],[27.006577,38.408705],[27.006588,38.408707],[27.006598,38.408703],[27.006601,38.408696],[27.006602,38.408689],[27.006602,38.408681],[27.006597,38.408672],[27.006593,38.408663],[27.006595,38.408654],[27.006617,38.408647],[27.006629,38.408647],[27.006652,38.40865],[27.0067,38.408647],[27.006711,38.408644],[27.006731,38.408635],[27.006742,38.408634],[27.006752,38.408629],[27.00676,38.408622],[27.00677,38.408616],[27.006782,38.408614],[27.006793,38.408615],[27.006804,38.408612],[27.006823,38.408601],[27.006835,38.408599],[27.006846,38.408601],[27.006852,38.408609],[27.006863,38.40861],[27.006875,38.408607],[27.006898,38.408607],[27.006919,38.408599],[27.006931,38.408597],[27.006953,38.40859],[27.006961,38.408583],[27.006978,38.408559],[27.006981,38.40855],[27.006985,38.408542],[27.006994,38.408536],[27.007016,38.408531],[27.007076,38.408535],[27.007087,38.408538],[27.007097,38.408543],[27.007105,38.408548],[27.007107,38.408557],[27.007113,38.408564],[27.007144,38.408575],[27.007156,38.408574],[27.007166,38.408572],[27.007184,38.408559],[27.007205,38.408551],[27.007227,38.408548],[27.007235,38.408541],[27.007241,38.408533],[27.007251,38.408529],[27.00731,38.408518],[27.007386,38.40849],[27.007397,38.408488],[27.00741,38.408487],[27.007432,38.408491],[27.007445,38.408489],[27.007457,38.408485],[27.007468,38.408483],[27.007478,38.408484],[27.007513,38.408477],[27.007525,38.408476],[27.007536,38.408474],[27.00756,38.408472],[27.007571,38.40847],[27.007582,38.408466],[27.007594,38.408466],[27.007604,38.40847],[27.007615,38.408473],[27.007724,38.408471],[27.007828,38.408453],[27.00784,38.408452],[27.007851,38.408452],[27.007876,38.40845],[27.00795,38.408456],[27.007962,38.408455],[27.007986,38.408449],[27.007997,38.408448],[27.00808,38.408444],[27.008092,38.408446],[27.008103,38.408449],[27.008115,38.40845],[27.008199,38.408447],[27.008284,38.408459],[27.008296,38.408459],[27.008341,38.408452],[27.008353,38.408452],[27.00839,38.408456],[27.008459,38.408458],[27.008505,38.408463],[27.008528,38.408469],[27.008614,38.40848],[27.008639,38.408485],[27.008735,38.408492],[27.008746,38.408491],[27.008753,38.408485],[27.008757,38.408476],[27.008755,38.408467],[27.008746,38.40845],[27.008755,38.408445],[27.008766,38.408444],[27.008777,38.408444],[27.008788,38.408447],[27.008794,38.408455],[27.008799,38.408463],[27.008826,38.408481],[27.008836,38.408487],[27.008871,38.408493],[27.008894,38.4085],[27.008905,38.408501],[27.008916,38.408505],[27.008925,38.408511],[27.008935,38.408515],[27.008969,38.40852],[27.008982,38.408518],[27.008994,38.408518],[27.009029,38.40853],[27.009039,38.408535],[27.009049,38.408542],[27.00906,38.408547],[27.009092,38.408559],[27.009115,38.408563],[27.009137,38.40857],[27.009157,38.408579],[27.009167,38.408583],[27.009296,38.408602],[27.009319,38.408609],[27.009331,38.408609],[27.009343,38.408611],[27.009351,38.408617],[27.009357,38.408624],[27.009372,38.408638],[27.009383,38.408643],[27.00943,38.408655],[27.009441,38.408655],[27.009448,38.408649],[27.009451,38.408641],[27.009458,38.408633],[27.009466,38.408627],[27.009477,38.408628],[27.009488,38.408631],[27.009499,38.408635],[27.009506,38.408642],[27.009508,38.40866],[27.009508,38.408669],[27.009507,38.408679],[27.009515,38.408684],[27.009593,38.408709],[27.009603,38.408714],[27.009628,38.408735],[27.009638,38.408741],[27.009654,38.408753],[27.009664,38.408758],[27.009676,38.408762],[27.009698,38.408766],[27.009711,38.408767],[27.009722,38.40877],[27.009775,38.408791],[27.009786,38.408794],[27.009817,38.408808],[27.00986,38.40884],[27.009869,38.408846],[27.009881,38.408848],[27.009906,38.40885],[27.009917,38.408854],[27.009925,38.408861],[27.009953,38.408879],[27.010005,38.408902],[27.010016,38.408905],[27.010049,38.408917],[27.010087,38.408941],[27.010103,38.408954],[27.010113,38.40896],[27.010124,38.408965],[27.010146,38.408972],[27.010156,38.408976],[27.010164,38.408983],[27.010221,38.409016],[27.010231,38.40902],[27.010254,38.409026],[27.01029,38.409029],[27.010301,38.409032],[27.01031,38.409037],[27.010315,38.409046],[27.010322,38.409053],[27.010331,38.409059],[27.010342,38.409064],[27.010372,38.409084],[27.010392,38.409094],[27.010399,38.409102],[27.010411,38.409118],[27.010419,38.409125],[27.010433,38.40914],[27.010452,38.409151],[27.010484,38.409165],[27.010493,38.409171],[27.010502,38.409178],[27.010509,38.409187],[27.010516,38.409195],[27.010527,38.409201],[27.010568,38.409222],[27.010579,38.409226],[27.010597,38.409238],[27.010607,38.409243],[27.010618,38.409247],[27.010649,38.409264],[27.010686,38.409289],[27.010796,38.409345],[27.010816,38.409368],[27.010854,38.409394],[27.010861,38.409401],[27.010876,38.409426],[27.010884,38.409434],[27.010894,38.40944],[27.010954,38.409467],[27.010963,38.409474],[27.01097,38.409481],[27.010979,38.409488],[27.010986,38.409496],[27.010995,38.409501],[27.011006,38.409505],[27.011017,38.409507],[27.011025,38.409515],[27.011029,38.409523],[27.011033,38.409531],[27.011038,38.409539],[27.011047,38.409545],[27.011057,38.40955],[27.011069,38.409551],[27.011104,38.409547],[27.011116,38.40955],[27.011134,38.409561],[27.011145,38.409563],[27.011155,38.409566],[27.011154,38.409575],[27.011157,38.409594],[27.011162,38.409602],[27.011173,38.409606],[27.011185,38.409606],[27.011196,38.409609],[27.011203,38.409616],[27.011207,38.409625],[27.011214,38.409633],[27.011223,38.409638],[27.011246,38.409643],[27.011257,38.409647],[27.011275,38.409659],[27.011282,38.409666],[27.011289,38.409673],[27.011294,38.409682],[27.011302,38.409689],[27.011312,38.409694],[27.011366,38.409713],[27.011371,38.409716],[27.011762,38.410115],[27.013136,38.411371],[27.01347,38.411696],[27.013513,38.411769],[27.013516,38.411783],[27.013527,38.41179],[27.013533,38.411801],[27.013545,38.411812],[27.013554,38.411831],[27.013566,38.411843],[27.013586,38.411855],[27.013607,38.411875],[27.013642,38.411918],[27.013668,38.41194],[27.013709,38.411973],[27.01372,38.411991],[27.013736,38.412005],[27.01377,38.412064],[27.013808,38.412095],[27.013827,38.412118],[27.013845,38.412136],[27.013858,38.41216],[27.013881,38.412195],[27.013935,38.412252],[27.013939,38.412277],[27.013948,38.412288],[27.013955,38.412303],[27.013969,38.412312],[27.013998,38.412347],[27.014011,38.412357],[27.014051,38.412416],[27.014059,38.412435],[27.014069,38.412447],[27.014075,38.412461],[27.014092,38.412471],[27.014136,38.412557],[27.014247,38.412729],[27.014331,38.412888],[27.014351,38.41295],[27.014352,38.412968],[27.014349,38.412983],[27.014364,38.41298],[27.014375,38.412969],[27.014391,38.41296],[27.014413,38.412964],[27.01443,38.41298],[27.01447,38.413071],[27.014514,38.413095],[27.014592,38.413151],[27.014623,38.413157],[27.014645,38.413173],[27.014662,38.413177],[27.014717,38.413205],[27.014732,38.413218],[27.014745,38.413222],[27.014764,38.413221],[27.014782,38.413231],[27.014807,38.413254],[27.014827,38.413262],[27.014839,38.413274],[27.014843,38.413288],[27.014857,38.413295],[27.014878,38.413295],[27.014898,38.413298],[27.014909,38.413296],[27.01499,38.413372],[27.015018,38.413388],[27.015029,38.413409],[27.015079,38.413441],[27.015086,38.413461],[27.0151,38.413473],[27.015124,38.413465],[27.01514,38.413467],[27.015146,38.413476],[27.015241,38.413572],[27.015525,38.413816],[27.015584,38.413863],[27.015616,38.413848],[27.015653,38.413877],[27.015675,38.413903],[27.015702,38.413921],[27.01573,38.413923],[27.01575,38.413932],[27.015768,38.413961],[27.015793,38.413984],[27.015877,38.414094],[27.015889,38.414117],[27.015894,38.414143],[27.01589,38.414157],[27.015904,38.414167],[27.015919,38.414164],[27.015988,38.414266],[27.016021,38.414348],[27.016028,38.414384],[27.016045,38.414394],[27.016075,38.414397],[27.016089,38.414415],[27.016097,38.414431],[27.016112,38.414436],[27.016129,38.414468],[27.01645,38.414891],[27.016489,38.414911],[27.016499,38.414911],[27.016519,38.414928],[27.016529,38.41493],[27.016544,38.414949],[27.016604,38.415011],[27.016619,38.415016],[27.016627,38.415027],[27.01665,38.415026],[27.01669,38.415046],[27.016738,38.415045],[27.016771,38.41506],[27.01681,38.41505],[27.016822,38.415054],[27.016838,38.415061],[27.016856,38.41506],[27.016943,38.415133],[27.016959,38.415155],[27.017003,38.415177],[27.017024,38.415193],[27.017039,38.415229],[27.017074,38.415296],[27.017083,38.415303],[27.017087,38.41532],[27.017115,38.415376],[27.017122,38.415413],[27.017115,38.415429],[27.017102,38.415452],[27.017088,38.415528],[27.017095,38.41556],[27.017142,38.415632],[27.017165,38.415626],[27.017187,38.415629],[27.01721,38.415649],[27.017259,38.415711],[27.017346,38.416078],[27.017339,38.416103],[27.017348,38.41611],[27.017345,38.41613],[27.01734,38.416256],[27.01733,38.416277],[27.017333,38.416327],[27.017328,38.416342],[27.017329,38.416379],[27.017327,38.416402],[27.017334,38.416467],[27.017329,38.416488],[27.017329,38.416505],[27.017321,38.416528],[27.01732,38.416547],[27.017307,38.416581],[27.017261,38.416918],[27.017262,38.416955],[27.017249,38.417016],[27.017181,38.417613],[27.017195,38.417634],[27.017214,38.417658],[27.017262,38.417692],[27.017262,38.417714],[27.017253,38.417779],[27.017254,38.417843],[27.01725,38.417867],[27.017239,38.417903],[27.017241,38.417927],[27.017233,38.417948],[27.017223,38.417967],[27.017217,38.417989],[27.017229,38.418011],[27.01723,38.418097],[27.017226,38.418115],[27.017226,38.418128],[27.017231,38.418154],[27.017184,38.418167],[27.017203,38.4182],[27.017248,38.418191],[27.017255,38.418199],[27.01727,38.418221],[27.01734,38.418245],[27.017404,38.418245],[27.017487,38.418229],[27.017586,38.418178],[27.017633,38.418139],[27.017669,38.418094],[27.017764,38.418005],[27.017842,38.417949],[27.017878,38.417929],[27.017964,38.417991],[27.017974,38.417981],[27.017889,38.417921],[27.017914,38.417902],[27.017969,38.41785],[27.018009,38.417841],[27.018696,38.416969],[27.018721,38.416926],[27.018729,38.416906],[27.018736,38.416852],[27.018715,38.416786],[27.018738,38.416768],[27.018815,38.416688],[27.018858,38.416652],[27.019001,38.416495],[27.019021,38.416462],[27.019035,38.416424],[27.019144,38.416287],[27.01929,38.416139],[27.019355,38.416078],[27.019479,38.415978],[27.019543,38.415937],[27.019911,38.4157],[27.019953,38.415683],[27.019992,38.415686],[27.020003,38.415672],[27.020031,38.415664],[27.020053,38.415662],[27.020089,38.415648],[27.020122,38.415649],[27.020125,38.415634],[27.020146,38.41563],[27.020175,38.415632],[27.020191,38.415625],[27.020205,38.415614],[27.020224,38.415612]]]}},{"type":"Feature","properties":{"id":"TR-D-35-025","parent_id":"TR-P-35","region_id":"TR-R-EGE","level":"district","municipality_type":null,"municipality_type_label":null,"is_metropolitan_municipality":null,"name":"Ödemiş","name_ascii":"odemis","slug":"odemis-izmir"},"geometry":{"type":"Polygon","coordinates":[[[27.778952,38.21889],[27.7795,38.221267],[27.782517,38.225015],[27.784802,38.227666],[27.786356,38.229311],[27.788002,38.232054],[27.78919,38.234887],[27.78983,38.23571],[27.792298,38.238178],[27.793395,38.239641],[27.794675,38.242292],[27.79632,38.244577],[27.798149,38.24604],[27.798971,38.249971],[27.799611,38.251616],[27.804456,38.254358],[27.808844,38.256827],[27.814237,38.259478],[27.817802,38.261854],[27.820271,38.263957],[27.824019,38.267156],[27.825755,38.26871],[27.82603,38.27191],[27.82411,38.27904],[27.823287,38.28032],[27.822099,38.282422],[27.821825,38.28489],[27.821825,38.287176],[27.821002,38.290192],[27.81762,38.29586],[27.8125,38.308749],[27.811404,38.311857],[27.809941,38.3146],[27.808935,38.316885],[27.808844,38.31981],[27.810307,38.323284],[27.811586,38.326118],[27.8155,38.331128],[27.821758,38.329691],[27.828848,38.329808],[27.838959,38.327599],[27.845003,38.326205],[27.848489,38.325042],[27.852441,38.323067],[27.859065,38.32144],[27.870223,38.320394],[27.880218,38.319231],[27.886261,38.318999],[27.889516,38.318999],[27.891724,38.321207],[27.893816,38.326437],[27.894862,38.332364],[27.894281,38.336084],[27.893235,38.338873],[27.891491,38.341895],[27.889516,38.346543],[27.888586,38.350727],[27.888586,38.355028],[27.888121,38.360258],[27.88754,38.364558],[27.887424,38.366882],[27.887641,38.370369],[27.887641,38.374117],[27.888862,38.377604],[27.889995,38.380044],[27.890867,38.382398],[27.891302,38.383967],[27.891302,38.387889],[27.89139,38.39216],[27.892436,38.397478],[27.892959,38.400703],[27.895574,38.404102],[27.898276,38.406979],[27.900716,38.409158],[27.902285,38.410553],[27.905511,38.410727],[27.907951,38.410204],[27.915447,38.410465],[27.91998,38.410291],[27.922857,38.409768],[27.925675,38.409266],[27.927215,38.408984],[27.930527,38.407763],[27.932794,38.405323],[27.938111,38.401923],[27.941249,38.399047],[27.944561,38.39739],[27.947873,38.396257],[27.95319,38.394775],[27.957113,38.393555],[27.962517,38.393468],[27.968009,38.393032],[27.973151,38.392945],[27.978294,38.393294],[27.983176,38.393555],[27.985965,38.394252],[27.987447,38.396257],[27.988057,38.398959],[27.989887,38.4014],[27.992241,38.402359],[27.994769,38.403405],[27.997994,38.404364],[28.000609,38.404277],[28.004095,38.40262],[28.006885,38.402185],[28.010459,38.401051],[28.016037,38.399047],[28.023882,38.398262],[28.03748,38.397739],[28.047853,38.397652],[28.05134,38.397565],[28.053432,38.396955],[28.055872,38.394514],[28.057616,38.391812],[28.059097,38.389458],[28.060666,38.387715],[28.065373,38.384839],[28.067901,38.383618],[28.072259,38.382224],[28.076705,38.380393],[28.080889,38.378911],[28.085422,38.37865],[28.08978,38.377952],[28.098497,38.375512],[28.101199,38.375076],[28.106516,38.374466],[28.111484,38.374466],[28.116801,38.37464],[28.119765,38.374291],[28.123949,38.372722],[28.128569,38.371938],[28.132743,38.371284],[28.13052,38.368583],[28.129717,38.366709],[28.128714,38.364702],[28.127978,38.36323],[28.127443,38.361491],[28.127643,38.358814],[28.128078,38.355893],[28.128167,38.349916],[28.128167,38.345991],[28.128078,38.342779],[28.1279,38.339746],[28.12781,38.336891],[28.127632,38.334126],[28.127186,38.331003],[28.12674,38.32797],[28.126472,38.324759],[28.126205,38.321458],[28.123172,38.317087],[28.122458,38.314946],[28.12219,38.31218],[28.12219,38.308433],[28.12219,38.306114],[28.12299,38.304419],[28.124596,38.303014],[28.125449,38.301809],[28.126152,38.300605],[28.126704,38.298849],[28.126754,38.297143],[28.126704,38.295587],[28.126102,38.294634],[28.125148,38.29368],[28.124295,38.291974],[28.123593,38.29087],[28.122739,38.289465],[28.122338,38.287608],[28.122238,38.285752],[28.12231,38.283866],[28.123484,38.27979],[28.124792,38.277054],[28.128004,38.273247],[28.130383,38.2673],[28.130264,38.263137],[28.13074,38.25826],[28.129907,38.255762],[28.128955,38.25374],[28.12848,38.250767],[28.128242,38.247317],[28.128955,38.243987],[28.129907,38.241965],[28.131691,38.240894],[28.134903,38.23685],[28.136687,38.234471],[28.137876,38.232806],[28.138709,38.230546],[28.140612,38.227691],[28.14311,38.224836],[28.145489,38.222695],[28.148938,38.221982],[28.152031,38.222457],[28.158216,38.223052],[28.162379,38.221625],[28.166186,38.219841],[28.170349,38.218651],[28.173798,38.217224],[28.174869,38.214726],[28.175582,38.212585],[28.176296,38.208303],[28.176415,38.204497],[28.176415,38.201642],[28.177248,38.199382],[28.178318,38.196884],[28.179389,38.19284],[28.178913,38.187725],[28.180459,38.180588],[28.182124,38.178447],[28.184979,38.175355],[28.185812,38.171786],[28.186287,38.16917],[28.187358,38.166672],[28.187477,38.16346],[28.187358,38.159297],[28.187239,38.155134],[28.188428,38.152874],[28.192682,38.150747],[28.194138,38.150019],[28.195922,38.143358],[28.197112,38.138244],[28.196993,38.135746],[28.195803,38.133605],[28.192592,38.130036],[28.187834,38.125516],[28.183908,38.122543],[28.17701,38.11945],[28.168208,38.118736],[28.16,38.120877],[28.156551,38.123137],[28.155242,38.123375],[28.153101,38.122781],[28.149533,38.122543],[28.145608,38.123018],[28.143705,38.123018],[28.142158,38.122543],[28.138233,38.119569],[28.135022,38.115168],[28.13407,38.112194],[28.131215,38.106247],[28.13074,38.103987],[28.130264,38.099943],[28.129074,38.09578],[28.127409,38.093639],[28.123722,38.088524],[28.121462,38.083766],[28.121343,38.079246],[28.123603,38.074132],[28.127171,38.069493],[28.131096,38.065924],[28.136211,38.063664],[28.145846,38.06188],[28.151674,38.062832],[28.155124,38.062832],[28.159881,38.062237],[28.167732,38.057717],[28.173441,38.054149],[28.17582,38.053078],[28.178437,38.051413],[28.178437,38.049867],[28.176891,38.044514],[28.176891,38.039518],[28.177248,38.036664],[28.177539,38.032991],[28.17415,38.033643],[28.169303,38.034595],[28.164024,38.037105],[28.159524,38.039182],[28.157187,38.04048],[28.154072,38.041345],[28.145763,38.041432],[28.139965,38.041951],[28.137455,38.040826],[28.133907,38.038057],[28.133387,38.034335],[28.132262,38.032778],[28.131916,38.030787],[28.131916,38.027498],[28.130445,38.025594],[28.127762,38.025335],[28.124041,38.025508],[28.123089,38.025681],[28.119281,38.026373],[28.114521,38.026114],[28.11054,38.027325],[28.107251,38.028623],[28.103876,38.030354],[28.101453,38.031566],[28.095654,38.030181],[28.091673,38.026979],[28.089163,38.02421],[28.084317,38.023863],[28.081461,38.023777],[28.07722,38.024383],[28.073585,38.026719],[28.070816,38.026633],[28.068133,38.025767],[28.065969,38.026287],[28.063546,38.028104],[28.056622,38.030181],[28.052814,38.030787],[28.050305,38.031133],[28.046237,38.030787],[28.042083,38.02897],[28.040006,38.026546],[28.038275,38.024296],[28.036977,38.021873],[28.035592,38.018325],[28.03438,38.014517],[28.034294,38.011574],[28.034294,38.010276],[28.033948,38.004477],[28.033169,38.001621],[28.027284,37.996775],[28.024947,37.994784],[28.021831,37.992102],[28.019235,37.989159],[28.017591,37.985005],[28.015341,37.982236],[28.013177,37.981457],[28.01084,37.980245],[28.008677,37.97886],[28.008179,37.978478],[28.006427,37.977129],[28.004349,37.975139],[28.001667,37.974706],[27.999503,37.975485],[27.996647,37.97687],[27.991887,37.978514],[27.988858,37.980937],[27.98505,37.983274],[27.981415,37.985524],[27.978213,37.987428],[27.976828,37.988207],[27.975011,37.990025],[27.973799,37.992361],[27.971549,37.994525],[27.969039,37.996775],[27.966356,37.99816],[27.963068,37.999025],[27.95926,37.999112],[27.954154,37.997814],[27.950951,37.996342],[27.947057,37.997035],[27.942903,37.997727],[27.938749,37.9979],[27.934508,37.998679],[27.932344,38.00041],[27.9307,38.0024],[27.927411,38.005862],[27.925075,38.008026],[27.922132,38.010709],[27.925522,38.011039],[27.927578,38.011176],[27.932857,38.011793],[27.935326,38.01241],[27.938205,38.01337],[27.939439,38.014742],[27.939851,38.01673],[27.940125,38.018718],[27.94033,38.021323],[27.940605,38.023997],[27.941427,38.026877],[27.942182,38.029002],[27.941702,38.03147],[27.940399,38.035104],[27.939782,38.037709],[27.939165,38.039903],[27.93752,38.042303],[27.934571,38.045251],[27.933132,38.046416],[27.931143,38.047925],[27.930184,38.04957],[27.930046,38.05197],[27.929772,38.054575],[27.929909,38.056357],[27.930595,38.058071],[27.932172,38.061774],[27.932309,38.065202],[27.932515,38.069247],[27.933269,38.071303],[27.934709,38.074594],[27.935394,38.077817],[27.935394,38.080902],[27.934983,38.084741],[27.934983,38.092214],[27.935188,38.094545],[27.934709,38.097562],[27.933886,38.100579],[27.933474,38.102293],[27.932995,38.106955],[27.932103,38.110863],[27.932446,38.11957],[27.9332,38.129374],[27.933132,38.131499],[27.928401,38.146377],[27.925122,38.155266],[27.922391,38.162093],[27.921736,38.165066],[27.919027,38.168607],[27.918541,38.168734],[27.91802,38.168878],[27.917551,38.169019],[27.917091,38.169172],[27.916643,38.16934],[27.916212,38.16953],[27.915782,38.169754],[27.915447,38.169956],[27.914976,38.170268],[27.91456,38.170576],[27.914227,38.170842],[27.913874,38.171146],[27.913625,38.171379],[27.911878,38.171546],[27.908881,38.171831],[27.908401,38.171787],[27.904117,38.171398],[27.898098,38.170851],[27.894786,38.169889],[27.892545,38.169231],[27.888324,38.16774],[27.884547,38.166406],[27.882089,38.165537],[27.881595,38.165362],[27.87086,38.163423],[27.869931,38.163388],[27.866311,38.163249],[27.860274,38.163017],[27.857153,38.162897],[27.855627,38.162874],[27.849797,38.162785],[27.846631,38.162736],[27.845298,38.162716],[27.845563,38.165158],[27.844646,38.167445],[27.839559,38.176109],[27.836359,38.180222],[27.833891,38.182142],[27.828589,38.185616],[27.824933,38.186895],[27.821093,38.187901],[27.818534,38.187992],[27.81506,38.188449],[27.811952,38.189364],[27.809118,38.191283],[27.80665,38.192837],[27.804365,38.19366],[27.802171,38.193751],[27.79952,38.193934],[27.797417,38.195305],[27.79568,38.197134],[27.792024,38.200607],[27.790744,38.20271],[27.787728,38.206641],[27.785351,38.210937],[27.78206,38.214868],[27.779775,38.217519],[27.778952,38.21889]]]}},{"type":"Feature","properties":{"id":"TR-D-35-026","parent_id":"TR-P-35","region_id":"TR-R-EGE","level":"district","municipality_type":null,"municipality_type_label":null,"is_metropolitan_municipality":null,"name":"Seferihisar","name_ascii":"seferihisar","slug":"seferihisar-izmir"},"geometry":{"type":"MultiPolygon","coordinates":[[[[26.927799,38.302129],[26.931322,38.302083],[26.934104,38.302083],[26.937303,38.301295],[26.939946,38.301156],[26.941602,38.301553],[26.941848,38.299957],[26.942952,38.296028],[26.943443,38.292775],[26.944548,38.290075],[26.947004,38.286208],[26.949152,38.283016],[26.949152,38.28142],[26.948477,38.278596],[26.948415,38.276632],[26.948047,38.274361],[26.948009,38.273164],[26.94741,38.270816],[26.947134,38.269159],[26.946996,38.266765],[26.945845,38.264648],[26.944418,38.262806],[26.942899,38.260413],[26.941886,38.258065],[26.941241,38.256315],[26.939998,38.253645],[26.939538,38.251067],[26.939584,38.249088],[26.939952,38.24651],[26.940781,38.244576],[26.941518,38.241952],[26.941518,38.24094],[26.940091,38.237993],[26.93917,38.23652],[26.938157,38.234219],[26.938111,38.232653],[26.938341,38.23118],[26.939308,38.229845],[26.940505,38.228786],[26.941978,38.227866],[26.943359,38.226899],[26.945569,38.225288],[26.947042,38.223861],[26.947917,38.222664],[26.949712,38.22096],[26.950541,38.219671],[26.951599,38.21737],[26.952566,38.216219],[26.953487,38.213687],[26.954269,38.212858],[26.956893,38.211753],[26.95984,38.211109],[26.961589,38.211109],[26.963384,38.211063],[26.965732,38.210695],[26.968034,38.209682],[26.970842,38.208761],[26.973466,38.208669],[26.977701,38.20784],[26.980279,38.206413],[26.982811,38.204434],[26.985159,38.20204],[26.987507,38.200245],[26.991282,38.197068],[26.992617,38.196147],[26.995655,38.19426],[26.998095,38.192741],[27.000857,38.190531],[27.004448,38.188828],[27.008038,38.186618],[27.010524,38.184362],[27.01209,38.181646],[27.013747,38.179713],[27.017153,38.175524],[27.018719,38.172992],[27.020054,38.17069],[27.021066,38.166777],[27.022309,38.163509],[27.022586,38.160931],[27.023092,38.158284],[27.022862,38.15536],[27.022724,38.151401],[27.02254,38.148133],[27.021895,38.146061],[27.021803,38.14247],[27.021527,38.138972],[27.020606,38.136624],[27.019087,38.134875],[27.017015,38.133217],[27.013286,38.129443],[27.011583,38.127693],[27.010248,38.125668],[27.010064,38.122491],[27.010616,38.118118],[27.011031,38.114665],[27.011629,38.113146],[27.011767,38.111397],[27.010939,38.109509],[27.009972,38.107668],[27.008683,38.105827],[27.008315,38.103663],[27.006703,38.09998],[27.004862,38.098829],[27.00187,38.098001],[26.998417,38.096389],[26.996115,38.0951],[26.994596,38.093903],[26.993491,38.092246],[26.991926,38.090405],[26.989624,38.087781],[26.989348,38.084973],[26.989578,38.076732],[26.989117,38.071851],[26.98903,38.071742],[26.987008,38.072748],[26.98685,38.072827],[26.98462,38.073619],[26.980894,38.07467],[26.980648,38.074713],[26.978722,38.075051],[26.972602,38.075249],[26.971812,38.075412],[26.971368,38.075212],[26.97011,38.075176],[26.969073,38.074813],[26.968284,38.073797],[26.969049,38.073217],[26.969197,38.072963],[26.968803,38.072709],[26.968655,38.072456],[26.968186,38.072129],[26.967569,38.072129],[26.966607,38.072437],[26.965891,38.073035],[26.965767,38.073615],[26.96594,38.074014],[26.965816,38.07425],[26.965347,38.074703],[26.963916,38.075265],[26.961793,38.075844],[26.958257,38.076083],[26.957241,38.076064],[26.955671,38.076033],[26.954834,38.076059],[26.94897,38.075528],[26.948247,38.075426],[26.945363,38.075017],[26.940062,38.074083],[26.937636,38.07364],[26.934005,38.072706],[26.932689,38.072334],[26.931267,38.071936],[26.929433,38.071422],[26.928286,38.07106],[26.928187,38.070933],[26.919866,38.06856],[26.915656,38.06722],[26.912579,38.066307],[26.909479,38.065417],[26.904731,38.063823],[26.902148,38.062856],[26.89743,38.061047],[26.896839,38.060557],[26.896642,38.060194],[26.895853,38.059776],[26.895187,38.059721],[26.894003,38.059285],[26.893511,38.058686],[26.893141,38.058341],[26.891787,38.056581],[26.890875,38.056036],[26.890209,38.055727],[26.889791,38.055292],[26.888336,38.054493],[26.888213,38.054112],[26.8874,38.053513],[26.886346,38.053136],[26.885724,38.052913],[26.884935,38.052423],[26.884245,38.052077],[26.884122,38.051823],[26.883727,38.051605],[26.883235,38.050934],[26.883557,38.05039],[26.883637,38.050098],[26.88373,38.049756],[26.883953,38.049665],[26.883953,38.049575],[26.883706,38.049502],[26.883411,38.049157],[26.883066,38.048976],[26.882876,38.048987],[26.88277,38.048993],[26.882572,38.049175],[26.882251,38.04921],[26.882005,38.049029],[26.882056,38.047941],[26.88176,38.047596],[26.881391,38.04727],[26.881293,38.046671],[26.881695,38.04632],[26.881812,38.046218],[26.881911,38.045693],[26.88211,38.045221],[26.882061,38.044804],[26.881519,38.044387],[26.881511,38.044376],[26.88115,38.043842],[26.881225,38.043371],[26.881416,38.043196],[26.881422,38.04319],[26.881965,38.043136],[26.882138,38.042864],[26.882138,38.042538],[26.881793,38.042755],[26.881423,38.042555],[26.881284,38.04246],[26.880339,38.041811],[26.880341,38.040814],[26.879898,38.040269],[26.879257,38.039851],[26.878986,38.039833],[26.878715,38.03967],[26.878123,38.039633],[26.877778,38.039505],[26.877235,38.039432],[26.876939,38.039305],[26.876769,38.038127],[26.876423,38.038035],[26.875782,38.037998],[26.875536,38.037527],[26.875981,38.037147],[26.87608,38.03682],[26.875785,38.036421],[26.876106,38.03595],[26.876427,38.035932],[26.876846,38.036096],[26.877019,38.035987],[26.876995,38.035552],[26.876527,38.035134],[26.876675,38.034863],[26.876616,38.034657],[26.876528,38.034355],[26.875863,38.03381],[26.875723,38.03381],[26.875715,38.03381],[26.87537,38.033991],[26.874655,38.033682],[26.873941,38.033101],[26.87335,38.032448],[26.873252,38.031994],[26.873129,38.031885],[26.873135,38.031811],[26.873154,38.031559],[26.872612,38.031214],[26.872465,38.030615],[26.872071,38.030307],[26.871924,38.029998],[26.871677,38.030234],[26.871158,38.030433],[26.871035,38.030723],[26.870739,38.030686],[26.870566,38.030577],[26.869999,38.030685],[26.869938,38.030733],[26.869653,38.030957],[26.869307,38.031373],[26.869504,38.031555],[26.869651,38.032425],[26.869403,38.032824],[26.869058,38.033041],[26.868885,38.033295],[26.867923,38.033221],[26.867432,38.032006],[26.867038,38.031679],[26.866618,38.032168],[26.86642,38.032259],[26.866691,38.032422],[26.866592,38.032785],[26.866119,38.032679],[26.865532,38.032548],[26.865063,38.032565],[26.865013,38.03271],[26.864742,38.032801],[26.864914,38.033182],[26.865161,38.033254],[26.865037,38.033436],[26.86516,38.033581],[26.865011,38.033907],[26.865726,38.034415],[26.865933,38.034505],[26.866144,38.034597],[26.866588,38.035015],[26.866759,38.035577],[26.867203,38.035958],[26.867324,38.037101],[26.867815,38.038135],[26.867149,38.038442],[26.867198,38.038606],[26.868158,38.039495],[26.867861,38.040147],[26.866824,38.040473],[26.866627,38.040454],[26.86675,38.040672],[26.866379,38.041143],[26.865861,38.041396],[26.865294,38.041033],[26.865177,38.041219],[26.865146,38.041269],[26.864628,38.041195],[26.864357,38.040941],[26.863987,38.041086],[26.863543,38.041085],[26.863271,38.041266],[26.86332,38.041557],[26.862728,38.041556],[26.862061,38.041863],[26.861197,38.042515],[26.861344,38.042787],[26.861196,38.042932],[26.861393,38.043222],[26.861713,38.043477],[26.861589,38.043948],[26.861169,38.044274],[26.860749,38.044364],[26.860502,38.044599],[26.85991,38.044653],[26.859762,38.044997],[26.859095,38.045359],[26.858527,38.045395],[26.858255,38.045902],[26.858082,38.046156],[26.857564,38.046246],[26.858179,38.047153],[26.858473,38.048133],[26.858395,38.050308],[26.857775,38.05174],[26.857158,38.051957],[26.857355,38.052229],[26.857453,38.052501],[26.856586,38.054204],[26.856215,38.054639],[26.856091,38.055165],[26.855646,38.055472],[26.855325,38.055762],[26.855374,38.056034],[26.855743,38.056379],[26.856111,38.057286],[26.856022,38.057743],[26.855962,38.058048],[26.855566,38.058736],[26.855377,38.058874],[26.85522,38.05899],[26.854279,38.060693],[26.853785,38.061145],[26.853741,38.061595],[26.853684,38.062179],[26.852645,38.063628],[26.852174,38.064534],[26.851481,38.065458],[26.850714,38.066817],[26.85059,38.067252],[26.850021,38.06794],[26.849502,38.068229],[26.849353,38.06861],[26.848784,38.069117],[26.848002,38.069179],[26.847427,38.069224],[26.847155,38.069332],[26.847426,38.069623],[26.847412,38.069826],[26.847401,38.069985],[26.847103,38.070674],[26.846708,38.071036],[26.846506,38.071085],[26.846485,38.07109],[26.846479,38.071137],[26.846385,38.071779],[26.846065,38.072003],[26.845866,38.072141],[26.845791,38.072721],[26.845794,38.072742],[26.845864,38.073193],[26.845764,38.073882],[26.845763,38.074407],[26.845416,38.074969],[26.845489,38.075422],[26.845736,38.075568],[26.845807,38.077037],[26.845436,38.077344],[26.845757,38.077454],[26.846225,38.077762],[26.846421,38.078361],[26.846419,38.079104],[26.846048,38.079467],[26.845994,38.079638],[26.845899,38.079938],[26.846221,38.080175],[26.846318,38.080247],[26.846712,38.080719],[26.846843,38.081137],[26.846933,38.081426],[26.847154,38.081898],[26.847526,38.081762],[26.847697,38.081699],[26.848067,38.081699],[26.848905,38.082625],[26.850038,38.083352],[26.850331,38.085038],[26.850207,38.085365],[26.850256,38.085619],[26.850032,38.086525],[26.849933,38.086742],[26.850129,38.087105],[26.850024,38.087351],[26.849881,38.087685],[26.850109,38.087967],[26.850743,38.088756],[26.850561,38.091707],[26.850514,38.092473],[26.849993,38.093578],[26.849819,38.094285],[26.849942,38.094466],[26.849669,38.094937],[26.849076,38.095263],[26.848681,38.095335],[26.848631,38.095661],[26.849593,38.09617],[26.849863,38.096551],[26.85011,38.096787],[26.850355,38.09744],[26.85033,38.097894],[26.850601,38.098166],[26.851067,38.099236],[26.85107,38.099239],[26.851437,38.099581],[26.85151,38.09998],[26.851386,38.100379],[26.851607,38.100814],[26.851458,38.101431],[26.850689,38.102832],[26.849847,38.104366],[26.849504,38.104666],[26.849328,38.104819],[26.849007,38.104963],[26.848808,38.105344],[26.848438,38.105488],[26.848363,38.105851],[26.847373,38.107228],[26.847027,38.107499],[26.847026,38.10797],[26.846061,38.108876],[26.845986,38.109202],[26.84559,38.109455],[26.843536,38.112027],[26.842719,38.112788],[26.841953,38.113294],[26.841803,38.114128],[26.842024,38.11489],[26.84202,38.116672],[26.842019,38.116848],[26.841251,38.118225],[26.840855,38.118479],[26.84083,38.118805],[26.839965,38.119716],[26.838433,38.12133],[26.835683,38.123675],[26.835362,38.12391],[26.833952,38.124688],[26.833533,38.124597],[26.83331,38.124959],[26.833358,38.125267],[26.83316,38.125684],[26.833998,38.126302],[26.834294,38.126447],[26.834565,38.126955],[26.834268,38.127136],[26.834095,38.127172],[26.834119,38.127589],[26.833945,38.127752],[26.834413,38.128224],[26.834141,38.128568],[26.834635,38.128551],[26.834932,38.128352],[26.835253,38.128371],[26.835451,38.128171],[26.835969,38.128263],[26.836059,38.128336],[26.836413,38.128626],[26.836634,38.12917],[26.836732,38.129642],[26.837003,38.129969],[26.837199,38.130404],[26.836901,38.131437],[26.836256,38.132361],[26.835811,38.132578],[26.835358,38.132725],[26.835144,38.132794],[26.834825,38.132105],[26.834578,38.132141],[26.834009,38.13243],[26.833639,38.132357],[26.833268,38.132393],[26.833121,38.132048],[26.832997,38.132302],[26.83307,38.13252],[26.832872,38.132809],[26.833315,38.13359],[26.832252,38.134157],[26.832597,38.134459],[26.832769,38.134822],[26.83262,38.135075],[26.832987,38.135446],[26.833088,38.135548],[26.83289,38.135874],[26.832479,38.135957],[26.832272,38.136],[26.831258,38.136397],[26.830764,38.136451],[26.830591,38.136849],[26.830269,38.13703],[26.830047,38.137048],[26.829675,38.13741],[26.829749,38.137592],[26.830021,38.137592],[26.830144,38.13781],[26.830315,38.137847],[26.830563,38.137901],[26.83076,38.138246],[26.830586,38.13879],[26.830165,38.139224],[26.829819,38.139387],[26.8294,38.139042],[26.828807,38.139041],[26.828634,38.139222],[26.828757,38.139403],[26.828831,38.139476],[26.828509,38.139729],[26.827446,38.140272],[26.826606,38.140289],[26.826021,38.139981],[26.82557,38.139743],[26.825323,38.139743],[26.825075,38.140032],[26.82463,38.140394],[26.823937,38.140792],[26.823245,38.140936],[26.82253,38.140772],[26.82248,38.141008],[26.822504,38.141207],[26.822231,38.141515],[26.821761,38.141913],[26.82144,38.141931],[26.82092,38.142311],[26.820721,38.142927],[26.820324,38.143597],[26.820028,38.143687],[26.819583,38.143977],[26.81968,38.144448],[26.819902,38.14463],[26.819653,38.14521],[26.820023,38.145627],[26.820121,38.1459],[26.819972,38.146135],[26.820095,38.146661],[26.820538,38.147006],[26.821106,38.147315],[26.821648,38.147896],[26.822117,38.147879],[26.822194,38.147891],[26.822586,38.147952],[26.822907,38.148243],[26.823301,38.148461],[26.823529,38.149119],[26.823571,38.149241],[26.823464,38.150252],[26.823049,38.150654],[26.822776,38.151053],[26.822331,38.151433],[26.822577,38.151887],[26.822922,38.152087],[26.823317,38.152395],[26.823364,38.153175],[26.823906,38.154028],[26.824547,38.154519],[26.824768,38.154827],[26.824718,38.155154],[26.825088,38.155625],[26.825086,38.156133],[26.824589,38.157619],[26.824389,38.158471],[26.823745,38.159105],[26.822855,38.159611],[26.822409,38.159937],[26.822112,38.160263],[26.819811,38.161383],[26.819771,38.16141],[26.819339,38.16171],[26.818945,38.161944],[26.818599,38.161962],[26.818302,38.162142],[26.817438,38.162141],[26.817017,38.162539],[26.815781,38.162827],[26.815137,38.163298],[26.814643,38.163315],[26.814173,38.163568],[26.814098,38.163768],[26.814542,38.164149],[26.81459,38.164874],[26.813847,38.165326],[26.813303,38.16538],[26.812858,38.165778],[26.812041,38.165821],[26.810752,38.165934],[26.809194,38.166026],[26.807866,38.166042],[26.807693,38.166241],[26.807319,38.167455],[26.806723,38.168343],[26.805782,38.169411],[26.804841,38.170207],[26.803306,38.171184],[26.80203,38.1717],[26.801253,38.172014],[26.799101,38.172627],[26.796852,38.17304],[26.794677,38.173019],[26.7945,38.172998],[26.793572,38.172888],[26.793121,38.172834],[26.792703,38.17268],[26.792479,38.172598],[26.791394,38.171725],[26.790357,38.171506],[26.791791,38.171273],[26.792113,38.17111],[26.791249,38.170909],[26.789469,38.170942],[26.788898,38.170848],[26.788358,38.170759],[26.787495,38.170068],[26.787423,38.169488],[26.786934,38.168888],[26.786906,38.168853],[26.786663,38.16751],[26.78696,38.167021],[26.786961,38.166768],[26.786049,38.166131],[26.785877,38.165787],[26.785904,38.165152],[26.785534,38.164789],[26.785486,38.164372],[26.785141,38.163972],[26.784375,38.164098],[26.783829,38.164894],[26.783358,38.165329],[26.783062,38.16531],[26.782914,38.165219],[26.782518,38.165255],[26.782418,38.165653],[26.78218,38.165877],[26.782071,38.165979],[26.781478,38.166268],[26.780712,38.166103],[26.780392,38.165867],[26.780218,38.165939],[26.779946,38.166156],[26.778241,38.166226],[26.777624,38.165844],[26.7777,38.165282],[26.777306,38.164792],[26.776025,38.163574],[26.775584,38.162673],[26.77519,38.161868],[26.774894,38.161741],[26.77504,38.162611],[26.774964,38.16292],[26.774915,38.163119],[26.774856,38.163028],[26.774694,38.162774],[26.77447,38.1631],[26.774449,38.163667],[26.774416,38.163729],[26.774271,38.164063],[26.77422,38.164133],[26.774235,38.16415],[26.774343,38.164278],[26.774095,38.16464],[26.774291,38.165022],[26.774165,38.165873],[26.774016,38.166145],[26.774434,38.166799],[26.775199,38.167018],[26.774777,38.167724],[26.774553,38.168231],[26.774972,38.168667],[26.775045,38.168994],[26.774526,38.169011],[26.774179,38.169536],[26.77477,38.170045],[26.774916,38.170662],[26.774768,38.170752],[26.774546,38.170661],[26.774248,38.17124],[26.773779,38.171058],[26.773506,38.171257],[26.772742,38.170839],[26.772221,38.1712],[26.772739,38.171781],[26.773381,38.17191],[26.773775,38.17211],[26.774021,38.172618],[26.77402,38.173017],[26.773846,38.173234],[26.77424,38.173706],[26.774807,38.174215],[26.774682,38.174668],[26.774434,38.174921],[26.773817,38.174703],[26.773124,38.174864],[26.772803,38.175009],[26.772604,38.175299],[26.772011,38.175189],[26.771493,38.174898],[26.771248,38.174317],[26.77097,38.174148],[26.770829,38.174062],[26.770557,38.174152],[26.770261,38.173952],[26.769717,38.174133],[26.769096,38.174947],[26.768873,38.175037],[26.768056,38.175616],[26.767808,38.175888],[26.768276,38.176342],[26.769068,38.176126],[26.76971,38.1762],[26.770129,38.176672],[26.770309,38.176999],[26.770448,38.177253],[26.770643,38.177978],[26.770371,38.178231],[26.770321,38.178467],[26.770986,38.179012],[26.771256,38.179648],[26.770983,38.180118],[26.77149,38.180809],[26.772189,38.181589],[26.772387,38.181608],[26.772804,38.182678],[26.772481,38.182986],[26.772259,38.183058],[26.771715,38.182876],[26.771097,38.182983],[26.770924,38.18311],[26.770592,38.18317],[26.770429,38.1832],[26.770304,38.183707],[26.770664,38.184204],[26.770698,38.184252],[26.770991,38.185395],[26.770891,38.185739],[26.770772,38.185766],[26.770273,38.185883],[26.770075,38.186027],[26.770295,38.186517],[26.770823,38.186492],[26.771383,38.186465],[26.771826,38.186955],[26.771751,38.187372],[26.771479,38.187408],[26.771355,38.187644],[26.771527,38.187843],[26.771427,38.188097],[26.77113,38.188368],[26.771054,38.188858],[26.771037,38.188864],[26.770757,38.188966],[26.771071,38.189143],[26.771177,38.189203],[26.771089,38.189277],[26.771028,38.189329],[26.770682,38.189328],[26.770508,38.189763],[26.770828,38.190217],[26.770827,38.190525],[26.770973,38.191088],[26.771219,38.191433],[26.771625,38.191607],[26.771812,38.191688],[26.772161,38.190709],[26.772608,38.19059],[26.773839,38.191145],[26.774357,38.191983],[26.774034,38.192508],[26.774131,38.192998],[26.774105,38.193396],[26.773906,38.193904],[26.772991,38.193974],[26.772816,38.194446],[26.772864,38.194953],[26.773085,38.195389],[26.772898,38.195772],[26.772687,38.196204],[26.772685,38.196947],[26.773105,38.197111],[26.773795,38.197584],[26.774238,38.198165],[26.774212,38.198618],[26.774607,38.198909],[26.775151,38.198947],[26.775472,38.199056],[26.77599,38.199148],[26.776064,38.199329],[26.776608,38.199348],[26.777623,38.198679],[26.778491,38.197956],[26.778961,38.197739],[26.780002,38.196744],[26.780264,38.196276],[26.780499,38.195856],[26.780205,38.195094],[26.780404,38.194805],[26.780874,38.194606],[26.781067,38.194493],[26.781121,38.194461],[26.781094,38.194372],[26.781142,38.194134],[26.781271,38.194008],[26.781209,38.193806],[26.7811,38.193446],[26.781088,38.193421],[26.780903,38.193029],[26.781004,38.192304],[26.781452,38.191307],[26.782967,38.190567],[26.783293,38.190732],[26.783331,38.191465],[26.783514,38.1916],[26.783477,38.191827],[26.783282,38.193029],[26.783081,38.193856],[26.782935,38.194455],[26.783037,38.19453],[26.783588,38.194261],[26.784178,38.194442],[26.783994,38.19486],[26.783199,38.194709],[26.782751,38.194708],[26.78273,38.194843],[26.783993,38.195219],[26.784666,38.194831],[26.784931,38.194922],[26.785602,38.195701],[26.786499,38.195687],[26.787154,38.196312],[26.787212,38.196391],[26.787514,38.197005],[26.787954,38.197454],[26.788307,38.197814],[26.789141,38.198234],[26.789323,38.198668],[26.78971,38.198998],[26.79026,38.198983],[26.789933,38.199357],[26.78932,38.199715],[26.789299,38.200193],[26.789114,38.200611],[26.788542,38.201014],[26.787482,38.201162],[26.787306,38.201163],[26.784946,38.20118],[26.783384,38.201259],[26.782832,38.201542],[26.782566,38.202005],[26.782544,38.202409],[26.78234,38.202737],[26.782665,38.203052],[26.78246,38.20344],[26.781602,38.203827],[26.781113,38.203976],[26.780827,38.203871],[26.7804,38.203855],[26.779036,38.20294],[26.777404,38.203281],[26.776608,38.203818],[26.776219,38.204251],[26.775933,38.2044],[26.775341,38.204563],[26.774299,38.205369],[26.773584,38.205816],[26.77246,38.20689],[26.772213,38.207458],[26.77262,38.207907],[26.773209,38.208417],[26.774351,38.208419],[26.774737,38.208868],[26.774736,38.209261],[26.774735,38.209616],[26.774448,38.209884],[26.773562,38.210091],[26.772796,38.21027],[26.772509,38.210613],[26.772203,38.210673],[26.772039,38.210941],[26.771835,38.211001],[26.771591,38.210941],[26.771631,38.211075],[26.771508,38.211449],[26.771181,38.211657],[26.771185,38.211771],[26.7712,38.212121],[26.770648,38.212479],[26.770422,38.212882],[26.769973,38.213225],[26.769971,38.213793],[26.77003,38.214332],[26.769785,38.214421],[26.768993,38.213717],[26.768578,38.213615],[26.768504,38.213596],[26.768443,38.213446],[26.767913,38.21349],[26.767565,38.213834],[26.767239,38.213743],[26.767096,38.213803],[26.766726,38.214639],[26.766853,38.21484],[26.76699,38.215058],[26.766908,38.215342],[26.766582,38.215207],[26.766743,38.21591],[26.766576,38.216972],[26.766514,38.217181],[26.76525,38.217268],[26.764701,38.216376],[26.764641,38.21628],[26.764052,38.215591],[26.763094,38.215409],[26.762382,38.215124],[26.762013,38.215572],[26.761786,38.216319],[26.761458,38.216871],[26.760601,38.217288],[26.760131,38.217631],[26.759458,38.217585],[26.759253,38.217884],[26.758804,38.218062],[26.758394,38.21851],[26.758311,38.219123],[26.757861,38.219511],[26.757737,38.219929],[26.75794,38.220199],[26.758552,38.220065],[26.758648,38.220234],[26.758816,38.220529],[26.758631,38.221082],[26.75814,38.221575],[26.757261,38.222021],[26.755837,38.222253],[26.75519,38.222316],[26.756043,38.227358],[26.756819,38.231935],[26.757517,38.238685],[26.757439,38.243651],[26.75775,38.246677],[26.75837,38.251642],[26.759767,38.253272],[26.763336,38.256686],[26.770397,38.264134],[26.772724,38.268324],[26.776526,38.273522],[26.781336,38.275462],[26.787699,38.277169],[26.794061,38.278333],[26.799026,38.281902],[26.803139,38.282988],[26.809811,38.282988],[26.814234,38.281514],[26.819432,38.276626],[26.824087,38.272746],[26.82882,38.267781],[26.831846,38.26522],[26.843251,38.262738],[26.854657,38.261884],[26.85653,38.26181],[26.856403,38.263283],[26.857622,38.264882],[26.859544,38.264501],[26.858992,38.263816],[26.859792,38.26334],[26.861124,38.263207],[26.862476,38.264539],[26.862933,38.265396],[26.863846,38.266843],[26.864455,38.267947],[26.865179,38.269127],[26.865845,38.270459],[26.866226,38.271145],[26.866816,38.271544],[26.867273,38.272077],[26.868053,38.272439],[26.868091,38.273124],[26.868225,38.273334],[26.867977,38.273505],[26.86811,38.273734],[26.867996,38.273905],[26.868053,38.276456],[26.868091,38.277426],[26.868719,38.278302],[26.869804,38.279825],[26.870775,38.281157],[26.870985,38.281443],[26.871327,38.282871],[26.87167,38.282775],[26.871975,38.282737],[26.872336,38.282794],[26.872469,38.283023],[26.872412,38.283556],[26.872298,38.283918],[26.873564,38.284474],[26.874944,38.284831],[26.876086,38.284974],[26.877157,38.285022],[26.877562,38.285141],[26.877918,38.285307],[26.878442,38.285283],[26.878704,38.285164],[26.87887,38.28495],[26.879203,38.284665],[26.879513,38.284427],[26.880012,38.284522],[26.880393,38.284617],[26.880774,38.284689],[26.881583,38.284712],[26.881821,38.284998],[26.882083,38.285474],[26.882558,38.285474],[26.883439,38.284665],[26.883653,38.284308],[26.88382,38.28407],[26.884795,38.284117],[26.885319,38.284308],[26.885485,38.284855],[26.885866,38.285212],[26.886913,38.286045],[26.887365,38.286092],[26.887627,38.286973],[26.887936,38.287187],[26.887722,38.28752],[26.887698,38.287829],[26.887294,38.288139],[26.886865,38.288377],[26.886818,38.289091],[26.887698,38.289876],[26.887698,38.291137],[26.888364,38.293112],[26.888602,38.293754],[26.888983,38.295277],[26.889483,38.297157],[26.889954,38.299047],[26.892597,38.297962],[26.895002,38.297885],[26.898028,38.297109],[26.899425,38.296255],[26.90214,38.294626],[26.906873,38.293385],[26.909278,38.292609],[26.914011,38.290747],[26.914312,38.290354],[26.915651,38.292486],[26.91644,38.294572],[26.917923,38.296148],[26.920612,38.298003],[26.924368,38.299811],[26.927799,38.302129]]],[[[26.883475,38.023152],[26.88145,38.022578],[26.879278,38.022694],[26.877393,38.024062],[26.879847,38.02623],[26.880338,38.026216],[26.883901,38.026122],[26.885062,38.024525],[26.883475,38.023152]]],[[[26.801886,38.157662],[26.801484,38.157651],[26.801067,38.157835],[26.800799,38.157922],[26.800813,38.158021],[26.801185,38.158305],[26.801303,38.158546],[26.801406,38.159059],[26.801628,38.159486],[26.801641,38.160021],[26.801415,38.161003],[26.801534,38.161124],[26.801623,38.161375],[26.801533,38.161495],[26.801473,38.16167],[26.801666,38.161725],[26.801875,38.161834],[26.802008,38.162053],[26.802528,38.162403],[26.802899,38.1626],[26.803599,38.1627],[26.803941,38.1627],[26.804253,38.16281],[26.804535,38.162953],[26.804862,38.163237],[26.805203,38.163718],[26.80547,38.164101],[26.805545,38.164014],[26.805411,38.163828],[26.805219,38.163445],[26.805228,38.163331],[26.805265,38.162855],[26.805503,38.162725],[26.805578,38.162506],[26.805832,38.162256],[26.805594,38.162201],[26.80497,38.161621],[26.804807,38.161391],[26.804317,38.160997],[26.804259,38.160626],[26.803933,38.160046],[26.80374,38.159937],[26.80377,38.159762],[26.803607,38.159653],[26.803473,38.15939],[26.803385,38.159128],[26.803147,38.158953],[26.803029,38.158614],[26.802866,38.15833],[26.802658,38.158166],[26.802362,38.157849],[26.801886,38.157662]]]]}},{"type":"Feature","properties":{"id":"TR-D-35-027","parent_id":"TR-P-35","region_id":"TR-R-EGE","level":"district","municipality_type":null,"municipality_type_label":null,"is_metropolitan_municipality":null,"name":"Selçuk","name_ascii":"selcuk","slug":"selcuk-izmir"},"geometry":{"type":"Polygon","coordinates":[[[27.247901,37.980539],[27.248237,37.980926],[27.249417,37.982606],[27.250517,37.983999],[27.251691,37.985466],[27.253011,37.987006],[27.254698,37.98928],[27.256898,37.991187],[27.258951,37.99302],[27.262618,37.994633],[27.264525,37.995294],[27.266945,37.99632],[27.270501,37.998626],[27.27682,38.001065],[27.277917,38.002014],[27.280923,38.004613],[27.28278,38.006414],[27.284581,38.008161],[27.291677,38.012707],[27.296001,38.014924],[27.303076,38.016879],[27.304427,38.017252],[27.305591,38.017419],[27.311412,38.01825],[27.312172,38.018551],[27.317288,38.020578],[27.319653,38.021905],[27.321833,38.023128],[27.328264,38.027452],[27.33669,38.031333],[27.342495,38.03351],[27.344673,38.034326],[27.345702,38.034627],[27.349218,38.035657],[27.354651,38.0361],[27.358309,38.037344],[27.360194,38.037985],[27.361799,38.038766],[27.364296,38.03998],[27.369951,38.04242],[27.377822,38.043476],[27.379042,38.043639],[27.383477,38.044378],[27.385694,38.044748],[27.393012,38.045302],[27.402338,38.046882],[27.409048,38.048763],[27.411236,38.049377],[27.4198,38.052952],[27.425621,38.05528],[27.426326,38.055367],[27.431691,38.056029],[27.439175,38.056029],[27.445744,38.055946],[27.451149,38.055197],[27.459131,38.054532],[27.465201,38.054033],[27.470107,38.05395],[27.472186,38.052453],[27.473766,38.050208],[27.474847,38.048296],[27.475774,38.045555],[27.475042,38.045159],[27.473837,38.043781],[27.471341,38.041888],[27.468242,38.040597],[27.464971,38.04008],[27.464164,38.03881],[27.464422,38.036163],[27.464487,38.03442],[27.467198,38.015311],[27.467263,38.013697],[27.467456,38.012534],[27.468941,38.010985],[27.46991,38.009952],[27.470168,38.00808],[27.470491,38.00582],[27.470555,38.003367],[27.470813,38.001559],[27.472492,37.99846],[27.473202,37.997105],[27.473848,37.995168],[27.473783,37.992198],[27.473953,37.989656],[27.473977,37.989293],[27.474493,37.985936],[27.475365,37.984451],[27.476236,37.982966],[27.477958,37.981696],[27.478948,37.980965],[27.48237,37.97948],[27.485515,37.978081],[27.485082,37.975225],[27.482832,37.972975],[27.481274,37.970465],[27.481187,37.967783],[27.481014,37.964321],[27.479905,37.961067],[27.479716,37.960513],[27.479586,37.960253],[27.479197,37.959474],[27.479283,37.956186],[27.479889,37.953157],[27.479558,37.949514],[27.479543,37.949349],[27.478072,37.946752],[27.477379,37.943464],[27.475322,37.940825],[27.474004,37.939136],[27.472279,37.938815],[27.470283,37.938444],[27.468213,37.937996],[27.467081,37.937752],[27.465839,37.937519],[27.464311,37.937232],[27.463244,37.936915],[27.461109,37.93628],[27.457647,37.934636],[27.455051,37.933078],[27.450204,37.931347],[27.446223,37.930482],[27.444629,37.929206],[27.443194,37.928059],[27.440598,37.927107],[27.438694,37.925376],[27.437223,37.92477],[27.434886,37.923818],[27.433466,37.92354],[27.430905,37.923039],[27.428865,37.922359],[27.428049,37.922087],[27.423895,37.920529],[27.423376,37.918106],[27.424328,37.914211],[27.425107,37.91049],[27.426491,37.906682],[27.426578,37.901836],[27.426751,37.898807],[27.426318,37.895518],[27.426145,37.893354],[27.426578,37.890498],[27.427097,37.888335],[27.427616,37.886517],[27.428136,37.8847],[27.428309,37.883012],[27.428482,37.881325],[27.428309,37.878122],[27.431944,37.874834],[27.435838,37.870593],[27.436184,37.866179],[27.436182,37.866095],[27.436098,37.86315],[27.436014,37.860119],[27.436011,37.860035],[27.436357,37.856659],[27.43653,37.851813],[27.436177,37.850854],[27.435925,37.850168],[27.434453,37.848438],[27.433242,37.847399],[27.432636,37.84688],[27.428568,37.844803],[27.424414,37.844283],[27.421645,37.84411],[27.421187,37.843555],[27.420433,37.842639],[27.418789,37.840216],[27.418164,37.839345],[27.417606,37.838567],[27.415933,37.836235],[27.414462,37.834417],[27.409875,37.831302],[27.405139,37.829003],[27.40399,37.828446],[27.401218,37.827492],[27.39871,37.826628],[27.394124,37.825503],[27.393128,37.825404],[27.392393,37.82533],[27.388325,37.827234],[27.384431,37.828792],[27.379584,37.831994],[27.374391,37.837014],[27.372141,37.838831],[27.367814,37.840908],[27.36617,37.841341],[27.36392,37.844803],[27.360544,37.852678],[27.359333,37.854496],[27.357083,37.858217],[27.354486,37.862112],[27.354053,37.866266],[27.352496,37.869814],[27.350419,37.871285],[27.346957,37.873016],[27.34211,37.87492],[27.339168,37.876045],[27.334235,37.877257],[27.331033,37.87769],[27.326186,37.879421],[27.322551,37.880113],[27.319263,37.881411],[27.316493,37.884527],[27.314503,37.885738],[27.310522,37.887296],[27.307233,37.888162],[27.303252,37.889027],[27.301867,37.889892],[27.29953,37.891623],[27.297107,37.894912],[27.296069,37.896383],[27.29503,37.89846],[27.293559,37.900364],[27.291568,37.901489],[27.288712,37.90322],[27.287645,37.905205],[27.287762,37.906971],[27.288469,37.909247],[27.288508,37.91062],[27.28839,37.912936],[27.287527,37.91478],[27.286075,37.916507],[27.283288,37.919647],[27.280855,37.920981],[27.280035,37.921378],[27.276807,37.922942],[27.276489,37.923081],[27.276395,37.923122],[27.275863,37.923202],[27.271893,37.923799],[27.269123,37.924261],[27.266706,37.924605],[27.264537,37.92366],[27.263929,37.923465],[27.265552,37.924991],[27.267243,37.926601],[27.275483,37.927544],[27.276811,37.927684],[27.27721,37.927726],[27.276994,37.929988],[27.276753,37.930633],[27.276474,37.934017],[27.276108,37.935341],[27.275676,37.937466],[27.27559,37.937734],[27.274244,37.941916],[27.273614,37.944093],[27.273443,37.945095],[27.273299,37.945944],[27.272801,37.947638],[27.272001,37.94922],[27.270857,37.950769],[27.270086,37.952059],[27.269389,37.952981],[27.268766,37.953475],[27.267992,37.954089],[27.267343,37.954422],[27.266819,37.954552],[27.266095,37.954922],[27.264573,37.956196],[27.263102,37.957561],[27.262161,37.959351],[27.261338,37.960456],[27.259235,37.964948],[27.258828,37.966775],[27.258444,37.967646],[27.257854,37.968983],[27.25664,37.970925],[27.255851,37.972486],[27.254686,37.974051],[27.254456,37.974212],[27.253663,37.974767],[27.252384,37.976634],[27.251168,37.977771],[27.247901,37.980539]]]}},{"type":"Feature","properties":{"id":"TR-D-35-028","parent_id":"TR-P-35","region_id":"TR-R-EGE","level":"district","municipality_type":null,"municipality_type_label":null,"is_metropolitan_municipality":null,"name":"Tire","name_ascii":"tire","slug":"tire-izmir"},"geometry":{"type":"Polygon","coordinates":[[[27.778952,38.21889],[27.779775,38.217519],[27.78206,38.214868],[27.785351,38.210937],[27.787728,38.206641],[27.790744,38.20271],[27.792024,38.200607],[27.79568,38.197134],[27.797417,38.195305],[27.79952,38.193934],[27.802171,38.193751],[27.804365,38.19366],[27.80665,38.192837],[27.809118,38.191283],[27.811952,38.189364],[27.81506,38.188449],[27.818534,38.187992],[27.821093,38.187901],[27.824933,38.186895],[27.828589,38.185616],[27.833891,38.182142],[27.836359,38.180222],[27.839559,38.176109],[27.844646,38.167445],[27.845563,38.165158],[27.845298,38.162716],[27.846631,38.162736],[27.849797,38.162785],[27.855627,38.162874],[27.857153,38.162897],[27.860274,38.163017],[27.866311,38.163249],[27.869931,38.163388],[27.87086,38.163423],[27.881595,38.165362],[27.882089,38.165537],[27.884547,38.166406],[27.888324,38.16774],[27.892545,38.169231],[27.894786,38.169889],[27.898098,38.170851],[27.904117,38.171398],[27.908401,38.171787],[27.908881,38.171831],[27.911878,38.171546],[27.913625,38.171379],[27.913874,38.171146],[27.914227,38.170842],[27.91456,38.170576],[27.914976,38.170268],[27.915447,38.169956],[27.915782,38.169754],[27.916212,38.16953],[27.916643,38.16934],[27.917091,38.169172],[27.917551,38.169019],[27.91802,38.168878],[27.918541,38.168734],[27.919027,38.168607],[27.921736,38.165066],[27.922391,38.162093],[27.925122,38.155266],[27.928401,38.146377],[27.933132,38.131499],[27.9332,38.129374],[27.932446,38.11957],[27.932103,38.110863],[27.932995,38.106955],[27.933474,38.102293],[27.933886,38.100579],[27.934709,38.097562],[27.935188,38.094545],[27.934983,38.092214],[27.934983,38.084741],[27.935394,38.080902],[27.935394,38.077817],[27.934709,38.074594],[27.933269,38.071303],[27.932515,38.069247],[27.932309,38.065202],[27.932172,38.061774],[27.930595,38.058071],[27.929909,38.056357],[27.929772,38.054575],[27.930046,38.05197],[27.930184,38.04957],[27.931143,38.047925],[27.933132,38.046416],[27.934571,38.045251],[27.93752,38.042303],[27.939165,38.039903],[27.939782,38.037709],[27.940399,38.035104],[27.941702,38.03147],[27.942182,38.029002],[27.941427,38.026877],[27.940605,38.023997],[27.94033,38.021323],[27.940125,38.018718],[27.939851,38.01673],[27.939439,38.014742],[27.938205,38.01337],[27.935326,38.01241],[27.932857,38.011793],[27.927578,38.011176],[27.925522,38.011039],[27.922132,38.010709],[27.919536,38.011661],[27.917113,38.012872],[27.914862,38.013997],[27.911401,38.015555],[27.90915,38.014863],[27.905775,38.013738],[27.903352,38.01218],[27.902573,38.011661],[27.900756,38.011141],[27.898159,38.011228],[27.89539,38.010795],[27.890976,38.011488],[27.888899,38.01192],[27.885351,38.012007],[27.882062,38.011574],[27.879639,38.010968],[27.879293,38.007766],[27.879293,38.005862],[27.877908,38.003958],[27.875311,38.00067],[27.8741,37.997121],[27.873581,37.99565],[27.874013,37.993573],[27.873667,37.991755],[27.872456,37.989938],[27.870032,37.987861],[27.867609,37.986217],[27.864667,37.985351],[27.860339,37.985265],[27.85506,37.985265],[27.851425,37.983534],[27.85004,37.982322],[27.849175,37.98137],[27.847098,37.980937],[27.845107,37.980418],[27.843463,37.979553],[27.841992,37.978254],[27.838444,37.97635],[27.831001,37.972975],[27.828751,37.972023],[27.825548,37.970898],[27.824856,37.969167],[27.824164,37.967783],[27.823212,37.967263],[27.820961,37.966657],[27.819663,37.965532],[27.818106,37.964321],[27.814124,37.963282],[27.812663,37.963165],[27.811961,37.963109],[27.809538,37.963802],[27.807201,37.964494],[27.805124,37.964753],[27.803393,37.96484],[27.801056,37.963975],[27.797681,37.964667],[27.795085,37.965619],[27.787382,37.967177],[27.78392,37.968561],[27.781584,37.96986],[27.779593,37.970812],[27.775785,37.972196],[27.773275,37.973235],[27.7699,37.97462],[27.763669,37.976956],[27.759342,37.978341],[27.754495,37.97938],[27.751985,37.979466],[27.74861,37.978947],[27.743677,37.977995],[27.7416,37.977995],[27.736234,37.978514],[27.731821,37.980418],[27.728445,37.981024],[27.725157,37.981457],[27.721435,37.982409],[27.718666,37.983101],[27.715031,37.983101],[27.708107,37.983966],[27.707069,37.983966],[27.705165,37.985005],[27.703694,37.986043],[27.702136,37.986822],[27.699453,37.986995],[27.695558,37.986649],[27.694001,37.986217],[27.690106,37.985178],[27.686817,37.983793],[27.683961,37.983707],[27.680586,37.983274],[27.676865,37.982668],[27.675653,37.982409],[27.670547,37.983274],[27.664229,37.982841],[27.65921,37.983101],[27.655488,37.985265],[27.652719,37.987688],[27.650036,37.989419],[27.64467,37.992275],[27.641295,37.994092],[27.638699,37.995736],[27.637141,37.997121],[27.633679,37.996515],[27.631342,37.995304],[27.629698,37.994438],[27.626063,37.992967],[27.621995,37.991842],[27.617668,37.991669],[27.614899,37.992015],[27.611524,37.992707],[27.60711,37.994092],[27.603648,37.99565],[27.59984,37.998419],[27.59534,38.00041],[27.592397,38.001535],[27.589541,38.002833],[27.586685,38.004651],[27.58556,38.005862],[27.584954,38.006901],[27.584262,38.007247],[27.582358,38.008632],[27.579156,38.00993],[27.574742,38.011055],[27.569982,38.011228],[27.563751,38.010795],[27.558558,38.009843],[27.55475,38.008891],[27.551808,38.008199],[27.547913,38.006901],[27.544625,38.004651],[27.541509,38.002314],[27.538999,38.00015],[27.534585,37.997814],[27.53121,37.996256],[27.527056,37.996515],[27.522729,37.996862],[27.517882,37.998073],[27.513901,37.9979],[27.510093,37.99764],[27.506285,37.9979],[27.501872,37.99764],[27.497891,37.996948],[27.495294,37.994958],[27.493909,37.992275],[27.492698,37.989765],[27.49088,37.987428],[27.48889,37.985178],[27.487159,37.982668],[27.485688,37.980072],[27.485515,37.978081],[27.48237,37.97948],[27.478948,37.980965],[27.477958,37.981696],[27.476236,37.982966],[27.475365,37.984451],[27.474493,37.985936],[27.473977,37.989293],[27.473953,37.989656],[27.473783,37.992198],[27.473848,37.995168],[27.473202,37.997105],[27.472492,37.99846],[27.470813,38.001559],[27.470555,38.003367],[27.470491,38.00582],[27.470168,38.00808],[27.46991,38.009952],[27.468941,38.010985],[27.467456,38.012534],[27.467263,38.013697],[27.467198,38.015311],[27.464487,38.03442],[27.464422,38.036163],[27.464164,38.03881],[27.464971,38.04008],[27.468242,38.040597],[27.471341,38.041888],[27.473837,38.043781],[27.475042,38.045159],[27.475774,38.045555],[27.477108,38.046278],[27.480809,38.047483],[27.482703,38.048344],[27.485888,38.048774],[27.488729,38.049205],[27.490795,38.050065],[27.491742,38.051959],[27.492258,38.053853],[27.492947,38.056177],[27.493549,38.058415],[27.493549,38.060223],[27.493549,38.062547],[27.494324,38.066162],[27.495357,38.06797],[27.49682,38.069433],[27.501555,38.071413],[27.505256,38.072274],[27.508872,38.072618],[27.512401,38.073221],[27.513864,38.074254],[27.514811,38.077353],[27.514983,38.082345],[27.513778,38.088715],[27.513089,38.091039],[27.511454,38.094999],[27.509302,38.0987],[27.508183,38.101541],[27.505342,38.106103],[27.497853,38.116691],[27.491569,38.128656],[27.505394,38.130995],[27.517562,38.129354],[27.526586,38.124842],[27.52891,38.123704],[27.530101,38.122905],[27.532422,38.121984],[27.533488,38.12156],[27.533963,38.121372],[27.534211,38.121539],[27.535455,38.122398],[27.536287,38.122999],[27.536692,38.123308],[27.53709,38.123626],[27.537866,38.124278],[27.538625,38.124944],[27.539375,38.125617],[27.540861,38.126976],[27.541956,38.128008],[27.542667,38.128706],[27.543351,38.129414],[27.544181,38.130306],[27.544471,38.130587],[27.54478,38.130852],[27.54515,38.13112],[27.545548,38.131361],[27.545971,38.131574],[27.546415,38.131758],[27.54686,38.131903],[27.547321,38.132023],[27.547794,38.13212],[27.548277,38.132198],[27.548764,38.132256],[27.549256,38.132299],[27.549752,38.132331],[27.55025,38.132354],[27.551343,38.132379],[27.552985,38.13238],[27.554625,38.132353],[27.555714,38.13231],[27.556257,38.132275],[27.556755,38.132233],[27.557748,38.132129],[27.562028,38.131656],[27.566358,38.131201],[27.569064,38.130941],[27.570687,38.1308],[27.571769,38.130716],[27.572851,38.130649],[27.573391,38.130629],[27.573887,38.13062],[27.574382,38.130625],[27.574873,38.130645],[27.57536,38.130684],[27.575847,38.130746],[27.576328,38.130832],[27.5768,38.13094],[27.577261,38.131072],[27.577726,38.131236],[27.578178,38.131422],[27.578619,38.131629],[27.579047,38.131854],[27.579493,38.132115],[27.579928,38.13239],[27.580394,38.132709],[27.580775,38.132968],[27.581606,38.133567],[27.583158,38.134706],[27.584491,38.135684],[27.585327,38.136276],[27.585751,38.136565],[27.586181,38.136848],[27.586619,38.137123],[27.587058,38.137381],[27.587959,38.137876],[27.589339,38.138588],[27.593064,38.140458],[27.593998,38.140917],[27.594937,38.141357],[27.59541,38.141562],[27.595886,38.141751],[27.596366,38.141918],[27.596852,38.142053],[27.597347,38.142144],[27.597804,38.142181],[27.598267,38.142179],[27.598733,38.142143],[27.599201,38.142079],[27.599682,38.141986],[27.600161,38.141872],[27.600638,38.14174],[27.601112,38.141595],[27.601586,38.141439],[27.602055,38.141273],[27.602522,38.141098],[27.602983,38.140914],[27.60345,38.140717],[27.60437,38.140303],[27.606657,38.13923],[27.607572,38.138826],[27.608499,38.138439],[27.6099,38.137889],[27.611318,38.137358],[27.612273,38.137017],[27.612753,38.136853],[27.613722,38.136546],[27.61421,38.136409],[27.614694,38.13629],[27.615179,38.136188],[27.615665,38.136106],[27.61615,38.136049],[27.61662,38.136023],[27.617083,38.13603],[27.617532,38.136073],[27.617963,38.136158],[27.618397,38.136304],[27.618797,38.136499],[27.61916,38.136737],[27.619475,38.137016],[27.61971,38.137298],[27.619904,38.137604],[27.620051,38.13791],[27.62018,38.138271],[27.620262,38.138623],[27.620307,38.139006],[27.620317,38.139397],[27.620304,38.139793],[27.620275,38.140193],[27.620166,38.141401],[27.62014,38.141803],[27.620126,38.142202],[27.620132,38.142598],[27.620162,38.142984],[27.620221,38.143362],[27.620319,38.143754],[27.620437,38.144085],[27.620611,38.144422],[27.620859,38.144763],[27.621162,38.145079],[27.621509,38.145372],[27.621894,38.145641],[27.622325,38.145892],[27.622782,38.146122],[27.623258,38.146338],[27.623747,38.146544],[27.624747,38.146935],[27.630847,38.149183],[27.632866,38.14994],[27.634371,38.150521],[27.635375,38.150925],[27.636882,38.151559],[27.641875,38.153721],[27.643378,38.154357],[27.644389,38.154758],[27.644901,38.154944],[27.645419,38.155116],[27.645945,38.155268],[27.646461,38.155391],[27.646985,38.155495],[27.647514,38.155585],[27.648047,38.155665],[27.649122,38.155807],[27.650203,38.155935],[27.652371,38.156178],[27.654539,38.156416],[27.656166,38.156587],[27.65775,38.156728],[27.658747,38.156794],[27.659246,38.156818],[27.660362,38.156851],[27.662038,38.15687],[27.665953,38.156878],[27.668189,38.156872],[27.669305,38.156855],[27.669863,38.156838],[27.670418,38.156813],[27.670973,38.156776],[27.671469,38.156731],[27.671965,38.156674],[27.672458,38.156608],[27.673444,38.156448],[27.674427,38.156259],[27.675895,38.155947],[27.677846,38.155504],[27.679303,38.155152],[27.680751,38.154772],[27.681712,38.154497],[27.682189,38.154352],[27.683141,38.154046],[27.684088,38.153721],[27.685074,38.153364],[27.6861,38.152981],[27.700919,38.147317],[27.710129,38.143814],[27.711658,38.14322],[27.712624,38.142827],[27.713532,38.14243],[27.713976,38.142221],[27.714417,38.141999],[27.714847,38.141766],[27.715265,38.14152],[27.715667,38.141259],[27.716078,38.140961],[27.716472,38.140648],[27.717047,38.140158],[27.723257,38.138254],[27.738968,38.138922],[27.750742,38.142537],[27.752069,38.142935],[27.754116,38.143549],[27.756483,38.148064],[27.75646,38.148549],[27.756786,38.149419],[27.757709,38.152393],[27.758222,38.154239],[27.759145,38.155982],[27.76017,38.156802],[27.761811,38.156597],[27.762837,38.156597],[27.763862,38.157315],[27.764888,38.158238],[27.765195,38.159571],[27.764477,38.16193],[27.764375,38.163775],[27.764375,38.166031],[27.764375,38.167775],[27.763657,38.170236],[27.76376,38.171979],[27.764477,38.174133],[27.76499,38.176183],[27.76499,38.178952],[27.765298,38.18008],[27.766323,38.182029],[27.766938,38.184592],[27.766836,38.186848],[27.766528,38.189309],[27.765298,38.191771],[27.765195,38.193206],[27.767246,38.195872],[27.769297,38.197821],[27.769707,38.199769],[27.769912,38.201718],[27.770835,38.203563],[27.772579,38.205717],[27.774117,38.208588],[27.775245,38.211049],[27.775655,38.212587],[27.77627,38.214946],[27.77668,38.216894],[27.777193,38.218022],[27.778952,38.21889]]]}},{"type":"Feature","properties":{"id":"TR-D-35-029","parent_id":"TR-P-35","region_id":"TR-R-EGE","level":"district","municipality_type":null,"municipality_type_label":null,"is_metropolitan_municipality":null,"name":"Torbalı","name_ascii":"torbali","slug":"torbali-izmir"},"geometry":{"type":"Polygon","coordinates":[[[27.363293,38.324402],[27.365936,38.324147],[27.368713,38.32389],[27.370411,38.323993],[27.372313,38.324867],[27.374834,38.325998],[27.378022,38.327541],[27.381674,38.329136],[27.384502,38.329496],[27.388411,38.329599],[27.390314,38.329136],[27.392165,38.32821],[27.393965,38.326358],[27.395148,38.324713],[27.396383,38.323684],[27.398954,38.322655],[27.4006,38.320444],[27.402709,38.318027],[27.405126,38.317101],[27.408623,38.315352],[27.414692,38.312524],[27.420041,38.310312],[27.423023,38.308975],[27.426058,38.307998],[27.431047,38.306609],[27.435007,38.304809],[27.438915,38.303472],[27.441641,38.302855],[27.44519,38.301775],[27.448121,38.299923],[27.450641,38.2991],[27.452441,38.2991],[27.454242,38.298638],[27.456247,38.297815],[27.458973,38.297815],[27.461082,38.297815],[27.463448,38.297146],[27.465145,38.296426],[27.46679,38.295243],[27.468591,38.294215],[27.471985,38.293752],[27.477539,38.293186],[27.480111,38.292415],[27.483248,38.291335],[27.485305,38.290306],[27.487208,38.289226],[27.489265,38.288146],[27.492,38.287732],[27.493721,38.284461],[27.495701,38.282223],[27.496993,38.280587],[27.498714,38.276111],[27.500005,38.273443],[27.503104,38.270172],[27.504481,38.26845],[27.506547,38.264577],[27.508097,38.264318],[27.511454,38.264663],[27.514725,38.26406],[27.515328,38.263027],[27.515586,38.260445],[27.516102,38.258809],[27.516533,38.257088],[27.51791,38.254936],[27.519804,38.253558],[27.5223,38.252009],[27.523161,38.249943],[27.521353,38.244262],[27.521009,38.240991],[27.520664,38.23815],[27.519545,38.236687],[27.517996,38.234535],[27.515328,38.232469],[27.511024,38.228681],[27.50758,38.225927],[27.505945,38.224119],[27.504223,38.221881],[27.500866,38.216888],[27.498025,38.214736],[27.496304,38.213789],[27.494582,38.213789],[27.492258,38.214048],[27.49002,38.213273],[27.486835,38.212929],[27.48322,38.213101],[27.480809,38.213015],[27.47685,38.21267],[27.473321,38.210949],[27.471169,38.209658],[27.469877,38.207936],[27.468414,38.204407],[27.468156,38.201136],[27.467639,38.1995],[27.465832,38.197606],[27.464626,38.19554],[27.463766,38.190462],[27.462819,38.187879],[27.461528,38.18478],[27.458429,38.179874],[27.456879,38.177808],[27.456535,38.172901],[27.457224,38.167995],[27.459117,38.164379],[27.476247,38.146561],[27.481154,38.141052],[27.491569,38.128656],[27.497853,38.116691],[27.505342,38.106103],[27.508183,38.101541],[27.509302,38.0987],[27.511454,38.094999],[27.513089,38.091039],[27.513778,38.088715],[27.514983,38.082345],[27.514811,38.077353],[27.513864,38.074254],[27.512401,38.073221],[27.508872,38.072618],[27.505256,38.072274],[27.501555,38.071413],[27.49682,38.069433],[27.495357,38.06797],[27.494324,38.066162],[27.493549,38.062547],[27.493549,38.060223],[27.493549,38.058415],[27.492947,38.056177],[27.492258,38.053853],[27.491742,38.051959],[27.490795,38.050065],[27.488729,38.049205],[27.485888,38.048774],[27.482703,38.048344],[27.480809,38.047483],[27.477108,38.046278],[27.475774,38.045555],[27.474847,38.048296],[27.473766,38.050208],[27.472186,38.052453],[27.470107,38.05395],[27.465201,38.054033],[27.459131,38.054532],[27.451149,38.055197],[27.445744,38.055946],[27.439175,38.056029],[27.431691,38.056029],[27.426326,38.055367],[27.425621,38.05528],[27.4198,38.052952],[27.411236,38.049377],[27.409048,38.048763],[27.402338,38.046882],[27.393012,38.045302],[27.385694,38.044748],[27.383477,38.044378],[27.379042,38.043639],[27.377822,38.043476],[27.369951,38.04242],[27.364296,38.03998],[27.361799,38.038766],[27.360194,38.037985],[27.358309,38.037344],[27.354651,38.0361],[27.349218,38.035657],[27.345702,38.034627],[27.344673,38.034326],[27.342495,38.03351],[27.33669,38.031333],[27.328264,38.027452],[27.321833,38.023128],[27.319653,38.021905],[27.317288,38.020578],[27.312172,38.018551],[27.311412,38.01825],[27.305591,38.017419],[27.304427,38.017252],[27.303076,38.016879],[27.296001,38.014924],[27.291677,38.012707],[27.284581,38.008161],[27.28278,38.006414],[27.280923,38.004613],[27.277917,38.002014],[27.27682,38.001065],[27.270501,37.998626],[27.266945,37.99632],[27.267825,38.000354],[27.268192,38.004021],[27.267605,38.006808],[27.266872,38.011062],[27.265992,38.014875],[27.265845,38.019129],[27.265552,38.024263],[27.265552,38.029543],[27.267165,38.03365],[27.267415,38.03406],[27.268999,38.036657],[27.270539,38.038197],[27.272079,38.039737],[27.275819,38.042231],[27.279413,38.045824],[27.281393,38.048391],[27.283122,38.050769],[27.28374,38.051618],[27.284058,38.054357],[27.284107,38.054772],[27.284122,38.054965],[27.284314,38.057412],[27.286368,38.06015],[27.288813,38.063866],[27.289888,38.06469],[27.293409,38.067386],[27.297907,38.071298],[27.299047,38.072634],[27.300743,38.074622],[27.302578,38.076894],[27.302796,38.077165],[27.303376,38.078149],[27.305045,38.080979],[27.30589,38.08313],[27.306121,38.083717],[27.306349,38.084401],[27.30749,38.087824],[27.307758,38.090343],[27.307979,38.09242],[27.3088,38.096253],[27.309152,38.097896],[27.308468,38.101416],[27.307588,38.103274],[27.308272,38.105523],[27.308674,38.107736],[27.308859,38.10875],[27.309597,38.112607],[27.309739,38.113346],[27.309739,38.116084],[27.309348,38.119408],[27.307196,38.121364],[27.306121,38.124004],[27.305338,38.12596],[27.301036,38.127818],[27.297418,38.131241],[27.295462,38.13437],[27.294289,38.137303],[27.292431,38.140921],[27.290573,38.144735],[27.289986,38.147571],[27.287639,38.1507],[27.285879,38.152362],[27.281381,38.154416],[27.274731,38.155198],[27.272482,38.156078],[27.269875,38.15673],[27.268571,38.157056],[27.266856,38.158644],[27.265931,38.159501],[27.265121,38.160011],[27.26329,38.161163],[27.259183,38.162923],[27.255076,38.164488],[27.254266,38.164623],[27.249389,38.165433],[27.229701,38.176776],[27.226898,38.178276],[27.224095,38.179775],[27.217184,38.184208],[27.215881,38.191249],[27.215359,38.196203],[27.216011,38.201418],[27.216919,38.202987],[27.217445,38.203896],[27.221617,38.207416],[27.226441,38.209372],[27.232222,38.214579],[27.235813,38.217814],[27.241875,38.22505],[27.24333,38.226053],[27.244711,38.227006],[27.250774,38.231699],[27.252568,38.235024],[27.254099,38.23786],[27.252925,38.239522],[27.249112,38.244803],[27.242853,38.251746],[27.240213,38.25419],[27.227538,38.266372],[27.227286,38.266614],[27.229749,38.267425],[27.232206,38.268554],[27.233999,38.269284],[27.236788,38.270214],[27.239046,38.270612],[27.242765,38.271475],[27.246019,38.272272],[27.254851,38.274862],[27.261558,38.277983],[27.264679,38.279245],[27.27464,38.282034],[27.285133,38.285288],[27.293301,38.288077],[27.297351,38.289538],[27.301137,38.2908],[27.304258,38.292062],[27.306914,38.29246],[27.309172,38.292394],[27.311828,38.291597],[27.313555,38.290999],[27.314219,38.290733],[27.317141,38.288343],[27.31827,38.287612],[27.322121,38.287147],[27.323781,38.28748],[27.325641,38.28748],[27.328164,38.286882],[27.331153,38.285952],[27.333875,38.285288],[27.337063,38.28469],[27.339918,38.283894],[27.341977,38.283894],[27.3447,38.284358],[27.347821,38.284425],[27.350543,38.284425],[27.352336,38.284823],[27.353067,38.285421],[27.354793,38.287679],[27.355325,38.289273],[27.356188,38.291198],[27.357184,38.293257],[27.358446,38.295183],[27.360106,38.296577],[27.361102,38.298569],[27.362297,38.300495],[27.36409,38.302886],[27.365418,38.304878],[27.366614,38.30687],[27.367477,38.308796],[27.367477,38.310191],[27.367079,38.312116],[27.366547,38.314242],[27.365817,38.316433],[27.363692,38.32314],[27.363293,38.324402]]]}},{"type":"Feature","properties":{"id":"TR-D-35-030","parent_id":"TR-P-35","region_id":"TR-R-EGE","level":"district","municipality_type":null,"municipality_type_label":null,"is_metropolitan_municipality":null,"name":"Urla","name_ascii":"urla","slug":"urla-izmir"},"geometry":{"type":"MultiPolygon","coordinates":[[[[26.558293,38.456119],[26.5637,38.453454],[26.56766,38.453606],[26.572,38.454139],[26.57497,38.453682],[26.579234,38.452616],[26.58525,38.451398],[26.588981,38.451474],[26.594007,38.451931],[26.599414,38.452769],[26.603467,38.453256],[26.603471,38.453257],[26.603598,38.453273],[26.603792,38.451795],[26.603545,38.451038],[26.603498,38.450895],[26.603199,38.450821],[26.602604,38.450187],[26.601974,38.449869],[26.601676,38.449771],[26.60148,38.449163],[26.60225,38.448072],[26.601952,38.447998],[26.601153,38.448044],[26.600756,38.447727],[26.600558,38.447434],[26.599762,38.447261],[26.599462,38.447309],[26.598105,38.446235],[26.598367,38.444971],[26.599187,38.443833],[26.599955,38.443026],[26.601436,38.442008],[26.601483,38.441988],[26.602385,38.441609],[26.602786,38.441318],[26.602691,38.440443],[26.602097,38.439712],[26.601233,38.439612],[26.600892,38.439673],[26.600775,38.439694],[26.600431,38.439747],[26.600244,38.439325],[26.600285,38.438636],[26.599888,38.438016],[26.59982,38.437156],[26.599683,38.436453],[26.599346,38.435567],[26.599294,38.435083],[26.599121,38.433464],[26.598301,38.433147],[26.596985,38.432453],[26.596387,38.4325],[26.59613,38.432736],[26.595352,38.433451],[26.594664,38.433398],[26.594096,38.43312],[26.593225,38.4323],[26.592171,38.431308],[26.591086,38.430934],[26.590082,38.430583],[26.58955,38.430702],[26.589311,38.431819],[26.589132,38.431916],[26.588511,38.432254],[26.58758,38.432299],[26.587324,38.431824],[26.587086,38.431097],[26.587046,38.431047],[26.586451,38.430304],[26.586279,38.429894],[26.585724,38.429351],[26.585175,38.429107],[26.584198,38.428672],[26.584142,38.428366],[26.584077,38.427874],[26.584044,38.426362],[26.584745,38.42545],[26.586416,38.423446],[26.587173,38.42312],[26.587628,38.422923],[26.587873,38.422556],[26.588157,38.42213],[26.589071,38.42137],[26.589738,38.421007],[26.590468,38.420853],[26.590869,38.420768],[26.591396,38.420304],[26.592085,38.419697],[26.592406,38.419709],[26.593408,38.419749],[26.594545,38.419313],[26.595134,38.418791],[26.595151,38.418778],[26.596822,38.417552],[26.597277,38.417255],[26.598001,38.416786],[26.598603,38.416397],[26.600366,38.415941],[26.601894,38.416189],[26.603605,38.418625],[26.603927,38.419027],[26.604697,38.41999],[26.605328,38.420225],[26.608763,38.421509],[26.609904,38.422048],[26.609943,38.422076],[26.610764,38.422659],[26.611,38.422149],[26.610938,38.422012],[26.610638,38.421346],[26.610544,38.420374],[26.610781,38.419524],[26.611182,38.419039],[26.611518,38.418506],[26.612418,38.417999],[26.612719,38.417586],[26.613219,38.417199],[26.61395,38.417202],[26.615018,38.416379],[26.615721,38.415434],[26.615893,38.414195],[26.615668,38.412858],[26.61398,38.411613],[26.614219,38.410472],[26.614583,38.410412],[26.615495,38.410227],[26.617254,38.40946],[26.617702,38.40752],[26.61769,38.406885],[26.617678,38.405796],[26.616844,38.404566],[26.616587,38.403358],[26.617797,38.402477],[26.61915,38.402161],[26.619688,38.401485],[26.620305,38.400728],[26.62077,38.400741],[26.622961,38.400802],[26.624001,38.398793],[26.62484,38.397052],[26.625117,38.394851],[26.624006,38.394161],[26.62344,38.393809],[26.622736,38.39303],[26.622917,38.392124],[26.624692,38.391352],[26.625722,38.39072],[26.625846,38.390644],[26.626471,38.389674],[26.626363,38.389447],[26.625946,38.388572],[26.626645,38.387932],[26.627955,38.386733],[26.627991,38.3867],[26.628011,38.386652],[26.629605,38.382755],[26.629167,38.381782],[26.629881,38.380684],[26.632009,38.379913],[26.634844,38.379339],[26.635906,38.379472],[26.637681,38.378506],[26.637709,38.37852],[26.63874,38.379027],[26.638832,38.379005],[26.64007,38.378708],[26.640427,38.378061],[26.640937,38.377607],[26.640956,38.37734],[26.640996,38.376769],[26.640998,38.376731],[26.641007,38.376717],[26.641458,38.375982],[26.642373,38.375359],[26.642831,38.37486],[26.642949,38.374068],[26.643349,38.37382],[26.643638,38.373028],[26.6438,38.372832],[26.644326,38.372196],[26.644237,38.371382],[26.644226,38.371277],[26.644217,38.371195],[26.644328,38.371024],[26.644676,38.370488],[26.644736,38.369988],[26.644741,38.36997],[26.645256,38.368363],[26.644845,38.367959],[26.644755,38.36787],[26.644746,38.367861],[26.644755,38.36611],[26.644907,38.365516],[26.645161,38.364527],[26.644882,38.363358],[26.645061,38.361691],[26.644763,38.359895],[26.644674,38.359355],[26.644722,38.359129],[26.644907,38.358271],[26.645251,38.357689],[26.644684,38.357145],[26.644294,38.355434],[26.644129,38.354266],[26.643459,38.35147],[26.642892,38.350843],[26.642449,38.350642],[26.642153,38.350508],[26.64156,38.34947],[26.640996,38.349002],[26.640715,38.348586],[26.640682,38.347938],[26.641216,38.34737],[26.6414,38.347103],[26.641502,38.346956],[26.641445,38.346689],[26.641398,38.346464],[26.64151,38.346254],[26.641827,38.345662],[26.64178,38.345083],[26.64176,38.344832],[26.642369,38.343357],[26.642655,38.34284],[26.642549,38.342658],[26.642905,38.342244],[26.64339,38.341526],[26.643725,38.341029],[26.643733,38.340946],[26.6438,38.3402],[26.644202,38.339758],[26.644299,38.33958],[26.64508,38.339222],[26.645259,38.33914],[26.646888,38.338551],[26.648339,38.338607],[26.649366,38.338429],[26.650181,38.338198],[26.65135,38.33815],[26.652379,38.337557],[26.653197,38.336704],[26.653627,38.335721],[26.654834,38.334869],[26.653951,38.334581],[26.653492,38.334347],[26.65339,38.333414],[26.654136,38.332716],[26.654351,38.332328],[26.654531,38.331525],[26.654214,38.331214],[26.653411,38.330942],[26.652589,38.330664],[26.652061,38.330041],[26.652059,38.330023],[26.651959,38.329212],[26.652877,38.329655],[26.653617,38.330357],[26.653904,38.330453],[26.654005,38.330487],[26.65395,38.330408],[26.653548,38.329838],[26.653902,38.329969],[26.654226,38.330135],[26.654714,38.330386],[26.655599,38.330362],[26.656412,38.330494],[26.65691,38.330004],[26.657302,38.329383],[26.65766,38.328632],[26.658051,38.328193],[26.657842,38.327493],[26.658519,38.326639],[26.659726,38.325814],[26.661108,38.325274],[26.661854,38.324809],[26.662917,38.324475],[26.665152,38.323394],[26.66572,38.322825],[26.665855,38.322188],[26.666263,38.320261],[26.666573,38.319093],[26.666637,38.318851],[26.666946,38.317931],[26.668048,38.316794],[26.668051,38.316146],[26.668939,38.315345],[26.669791,38.314803],[26.670715,38.313899],[26.670787,38.313614],[26.671817,38.31284],[26.672987,38.312351],[26.674049,38.31225],[26.674262,38.312095],[26.673944,38.311913],[26.674442,38.311292],[26.675485,38.310939],[26.675505,38.310933],[26.678584,38.310941],[26.678974,38.310657],[26.680025,38.3104],[26.681347,38.310119],[26.687076,38.310938],[26.688243,38.310967],[26.690187,38.311542],[26.692839,38.311964],[26.69471,38.313031],[26.696443,38.313217],[26.698067,38.313973],[26.699306,38.313924],[26.701037,38.314706],[26.701089,38.31474],[26.702166,38.315434],[26.702658,38.316291],[26.702338,38.316883],[26.70218,38.317302],[26.702113,38.317583],[26.702509,38.318027],[26.702895,38.318909],[26.702999,38.319427],[26.70353,38.319506],[26.703775,38.319921],[26.703491,38.320335],[26.703205,38.321034],[26.702921,38.321293],[26.700144,38.322686],[26.699942,38.322788],[26.699976,38.323047],[26.700647,38.323515],[26.700907,38.325328],[26.700922,38.325434],[26.700814,38.325796],[26.701168,38.325901],[26.701658,38.326721],[26.701695,38.326783],[26.701902,38.327976],[26.701337,38.328581],[26.701227,38.3287],[26.700411,38.329293],[26.700688,38.330614],[26.700688,38.330616],[26.700543,38.3316],[26.700079,38.33235],[26.699649,38.332692],[26.698908,38.33328],[26.697985,38.333848],[26.695789,38.334179],[26.69515,38.334592],[26.694439,38.33529],[26.693872,38.335496],[26.693481,38.335858],[26.694077,38.337232],[26.694815,38.338504],[26.695449,38.339231],[26.695421,38.339828],[26.695426,38.34004],[26.695412,38.340166],[26.695238,38.340343],[26.694905,38.340688],[26.694237,38.341301],[26.69395,38.342181],[26.693311,38.343036],[26.69306,38.343371],[26.692385,38.344095],[26.690859,38.344816],[26.690468,38.34536],[26.690148,38.345592],[26.688367,38.346188],[26.688305,38.346209],[26.688293,38.346222],[26.687771,38.346804],[26.686885,38.347138],[26.685906,38.347156],[26.685849,38.347157],[26.684229,38.347287],[26.680438,38.34808],[26.6789,38.34811],[26.67665,38.347991],[26.674598,38.347675],[26.674597,38.347986],[26.675314,38.348767],[26.675407,38.348869],[26.675261,38.349853],[26.674976,38.350371],[26.675328,38.350683],[26.675891,38.351565],[26.676386,38.351722],[26.676915,38.352164],[26.677049,38.353875],[26.676758,38.355481],[26.675869,38.356463],[26.675527,38.356893],[26.675192,38.357316],[26.675575,38.358742],[26.675964,38.358873],[26.676881,38.359705],[26.678259,38.360331],[26.678969,38.359944],[26.678831,38.359062],[26.678885,38.358918],[26.679082,38.358389],[26.679722,38.357769],[26.680573,38.357486],[26.681246,38.35754],[26.681741,38.357499],[26.681848,38.35749],[26.681871,38.357453],[26.68199,38.357257],[26.68231,38.357102],[26.682879,38.356456],[26.682988,38.355757],[26.682992,38.355005],[26.684162,38.35449],[26.684237,38.353609],[26.683887,38.352675],[26.683184,38.351559],[26.683645,38.351276],[26.684178,38.350785],[26.684604,38.350475],[26.685484,38.350366],[26.686375,38.350324],[26.688037,38.350899],[26.688884,38.351393],[26.688493,38.351911],[26.687671,38.35367],[26.686566,38.355352],[26.686558,38.355362],[26.685605,38.356515],[26.682533,38.361919],[26.682251,38.362414],[26.682069,38.363502],[26.68229,38.3639],[26.682386,38.364073],[26.682418,38.364825],[26.682144,38.365084],[26.681955,38.365264],[26.680678,38.365934],[26.680712,38.366297],[26.681064,38.366609],[26.681772,38.366818],[26.681924,38.366884],[26.682372,38.367079],[26.682618,38.367546],[26.682162,38.367917],[26.681749,38.368305],[26.681018,38.368993],[26.681158,38.369382],[26.68155,38.369721],[26.68197,38.370084],[26.681897,38.370628],[26.68161,38.371275],[26.682032,38.372053],[26.682404,38.372972],[26.682631,38.373667],[26.682697,38.373869],[26.682197,38.374749],[26.680919,38.375471],[26.680528,38.375884],[26.679925,38.376861],[26.679921,38.376868],[26.679912,38.376878],[26.678675,38.378315],[26.678002,38.378547],[26.677294,38.378415],[26.67694,38.378207],[26.676723,38.37827],[26.676586,38.378309],[26.676639,38.378376],[26.676938,38.378751],[26.676756,38.379787],[26.676399,38.380512],[26.676111,38.381495],[26.675541,38.382297],[26.675465,38.383489],[26.675992,38.38432],[26.675777,38.385045],[26.67542,38.38551],[26.67563,38.386107],[26.675238,38.386624],[26.675448,38.387169],[26.675411,38.387661],[26.675055,38.388023],[26.675125,38.388204],[26.675408,38.388205],[26.675902,38.388673],[26.676035,38.390772],[26.676351,38.391369],[26.676242,38.39199],[26.675745,38.392041],[26.675709,38.392248],[26.676239,38.392457],[26.676522,38.392769],[26.676518,38.393598],[26.676764,38.393884],[26.677154,38.393859],[26.677765,38.394306],[26.678317,38.394604],[26.679098,38.395004],[26.679342,38.395782],[26.678774,38.396143],[26.678276,38.396557],[26.678182,38.396801],[26.678371,38.397221],[26.678915,38.397601],[26.679487,38.397743],[26.679377,38.397962],[26.679512,38.398162],[26.680357,38.398523],[26.681039,38.398425],[26.682291,38.399167],[26.682728,38.399028],[26.683109,38.399169],[26.684281,38.399452],[26.684824,38.399952],[26.684767,38.40053],[26.685202,38.400831],[26.685228,38.40127],[26.685008,38.401589],[26.68517,38.401849],[26.685661,38.40203],[26.686422,38.40271],[26.686392,38.403189],[26.6862,38.403448],[26.686253,38.403987],[26.686193,38.405064],[26.685589,38.4061],[26.68515,38.406498],[26.684659,38.406616],[26.684274,38.407314],[26.683891,38.407532],[26.683536,38.407671],[26.683534,38.40805],[26.683206,38.408229],[26.683086,38.409181],[26.683041,38.410045],[26.683034,38.410184],[26.683205,38.410422],[26.683766,38.411203],[26.684146,38.411504],[26.685075,38.411366],[26.686113,38.41103],[26.686331,38.41109],[26.686574,38.41163],[26.685916,38.412327],[26.685367,38.413143],[26.685555,38.413762],[26.686016,38.414462],[26.686178,38.414821],[26.686668,38.415242],[26.687159,38.415103],[26.687378,38.414944],[26.68795,38.415325],[26.688003,38.415644],[26.687647,38.415903],[26.687673,38.416282],[26.688108,38.416662],[26.688051,38.417301],[26.688457,38.417861],[26.689083,38.418361],[26.689383,38.418402],[26.689682,38.418622],[26.69031,38.418564],[26.690857,38.418326],[26.692519,38.418789],[26.694097,38.419831],[26.69434,38.42049],[26.694419,38.421348],[26.694227,38.421468],[26.694225,38.421906],[26.694115,38.422265],[26.694359,38.422585],[26.695258,38.422867],[26.696211,38.423308],[26.696674,38.423709],[26.696746,38.424531],[26.696804,38.425186],[26.696666,38.425465],[26.696856,38.425665],[26.697293,38.425746],[26.697867,38.425528],[26.697989,38.425525],[26.69874,38.42551],[26.699205,38.425371],[26.699532,38.425452],[26.701003,38.426114],[26.70111,38.426454],[26.700835,38.426992],[26.700669,38.42759],[26.700621,38.427651],[26.70045,38.427869],[26.700558,38.428069],[26.70094,38.42807],[26.701051,38.427999],[26.701159,38.42793],[26.70165,38.428051],[26.702411,38.428592],[26.704376,38.428757],[26.705274,38.429397],[26.705736,38.429938],[26.705895,38.430955],[26.70584,38.431114],[26.70573,38.431434],[26.706406,38.432912],[26.706241,38.433092],[26.706403,38.433531],[26.706892,38.43427],[26.70771,38.434372],[26.708012,38.433994],[26.708861,38.433218],[26.70938,38.433039],[26.710008,38.432921],[26.710527,38.432942],[26.711046,38.432684],[26.711267,38.432066],[26.711215,38.431527],[26.711978,38.431058],[26.712719,38.430693],[26.712857,38.430294],[26.712859,38.429855],[26.713408,38.429039],[26.713738,38.428321],[26.713756,38.42825],[26.713849,38.427882],[26.714998,38.427207],[26.716526,38.42727],[26.716783,38.427535],[26.716798,38.42755],[26.717289,38.427711],[26.717835,38.427613],[26.718327,38.427474],[26.718452,38.427305],[26.718875,38.426737],[26.719858,38.42672],[26.720514,38.426502],[26.721168,38.426563],[26.722585,38.427105],[26.723646,38.427926],[26.724163,38.428526],[26.724052,38.428964],[26.723723,38.429443],[26.723714,38.429445],[26.723176,38.429601],[26.722795,38.42946],[26.722467,38.429479],[26.72192,38.429837],[26.721809,38.430276],[26.72178,38.430795],[26.72254,38.431794],[26.72262,38.432293],[26.722537,38.432632],[26.722236,38.432831],[26.721881,38.43295],[26.721306,38.433428],[26.720922,38.433866],[26.720728,38.434564],[26.720044,38.435021],[26.719768,38.435818],[26.719574,38.436636],[26.720201,38.436897],[26.721081,38.436769],[26.722656,38.43654],[26.722768,38.436524],[26.722852,38.436495],[26.724441,38.435955],[26.724981,38.435771],[26.725102,38.435629],[26.725338,38.435353],[26.725669,38.434476],[26.725888,38.434157],[26.726299,38.433759],[26.726491,38.43352],[26.726356,38.43306],[26.726523,38.432362],[26.726824,38.431924],[26.727126,38.431685],[26.728217,38.431828],[26.72849,38.431669],[26.729201,38.431451],[26.729638,38.431152],[26.730075,38.431093],[26.73054,38.430835],[26.73095,38.430716],[26.731498,38.430119],[26.731446,38.4295],[26.730931,38.428422],[26.730116,38.427542],[26.729845,38.426982],[26.728974,38.426482],[26.729112,38.426023],[26.729959,38.425805],[26.730479,38.425308],[26.730919,38.424491],[26.73125,38.423294],[26.732072,38.422398],[26.732674,38.42208],[26.733192,38.422181],[26.733273,38.422541],[26.732944,38.422779],[26.732451,38.423297],[26.732228,38.424474],[26.73217,38.425631],[26.732058,38.426389],[26.733602,38.429525],[26.734201,38.429826],[26.734505,38.429725],[26.734857,38.429608],[26.735212,38.429609],[26.73565,38.429251],[26.735706,38.428871],[26.736116,38.428553],[26.736418,38.427874],[26.736666,38.427317],[26.736842,38.427289],[26.736912,38.427278],[26.737489,38.426361],[26.737502,38.426292],[26.737572,38.425922],[26.737191,38.425722],[26.737274,38.425403],[26.737958,38.424966],[26.737931,38.424806],[26.738588,38.424249],[26.738753,38.42389],[26.738835,38.423839],[26.739273,38.423572],[26.739485,38.422813],[26.740076,38.422075],[26.74046,38.421328],[26.739952,38.420902],[26.739526,38.420715],[26.739059,38.420643],[26.739225,38.42002],[26.736391,38.418494],[26.735705,38.41786],[26.735757,38.416718],[26.735394,38.415566],[26.735965,38.414943],[26.7361,38.414029],[26.736152,38.413635],[26.736243,38.41285],[26.736249,38.412843],[26.73683,38.412172],[26.737268,38.412074],[26.738088,38.411417],[26.738189,38.411347],[26.738883,38.410956],[26.739007,38.410707],[26.739235,38.410188],[26.739492,38.408694],[26.73962,38.408506],[26.739931,38.408205],[26.740305,38.407706],[26.740845,38.406388],[26.741447,38.405474],[26.741489,38.405048],[26.741634,38.404187],[26.742174,38.403086],[26.742323,38.402148],[26.744718,38.401363],[26.746634,38.40089],[26.747272,38.400636],[26.748352,38.400241],[26.748902,38.400035],[26.750812,38.399856],[26.751751,38.39977],[26.752579,38.399688],[26.753286,38.39962],[26.753691,38.399587],[26.754153,38.399673],[26.754725,38.399794],[26.755645,38.398908],[26.755168,38.398258],[26.753753,38.397784],[26.750731,38.398836],[26.748156,38.398484],[26.748285,38.397582],[26.74884,38.397126],[26.74924,38.396542],[26.749224,38.39575],[26.749525,38.395738],[26.749788,38.395737],[26.75011,38.395675],[26.750478,38.395556],[26.750721,38.395441],[26.750845,38.395333],[26.750913,38.395141],[26.750965,38.394892],[26.750996,38.394685],[26.750996,38.394457],[26.750918,38.394467],[26.750882,38.394866],[26.75082,38.395172],[26.750732,38.395312],[26.750467,38.395478],[26.750224,38.395556],[26.749773,38.395654],[26.74942,38.395618],[26.749752,38.395374],[26.749988,38.394764],[26.749479,38.394124],[26.749328,38.393398],[26.749533,38.393064],[26.749809,38.392613],[26.750113,38.392108],[26.750933,38.390899],[26.751414,38.390364],[26.75395,38.388256],[26.754315,38.387953],[26.756675,38.386722],[26.756824,38.386676],[26.75688,38.386659],[26.758298,38.386226],[26.759319,38.386048],[26.759934,38.385735],[26.760886,38.38567],[26.761163,38.385356],[26.761349,38.38493],[26.761779,38.384684],[26.76198,38.384519],[26.762456,38.384101],[26.7624,38.382754],[26.762191,38.382655],[26.761702,38.382423],[26.761051,38.382077],[26.760994,38.380707],[26.761919,38.379609],[26.762258,38.379298],[26.762977,38.37864],[26.763145,38.378489],[26.76293,38.377212],[26.762464,38.377043],[26.761649,38.376955],[26.761467,38.376936],[26.761441,38.376421],[26.761438,38.376374],[26.762273,38.375437],[26.762112,38.374381],[26.762288,38.373884],[26.762277,38.373322],[26.763106,38.373099],[26.762555,38.372829],[26.762435,38.37202],[26.764375,38.369868],[26.76481,38.368207],[26.765825,38.367468],[26.766748,38.366639],[26.767454,38.366573],[26.768482,38.365672],[26.768778,38.365363],[26.769687,38.365208],[26.770299,38.365299],[26.770727,38.365361],[26.771293,38.365437],[26.771913,38.3651],[26.772372,38.364955],[26.772265,38.364856],[26.771301,38.365078],[26.770727,38.365009],[26.770642,38.364704],[26.771499,38.364275],[26.772816,38.363792],[26.773535,38.363517],[26.773772,38.363471],[26.774017,38.363425],[26.774193,38.363417],[26.775013,38.363422],[26.775871,38.363828],[26.7763,38.363761],[26.776671,38.362953],[26.778114,38.362889],[26.77875,38.363266],[26.779013,38.363432],[26.779205,38.363695],[26.779906,38.364404],[26.781246,38.365761],[26.782165,38.36668],[26.783163,38.367696],[26.78283,38.368519],[26.782708,38.369439],[26.782585,38.370332],[26.782461,38.371211],[26.782539,38.371747],[26.783541,38.37252],[26.783861,38.372804],[26.784723,38.373569],[26.784987,38.373965],[26.78527,38.374403],[26.78493,38.375067],[26.783962,38.376963],[26.783781,38.377769],[26.783746,38.37877],[26.784577,38.379416],[26.785011,38.379389],[26.785872,38.379341],[26.7874,38.379253],[26.789717,38.378583],[26.792523,38.377506],[26.791313,38.375851],[26.790411,38.374616],[26.790001,38.374055],[26.789711,38.373529],[26.789338,38.372866],[26.789106,38.372435],[26.788863,38.372008],[26.7879,38.371137],[26.787737,38.370951],[26.786916,38.370009],[26.785825,38.369107],[26.784482,38.36798],[26.783696,38.367436],[26.78328,38.367043],[26.78303,38.366808],[26.782709,38.36651],[26.782323,38.366145],[26.779914,38.363876],[26.781025,38.362752],[26.782954,38.361674],[26.783476,38.36138],[26.783747,38.361228],[26.784147,38.361004],[26.786567,38.359947],[26.789733,38.35855],[26.791245,38.357969],[26.792048,38.358004],[26.792339,38.357722],[26.792294,38.357542],[26.799433,38.355629],[26.801659,38.35533],[26.801713,38.355323],[26.803588,38.355195],[26.804087,38.355364],[26.80471,38.355576],[26.806176,38.356021],[26.806911,38.355895],[26.807262,38.355752],[26.807602,38.355612],[26.809199,38.35571],[26.810507,38.356236],[26.811334,38.35661],[26.812433,38.357326],[26.813001,38.357864],[26.81379,38.358717],[26.813767,38.359069],[26.814247,38.35947],[26.81469,38.360352],[26.814769,38.360511],[26.814594,38.360623],[26.815336,38.36144],[26.815509,38.362129],[26.816142,38.362658],[26.816688,38.362691],[26.816933,38.362654],[26.817213,38.362611],[26.817781,38.363092],[26.81784,38.363469],[26.817867,38.363637],[26.818041,38.363941],[26.818674,38.364278],[26.818997,38.364256],[26.819353,38.364231],[26.820467,38.364441],[26.820926,38.364602],[26.821581,38.365115],[26.82287,38.365661],[26.823066,38.366077],[26.823435,38.366408],[26.823459,38.36643],[26.824071,38.366687],[26.824464,38.366944],[26.824638,38.367344],[26.825682,38.36727],[26.825783,38.367263],[26.827671,38.367296],[26.828246,38.367301],[26.828727,38.36743],[26.829229,38.367911],[26.830213,38.367956],[26.830607,38.367977],[26.830912,38.368266],[26.830803,38.368441],[26.830999,38.368666],[26.831261,38.368698],[26.831829,38.369083],[26.832244,38.36918],[26.83314,38.369613],[26.834207,38.3699],[26.834723,38.370076],[26.835063,38.370192],[26.835063,38.370432],[26.834909,38.37056],[26.835084,38.370672],[26.835478,38.370561],[26.835522,38.370433],[26.836081,38.37042],[26.8362,38.370418],[26.836815,38.370585],[26.837206,38.370691],[26.837306,38.370684],[26.838321,38.370613],[26.839502,38.370854],[26.840486,38.37092],[26.840748,38.371048],[26.842716,38.371131],[26.843416,38.371292],[26.843919,38.371244],[26.84475,38.371517],[26.845253,38.371486],[26.845559,38.371583],[26.846171,38.371583],[26.846958,38.371921],[26.84792,38.371938],[26.848904,38.372259],[26.852596,38.373047],[26.852752,38.37308],[26.852773,38.373208],[26.854841,38.37349],[26.854917,38.373486],[26.855011,38.373505],[26.855059,38.373354],[26.855314,38.373024],[26.855777,38.372614],[26.855997,38.372385],[26.856211,38.372017],[26.856447,38.371671],[26.856555,38.371426],[26.856771,38.370935],[26.856903,38.370655],[26.857017,38.370107],[26.857374,38.369544],[26.857742,38.369058],[26.857985,38.36855],[26.858177,38.36813],[26.858206,38.367755],[26.858125,38.367431],[26.857941,38.36668],[26.857867,38.366209],[26.857882,38.365745],[26.857963,38.365465],[26.85814,38.365237],[26.85856,38.364883],[26.8592,38.364579],[26.859869,38.364388],[26.860207,38.364265],[26.860495,38.363977],[26.860652,38.363663],[26.860731,38.363309],[26.860757,38.362884],[26.86098,38.362498],[26.861294,38.362105],[26.861516,38.361804],[26.861215,38.361385],[26.860954,38.36115],[26.86081,38.360914],[26.86081,38.360548],[26.860993,38.360155],[26.861307,38.359697],[26.861032,38.359121],[26.859187,38.356425],[26.858283,38.355234],[26.857684,38.354544],[26.856375,38.35341],[26.855328,38.35259],[26.853827,38.3517],[26.852501,38.351037],[26.850825,38.350356],[26.84922,38.349868],[26.847649,38.349501],[26.846026,38.349117],[26.839971,38.347599],[26.838224,38.347184],[26.835803,38.343351],[26.833786,38.34048],[26.831924,38.336291],[26.829596,38.332799],[26.827501,38.329385],[26.825251,38.326049],[26.82207,38.320463],[26.821372,38.317359],[26.82176,38.314178],[26.822225,38.307894],[26.822613,38.306652],[26.826027,38.304402],[26.832389,38.303704],[26.836812,38.303393],[26.845501,38.303161],[26.853726,38.301997],[26.857993,38.300755],[26.859933,38.300523],[26.864355,38.301531],[26.867769,38.303005],[26.872192,38.303859],[26.87708,38.303937],[26.879097,38.303316],[26.8822,38.301531],[26.884916,38.300911],[26.887632,38.29998],[26.889571,38.299204],[26.889954,38.299047],[26.889483,38.297157],[26.888983,38.295277],[26.888602,38.293754],[26.888364,38.293112],[26.887698,38.291137],[26.887698,38.289876],[26.886818,38.289091],[26.886865,38.288377],[26.887294,38.288139],[26.887698,38.287829],[26.887722,38.28752],[26.887936,38.287187],[26.887627,38.286973],[26.887365,38.286092],[26.886913,38.286045],[26.885866,38.285212],[26.885485,38.284855],[26.885319,38.284308],[26.884795,38.284117],[26.88382,38.28407],[26.883653,38.284308],[26.883439,38.284665],[26.882558,38.285474],[26.882083,38.285474],[26.881821,38.284998],[26.881583,38.284712],[26.880774,38.284689],[26.880393,38.284617],[26.880012,38.284522],[26.879513,38.284427],[26.879203,38.284665],[26.87887,38.28495],[26.878704,38.285164],[26.878442,38.285283],[26.877918,38.285307],[26.877562,38.285141],[26.877157,38.285022],[26.876086,38.284974],[26.874944,38.284831],[26.873564,38.284474],[26.872298,38.283918],[26.872412,38.283556],[26.872469,38.283023],[26.872336,38.282794],[26.871975,38.282737],[26.87167,38.282775],[26.871327,38.282871],[26.870985,38.281443],[26.870775,38.281157],[26.869804,38.279825],[26.868719,38.278302],[26.868091,38.277426],[26.868053,38.276456],[26.867996,38.273905],[26.86811,38.273734],[26.867977,38.273505],[26.868225,38.273334],[26.868091,38.273124],[26.868053,38.272439],[26.867273,38.272077],[26.866816,38.271544],[26.866226,38.271145],[26.865845,38.270459],[26.865179,38.269127],[26.864455,38.267947],[26.863846,38.266843],[26.862933,38.265396],[26.862476,38.264539],[26.861124,38.263207],[26.859792,38.26334],[26.858992,38.263816],[26.859544,38.264501],[26.857622,38.264882],[26.856403,38.263283],[26.85653,38.26181],[26.854657,38.261884],[26.843251,38.262738],[26.831846,38.26522],[26.82882,38.267781],[26.824087,38.272746],[26.819432,38.276626],[26.814234,38.281514],[26.809811,38.282988],[26.803139,38.282988],[26.799026,38.281902],[26.794061,38.278333],[26.787699,38.277169],[26.781336,38.275462],[26.776526,38.273522],[26.772724,38.268324],[26.770397,38.264134],[26.763336,38.256686],[26.759767,38.253272],[26.75837,38.251642],[26.75775,38.246677],[26.757439,38.243651],[26.757517,38.238685],[26.756819,38.231935],[26.756043,38.227358],[26.75519,38.222316],[26.752325,38.222594],[26.750816,38.222442],[26.750083,38.222126],[26.750064,38.221857],[26.75031,38.221484],[26.750352,38.22108],[26.749298,38.219283],[26.748688,38.218579],[26.748138,38.218399],[26.747403,38.218756],[26.746667,38.219353],[26.745912,38.219605],[26.745179,38.21914],[26.744855,38.218586],[26.745407,38.217989],[26.745816,38.217811],[26.746063,38.217213],[26.746656,38.216706],[26.746883,38.215989],[26.746904,38.215019],[26.746907,38.214927],[26.746624,38.214204],[26.745653,38.213309],[26.744681,38.212771],[26.744598,38.212814],[26.744254,38.212993],[26.744067,38.214332],[26.7437,38.214934],[26.743759,38.215246],[26.743089,38.215557],[26.742753,38.215668],[26.742603,38.215132],[26.742636,38.21444],[26.741879,38.21339],[26.74121,38.213187],[26.740845,38.212963],[26.73978,38.213005],[26.738559,38.21394],[26.738528,38.214074],[26.73752,38.21492],[26.737059,38.216325],[26.736601,38.216481],[26.736084,38.216435],[26.736025,38.216078],[26.735692,38.215519],[26.735511,38.215117],[26.734994,38.21487],[26.734568,38.214847],[26.734387,38.214288],[26.734632,38.213998],[26.734695,38.213396],[26.734392,38.213083],[26.733357,38.213147],[26.732778,38.213325],[26.732322,38.213011],[26.732385,38.212453],[26.732814,38.211784],[26.733091,38.210848],[26.733032,38.210267],[26.73413,38.209711],[26.734772,38.209021],[26.734628,38.208555],[26.734531,38.208239],[26.733559,38.207857],[26.732739,38.207364],[26.731308,38.207428],[26.730791,38.20736],[26.730007,38.207793],[26.729906,38.207849],[26.729266,38.208115],[26.728991,38.208472],[26.727894,38.208871],[26.727772,38.208759],[26.726949,38.209137],[26.726003,38.209849],[26.725335,38.209289],[26.725094,38.208775],[26.724674,38.208483],[26.724547,38.208395],[26.722784,38.207765],[26.722175,38.20801],[26.72193,38.208366],[26.722207,38.208844],[26.722293,38.208992],[26.722292,38.209215],[26.722048,38.209393],[26.722134,38.210822],[26.722375,38.211358],[26.72146,38.211713],[26.72006,38.211866],[26.71882,38.209653],[26.718546,38.209302],[26.718366,38.209072],[26.718062,38.208893],[26.717514,38.209048],[26.717086,38.209448],[26.717087,38.209469],[26.717144,38.210341],[26.716715,38.211032],[26.715982,38.211499],[26.715495,38.21152],[26.715497,38.211119],[26.715012,38.21047],[26.71404,38.210066],[26.711817,38.210306],[26.710872,38.210683],[26.710412,38.211441],[26.710744,38.212201],[26.710561,38.212334],[26.708678,38.211191],[26.707705,38.210988],[26.706578,38.211342],[26.706242,38.211542],[26.705633,38.211563],[26.705543,38.211184],[26.706188,38.209779],[26.706071,38.209216],[26.705979,38.208774],[26.705312,38.208102],[26.704916,38.208146],[26.704126,38.207854],[26.70279,38.207203],[26.701935,38.207692],[26.70151,38.207624],[26.700709,38.208437],[26.700654,38.208492],[26.700013,38.208826],[26.699799,38.20916],[26.69873,38.210005],[26.698487,38.210005],[26.69775,38.211409],[26.697049,38.211631],[26.696229,38.211182],[26.695988,38.21078],[26.694649,38.210665],[26.693799,38.209948],[26.693772,38.209144],[26.694079,38.208699],[26.694748,38.208678],[26.695235,38.208791],[26.69551,38.208591],[26.695573,38.208078],[26.695264,38.207497],[26.69518,38.20734],[26.694575,38.206468],[26.694122,38.205618],[26.693119,38.205192],[26.692083,38.205635],[26.691657,38.2055],[26.690285,38.206077],[26.689947,38.206835],[26.689095,38.206922],[26.68794,38.206406],[26.687546,38.206114],[26.687916,38.204932],[26.687826,38.204575],[26.688194,38.203929],[26.686796,38.203612],[26.686797,38.203233],[26.686494,38.202897],[26.686617,38.202719],[26.686404,38.202562],[26.685643,38.202761],[26.685519,38.203162],[26.684787,38.203562],[26.684908,38.203741],[26.684235,38.204476],[26.683748,38.204586],[26.683564,38.204898],[26.683836,38.205212],[26.684171,38.205257],[26.684534,38.205705],[26.684228,38.206061],[26.684561,38.206464],[26.685018,38.20642],[26.685567,38.206154],[26.68648,38.206112],[26.686966,38.20647],[26.687054,38.207229],[26.686779,38.207541],[26.686474,38.207518],[26.686138,38.207919],[26.686151,38.208053],[26.686196,38.208499],[26.685646,38.208989],[26.684876,38.209231],[26.684732,38.209277],[26.684121,38.209722],[26.684059,38.210012],[26.683479,38.210456],[26.683444,38.210574],[26.683232,38.211282],[26.68247,38.211592],[26.680429,38.211832],[26.678116,38.211781],[26.6769,38.211376],[26.676689,38.210951],[26.676732,38.210697],[26.676814,38.210215],[26.676823,38.208184],[26.675974,38.207489],[26.675918,38.20644],[26.675619,38.205256],[26.675107,38.204818],[26.674221,38.204806],[26.674341,38.205163],[26.672814,38.206365],[26.672387,38.206363],[26.671714,38.207299],[26.671042,38.207788],[26.668972,38.207939],[26.668333,38.207848],[26.667666,38.207198],[26.667214,38.206215],[26.66718,38.206974],[26.666995,38.207397],[26.667055,38.207688],[26.666627,38.208133],[26.666442,38.208713],[26.666122,38.208881],[26.665557,38.209179],[26.664686,38.209279],[26.664613,38.209288],[26.664187,38.209264],[26.663212,38.20944],[26.662299,38.209393],[26.662119,38.208857],[26.661814,38.209034],[26.661599,38.20948],[26.661779,38.209972],[26.660792,38.210229],[26.659829,38.21048],[26.659698,38.210355],[26.658768,38.209472],[26.658529,38.208467],[26.657951,38.208354],[26.657436,38.207861],[26.65695,38.207681],[26.656922,38.207167],[26.656557,38.207233],[26.656584,38.207925],[26.656674,38.20826],[26.65579,38.208481],[26.654907,38.208478],[26.654326,38.209124],[26.654626,38.209906],[26.654543,38.209952],[26.654069,38.210211],[26.653318,38.210315],[26.651833,38.20992],[26.651476,38.20992],[26.650521,38.209224],[26.650629,38.209077],[26.651716,38.207599],[26.651813,38.206371],[26.651361,38.205365],[26.650935,38.205342],[26.650484,38.204135],[26.649848,38.203575],[26.647023,38.202316],[26.645532,38.202245],[26.644982,38.202824],[26.644611,38.203939],[26.643916,38.20291],[26.643461,38.20273],[26.642881,38.202907],[26.641753,38.203461],[26.641293,38.204063],[26.640653,38.204194],[26.64059,38.204232],[26.638669,38.205394],[26.637446,38.206462],[26.63729,38.207242],[26.636894,38.207375],[26.636343,38.208043],[26.635918,38.207774],[26.636014,38.206926],[26.63842,38.203161],[26.638805,38.202559],[26.639206,38.201467],[26.63915,38.200551],[26.63754,38.199765],[26.636116,38.198634],[26.635397,38.198388],[26.63423,38.198994],[26.631142,38.196106],[26.630887,38.195867],[26.630871,38.194967],[26.630822,38.192143],[26.630405,38.1909],[26.629747,38.190292],[26.629731,38.190277],[26.629738,38.190254],[26.630075,38.189099],[26.62935,38.188294],[26.629234,38.188165],[26.628949,38.187689],[26.629278,38.187535],[26.629503,38.18743],[26.62927,38.187283],[26.628716,38.186934],[26.628324,38.186296],[26.629194,38.186182],[26.629323,38.186049],[26.629869,38.185489],[26.630387,38.184563],[26.630667,38.18381],[26.63073,38.18177],[26.630967,38.179347],[26.630626,38.178953],[26.630063,38.178301],[26.630342,38.17778],[26.631003,38.177621],[26.631173,38.17758],[26.631808,38.177002],[26.631932,38.175872],[26.632687,38.174947],[26.632889,38.17402],[26.632743,38.173594],[26.6325,38.172889],[26.631521,38.171291],[26.631327,38.17045],[26.630683,38.169753],[26.63064,38.168495],[26.632063,38.168247],[26.632914,38.167805],[26.633094,38.167711],[26.633049,38.166956],[26.632674,38.166324],[26.632515,38.166055],[26.632394,38.165387],[26.632372,38.165264],[26.632348,38.16525],[26.631785,38.164938],[26.631205,38.163354],[26.631121,38.162435],[26.631066,38.161844],[26.630434,38.160907],[26.630043,38.160762],[26.6299,38.160837],[26.629158,38.161226],[26.628619,38.161261],[26.629013,38.160902],[26.629016,38.160219],[26.628772,38.160039],[26.62897,38.159608],[26.628879,38.159396],[26.628583,38.158708],[26.628479,38.158631],[26.6279,38.158202],[26.628211,38.158038],[26.62844,38.157916],[26.62859,38.157341],[26.628007,38.156441],[26.627815,38.155577],[26.627572,38.155253],[26.627868,38.154858],[26.627432,38.153886],[26.626895,38.153488],[26.626995,38.153057],[26.627048,38.15223],[26.626612,38.151294],[26.626763,38.150432],[26.62667,38.149496],[26.625988,38.148739],[26.625744,38.148559],[26.626387,38.147446],[26.62639,38.146727],[26.625905,38.14579],[26.625127,38.144709],[26.624346,38.144167],[26.624266,38.144165],[26.623171,38.144128],[26.624051,38.143071],[26.624156,38.142944],[26.624258,38.142225],[26.623917,38.141829],[26.623926,38.140139],[26.623591,38.138663],[26.623006,38.138014],[26.622582,38.138062],[26.621438,38.138189],[26.620507,38.138186],[26.618394,38.139546],[26.618002,38.139472],[26.618495,38.138863],[26.618548,38.138216],[26.617816,38.137746],[26.617082,38.1376],[26.616789,38.137347],[26.616447,38.137189],[26.616007,38.136985],[26.614953,38.137405],[26.614486,38.137591],[26.614336,38.138022],[26.613696,38.138667],[26.612912,38.138701],[26.612474,38.13834],[26.611689,38.138589],[26.611101,38.138551],[26.610685,38.138287],[26.610418,38.138117],[26.609731,38.138295],[26.608946,38.138616],[26.60897,38.138822],[26.609133,38.140162],[26.608933,38.141025],[26.60785,38.141884],[26.607508,38.141883],[26.607511,38.141308],[26.607758,38.140841],[26.60737,38.140085],[26.607051,38.13979],[26.606785,38.139543],[26.605603,38.140762],[26.605059,38.141695],[26.604666,38.141909],[26.604663,38.142563],[26.604662,38.142664],[26.604582,38.142693],[26.604172,38.142843],[26.604168,38.143417],[26.604168,38.143562],[26.604049,38.143627],[26.603136,38.144134],[26.602641,38.144995],[26.602589,38.145642],[26.60195,38.145999],[26.601898,38.146502],[26.601455,38.14704],[26.601347,38.146857],[26.601115,38.146464],[26.601265,38.145781],[26.60174,38.145436],[26.601806,38.145388],[26.601798,38.145254],[26.601761,38.144632],[26.602101,38.14436],[26.602254,38.144238],[26.60232,38.143741],[26.602407,38.143088],[26.60255,38.143089],[26.602652,38.143089],[26.603244,38.142156],[26.603004,38.141826],[26.602904,38.141688],[26.603004,38.141364],[26.603292,38.141035],[26.603349,38.14097],[26.603337,38.140914],[26.603205,38.140322],[26.603452,38.139964],[26.603698,38.139749],[26.603653,38.139101],[26.604297,38.137665],[26.604887,38.137379],[26.605773,38.136519],[26.60602,38.136161],[26.606806,38.135624],[26.606957,38.134977],[26.60735,38.134799],[26.608132,38.135089],[26.608624,38.134587],[26.608783,38.134653],[26.609504,38.13495],[26.61014,38.134988],[26.611215,38.135531],[26.611851,38.135605],[26.612391,38.135355],[26.612786,38.134853],[26.612545,38.134169],[26.611716,38.133447],[26.611234,38.131863],[26.611045,38.130712],[26.610638,38.13021],[26.610607,38.130171],[26.610026,38.128803],[26.610327,38.127545],[26.60984,38.127004],[26.609939,38.126789],[26.610478,38.126719],[26.610825,38.125929],[26.610977,38.124958],[26.610736,38.12431],[26.61123,38.123413],[26.611383,38.122335],[26.611386,38.121724],[26.612176,38.120468],[26.612279,38.119569],[26.61277,38.119247],[26.613263,38.118601],[26.613564,38.117416],[26.61347,38.116589],[26.614258,38.115764],[26.614182,38.111593],[26.613551,38.110512],[26.61311,38.11051],[26.612471,38.110976],[26.611987,38.110039],[26.611742,38.110111],[26.612137,38.109357],[26.610971,38.107663],[26.609507,38.106723],[26.608334,38.106431],[26.607702,38.105494],[26.607111,38.10614],[26.606769,38.106031],[26.605448,38.105846],[26.604238,38.103253],[26.603749,38.103108],[26.602077,38.104613],[26.600652,38.105543],[26.599916,38.1059],[26.599372,38.106833],[26.598099,38.1069],[26.597513,38.106575],[26.596286,38.107038],[26.596388,38.106391],[26.5959,38.106066],[26.595116,38.106171],[26.594483,38.105629],[26.593123,38.103647],[26.592986,38.103591],[26.591706,38.103067],[26.589013,38.104987],[26.583255,38.108395],[26.581579,38.110366],[26.581277,38.111876],[26.582002,38.11346],[26.582851,38.114229],[26.583318,38.114652],[26.584978,38.115413],[26.584681,38.116059],[26.584195,38.11652],[26.583548,38.117133],[26.583295,38.118571],[26.583977,38.119329],[26.583725,38.12055],[26.584843,38.122064],[26.583957,38.122744],[26.584344,38.123609],[26.583851,38.12429],[26.584287,38.124975],[26.583942,38.125477],[26.583889,38.126196],[26.582615,38.126192],[26.58178,38.126692],[26.581188,38.127517],[26.581429,38.128165],[26.580938,38.128343],[26.580494,38.128917],[26.580094,38.130282],[26.578662,38.13229],[26.577954,38.134293],[26.577316,38.136456],[26.5775,38.136808],[26.577655,38.137105],[26.577289,38.137052],[26.576627,38.136957],[26.575744,38.137242],[26.57358,38.13878],[26.571161,38.142008],[26.571306,38.142514],[26.571449,38.143015],[26.571199,38.143806],[26.570224,38.143155],[26.570074,38.143154],[26.569636,38.143153],[26.569144,38.143439],[26.567869,38.14365],[26.565878,38.144284],[26.565739,38.144329],[26.563208,38.144927],[26.562671,38.144745],[26.562284,38.143916],[26.562972,38.143559],[26.563022,38.143336],[26.563273,38.14223],[26.564403,38.141767],[26.565636,38.140261],[26.566235,38.138466],[26.56634,38.137207],[26.566197,38.136558],[26.566149,38.136344],[26.564877,38.136087],[26.565817,38.134617],[26.566314,38.133432],[26.566424,38.131383],[26.565695,38.130409],[26.565605,38.129007],[26.56463,38.128176],[26.566299,38.127535],[26.566523,38.126863],[26.566599,38.126637],[26.566379,38.126311],[26.565773,38.125411],[26.564069,38.123823],[26.564176,38.122277],[26.563933,38.121953],[26.564194,38.121386],[26.56428,38.121199],[26.563501,38.120405],[26.563351,38.120327],[26.563013,38.120151],[26.562136,38.119393],[26.560272,38.120033],[26.560428,38.118452],[26.560235,38.117948],[26.558426,38.117509],[26.557214,38.117435],[26.55593,38.117356],[26.554459,38.11771],[26.55392,38.1176],[26.552547,38.118062],[26.55161,38.11903],[26.551709,38.119111],[26.552049,38.119391],[26.551947,38.120002],[26.552528,38.121083],[26.552817,38.121875],[26.552421,38.122629],[26.550957,38.121724],[26.550125,38.121613],[26.549687,38.121324],[26.548901,38.121572],[26.548021,38.121461],[26.547573,38.121294],[26.547141,38.121134],[26.545966,38.121201],[26.544697,38.120441],[26.543817,38.12015],[26.543032,38.120471],[26.542536,38.121512],[26.543412,38.12227],[26.543895,38.123423],[26.543882,38.125436],[26.544244,38.126214],[26.544317,38.126373],[26.544951,38.126915],[26.54544,38.127024],[26.545435,38.127744],[26.542791,38.127733],[26.541859,38.12791],[26.541463,38.128663],[26.541607,38.129131],[26.541898,38.129528],[26.541308,38.129885],[26.541207,38.130388],[26.540622,38.129954],[26.538958,38.129732],[26.538565,38.130018],[26.538275,38.12937],[26.538207,38.129324],[26.537738,38.129008],[26.536809,38.128896],[26.535933,38.127922],[26.534372,38.126981],[26.533098,38.127012],[26.532117,38.127404],[26.531303,38.129173],[26.530873,38.130419],[26.530382,38.130561],[26.530034,38.131351],[26.530373,38.132071],[26.530513,38.133007],[26.530915,38.134278],[26.530946,38.134375],[26.530694,38.135345],[26.529217,38.136525],[26.529308,38.137748],[26.530281,38.138687],[26.53165,38.13916],[26.532776,38.139236],[26.531793,38.139664],[26.531104,38.140164],[26.529979,38.140016],[26.529193,38.140301],[26.527872,38.140044],[26.526549,38.140146],[26.524384,38.141684],[26.523113,38.141355],[26.522247,38.141544],[26.521984,38.141602],[26.521,38.142281],[26.520601,38.143358],[26.520792,38.14415],[26.520858,38.144215],[26.520938,38.144295],[26.520828,38.14435],[26.520299,38.144615],[26.520519,38.147295],[26.520526,38.147385],[26.520817,38.147818],[26.520602,38.150694],[26.521571,38.152352],[26.522599,38.152464],[26.523529,38.152683],[26.523625,38.152899],[26.521958,38.153144],[26.521317,38.153825],[26.521949,38.154475],[26.52322,38.154911],[26.523711,38.154841],[26.523218,38.155271],[26.521602,38.155156],[26.520817,38.155297],[26.520274,38.155906],[26.519698,38.158539],[26.519567,38.159139],[26.518041,38.160248],[26.517159,38.160244],[26.516028,38.160887],[26.515237,38.16189],[26.514695,38.162355],[26.512321,38.165762],[26.512401,38.168495],[26.513132,38.169073],[26.513419,38.170009],[26.514054,38.170407],[26.515622,38.170342],[26.517002,38.169161],[26.51849,38.166398],[26.518796,38.16471],[26.519288,38.164388],[26.519971,38.16475],[26.520103,38.167088],[26.520676,38.167939],[26.520831,38.16817],[26.520628,38.168696],[26.520582,38.168816],[26.519792,38.169748],[26.520372,38.170865],[26.519583,38.171688],[26.518839,38.173052],[26.518051,38.17366],[26.517852,38.174018],[26.516819,38.174698],[26.516711,38.176099],[26.517196,38.176892],[26.518076,38.177328],[26.517679,38.178009],[26.518155,38.180168],[26.519592,38.181474],[26.519665,38.181541],[26.520399,38.18176],[26.522359,38.181804],[26.523038,38.182849],[26.522449,38.183063],[26.521471,38.182627],[26.520341,38.183018],[26.519848,38.183555],[26.519083,38.184151],[26.518468,38.184628],[26.518264,38.185922],[26.518353,38.186328],[26.518549,38.187218],[26.518252,38.187684],[26.516977,38.187823],[26.516491,38.187281],[26.516317,38.18688],[26.515525,38.185048],[26.512901,38.181585],[26.512632,38.181397],[26.512072,38.181006],[26.510895,38.181109],[26.510453,38.181323],[26.510701,38.180821],[26.511245,38.18014],[26.510906,38.179563],[26.509928,38.179164],[26.509339,38.179305],[26.508751,38.179266],[26.507711,38.177301],[26.507174,38.176132],[26.507107,38.175988],[26.505934,38.175551],[26.505503,38.175794],[26.504163,38.17655],[26.503375,38.177158],[26.502815,38.178099],[26.501493,38.180063],[26.501237,38.181536],[26.501421,38.183371],[26.501124,38.183765],[26.500149,38.183042],[26.49961,38.183003],[26.500156,38.181963],[26.499377,38.181276],[26.498307,38.180085],[26.497429,38.178649],[26.497338,38.178499],[26.497291,38.178067],[26.496606,38.177921],[26.496115,38.178134],[26.496062,38.178709],[26.496589,38.178989],[26.496745,38.179072],[26.496251,38.179681],[26.495662,38.179786],[26.495121,38.180144],[26.494483,38.180249],[26.492956,38.181393],[26.492902,38.182076],[26.491825,38.181963],[26.490941,38.182103],[26.490743,38.182426],[26.489664,38.182565],[26.489223,38.182238],[26.489079,38.182131],[26.488441,38.182308],[26.487456,38.182951],[26.487748,38.18324],[26.487057,38.183848],[26.487114,38.184568],[26.487147,38.184999],[26.486309,38.185751],[26.486304,38.18647],[26.48728,38.187049],[26.488742,38.188242],[26.489129,38.188963],[26.490629,38.189986],[26.491957,38.191061],[26.492534,38.192681],[26.492036,38.193866],[26.491734,38.194943],[26.490308,38.19562],[26.489476,38.195473],[26.488494,38.195612],[26.488007,38.195215],[26.487573,38.194134],[26.487678,38.193236],[26.486706,38.192009],[26.485875,38.191754],[26.482639,38.191811],[26.479362,38.190862],[26.478332,38.190893],[26.477792,38.191035],[26.476707,38.191965],[26.475581,38.191744],[26.474506,38.191236],[26.473762,38.190407],[26.473534,38.190153],[26.47221,38.190255],[26.471081,38.190501],[26.470362,38.190387],[26.470458,38.190456],[26.470536,38.190604],[26.47056,38.190647],[26.476062,38.200376],[26.480071,38.204028],[26.48399,38.206968],[26.485593,38.210264],[26.486573,38.215519],[26.488355,38.218815],[26.489156,38.223358],[26.488087,38.228168],[26.489691,38.231821],[26.49263,38.234047],[26.49655,38.237611],[26.4994,38.24055],[26.501004,38.241975],[26.502518,38.244291],[26.503765,38.245806],[26.504923,38.248033],[26.506348,38.250883],[26.506705,38.256851],[26.507417,38.258811],[26.509466,38.261394],[26.512495,38.264423],[26.515078,38.265848],[26.517483,38.267897],[26.518463,38.270658],[26.519086,38.273865],[26.519086,38.276715],[26.517483,38.280724],[26.514989,38.283931],[26.513296,38.285712],[26.512762,38.289008],[26.512851,38.292037],[26.513296,38.296134],[26.514187,38.300766],[26.514187,38.304329],[26.513385,38.308694],[26.512138,38.311723],[26.510713,38.313504],[26.51,38.317157],[26.510268,38.321521],[26.510535,38.325263],[26.509911,38.328113],[26.508753,38.330518],[26.506616,38.335239],[26.506883,38.340317],[26.508219,38.345127],[26.511069,38.349135],[26.514009,38.354213],[26.517127,38.359379],[26.518463,38.36125],[26.519354,38.363209],[26.519354,38.365436],[26.518374,38.367307],[26.51579,38.370068],[26.513296,38.372384],[26.510268,38.375324],[26.508575,38.377195],[26.503765,38.380312],[26.500024,38.384499],[26.495481,38.391091],[26.493521,38.394297],[26.492987,38.397237],[26.491685,38.400848],[26.491663,38.401133],[26.493349,38.402176],[26.494157,38.402128],[26.494792,38.401771],[26.495883,38.40157],[26.49676,38.40178],[26.496999,38.402757],[26.497558,38.403119],[26.497798,38.404045],[26.498917,38.40477],[26.4999,38.404877],[26.500815,38.404649],[26.501326,38.404756],[26.501692,38.404833],[26.501633,38.405042],[26.501548,38.405346],[26.502037,38.405785],[26.502877,38.406382],[26.502946,38.406431],[26.502991,38.406528],[26.503223,38.407024],[26.502939,38.407356],[26.503532,38.408053],[26.503421,38.4089],[26.503692,38.410289],[26.503301,38.411007],[26.503262,38.411623],[26.502624,38.412366],[26.50146,38.413003],[26.501268,38.415418],[26.501723,38.415677],[26.502185,38.414933],[26.502572,38.414781],[26.503457,38.413937],[26.504696,38.414001],[26.506371,38.414206],[26.507032,38.415211],[26.507276,38.415417],[26.507552,38.416267],[26.508144,38.416988],[26.508738,38.417454],[26.509299,38.41761],[26.511459,38.420497],[26.51142,38.420985],[26.510361,38.421751],[26.50999,38.422652],[26.509716,38.423496],[26.509852,38.424267],[26.51135,38.426175],[26.512721,38.426052],[26.51388,38.426288],[26.514999,38.426987],[26.515766,38.427967],[26.516249,38.42933],[26.516005,38.43051],[26.515995,38.430563],[26.515928,38.430624],[26.51504,38.431432],[26.514891,38.431789],[26.514826,38.431945],[26.514656,38.432009],[26.514198,38.43218],[26.513664,38.432198],[26.511797,38.432806],[26.511021,38.433214],[26.509889,38.43434],[26.507387,38.435332],[26.506256,38.436226],[26.507763,38.43766],[26.510091,38.439443],[26.513365,38.443174],[26.517934,38.449113],[26.520599,38.453226],[26.524407,38.458784],[26.527834,38.462973],[26.532479,38.464572],[26.537885,38.464496],[26.543673,38.463049],[26.548775,38.46084],[26.553724,38.458708],[26.558293,38.456119]]],[[[26.680334,38.331703],[26.678599,38.329989],[26.675251,38.330892],[26.675091,38.33363],[26.678716,38.335355],[26.680334,38.331703]]],[[[26.791815,38.39602],[26.790379,38.395399],[26.789957,38.395553],[26.788985,38.395366],[26.788268,38.394994],[26.788311,38.394623],[26.78789,38.394251],[26.787086,38.394311],[26.786115,38.394001],[26.785695,38.39332],[26.785526,38.393134],[26.78506,38.39372],[26.784255,38.394306],[26.783957,38.395048],[26.784798,38.396564],[26.785304,38.396781],[26.785599,38.397245],[26.78602,38.397741],[26.787097,38.398427],[26.787285,38.398547],[26.787581,38.398795],[26.788003,38.398826],[26.789183,38.399818],[26.789817,38.399819],[26.790283,38.399511],[26.791003,38.399141],[26.791555,38.398153],[26.791855,38.396793],[26.791815,38.39602]]],[[[26.771686,38.409543],[26.772443,38.408882],[26.772946,38.408938],[26.773298,38.408866],[26.773474,38.408737],[26.77335,38.408498],[26.773551,38.408333],[26.773703,38.407983],[26.773403,38.407431],[26.772397,38.407319],[26.772021,38.407061],[26.771745,38.407023],[26.771519,38.406728],[26.771043,38.406323],[26.771043,38.406176],[26.770717,38.405844],[26.770719,38.405329],[26.770543,38.405126],[26.770495,38.404538],[26.770143,38.404482],[26.769814,38.404996],[26.769788,38.405493],[26.769987,38.406192],[26.769984,38.406946],[26.769781,38.407626],[26.768822,38.408489],[26.768569,38.409077],[26.768089,38.40972],[26.768564,38.410585],[26.769192,38.410973],[26.769519,38.410992],[26.769696,38.410661],[26.769999,38.410257],[26.770452,38.410056],[26.771026,38.409948],[26.771132,38.409928],[26.771686,38.409543]]],[[[26.798616,38.408093],[26.798424,38.407963],[26.798469,38.407737],[26.798764,38.407694],[26.799105,38.407219],[26.798811,38.407057],[26.798367,38.407121],[26.798101,38.407304],[26.797938,38.407314],[26.797924,38.407314],[26.797746,38.407465],[26.797466,38.407486],[26.797155,38.407659],[26.796327,38.407776],[26.796106,38.40797],[26.795175,38.407904],[26.794437,38.40774],[26.794024,38.407534],[26.79401,38.40734],[26.79407,38.407221],[26.7937,38.40721],[26.793687,38.406864],[26.79348,38.406712],[26.793214,38.406885],[26.793051,38.407209],[26.793154,38.40736],[26.793344,38.407749],[26.793195,38.408278],[26.792186,38.410015],[26.79245,38.410577],[26.792848,38.410891],[26.792685,38.411226],[26.792862,38.411291],[26.792965,38.411507],[26.793201,38.411572],[26.79323,38.411724],[26.793863,38.41247],[26.793847,38.412956],[26.793977,38.413971],[26.794212,38.414469],[26.794786,38.415107],[26.795672,38.415173],[26.79576,38.415411],[26.795907,38.415357],[26.795967,38.415044],[26.795864,38.414968],[26.796013,38.414774],[26.796176,38.414505],[26.796162,38.414181],[26.79634,38.413986],[26.79643,38.413317],[26.796712,38.413037],[26.79689,38.412767],[26.796965,38.412324],[26.797203,38.411677],[26.797811,38.410695],[26.797916,38.41009],[26.798153,38.409961],[26.79805,38.40981],[26.798227,38.409745],[26.798316,38.409518],[26.798494,38.409205],[26.798584,38.40872],[26.798497,38.408428],[26.798616,38.408093]]],[[[26.783967,38.416262],[26.784361,38.416096],[26.784579,38.416111],[26.784609,38.416324],[26.784941,38.41618],[26.78489,38.416127],[26.784755,38.416066],[26.784942,38.41593],[26.785057,38.415688],[26.785451,38.415552],[26.785472,38.415416],[26.785213,38.415264],[26.78511,38.415089],[26.78482,38.414944],[26.784582,38.415027],[26.783959,38.415367],[26.783752,38.415321],[26.782581,38.415228],[26.781814,38.415363],[26.781263,38.415726],[26.781037,38.416048],[26.780816,38.416362],[26.78068,38.416832],[26.780917,38.417105],[26.78104,38.417613],[26.78132,38.417727],[26.781402,38.417894],[26.781619,38.418129],[26.782115,38.418487],[26.782406,38.418328],[26.78251,38.41807],[26.782543,38.417669],[26.783177,38.417048],[26.78326,38.416867],[26.783614,38.416511],[26.783967,38.416262]]],[[[26.768069,38.454262],[26.768179,38.454196],[26.768717,38.454238],[26.770467,38.454373],[26.771073,38.454325],[26.771546,38.453981],[26.77185,38.453638],[26.772557,38.453344],[26.772828,38.452852],[26.772964,38.452409],[26.772908,38.452222],[26.772831,38.451966],[26.772294,38.451424],[26.771895,38.449898],[26.771628,38.449208],[26.771563,38.44847],[26.772002,38.447831],[26.773115,38.447268],[26.773352,38.446874],[26.773959,38.446457],[26.774296,38.446507],[26.774446,38.44641],[26.774599,38.446311],[26.774517,38.4461],[26.774465,38.445966],[26.774434,38.445302],[26.77488,38.444506],[26.775246,38.443852],[26.776058,38.442672],[26.775862,38.440703],[26.773425,38.4398],[26.772642,38.43951],[26.771929,38.43922],[26.771356,38.439219],[26.768902,38.438476],[26.767894,38.437908],[26.767492,38.437366],[26.767004,38.436882],[26.76662,38.436503],[26.765746,38.43596],[26.764839,38.435613],[26.764435,38.435711],[26.764233,38.435514],[26.764027,38.435604],[26.763391,38.435881],[26.762989,38.435964],[26.762919,38.435979],[26.76221,38.436617],[26.762222,38.43665],[26.762444,38.437257],[26.761129,38.438066],[26.760488,38.438336],[26.76042,38.438328],[26.760253,38.43831],[26.759949,38.438704],[26.758869,38.439538],[26.758225,38.440791],[26.75829,38.441603],[26.758493,38.442119],[26.758524,38.442194],[26.759459,38.444337],[26.759288,38.445026],[26.758816,38.445197],[26.759119,38.445394],[26.759118,38.445566],[26.758831,38.445718],[26.758747,38.445762],[26.75884,38.445794],[26.759117,38.445886],[26.759352,38.446182],[26.759719,38.447192],[26.759705,38.451153],[26.759907,38.45135],[26.759816,38.45239],[26.759802,38.452556],[26.760036,38.452876],[26.760237,38.453368],[26.759899,38.453663],[26.760168,38.453909],[26.760571,38.454009],[26.760808,38.453788],[26.761614,38.454159],[26.761883,38.454405],[26.762287,38.454431],[26.762825,38.45453],[26.763195,38.454457],[26.763801,38.454458],[26.764068,38.454264],[26.764307,38.45409],[26.764913,38.454165],[26.765187,38.454284],[26.765653,38.454487],[26.766425,38.455103],[26.766862,38.455252],[26.767435,38.455007],[26.767571,38.454564],[26.768069,38.454262]]],[[[26.703759,38.541159],[26.704471,38.540783],[26.70502,38.540855],[26.705503,38.541305],[26.70534,38.541752],[26.705208,38.542294],[26.704786,38.542812],[26.705107,38.543285],[26.705593,38.54298],[26.705983,38.542414],[26.706243,38.542156],[26.706922,38.542087],[26.707438,38.542276],[26.707889,38.542584],[26.708826,38.542539],[26.709568,38.542966],[26.710085,38.542873],[26.710472,38.54311],[26.710861,38.542686],[26.711185,38.542592],[26.711607,38.542027],[26.712125,38.54184],[26.713029,38.541936],[26.713645,38.541466],[26.714227,38.541425],[26.714291,38.541421],[26.714647,38.54128],[26.714667,38.541155],[26.714747,38.540643],[26.715265,38.54022],[26.715719,38.539915],[26.715656,38.539608],[26.715657,38.53923],[26.715982,38.538783],[26.716435,38.538454],[26.716793,38.537865],[26.716827,38.537559],[26.717087,38.537064],[26.71767,38.536759],[26.717801,38.536264],[26.717964,38.535934],[26.718514,38.535723],[26.71929,38.535701],[26.719805,38.536033],[26.720581,38.535987],[26.721163,38.535706],[26.720971,38.535233],[26.720721,38.534949],[26.720264,38.53443],[26.72046,38.533723],[26.721496,38.533159],[26.722239,38.533114],[26.722594,38.533327],[26.72269,38.533634],[26.723046,38.533493],[26.723757,38.533377],[26.724696,38.532789],[26.724891,38.532365],[26.726023,38.532108],[26.726456,38.532299],[26.726507,38.532322],[26.726766,38.53211],[26.727219,38.531899],[26.727473,38.531156],[26.727742,38.530367],[26.728262,38.529448],[26.728749,38.528812],[26.728686,38.528435],[26.729109,38.527799],[26.729437,38.526432],[26.729342,38.52596],[26.728987,38.525747],[26.728924,38.52544],[26.728601,38.525416],[26.727991,38.5244],[26.727831,38.523951],[26.727477,38.523667],[26.727932,38.522725],[26.728035,38.521263],[26.729461,38.519969],[26.730366,38.519829],[26.730769,38.519699],[26.730948,38.519642],[26.731175,38.519289],[26.730887,38.518722],[26.730854,38.518506],[26.730572,38.516646],[26.730902,38.516338],[26.732063,38.515257],[26.733033,38.514835],[26.734034,38.514885],[26.734164,38.514649],[26.73407,38.513799],[26.733651,38.513539],[26.732908,38.513585],[26.731748,38.512874],[26.73074,38.511593],[26.730687,38.511527],[26.730336,38.51063],[26.730339,38.509828],[26.73062,38.509156],[26.730664,38.509051],[26.730587,38.508646],[26.730538,38.50839],[26.729927,38.507634],[26.729865,38.506832],[26.730346,38.505459],[26.730551,38.504876],[26.730205,38.503665],[26.730073,38.5032],[26.730158,38.502964],[26.730627,38.501668],[26.730602,38.499851],[26.730702,38.498955],[26.730512,38.49787],[26.730673,38.49729],[26.73084,38.496691],[26.731125,38.496443],[26.731326,38.496268],[26.731351,38.496164],[26.731522,38.495466],[26.732268,38.494572],[26.732335,38.493959],[26.735052,38.492715],[26.737703,38.491895],[26.738898,38.491733],[26.739833,38.491971],[26.739925,38.492017],[26.740865,38.492492],[26.741607,38.492682],[26.742574,38.49318],[26.743252,38.493276],[26.743995,38.492923],[26.744513,38.492547],[26.744901,38.492524],[26.744805,38.492241],[26.744031,38.492051],[26.743288,38.492167],[26.742642,38.492048],[26.741417,38.491502],[26.741151,38.491343],[26.740902,38.491195],[26.740678,38.490581],[26.741098,38.490369],[26.742067,38.490372],[26.742003,38.490183],[26.740873,38.490133],[26.741361,38.489238],[26.742071,38.489216],[26.742749,38.489312],[26.743331,38.489219],[26.743429,38.488653],[26.743172,38.488487],[26.742817,38.488392],[26.743142,38.487756],[26.743563,38.487403],[26.744147,38.486579],[26.745054,38.485826],[26.7447,38.485448],[26.744927,38.485165],[26.744799,38.484905],[26.744993,38.484646],[26.74564,38.484506],[26.746545,38.484131],[26.746998,38.48366],[26.746903,38.48333],[26.746742,38.483258],[26.747584,38.482435],[26.747895,38.482313],[26.748424,38.482106],[26.748684,38.481682],[26.748943,38.481565],[26.749203,38.481094],[26.748977,38.480928],[26.749141,38.480174],[26.74879,38.479182],[26.748791,38.478687],[26.748245,38.478072],[26.748223,38.478064],[26.747826,38.477907],[26.747212,38.477952],[26.74689,38.47781],[26.746535,38.477762],[26.746601,38.47722],[26.747668,38.476656],[26.747349,38.47583],[26.74735,38.475499],[26.747546,38.474887],[26.747159,38.474603],[26.747483,38.474391],[26.747239,38.474076],[26.747476,38.472058],[26.746959,38.471805],[26.74725,38.470964],[26.747468,38.470841],[26.747769,38.470671],[26.74736,38.470496],[26.747079,38.470375],[26.747023,38.469562],[26.746969,38.468777],[26.746111,38.467303],[26.746106,38.467302],[26.745766,38.46726],[26.74496,38.467511],[26.744213,38.467173],[26.744909,38.465618],[26.744912,38.464651],[26.744109,38.46406],[26.744226,38.463514],[26.743142,38.460778],[26.743048,38.460617],[26.742227,38.45922],[26.741308,38.458755],[26.740387,38.458669],[26.739989,38.458862],[26.739004,38.459339],[26.738887,38.459927],[26.739057,38.460685],[26.738538,38.460852],[26.737791,38.460514],[26.736754,38.460806],[26.736234,38.461519],[26.735429,38.461392],[26.735315,38.460929],[26.735719,38.460551],[26.73555,38.45971],[26.735206,38.459246],[26.734056,38.459075],[26.733742,38.458985],[26.733021,38.458779],[26.732176,38.459073],[26.73014,38.459781],[26.729102,38.46041],[26.728065,38.460744],[26.726686,38.46032],[26.726339,38.46074],[26.726453,38.460992],[26.725762,38.461159],[26.725302,38.460948],[26.724497,38.460904],[26.723896,38.460665],[26.72375,38.460608],[26.723116,38.4609],[26.723057,38.461237],[26.723157,38.461271],[26.723804,38.461491],[26.724376,38.462291],[26.724373,38.463259],[26.724659,38.46368],[26.724644,38.463885],[26.724598,38.464521],[26.725857,38.4665],[26.726083,38.467468],[26.7266,38.467848],[26.726942,38.468521],[26.727515,38.469322],[26.727776,38.469492],[26.728032,38.46966],[26.728489,38.470544],[26.727158,38.472349],[26.72635,38.473062],[26.725084,38.473059],[26.724503,38.472572],[26.723477,38.47171],[26.715824,38.474537],[26.714802,38.475198],[26.714224,38.475764],[26.714133,38.476314],[26.714191,38.476478],[26.714264,38.476686],[26.71453,38.476784],[26.714106,38.477398],[26.713729,38.477592],[26.713287,38.47717],[26.712933,38.477234],[26.712932,38.477396],[26.712755,38.47733],[26.712563,38.477064],[26.712359,38.476779],[26.712052,38.475742],[26.710834,38.475658],[26.710833,38.475901],[26.711742,38.475936],[26.712136,38.477037],[26.712242,38.47717],[26.712577,38.477589],[26.712487,38.477783],[26.712066,38.477879],[26.711002,38.477925],[26.709628,38.478164],[26.708786,38.477968],[26.708745,38.477887],[26.708721,38.477838],[26.708255,38.477853],[26.708067,38.477954],[26.70639,38.478852],[26.705547,38.47898],[26.704772,38.478929],[26.703843,38.478603],[26.703313,38.478262],[26.703117,38.477322],[26.702941,38.477095],[26.703002,38.476819],[26.703144,38.476173],[26.702969,38.475541],[26.702793,38.475314],[26.702772,38.475023],[26.701641,38.475038],[26.70094,38.475395],[26.69915,38.476306],[26.698502,38.476823],[26.697436,38.477103],[26.697152,38.47724],[26.696368,38.477619],[26.695623,38.47816],[26.694973,38.479408],[26.694935,38.479609],[26.694444,38.48219],[26.694348,38.482357],[26.694119,38.482755],[26.694051,38.483628],[26.694194,38.484026],[26.694689,38.485399],[26.694907,38.48731],[26.694745,38.487451],[26.694933,38.488772],[26.694479,38.489361],[26.694896,38.489881],[26.695153,38.490306],[26.695021,38.490966],[26.694534,38.491578],[26.694337,38.492238],[26.694303,38.492663],[26.693881,38.493275],[26.693686,38.493652],[26.693683,38.494265],[26.693203,38.495307],[26.692901,38.495961],[26.693027,38.496598],[26.693174,38.496985],[26.693251,38.497189],[26.693346,38.497637],[26.693956,38.498323],[26.694212,38.499031],[26.694175,38.50021],[26.694042,38.501059],[26.694323,38.503371],[26.694644,38.503773],[26.69464,38.504646],[26.69483,38.50559],[26.695471,38.506629],[26.695565,38.507337],[26.695464,38.508375],[26.694942,38.5096],[26.694194,38.510777],[26.693919,38.511526],[26.69377,38.511932],[26.693766,38.512852],[26.694063,38.51351],[26.694502,38.514481],[26.695594,38.51597],[26.695688,38.516655],[26.695362,38.517196],[26.695036,38.517997],[26.695033,38.518617],[26.695033,38.518752],[26.695158,38.519602],[26.695415,38.520027],[26.696158,38.519934],[26.696213,38.519884],[26.696872,38.519276],[26.697745,38.518924],[26.69881,38.519281],[26.700891,38.520424],[26.701742,38.520892],[26.702353,38.521601],[26.702641,38.52231],[26.702381,38.52271],[26.702777,38.523685],[26.702957,38.524127],[26.703114,38.525071],[26.702604,38.525599],[26.702206,38.526012],[26.70204,38.526955],[26.702382,38.527625],[26.702425,38.527711],[26.702362,38.527802],[26.702263,38.527946],[26.70232,38.528182],[26.70239,38.528465],[26.702282,38.528537],[26.701677,38.528935],[26.70174,38.529313],[26.701831,38.529393],[26.702156,38.52968],[26.702223,38.529739],[26.702285,38.530446],[26.702057,38.530894],[26.70202,38.530951],[26.701601,38.5316],[26.701631,38.532167],[26.701696,38.532214],[26.701892,38.532214],[26.702148,38.532215],[26.702277,38.532357],[26.702146,38.532687],[26.702695,38.532783],[26.703244,38.53269],[26.704179,38.533305],[26.705596,38.534441],[26.706076,38.535456],[26.706331,38.536471],[26.706262,38.537367],[26.705839,38.538121],[26.705126,38.53878],[26.704641,38.538873],[26.70448,38.538778],[26.70393,38.538918],[26.703704,38.538823],[26.703473,38.539955],[26.703051,38.540544],[26.702533,38.540755],[26.701499,38.540799],[26.701048,38.540491],[26.701437,38.540044],[26.701373,38.539855],[26.700928,38.540461],[26.700854,38.540562],[26.700432,38.540891],[26.699747,38.542399],[26.699163,38.543152],[26.698835,38.544236],[26.698314,38.545249],[26.697762,38.545932],[26.697338,38.546732],[26.697369,38.547157],[26.698047,38.547159],[26.698919,38.546527],[26.699084,38.546407],[26.69915,38.546194],[26.69941,38.545794],[26.699865,38.545253],[26.700126,38.544522],[26.699901,38.544357],[26.700553,38.543014],[26.701298,38.542379],[26.702335,38.541863],[26.702917,38.541723],[26.703759,38.541159]]]]}}]}