{"type":"FeatureCollection","province":"Kahramanmaraş","province_id":"TR-P-46","features":[{"type":"Feature","properties":{"id":"TR-D-46-001","parent_id":"TR-P-46","region_id":"TR-R-AKD","level":"district","municipality_type":null,"municipality_type_label":null,"is_metropolitan_municipality":null,"name":"Afşin","name_ascii":"afsin","slug":"afsin-kahramanmaras"},"geometry":{"type":"Polygon","coordinates":[[[37.043677,38.586333],[37.045859,38.579665],[37.0462,38.579545],[37.046811,38.578238],[37.049285,38.57443],[37.052331,38.570814],[37.055282,38.567958],[37.058327,38.565674],[37.060516,38.56377],[37.062991,38.561581],[37.066417,38.559963],[37.069749,38.559202],[37.075364,38.557584],[37.078315,38.556537],[37.080694,38.55549],[37.081456,38.554443],[37.082122,38.552635],[37.082201,38.552011],[37.082201,38.551512],[37.081914,38.549117],[37.080669,38.547105],[37.079519,38.546052],[37.078274,38.544806],[37.07655,38.542316],[37.076166,38.540017],[37.0754,38.537814],[37.076454,38.534557],[37.076454,38.529192],[37.0754,38.526031],[37.072909,38.523924],[37.069748,38.522295],[37.06697,38.521146],[37.06333,38.518943],[37.060744,38.514536],[37.058924,38.511471],[37.057008,38.508022],[37.054805,38.504861],[37.052601,38.501413],[37.048961,38.499401],[37.045992,38.494994],[37.044268,38.490205],[37.043501,38.485128],[37.042639,38.476602],[37.042831,38.469705],[37.042735,38.463287],[37.042543,38.461084],[37.042447,38.45821],[37.042735,38.452846],[37.042447,38.448056],[37.043693,38.442883],[37.044555,38.437615],[37.044651,38.432634],[37.0458,38.428131],[37.047429,38.425737],[37.050302,38.422001],[37.056721,38.414912],[37.062947,38.408781],[37.071473,38.399968],[37.074554,38.395275],[37.080685,38.389655],[37.086815,38.386334],[37.090775,38.382886],[37.09218,38.380331],[37.092563,38.378671],[37.092563,38.376883],[37.092052,38.372412],[37.090008,38.363727],[37.086304,38.35517],[37.076981,38.339077],[37.068679,38.317874],[37.059131,38.305613],[37.054022,38.297567],[37.047892,38.291053],[37.041011,38.283677],[37.036796,38.278312],[37.034688,38.275151],[37.033539,38.271894],[37.03373,38.268925],[37.034784,38.265189],[37.035742,38.261644],[37.036604,38.260495],[37.03737,38.258196],[37.037945,38.254652],[37.039669,38.249479],[37.04216,38.24718],[37.043118,38.244402],[37.04331,38.240762],[37.044268,38.236547],[37.04588,38.230927],[37.048434,38.225435],[37.050223,38.221348],[37.052777,38.212918],[37.053543,38.207809],[37.054693,38.201934],[37.055842,38.199379],[37.056481,38.196953],[37.05712,38.192866],[37.056226,38.182392],[37.052522,38.168726],[37.0515,38.164],[37.049839,38.157103],[37.047285,38.152377],[37.043453,38.149184],[37.03745,38.145608],[37.032214,38.143437],[37.018036,38.14382],[37.011395,38.143309],[37.006484,38.141779],[37.003604,38.140882],[36.997984,38.13986],[36.994024,38.139222],[36.98981,38.137434],[36.979081,38.134368],[36.967586,38.13373],[36.956346,38.132836],[36.941355,38.131143],[36.921717,38.130473],[36.909552,38.130473],[36.900068,38.129515],[36.891255,38.129419],[36.880718,38.128365],[36.874971,38.129036],[36.87248,38.129132],[36.865966,38.126354],[36.861368,38.125779],[36.857057,38.126545],[36.853034,38.128461],[36.849394,38.130473],[36.846808,38.131622],[36.845083,38.131622],[36.838378,38.131335],[36.833588,38.131814],[36.827266,38.131718],[36.823147,38.131718],[36.820082,38.131431],[36.817016,38.131239],[36.813568,38.130856],[36.809918,38.131173],[36.807985,38.130567],[36.806009,38.129947],[36.803059,38.1289],[36.797919,38.128805],[36.79297,38.128519],[36.786783,38.129471],[36.778027,38.130899],[36.769461,38.132707],[36.756707,38.136134],[36.746237,38.13956],[36.741764,38.141749],[36.736322,38.143317],[36.734252,38.145129],[36.730995,38.149823],[36.729366,38.152601],[36.728217,38.1549],[36.728121,38.15672],[36.727834,38.160839],[36.727546,38.164287],[36.727163,38.166395],[36.726971,38.168598],[36.726684,38.172621],[36.726684,38.175878],[36.726588,38.178656],[36.726493,38.18153],[36.72745,38.184212],[36.728792,38.185362],[36.731091,38.186128],[36.73339,38.18699],[36.738179,38.188523],[36.742107,38.18996],[36.743256,38.191205],[36.745651,38.1936],[36.746034,38.194654],[36.744885,38.197432],[36.744118,38.200018],[36.742873,38.202317],[36.73952,38.207969],[36.737796,38.211034],[36.737125,38.213237],[36.736838,38.217931],[36.736742,38.221571],[36.735784,38.223775],[36.732048,38.225499],[36.729079,38.228468],[36.727355,38.230672],[36.723523,38.234503],[36.719979,38.235749],[36.712986,38.238239],[36.711166,38.240826],[36.710304,38.243412],[36.709058,38.24801],[36.707047,38.252321],[36.705227,38.253758],[36.703023,38.255865],[36.699192,38.256727],[36.694785,38.257589],[36.692774,38.258356],[36.68808,38.26008],[36.683003,38.261134],[36.678022,38.261708],[36.674956,38.261517],[36.668347,38.262187],[36.663078,38.263433],[36.660492,38.265732],[36.659534,38.267743],[36.657809,38.270809],[36.656373,38.273108],[36.653786,38.275598],[36.651695,38.277833],[36.651439,38.280388],[36.650034,38.287668],[36.650034,38.291117],[36.650417,38.295204],[36.651312,38.299418],[36.6531,38.303633],[36.652333,38.311041],[36.653738,38.315256],[36.657059,38.324324],[36.660763,38.330966],[36.66319,38.334542],[36.665233,38.336841],[36.666127,38.340162],[36.667405,38.3431],[36.665106,38.346548],[36.659486,38.35038],[36.656293,38.352296],[36.654361,38.352839],[36.651775,38.354467],[36.650433,38.356191],[36.646698,38.35964],[36.644877,38.362514],[36.64392,38.365292],[36.643441,38.36874],[36.643441,38.372189],[36.6421,38.376116],[36.637118,38.378894],[36.633478,38.381193],[36.628593,38.38263],[36.624186,38.383109],[36.618918,38.384259],[36.617194,38.386079],[36.616044,38.392401],[36.614802,38.396145],[36.616811,38.398219],[36.622753,38.40137],[36.625454,38.40227],[36.628245,38.407222],[36.629776,38.410103],[36.631576,38.411993],[36.633107,38.412714],[36.638059,38.413254],[36.646522,38.412804],[36.652734,38.409112],[36.659306,38.405961],[36.667859,38.4029],[36.672271,38.399749],[36.681814,38.395518],[36.687126,38.396688],[36.692618,38.398219],[36.696849,38.399209],[36.702431,38.400469],[36.708734,38.40299],[36.711795,38.405691],[36.716026,38.412083],[36.718547,38.417936],[36.719808,38.422077],[36.72575,38.43],[36.72737,38.432611],[36.728541,38.436842],[36.729171,38.440804],[36.729081,38.443955],[36.728,38.449177],[36.72719,38.451698],[36.724849,38.453048],[36.718727,38.455929],[36.714314,38.457542],[36.709435,38.458304],[36.703188,38.460267],[36.701136,38.462052],[36.698191,38.467049],[36.697388,38.469548],[36.695335,38.476152],[36.694086,38.480793],[36.692301,38.489092],[36.692569,38.494179],[36.692747,38.499623],[36.693193,38.503103],[36.694978,38.50819],[36.696299,38.510245],[36.696529,38.510457],[36.696759,38.510668],[36.69793,38.512739],[36.700451,38.51571],[36.703152,38.517151],[36.707473,38.518231],[36.713055,38.520752],[36.719898,38.523453],[36.723229,38.524713],[36.7271,38.525254],[36.730701,38.525524],[36.738624,38.527234],[36.752849,38.532996],[36.759782,38.535607],[36.772746,38.542],[36.774141,38.542435],[36.779081,38.543979],[36.785267,38.545597],[36.792215,38.546929],[36.804874,38.550165],[36.816962,38.553021],[36.829906,38.557018],[36.842374,38.560825],[36.844088,38.561206],[36.848847,38.561492],[36.856842,38.561492],[36.860173,38.561301],[36.870167,38.561872],[36.878066,38.561872],[36.880827,38.562158],[36.882349,38.562348],[36.883967,38.562348],[36.885205,38.562158],[36.886252,38.562253],[36.887013,38.562539],[36.887346,38.562586],[36.887679,38.562634],[36.888346,38.562443],[36.889583,38.562348],[36.891582,38.562443],[36.892629,38.562729],[36.893866,38.563015],[36.894913,38.56349],[36.89596,38.564633],[36.897483,38.56568],[36.897768,38.565727],[36.898054,38.565775],[36.899006,38.565299],[36.900148,38.56568],[36.900243,38.565965],[36.900338,38.566251],[36.901385,38.566346],[36.901671,38.566346],[36.901956,38.566346],[36.902908,38.566727],[36.90386,38.567298],[36.905002,38.567678],[36.907857,38.56844],[36.913949,38.569011],[36.921848,38.569772],[36.924799,38.570438],[36.929272,38.571676],[36.932413,38.572152],[36.934888,38.572247],[36.941455,38.572342],[36.947261,38.572342],[36.952877,38.572247],[36.955922,38.572152],[36.961157,38.572152],[36.966582,38.572152],[36.980478,38.572913],[36.995517,38.574626],[37.000942,38.574817],[37.006081,38.574817],[37.009984,38.575007],[37.01341,38.575102],[37.015885,38.575483],[37.019882,38.576149],[37.023785,38.577101],[37.029781,38.578433],[37.034349,38.581479],[37.038156,38.583954],[37.043677,38.586333]]]}},{"type":"Feature","properties":{"id":"TR-D-46-002","parent_id":"TR-P-46","region_id":"TR-R-AKD","level":"district","municipality_type":null,"municipality_type_label":null,"is_metropolitan_municipality":null,"name":"Andırın","name_ascii":"andirin","slug":"andirin-kahramanmaras"},"geometry":{"type":"Polygon","coordinates":[[[36.190314,37.707925],[36.189114,37.710626],[36.186748,37.713636],[36.182662,37.71697],[36.182339,37.719981],[36.180404,37.725357],[36.180404,37.730196],[36.180834,37.732884],[36.183522,37.735788],[36.185995,37.739014],[36.186963,37.741809],[36.190404,37.744498],[36.193845,37.746326],[36.197931,37.754391],[36.199759,37.758369],[36.20234,37.761703],[36.206211,37.765251],[36.21062,37.768907],[36.212878,37.770735],[36.216534,37.778262],[36.217932,37.78009],[36.223094,37.782349],[36.2289,37.785144],[36.235567,37.787833],[36.237395,37.789231],[36.240836,37.790198],[36.245137,37.791704],[36.248054,37.792967],[36.252651,37.794661],[36.256038,37.796354],[36.257893,37.797564],[36.261038,37.799419],[36.263458,37.801435],[36.265474,37.803532],[36.26741,37.806113],[36.269426,37.810065],[36.270716,37.812726],[36.270809,37.812977],[36.270855,37.813102],[36.277772,37.809743],[36.280785,37.808739],[36.285919,37.807623],[36.290494,37.807623],[36.294623,37.807399],[36.300092,37.806395],[36.305225,37.805391],[36.307346,37.805614],[36.315158,37.809073],[36.319175,37.81164],[36.324532,37.8151],[36.332163,37.81789],[36.341788,37.820735],[36.347982,37.822912],[36.351413,37.823581],[36.35836,37.825506],[36.362964,37.826929],[36.367986,37.830193],[36.373091,37.832035],[36.379536,37.83329],[36.381545,37.833709],[36.387823,37.835132],[36.397699,37.836136],[36.401549,37.835801],[36.405985,37.835718],[36.422474,37.836387],[36.435447,37.837978],[36.440637,37.837978],[36.44206,37.837643],[36.446161,37.835383],[36.448839,37.832788],[36.450747,37.831262],[36.454698,37.828101],[36.457209,37.825423],[36.462189,37.822103],[36.465984,37.81775],[36.469332,37.811612],[36.4748,37.801792],[36.476251,37.797997],[36.478553,37.795626],[36.482068,37.792613],[36.48868,37.788762],[36.495209,37.787005],[36.504081,37.785247],[36.508015,37.784912],[36.513622,37.783406],[36.520067,37.781564],[36.52442,37.779304],[36.525926,37.778467],[36.532706,37.775956],[36.536723,37.774115],[36.539988,37.770516],[36.54275,37.767084],[36.546684,37.765494],[36.548441,37.764573],[36.553714,37.76156],[36.555388,37.757961],[36.556072,37.756566],[36.557411,37.752548],[36.559197,37.746969],[36.559643,37.743174],[36.560982,37.732349],[36.560982,37.729001],[36.552278,37.718399],[36.546028,37.708578],[36.543238,37.704115],[36.541006,37.698981],[36.536765,37.693289],[36.534422,37.689495],[36.529065,37.682353],[36.527837,37.678558],[36.52481,37.674597],[36.522634,37.6715],[36.518449,37.666561],[36.51418,37.662377],[36.51033,37.657271],[36.510079,37.655011],[36.509996,37.650826],[36.509577,37.644967],[36.509577,37.64095],[36.509828,37.638857],[36.511921,37.637434],[36.515352,37.637267],[36.523471,37.635593],[36.530669,37.633249],[36.533348,37.630152],[36.535022,37.627976],[36.536361,37.626051],[36.539039,37.625549],[36.542131,37.625512],[36.539991,37.619735],[36.539039,37.611169],[36.532853,37.604744],[36.52738,37.596178],[36.523335,37.57976],[36.52393,37.575233],[36.521671,37.573581],[36.519585,37.572365],[36.512111,37.570105],[36.507157,37.569236],[36.504115,37.568975],[36.50003,37.568454],[36.499471,37.567667],[36.499235,37.566326],[36.498209,37.564039],[36.497894,37.562698],[36.498288,37.561357],[36.49884,37.559859],[36.499629,37.558518],[36.500339,37.557571],[36.500497,37.557019],[36.499866,37.556152],[36.499156,37.555363],[36.498209,37.554811],[36.496001,37.554811],[36.494739,37.554574],[36.49395,37.553943],[36.492531,37.553391],[36.490401,37.553076],[36.487799,37.553391],[36.486694,37.553391],[36.485906,37.553391],[36.485275,37.552918],[36.485275,37.551577],[36.485827,37.550236],[36.485827,37.549132],[36.485985,37.547949],[36.4863,37.546293],[36.486537,37.544637],[36.487404,37.54298],[36.48772,37.542271],[36.488114,37.539116],[36.488824,37.53675],[36.488666,37.535409],[36.488193,37.534305],[36.488351,37.532964],[36.488666,37.53115],[36.488193,37.530124],[36.487325,37.529809],[36.486221,37.529178],[36.485827,37.527995],[36.485117,37.526496],[36.483934,37.52555],[36.481647,37.524209],[36.480385,37.523342],[36.480148,37.521922],[36.480858,37.519477],[36.482278,37.517505],[36.483934,37.515612],[36.48488,37.514824],[36.485669,37.513719],[36.486221,37.512773],[36.4863,37.512063],[36.486221,37.510959],[36.486221,37.509697],[36.486142,37.508356],[36.486615,37.507173],[36.48772,37.5067],[36.488745,37.506069],[36.489376,37.505517],[36.490007,37.504255],[36.490796,37.504018],[36.492136,37.504018],[36.492689,37.503782],[36.493162,37.503466],[36.493872,37.502283],[36.495212,37.500864],[36.496632,37.499759],[36.497263,37.498182],[36.497026,37.496683],[36.497421,37.49621],[36.498446,37.496052],[36.49884,37.495737],[36.498762,37.49479],[36.498209,37.493844],[36.497894,37.492976],[36.497973,37.492109],[36.498604,37.491715],[36.500181,37.491636],[36.501759,37.491557],[36.503178,37.491005],[36.50373,37.489901],[36.50373,37.488875],[36.502547,37.488323],[36.501522,37.488244],[36.50026,37.488323],[36.498604,37.488402],[36.497263,37.488717],[36.496395,37.489191],[36.495055,37.489033],[36.493714,37.488402],[36.492452,37.48785],[36.491584,37.486746],[36.490875,37.486036],[36.490165,37.485878],[36.488745,37.486115],[36.487168,37.486667],[36.485196,37.486036],[36.482593,37.485405],[36.480779,37.484064],[36.478965,37.483512],[36.477072,37.483039],[36.475416,37.482881],[36.473996,37.482171],[36.473444,37.48083],[36.473444,37.479647],[36.473681,37.478149],[36.473602,37.476493],[36.473838,37.475546],[36.473996,37.473732],[36.476126,37.471208],[36.478334,37.468211],[36.479517,37.465608],[36.480533,37.463972],[36.481944,37.463577],[36.48491,37.461829],[36.485505,37.45839],[36.485211,37.458107],[36.484989,37.457873],[36.484666,37.457509],[36.484413,37.457198],[36.484175,37.45688],[36.483946,37.456547],[36.483731,37.456208],[36.483333,37.455516],[36.48297,37.454802],[36.482633,37.45407],[36.482317,37.453332],[36.482013,37.452578],[36.481544,37.451367],[36.481133,37.450308],[36.480833,37.449554],[36.480361,37.448446],[36.480019,37.447716],[36.479625,37.446967],[36.479458,37.446676],[36.47925,37.446338],[36.479029,37.446007],[36.478797,37.445692],[36.47855,37.445386],[36.478288,37.445088],[36.478012,37.4448],[36.477719,37.444523],[36.47734,37.444206],[36.476937,37.44391],[36.476511,37.443636],[36.476062,37.443387],[36.475644,37.44319],[36.475209,37.443013],[36.474762,37.442854],[36.474304,37.44271],[36.473827,37.442578],[36.472374,37.442211],[36.471391,37.441939],[36.471033,37.441826],[36.470425,37.441636],[36.469951,37.441472],[36.469486,37.441298],[36.469034,37.44111],[36.468597,37.440906],[36.468181,37.440681],[36.467789,37.440436],[36.467424,37.440168],[36.467091,37.439878],[36.466778,37.439541],[36.466466,37.439134],[36.466244,37.438806],[36.466006,37.438419],[36.465565,37.437622],[36.465147,37.436809],[36.4629,37.432309],[36.461118,37.428821],[36.460425,37.427464],[36.46024,37.427089],[36.460067,37.42674],[36.459726,37.426011],[36.459417,37.425281],[36.459277,37.424914],[36.459148,37.424544],[36.459035,37.424172],[36.458938,37.423791],[36.458862,37.423409],[36.458805,37.423025],[36.458771,37.422641],[36.458764,37.422258],[36.458789,37.42186],[36.458845,37.421465],[36.45893,37.421073],[36.459044,37.420688],[36.459192,37.420309],[36.459357,37.419971],[36.4596,37.419563],[36.459762,37.419318],[36.459996,37.419003],[36.460248,37.418695],[36.460507,37.418408],[36.460911,37.417989],[36.461971,37.416953],[36.463027,37.415901],[36.464069,37.41484],[36.465101,37.413773],[36.466424,37.412374],[36.467114,37.411614],[36.467426,37.411257],[36.468365,37.410144],[36.469239,37.409081],[36.470124,37.407984],[36.470699,37.407247],[36.471243,37.406502],[36.471496,37.406123],[36.471748,37.4057],[36.471932,37.405345],[36.472529,37.403873],[36.472971,37.402827],[36.473286,37.401881],[36.473215,37.399893],[36.473775,37.39686],[36.473903,37.396169],[36.475006,37.390443],[36.475169,37.389561],[36.475314,37.388679],[36.475373,37.388238],[36.475419,37.387796],[36.475445,37.387399],[36.475455,37.387002],[36.47545,37.386606],[36.475425,37.386211],[36.475379,37.385819],[36.475309,37.385435],[36.475218,37.385053],[36.475109,37.384673],[36.474985,37.384296],[36.474846,37.383921],[36.474697,37.383557],[36.474537,37.383195],[36.474194,37.382476],[36.474012,37.382119],[36.473633,37.381411],[36.473238,37.380707],[36.472628,37.379664],[36.472209,37.378975],[36.471778,37.378292],[36.471329,37.377618],[36.471096,37.377285],[36.470856,37.376957],[36.470612,37.376643],[36.470358,37.376334],[36.470094,37.376033],[36.469816,37.375741],[36.469524,37.37546],[36.469161,37.375151],[36.468777,37.37486],[36.468372,37.374587],[36.467948,37.374334],[36.467484,37.374093],[36.467002,37.373871],[36.466509,37.373662],[36.466007,37.373461],[36.465637,37.373322],[36.464989,37.373078],[36.458297,37.370672],[36.456748,37.370131],[36.455801,37.369823],[36.455323,37.36968],[36.454842,37.369546],[36.454362,37.369426],[36.453878,37.369316],[36.453391,37.369216],[36.452901,37.369125],[36.452408,37.369044],[36.451913,37.36897],[36.450918,37.36884],[36.449428,37.368684],[36.447931,37.368565],[36.446431,37.36848],[36.445431,37.36844],[36.444431,37.368413],[36.442931,37.368394],[36.439933,37.368394],[36.438935,37.36837],[36.438399,37.36834],[36.437864,37.368301],[36.436796,37.368201],[36.435728,37.368085],[36.434129,37.367894],[36.432533,37.367688],[36.431472,37.367536],[36.430412,37.367361],[36.429352,37.367164],[36.426183,37.366525],[36.423545,37.36598],[36.421965,37.365646],[36.420916,37.365411],[36.420394,37.365286],[36.419875,37.365154],[36.419354,37.365012],[36.418836,37.364862],[36.417806,37.364546],[36.416272,37.364049],[36.41526,37.363702],[36.414759,37.363521],[36.414318,37.363353],[36.413884,37.363176],[36.413459,37.362989],[36.413046,37.362786],[36.412634,37.362557],[36.412185,37.362274],[36.412132,37.362238],[36.411856,37.36205],[36.411488,37.361776],[36.411135,37.361491],[36.410799,37.361193],[36.410484,37.360881],[36.410177,37.360535],[36.409892,37.360176],[36.409624,37.359806],[36.409369,37.359428],[36.409126,37.359044],[36.408892,37.358655],[36.408453,37.357866],[36.40825,37.357465],[36.407685,37.35624],[36.40749,37.355836],[36.40728,37.355439],[36.407044,37.355055],[36.406867,37.354809],[36.406832,37.35476],[36.406523,37.354381],[36.406228,37.354063],[36.405915,37.353758],[36.405584,37.353466],[36.405236,37.353192],[36.404868,37.352939],[36.404499,37.352722],[36.404113,37.35253],[36.403712,37.352364],[36.403315,37.352234],[36.403298,37.352228],[36.402869,37.352128],[36.402372,37.352062],[36.401862,37.352037],[36.401343,37.352041],[36.400817,37.352066],[36.400286,37.352106],[36.399217,37.352213],[36.396527,37.352517],[36.395783,37.352583],[36.395634,37.352596],[36.395449,37.352612],[36.394891,37.352648],[36.394334,37.352674],[36.39322,37.3527],[36.392665,37.3527],[36.392113,37.352689],[36.391563,37.352664],[36.391018,37.352619],[36.390479,37.352551],[36.389974,37.352458],[36.389476,37.352342],[36.388981,37.35221],[36.38849,37.352065],[36.388001,37.351911],[36.387426,37.351718],[36.387029,37.351585],[36.384182,37.350557],[36.383229,37.350229],[36.382706,37.35006],[36.38165,37.349738],[36.380587,37.349429],[36.379519,37.349129],[36.378524,37.348865],[36.377908,37.348702],[36.377367,37.34857],[36.376823,37.348449],[36.376356,37.348355],[36.375887,37.348272],[36.375417,37.3482],[36.374946,37.348141],[36.374475,37.348097],[36.374016,37.348072],[36.373558,37.348066],[36.373104,37.348081],[36.372656,37.34812],[36.372216,37.348188],[36.371735,37.348303],[36.371266,37.348452],[36.370806,37.348628],[36.370355,37.348826],[36.369913,37.349042],[36.369482,37.349275],[36.369112,37.349493],[36.36875,37.34972],[36.368043,37.350196],[36.367294,37.350735],[36.366898,37.351033],[36.36651,37.351337],[36.366132,37.351646],[36.365768,37.351963],[36.365422,37.35229],[36.3651,37.352631],[36.364812,37.352983],[36.364547,37.353348],[36.364298,37.353722],[36.36406,37.354103],[36.363373,37.355262],[36.363017,37.355844],[36.362903,37.35603],[36.362414,37.356786],[36.361909,37.357536],[36.361388,37.35828],[36.360847,37.359012],[36.360564,37.359371],[36.36027,37.359721],[36.359959,37.360061],[36.359627,37.360384],[36.359269,37.360689],[36.358888,37.360976],[36.358488,37.361246],[36.358073,37.3615],[36.357645,37.361735],[36.357203,37.36195],[36.356745,37.362139],[36.356277,37.362302],[36.355804,37.362435],[36.355328,37.362533],[36.354852,37.362589],[36.354379,37.36259],[36.353941,37.362533],[36.353509,37.362427],[36.353081,37.362285],[36.352658,37.362114],[36.352241,37.36192],[36.351831,37.361708],[36.351429,37.361479],[36.351037,37.361235],[36.350655,37.360976],[36.350281,37.360707],[36.349173,37.359894],[36.348795,37.359636],[36.348407,37.359395],[36.348004,37.359177],[36.347581,37.358989],[36.347141,37.358829],[36.346687,37.358697],[36.346222,37.358593],[36.34601,37.358559],[36.345742,37.358516],[36.345255,37.358465],[36.344765,37.358436],[36.344272,37.358426],[36.34378,37.358435],[36.343292,37.358465],[36.342808,37.358519],[36.342333,37.358603],[36.341865,37.358721],[36.341406,37.358868],[36.341127,37.358972],[36.340955,37.359036],[36.340511,37.359222],[36.340072,37.359421],[36.339639,37.35963],[36.339211,37.359849],[36.338746,37.360101],[36.337363,37.360875],[36.336897,37.361126],[36.336424,37.361366],[36.335982,37.361573],[36.335533,37.361769],[36.334618,37.362138],[36.333687,37.362482],[36.333218,37.362645],[36.332268,37.36295],[36.331787,37.363089],[36.331319,37.363212],[36.330846,37.363324],[36.329893,37.363523],[36.329412,37.36361],[36.328929,37.363687],[36.328444,37.363753],[36.327912,37.363811],[36.327377,37.363858],[36.326304,37.363927],[36.324149,37.364022],[36.320913,37.364138],[36.318902,37.364205],[36.312098,37.364432],[36.303831,37.364717],[36.302175,37.36477],[36.300542,37.364813],[36.296754,37.364894],[36.295139,37.364914],[36.294081,37.3649],[36.293564,37.364876],[36.29306,37.364833],[36.292574,37.364765],[36.292113,37.364661],[36.291685,37.364509],[36.291289,37.364291],[36.290927,37.364023],[36.290592,37.363718],[36.290275,37.363387],[36.289971,37.363036],[36.289387,37.362301],[36.28882,37.361542],[36.286013,37.357707],[36.28176,37.352009],[36.280645,37.350483],[36.280111,37.34971],[36.279894,37.349379],[36.279195,37.348203],[36.277854,37.345946],[36.276152,37.349507],[36.274042,37.353924],[36.273266,37.355611],[36.272722,37.356874],[36.272019,37.358565],[36.266273,37.372529],[36.266061,37.373042],[36.263297,37.37972],[36.262962,37.380569],[36.262652,37.381421],[36.262512,37.38185],[36.262389,37.382282],[36.262286,37.382715],[36.262198,37.383152],[36.262122,37.38359],[36.261993,37.38447],[36.261827,37.385795],[36.261519,37.38845],[36.261378,37.389777],[36.261301,37.390662],[36.261258,37.391548],[36.261255,37.391981],[36.261278,37.392849],[36.261323,37.393718],[36.26141,37.395021],[36.261434,37.395351],[36.26157,37.397193],[36.261721,37.398927],[36.261825,37.399789],[36.261892,37.400218],[36.261974,37.400644],[36.262076,37.401066],[36.262199,37.401475],[36.26234,37.40188],[36.262493,37.402283],[36.262975,37.403486],[36.263126,37.403888],[36.263261,37.404284],[36.263263,37.404291],[36.263379,37.404696],[36.263466,37.405104],[36.263519,37.405542],[36.263539,37.405983],[36.263534,37.406427],[36.263512,37.406873],[36.263436,37.40777],[36.263286,37.409121],[36.263197,37.409855],[36.263067,37.410926],[36.262946,37.411823],[36.262799,37.412705],[36.262744,37.412958],[36.262706,37.413135],[36.262591,37.413553],[36.262445,37.413954],[36.262256,37.414332],[36.262007,37.414677],[36.261689,37.414979],[36.26131,37.415248],[36.260887,37.415489],[36.26043,37.415707],[36.259976,37.415895],[36.259508,37.416072],[36.258052,37.416597],[36.258019,37.416611],[36.257628,37.416766],[36.25719,37.416962],[36.256781,37.417182],[36.256415,37.417432],[36.256119,37.4177],[36.255864,37.417997],[36.255644,37.418316],[36.255455,37.418652],[36.255296,37.419002],[36.255167,37.419362],[36.255073,37.419732],[36.255012,37.420161],[36.254989,37.420598],[36.254993,37.421039],[36.255019,37.421484],[36.25506,37.421929],[36.255114,37.422376],[36.25518,37.422821],[36.255259,37.423264],[36.255344,37.42367],[36.255442,37.424073],[36.255554,37.42447],[36.255682,37.424862],[36.25583,37.425246],[36.256004,37.42562],[36.256212,37.42598],[36.256479,37.42635],[36.256779,37.426707],[36.257419,37.427407],[36.257733,37.427762],[36.258012,37.428109],[36.258268,37.428465],[36.2585,37.42883],[36.2587,37.429203],[36.258863,37.429586],[36.258984,37.429992],[36.258985,37.429998],[36.259063,37.430394],[36.259111,37.430808],[36.259133,37.431225],[36.25913,37.431645],[36.259102,37.432067],[36.259047,37.432498],[36.258973,37.43293],[36.258785,37.433792],[36.25861,37.43449],[36.258589,37.434572],[36.258341,37.435515],[36.256825,37.441098],[36.256332,37.442803],[36.256043,37.443726],[36.25603,37.443766],[36.255812,37.444464],[36.255706,37.444873],[36.255632,37.445284],[36.255602,37.445709],[36.255608,37.446136],[36.255642,37.446552],[36.255642,37.446559],[36.255697,37.446997],[36.255766,37.44743],[36.25593,37.448298],[36.25621,37.449603],[36.256699,37.451779],[36.257099,37.453519],[36.257611,37.45568],[36.257705,37.456111],[36.257792,37.456641],[36.257803,37.456741],[36.257829,37.456973],[36.257841,37.457395],[36.257823,37.457819],[36.257784,37.458243],[36.257663,37.459093],[36.257423,37.460371],[36.257148,37.461647],[36.25697,37.462378],[36.256956,37.462437],[36.256714,37.463293],[36.256463,37.464041],[36.256323,37.464411],[36.256171,37.464778],[36.256011,37.465134],[36.255839,37.465486],[36.255658,37.465836],[36.255271,37.466528],[36.255067,37.466868],[36.254638,37.467542],[36.254304,37.468029],[36.253956,37.468536],[36.253236,37.469512],[36.252491,37.470469],[36.251717,37.471408],[36.251191,37.472014],[36.250374,37.472905],[36.249274,37.474048],[36.248754,37.474629],[36.248566,37.47486],[36.248539,37.474893],[36.248286,37.47523],[36.24808,37.475539],[36.247899,37.475857],[36.247734,37.476221],[36.247601,37.476594],[36.247494,37.476974],[36.24741,37.47736],[36.247347,37.477751],[36.2473,37.478188],[36.247285,37.478422],[36.247278,37.478525],[36.247256,37.479071],[36.247248,37.479959],[36.247255,37.480849],[36.247294,37.483164],[36.247294,37.483186],[36.247308,37.483966],[36.247338,37.484855],[36.247362,37.485299],[36.247436,37.486142],[36.247487,37.486542],[36.24755,37.486941],[36.247625,37.487337],[36.247715,37.487732],[36.247819,37.488108],[36.247938,37.488481],[36.248072,37.488851],[36.24822,37.489217],[36.248385,37.489579],[36.248561,37.489929],[36.249133,37.490963],[36.24932,37.491309],[36.249496,37.491658],[36.249658,37.49201],[36.2498,37.492364],[36.249903,37.492674],[36.249911,37.492698],[36.250007,37.493083],[36.250061,37.493466],[36.250078,37.493851],[36.250065,37.494239],[36.250023,37.494626],[36.249953,37.495013],[36.249843,37.495438],[36.249707,37.495861],[36.249553,37.496282],[36.24933,37.496828],[36.24921,37.497121],[36.248842,37.497958],[36.246578,37.502964],[36.242485,37.51214],[36.241347,37.514596],[36.239029,37.519484],[36.238654,37.520301],[36.238302,37.521123],[36.238142,37.521536],[36.238008,37.521917],[36.23789,37.5223],[36.237789,37.522685],[36.237709,37.523071],[36.237655,37.523459],[36.237633,37.523905],[36.237633,37.52397],[36.237634,37.52422],[36.237656,37.524602],[36.237694,37.524985],[36.237744,37.525368],[36.237898,37.526241],[36.238081,37.527115],[36.238877,37.530607],[36.239188,37.531914],[36.239415,37.53278],[36.239541,37.53321],[36.23979,37.533946],[36.23993,37.53431],[36.240083,37.53467],[36.240251,37.535025],[36.240431,37.535365],[36.240625,37.535701],[36.241047,37.536361],[36.241532,37.537041],[36.241557,37.537073],[36.242729,37.538609],[36.243206,37.539257],[36.24366,37.539916],[36.243877,37.540255],[36.244285,37.540942],[36.244664,37.541641],[36.24502,37.542364],[36.245357,37.543108],[36.245362,37.543121],[36.245369,37.543138],[36.245812,37.544208],[36.246102,37.544957],[36.246558,37.546178],[36.249069,37.55303],[36.249098,37.553113],[36.249488,37.554221],[36.249765,37.555064],[36.249931,37.555608],[36.250147,37.55632],[36.250512,37.557577],[36.250635,37.558],[36.250989,37.559263],[36.251178,37.559976],[36.250841,37.564421],[36.250021,37.568978],[36.249996,37.569474],[36.249996,37.570335],[36.249996,37.570673],[36.249996,37.571118],[36.249996,37.572723],[36.249996,37.573439],[36.249717,37.575679],[36.249676,37.575982],[36.249635,37.576285],[36.251351,37.5789],[36.252086,37.58078],[36.252823,37.582327],[36.253478,37.583402],[36.254736,37.585433],[36.255603,37.587657],[36.256283,37.589398],[36.256414,37.589725],[36.256863,37.590849],[36.257057,37.591913],[36.255703,37.59346],[36.255316,37.595105],[36.255993,37.596652],[36.258024,37.598587],[36.259572,37.601295],[36.259668,37.604003],[36.260442,37.607678],[36.265278,37.613868],[36.267309,37.61706],[36.268373,37.619962],[36.268857,37.621703],[36.270694,37.630117],[36.270888,37.635243],[36.270694,37.638048],[36.271456,37.640079],[36.271456,37.642238],[36.270148,37.644935],[36.268105,37.649185],[36.267533,37.650002],[36.266389,37.652536],[36.265571,37.653108],[36.263283,37.653843],[36.260259,37.65417],[36.257235,37.654415],[36.255682,37.654824],[36.253639,37.655805],[36.251024,37.656704],[36.249063,37.657112],[36.245957,37.657929],[36.243505,37.658665],[36.241789,37.658828],[36.240154,37.659482],[36.237376,37.660626],[36.235169,37.660626],[36.231655,37.660054],[36.228468,37.66128],[36.226261,37.662179],[36.224054,37.662506],[36.222992,37.663569],[36.221439,37.66553],[36.22103,37.666838],[36.221684,37.669371],[36.222992,37.672313],[36.22528,37.675501],[36.228876,37.678361],[36.229693,37.679669],[36.229775,37.682611],[36.229857,37.684572],[36.230674,37.686452],[36.231982,37.687678],[36.232881,37.690457],[36.232881,37.69348],[36.233371,37.695605],[36.233494,37.695891],[36.233616,37.696177],[36.232145,37.697812],[36.230838,37.700427],[36.229857,37.702062],[36.226179,37.704105],[36.22291,37.705086],[36.221766,37.706393],[36.22005,37.70721],[36.217761,37.70702],[36.213838,37.706856],[36.210079,37.70751],[36.207872,37.707755],[36.204031,37.708818],[36.201416,37.709226],[36.198637,37.708981],[36.194224,37.708573],[36.190314,37.707925]]]}},{"type":"Feature","properties":{"id":"TR-D-46-003","parent_id":"TR-P-46","region_id":"TR-R-AKD","level":"district","municipality_type":null,"municipality_type_label":null,"is_metropolitan_municipality":null,"name":"Çağlayancerit","name_ascii":"caglayancerit","slug":"caglayancerit-kahramanmaras"},"geometry":{"type":"Polygon","coordinates":[[[37.117918,37.816908],[37.119717,37.817661],[37.121179,37.818259],[37.122774,37.818924],[37.125033,37.819455],[37.128887,37.820253],[37.132276,37.820452],[37.134004,37.820917],[37.1352,37.821914],[37.137193,37.822844],[37.13932,37.82311],[37.143107,37.823243],[37.147094,37.823376],[37.150483,37.823309],[37.152078,37.823376],[37.1556,37.823708],[37.157261,37.825369],[37.159985,37.825635],[37.162444,37.825236],[37.165235,37.82517],[37.167095,37.826366],[37.16802,37.827374],[37.174345,37.826594],[37.183767,37.824785],[37.18767,37.82431],[37.202137,37.823739],[37.208038,37.824024],[37.212607,37.825071],[37.217937,37.826784],[37.21984,37.827546],[37.224789,37.827736],[37.229168,37.827736],[37.233831,37.827355],[37.242968,37.826213],[37.247823,37.825357],[37.25734,37.821454],[37.265906,37.818884],[37.274282,37.817457],[37.278375,37.817552],[37.281516,37.817362],[37.285132,37.816791],[37.287893,37.816124],[37.290653,37.815458],[37.29427,37.814316],[37.29722,37.814221],[37.303121,37.81403],[37.306452,37.814126],[37.31026,37.814697],[37.316541,37.816219],[37.325964,37.818123],[37.328343,37.818694],[37.333198,37.81936],[37.341002,37.819741],[37.344809,37.820122],[37.349092,37.820407],[37.3529,37.820502],[37.35823,37.820502],[37.363845,37.820598],[37.36908,37.820598],[37.37422,37.820788],[37.384404,37.821074],[37.39059,37.821074],[37.396967,37.820693],[37.402202,37.820217],[37.408579,37.819931],[37.414194,37.819551],[37.417811,37.819075],[37.424569,37.819265],[37.428566,37.819265],[37.436371,37.820217],[37.439036,37.820502],[37.442367,37.820693],[37.445508,37.820217],[37.448364,37.81936],[37.450838,37.818694],[37.453694,37.818409],[37.457501,37.818409],[37.462164,37.818694],[37.466923,37.81936],[37.472348,37.819741],[37.476156,37.81936],[37.479392,37.818694],[37.480915,37.818694],[37.485578,37.81917],[37.4891,37.81936],[37.491479,37.819075],[37.493383,37.818409],[37.494525,37.817076],[37.499189,37.811936],[37.504424,37.806892],[37.506232,37.804798],[37.509849,37.801372],[37.512419,37.799278],[37.517158,37.794915],[37.513351,37.790727],[37.511161,37.788062],[37.507925,37.785207],[37.505927,37.78397],[37.503833,37.782352],[37.502405,37.781305],[37.500406,37.780448],[37.497456,37.778735],[37.495457,37.777022],[37.494029,37.775499],[37.492506,37.773405],[37.491364,37.771025],[37.490793,37.769027],[37.489746,37.765505],[37.488604,37.761508],[37.487462,37.759414],[37.485939,37.755987],[37.485178,37.753608],[37.484036,37.751894],[37.481656,37.74961],[37.479086,37.747611],[37.47566,37.745518],[37.472709,37.743995],[37.471472,37.742757],[37.46795,37.739045],[37.465761,37.73619],[37.464809,37.734572],[37.464429,37.732859],[37.464334,37.731146],[37.464619,37.729432],[37.464334,37.728005],[37.462906,37.724483],[37.461764,37.721913],[37.461288,37.7202],[37.461383,37.718011],[37.462049,37.716107],[37.463953,37.714013],[37.465095,37.712205],[37.465952,37.709159],[37.465856,37.707065],[37.465285,37.704496],[37.464524,37.701545],[37.463382,37.698119],[37.460812,37.692694],[37.459575,37.689648],[37.45948,37.687744],[37.45967,37.686792],[37.460622,37.686221],[37.460764,37.686126],[37.460907,37.686031],[37.461954,37.68546],[37.462525,37.684699],[37.463936,37.683234],[37.457871,37.682239],[37.453371,37.681666],[37.448952,37.681012],[37.439542,37.680603],[37.436842,37.680603],[37.432423,37.680357],[37.426532,37.67913],[37.42064,37.678393],[37.414913,37.675366],[37.409839,37.673484],[37.406485,37.671766],[37.401493,37.668738],[37.391265,37.664319],[37.386928,37.661619],[37.382755,37.659983],[37.375145,37.654255],[37.367045,37.651227],[37.362053,37.650245],[37.358044,37.649673],[37.355589,37.649836],[37.351661,37.650327],[37.346261,37.650491],[37.340042,37.650655],[37.333987,37.650573],[37.329405,37.649509],[37.325886,37.648773],[37.31975,37.647873],[37.313858,37.647627],[37.31034,37.647627],[37.304775,37.647545],[37.300193,37.647463],[37.297118,37.647463],[37.295678,37.649459],[37.293192,37.653057],[37.290903,37.655543],[37.289333,37.656917],[37.28822,37.658422],[37.286585,37.660253],[37.285473,37.662281],[37.283183,37.662478],[37.281679,37.662805],[37.279585,37.662936],[37.277753,37.663786],[37.275529,37.664702],[37.273828,37.665225],[37.27252,37.665291],[37.270623,37.665683],[37.269641,37.666141],[37.268268,37.666861],[37.266109,37.667253],[37.264081,37.667515],[37.262707,37.667973],[37.261529,37.668235],[37.259763,37.668823],[37.258585,37.670066],[37.258062,37.670524],[37.256492,37.671113],[37.255642,37.671375],[37.254268,37.672487],[37.251924,37.676434],[37.250964,37.679051],[37.248347,37.682365],[37.246079,37.68411],[37.24259,37.686988],[37.239276,37.690913],[37.235438,37.701119],[37.233083,37.703736],[37.231513,37.706091],[37.228634,37.708969],[37.227675,37.710365],[37.224098,37.714115],[37.221831,37.717168],[37.218429,37.719785],[37.214504,37.721181],[37.20927,37.722053],[37.205519,37.722925],[37.202728,37.723187],[37.20046,37.72371],[37.196448,37.724234],[37.19008,37.725193],[37.183538,37.72624],[37.177781,37.726938],[37.171763,37.727897],[37.168972,37.728682],[37.164959,37.729642],[37.161732,37.730863],[37.159115,37.732869],[37.153533,37.737405],[37.15205,37.738888],[37.149695,37.741155],[37.146816,37.744208],[37.143763,37.748744],[37.142717,37.749878],[37.138268,37.755984],[37.138094,37.758601],[37.138181,37.761741],[37.13853,37.765753],[37.139402,37.770812],[37.139402,37.772819],[37.137658,37.776133],[37.135826,37.779273],[37.133209,37.782413],[37.131552,37.784332],[37.130505,37.786077],[37.129197,37.788345],[37.127801,37.790438],[37.125882,37.794189],[37.124835,37.796893],[37.122655,37.802475],[37.122131,37.804307],[37.121346,37.806488],[37.120648,37.808843],[37.119863,37.811634],[37.119427,37.813815],[37.118293,37.816606],[37.117918,37.816908]]]}},{"type":"Feature","properties":{"id":"TR-D-46-004","parent_id":"TR-P-46","region_id":"TR-R-AKD","level":"district","municipality_type":null,"municipality_type_label":null,"is_metropolitan_municipality":null,"name":"Dulkadiroğlu","name_ascii":"dulkadiroglu","slug":"dulkadiroglu-kahramanmaras"},"geometry":{"type":"Polygon","coordinates":[[[37.117918,37.816908],[37.118293,37.816606],[37.119427,37.813815],[37.119863,37.811634],[37.120648,37.808843],[37.121346,37.806488],[37.122131,37.804307],[37.122655,37.802475],[37.124835,37.796893],[37.125882,37.794189],[37.127801,37.790438],[37.129197,37.788345],[37.130505,37.786077],[37.131552,37.784332],[37.133209,37.782413],[37.135826,37.779273],[37.137658,37.776133],[37.139402,37.772819],[37.139402,37.770812],[37.13853,37.765753],[37.138181,37.761741],[37.138094,37.758601],[37.138268,37.755984],[37.142717,37.749878],[37.143763,37.748744],[37.146816,37.744208],[37.149695,37.741155],[37.15205,37.738888],[37.153533,37.737405],[37.159115,37.732869],[37.161732,37.730863],[37.164959,37.729642],[37.168972,37.728682],[37.171763,37.727897],[37.177781,37.726938],[37.183538,37.72624],[37.19008,37.725193],[37.196448,37.724234],[37.20046,37.72371],[37.202728,37.723187],[37.205519,37.722925],[37.20927,37.722053],[37.214504,37.721181],[37.218429,37.719785],[37.221831,37.717168],[37.224098,37.714115],[37.227675,37.710365],[37.228634,37.708969],[37.231513,37.706091],[37.233083,37.703736],[37.235438,37.701119],[37.239276,37.690913],[37.24259,37.686988],[37.246079,37.68411],[37.248347,37.682365],[37.250964,37.679051],[37.251924,37.676434],[37.254268,37.672487],[37.255642,37.671375],[37.256492,37.671113],[37.258062,37.670524],[37.258585,37.670066],[37.259763,37.668823],[37.261529,37.668235],[37.262707,37.667973],[37.264081,37.667515],[37.266109,37.667253],[37.268268,37.666861],[37.269641,37.666141],[37.270623,37.665683],[37.27252,37.665291],[37.273828,37.665225],[37.275529,37.664702],[37.277753,37.663786],[37.279585,37.662936],[37.281679,37.662805],[37.283183,37.662478],[37.285473,37.662281],[37.286585,37.660253],[37.28822,37.658422],[37.289333,37.656917],[37.290903,37.655543],[37.293192,37.653057],[37.295678,37.649459],[37.297118,37.647463],[37.296212,37.647463],[37.295202,37.647463],[37.291029,37.647382],[37.283992,37.646236],[37.278182,37.644109],[37.274091,37.641654],[37.272209,37.638872],[37.271145,37.636253],[37.269509,37.632571],[37.267627,37.63028],[37.264858,37.628534],[37.258858,37.625698],[37.25493,37.622643],[37.251112,37.621225],[37.246311,37.619588],[37.243038,37.61697],[37.241183,37.613151],[37.240092,37.609551],[37.238892,37.606605],[37.238238,37.603223],[37.236383,37.596895],[37.236274,37.595695],[37.234419,37.589695],[37.233765,37.584349],[37.233765,37.582167],[37.23431,37.579439],[37.234201,37.576712],[37.232892,37.571911],[37.231692,37.56962],[37.228419,37.567438],[37.2246,37.56602],[37.223073,37.564711],[37.219909,37.562638],[37.216963,37.561547],[37.214345,37.559692],[37.21129,37.556419],[37.208999,37.553801],[37.208344,37.550855],[37.207035,37.548345],[37.204198,37.544418],[37.201907,37.541036],[37.199289,37.538963],[37.198089,37.53689],[37.196945,37.535021],[37.203907,37.52329],[37.204847,37.521769],[37.205782,37.520256],[37.207575,37.517816],[37.207819,37.517201],[37.210491,37.510454],[37.212714,37.508173],[37.214201,37.505891],[37.216986,37.500562],[37.217409,37.499217],[37.218096,37.497031],[37.219658,37.494112],[37.219901,37.493112],[37.220285,37.491535],[37.219978,37.489302],[37.21942,37.486047],[37.218634,37.483507],[37.217897,37.482654],[37.216818,37.481405],[37.215705,37.480459],[37.212152,37.478422],[37.208719,37.476461],[37.205448,37.474134],[37.204366,37.473364],[37.203557,37.472639],[37.201007,37.470353],[37.19907,37.468957],[37.197886,37.468278],[37.196895,37.467717],[37.195672,37.467254],[37.195997,37.466443],[37.196044,37.46617],[37.196118,37.465737],[37.19539,37.465192],[37.194924,37.465204],[37.193965,37.465219],[37.192877,37.464368],[37.192004,37.463574],[37.190748,37.463162],[37.189844,37.463672],[37.188818,37.464199],[37.18809,37.464023],[37.188041,37.463311],[37.189013,37.462444],[37.189146,37.461823],[37.188944,37.461145],[37.188738,37.460854],[37.188538,37.460572],[37.187451,37.459877],[37.18629,37.45929],[37.184942,37.4586],[37.183241,37.45773],[37.182774,37.457171],[37.181414,37.455541],[37.180067,37.452876],[37.178769,37.449772],[37.178461,37.448726],[37.177547,37.445619],[37.174696,37.441519],[37.171936,37.439139],[37.16975,37.437254],[37.166713,37.43453],[37.165774,37.433687],[37.162118,37.430875],[37.15925,37.429038],[37.158341,37.428547],[37.153837,37.426117],[37.148072,37.424618],[37.144624,37.424917],[37.141172,37.426781],[37.139057,37.42966],[37.137445,37.432234],[37.135074,37.436439],[37.130051,37.438787],[37.125147,37.441212],[37.122331,37.441926],[37.117347,37.443191],[37.115352,37.44315],[37.11166,37.443074],[37.108192,37.442957],[37.101623,37.440637],[37.100263,37.43945],[37.100015,37.438635],[37.099671,37.437502],[37.100801,37.436187],[37.106707,37.431503],[37.110006,37.429305],[37.113786,37.42663],[37.118492,37.423398],[37.119868,37.422453],[37.120907,37.421535],[37.125222,37.417729],[37.127653,37.41494],[37.128993,37.413403],[37.131757,37.409685],[37.133008,37.406832],[37.133421,37.40589],[37.132709,37.403865],[37.13104,37.401694],[37.130175,37.400594],[37.129167,37.399947],[37.12831,37.399354],[37.127265,37.398938],[37.126543,37.39865],[37.124932,37.398218],[37.123393,37.397816],[37.123014,37.397717],[37.122079,37.397342],[37.121241,37.396537],[37.120916,37.395898],[37.120949,37.395554],[37.120991,37.39513],[37.121544,37.394368],[37.122011,37.393851],[37.121947,37.39338],[37.121756,37.392802],[37.121326,37.39203],[37.121134,37.391353],[37.12107,37.390884],[37.120627,37.390256],[37.119992,37.389978],[37.119384,37.389911],[37.119023,37.389871],[37.117871,37.389304],[37.116996,37.38857],[37.116896,37.388175],[37.116754,37.387537],[37.116705,37.387309],[37.115758,37.386486],[37.115465,37.386083],[37.115375,37.385424],[37.116062,37.384888],[37.116727,37.384831],[37.117082,37.3848],[37.117671,37.384749],[37.118243,37.384129],[37.118348,37.383829],[37.118501,37.383392],[37.117926,37.382652],[37.117456,37.382292],[37.115982,37.382419],[37.114323,37.382515],[37.11363,37.382241],[37.113324,37.381744],[37.113428,37.381431],[37.113536,37.381107],[37.11435,37.380512],[37.114943,37.379604],[37.114879,37.379133],[37.114409,37.378745],[37.113974,37.378349],[37.113573,37.377431],[37.113251,37.376368],[37.113051,37.375338],[37.112734,37.374318],[37.112416,37.373297],[37.112026,37.372617],[37.111235,37.372066],[37.110637,37.371855],[37.110044,37.371645],[37.109649,37.371086],[37.109178,37.370101],[37.108309,37.369414],[37.107742,37.368463],[37.106717,37.367334],[37.104577,37.365078],[37.103667,37.364119],[37.100853,37.361841],[37.096843,37.359578],[37.095559,37.359019],[37.092676,37.357764],[37.090968,37.357215],[37.090576,37.357221],[37.088576,37.357248],[37.087299,37.356662],[37.086501,37.356368],[37.086152,37.356239],[37.08574,37.355898],[37.084436,37.354822],[37.082443,37.353777],[37.080878,37.353477],[37.080478,37.353273],[37.079123,37.352584],[37.078183,37.352526],[37.077366,37.352475],[37.075073,37.351629],[37.072175,37.350741],[37.070642,37.350271],[37.069511,37.349151],[37.068414,37.348289],[37.066471,37.347821],[37.065487,37.347584],[37.063161,37.346637],[37.062491,37.346364],[37.060452,37.344974],[37.05771,37.34321],[37.056608,37.342553],[37.056052,37.342221],[37.054894,37.341712],[37.053897,37.34164],[37.052695,37.341553],[37.051043,37.341738],[37.049369,37.341926],[37.047568,37.342203],[37.046808,37.342319],[37.044436,37.343305],[37.039538,37.344943],[37.039075,37.345106],[37.035373,37.346406],[37.035172,37.346477],[37.034996,37.34712],[37.034062,37.348374],[37.032907,37.349354],[37.032473,37.350222],[37.032025,37.350994],[37.031685,37.351199],[37.031175,37.351507],[37.029892,37.352448],[37.029561,37.352934],[37.028971,37.353799],[37.027735,37.354853],[37.027262,37.355217],[37.027018,37.355678],[37.026694,37.355946],[37.026356,37.356224],[37.025298,37.357272],[37.024267,37.358457],[37.023899,37.35937],[37.023705,37.360658],[37.023743,37.361175],[37.02378,37.361678],[37.023907,37.36211],[37.024006,37.362442],[37.024627,37.363416],[37.025451,37.364079],[37.026632,37.364839],[37.027195,37.365201],[37.027949,37.365768],[37.028345,37.366343],[37.028606,37.367036],[37.028449,37.367483],[37.028088,37.367942],[37.027847,37.368226],[37.026534,37.368846],[37.025911,37.369322],[37.025591,37.370132],[37.025548,37.370458],[37.0255,37.370824],[37.025463,37.371463],[37.025477,37.37235],[37.026194,37.372951],[37.025964,37.373059],[37.025588,37.373253],[37.025096,37.373535],[37.024673,37.373806],[37.02426,37.374089],[37.023854,37.37438],[37.023057,37.37498],[37.021879,37.375899],[37.017974,37.378986],[37.01727,37.379533],[37.016392,37.380199],[37.015489,37.380837],[37.015158,37.381056],[37.014727,37.381321],[37.014273,37.381573],[37.013806,37.381812],[37.012849,37.382263],[37.011382,37.382906],[37.008152,37.384271],[37.004464,37.385828],[37.001261,37.387188],[36.996502,37.38921],[36.99461,37.390039],[36.993178,37.3907],[36.991281,37.391599],[36.984656,37.394764],[36.983042,37.395543],[36.982768,37.395675],[36.98183,37.396139],[36.980903,37.396615],[36.980449,37.396859],[36.97955,37.397357],[36.978295,37.398076],[36.975556,37.399666],[36.974662,37.400167],[36.974211,37.400408],[36.973755,37.400639],[36.973292,37.400856],[36.97282,37.401054],[36.972264,37.401244],[36.969924,37.40222],[36.96729,37.403331],[36.965467,37.404099],[36.954798,37.408875],[36.949691,37.413323],[36.943931,37.418315],[36.937884,37.425227],[36.935196,37.430507],[36.933239,37.435657],[36.932856,37.43719],[36.932201,37.441881],[36.931765,37.445045],[36.930456,37.447991],[36.927619,37.450391],[36.924346,37.451264],[36.918127,37.454319],[36.912782,37.456283],[36.908308,37.456719],[36.89718,37.458465],[36.890931,37.459135],[36.889246,37.459315],[36.889501,37.460557],[36.889659,37.461267],[36.889845,37.461856],[36.890884,37.463903],[36.89252,37.466612],[36.893717,37.4689],[36.894267,37.470632],[36.894623,37.471873],[36.894797,37.472935],[36.894968,37.473979],[36.894814,37.48054],[36.894758,37.482944],[36.894619,37.491954],[36.894743,37.493367],[36.894881,37.494177],[36.895041,37.495121],[36.895511,37.496222],[36.89569,37.496642],[36.89636,37.497934],[36.896549,37.498298],[36.899696,37.502759],[36.904478,37.509421],[36.907842,37.514067],[36.912026,37.520067],[36.914057,37.522843],[36.915546,37.525476],[36.915896,37.526094],[36.916218,37.526771],[36.916872,37.528146],[36.917325,37.530326],[36.917589,37.531593],[36.919244,37.540146],[36.919786,37.542873],[36.920416,37.546045],[36.923252,37.560547],[36.924401,37.566291],[36.924802,37.568295],[36.925706,37.572818],[36.926932,37.578943],[36.927358,37.58135],[36.927007,37.581885],[36.926932,37.582311],[36.926862,37.582711],[36.926836,37.583015],[36.926787,37.583581],[36.926742,37.584195],[36.92633,37.584686],[36.926155,37.585058],[36.926601,37.585529],[36.926991,37.586055],[36.927046,37.586464],[36.927113,37.58696],[36.926929,37.589873],[36.925632,37.589729],[36.925013,37.589883],[36.924567,37.591535],[36.924244,37.593202],[36.923874,37.595674],[36.922768,37.600292],[36.921653,37.605319],[36.921118,37.607042],[36.920781,37.608341],[36.920703,37.609499],[36.920641,37.610047],[36.920459,37.610707],[36.919711,37.611275],[36.919446,37.611425],[36.91822,37.612117],[36.917613,37.61283],[36.917326,37.61333],[36.916939,37.614005],[36.916842,37.615183],[36.917494,37.616739],[36.91762,37.617232],[36.917912,37.618396],[36.918459,37.61986],[36.919109,37.6216],[36.919442,37.625028],[36.919431,37.62577],[36.919837,37.627058],[36.920155,37.627967],[36.920751,37.629283],[36.921064,37.629974],[36.92332,37.633443],[36.925082,37.636089],[36.9265,37.638337],[36.927519,37.63995],[36.928867,37.642377],[36.92919,37.643824],[36.929668,37.646427],[36.929712,37.64688],[36.929988,37.649755],[36.929872,37.651801],[36.929779,37.653433],[36.929787,37.654327],[36.929797,37.655465],[36.930106,37.657368],[36.930171,37.657772],[36.930395,37.659439],[36.930828,37.661224],[36.930995,37.662075],[36.931231,37.663274],[36.931689,37.665726],[36.931799,37.667496],[36.931023,37.669799],[36.930306,37.675402],[36.929235,37.678848],[36.929277,37.681539],[36.929591,37.683393],[36.930706,37.68645],[36.931384,37.688629],[36.931578,37.689639],[36.931808,37.69083],[36.931789,37.691865],[36.929681,37.694901],[36.927664,37.696848],[36.926435,37.698034],[36.922974,37.7001],[36.919805,37.702197],[36.916303,37.704495],[36.913572,37.707184],[36.913057,37.707978],[36.911964,37.709663],[36.910378,37.712312],[36.909415,37.715308],[36.90918,37.719442],[36.909671,37.720397],[36.910447,37.721905],[36.914604,37.726067],[36.916429,37.727091],[36.919467,37.728796],[36.922207,37.73062],[36.922605,37.731014],[36.923978,37.732374],[36.92457,37.733681],[36.925208,37.735088],[36.92566,37.736697],[36.926129,37.738362],[36.926637,37.742128],[36.926583,37.743686],[36.926538,37.744956],[36.92668,37.746001],[36.926986,37.74827],[36.92827,37.750674],[36.929955,37.75201],[36.930526,37.752463],[36.932434,37.753514],[36.934362,37.754575],[36.935815,37.755385],[36.936852,37.755963],[36.937619,37.756519],[36.938448,37.757122],[36.940105,37.758733],[36.940575,37.759627],[36.941139,37.760702],[36.941356,37.761543],[36.941543,37.762267],[36.940791,37.764052],[36.938999,37.765455],[36.937504,37.767337],[36.937445,37.767636],[36.937475,37.76909],[36.938111,37.77057],[36.938455,37.771368],[36.939902,37.77298],[36.940489,37.773633],[36.941058,37.775717],[36.940917,37.776298],[36.940564,37.77774],[36.940473,37.779196],[36.940481,37.779559],[36.94049,37.780032],[36.940928,37.781138],[36.94166,37.782294],[36.941696,37.783083],[36.941708,37.783357],[36.941249,37.783991],[36.941061,37.78425],[36.940722,37.784583],[36.940298,37.785001],[36.939965,37.785375],[36.939049,37.786403],[36.93828,37.788525],[36.938352,37.791185],[36.938719,37.793897],[36.939611,37.796944],[36.939849,37.797377],[36.941012,37.799491],[36.942287,37.799687],[36.943276,37.799579],[36.945408,37.799345],[36.949668,37.798446],[36.95348,37.797971],[36.957209,37.798015],[36.958961,37.798036],[36.961664,37.798104],[36.963778,37.798158],[36.964684,37.798344],[36.968223,37.799073],[36.971566,37.799598],[36.973803,37.799948],[36.978756,37.800896],[36.98249,37.802405],[36.984668,37.803721],[36.985471,37.804207],[36.98783,37.805662],[36.990375,37.807089],[36.991806,37.807892],[36.995777,37.809552],[36.999346,37.810903],[37.002022,37.812044],[37.004162,37.812946],[37.004925,37.81338],[37.006348,37.814187],[37.009611,37.816992],[37.010388,37.818225],[37.012277,37.821221],[37.012585,37.821646],[37.012899,37.822081],[37.013638,37.823274],[37.014528,37.824513],[37.016783,37.826261],[37.017682,37.82675],[37.018962,37.827445],[37.023424,37.828857],[37.025211,37.829422],[37.02924,37.830961],[37.032327,37.832467],[37.033892,37.832846],[37.039001,37.832806],[37.042561,37.8325],[37.0459,37.832155],[37.047351,37.832063],[37.048399,37.831996],[37.050346,37.831924],[37.053058,37.831823],[37.056759,37.831613],[37.060176,37.831723],[37.062698,37.831911],[37.063379,37.831961],[37.065925,37.832141],[37.06667,37.832414],[37.067441,37.832696],[37.069598,37.833709],[37.070953,37.834953],[37.071654,37.835597],[37.072587,37.835185],[37.073857,37.834809],[37.07878,37.833353],[37.08445,37.832219],[37.090032,37.830039],[37.095615,37.828643],[37.097534,37.82812],[37.101982,37.827509],[37.105907,37.826637],[37.10896,37.825765],[37.111054,37.824282],[37.113758,37.821142],[37.114717,37.819484],[37.117918,37.816908]]]}},{"type":"Feature","properties":{"id":"TR-D-46-005","parent_id":"TR-P-46","region_id":"TR-R-AKD","level":"district","municipality_type":null,"municipality_type_label":null,"is_metropolitan_municipality":null,"name":"Ekinözü","name_ascii":"ekinozu","slug":"ekinozu-kahramanmaras"},"geometry":{"type":"Polygon","coordinates":[[[37.16802,37.827374],[37.167095,37.826366],[37.165235,37.82517],[37.162444,37.825236],[37.159985,37.825635],[37.157261,37.825369],[37.1556,37.823708],[37.152078,37.823376],[37.150483,37.823309],[37.147094,37.823376],[37.143107,37.823243],[37.13932,37.82311],[37.137193,37.822844],[37.1352,37.821914],[37.134004,37.820917],[37.132276,37.820452],[37.128887,37.820253],[37.125033,37.819455],[37.122774,37.818924],[37.121179,37.818259],[37.119717,37.817661],[37.117918,37.816908],[37.114717,37.819484],[37.113758,37.821142],[37.111054,37.824282],[37.10896,37.825765],[37.105907,37.826637],[37.101982,37.827509],[37.097534,37.82812],[37.095615,37.828643],[37.090032,37.830039],[37.08445,37.832219],[37.07878,37.833353],[37.073857,37.834809],[37.072587,37.835185],[37.071654,37.835597],[37.069157,37.8367],[37.068836,37.836842],[37.067667,37.837581],[37.063864,37.839983],[37.060811,37.843123],[37.058195,37.845739],[37.054444,37.85106],[37.051391,37.853764],[37.048687,37.854549],[37.045809,37.855073],[37.043017,37.856207],[37.041709,37.857515],[37.039005,37.858126],[37.037173,37.859259],[37.035865,37.860045],[37.034556,37.861004],[37.03351,37.863272],[37.031852,37.865627],[37.030021,37.868854],[37.029061,37.87435],[37.028625,37.877228],[37.028625,37.880368],[37.028451,37.882287],[37.028363,37.884119],[37.02688,37.887608],[37.026357,37.889178],[37.024264,37.891184],[37.021734,37.893365],[37.018594,37.896767],[37.016762,37.898686],[37.01432,37.900517],[37.011529,37.901826],[37.009086,37.902524],[37.007691,37.902785],[37.005161,37.903396],[37.002893,37.904617],[37.001236,37.906536],[37.001236,37.908542],[37.001062,37.91177],[37.001062,37.914299],[37.000451,37.915869],[36.998968,37.918573],[36.996962,37.921626],[36.994432,37.923632],[36.992601,37.925638],[36.99042,37.928866],[36.98885,37.930523],[36.988065,37.932529],[36.98728,37.934448],[36.986669,37.936454],[36.986844,37.938548],[36.987367,37.939944],[36.987105,37.942909],[36.986669,37.943956],[36.985535,37.945788],[36.984401,37.947881],[36.984053,37.9498],[36.984314,37.952766],[36.984489,37.954161],[36.984489,37.955034],[36.985361,37.956255],[36.986233,37.957999],[36.987367,37.960354],[36.989199,37.962971],[36.989548,37.965675],[36.990158,37.967158],[36.991292,37.969513],[36.991641,37.970996],[36.991903,37.971955],[36.991554,37.972915],[36.990594,37.973264],[36.989024,37.974398],[36.987978,37.975008],[36.986495,37.975793],[36.985797,37.976578],[36.985448,37.977712],[36.985012,37.979282],[36.98414,37.980242],[36.983529,37.981201],[36.982657,37.981725],[36.981959,37.98251],[36.981872,37.983731],[36.981349,37.984778],[36.980389,37.986348],[36.97847,37.988267],[36.976813,37.989662],[36.975853,37.990447],[36.974894,37.990883],[36.972513,37.991919],[36.969027,37.992777],[36.966024,37.994172],[36.961315,37.996996],[36.959313,37.999355],[36.956953,38.002429],[36.953807,38.00579],[36.950993,38.007541],[36.950475,38.007835],[36.9505,38.009121],[36.950218,38.010514],[36.949142,38.012582],[36.947405,38.015561],[36.94666,38.017547],[36.946412,38.019533],[36.946577,38.021933],[36.948067,38.024498],[36.949804,38.027312],[36.951294,38.029049],[36.95419,38.031697],[36.957417,38.033849],[36.959817,38.035586],[36.961968,38.037572],[36.963954,38.039972],[36.966271,38.04353],[36.96743,38.046509],[36.968174,38.047916],[36.97016,38.049902],[36.97165,38.051639],[36.974049,38.053791],[36.977359,38.057266],[36.978518,38.058011],[36.98191,38.06099],[36.983814,38.062397],[36.985551,38.064796],[36.98671,38.066948],[36.98762,38.068603],[36.989027,38.071416],[36.990185,38.072326],[36.991261,38.072988],[36.993991,38.073981],[36.99589,38.074686],[36.999675,38.075763],[37.000662,38.077242],[37.000764,38.078026],[37.000945,38.079432],[37.00073,38.079716],[37.000594,38.08005],[37.000513,38.080422],[37.000474,38.080819],[37.000463,38.081235],[37.00047,38.081566],[37.000495,38.0821],[37.000563,38.082987],[37.000609,38.083489],[37.00089,38.086561],[37.001036,38.088325],[37.001293,38.091432],[37.001428,38.092753],[37.001552,38.09363],[37.001632,38.094067],[37.001818,38.094938],[37.002134,38.09624],[37.002801,38.098828],[37.003793,38.102675],[37.004813,38.102628],[37.00909,38.102432],[37.013182,38.101766],[37.016704,38.101099],[37.018798,38.100243],[37.022224,38.099101],[37.024318,38.098625],[37.026698,38.098149],[37.029553,38.09853],[37.032789,38.099577],[37.035454,38.100624],[37.044781,38.106049],[37.046304,38.107572],[37.048018,38.10957],[37.050397,38.111379],[37.053919,38.113853],[37.058868,38.116899],[37.064198,38.118898],[37.066958,38.119659],[37.068766,38.121087],[37.071336,38.123276],[37.074192,38.125751],[37.076095,38.127178],[37.078855,38.12794],[37.082282,38.128035],[37.085899,38.127654],[37.08923,38.126798],[37.093798,38.12556],[37.099699,38.124418],[37.103982,38.123657],[37.109979,38.123942],[37.114833,38.124513],[37.116826,38.124926],[37.12234,38.125919],[37.133515,38.127891],[37.135957,38.129393],[37.142155,38.132117],[37.147508,38.133619],[37.152767,38.13315],[37.16028,38.129675],[37.165633,38.12667],[37.171079,38.125543],[37.17446,38.125637],[37.181503,38.125543],[37.184978,38.125355],[37.197186,38.123665],[37.206577,38.120754],[37.214184,38.117842],[37.218222,38.114556],[37.222542,38.111832],[37.226298,38.107794],[37.232309,38.102347],[37.240479,38.097652],[37.249025,38.093614],[37.25588,38.091078],[37.256651,38.090878],[37.256669,38.088175],[37.256337,38.085252],[37.255938,38.082062],[37.25534,38.079736],[37.254675,38.07668],[37.253213,38.074686],[37.251087,38.072028],[37.249891,38.069171],[37.25009,38.067177],[37.250356,38.066114],[37.250888,38.063722],[37.251153,38.0604],[37.25029,38.057476],[37.249492,38.054087],[37.249758,38.052293],[37.251153,38.050897],[37.254077,38.048372],[37.255273,38.047442],[37.257333,38.046512],[37.259526,38.045116],[37.260789,38.043256],[37.26152,38.041661],[37.260789,38.039069],[37.258529,38.035614],[37.25514,38.032425],[37.254277,38.030032],[37.253745,38.02784],[37.253014,38.024318],[37.252283,38.020065],[37.251951,38.016875],[37.251353,38.014683],[37.250157,38.011692],[37.249293,38.006111],[37.248961,38.004715],[37.248296,38.001858],[37.248296,38.000197],[37.248894,37.998469],[37.250755,37.997074],[37.251818,37.99621],[37.252482,37.994881],[37.252549,37.993286],[37.253147,37.991691],[37.253346,37.990429],[37.252881,37.989299],[37.252017,37.988236],[37.249559,37.984315],[37.247565,37.981525],[37.245771,37.978867],[37.244376,37.976674],[37.243645,37.974149],[37.242648,37.971291],[37.24205,37.968235],[37.241186,37.965112],[37.239791,37.962188],[37.239193,37.959796],[37.238462,37.955942],[37.238129,37.953682],[37.238129,37.952486],[37.237797,37.95036],[37.236136,37.945974],[37.234209,37.941256],[37.23195,37.937801],[37.22969,37.935409],[37.227099,37.93295],[37.226036,37.932086],[37.222248,37.930757],[37.219324,37.92903],[37.217397,37.927169],[37.215869,37.926172],[37.214606,37.924179],[37.212746,37.922784],[37.211683,37.921455],[37.21062,37.918996],[37.209689,37.917069],[37.209291,37.914411],[37.209224,37.911155],[37.208294,37.908497],[37.207164,37.906902],[37.204971,37.903978],[37.203177,37.900988],[37.202446,37.899261],[37.202446,37.897865],[37.202513,37.896337],[37.202712,37.895141],[37.203177,37.892018],[37.202579,37.890157],[37.201516,37.887698],[37.199323,37.882582],[37.19826,37.88112],[37.194938,37.87813],[37.193077,37.876269],[37.190884,37.874342],[37.189755,37.873013],[37.188293,37.870687],[37.188093,37.867897],[37.187827,37.866368],[37.187362,37.863046],[37.187362,37.861318],[37.187628,37.860056],[37.186033,37.858195],[37.183641,37.856733],[37.180252,37.854939],[37.178259,37.85474],[37.175335,37.853278],[37.172478,37.850686],[37.172013,37.848826],[37.171016,37.846965],[37.170684,37.845503],[37.17075,37.843842],[37.170285,37.840652],[37.16982,37.837994],[37.16982,37.835536],[37.169886,37.833941],[37.169687,37.832479],[37.168956,37.830419],[37.168557,37.827961],[37.16802,37.827374]]]}},{"type":"Feature","properties":{"id":"TR-D-46-006","parent_id":"TR-P-46","region_id":"TR-R-AKD","level":"district","municipality_type":null,"municipality_type_label":null,"is_metropolitan_municipality":null,"name":"Elbistan","name_ascii":"elbistan","slug":"elbistan-kahramanmaras"},"geometry":{"type":"Polygon","coordinates":[[[37.006484,38.141779],[37.011395,38.143309],[37.018036,38.14382],[37.032214,38.143437],[37.03745,38.145608],[37.043453,38.149184],[37.047285,38.152377],[37.049839,38.157103],[37.0515,38.164],[37.052522,38.168726],[37.056226,38.182392],[37.05712,38.192866],[37.056481,38.196953],[37.055842,38.199379],[37.054693,38.201934],[37.053543,38.207809],[37.052777,38.212918],[37.050223,38.221348],[37.048434,38.225435],[37.04588,38.230927],[37.044268,38.236547],[37.04331,38.240762],[37.043118,38.244402],[37.04216,38.24718],[37.039669,38.249479],[37.037945,38.254652],[37.03737,38.258196],[37.036604,38.260495],[37.035742,38.261644],[37.034784,38.265189],[37.03373,38.268925],[37.033539,38.271894],[37.034688,38.275151],[37.036796,38.278312],[37.041011,38.283677],[37.047892,38.291053],[37.054022,38.297567],[37.059131,38.305613],[37.068679,38.317874],[37.076981,38.339077],[37.086304,38.35517],[37.090008,38.363727],[37.092052,38.372412],[37.092563,38.376883],[37.092563,38.378671],[37.09218,38.380331],[37.090775,38.382886],[37.086815,38.386334],[37.080685,38.389655],[37.074554,38.395275],[37.071473,38.399968],[37.062947,38.408781],[37.056721,38.414912],[37.050302,38.422001],[37.047429,38.425737],[37.0458,38.428131],[37.044651,38.432634],[37.044555,38.437615],[37.043693,38.442883],[37.042447,38.448056],[37.042735,38.452846],[37.042447,38.45821],[37.042543,38.461084],[37.042735,38.463287],[37.042831,38.469705],[37.042639,38.476602],[37.043501,38.485128],[37.044268,38.490205],[37.045992,38.494994],[37.048961,38.499401],[37.052601,38.501413],[37.054805,38.504861],[37.057008,38.508022],[37.058924,38.511471],[37.060744,38.514536],[37.06333,38.518943],[37.06697,38.521146],[37.069748,38.522295],[37.072909,38.523924],[37.0754,38.526031],[37.076454,38.529192],[37.076454,38.534557],[37.0754,38.537814],[37.076166,38.540017],[37.07655,38.542316],[37.078274,38.544806],[37.079519,38.546052],[37.080669,38.547105],[37.081914,38.549117],[37.082201,38.551512],[37.082201,38.552011],[37.082122,38.552635],[37.081456,38.554443],[37.080694,38.55549],[37.078315,38.556537],[37.075364,38.557584],[37.069749,38.559202],[37.066417,38.559963],[37.062991,38.561581],[37.060516,38.56377],[37.058327,38.565674],[37.055282,38.567958],[37.052331,38.570814],[37.049285,38.57443],[37.046811,38.578238],[37.0462,38.579545],[37.045859,38.579665],[37.043677,38.586333],[37.047865,38.586904],[37.051577,38.58738],[37.056145,38.587856],[37.061666,38.587285],[37.064902,38.58719],[37.068328,38.587095],[37.074039,38.586619],[37.078702,38.586143],[37.08546,38.58481],[37.091456,38.583097],[37.098309,38.581194],[37.102973,38.580052],[37.117155,38.577577],[37.12534,38.576149],[37.132669,38.574626],[37.139807,38.573199],[37.146755,38.572152],[37.154369,38.571581],[37.163126,38.570724],[37.180068,38.570819],[37.190252,38.571866],[37.204338,38.574055],[37.216045,38.574817],[37.224992,38.575197],[37.235557,38.575673],[37.24517,38.574817],[37.249833,38.574817],[37.256496,38.574341],[37.26411,38.574055],[37.27458,38.573103],[37.280481,38.572057],[37.286667,38.57139],[37.29333,38.569582],[37.297613,38.56844],[37.299041,38.567869],[37.301325,38.566917],[37.312746,38.561016],[37.315031,38.558541],[37.315411,38.556638],[37.31484,38.55521],[37.313413,38.55283],[37.310652,38.549309],[37.307892,38.547215],[37.305132,38.545407],[37.302562,38.543122],[37.300183,38.540838],[37.293996,38.535032],[37.289903,38.531701],[37.287524,38.529321],[37.285335,38.526752],[37.283622,38.524467],[37.280576,38.521517],[37.277625,38.518757],[37.27477,38.515901],[37.272867,38.512856],[37.270677,38.509715],[37.26925,38.505527],[37.268488,38.503147],[37.266775,38.498674],[37.264491,38.495343],[37.262397,38.492202],[37.262016,38.490964],[37.262111,38.489537],[37.263063,38.488014],[37.265633,38.486015],[37.267632,38.484968],[37.270677,38.482779],[37.275532,38.479448],[37.278863,38.476117],[37.280195,38.473547],[37.280766,38.470977],[37.281908,38.46698],[37.282384,38.463648],[37.283717,38.460603],[37.284573,38.457842],[37.285811,38.455463],[37.286667,38.453179],[37.287905,38.451561],[37.290855,38.449086],[37.296756,38.446897],[37.311033,38.444993],[37.315316,38.444232],[37.318647,38.442043],[37.321883,38.438902],[37.3255,38.435761],[37.332448,38.431573],[37.342156,38.425767],[37.347201,38.423102],[37.353102,38.421389],[37.364809,38.417772],[37.371376,38.417392],[37.377182,38.417392],[37.381941,38.417867],[37.384796,38.418058],[37.389175,38.418153],[37.395552,38.417106],[37.402119,38.415393],[37.404974,38.414251],[37.411066,38.412537],[37.416967,38.4113],[37.421916,38.410444],[37.434289,38.408254],[37.436478,38.408064],[37.439905,38.408635],[37.443712,38.409682],[37.447995,38.412347],[37.449803,38.41368],[37.452563,38.415583],[37.454657,38.416249],[37.456846,38.416535],[37.460463,38.41644],[37.463414,38.416345],[37.467887,38.415107],[37.471218,38.413489],[37.474454,38.411395],[37.476072,38.409872],[37.477024,38.408254],[37.4775,38.406446],[37.478262,38.402353],[37.478452,38.399974],[37.479023,38.397404],[37.479118,38.39512],[37.479118,38.392169],[37.479023,38.389885],[37.479499,38.388933],[37.480736,38.386363],[37.482259,38.384079],[37.484353,38.381414],[37.488446,38.379986],[37.491682,38.379701],[37.495108,38.378749],[37.498439,38.376179],[37.502627,38.374561],[37.505292,38.37399],[37.508814,38.373609],[37.511098,38.373419],[37.513763,38.372753],[37.516238,38.371516],[37.519569,38.370373],[37.522139,38.368755],[37.524423,38.366471],[37.526422,38.363901],[37.527659,38.362569],[37.53099,38.360665],[37.537082,38.359142],[37.543649,38.358095],[37.550788,38.356858],[37.553357,38.356287],[37.557165,38.355811],[37.559544,38.355335],[37.563922,38.354098],[37.567539,38.35267],[37.57325,38.34972],[37.576962,38.348006],[37.58153,38.346484],[37.584766,38.344866],[37.58667,38.343914],[37.591334,38.341534],[37.597806,38.337918],[37.5999,38.336585],[37.601803,38.335253],[37.606181,38.332112],[37.611036,38.329732],[37.614843,38.327733],[37.619792,38.326401],[37.625122,38.324688],[37.628358,38.323355],[37.637019,38.32069],[37.639208,38.319358],[37.643682,38.316217],[37.649963,38.311934],[37.652248,38.308888],[37.655389,38.304415],[37.657102,38.300703],[37.658054,38.298704],[37.65891,38.296039],[37.660148,38.293089],[37.66148,38.287187],[37.662051,38.281286],[37.663288,38.276718],[37.665097,38.27253],[37.667667,38.268913],[37.670141,38.266343],[37.675281,38.261584],[37.681943,38.255874],[37.684133,38.25397],[37.687178,38.249497],[37.691461,38.243215],[37.695173,38.238171],[37.698314,38.233126],[37.702312,38.227511],[37.705738,38.222942],[37.707832,38.221038],[37.710783,38.218754],[37.712496,38.217422],[37.715922,38.214852],[37.717159,38.214186],[37.728486,38.206952],[37.734863,38.203145],[37.742191,38.19772],[37.746474,38.19239],[37.747045,38.189725],[37.747331,38.186869],[37.74695,38.183157],[37.746094,38.178684],[37.744,38.172783],[37.742477,38.168405],[37.740383,38.164407],[37.737242,38.160219],[37.734101,38.155936],[37.731627,38.15232],[37.729247,38.148608],[37.7282,38.146038],[37.727248,38.142897],[37.727248,38.140803],[37.727153,38.138043],[37.727058,38.136139],[37.726677,38.133474],[37.725821,38.131476],[37.722014,38.127859],[37.7203,38.126431],[37.718492,38.124337],[37.716969,38.122148],[37.714019,38.119198],[37.711734,38.116152],[37.708022,38.111393],[37.702597,38.107015],[37.6986,38.104254],[37.69365,38.101209],[37.690129,38.098829],[37.687273,38.096831],[37.68299,38.093975],[37.680325,38.092262],[37.678612,38.09112],[37.677375,38.089407],[37.673187,38.085124],[37.667,38.08046],[37.663003,38.078461],[37.65872,38.077319],[37.653961,38.075415],[37.649297,38.073893],[37.644633,38.073036],[37.640731,38.070276],[37.638257,38.067611],[37.636543,38.064375],[37.634259,38.061805],[37.633329,38.061231],[37.630554,38.062973],[37.629635,38.063696],[37.628105,38.064865],[37.626213,38.065895],[37.624209,38.066562],[37.621733,38.066924],[37.618687,38.067031],[37.614898,38.067037],[37.611141,38.067131],[37.60776,38.067882],[37.604755,38.069854],[37.600999,38.071827],[37.599309,38.073235],[37.593956,38.077179],[37.590951,38.079621],[37.586255,38.080842],[37.579212,38.081781],[37.57461,38.082438],[37.564656,38.086195],[37.560712,38.088261],[37.556298,38.089012],[37.551602,38.089763],[37.545404,38.089012],[37.540615,38.088824],[37.536295,38.08873],[37.530473,38.091454],[37.525871,38.093708],[37.522209,38.095398],[37.51648,38.098685],[37.513193,38.099812],[37.506995,38.102535],[37.50352,38.104132],[37.497416,38.104601],[37.490843,38.104601],[37.483705,38.102159],[37.474878,38.100187],[37.468492,38.098779],[37.463797,38.097934],[37.457317,38.096901],[37.448395,38.096337],[37.444075,38.096243],[37.438535,38.095868],[37.433464,38.094553],[37.429989,38.094177],[37.425106,38.095398],[37.420128,38.097464],[37.415245,38.09906],[37.407263,38.100281],[37.401534,38.100187],[37.394773,38.102535],[37.389796,38.106667],[37.385757,38.109954],[37.382095,38.111832],[37.375991,38.113898],[37.371671,38.115119],[37.363031,38.115307],[37.354016,38.114556],[37.347818,38.113053],[37.340117,38.108921],[37.326782,38.104319],[37.324434,38.102629],[37.318424,38.09906],[37.312602,38.09521],[37.310579,38.094546],[37.309464,38.094179],[37.306028,38.09305],[37.297013,38.091266],[37.288185,38.090139],[37.280954,38.0892],[37.277667,38.089012],[37.265271,38.088636],[37.256651,38.090878],[37.25588,38.091078],[37.249025,38.093614],[37.240479,38.097652],[37.232309,38.102347],[37.226298,38.107794],[37.222542,38.111832],[37.218222,38.114556],[37.214184,38.117842],[37.206577,38.120754],[37.197186,38.123665],[37.184978,38.125355],[37.181503,38.125543],[37.17446,38.125637],[37.171079,38.125543],[37.165633,38.12667],[37.16028,38.129675],[37.152767,38.13315],[37.147508,38.133619],[37.142155,38.132117],[37.135957,38.129393],[37.133515,38.127891],[37.12234,38.125919],[37.116826,38.124926],[37.114833,38.124513],[37.109979,38.123942],[37.103982,38.123657],[37.099699,38.124418],[37.093798,38.12556],[37.08923,38.126798],[37.085899,38.127654],[37.082282,38.128035],[37.078855,38.12794],[37.076095,38.127178],[37.074192,38.125751],[37.071336,38.123276],[37.068766,38.121087],[37.066958,38.119659],[37.064198,38.118898],[37.058868,38.116899],[37.053919,38.113853],[37.050397,38.111379],[37.048018,38.10957],[37.046304,38.107572],[37.044781,38.106049],[37.035454,38.100624],[37.032789,38.099577],[37.029553,38.09853],[37.026698,38.098149],[37.024318,38.098625],[37.022224,38.099101],[37.018798,38.100243],[37.016704,38.101099],[37.013182,38.101766],[37.00909,38.102432],[37.004813,38.102628],[37.003793,38.102675],[37.004522,38.105505],[37.004704,38.10621],[37.005046,38.107509],[37.005284,38.108372],[37.005538,38.109228],[37.005675,38.109652],[37.005801,38.110013],[37.005982,38.110488],[37.00616,38.110895],[37.006554,38.111688],[37.006741,38.112083],[37.006898,38.112484],[37.007,38.112847],[37.007073,38.113239],[37.007117,38.113594],[37.007146,38.113974],[37.00716,38.114358],[37.007156,38.115239],[37.007105,38.116572],[37.006971,38.119251],[37.006851,38.121938],[37.0068,38.122832],[37.00672,38.123719],[37.006656,38.124179],[37.006592,38.124526],[37.006505,38.124888],[37.006395,38.125243],[37.006257,38.125587],[37.006083,38.125916],[37.005821,38.126283],[37.005558,38.12657],[37.005149,38.126943],[37.004749,38.127234],[37.004343,38.127479],[37.00391,38.127702],[37.003457,38.12791],[37.002989,38.128104],[37.001585,38.128633],[37.001119,38.128815],[37.000649,38.129012],[37.000191,38.12922],[36.999748,38.129441],[36.999327,38.129676],[36.998883,38.12996],[37.00226,38.134161],[37.004509,38.136911],[37.004726,38.137176],[37.006484,38.141779]]]}},{"type":"Feature","properties":{"id":"TR-D-46-007","parent_id":"TR-P-46","region_id":"TR-R-AKD","level":"district","municipality_type":null,"municipality_type_label":null,"is_metropolitan_municipality":null,"name":"Göksun","name_ascii":"goksun","slug":"goksun-kahramanmaras"},"geometry":{"type":"Polygon","coordinates":[[[37.003793,38.102675],[37.002801,38.098828],[37.002134,38.09624],[37.001818,38.094938],[37.001632,38.094067],[37.001552,38.09363],[37.001428,38.092753],[37.001293,38.091432],[37.001036,38.088325],[37.00089,38.086561],[37.000609,38.083489],[37.000563,38.082987],[37.000495,38.0821],[37.00047,38.081566],[37.000463,38.081235],[37.000474,38.080819],[37.000513,38.080422],[37.000594,38.08005],[37.00073,38.079716],[37.000945,38.079432],[37.000764,38.078026],[37.000662,38.077242],[36.999675,38.075763],[36.99589,38.074686],[36.993991,38.073981],[36.991261,38.072988],[36.990185,38.072326],[36.989027,38.071416],[36.98762,38.068603],[36.98671,38.066948],[36.985551,38.064796],[36.983814,38.062397],[36.98191,38.06099],[36.978518,38.058011],[36.977359,38.057266],[36.974049,38.053791],[36.97165,38.051639],[36.97016,38.049902],[36.968174,38.047916],[36.96743,38.046509],[36.966271,38.04353],[36.963954,38.039972],[36.961968,38.037572],[36.959817,38.035586],[36.957417,38.033849],[36.95419,38.031697],[36.951294,38.029049],[36.949804,38.027312],[36.948067,38.024498],[36.946577,38.021933],[36.946412,38.019533],[36.94666,38.017547],[36.947405,38.015561],[36.949142,38.012582],[36.950218,38.010514],[36.9505,38.009121],[36.950475,38.007835],[36.948374,38.00772],[36.944155,38.006934],[36.938364,38.005504],[36.935004,38.004789],[36.929785,38.002858],[36.926281,38.002],[36.923779,37.999856],[36.920419,37.999427],[36.916129,37.999784],[36.912268,38.000142],[36.901615,38.002215],[36.899756,38.00343],[36.897969,38.005504],[36.896825,38.007363],[36.894895,38.009436],[36.891892,38.010866],[36.888388,38.012367],[36.883241,38.014155],[36.880238,38.01487],[36.876306,38.015942],[36.873303,38.016657],[36.870514,38.016872],[36.867869,38.014155],[36.864866,38.012081],[36.862006,38.009436],[36.859361,38.007148],[36.855643,38.003073],[36.854642,38.002644],[36.851282,38.003573],[36.847064,38.003716],[36.843989,38.003645],[36.837483,38.002501],[36.833265,38.002715],[36.830047,38.002787],[36.82633,38.002501],[36.823541,38.000356],[36.821968,37.999713],[36.819037,37.99957],[36.817107,37.999641],[36.813532,38.000499],[36.811172,38.001357],[36.80867,38.001857],[36.802164,37.99957],[36.796132,37.996905],[36.794093,37.992566],[36.790578,37.988401],[36.788148,37.987099],[36.786283,37.986231],[36.781944,37.983194],[36.780339,37.981502],[36.778473,37.980244],[36.778343,37.979029],[36.778256,37.977207],[36.777952,37.975428],[36.777518,37.974039],[36.776868,37.973258],[36.775306,37.972304],[36.772529,37.971479],[36.769969,37.971479],[36.767669,37.971696],[36.764068,37.974517],[36.762636,37.976773],[36.761291,37.978682],[36.759556,37.980374],[36.758124,37.981719],[36.756128,37.98289],[36.753048,37.984496],[36.750531,37.98506],[36.745672,37.98558],[36.743546,37.98519],[36.742114,37.983715],[36.740552,37.981849],[36.739467,37.980591],[36.737862,37.978942],[36.736343,37.97738],[36.734564,37.976816],[36.731918,37.976816],[36.729748,37.976816],[36.726711,37.976816],[36.724412,37.976729],[36.720941,37.976556],[36.718467,37.976686],[36.715428,37.976238],[36.711494,37.976315],[36.709951,37.975775],[36.708563,37.974078],[36.707714,37.972304],[36.706172,37.97053],[36.704398,37.968293],[36.703395,37.966673],[36.702238,37.966056],[36.700232,37.96567],[36.697533,37.965516],[36.695604,37.965824],[36.692673,37.967444],[36.6855,37.967367],[36.68172,37.967136],[36.679638,37.96675],[36.677015,37.966596],[36.674932,37.966519],[36.672618,37.966133],[36.671076,37.965362],[36.66853,37.964513],[36.666679,37.964282],[36.664596,37.964359],[36.663285,37.965979],[36.663208,37.968216],[36.663208,37.970298],[36.662128,37.975158],[36.660431,37.979786],[36.658811,37.981945],[36.656497,37.986419],[36.655032,37.988116],[36.651715,37.989119],[36.648398,37.989428],[36.645159,37.988733],[36.641765,37.988733],[36.63652,37.988579],[36.63274,37.98827],[36.627495,37.988193],[36.624718,37.987962],[36.62225,37.987808],[36.619473,37.987808],[36.616696,37.987653],[36.611991,37.987036],[36.609677,37.986882],[36.605743,37.986034],[36.604817,37.985339],[36.60366,37.98372],[36.60312,37.983025],[36.601886,37.982485],[36.599572,37.981791],[36.597721,37.981251],[36.59425,37.980249],[36.591386,37.980036],[36.587684,37.980788],[36.584965,37.981945],[36.582882,37.982987],[36.58132,37.98426],[36.578081,37.986342],[36.574147,37.986978],[36.572064,37.985764],[36.56842,37.984144],[36.565411,37.982177],[36.563329,37.980731],[36.56194,37.978764],[36.560494,37.976045],[36.557891,37.97159],[36.55656,37.970086],[36.553957,37.967367],[36.551759,37.966152],[36.545173,37.960309],[36.544711,37.957147],[36.544556,37.955758],[36.544788,37.953136],[36.54418,37.95248],[36.543833,37.951439],[36.542792,37.95086],[36.541519,37.950918],[36.540362,37.951439],[36.538453,37.952538],[36.53585,37.953001],[36.533478,37.953001],[36.530817,37.952422],[36.529602,37.952075],[36.528271,37.951902],[36.527057,37.95196],[36.524685,37.951786],[36.521676,37.951208],[36.519767,37.950976],[36.518379,37.949009],[36.517743,37.94415],[36.517048,37.942588],[36.515313,37.94091],[36.514619,37.939348],[36.513346,37.936745],[36.512362,37.93472],[36.511553,37.932175],[36.510569,37.929282],[36.510685,37.926679],[36.510685,37.924365],[36.510106,37.920894],[36.509817,37.919621],[36.508834,37.917712],[36.507387,37.915745],[36.506635,37.913894],[36.505363,37.911753],[36.505131,37.90996],[36.505305,37.907472],[36.504495,37.905968],[36.502759,37.904059],[36.500098,37.902324],[36.497553,37.901398],[36.496049,37.901514],[36.49385,37.900588],[36.491594,37.899663],[36.49009,37.8992],[36.488644,37.898563],[36.487429,37.897638],[36.486156,37.895613],[36.484652,37.89434],[36.482685,37.89301],[36.479388,37.891216],[36.475685,37.887977],[36.473603,37.885894],[36.470247,37.883002],[36.467875,37.88144],[36.465908,37.880109],[36.464636,37.878721],[36.463479,37.876465],[36.463941,37.873167],[36.463941,37.870506],[36.463652,37.868365],[36.463652,37.864605],[36.464057,37.861423],[36.464867,37.858762],[36.464694,37.857258],[36.463941,37.854886],[36.462842,37.852804],[36.461107,37.850605],[36.460413,37.84644],[36.458388,37.841754],[36.457289,37.839035],[36.457404,37.837994],[36.455322,37.835159],[36.45428,37.833713],[36.452718,37.832498],[36.450747,37.831262],[36.448839,37.832788],[36.446161,37.835383],[36.44206,37.837643],[36.440637,37.837978],[36.435447,37.837978],[36.422474,37.836387],[36.405985,37.835718],[36.401549,37.835801],[36.397699,37.836136],[36.387823,37.835132],[36.381545,37.833709],[36.379536,37.83329],[36.373091,37.832035],[36.367986,37.830193],[36.362964,37.826929],[36.35836,37.825506],[36.351413,37.823581],[36.347982,37.822912],[36.341788,37.820735],[36.332163,37.81789],[36.324532,37.8151],[36.319175,37.81164],[36.315158,37.809073],[36.307346,37.805614],[36.305225,37.805391],[36.300092,37.806395],[36.294623,37.807399],[36.290494,37.807623],[36.285919,37.807623],[36.280785,37.808739],[36.277772,37.809743],[36.270855,37.813102],[36.27241,37.817323],[36.275071,37.819823],[36.276684,37.822323],[36.27862,37.825065],[36.282088,37.829582],[36.285394,37.832888],[36.288781,37.836679],[36.28991,37.840227],[36.290959,37.842727],[36.291362,37.845872],[36.290717,37.849098],[36.290475,37.851034],[36.290798,37.854663],[36.292653,37.859018],[36.292088,37.860873],[36.290636,37.863212],[36.290717,37.865389],[36.290152,37.867164],[36.288539,37.873777],[36.287652,37.878132],[36.287168,37.882245],[36.28741,37.884503],[36.286201,37.888132],[36.284991,37.892487],[36.284507,37.895229],[36.282975,37.898858],[36.281039,37.900874],[36.273378,37.909746],[36.269829,37.915633],[36.268458,37.918698],[36.265958,37.925311],[36.264345,37.929585],[36.263055,37.935714],[36.25128,37.940795],[36.248377,37.942328],[36.243941,37.945231],[36.240554,37.946037],[36.240119,37.946037],[36.236441,37.946037],[36.23015,37.944989],[36.224908,37.943537],[36.219884,37.943081],[36.219585,37.943053],[36.212166,37.943699],[36.211907,37.94375],[36.208133,37.944505],[36.206457,37.945294],[36.204949,37.94531],[36.204192,37.94636],[36.204127,37.946449],[36.204063,37.946538],[36.203561,37.947234],[36.203765,37.949251],[36.204133,37.952577],[36.20429,37.953769],[36.204415,37.954556],[36.204566,37.95534],[36.204756,37.95612],[36.204866,37.956507],[36.204988,37.956892],[36.205125,37.957273],[36.205298,37.957695],[36.205486,37.958114],[36.205687,37.958529],[36.20611,37.959355],[36.206773,37.960587],[36.210575,37.967557],[36.211458,37.9692],[36.212102,37.970433],[36.212238,37.970702],[36.212276,37.970777],[36.212313,37.970852],[36.213133,37.972481],[36.215719,37.977688],[36.217007,37.98028],[36.21884,37.98397],[36.219646,37.985614],[36.220431,37.98728],[36.225814,37.99901],[36.22657,38.000688],[36.226928,38.001531],[36.227129,38.002046],[36.227162,38.002137],[36.227252,38.00238],[36.227392,38.002809],[36.227502,38.003194],[36.227576,38.003491],[36.227588,38.003536],[36.228033,38.00553],[36.228314,38.006696],[36.22852,38.00747],[36.22874,38.008242],[36.229122,38.009481],[36.23124,38.015864],[36.232485,38.019717],[36.23277,38.020569],[36.233077,38.021406],[36.233247,38.021812],[36.233435,38.022206],[36.233649,38.022582],[36.233898,38.022933],[36.234196,38.02325],[36.234535,38.023511],[36.23492,38.023738],[36.235341,38.023936],[36.235789,38.024108],[36.236295,38.024267],[36.236818,38.024406],[36.237354,38.024531],[36.237899,38.024645],[36.239003,38.024858],[36.245587,38.026029],[36.246609,38.026208],[36.249526,38.02672],[36.250939,38.026968],[36.252007,38.027167],[36.252536,38.027274],[36.253059,38.027389],[36.253573,38.027515],[36.254074,38.027659],[36.254556,38.027825],[36.254996,38.028012],[36.255408,38.028227],[36.255786,38.028469],[36.256122,38.028742],[36.256393,38.02903],[36.256565,38.029265],[36.256594,38.029303],[36.256812,38.029673],[36.256964,38.030019],[36.257075,38.030377],[36.257142,38.030745],[36.257173,38.031119],[36.257174,38.031499],[36.257149,38.031882],[36.2571,38.032266],[36.257027,38.032659],[36.256935,38.033051],[36.25683,38.033444],[36.256595,38.034227],[36.255963,38.036157],[36.255727,38.036929],[36.255521,38.037702],[36.255437,38.03809],[36.25537,38.03848],[36.255321,38.03887],[36.255293,38.039259],[36.255288,38.039646],[36.255312,38.040029],[36.255369,38.040394],[36.255458,38.040752],[36.255591,38.041114],[36.255803,38.0415],[36.256032,38.041814],[36.256036,38.041819],[36.256061,38.041854],[36.256596,38.042419],[36.259013,38.044182],[36.259579,38.045236],[36.261656,38.049164],[36.262334,38.050401],[36.26257,38.050807],[36.262816,38.051206],[36.263036,38.051541],[36.263268,38.051866],[36.263516,38.05218],[36.263784,38.052479],[36.264078,38.052758],[36.264419,38.053025],[36.264791,38.053266],[36.265189,38.053481],[36.265611,38.05367],[36.266065,38.053833],[36.266536,38.053973],[36.26702,38.054098],[36.267512,38.054212],[36.26898,38.05454],[36.269461,38.054663],[36.269924,38.054801],[36.270372,38.054957],[36.270802,38.055133],[36.271209,38.055335],[36.271552,38.055544],[36.271871,38.055774],[36.272166,38.056024],[36.272435,38.056291],[36.272676,38.056575],[36.272898,38.056898],[36.273089,38.057236],[36.273251,38.057587],[36.273424,38.058066],[36.278381,38.057898],[36.287744,38.06339],[36.297197,38.068791],[36.302509,38.073833],[36.30512,38.079055],[36.307461,38.084637],[36.310702,38.087068],[36.313133,38.089229],[36.317815,38.09319],[36.321686,38.097242],[36.323757,38.099492],[36.325558,38.102914],[36.328078,38.107145],[36.330059,38.111737],[36.3315,38.114798],[36.334111,38.117499],[36.341493,38.129653],[36.343924,38.134605],[36.345815,38.141807],[36.349236,38.145949],[36.355988,38.150991],[36.35968,38.155762],[36.368683,38.167827],[36.369943,38.169537],[36.372644,38.173139],[36.375345,38.17593],[36.378766,38.178991],[36.380117,38.181331],[36.382638,38.186553],[36.383718,38.189074],[36.383898,38.192045],[36.383358,38.193486],[36.381107,38.196187],[36.378856,38.199338],[36.374715,38.202939],[36.372554,38.20555],[36.372464,38.210412],[36.374175,38.216354],[36.374895,38.221036],[36.376606,38.224907],[36.376876,38.228958],[36.377146,38.23247],[36.377776,38.23481],[36.380297,38.239492],[36.383268,38.242193],[36.386149,38.246064],[36.38822,38.248045],[36.392901,38.250656],[36.395242,38.253087],[36.398033,38.256328],[36.400914,38.259659],[36.403435,38.26191],[36.406496,38.263531],[36.410368,38.264791],[36.414689,38.265871],[36.41766,38.266142],[36.430535,38.270553],[36.435036,38.272264],[36.440078,38.274875],[36.44647,38.277396],[36.454933,38.280277],[36.459075,38.280907],[36.466458,38.281087],[36.47456,38.285048],[36.480322,38.287389],[36.486895,38.28865],[36.493647,38.28847],[36.5004,38.287749],[36.507152,38.288199],[36.515075,38.2909],[36.519937,38.294862],[36.522457,38.297833],[36.532901,38.309447],[36.536052,38.314399],[36.539474,38.31809],[36.545596,38.322412],[36.550187,38.324662],[36.554419,38.330064],[36.55649,38.333305],[36.55829,38.337717],[36.563512,38.343029],[36.573416,38.350051],[36.576477,38.352482],[36.578457,38.355994],[36.579988,38.361035],[36.583139,38.363736],[36.588271,38.369318],[36.592322,38.372019],[36.594933,38.37427],[36.599975,38.377961],[36.603036,38.382373],[36.605557,38.384714],[36.607628,38.387055],[36.610779,38.390566],[36.61402,38.395337],[36.614802,38.396145],[36.616044,38.392401],[36.617194,38.386079],[36.618918,38.384259],[36.624186,38.383109],[36.628593,38.38263],[36.633478,38.381193],[36.637118,38.378894],[36.6421,38.376116],[36.643441,38.372189],[36.643441,38.36874],[36.64392,38.365292],[36.644877,38.362514],[36.646698,38.35964],[36.650433,38.356191],[36.651775,38.354467],[36.654361,38.352839],[36.656293,38.352296],[36.659486,38.35038],[36.665106,38.346548],[36.667405,38.3431],[36.666127,38.340162],[36.665233,38.336841],[36.66319,38.334542],[36.660763,38.330966],[36.657059,38.324324],[36.653738,38.315256],[36.652333,38.311041],[36.6531,38.303633],[36.651312,38.299418],[36.650417,38.295204],[36.650034,38.291117],[36.650034,38.287668],[36.651439,38.280388],[36.651695,38.277833],[36.653786,38.275598],[36.656373,38.273108],[36.657809,38.270809],[36.659534,38.267743],[36.660492,38.265732],[36.663078,38.263433],[36.668347,38.262187],[36.674956,38.261517],[36.678022,38.261708],[36.683003,38.261134],[36.68808,38.26008],[36.692774,38.258356],[36.694785,38.257589],[36.699192,38.256727],[36.703023,38.255865],[36.705227,38.253758],[36.707047,38.252321],[36.709058,38.24801],[36.710304,38.243412],[36.711166,38.240826],[36.712986,38.238239],[36.719979,38.235749],[36.723523,38.234503],[36.727355,38.230672],[36.729079,38.228468],[36.732048,38.225499],[36.735784,38.223775],[36.736742,38.221571],[36.736838,38.217931],[36.737125,38.213237],[36.737796,38.211034],[36.73952,38.207969],[36.742873,38.202317],[36.744118,38.200018],[36.744885,38.197432],[36.746034,38.194654],[36.745651,38.1936],[36.743256,38.191205],[36.742107,38.18996],[36.738179,38.188523],[36.73339,38.18699],[36.731091,38.186128],[36.728792,38.185362],[36.72745,38.184212],[36.726493,38.18153],[36.726588,38.178656],[36.726684,38.175878],[36.726684,38.172621],[36.726971,38.168598],[36.727163,38.166395],[36.727546,38.164287],[36.727834,38.160839],[36.728121,38.15672],[36.728217,38.1549],[36.729366,38.152601],[36.730995,38.149823],[36.734252,38.145129],[36.736322,38.143317],[36.741764,38.141749],[36.746237,38.13956],[36.756707,38.136134],[36.769461,38.132707],[36.778027,38.130899],[36.786783,38.129471],[36.79297,38.128519],[36.797919,38.128805],[36.803059,38.1289],[36.806009,38.129947],[36.807985,38.130567],[36.809918,38.131173],[36.813568,38.130856],[36.817016,38.131239],[36.820082,38.131431],[36.823147,38.131718],[36.827266,38.131718],[36.833588,38.131814],[36.838378,38.131335],[36.845083,38.131622],[36.846808,38.131622],[36.849394,38.130473],[36.853034,38.128461],[36.857057,38.126545],[36.861368,38.125779],[36.865966,38.126354],[36.87248,38.129132],[36.874971,38.129036],[36.880718,38.128365],[36.891255,38.129419],[36.900068,38.129515],[36.909552,38.130473],[36.921717,38.130473],[36.941355,38.131143],[36.956346,38.132836],[36.967586,38.13373],[36.979081,38.134368],[36.98981,38.137434],[36.994024,38.139222],[36.997984,38.13986],[37.003604,38.140882],[37.006484,38.141779],[37.004726,38.137176],[37.004509,38.136911],[37.00226,38.134161],[36.998883,38.12996],[36.999327,38.129676],[36.999748,38.129441],[37.000191,38.12922],[37.000649,38.129012],[37.001119,38.128815],[37.001585,38.128633],[37.002989,38.128104],[37.003457,38.12791],[37.00391,38.127702],[37.004343,38.127479],[37.004749,38.127234],[37.005149,38.126943],[37.005558,38.12657],[37.005821,38.126283],[37.006083,38.125916],[37.006257,38.125587],[37.006395,38.125243],[37.006505,38.124888],[37.006592,38.124526],[37.006656,38.124179],[37.00672,38.123719],[37.0068,38.122832],[37.006851,38.121938],[37.006971,38.119251],[37.007105,38.116572],[37.007156,38.115239],[37.00716,38.114358],[37.007146,38.113974],[37.007117,38.113594],[37.007073,38.113239],[37.007,38.112847],[37.006898,38.112484],[37.006741,38.112083],[37.006554,38.111688],[37.00616,38.110895],[37.005982,38.110488],[37.005801,38.110013],[37.005675,38.109652],[37.005538,38.109228],[37.005284,38.108372],[37.005046,38.107509],[37.004704,38.10621],[37.004522,38.105505],[37.003793,38.102675]]]}},{"type":"Feature","properties":{"id":"TR-D-46-008","parent_id":"TR-P-46","region_id":"TR-R-AKD","level":"district","municipality_type":null,"municipality_type_label":null,"is_metropolitan_municipality":null,"name":"Nurhak","name_ascii":"nurhak","slug":"nurhak-kahramanmaras"},"geometry":{"type":"Polygon","coordinates":[[[37.633329,38.061231],[37.631023,38.059806],[37.626264,38.057712],[37.621981,38.055238],[37.615604,38.052477],[37.609798,38.050288],[37.608846,38.049432],[37.607038,38.047909],[37.605515,38.044958],[37.604563,38.042008],[37.604087,38.039533],[37.603516,38.036868],[37.600376,38.032204],[37.595617,38.024971],[37.592285,38.021259],[37.589525,38.018118],[37.588764,38.016881],[37.586384,38.013645],[37.583719,38.010884],[37.581625,38.008505],[37.58134,38.007172],[37.581054,38.005459],[37.580769,38.00308],[37.580959,38.000605],[37.581625,37.997274],[37.582768,37.994894],[37.583624,37.992991],[37.584481,37.991278],[37.584576,37.989279],[37.584766,37.986995],[37.584766,37.984806],[37.584766,37.982997],[37.585147,37.981474],[37.585718,37.97919],[37.586289,37.978143],[37.588478,37.973765],[37.591429,37.969767],[37.595902,37.967102],[37.598662,37.96577],[37.603612,37.963676],[37.611892,37.961011],[37.615319,37.959774],[37.619792,37.957489],[37.623694,37.955205],[37.62969,37.951398],[37.636734,37.948067],[37.643929,37.943659],[37.642222,37.941395],[37.64127,37.939491],[37.640319,37.936541],[37.638605,37.933209],[37.63594,37.926832],[37.633466,37.921407],[37.632419,37.919789],[37.63042,37.914174],[37.629373,37.909224],[37.629278,37.903514],[37.629468,37.900754],[37.629468,37.898755],[37.628707,37.896851],[37.627755,37.895519],[37.626422,37.893806],[37.623091,37.889998],[37.617285,37.883146],[37.611575,37.877149],[37.606911,37.869821],[37.602913,37.863824],[37.598916,37.859541],[37.594443,37.856305],[37.590255,37.854211],[37.585781,37.85107],[37.578453,37.84574],[37.571124,37.841077],[37.568459,37.839268],[37.562272,37.834319],[37.558275,37.82937],[37.553611,37.825087],[37.547995,37.820709],[37.536193,37.811952],[37.532196,37.809573],[37.527913,37.807098],[37.525153,37.805385],[37.523249,37.803386],[37.521441,37.80034],[37.517158,37.794915],[37.512419,37.799278],[37.509849,37.801372],[37.506232,37.804798],[37.504424,37.806892],[37.499189,37.811936],[37.494525,37.817076],[37.493383,37.818409],[37.491479,37.819075],[37.4891,37.81936],[37.485578,37.81917],[37.480915,37.818694],[37.479392,37.818694],[37.476156,37.81936],[37.472348,37.819741],[37.466923,37.81936],[37.462164,37.818694],[37.457501,37.818409],[37.453694,37.818409],[37.450838,37.818694],[37.448364,37.81936],[37.445508,37.820217],[37.442367,37.820693],[37.439036,37.820502],[37.436371,37.820217],[37.428566,37.819265],[37.424569,37.819265],[37.417811,37.819075],[37.414194,37.819551],[37.408579,37.819931],[37.402202,37.820217],[37.396967,37.820693],[37.39059,37.821074],[37.384404,37.821074],[37.37422,37.820788],[37.36908,37.820598],[37.363845,37.820598],[37.35823,37.820502],[37.3529,37.820502],[37.349092,37.820407],[37.344809,37.820122],[37.341002,37.819741],[37.333198,37.81936],[37.328343,37.818694],[37.325964,37.818123],[37.316541,37.816219],[37.31026,37.814697],[37.306452,37.814126],[37.303121,37.81403],[37.29722,37.814221],[37.29427,37.814316],[37.290653,37.815458],[37.287893,37.816124],[37.285132,37.816791],[37.281516,37.817362],[37.278375,37.817552],[37.274282,37.817457],[37.265906,37.818884],[37.25734,37.821454],[37.247823,37.825357],[37.242968,37.826213],[37.233831,37.827355],[37.229168,37.827736],[37.224789,37.827736],[37.21984,37.827546],[37.217937,37.826784],[37.212607,37.825071],[37.208038,37.824024],[37.202137,37.823739],[37.18767,37.82431],[37.183767,37.824785],[37.174345,37.826594],[37.16802,37.827374],[37.168557,37.827961],[37.168956,37.830419],[37.169687,37.832479],[37.169886,37.833941],[37.16982,37.835536],[37.16982,37.837994],[37.170285,37.840652],[37.17075,37.843842],[37.170684,37.845503],[37.171016,37.846965],[37.172013,37.848826],[37.172478,37.850686],[37.175335,37.853278],[37.178259,37.85474],[37.180252,37.854939],[37.183641,37.856733],[37.186033,37.858195],[37.187628,37.860056],[37.187362,37.861318],[37.187362,37.863046],[37.187827,37.866368],[37.188093,37.867897],[37.188293,37.870687],[37.189755,37.873013],[37.190884,37.874342],[37.193077,37.876269],[37.194938,37.87813],[37.19826,37.88112],[37.199323,37.882582],[37.201516,37.887698],[37.202579,37.890157],[37.203177,37.892018],[37.202712,37.895141],[37.202513,37.896337],[37.202446,37.897865],[37.202446,37.899261],[37.203177,37.900988],[37.204971,37.903978],[37.207164,37.906902],[37.208294,37.908497],[37.209224,37.911155],[37.209291,37.914411],[37.209689,37.917069],[37.21062,37.918996],[37.211683,37.921455],[37.212746,37.922784],[37.214606,37.924179],[37.215869,37.926172],[37.217397,37.927169],[37.219324,37.92903],[37.222248,37.930757],[37.226036,37.932086],[37.227099,37.93295],[37.22969,37.935409],[37.23195,37.937801],[37.234209,37.941256],[37.236136,37.945974],[37.237797,37.95036],[37.238129,37.952486],[37.238129,37.953682],[37.238462,37.955942],[37.239193,37.959796],[37.239791,37.962188],[37.241186,37.965112],[37.24205,37.968235],[37.242648,37.971291],[37.243645,37.974149],[37.244376,37.976674],[37.245771,37.978867],[37.247565,37.981525],[37.249559,37.984315],[37.252017,37.988236],[37.252881,37.989299],[37.253346,37.990429],[37.253147,37.991691],[37.252549,37.993286],[37.252482,37.994881],[37.251818,37.99621],[37.250755,37.997074],[37.248894,37.998469],[37.248296,38.000197],[37.248296,38.001858],[37.248961,38.004715],[37.249293,38.006111],[37.250157,38.011692],[37.251353,38.014683],[37.251951,38.016875],[37.252283,38.020065],[37.253014,38.024318],[37.253745,38.02784],[37.254277,38.030032],[37.25514,38.032425],[37.258529,38.035614],[37.260789,38.039069],[37.26152,38.041661],[37.260789,38.043256],[37.259526,38.045116],[37.257333,38.046512],[37.255273,38.047442],[37.254077,38.048372],[37.251153,38.050897],[37.249758,38.052293],[37.249492,38.054087],[37.25029,38.057476],[37.251153,38.0604],[37.250888,38.063722],[37.250356,38.066114],[37.25009,38.067177],[37.249891,38.069171],[37.251087,38.072028],[37.253213,38.074686],[37.254675,38.07668],[37.25534,38.079736],[37.255938,38.082062],[37.256337,38.085252],[37.256669,38.088175],[37.256651,38.090878],[37.265271,38.088636],[37.277667,38.089012],[37.280954,38.0892],[37.288185,38.090139],[37.297013,38.091266],[37.306028,38.09305],[37.309464,38.094179],[37.310579,38.094546],[37.312602,38.09521],[37.318424,38.09906],[37.324434,38.102629],[37.326782,38.104319],[37.340117,38.108921],[37.347818,38.113053],[37.354016,38.114556],[37.363031,38.115307],[37.371671,38.115119],[37.375991,38.113898],[37.382095,38.111832],[37.385757,38.109954],[37.389796,38.106667],[37.394773,38.102535],[37.401534,38.100187],[37.407263,38.100281],[37.415245,38.09906],[37.420128,38.097464],[37.425106,38.095398],[37.429989,38.094177],[37.433464,38.094553],[37.438535,38.095868],[37.444075,38.096243],[37.448395,38.096337],[37.457317,38.096901],[37.463797,38.097934],[37.468492,38.098779],[37.474878,38.100187],[37.483705,38.102159],[37.490843,38.104601],[37.497416,38.104601],[37.50352,38.104132],[37.506995,38.102535],[37.513193,38.099812],[37.51648,38.098685],[37.522209,38.095398],[37.525871,38.093708],[37.530473,38.091454],[37.536295,38.08873],[37.540615,38.088824],[37.545404,38.089012],[37.551602,38.089763],[37.556298,38.089012],[37.560712,38.088261],[37.564656,38.086195],[37.57461,38.082438],[37.579212,38.081781],[37.586255,38.080842],[37.590951,38.079621],[37.593956,38.077179],[37.599309,38.073235],[37.600999,38.071827],[37.604755,38.069854],[37.60776,38.067882],[37.611141,38.067131],[37.614898,38.067037],[37.618687,38.067031],[37.621733,38.066924],[37.624209,38.066562],[37.626213,38.065895],[37.628105,38.064865],[37.629635,38.063696],[37.630554,38.062973],[37.633329,38.061231]]]}},{"type":"Feature","properties":{"id":"TR-D-46-009","parent_id":"TR-P-46","region_id":"TR-R-AKD","level":"district","municipality_type":null,"municipality_type_label":null,"is_metropolitan_municipality":null,"name":"Oniki Şubat","name_ascii":"oniki subat","slug":"oniki-subat-kahramanmaras"},"geometry":{"type":"Polygon","coordinates":[[[36.647729,37.347886],[36.646346,37.347252],[36.642312,37.345678],[36.639065,37.345088],[36.635227,37.34371],[36.630701,37.343021],[36.625781,37.342923],[36.619779,37.343907],[36.615904,37.345798],[36.614499,37.346819],[36.613001,37.34816],[36.611108,37.349659],[36.609136,37.350211],[36.603852,37.351078],[36.602511,37.351236],[36.599908,37.351709],[36.5977,37.351709],[36.595886,37.352261],[36.594308,37.353208],[36.591942,37.353681],[36.589813,37.354391],[36.588551,37.355732],[36.587131,37.357309],[36.585948,37.358098],[36.583424,37.361174],[36.582793,37.363224],[36.581847,37.365748],[36.579605,37.367018],[36.578202,37.369105],[36.577851,37.37086],[36.578027,37.374194],[36.578202,37.375423],[36.578027,37.377002],[36.577325,37.37788],[36.57557,37.378582],[36.571358,37.380337],[36.570656,37.382969],[36.571095,37.384899],[36.571972,37.387444],[36.572499,37.390252],[36.572938,37.392972],[36.571885,37.394639],[36.568901,37.396306],[36.56469,37.398938],[36.562408,37.400254],[36.561355,37.402009],[36.559162,37.403501],[36.557056,37.404642],[36.555652,37.405519],[36.554775,37.407011],[36.554687,37.40859],[36.555126,37.410345],[36.554511,37.412714],[36.553546,37.414293],[36.552142,37.416575],[36.551177,37.419207],[36.550387,37.42219],[36.549861,37.425261],[36.549598,37.42728],[36.549071,37.428157],[36.546702,37.428245],[36.542403,37.427982],[36.538015,37.427016],[36.53625,37.426244],[36.535208,37.425788],[36.531435,37.4257],[36.529329,37.425174],[36.52617,37.423419],[36.522222,37.42105],[36.518185,37.419207],[36.514149,37.417628],[36.510815,37.41561],[36.50634,37.413328],[36.502412,37.412557],[36.500579,37.412473],[36.498719,37.412029],[36.498372,37.41191],[36.496859,37.411391],[36.494583,37.410391],[36.491945,37.409669],[36.490918,37.409725],[36.49003,37.409503],[36.489002,37.409031],[36.488197,37.408365],[36.48742,37.408059],[36.48642,37.407698],[36.484283,37.407254],[36.482526,37.407049],[36.482168,37.407049],[36.481811,37.407049],[36.480699,37.407049],[36.47968,37.407061],[36.478989,37.407061],[36.478737,37.406985],[36.478485,37.406909],[36.4777,37.406534],[36.477401,37.406364],[36.477103,37.406194],[36.476166,37.40589],[36.475159,37.405421],[36.474253,37.404743],[36.472529,37.403873],[36.471932,37.405345],[36.471748,37.4057],[36.471496,37.406123],[36.471243,37.406502],[36.470699,37.407247],[36.470124,37.407984],[36.469239,37.409081],[36.468365,37.410144],[36.467426,37.411257],[36.467114,37.411614],[36.466424,37.412374],[36.465101,37.413773],[36.464069,37.41484],[36.463027,37.415901],[36.461971,37.416953],[36.460911,37.417989],[36.460507,37.418408],[36.460248,37.418695],[36.459996,37.419003],[36.459762,37.419318],[36.4596,37.419563],[36.459357,37.419971],[36.459192,37.420309],[36.459044,37.420688],[36.45893,37.421073],[36.458845,37.421465],[36.458789,37.42186],[36.458764,37.422258],[36.458771,37.422641],[36.458805,37.423025],[36.458862,37.423409],[36.458938,37.423791],[36.459035,37.424172],[36.459148,37.424544],[36.459277,37.424914],[36.459417,37.425281],[36.459726,37.426011],[36.460067,37.42674],[36.46024,37.427089],[36.460425,37.427464],[36.461118,37.428821],[36.4629,37.432309],[36.465147,37.436809],[36.465565,37.437622],[36.466006,37.438419],[36.466244,37.438806],[36.466466,37.439134],[36.466778,37.439541],[36.467091,37.439878],[36.467424,37.440168],[36.467789,37.440436],[36.468181,37.440681],[36.468597,37.440906],[36.469034,37.44111],[36.469486,37.441298],[36.469951,37.441472],[36.470425,37.441636],[36.471033,37.441826],[36.471391,37.441939],[36.472374,37.442211],[36.473827,37.442578],[36.474304,37.44271],[36.474762,37.442854],[36.475209,37.443013],[36.475644,37.44319],[36.476062,37.443387],[36.476511,37.443636],[36.476937,37.44391],[36.47734,37.444206],[36.477719,37.444523],[36.478012,37.4448],[36.478288,37.445088],[36.47855,37.445386],[36.478797,37.445692],[36.479029,37.446007],[36.47925,37.446338],[36.479458,37.446676],[36.479625,37.446967],[36.480019,37.447716],[36.480361,37.448446],[36.480833,37.449554],[36.481133,37.450308],[36.481544,37.451367],[36.482013,37.452578],[36.482317,37.453332],[36.482633,37.45407],[36.48297,37.454802],[36.483333,37.455516],[36.483731,37.456208],[36.483946,37.456547],[36.484175,37.45688],[36.484413,37.457198],[36.484666,37.457509],[36.484989,37.457873],[36.485211,37.458107],[36.485505,37.45839],[36.48491,37.461829],[36.481944,37.463577],[36.480533,37.463972],[36.479517,37.465608],[36.478334,37.468211],[36.476126,37.471208],[36.473996,37.473732],[36.473838,37.475546],[36.473602,37.476493],[36.473681,37.478149],[36.473444,37.479647],[36.473444,37.48083],[36.473996,37.482171],[36.475416,37.482881],[36.477072,37.483039],[36.478965,37.483512],[36.480779,37.484064],[36.482593,37.485405],[36.485196,37.486036],[36.487168,37.486667],[36.488745,37.486115],[36.490165,37.485878],[36.490875,37.486036],[36.491584,37.486746],[36.492452,37.48785],[36.493714,37.488402],[36.495055,37.489033],[36.496395,37.489191],[36.497263,37.488717],[36.498604,37.488402],[36.50026,37.488323],[36.501522,37.488244],[36.502547,37.488323],[36.50373,37.488875],[36.50373,37.489901],[36.503178,37.491005],[36.501759,37.491557],[36.500181,37.491636],[36.498604,37.491715],[36.497973,37.492109],[36.497894,37.492976],[36.498209,37.493844],[36.498762,37.49479],[36.49884,37.495737],[36.498446,37.496052],[36.497421,37.49621],[36.497026,37.496683],[36.497263,37.498182],[36.496632,37.499759],[36.495212,37.500864],[36.493872,37.502283],[36.493162,37.503466],[36.492689,37.503782],[36.492136,37.504018],[36.490796,37.504018],[36.490007,37.504255],[36.489376,37.505517],[36.488745,37.506069],[36.48772,37.5067],[36.486615,37.507173],[36.486142,37.508356],[36.486221,37.509697],[36.486221,37.510959],[36.4863,37.512063],[36.486221,37.512773],[36.485669,37.513719],[36.48488,37.514824],[36.483934,37.515612],[36.482278,37.517505],[36.480858,37.519477],[36.480148,37.521922],[36.480385,37.523342],[36.481647,37.524209],[36.483934,37.52555],[36.485117,37.526496],[36.485827,37.527995],[36.486221,37.529178],[36.487325,37.529809],[36.488193,37.530124],[36.488666,37.53115],[36.488351,37.532964],[36.488193,37.534305],[36.488666,37.535409],[36.488824,37.53675],[36.488114,37.539116],[36.48772,37.542271],[36.487404,37.54298],[36.486537,37.544637],[36.4863,37.546293],[36.485985,37.547949],[36.485827,37.549132],[36.485827,37.550236],[36.485275,37.551577],[36.485275,37.552918],[36.485906,37.553391],[36.486694,37.553391],[36.487799,37.553391],[36.490401,37.553076],[36.492531,37.553391],[36.49395,37.553943],[36.494739,37.554574],[36.496001,37.554811],[36.498209,37.554811],[36.499156,37.555363],[36.499866,37.556152],[36.500497,37.557019],[36.500339,37.557571],[36.499629,37.558518],[36.49884,37.559859],[36.498288,37.561357],[36.497894,37.562698],[36.498209,37.564039],[36.499235,37.566326],[36.499471,37.567667],[36.50003,37.568454],[36.504115,37.568975],[36.507157,37.569236],[36.512111,37.570105],[36.519585,37.572365],[36.521671,37.573581],[36.52393,37.575233],[36.523335,37.57976],[36.52738,37.596178],[36.532853,37.604744],[36.539039,37.611169],[36.539991,37.619735],[36.542131,37.625512],[36.539039,37.625549],[36.536361,37.626051],[36.535022,37.627976],[36.533348,37.630152],[36.530669,37.633249],[36.523471,37.635593],[36.515352,37.637267],[36.511921,37.637434],[36.509828,37.638857],[36.509577,37.64095],[36.509577,37.644967],[36.509996,37.650826],[36.510079,37.655011],[36.51033,37.657271],[36.51418,37.662377],[36.518449,37.666561],[36.522634,37.6715],[36.52481,37.674597],[36.527837,37.678558],[36.529065,37.682353],[36.534422,37.689495],[36.536765,37.693289],[36.541006,37.698981],[36.543238,37.704115],[36.546028,37.708578],[36.552278,37.718399],[36.560982,37.729001],[36.560982,37.732349],[36.559643,37.743174],[36.559197,37.746969],[36.557411,37.752548],[36.556072,37.756566],[36.555388,37.757961],[36.553714,37.76156],[36.548441,37.764573],[36.546684,37.765494],[36.54275,37.767084],[36.539988,37.770516],[36.536723,37.774115],[36.532706,37.775956],[36.525926,37.778467],[36.52442,37.779304],[36.520067,37.781564],[36.513622,37.783406],[36.508015,37.784912],[36.504081,37.785247],[36.495209,37.787005],[36.48868,37.788762],[36.482068,37.792613],[36.478553,37.795626],[36.476251,37.797997],[36.4748,37.801792],[36.469332,37.811612],[36.465984,37.81775],[36.462189,37.822103],[36.457209,37.825423],[36.454698,37.828101],[36.450747,37.831262],[36.452718,37.832498],[36.45428,37.833713],[36.455322,37.835159],[36.457404,37.837994],[36.457289,37.839035],[36.458388,37.841754],[36.460413,37.84644],[36.461107,37.850605],[36.462842,37.852804],[36.463941,37.854886],[36.464694,37.857258],[36.464867,37.858762],[36.464057,37.861423],[36.463652,37.864605],[36.463652,37.868365],[36.463941,37.870506],[36.463941,37.873167],[36.463479,37.876465],[36.464636,37.878721],[36.465908,37.880109],[36.467875,37.88144],[36.470247,37.883002],[36.473603,37.885894],[36.475685,37.887977],[36.479388,37.891216],[36.482685,37.89301],[36.484652,37.89434],[36.486156,37.895613],[36.487429,37.897638],[36.488644,37.898563],[36.49009,37.8992],[36.491594,37.899663],[36.49385,37.900588],[36.496049,37.901514],[36.497553,37.901398],[36.500098,37.902324],[36.502759,37.904059],[36.504495,37.905968],[36.505305,37.907472],[36.505131,37.90996],[36.505363,37.911753],[36.506635,37.913894],[36.507387,37.915745],[36.508834,37.917712],[36.509817,37.919621],[36.510106,37.920894],[36.510685,37.924365],[36.510685,37.926679],[36.510569,37.929282],[36.511553,37.932175],[36.512362,37.93472],[36.513346,37.936745],[36.514619,37.939348],[36.515313,37.94091],[36.517048,37.942588],[36.517743,37.94415],[36.518379,37.949009],[36.519767,37.950976],[36.521676,37.951208],[36.524685,37.951786],[36.527057,37.95196],[36.528271,37.951902],[36.529602,37.952075],[36.530817,37.952422],[36.533478,37.953001],[36.53585,37.953001],[36.538453,37.952538],[36.540362,37.951439],[36.541519,37.950918],[36.542792,37.95086],[36.543833,37.951439],[36.54418,37.95248],[36.544788,37.953136],[36.544556,37.955758],[36.544711,37.957147],[36.545173,37.960309],[36.551759,37.966152],[36.553957,37.967367],[36.55656,37.970086],[36.557891,37.97159],[36.560494,37.976045],[36.56194,37.978764],[36.563329,37.980731],[36.565411,37.982177],[36.56842,37.984144],[36.572064,37.985764],[36.574147,37.986978],[36.578081,37.986342],[36.58132,37.98426],[36.582882,37.982987],[36.584965,37.981945],[36.587684,37.980788],[36.591386,37.980036],[36.59425,37.980249],[36.597721,37.981251],[36.599572,37.981791],[36.601886,37.982485],[36.60312,37.983025],[36.60366,37.98372],[36.604817,37.985339],[36.605743,37.986034],[36.609677,37.986882],[36.611991,37.987036],[36.616696,37.987653],[36.619473,37.987808],[36.62225,37.987808],[36.624718,37.987962],[36.627495,37.988193],[36.63274,37.98827],[36.63652,37.988579],[36.641765,37.988733],[36.645159,37.988733],[36.648398,37.989428],[36.651715,37.989119],[36.655032,37.988116],[36.656497,37.986419],[36.658811,37.981945],[36.660431,37.979786],[36.662128,37.975158],[36.663208,37.970298],[36.663208,37.968216],[36.663285,37.965979],[36.664596,37.964359],[36.666679,37.964282],[36.66853,37.964513],[36.671076,37.965362],[36.672618,37.966133],[36.674932,37.966519],[36.677015,37.966596],[36.679638,37.96675],[36.68172,37.967136],[36.6855,37.967367],[36.692673,37.967444],[36.695604,37.965824],[36.697533,37.965516],[36.700232,37.96567],[36.702238,37.966056],[36.703395,37.966673],[36.704398,37.968293],[36.706172,37.97053],[36.707714,37.972304],[36.708563,37.974078],[36.709951,37.975775],[36.711494,37.976315],[36.715428,37.976238],[36.718467,37.976686],[36.720941,37.976556],[36.724412,37.976729],[36.726711,37.976816],[36.729748,37.976816],[36.731918,37.976816],[36.734564,37.976816],[36.736343,37.97738],[36.737862,37.978942],[36.739467,37.980591],[36.740552,37.981849],[36.742114,37.983715],[36.743546,37.98519],[36.745672,37.98558],[36.750531,37.98506],[36.753048,37.984496],[36.756128,37.98289],[36.758124,37.981719],[36.759556,37.980374],[36.761291,37.978682],[36.762636,37.976773],[36.764068,37.974517],[36.767669,37.971696],[36.769969,37.971479],[36.772529,37.971479],[36.775306,37.972304],[36.776868,37.973258],[36.777518,37.974039],[36.777952,37.975428],[36.778256,37.977207],[36.778343,37.979029],[36.778473,37.980244],[36.780339,37.981502],[36.781944,37.983194],[36.786283,37.986231],[36.788148,37.987099],[36.790578,37.988401],[36.794093,37.992566],[36.796132,37.996905],[36.802164,37.99957],[36.80867,38.001857],[36.811172,38.001357],[36.813532,38.000499],[36.817107,37.999641],[36.819037,37.99957],[36.821968,37.999713],[36.823541,38.000356],[36.82633,38.002501],[36.830047,38.002787],[36.833265,38.002715],[36.837483,38.002501],[36.843989,38.003645],[36.847064,38.003716],[36.851282,38.003573],[36.854642,38.002644],[36.855643,38.003073],[36.859361,38.007148],[36.862006,38.009436],[36.864866,38.012081],[36.867869,38.014155],[36.870514,38.016872],[36.873303,38.016657],[36.876306,38.015942],[36.880238,38.01487],[36.883241,38.014155],[36.888388,38.012367],[36.891892,38.010866],[36.894895,38.009436],[36.896825,38.007363],[36.897969,38.005504],[36.899756,38.00343],[36.901615,38.002215],[36.912268,38.000142],[36.916129,37.999784],[36.920419,37.999427],[36.923779,37.999856],[36.926281,38.002],[36.929785,38.002858],[36.935004,38.004789],[36.938364,38.005504],[36.944155,38.006934],[36.948374,38.00772],[36.950475,38.007835],[36.950993,38.007541],[36.953807,38.00579],[36.956953,38.002429],[36.959313,37.999355],[36.961315,37.996996],[36.966024,37.994172],[36.969027,37.992777],[36.972513,37.991919],[36.974894,37.990883],[36.975853,37.990447],[36.976813,37.989662],[36.97847,37.988267],[36.980389,37.986348],[36.981349,37.984778],[36.981872,37.983731],[36.981959,37.98251],[36.982657,37.981725],[36.983529,37.981201],[36.98414,37.980242],[36.985012,37.979282],[36.985448,37.977712],[36.985797,37.976578],[36.986495,37.975793],[36.987978,37.975008],[36.989024,37.974398],[36.990594,37.973264],[36.991554,37.972915],[36.991903,37.971955],[36.991641,37.970996],[36.991292,37.969513],[36.990158,37.967158],[36.989548,37.965675],[36.989199,37.962971],[36.987367,37.960354],[36.986233,37.957999],[36.985361,37.956255],[36.984489,37.955034],[36.984489,37.954161],[36.984314,37.952766],[36.984053,37.9498],[36.984401,37.947881],[36.985535,37.945788],[36.986669,37.943956],[36.987105,37.942909],[36.987367,37.939944],[36.986844,37.938548],[36.986669,37.936454],[36.98728,37.934448],[36.988065,37.932529],[36.98885,37.930523],[36.99042,37.928866],[36.992601,37.925638],[36.994432,37.923632],[36.996962,37.921626],[36.998968,37.918573],[37.000451,37.915869],[37.001062,37.914299],[37.001062,37.91177],[37.001236,37.908542],[37.001236,37.906536],[37.002893,37.904617],[37.005161,37.903396],[37.007691,37.902785],[37.009086,37.902524],[37.011529,37.901826],[37.01432,37.900517],[37.016762,37.898686],[37.018594,37.896767],[37.021734,37.893365],[37.024264,37.891184],[37.026357,37.889178],[37.02688,37.887608],[37.028363,37.884119],[37.028451,37.882287],[37.028625,37.880368],[37.028625,37.877228],[37.029061,37.87435],[37.030021,37.868854],[37.031852,37.865627],[37.03351,37.863272],[37.034556,37.861004],[37.035865,37.860045],[37.037173,37.859259],[37.039005,37.858126],[37.041709,37.857515],[37.043017,37.856207],[37.045809,37.855073],[37.048687,37.854549],[37.051391,37.853764],[37.054444,37.85106],[37.058195,37.845739],[37.060811,37.843123],[37.063864,37.839983],[37.067667,37.837581],[37.068836,37.836842],[37.069157,37.8367],[37.071654,37.835597],[37.070953,37.834953],[37.069598,37.833709],[37.067441,37.832696],[37.06667,37.832414],[37.065925,37.832141],[37.063379,37.831961],[37.062698,37.831911],[37.060176,37.831723],[37.056759,37.831613],[37.053058,37.831823],[37.050346,37.831924],[37.048399,37.831996],[37.047351,37.832063],[37.0459,37.832155],[37.042561,37.8325],[37.039001,37.832806],[37.033892,37.832846],[37.032327,37.832467],[37.02924,37.830961],[37.025211,37.829422],[37.023424,37.828857],[37.018962,37.827445],[37.017682,37.82675],[37.016783,37.826261],[37.014528,37.824513],[37.013638,37.823274],[37.012899,37.822081],[37.012585,37.821646],[37.012277,37.821221],[37.010388,37.818225],[37.009611,37.816992],[37.006348,37.814187],[37.004925,37.81338],[37.004162,37.812946],[37.002022,37.812044],[36.999346,37.810903],[36.995777,37.809552],[36.991806,37.807892],[36.990375,37.807089],[36.98783,37.805662],[36.985471,37.804207],[36.984668,37.803721],[36.98249,37.802405],[36.978756,37.800896],[36.973803,37.799948],[36.971566,37.799598],[36.968223,37.799073],[36.964684,37.798344],[36.963778,37.798158],[36.961664,37.798104],[36.958961,37.798036],[36.957209,37.798015],[36.95348,37.797971],[36.949668,37.798446],[36.945408,37.799345],[36.943276,37.799579],[36.942287,37.799687],[36.941012,37.799491],[36.939849,37.797377],[36.939611,37.796944],[36.938719,37.793897],[36.938352,37.791185],[36.93828,37.788525],[36.939049,37.786403],[36.939965,37.785375],[36.940298,37.785001],[36.940722,37.784583],[36.941061,37.78425],[36.941249,37.783991],[36.941708,37.783357],[36.941696,37.783083],[36.94166,37.782294],[36.940928,37.781138],[36.94049,37.780032],[36.940481,37.779559],[36.940473,37.779196],[36.940564,37.77774],[36.940917,37.776298],[36.941058,37.775717],[36.940489,37.773633],[36.939902,37.77298],[36.938455,37.771368],[36.938111,37.77057],[36.937475,37.76909],[36.937445,37.767636],[36.937504,37.767337],[36.938999,37.765455],[36.940791,37.764052],[36.941543,37.762267],[36.941356,37.761543],[36.941139,37.760702],[36.940575,37.759627],[36.940105,37.758733],[36.938448,37.757122],[36.937619,37.756519],[36.936852,37.755963],[36.935815,37.755385],[36.934362,37.754575],[36.932434,37.753514],[36.930526,37.752463],[36.929955,37.75201],[36.92827,37.750674],[36.926986,37.74827],[36.92668,37.746001],[36.926538,37.744956],[36.926583,37.743686],[36.926637,37.742128],[36.926129,37.738362],[36.92566,37.736697],[36.925208,37.735088],[36.92457,37.733681],[36.923978,37.732374],[36.922605,37.731014],[36.922207,37.73062],[36.919467,37.728796],[36.916429,37.727091],[36.914604,37.726067],[36.910447,37.721905],[36.909671,37.720397],[36.90918,37.719442],[36.909415,37.715308],[36.910378,37.712312],[36.911964,37.709663],[36.913057,37.707978],[36.913572,37.707184],[36.916303,37.704495],[36.919805,37.702197],[36.922974,37.7001],[36.926435,37.698034],[36.927664,37.696848],[36.929681,37.694901],[36.931789,37.691865],[36.931808,37.69083],[36.931578,37.689639],[36.931384,37.688629],[36.930706,37.68645],[36.929591,37.683393],[36.929277,37.681539],[36.929235,37.678848],[36.930306,37.675402],[36.931023,37.669799],[36.931799,37.667496],[36.931689,37.665726],[36.931231,37.663274],[36.930995,37.662075],[36.930828,37.661224],[36.930395,37.659439],[36.930171,37.657772],[36.930106,37.657368],[36.929797,37.655465],[36.929787,37.654327],[36.929779,37.653433],[36.929872,37.651801],[36.929988,37.649755],[36.929712,37.64688],[36.929668,37.646427],[36.92919,37.643824],[36.928867,37.642377],[36.927519,37.63995],[36.9265,37.638337],[36.925082,37.636089],[36.92332,37.633443],[36.921064,37.629974],[36.920751,37.629283],[36.920155,37.627967],[36.919837,37.627058],[36.919431,37.62577],[36.919442,37.625028],[36.919109,37.6216],[36.918459,37.61986],[36.917912,37.618396],[36.91762,37.617232],[36.917494,37.616739],[36.916842,37.615183],[36.916939,37.614005],[36.917326,37.61333],[36.917613,37.61283],[36.91822,37.612117],[36.919446,37.611425],[36.919711,37.611275],[36.920459,37.610707],[36.920641,37.610047],[36.920703,37.609499],[36.920781,37.608341],[36.921118,37.607042],[36.921653,37.605319],[36.922768,37.600292],[36.923874,37.595674],[36.924244,37.593202],[36.924567,37.591535],[36.925013,37.589883],[36.925632,37.589729],[36.926929,37.589873],[36.927113,37.58696],[36.927046,37.586464],[36.926991,37.586055],[36.926601,37.585529],[36.926155,37.585058],[36.92633,37.584686],[36.926742,37.584195],[36.926787,37.583581],[36.926836,37.583015],[36.926862,37.582711],[36.926932,37.582311],[36.927007,37.581885],[36.927358,37.58135],[36.926932,37.578943],[36.925706,37.572818],[36.924802,37.568295],[36.924401,37.566291],[36.923252,37.560547],[36.920416,37.546045],[36.919786,37.542873],[36.919244,37.540146],[36.917589,37.531593],[36.917325,37.530326],[36.916872,37.528146],[36.916218,37.526771],[36.915896,37.526094],[36.915546,37.525476],[36.914057,37.522843],[36.912026,37.520067],[36.907842,37.514067],[36.904478,37.509421],[36.899696,37.502759],[36.896549,37.498298],[36.89636,37.497934],[36.89569,37.496642],[36.895511,37.496222],[36.895041,37.495121],[36.894881,37.494177],[36.894743,37.493367],[36.894619,37.491954],[36.894758,37.482944],[36.894814,37.48054],[36.894968,37.473979],[36.894797,37.472935],[36.894623,37.471873],[36.894267,37.470632],[36.893717,37.4689],[36.89252,37.466612],[36.890884,37.463903],[36.889845,37.461856],[36.889659,37.461267],[36.889501,37.460557],[36.889246,37.459315],[36.88522,37.459747],[36.880065,37.461138],[36.876956,37.464656],[36.874092,37.467602],[36.870491,37.470384],[36.868937,37.472184],[36.866564,37.47423],[36.864682,37.475048],[36.861409,37.476194],[36.857292,37.477324],[36.85619,37.478217],[36.854942,37.479753],[36.853406,37.481481],[36.851582,37.483689],[36.849854,37.486185],[36.847934,37.488201],[36.845822,37.489065],[36.842847,37.488777],[36.840639,37.488393],[36.838335,37.487145],[36.836223,37.486281],[36.833247,37.484649],[36.831519,37.483593],[36.827007,37.482825],[36.824607,37.482441],[36.820575,37.481385],[36.817215,37.480905],[36.811456,37.480617],[36.808672,37.480617],[36.805216,37.480425],[36.801568,37.479273],[36.799648,37.478313],[36.797056,37.476585],[36.794464,37.474281],[36.792544,37.471785],[36.790624,37.469577],[36.78832,37.468329],[36.78544,37.466793],[36.779968,37.465161],[36.774401,37.464873],[36.768161,37.466025],[36.764129,37.466793],[36.760601,37.469727],[36.758309,37.472021],[36.755936,37.47423],[36.754381,37.476357],[36.753399,37.479058],[36.751599,37.48274],[36.750617,37.485358],[36.747344,37.487813],[36.744644,37.490186],[36.742435,37.49084],[36.739571,37.490513],[36.735643,37.487322],[36.733679,37.486258],[36.730324,37.48364],[36.726233,37.48053],[36.722633,37.478567],[36.719605,37.477585],[36.715841,37.476194],[36.713468,37.473903],[36.711423,37.472511],[36.709132,37.472184],[36.70635,37.471693],[36.70234,37.470057],[36.699476,37.469402],[36.697676,37.468666],[36.694894,37.46752],[36.692848,37.467847],[36.689821,37.468175],[36.686793,37.467111],[36.683929,37.463347],[36.682375,37.460074],[36.682129,37.45721],[36.682129,37.454264],[36.683125,37.453446],[36.684434,37.450282],[36.685198,37.449082],[36.686834,37.447882],[36.689562,37.445482],[36.691198,37.443845],[36.693271,37.442318],[36.695671,37.441663],[36.697609,37.441291],[36.699139,37.441066],[36.700867,37.439818],[36.701347,37.438282],[36.701731,37.436746],[36.701827,37.434826],[36.702019,37.432042],[36.703171,37.429739],[36.707299,37.423595],[36.709795,37.420619],[36.713731,37.416395],[36.715842,37.413131],[36.716802,37.411115],[36.716802,37.408427],[36.715362,37.406219],[36.713347,37.404299],[36.710755,37.401803],[36.707491,37.398923],[36.704101,37.396896],[36.70219,37.396577],[36.699899,37.395159],[36.69619,37.393632],[36.693135,37.391559],[36.691171,37.389813],[36.687789,37.385449],[36.685061,37.383594],[36.683207,37.381958],[36.680806,37.377485],[36.680561,37.377044],[36.67917,37.374539],[36.676988,37.371266],[36.67546,37.368975],[36.674479,37.366902],[36.672187,37.364175],[36.67066,37.360029],[36.669415,37.357426],[36.666713,37.354829],[36.66445,37.353058],[36.660613,37.351877],[36.655103,37.350499],[36.651462,37.349417],[36.649365,37.348593],[36.647729,37.347886]]]}},{"type":"Feature","properties":{"id":"TR-D-46-010","parent_id":"TR-P-46","region_id":"TR-R-AKD","level":"district","municipality_type":null,"municipality_type_label":null,"is_metropolitan_municipality":null,"name":"Pazarcık","name_ascii":"pazarcik","slug":"pazarcik-kahramanmaras"},"geometry":{"type":"Polygon","coordinates":[[[37.441719,37.341142],[37.438958,37.341046],[37.435532,37.341142],[37.428679,37.341998],[37.419732,37.343236],[37.412023,37.343997],[37.405456,37.344283],[37.399364,37.343331],[37.394796,37.34276],[37.392226,37.342093],[37.390893,37.340761],[37.38899,37.335621],[37.387848,37.333242],[37.386705,37.330958],[37.385087,37.328768],[37.383469,37.327055],[37.38109,37.325723],[37.378425,37.3242],[37.374332,37.323819],[37.367765,37.324961],[37.362816,37.325342],[37.357295,37.325342],[37.353583,37.324485],[37.35168,37.322963],[37.350252,37.320583],[37.347873,37.316681],[37.345017,37.313825],[37.340925,37.311446],[37.337213,37.310304],[37.33331,37.309638],[37.329408,37.309733],[37.324554,37.310494],[37.319224,37.311351],[37.313037,37.313064],[37.309992,37.314968],[37.298285,37.321535],[37.288767,37.326484],[37.282961,37.32934],[37.278678,37.331148],[37.272491,37.332671],[37.268779,37.333337],[37.265638,37.333908],[37.262402,37.334765],[37.259166,37.335526],[37.253931,37.336192],[37.247459,37.336478],[37.24251,37.335621],[37.236799,37.334574],[37.232326,37.333432],[37.229185,37.331909],[37.225283,37.329911],[37.220905,37.327531],[37.219001,37.325532],[37.216336,37.322963],[37.212814,37.319822],[37.21034,37.316966],[37.208055,37.314206],[37.206533,37.312017],[37.204248,37.308781],[37.202916,37.30564],[37.198157,37.298121],[37.195206,37.292886],[37.191114,37.286129],[37.188639,37.283368],[37.185498,37.280323],[37.183404,37.278514],[37.181596,37.277848],[37.178455,37.276896],[37.174362,37.27623],[37.170746,37.275564],[37.166938,37.274422],[37.163988,37.27366],[37.159324,37.271852],[37.157259,37.270795],[37.155231,37.269758],[37.152376,37.26852],[37.149426,37.266712],[37.147998,37.265094],[37.146341,37.261857],[37.145904,37.261001],[37.144191,37.258622],[37.142668,37.257575],[37.139241,37.256433],[37.136386,37.255671],[37.134673,37.25472],[37.132103,37.252435],[37.130485,37.250246],[37.12763,37.24701],[37.12525,37.244536],[37.12268,37.243298],[37.119349,37.241395],[37.116684,37.239681],[37.115066,37.238159],[37.113448,37.235208],[37.11202,37.231306],[37.110688,37.228736],[37.110307,37.225309],[37.110402,37.221598],[37.110878,37.217124],[37.110688,37.213507],[37.109831,37.20932],[37.108975,37.207321],[37.10669,37.205036],[37.102978,37.201229],[37.100599,37.199611],[37.097744,37.198469],[37.097397,37.198351],[37.092414,37.196661],[37.09032,37.195995],[37.088702,37.194948],[37.08756,37.193615],[37.086798,37.191997],[37.085085,37.189142],[37.083562,37.188571],[37.07985,37.185049],[37.078232,37.183621],[37.077725,37.182792],[37.077503,37.182428],[37.077185,37.181908],[37.075853,37.180861],[37.074425,37.18029],[37.072521,37.179814],[37.070618,37.179529],[37.067477,37.179909],[37.063479,37.180671],[37.059006,37.181432],[37.055042,37.180484],[37.053525,37.181599],[37.052106,37.182151],[37.049351,37.183967],[37.047752,37.185684],[37.046655,37.18709],[37.045941,37.188005],[37.043934,37.191045],[37.043055,37.193057],[37.042893,37.19365],[37.042851,37.195527],[37.04289,37.196858],[37.042913,37.197629],[37.043211,37.200273],[37.043305,37.201107],[37.043111,37.204576],[37.043265,37.206377],[37.043499,37.209108],[37.043362,37.210214],[37.043323,37.210528],[37.042952,37.211623],[37.042773,37.212155],[37.042015,37.213781],[37.041545,37.215095],[37.04095,37.216759],[37.039858,37.218823],[37.039392,37.219702],[37.037532,37.223295],[37.036766,37.225622],[37.036422,37.226667],[37.036053,37.227736],[37.035367,37.229723],[37.034736,37.231949],[37.034506,37.232762],[37.033799,37.234773],[37.033581,37.236026],[37.033413,37.236992],[37.032809,37.24196],[37.032681,37.243033],[37.032396,37.245429],[37.032192,37.246981],[37.032106,37.247638],[37.029882,37.250716],[37.027721,37.252071],[37.023408,37.252674],[37.017745,37.253393],[37.016263,37.253547],[37.013605,37.253825],[37.010911,37.254192],[37.010537,37.254243],[37.009573,37.254301],[37.007437,37.25443],[37.006394,37.254319],[37.00417,37.254084],[37.001161,37.25359],[36.999479,37.253314],[36.994656,37.253023],[36.990585,37.253545],[36.986307,37.25451],[36.985231,37.254834],[36.98391,37.25491],[36.98387,37.255244],[36.983625,37.257289],[36.984005,37.263095],[36.983815,37.270043],[36.98391,37.274326],[36.983149,37.278134],[36.98301,37.278523],[36.982636,37.27957],[36.984177,37.279042],[36.985053,37.279277],[36.985839,37.27928],[36.986857,37.279283],[36.989631,37.279047],[36.991696,37.278751],[36.994136,37.278262],[36.99657,37.277735],[36.997732,37.277679],[36.99871,37.277632],[36.999274,37.277689],[37.000641,37.277828],[37.002439,37.278915],[37.003427,37.279789],[37.005451,37.28158],[37.008007,37.283006],[37.009186,37.283663],[37.009539,37.283797],[37.010368,37.284111],[37.012459,37.284905],[37.014505,37.284882],[37.01516,37.284874],[37.01925,37.285485],[37.022913,37.287901],[37.025147,37.290063],[37.026626,37.291608],[37.027313,37.292326],[37.028947,37.295279],[37.031042,37.299064],[37.033486,37.303848],[37.034633,37.30567],[37.035026,37.309045],[37.035328,37.312188],[37.035359,37.313257],[37.035396,37.314487],[37.034853,37.316262],[37.034376,37.319423],[37.034508,37.322197],[37.034421,37.323143],[37.035057,37.326279],[37.035419,37.32791],[37.035664,37.329011],[37.035878,37.330604],[37.036124,37.332429],[37.036178,37.333361],[37.036216,37.334002],[37.036264,37.334817],[37.036089,37.335719],[37.035624,37.338116],[37.035047,37.34066],[37.035073,37.341433],[37.035129,37.343098],[37.035318,37.344261],[37.035489,37.345317],[37.035437,37.345505],[37.035172,37.346477],[37.035373,37.346406],[37.039075,37.345106],[37.039538,37.344943],[37.044436,37.343305],[37.046808,37.342319],[37.047568,37.342203],[37.049369,37.341926],[37.051043,37.341738],[37.052695,37.341553],[37.053897,37.34164],[37.054894,37.341712],[37.056052,37.342221],[37.056608,37.342553],[37.05771,37.34321],[37.060452,37.344974],[37.062491,37.346364],[37.063161,37.346637],[37.065487,37.347584],[37.066471,37.347821],[37.068414,37.348289],[37.069511,37.349151],[37.070642,37.350271],[37.072175,37.350741],[37.075073,37.351629],[37.077366,37.352475],[37.078183,37.352526],[37.079123,37.352584],[37.080478,37.353273],[37.080878,37.353477],[37.082443,37.353777],[37.084436,37.354822],[37.08574,37.355898],[37.086152,37.356239],[37.086501,37.356368],[37.087299,37.356662],[37.088576,37.357248],[37.090576,37.357221],[37.090968,37.357215],[37.092676,37.357764],[37.095559,37.359019],[37.096843,37.359578],[37.100853,37.361841],[37.103667,37.364119],[37.104577,37.365078],[37.106717,37.367334],[37.107742,37.368463],[37.108309,37.369414],[37.109178,37.370101],[37.109649,37.371086],[37.110044,37.371645],[37.110637,37.371855],[37.111235,37.372066],[37.112026,37.372617],[37.112416,37.373297],[37.112734,37.374318],[37.113051,37.375338],[37.113251,37.376368],[37.113573,37.377431],[37.113974,37.378349],[37.114409,37.378745],[37.114879,37.379133],[37.114943,37.379604],[37.11435,37.380512],[37.113536,37.381107],[37.113428,37.381431],[37.113324,37.381744],[37.11363,37.382241],[37.114323,37.382515],[37.115982,37.382419],[37.117456,37.382292],[37.117926,37.382652],[37.118501,37.383392],[37.118348,37.383829],[37.118243,37.384129],[37.117671,37.384749],[37.117082,37.3848],[37.116727,37.384831],[37.116062,37.384888],[37.115375,37.385424],[37.115465,37.386083],[37.115758,37.386486],[37.116705,37.387309],[37.116754,37.387537],[37.116896,37.388175],[37.116996,37.38857],[37.117871,37.389304],[37.119023,37.389871],[37.119384,37.389911],[37.119992,37.389978],[37.120627,37.390256],[37.12107,37.390884],[37.121134,37.391353],[37.121326,37.39203],[37.121756,37.392802],[37.121947,37.39338],[37.122011,37.393851],[37.121544,37.394368],[37.120991,37.39513],[37.120949,37.395554],[37.120916,37.395898],[37.121241,37.396537],[37.122079,37.397342],[37.123014,37.397717],[37.123393,37.397816],[37.124932,37.398218],[37.126543,37.39865],[37.127265,37.398938],[37.12831,37.399354],[37.129167,37.399947],[37.130175,37.400594],[37.13104,37.401694],[37.132709,37.403865],[37.133421,37.40589],[37.133008,37.406832],[37.131757,37.409685],[37.128993,37.413403],[37.127653,37.41494],[37.125222,37.417729],[37.120907,37.421535],[37.119868,37.422453],[37.118492,37.423398],[37.113786,37.42663],[37.110006,37.429305],[37.106707,37.431503],[37.100801,37.436187],[37.099671,37.437502],[37.100015,37.438635],[37.100263,37.43945],[37.101623,37.440637],[37.108192,37.442957],[37.11166,37.443074],[37.115352,37.44315],[37.117347,37.443191],[37.122331,37.441926],[37.125147,37.441212],[37.130051,37.438787],[37.135074,37.436439],[37.137445,37.432234],[37.139057,37.42966],[37.141172,37.426781],[37.144624,37.424917],[37.148072,37.424618],[37.153837,37.426117],[37.158341,37.428547],[37.15925,37.429038],[37.162118,37.430875],[37.165774,37.433687],[37.166713,37.43453],[37.16975,37.437254],[37.171936,37.439139],[37.174696,37.441519],[37.177547,37.445619],[37.178461,37.448726],[37.178769,37.449772],[37.180067,37.452876],[37.181414,37.455541],[37.182774,37.457171],[37.183241,37.45773],[37.184942,37.4586],[37.18629,37.45929],[37.187451,37.459877],[37.188538,37.460572],[37.188738,37.460854],[37.188944,37.461145],[37.189146,37.461823],[37.189013,37.462444],[37.188041,37.463311],[37.18809,37.464023],[37.188818,37.464199],[37.189844,37.463672],[37.190748,37.463162],[37.192004,37.463574],[37.192877,37.464368],[37.193965,37.465219],[37.194924,37.465204],[37.19539,37.465192],[37.196118,37.465737],[37.196044,37.46617],[37.195997,37.466443],[37.195672,37.467254],[37.196895,37.467717],[37.197886,37.468278],[37.19907,37.468957],[37.201007,37.470353],[37.203557,37.472639],[37.204366,37.473364],[37.205448,37.474134],[37.208719,37.476461],[37.212152,37.478422],[37.215705,37.480459],[37.216818,37.481405],[37.217897,37.482654],[37.218634,37.483507],[37.21942,37.486047],[37.219978,37.489302],[37.220285,37.491535],[37.219901,37.493112],[37.219658,37.494112],[37.218096,37.497031],[37.217409,37.499217],[37.216986,37.500562],[37.214201,37.505891],[37.212714,37.508173],[37.210491,37.510454],[37.207819,37.517201],[37.207575,37.517816],[37.205782,37.520256],[37.204847,37.521769],[37.203907,37.52329],[37.196945,37.535021],[37.198089,37.53689],[37.199289,37.538963],[37.201907,37.541036],[37.204198,37.544418],[37.207035,37.548345],[37.208344,37.550855],[37.208999,37.553801],[37.21129,37.556419],[37.214345,37.559692],[37.216963,37.561547],[37.219909,37.562638],[37.223073,37.564711],[37.2246,37.56602],[37.228419,37.567438],[37.231692,37.56962],[37.232892,37.571911],[37.234201,37.576712],[37.23431,37.579439],[37.233765,37.582167],[37.233765,37.584349],[37.234419,37.589695],[37.236274,37.595695],[37.236383,37.596895],[37.238238,37.603223],[37.238892,37.606605],[37.240092,37.609551],[37.241183,37.613151],[37.243038,37.61697],[37.246311,37.619588],[37.251112,37.621225],[37.25493,37.622643],[37.258858,37.625698],[37.264858,37.628534],[37.267627,37.63028],[37.269509,37.632571],[37.271145,37.636253],[37.272209,37.638872],[37.274091,37.641654],[37.278182,37.644109],[37.283992,37.646236],[37.291029,37.647382],[37.295202,37.647463],[37.296212,37.647463],[37.297118,37.647463],[37.300193,37.647463],[37.304775,37.647545],[37.31034,37.647627],[37.313858,37.647627],[37.31975,37.647873],[37.325886,37.648773],[37.329405,37.649509],[37.333987,37.650573],[37.340042,37.650655],[37.346261,37.650491],[37.351661,37.650327],[37.355589,37.649836],[37.358044,37.649673],[37.362053,37.650245],[37.367045,37.651227],[37.375145,37.654255],[37.382755,37.659983],[37.386928,37.661619],[37.391265,37.664319],[37.401493,37.668738],[37.406485,37.671766],[37.409839,37.673484],[37.414913,37.675366],[37.42064,37.678393],[37.426532,37.67913],[37.432423,37.680357],[37.436842,37.680603],[37.439542,37.680603],[37.448952,37.681012],[37.453371,37.681666],[37.457871,37.682239],[37.463936,37.683234],[37.464809,37.6827],[37.466523,37.681748],[37.468236,37.680701],[37.470996,37.678607],[37.472424,37.677275],[37.472709,37.675847],[37.472709,37.674134],[37.471948,37.673087],[37.470615,37.671659],[37.468426,37.66947],[37.465666,37.666615],[37.463287,37.664235],[37.458813,37.660142],[37.455768,37.657668],[37.454816,37.657382],[37.45415,37.656811],[37.453959,37.656145],[37.453721,37.656002],[37.453483,37.655859],[37.452912,37.655669],[37.452246,37.655193],[37.452246,37.655003],[37.452246,37.654812],[37.451865,37.654146],[37.450913,37.654146],[37.449581,37.653575],[37.447201,37.652814],[37.447059,37.652623],[37.446916,37.652433],[37.446821,37.651576],[37.446155,37.651005],[37.445203,37.650244],[37.443585,37.649673],[37.442538,37.649578],[37.442157,37.648911],[37.442109,37.648626],[37.442062,37.64834],[37.441586,37.647293],[37.440349,37.646913],[37.439873,37.646151],[37.439682,37.645104],[37.439587,37.644343],[37.439778,37.643581],[37.442157,37.641107],[37.447201,37.639679],[37.45196,37.638727],[37.456053,37.638347],[37.461859,37.638156],[37.465856,37.637585],[37.468046,37.637014],[37.470806,37.634539],[37.473185,37.630637],[37.474042,37.627591],[37.474994,37.62426],[37.475279,37.621024],[37.474708,37.617883],[37.474518,37.615313],[37.471948,37.611697],[37.469378,37.610555],[37.465285,37.610174],[37.461002,37.610079],[37.456815,37.609127],[37.45434,37.608365],[37.452817,37.607128],[37.452151,37.605891],[37.45196,37.604749],[37.451675,37.603702],[37.450723,37.603226],[37.450342,37.60256],[37.449676,37.600656],[37.449581,37.599704],[37.450152,37.598943],[37.450723,37.598276],[37.450866,37.598039],[37.451009,37.597801],[37.451009,37.597039],[37.451294,37.596278],[37.451342,37.595992],[37.451389,37.595707],[37.45158,37.59504],[37.45158,37.593993],[37.451199,37.593042],[37.450913,37.591995],[37.450913,37.591043],[37.450723,37.5909],[37.450533,37.590757],[37.449962,37.589996],[37.449962,37.589044],[37.450152,37.587997],[37.450438,37.585332],[37.451294,37.583048],[37.452246,37.581144],[37.452722,37.579431],[37.453103,37.577813],[37.455006,37.576671],[37.457386,37.576005],[37.461002,37.574672],[37.468046,37.569913],[37.473566,37.567058],[37.478134,37.56563],[37.48394,37.56525],[37.486701,37.565345],[37.489651,37.565916],[37.492411,37.567629],[37.495457,37.569342],[37.497646,37.570294],[37.503357,37.572198],[37.510876,37.574767],[37.515159,37.576481],[37.523154,37.580097],[37.52658,37.58124],[37.532767,37.584],[37.538763,37.588188],[37.548186,37.591614],[37.552278,37.59209],[37.559036,37.591519],[37.568268,37.590567],[37.57179,37.589901],[37.577596,37.588663],[37.582355,37.587045],[37.58759,37.582477],[37.589779,37.579241],[37.59035,37.576861],[37.590826,37.573149],[37.589778,37.565295],[37.589684,37.564583],[37.588541,37.560395],[37.588256,37.558016],[37.585686,37.546785],[37.58264,37.538695],[37.579214,37.532794],[37.577691,37.530129],[37.576073,37.52813],[37.573789,37.524704],[37.572837,37.521467],[37.572647,37.518707],[37.572647,37.51471],[37.573598,37.510522],[37.575312,37.506715],[37.57712,37.503764],[37.578548,37.499957],[37.577881,37.49339],[37.576263,37.490344],[37.573884,37.48787],[37.571219,37.486061],[37.568173,37.484729],[37.561606,37.481397],[37.559512,37.480636],[37.558655,37.47997],[37.555419,37.475877],[37.552183,37.472355],[37.55047,37.470928],[37.548376,37.468072],[37.547329,37.465693],[37.546853,37.462933],[37.546853,37.460744],[37.547234,37.456937],[37.546853,37.453415],[37.546663,37.45056],[37.545902,37.446372],[37.544131,37.441174],[37.542988,37.438985],[37.54137,37.436035],[37.540419,37.43375],[37.539181,37.431561],[37.537849,37.429372],[37.536707,37.427373],[37.535374,37.42585],[37.534137,37.424042],[37.532804,37.422329],[37.53071,37.42033],[37.528712,37.418046],[37.526808,37.416142],[37.523667,37.413192],[37.521573,37.410527],[37.518813,37.407291],[37.516148,37.405292],[37.513293,37.403198],[37.511182,37.402143],[37.509486,37.401294],[37.502823,37.398915],[37.496922,37.395584],[37.491306,37.39387],[37.487975,37.392443],[37.484073,37.39073],[37.480361,37.390159],[37.477982,37.389397],[37.475412,37.388065],[37.472842,37.386542],[37.469891,37.385876],[37.465703,37.385114],[37.458851,37.384448],[37.455615,37.384162],[37.454568,37.383211],[37.454092,37.379499],[37.454187,37.377119],[37.454187,37.374644],[37.454187,37.372075],[37.454472,37.369029],[37.454948,37.363033],[37.454758,37.358179],[37.454377,37.354467],[37.453045,37.351516],[37.451141,37.347899],[37.448476,37.345329],[37.444859,37.342379],[37.441719,37.341142]]]}},{"type":"Feature","properties":{"id":"TR-D-46-011","parent_id":"TR-P-46","region_id":"TR-R-AKD","level":"district","municipality_type":null,"municipality_type_label":null,"is_metropolitan_municipality":null,"name":"Türkoğlu","name_ascii":"turkoglu","slug":"turkoglu-kahramanmaras"},"geometry":{"type":"Polygon","coordinates":[[[36.889246,37.459315],[36.890931,37.459135],[36.89718,37.458465],[36.908308,37.456719],[36.912782,37.456283],[36.918127,37.454319],[36.924346,37.451264],[36.927619,37.450391],[36.930456,37.447991],[36.931765,37.445045],[36.932201,37.441881],[36.932856,37.43719],[36.933239,37.435657],[36.935196,37.430507],[36.937884,37.425227],[36.943931,37.418315],[36.949691,37.413323],[36.954798,37.408875],[36.965467,37.404099],[36.96729,37.403331],[36.969924,37.40222],[36.972264,37.401244],[36.97282,37.401054],[36.973292,37.400856],[36.973755,37.400639],[36.974211,37.400408],[36.974662,37.400167],[36.975556,37.399666],[36.978295,37.398076],[36.97955,37.397357],[36.980449,37.396859],[36.980903,37.396615],[36.98183,37.396139],[36.982768,37.395675],[36.983042,37.395543],[36.984656,37.394764],[36.991281,37.391599],[36.993178,37.3907],[36.99461,37.390039],[36.996502,37.38921],[37.001261,37.387188],[37.004464,37.385828],[37.008152,37.384271],[37.011382,37.382906],[37.012849,37.382263],[37.013806,37.381812],[37.014273,37.381573],[37.014727,37.381321],[37.015158,37.381056],[37.015489,37.380837],[37.016392,37.380199],[37.01727,37.379533],[37.017974,37.378986],[37.021879,37.375899],[37.023057,37.37498],[37.023854,37.37438],[37.02426,37.374089],[37.024673,37.373806],[37.025096,37.373535],[37.025588,37.373253],[37.025964,37.373059],[37.026194,37.372951],[37.025477,37.37235],[37.025463,37.371463],[37.0255,37.370824],[37.025548,37.370458],[37.025591,37.370132],[37.025911,37.369322],[37.026534,37.368846],[37.027847,37.368226],[37.028088,37.367942],[37.028449,37.367483],[37.028606,37.367036],[37.028345,37.366343],[37.027949,37.365768],[37.027195,37.365201],[37.026632,37.364839],[37.025451,37.364079],[37.024627,37.363416],[37.024006,37.362442],[37.023907,37.36211],[37.02378,37.361678],[37.023743,37.361175],[37.023705,37.360658],[37.023899,37.35937],[37.024267,37.358457],[37.025298,37.357272],[37.026356,37.356224],[37.026694,37.355946],[37.027018,37.355678],[37.027262,37.355217],[37.027735,37.354853],[37.028971,37.353799],[37.029561,37.352934],[37.029892,37.352448],[37.031175,37.351507],[37.031685,37.351199],[37.032025,37.350994],[37.032473,37.350222],[37.032907,37.349354],[37.034062,37.348374],[37.034996,37.34712],[37.035172,37.346477],[37.035437,37.345505],[37.035489,37.345317],[37.035318,37.344261],[37.035129,37.343098],[37.035073,37.341433],[37.035047,37.34066],[37.035624,37.338116],[37.036089,37.335719],[37.036264,37.334817],[37.036216,37.334002],[37.036178,37.333361],[37.036124,37.332429],[37.035878,37.330604],[37.035664,37.329011],[37.035419,37.32791],[37.035057,37.326279],[37.034421,37.323143],[37.034508,37.322197],[37.034376,37.319423],[37.034853,37.316262],[37.035396,37.314487],[37.035359,37.313257],[37.035328,37.312188],[37.035026,37.309045],[37.034633,37.30567],[37.033486,37.303848],[37.031042,37.299064],[37.028947,37.295279],[37.027313,37.292326],[37.026626,37.291608],[37.025147,37.290063],[37.022913,37.287901],[37.01925,37.285485],[37.01516,37.284874],[37.014505,37.284882],[37.012459,37.284905],[37.010368,37.284111],[37.009539,37.283797],[37.009186,37.283663],[37.008007,37.283006],[37.005451,37.28158],[37.003427,37.279789],[37.002439,37.278915],[37.000641,37.277828],[36.999274,37.277689],[36.99871,37.277632],[36.997732,37.277679],[36.99657,37.277735],[36.994136,37.278262],[36.991696,37.278751],[36.989631,37.279047],[36.986857,37.279283],[36.985839,37.27928],[36.985053,37.279277],[36.984177,37.279042],[36.982636,37.27957],[36.98222,37.280735],[36.98096,37.2867],[36.979532,37.291649],[36.977438,37.294504],[36.975249,37.296217],[36.971061,37.299168],[36.966683,37.301357],[36.963637,37.302594],[36.961353,37.303927],[36.957831,37.30564],[36.954405,37.307353],[36.954373,37.307355],[36.952311,37.307448],[36.945744,37.307353],[36.942698,37.307068],[36.937844,37.307068],[36.933275,37.30821],[36.928421,37.310018],[36.924614,37.311732],[36.921378,37.31335],[36.919379,37.314206],[36.915477,37.315443],[36.91167,37.316681],[36.908434,37.317728],[36.903484,37.319441],[36.898821,37.319822],[36.896346,37.319822],[36.894633,37.31906],[36.891682,37.317442],[36.88778,37.314396],[36.883973,37.313159],[36.880832,37.310875],[36.878738,37.307448],[36.877501,37.305164],[36.877215,37.302499],[36.877501,37.299834],[36.877691,37.297835],[36.878167,37.29241],[36.877691,37.289555],[36.876359,37.285938],[36.871409,37.275183],[36.869601,37.272804],[36.865318,37.26814],[36.862082,37.264999],[36.85997,37.263476],[36.856276,37.260811],[36.851612,37.256433],[36.84238,37.249009],[36.83962,37.246629],[36.83448,37.244155],[36.830197,37.243203],[36.824296,37.242917],[36.816872,37.242442],[36.803357,37.24149],[36.797265,37.240252],[36.791935,37.239586],[36.786796,37.237968],[36.780609,37.235874],[36.776231,37.234256],[36.771758,37.231591],[36.768046,37.22845],[36.765285,37.226547],[36.761383,37.226166],[36.757386,37.226832],[36.751104,37.228355],[36.747297,37.229212],[36.744251,37.229212],[36.740158,37.228736],[36.733972,37.227879],[36.727975,37.227213],[36.723121,37.22569],[36.718743,37.223977],[36.716649,37.222835],[36.712461,37.218647],[36.710938,37.216077],[36.710463,37.213793],[36.707988,37.209795],[36.705608,37.207416],[36.705428,37.207283],[36.705417,37.207275],[36.701651,37.209979],[36.696367,37.213607],[36.694789,37.215342],[36.693528,37.216761],[36.693685,37.218102],[36.694711,37.219601],[36.695342,37.220705],[36.694868,37.222125],[36.693685,37.223623],[36.692975,37.22457],[36.692108,37.225595],[36.692108,37.227646],[36.692818,37.229854],[36.692581,37.231431],[36.692029,37.234507],[36.691477,37.236085],[36.690215,37.238214],[36.689663,37.239318],[36.687928,37.240186],[36.685009,37.240423],[36.683038,37.240738],[36.679804,37.24129],[36.677359,37.241921],[36.674283,37.24342],[36.674046,37.244208],[36.675151,37.246653],[36.676334,37.248389],[36.677122,37.249887],[36.677517,37.252174],[36.678227,37.254698],[36.67799,37.25667],[36.676334,37.258326],[36.674677,37.260377],[36.673021,37.262112],[36.671523,37.264084],[36.669709,37.266292],[36.667342,37.268737],[36.665765,37.270551],[36.664424,37.272129],[36.662058,37.274179],[36.659613,37.275757],[36.656932,37.276545],[36.651174,37.279069],[36.645653,37.283328],[36.643523,37.285537],[36.638003,37.28877],[36.636306,37.29024],[36.635636,37.290821],[36.634059,37.292162],[36.632087,37.293739],[36.630668,37.29508],[36.629327,37.295632],[36.629169,37.296579],[36.629248,37.299024],[36.628854,37.301311],[36.629169,37.304545],[36.628775,37.306359],[36.628854,37.30762],[36.629406,37.308961],[36.63122,37.310381],[36.631535,37.31117],[36.631535,37.311879],[36.631062,37.312747],[36.630668,37.313457],[36.631062,37.315034],[36.631535,37.317085],[36.633456,37.31862],[36.635621,37.319702],[36.637687,37.320981],[36.640442,37.322752],[36.641426,37.323835],[36.64182,37.326294],[36.642607,37.329049],[36.643591,37.333182],[36.643787,37.338692],[36.644771,37.340266],[36.646543,37.342234],[36.648045,37.345803],[36.647729,37.347886],[36.649365,37.348593],[36.651462,37.349417],[36.655103,37.350499],[36.660613,37.351877],[36.66445,37.353058],[36.666713,37.354829],[36.669415,37.357426],[36.67066,37.360029],[36.672187,37.364175],[36.674479,37.366902],[36.67546,37.368975],[36.676988,37.371266],[36.67917,37.374539],[36.680561,37.377044],[36.680806,37.377485],[36.683207,37.381958],[36.685061,37.383594],[36.687789,37.385449],[36.691171,37.389813],[36.693135,37.391559],[36.69619,37.393632],[36.699899,37.395159],[36.70219,37.396577],[36.704101,37.396896],[36.707491,37.398923],[36.710755,37.401803],[36.713347,37.404299],[36.715362,37.406219],[36.716802,37.408427],[36.716802,37.411115],[36.715842,37.413131],[36.713731,37.416395],[36.709795,37.420619],[36.707299,37.423595],[36.703171,37.429739],[36.702019,37.432042],[36.701827,37.434826],[36.701731,37.436746],[36.701347,37.438282],[36.700867,37.439818],[36.699139,37.441066],[36.697609,37.441291],[36.695671,37.441663],[36.693271,37.442318],[36.691198,37.443845],[36.689562,37.445482],[36.686834,37.447882],[36.685198,37.449082],[36.684434,37.450282],[36.683125,37.453446],[36.682129,37.454264],[36.682129,37.45721],[36.682375,37.460074],[36.683929,37.463347],[36.686793,37.467111],[36.689821,37.468175],[36.692848,37.467847],[36.694894,37.46752],[36.697676,37.468666],[36.699476,37.469402],[36.70234,37.470057],[36.70635,37.471693],[36.709132,37.472184],[36.711423,37.472511],[36.713468,37.473903],[36.715841,37.476194],[36.719605,37.477585],[36.722633,37.478567],[36.726233,37.48053],[36.730324,37.48364],[36.733679,37.486258],[36.735643,37.487322],[36.739571,37.490513],[36.742435,37.49084],[36.744644,37.490186],[36.747344,37.487813],[36.750617,37.485358],[36.751599,37.48274],[36.753399,37.479058],[36.754381,37.476357],[36.755936,37.47423],[36.758309,37.472021],[36.760601,37.469727],[36.764129,37.466793],[36.768161,37.466025],[36.774401,37.464873],[36.779968,37.465161],[36.78544,37.466793],[36.78832,37.468329],[36.790624,37.469577],[36.792544,37.471785],[36.794464,37.474281],[36.797056,37.476585],[36.799648,37.478313],[36.801568,37.479273],[36.805216,37.480425],[36.808672,37.480617],[36.811456,37.480617],[36.817215,37.480905],[36.820575,37.481385],[36.824607,37.482441],[36.827007,37.482825],[36.831519,37.483593],[36.833247,37.484649],[36.836223,37.486281],[36.838335,37.487145],[36.840639,37.488393],[36.842847,37.488777],[36.845822,37.489065],[36.847934,37.488201],[36.849854,37.486185],[36.851582,37.483689],[36.853406,37.481481],[36.854942,37.479753],[36.85619,37.478217],[36.857292,37.477324],[36.861409,37.476194],[36.864682,37.475048],[36.866564,37.47423],[36.868937,37.472184],[36.870491,37.470384],[36.874092,37.467602],[36.876956,37.464656],[36.880065,37.461138],[36.88522,37.459747],[36.889246,37.459315]]]}}]}