{"type":"FeatureCollection","province":"Kars","province_id":"TR-P-36","features":[{"type":"Feature","properties":{"id":"TR-D-36-001","parent_id":"TR-P-36","region_id":"TR-R-DOA","level":"district","municipality_type":null,"municipality_type_label":null,"is_metropolitan_municipality":null,"name":"Akyaka","name_ascii":"akyaka","slug":"akyaka-kars"},"geometry":{"type":"Polygon","coordinates":[[[43.598948,40.982695],[43.602681,40.980589],[43.603437,40.979949],[43.606468,40.978347],[43.608635,40.977201],[43.610279,40.976015],[43.612692,40.974275],[43.613498,40.973435],[43.614433,40.972497],[43.614933,40.972237],[43.616396,40.972256],[43.616853,40.971993],[43.617278,40.971749],[43.617325,40.971704],[43.618248,40.970829],[43.62049,40.969607],[43.623094,40.968085],[43.62405,40.967563],[43.628096,40.965351],[43.632637,40.962242],[43.632918,40.96205],[43.638179,40.958642],[43.641118,40.956892],[43.642161,40.956271],[43.643405,40.955435],[43.645995,40.953696],[43.648496,40.952103],[43.657787,40.946194],[43.658991,40.945458],[43.660357,40.944641],[43.66599,40.941268],[43.66779,40.940101],[43.669067,40.93928],[43.66987,40.938733],[43.67097,40.937942],[43.672013,40.937369],[43.672955,40.936124],[43.674034,40.934838],[43.674364,40.934254],[43.674433,40.933807],[43.674447,40.933677],[43.67455,40.932713],[43.674612,40.930588],[43.673972,40.928821],[43.673065,40.926077],[43.673033,40.925013],[43.673025,40.924728],[43.67301,40.924385],[43.673711,40.920884],[43.673216,40.918876],[43.672054,40.916339],[43.671441,40.914709],[43.670542,40.912333],[43.670369,40.911875],[43.670458,40.911641],[43.670685,40.911415],[43.670933,40.911119],[43.671888,40.910479],[43.6727,40.910142],[43.674027,40.909668],[43.675951,40.908923],[43.676372,40.90876],[43.676456,40.908668],[43.677073,40.90799],[43.679453,40.904558],[43.679546,40.904432],[43.680154,40.903568],[43.680849,40.902743],[43.68089,40.902495],[43.68087,40.90222],[43.680746,40.901759],[43.679431,40.90008],[43.678284,40.899139],[43.677754,40.898816],[43.676702,40.898286],[43.676729,40.89738],[43.676784,40.89535],[43.676711,40.894234],[43.676695,40.894002],[43.675952,40.892502],[43.675643,40.891553],[43.675003,40.890095],[43.674377,40.888679],[43.674316,40.888541],[43.673738,40.88709],[43.673752,40.885881],[43.673856,40.885029],[43.673938,40.884754],[43.674101,40.883753],[43.674154,40.883692],[43.674472,40.88333],[43.674919,40.882706],[43.675035,40.881314],[43.674909,40.880742],[43.674968,40.880283],[43.675042,40.879897],[43.674924,40.879652],[43.674862,40.879383],[43.674976,40.879044],[43.675408,40.878742],[43.675636,40.878459],[43.675495,40.877828],[43.675836,40.877361],[43.675957,40.877106],[43.675912,40.876945],[43.675934,40.876699],[43.676066,40.876456],[43.676021,40.876145],[43.676318,40.875937],[43.676429,40.875685],[43.67628,40.875422],[43.676304,40.875266],[43.676495,40.874956],[43.676278,40.874646],[43.675981,40.874323],[43.675873,40.873911],[43.675755,40.873296],[43.675826,40.872735],[43.675714,40.87239],[43.675562,40.872102],[43.675492,40.87197],[43.67536,40.871302],[43.675256,40.870814],[43.675665,40.870553],[43.676014,40.870414],[43.676231,40.870083],[43.676144,40.869604],[43.676379,40.869386],[43.676606,40.869221],[43.676998,40.869186],[43.677424,40.868933],[43.678069,40.868803],[43.678321,40.868663],[43.678643,40.86835],[43.679034,40.86768],[43.679513,40.86744],[43.679827,40.867231],[43.680081,40.866528],[43.680171,40.866363],[43.680577,40.866112],[43.680838,40.865981],[43.680843,40.865979],[43.681169,40.865851],[43.68089,40.865337],[43.680893,40.865141],[43.680856,40.864822],[43.680836,40.864676],[43.680816,40.864535],[43.680823,40.864515],[43.6807,40.862872],[43.680796,40.862278],[43.680822,40.862174],[43.681145,40.86084],[43.68113,40.859609],[43.681041,40.859075],[43.680915,40.858645],[43.680796,40.858222],[43.680217,40.855699],[43.679958,40.854611],[43.679808,40.854004],[43.678609,40.851207],[43.678642,40.851045],[43.678876,40.850825],[43.678854,40.850644],[43.678585,40.849893],[43.677366,40.847519],[43.677243,40.847148],[43.677326,40.846795],[43.677847,40.84601],[43.67819,40.845461],[43.678334,40.844956],[43.678297,40.844835],[43.678231,40.844624],[43.678286,40.844295],[43.678656,40.843979],[43.679457,40.843657],[43.679644,40.843581],[43.680256,40.843171],[43.680752,40.842667],[43.681406,40.842236],[43.682474,40.841248],[43.682828,40.840833],[43.683685,40.840249],[43.684503,40.8391],[43.684849,40.838619],[43.684854,40.838612],[43.684863,40.838606],[43.685505,40.838171],[43.686335,40.837716],[43.686699,40.837393],[43.687048,40.836797],[43.687172,40.836586],[43.687707,40.836028],[43.688512,40.835559],[43.689264,40.835214],[43.689783,40.835131],[43.690186,40.83496],[43.690768,40.834713],[43.691209,40.834474],[43.691296,40.834427],[43.691808,40.834093],[43.69206,40.833915],[43.692396,40.833665],[43.693054,40.833147],[43.693365,40.832862],[43.693899,40.832209],[43.694558,40.831299],[43.694811,40.830823],[43.695537,40.829792],[43.695663,40.82957],[43.695775,40.829421],[43.696445,40.828968],[43.697166,40.828798],[43.697848,40.828798],[43.699821,40.827849],[43.700257,40.827584],[43.700729,40.827258],[43.701148,40.826123],[43.701452,40.825725],[43.701831,40.825194],[43.702307,40.824735],[43.702666,40.824398],[43.702945,40.824253],[43.703375,40.823949],[43.703986,40.82353],[43.704686,40.822783],[43.705147,40.822377],[43.705251,40.822095],[43.705318,40.821717],[43.705624,40.821382],[43.706196,40.821048],[43.706334,40.820968],[43.70643,40.820871],[43.706734,40.820545],[43.707052,40.819696],[43.707364,40.818862],[43.707557,40.81772],[43.707742,40.817223],[43.70792,40.816926],[43.708071,40.81664],[43.708299,40.81609],[43.70858,40.815399],[43.708855,40.814902],[43.708995,40.814754],[43.709361,40.814364],[43.709778,40.813909],[43.710006,40.81353],[43.710278,40.813093],[43.710498,40.812619],[43.710649,40.812092],[43.710574,40.811557],[43.710593,40.81114],[43.710878,40.810457],[43.711238,40.809565],[43.711542,40.808807],[43.711693,40.80801],[43.711997,40.807707],[43.712528,40.807422],[43.71277,40.80719],[43.712911,40.806849],[43.712999,40.806286],[43.71321,40.805791],[43.713818,40.805374],[43.714364,40.805173],[43.71452,40.80481],[43.714785,40.804502],[43.715278,40.804407],[43.715695,40.804179],[43.716681,40.803784],[43.716692,40.803779],[43.717288,40.803022],[43.717668,40.802017],[43.717778,40.801788],[43.718167,40.800983],[43.718199,40.800917],[43.718205,40.800899],[43.718412,40.800346],[43.718673,40.799305],[43.718746,40.798915],[43.718657,40.798559],[43.718716,40.798188],[43.719332,40.797217],[43.719583,40.796896],[43.719318,40.796365],[43.719299,40.795834],[43.719695,40.795407],[43.719754,40.794666],[43.720014,40.794199],[43.720816,40.793672],[43.721238,40.792923],[43.721435,40.792853],[43.722125,40.79261],[43.722561,40.792458],[43.723073,40.792003],[43.723227,40.791389],[43.723314,40.790904],[43.723336,40.790676],[43.723121,40.790142],[43.722773,40.790005],[43.722716,40.789778],[43.722735,40.789569],[43.723306,40.788993],[43.723351,40.78857],[43.72336,40.787692],[43.723655,40.787384],[43.724374,40.787236],[43.724794,40.787034],[43.725019,40.786887],[43.72499,40.786612],[43.725286,40.786324],[43.725382,40.786168],[43.725369,40.785986],[43.725234,40.785686],[43.725353,40.785293],[43.725508,40.785033],[43.725502,40.784925],[43.725426,40.784621],[43.725153,40.784462],[43.725049,40.784181],[43.724923,40.784003],[43.724737,40.783936],[43.724616,40.783937],[43.724419,40.783938],[43.7243,40.783899],[43.724226,40.783617],[43.724248,40.783394],[43.724213,40.7832],[43.724359,40.783039],[43.724403,40.782052],[43.724448,40.781674],[43.724497,40.781531],[43.724633,40.780962],[43.725086,40.780703],[43.725331,40.779787],[43.725578,40.779256],[43.725881,40.779029],[43.725968,40.778797],[43.725753,40.778219],[43.726051,40.77791],[43.726294,40.777677],[43.726383,40.777455],[43.726753,40.777323],[43.726791,40.777],[43.726582,40.776716],[43.726525,40.776432],[43.726677,40.776166],[43.727037,40.775996],[43.727359,40.775711],[43.727529,40.77552],[43.727733,40.77529],[43.727851,40.775112],[43.728118,40.774904],[43.72844,40.774536],[43.728572,40.773948],[43.728933,40.773417],[43.729075,40.77305],[43.729179,40.772857],[43.729305,40.772694],[43.729634,40.772489],[43.729764,40.772175],[43.729705,40.771886],[43.729794,40.77136],[43.730002,40.771293],[43.730246,40.771033],[43.730392,40.770479],[43.730595,40.770106],[43.730639,40.769702],[43.73079,40.769303],[43.730825,40.769127],[43.730809,40.768981],[43.73062,40.768545],[43.730733,40.768166],[43.730717,40.768071],[43.730677,40.767844],[43.730733,40.767503],[43.73062,40.767067],[43.730658,40.766706],[43.730563,40.766346],[43.73038,40.766139],[43.730417,40.765924],[43.730487,40.765853],[43.73058,40.76565],[43.73098,40.765341],[43.73121,40.765123],[43.731473,40.764526],[43.731618,40.764196],[43.731529,40.763922],[43.731525,40.763681],[43.731624,40.763608],[43.731771,40.76347],[43.731754,40.763295],[43.731524,40.763105],[43.731472,40.762972],[43.731397,40.762786],[43.731472,40.762675],[43.731538,40.762563],[43.732212,40.762346],[43.732689,40.762155],[43.733068,40.761843],[43.733425,40.761816],[43.733597,40.76174],[43.733705,40.761692],[43.733742,40.761506],[43.733751,40.761464],[43.733624,40.761271],[43.733639,40.761034],[43.733711,40.760898],[43.733921,40.7609],[43.734126,40.760804],[43.734285,40.760738],[43.734589,40.760611],[43.734842,40.760087],[43.73528,40.759809],[43.735615,40.759503],[43.735881,40.759297],[43.736,40.759118],[43.736111,40.758562],[43.736004,40.758443],[43.73597,40.758406],[43.735673,40.758421],[43.735578,40.758372],[43.735525,40.758242],[43.735554,40.757886],[43.735615,40.757769],[43.735703,40.75773],[43.73597,40.757797],[43.736274,40.757789],[43.736388,40.757712],[43.736505,40.757478],[43.736388,40.757335],[43.736512,40.757121],[43.736631,40.756862],[43.736786,40.756861],[43.736937,40.756817],[43.737061,40.75678],[43.737046,40.756631],[43.737041,40.756621],[43.736935,40.756401],[43.73701,40.756129],[43.737091,40.75603],[43.737104,40.755563],[43.737236,40.75528],[43.73764,40.75502],[43.737916,40.754939],[43.737972,40.754922],[43.738071,40.754753],[43.738037,40.754702],[43.737937,40.754553],[43.737967,40.754352],[43.738086,40.754204],[43.738066,40.753829],[43.738375,40.753558],[43.738338,40.753105],[43.738549,40.752878],[43.738583,40.752719],[43.738523,40.752385],[43.738345,40.752222],[43.73833,40.751969],[43.738412,40.751724],[43.73882,40.751375],[43.738924,40.751167],[43.738914,40.75102],[43.738895,40.750587],[43.739159,40.75021],[43.739706,40.749833],[43.740497,40.749531],[43.740729,40.749384],[43.741119,40.749135],[43.741456,40.748461],[43.74145,40.748229],[43.741404,40.74805],[43.741383,40.747967],[43.741321,40.747425],[43.741394,40.747147],[43.741374,40.746854],[43.741284,40.746487],[43.741291,40.746319],[43.741466,40.746096],[43.741732,40.7459],[43.741917,40.745838],[43.74202,40.7458],[43.742098,40.745717],[43.742086,40.745429],[43.742435,40.744865],[43.742977,40.744634],[43.743137,40.744499],[43.743222,40.744421],[43.743363,40.744291],[43.743408,40.7441],[43.743406,40.74404],[43.743393,40.743551],[43.743269,40.743236],[43.743007,40.742905],[43.742933,40.742667],[43.742881,40.742274],[43.742999,40.742044],[43.743163,40.741954],[43.743445,40.741813],[43.743601,40.741784],[43.743834,40.741634],[43.743905,40.741524],[43.744009,40.741301],[43.744195,40.741168],[43.744551,40.741093],[43.744811,40.740945],[43.744835,40.740947],[43.745014,40.740966],[43.745118,40.740978],[43.745234,40.740916],[43.745189,40.740737],[43.74502,40.740518],[43.744962,40.740444],[43.744983,40.740283],[43.745172,40.739786],[43.745182,40.739564],[43.745145,40.739304],[43.74521,40.738881],[43.745427,40.737782],[43.745477,40.737567],[43.745384,40.737229],[43.745456,40.736988],[43.745625,40.736714],[43.746043,40.736253],[43.746332,40.73606],[43.746597,40.735837],[43.746696,40.735671],[43.746778,40.735533],[43.746788,40.735375],[43.746793,40.735281],[43.746833,40.735228],[43.74706,40.734924],[43.747194,40.734694],[43.747254,40.734086],[43.747229,40.733903],[43.747223,40.733862],[43.747249,40.73383],[43.747446,40.733588],[43.74749,40.733365],[43.747441,40.733088],[43.7474,40.732859],[43.7474,40.732621],[43.747468,40.732318],[43.747617,40.732204],[43.747661,40.73217],[43.748032,40.731799],[43.748248,40.731638],[43.748286,40.731533],[43.748404,40.731247],[43.748478,40.730983],[43.748285,40.730767],[43.747718,40.730513],[43.747466,40.730399],[43.747275,40.730024],[43.747438,40.729683],[43.747565,40.72949],[43.747592,40.729385],[43.747654,40.729145],[43.747646,40.728881],[43.747409,40.727894],[43.747308,40.727522],[43.747342,40.727263],[43.747505,40.727047],[43.747728,40.726676],[43.747709,40.726482],[43.747454,40.726355],[43.747275,40.726023],[43.747071,40.725881],[43.746889,40.725956],[43.746711,40.725934],[43.746518,40.725808],[43.74648,40.725592],[43.74628,40.725414],[43.74604,40.72534],[43.745835,40.725199],[43.745901,40.724902],[43.745874,40.724677],[43.745648,40.724495],[43.745619,40.72439],[43.745667,40.724258],[43.745708,40.724189],[43.745603,40.723974],[43.745397,40.723877],[43.74504,40.723944],[43.7447,40.72402],[43.744387,40.724018],[43.744157,40.723848],[43.743912,40.723855],[43.743697,40.723706],[43.743778,40.723565],[43.743806,40.723437],[43.743786,40.723343],[43.743585,40.723239],[43.74308,40.723046],[43.743078,40.722996],[43.74311,40.722749],[43.742865,40.722563],[43.742821,40.722393],[43.742811,40.72231],[43.742639,40.722177],[43.742587,40.722178],[43.742316,40.722237],[43.742092,40.722197],[43.741983,40.72196],[43.741983,40.721814],[43.742004,40.721635],[43.741959,40.721509],[43.741498,40.721362],[43.741174,40.721035],[43.741071,40.720939],[43.740779,40.720574],[43.740846,40.720455],[43.740875,40.720314],[43.740728,40.720244],[43.740215,40.720061],[43.739938,40.720155],[43.739821,40.720195],[43.739599,40.720143],[43.739554,40.719831],[43.739542,40.719684],[43.739456,40.719585],[43.739287,40.719334],[43.739274,40.719302],[43.739093,40.718847],[43.738856,40.718636],[43.738812,40.718629],[43.738515,40.718584],[43.738299,40.718599],[43.738129,40.71851],[43.738069,40.718213],[43.738085,40.717961],[43.737713,40.717478],[43.737728,40.717278],[43.737891,40.717107],[43.738136,40.717018],[43.738326,40.716815],[43.73821,40.715993],[43.738507,40.71585],[43.738848,40.71582],[43.738984,40.715808],[43.739372,40.715448],[43.739412,40.715267],[43.739412,40.715046],[43.7393,40.714948],[43.73916,40.714828],[43.738678,40.71465],[43.738641,40.714523],[43.738467,40.714221],[43.738123,40.714114],[43.737812,40.714002],[43.737745,40.713915],[43.73712,40.71396],[43.736418,40.71377],[43.735634,40.713261],[43.7355,40.713068],[43.735397,40.712875],[43.735417,40.712496],[43.735908,40.71235],[43.73609,40.711932],[43.736381,40.711568],[43.736654,40.711531],[43.736807,40.71171],[43.736933,40.711903],[43.737082,40.712006],[43.737252,40.711999],[43.737564,40.711713],[43.737661,40.71162],[43.737854,40.711687],[43.737968,40.711773],[43.738169,40.711747],[43.738234,40.711515],[43.738308,40.711434],[43.738529,40.711367],[43.738856,40.711349],[43.739165,40.711389],[43.739394,40.711522],[43.739439,40.711731],[43.739623,40.711966],[43.73982,40.712065],[43.740026,40.711992],[43.740662,40.711435],[43.741025,40.711099],[43.741058,40.71095],[43.741064,40.710806],[43.741056,40.710665],[43.740997,40.710527],[43.740181,40.710146],[43.740132,40.710081],[43.740101,40.709872],[43.740221,40.709651],[43.740459,40.709629],[43.741148,40.70977],[43.741578,40.709784],[43.741853,40.709747],[43.742113,40.70967],[43.742413,40.709411],[43.742486,40.709319],[43.742535,40.709258],[43.742537,40.709245],[43.742587,40.708954],[43.742453,40.708731],[43.742602,40.708642],[43.74278,40.708323],[43.742616,40.708183],[43.742598,40.708044],[43.742678,40.707878],[43.742889,40.707697],[43.743038,40.707438],[43.743017,40.707241],[43.743165,40.706833],[43.743161,40.706745],[43.743076,40.706507],[43.743054,40.706306],[43.74295,40.706158],[43.742757,40.706062],[43.742447,40.706004],[43.742295,40.705937],[43.742248,40.705812],[43.74185,40.705717],[43.74166,40.705666],[43.74162,40.705521],[43.741637,40.705343],[43.741957,40.705018],[43.742262,40.704721],[43.742427,40.704674],[43.742603,40.70469],[43.74283,40.704932],[43.743055,40.705091],[43.74322,40.705071],[43.743478,40.705005],[43.743577,40.704898],[43.743584,40.704813],[43.743585,40.704749],[43.743646,40.704712],[43.743758,40.704665],[43.744085,40.705078],[43.744331,40.705221],[43.744465,40.705516],[43.744279,40.705838],[43.744478,40.705947],[43.74478,40.70601],[43.745041,40.705901],[43.74536,40.705767],[43.745637,40.705221],[43.745685,40.704933],[43.745701,40.704838],[43.745708,40.704473],[43.745882,40.704323],[43.74607,40.704197],[43.746127,40.704159],[43.746319,40.704048],[43.746371,40.703958],[43.746428,40.703855],[43.746518,40.703688],[43.746525,40.703308],[43.746441,40.703012],[43.746428,40.702735],[43.746396,40.70265],[43.746293,40.702381],[43.746242,40.702008],[43.746032,40.701738],[43.74595,40.701343],[43.746016,40.701222],[43.746126,40.701055],[43.7461,40.700791],[43.745817,40.699768],[43.745583,40.699384],[43.745302,40.699047],[43.745122,40.698699],[43.744966,40.698081],[43.744968,40.698076],[43.745151,40.69761],[43.745224,40.697471],[43.745216,40.69733],[43.745167,40.696994],[43.744124,40.696376],[43.743892,40.696388],[43.743512,40.696356],[43.743394,40.696344],[43.743261,40.696331],[43.743158,40.696266],[43.743107,40.696079],[43.743111,40.696076],[43.743293,40.695944],[43.743615,40.695873],[43.743828,40.695846],[43.743918,40.695725],[43.743911,40.695584],[43.743637,40.69537],[43.743564,40.695236],[43.743392,40.695125],[43.743433,40.694908],[43.743577,40.694786],[43.743596,40.694605],[43.743487,40.694528],[43.743319,40.694399],[43.7431,40.694284],[43.742811,40.694277],[43.742508,40.694367],[43.742358,40.694309],[43.742195,40.694268],[43.742073,40.694241],[43.741855,40.694241],[43.741637,40.694241],[43.741501,40.6942],[43.741542,40.694064],[43.741488,40.693846],[43.741324,40.693621],[43.741257,40.693452],[43.741227,40.693331],[43.74127,40.693058],[43.741869,40.692105],[43.741948,40.692018],[43.742032,40.691644],[43.741461,40.691452],[43.741107,40.691398],[43.740905,40.691438],[43.740481,40.691629],[43.74012,40.691715],[43.739779,40.691722],[43.739696,40.691702],[43.739586,40.691676],[43.739534,40.691644],[43.739438,40.691425],[43.739406,40.691166],[43.739328,40.690962],[43.73927,40.69069],[43.739212,40.690215],[43.739302,40.689951],[43.739488,40.689738],[43.739659,40.689722],[43.739817,40.689707],[43.740146,40.689604],[43.740609,40.689353],[43.741243,40.689411],[43.741472,40.689346],[43.741909,40.689095],[43.742257,40.688786],[43.742752,40.688387],[43.742971,40.688132],[43.74312,40.687901],[43.743184,40.687692],[43.743171,40.687608],[43.743126,40.68755],[43.742917,40.687465],[43.742563,40.687669],[43.742209,40.687697],[43.742046,40.687656],[43.742026,40.687615],[43.741961,40.68748],[43.741978,40.687261],[43.741828,40.687003],[43.741637,40.686796],[43.741597,40.686624],[43.741749,40.686577],[43.741869,40.686594],[43.742508,40.686649],[43.743294,40.686802],[43.743349,40.686808],[43.743971,40.686869],[43.744522,40.686784],[43.744864,40.686682],[43.745224,40.686463],[43.745311,40.686282],[43.745311,40.685982],[43.745066,40.68586],[43.744761,40.685807],[43.744753,40.685805],[43.744604,40.685724],[43.744567,40.6856],[43.745256,40.685233],[43.745308,40.685092],[43.745282,40.68495],[43.745243,40.684826],[43.745237,40.684615],[43.745284,40.684486],[43.745447,40.684404],[43.745836,40.68438],[43.745912,40.684376],[43.746163,40.684413],[43.746903,40.684214],[43.747279,40.684046],[43.747393,40.683887],[43.747379,40.683737],[43.747067,40.68366],[43.746848,40.683494],[43.746862,40.683057],[43.747107,40.682799],[43.747359,40.681893],[43.747375,40.681668],[43.747379,40.681601],[43.747455,40.681517],[43.747624,40.681329],[43.748141,40.681288],[43.748328,40.681118],[43.748516,40.68091],[43.748672,40.680731],[43.748754,40.680458],[43.748958,40.680037],[43.74889,40.679821],[43.748835,40.679356],[43.749191,40.678878],[43.749733,40.678499],[43.750046,40.678336],[43.750013,40.677935],[43.749933,40.677675],[43.749801,40.677261],[43.749772,40.67702],[43.749752,40.676893],[43.749578,40.676505],[43.749257,40.676186],[43.748931,40.676009],[43.748691,40.675921],[43.748672,40.675914],[43.74825,40.675764],[43.747747,40.675589],[43.746958,40.675506],[43.746645,40.675492],[43.746359,40.675492],[43.745869,40.675601],[43.744959,40.676224],[43.74459,40.676445],[43.74413,40.676672],[43.743789,40.676832],[43.743442,40.676852],[43.743007,40.676893],[43.742672,40.676866],[43.74176,40.676785],[43.740874,40.676465],[43.740406,40.676017],[43.740039,40.675562],[43.740045,40.675281],[43.740152,40.675061],[43.740333,40.675001],[43.740553,40.6749],[43.741082,40.674947],[43.741787,40.674907],[43.742071,40.674733],[43.742293,40.674516],[43.742385,40.674212],[43.742238,40.673904],[43.742251,40.673643],[43.742304,40.673547],[43.742495,40.673261],[43.742966,40.672906],[43.743374,40.67254],[43.743638,40.672213],[43.743733,40.671914],[43.743535,40.671605],[43.743515,40.671357],[43.743849,40.671177],[43.74413,40.671076],[43.744277,40.670862],[43.74429,40.670608],[43.744128,40.670308],[43.743668,40.67002],[43.743381,40.669659],[43.743147,40.66891],[43.743164,40.668843],[43.743202,40.668689],[43.742933,40.668536],[43.742793,40.668255],[43.742658,40.667628],[43.742481,40.667411],[43.742073,40.667261],[43.741048,40.667185],[43.740755,40.667228],[43.74025,40.667302],[43.739784,40.667346],[43.739189,40.667366],[43.738332,40.667329],[43.73757,40.66722],[43.736658,40.667043],[43.736291,40.666934],[43.735883,40.666649],[43.735875,40.666566],[43.735855,40.666349],[43.73591,40.666132],[43.735964,40.665873],[43.736014,40.665748],[43.736188,40.665441],[43.736318,40.665002],[43.736244,40.664598],[43.736395,40.664063],[43.736388,40.663756],[43.736315,40.663362],[43.736034,40.663067],[43.735556,40.662553],[43.735245,40.662486],[43.735175,40.662499],[43.734508,40.662581],[43.733679,40.662744],[43.732785,40.66294],[43.732345,40.663125],[43.732195,40.663356],[43.732197,40.663869],[43.732197,40.664605],[43.73191,40.664812],[43.731678,40.664934],[43.731529,40.664989],[43.731361,40.665053],[43.731,40.665059],[43.730495,40.664921],[43.730141,40.664771],[43.729556,40.664513],[43.728985,40.664227],[43.728726,40.6639],[43.728593,40.663381],[43.728508,40.66307],[43.728318,40.662757],[43.727964,40.662554],[43.727556,40.662417],[43.726985,40.662431],[43.72625,40.662703],[43.725706,40.662594],[43.72501,40.662018],[43.724984,40.661547],[43.724776,40.661068],[43.724658,40.660839],[43.723733,40.660445],[43.723573,40.659965],[43.723319,40.659698],[43.723252,40.659518],[43.723066,40.659098],[43.72293,40.658458],[43.722903,40.65824],[43.722753,40.657996],[43.722291,40.657751],[43.721768,40.657599],[43.72155,40.657556],[43.720127,40.657274],[43.719284,40.657411],[43.718967,40.657338],[43.718916,40.656989],[43.719012,40.656336],[43.719085,40.655348],[43.719393,40.655084],[43.720318,40.654893],[43.720322,40.654891],[43.720508,40.654771],[43.720672,40.654444],[43.720586,40.654061],[43.72033,40.652642],[43.720263,40.652458],[43.719978,40.652036],[43.719742,40.651764],[43.719603,40.651584],[43.718998,40.651274],[43.718835,40.650934],[43.71878,40.650471],[43.71908,40.650104],[43.719375,40.649729],[43.719375,40.649542],[43.719237,40.649106],[43.719161,40.648767],[43.719195,40.648421],[43.719375,40.648054],[43.719707,40.64784],[43.72015,40.647805],[43.720448,40.64793],[43.720766,40.64804],[43.721039,40.648104],[43.721382,40.648068],[43.721555,40.647916],[43.721556,40.647492],[43.72123,40.647258],[43.72044,40.647329],[43.720136,40.647293],[43.719956,40.647168],[43.719964,40.646839],[43.720039,40.646497],[43.719964,40.646308],[43.719728,40.646276],[43.719433,40.646267],[43.718987,40.646442],[43.718496,40.646435],[43.71768,40.646283],[43.717423,40.646109],[43.71714,40.645847],[43.716998,40.645478],[43.716944,40.645152],[43.717107,40.644988],[43.717324,40.644907],[43.717651,40.645029],[43.717982,40.645311],[43.718018,40.645342],[43.718129,40.645459],[43.718378,40.645556],[43.718731,40.645459],[43.719153,40.645092],[43.719223,40.644954],[43.719325,40.644757],[43.719352,40.644403],[43.719311,40.644104],[43.718944,40.643764],[43.718503,40.643452],[43.717811,40.643002],[43.717322,40.642696],[43.717093,40.642553],[43.716849,40.642331],[43.716828,40.641978],[43.717093,40.641546],[43.717368,40.64141],[43.717589,40.6413],[43.717842,40.641233],[43.718263,40.641192],[43.718699,40.64141],[43.718882,40.641625],[43.719012,40.641777],[43.719299,40.641978],[43.719815,40.641941],[43.720196,40.641886],[43.720549,40.641737],[43.720662,40.641694],[43.720787,40.641583],[43.720876,40.641315],[43.72074,40.641002],[43.72042,40.640649],[43.720359,40.64043],[43.720381,40.640298],[43.7204,40.640186],[43.720468,40.639846],[43.720358,40.639694],[43.719923,40.639532],[43.719502,40.639274],[43.719352,40.639056],[43.71937,40.638665],[43.71957,40.638077],[43.719787,40.637709],[43.720046,40.637505],[43.720402,40.637487],[43.720558,40.637528],[43.720971,40.6376],[43.721091,40.637514],[43.720396,40.636811],[43.720136,40.636455],[43.720127,40.636335],[43.720094,40.636192],[43.720171,40.63595],[43.720288,40.635715],[43.720549,40.63565],[43.72092,40.635672],[43.720953,40.635674],[43.720975,40.635686],[43.720992,40.635698],[43.72102,40.635714],[43.721048,40.635731],[43.721051,40.635733],[43.721113,40.635772],[43.72115,40.635795],[43.721234,40.635848],[43.721482,40.635915],[43.721711,40.635894],[43.721754,40.635757],[43.721749,40.635555],[43.721586,40.6353],[43.72144,40.635179],[43.721112,40.6349],[43.720791,40.634575],[43.720599,40.634538],[43.720233,40.634476],[43.720228,40.634475],[43.719659,40.634331],[43.719164,40.634237],[43.718993,40.633934],[43.718648,40.633542],[43.718468,40.633403],[43.718254,40.633355],[43.717783,40.633239],[43.717271,40.633182],[43.717036,40.633293],[43.716864,40.633435],[43.71673,40.633634],[43.716742,40.633841],[43.716851,40.634006],[43.717253,40.634292],[43.717369,40.634499],[43.717198,40.634681],[43.716804,40.634826],[43.716279,40.634821],[43.71578,40.634584],[43.7155,40.634401],[43.714819,40.633792],[43.714606,40.633537],[43.714624,40.633354],[43.71477,40.633196],[43.71499,40.632921],[43.715222,40.632649],[43.714808,40.632256],[43.714636,40.632106],[43.713869,40.631656],[43.713506,40.631583],[43.713102,40.631583],[43.71239,40.631772],[43.712206,40.631801],[43.711897,40.63179],[43.711593,40.631571],[43.711562,40.63134],[43.711617,40.631273],[43.711757,40.63106],[43.712067,40.630607],[43.712524,40.630317],[43.712913,40.630052],[43.713532,40.629847],[43.714122,40.629652],[43.714271,40.62938],[43.714228,40.629282],[43.714174,40.629172],[43.713759,40.629124],[43.713273,40.629015],[43.713056,40.628856],[43.712968,40.628442],[43.712987,40.628156],[43.712883,40.628035],[43.712572,40.627922],[43.711392,40.627998],[43.711051,40.627984],[43.71089,40.627978],[43.709457,40.627297],[43.708785,40.626941],[43.708226,40.626753],[43.707644,40.626676],[43.707229,40.626713],[43.70698,40.626711],[43.706537,40.626676],[43.706288,40.626455],[43.706032,40.626206],[43.705829,40.625906],[43.70579,40.625714],[43.705803,40.625361],[43.705713,40.625098],[43.705437,40.624559],[43.705588,40.623229],[43.705741,40.622925],[43.706108,40.622704],[43.706544,40.622925],[43.706947,40.623155],[43.706994,40.623192],[43.707547,40.623631],[43.70799,40.623756],[43.708336,40.6237],[43.708489,40.623639],[43.70889,40.62343],[43.709042,40.623126],[43.708876,40.622344],[43.708429,40.622036],[43.707997,40.621735],[43.707727,40.621403],[43.707673,40.62119],[43.707492,40.620555],[43.707367,40.620212],[43.707028,40.619555],[43.707038,40.619043],[43.707298,40.618635],[43.707928,40.618648],[43.708509,40.618669],[43.708993,40.618538],[43.709263,40.618289],[43.709409,40.617894],[43.709312,40.6175],[43.708945,40.617064],[43.70852,40.616836],[43.707461,40.616473],[43.706959,40.616434],[43.706427,40.616579],[43.705921,40.616717],[43.705284,40.616836],[43.704786,40.616759],[43.704509,40.616468],[43.70455,40.615873],[43.704197,40.614441],[43.703941,40.61424],[43.70345,40.613866],[43.703076,40.613541],[43.703007,40.613112],[43.703125,40.612641],[43.703471,40.611866],[43.703948,40.611603],[43.70415,40.611528],[43.704347,40.611454],[43.705374,40.611492],[43.70601,40.611424],[43.706218,40.61089],[43.706246,40.610579],[43.70595,40.610033],[43.705073,40.60964],[43.703962,40.609472],[43.702668,40.609236],[43.702663,40.609234],[43.702049,40.609005],[43.701699,40.608773],[43.701623,40.608406],[43.701672,40.608251],[43.701838,40.607735],[43.701914,40.607333],[43.701824,40.606648],[43.701319,40.606212],[43.700538,40.606072],[43.699685,40.606406],[43.699256,40.60651],[43.699019,40.606579],[43.698651,40.606686],[43.69764,40.606741],[43.696966,40.606645],[43.696058,40.606411],[43.695866,40.606342],[43.694304,40.610075],[43.692751,40.613825],[43.69208,40.615483],[43.691606,40.616733],[43.691309,40.617603],[43.691029,40.618477],[43.690489,40.620229],[43.690096,40.621545],[43.689727,40.622863],[43.689514,40.623747],[43.68943,40.624169],[43.689354,40.624592],[43.689223,40.625441],[43.689109,40.626291],[43.689009,40.627143],[43.688928,40.627995],[43.688897,40.628421],[43.688877,40.628848],[43.688867,40.629285],[43.688868,40.629723],[43.68889,40.630599],[43.688949,40.631913],[43.689327,40.638516],[43.689358,40.639398],[43.689364,40.639839],[43.68936,40.64028],[43.689341,40.64072],[43.689307,40.641147],[43.68926,40.641573],[43.689203,40.641999],[43.68907,40.642851],[43.688763,40.644553],[43.688498,40.645824],[43.688284,40.646664],[43.688155,40.647079],[43.688005,40.647489],[43.687829,40.647893],[43.687631,40.64829],[43.687417,40.648684],[43.687189,40.649074],[43.686705,40.649844],[43.68645,40.650223],[43.686184,40.650595],[43.685906,40.65096],[43.685612,40.651313],[43.685297,40.651651],[43.684996,40.651932],[43.684672,40.652193],[43.684322,40.652432],[43.683882,40.652675],[43.683413,40.652891],[43.682921,40.653087],[43.682413,40.653267],[43.681369,40.653601],[43.680302,40.653913],[43.678687,40.654364],[43.677057,40.654803],[43.674319,40.655526],[43.673232,40.655825],[43.672161,40.656143],[43.671636,40.656317],[43.671121,40.656504],[43.670622,40.65671],[43.67015,40.656936],[43.669693,40.65718],[43.669248,40.657439],[43.668812,40.657708],[43.668383,40.657986],[43.667547,40.65856],[43.667142,40.658856],[43.666747,40.659159],[43.666368,40.659471],[43.666008,40.659793],[43.665675,40.66013],[43.665372,40.660488],[43.665096,40.66086],[43.664839,40.661242],[43.664596,40.661632],[43.664137,40.662426],[43.663481,40.663633],[43.661543,40.66727],[43.660909,40.668485],[43.660518,40.669272],[43.660158,40.670037],[43.659653,40.671192],[43.659352,40.671968],[43.659219,40.672359],[43.659102,40.672752],[43.659006,40.673144],[43.658925,40.673538],[43.658656,40.675125],[43.658491,40.675963],[43.658389,40.676402],[43.658166,40.677279],[43.657925,40.678154],[43.657672,40.679028],[43.657402,40.679896],[43.657258,40.680328],[43.657102,40.680755],[43.656933,40.681178],[43.656743,40.681594],[43.656524,40.682001],[43.656272,40.682395],[43.655991,40.68278],[43.65569,40.683157],[43.655373,40.683528],[43.654706,40.684256],[43.654007,40.684964],[43.653645,40.685308],[43.653272,40.685642],[43.652885,40.685963],[43.652479,40.686265],[43.652048,40.686542],[43.651602,40.686783],[43.651136,40.687004],[43.649702,40.687628],[43.64924,40.687851],[43.648802,40.688097],[43.648386,40.688378],[43.647997,40.688685],[43.647628,40.689011],[43.647274,40.689351],[43.646594,40.690059],[43.646263,40.690421],[43.645616,40.691155],[43.644991,40.691898],[43.64469,40.692272],[43.644403,40.692649],[43.644133,40.693029],[43.64389,40.693414],[43.643682,40.693806],[43.643523,40.694207],[43.643423,40.694616],[43.643371,40.695034],[43.643352,40.695459],[43.643356,40.695888],[43.643423,40.69719],[43.643441,40.697626],[43.643445,40.698062],[43.643428,40.698497],[43.643384,40.698933],[43.643317,40.699369],[43.643233,40.699804],[43.643137,40.700238],[43.64292,40.701106],[43.642685,40.701972],[43.642064,40.704136],[43.641663,40.70543],[43.641518,40.70586],[43.641204,40.706716],[43.640697,40.707994],[43.640341,40.70884],[43.639965,40.709676],[43.639764,40.710087],[43.639548,40.71049],[43.639312,40.710881],[43.639047,40.711258],[43.638744,40.711612],[43.638414,40.711923],[43.638049,40.712215],[43.637658,40.712491],[43.637247,40.712757],[43.636822,40.713014],[43.635944,40.713511],[43.635041,40.713987],[43.634583,40.714216],[43.634118,40.714436],[43.633647,40.714646],[43.633167,40.71484],[43.632676,40.715015],[43.632154,40.71517],[43.631619,40.715303],[43.631076,40.715421],[43.630527,40.715526],[43.629973,40.715622],[43.628856,40.715789],[43.628294,40.715861],[43.62773,40.715924],[43.627165,40.715975],[43.626605,40.716013],[43.625482,40.716059],[43.624356,40.71608],[43.623231,40.716083],[43.622108,40.716067],[43.621548,40.716049],[43.62099,40.716022],[43.620435,40.715981],[43.619884,40.715923],[43.619335,40.715844],[43.618789,40.71575],[43.618245,40.715644],[43.616619,40.715315],[43.616076,40.715216],[43.615531,40.715132],[43.614984,40.71507],[43.614457,40.715037],[43.613929,40.715026],[43.6134,40.715034],[43.612871,40.715058],[43.612344,40.715097],[43.61182,40.715151],[43.611301,40.715222],[43.61079,40.715314],[43.610289,40.71543],[43.609773,40.715584],[43.609268,40.715765],[43.608772,40.715963],[43.607794,40.716396],[43.605363,40.717532],[43.604373,40.717964],[43.603373,40.718383],[43.601357,40.719199],[43.599334,40.720001],[43.59781,40.720591],[43.596787,40.720973],[43.596272,40.721158],[43.595229,40.721512],[43.59365,40.722019],[43.591363,40.722729],[43.581685,40.722059],[43.571638,40.721335],[43.566226,40.718293],[43.565627,40.718152],[43.563427,40.716476],[43.558817,40.711552],[43.554417,40.704219],[43.552427,40.70139],[43.548027,40.695943],[43.541427,40.693429],[43.532837,40.691438],[43.517857,40.69081],[43.495229,40.691648],[43.4858,40.693638],[43.476581,40.698562],[43.463696,40.709143],[43.463928,40.710705],[43.465032,40.71733],[43.466058,40.723008],[43.467793,40.728055],[43.469449,40.73673],[43.471184,40.741935],[43.475364,40.749507],[43.478361,40.757078],[43.485695,40.766699],[43.499654,40.77987],[43.50825,40.787046],[43.51385,40.79162],[43.519055,40.796037],[43.524812,40.801952],[43.530806,40.80763],[43.534355,40.812204],[43.539639,40.817488],[43.544607,40.821431],[43.54926,40.825296],[43.550061,40.825732],[43.553895,40.827921],[43.557046,40.831264],[43.558952,40.83299],[43.558858,40.833432],[43.558753,40.83381],[43.558629,40.834186],[43.558489,40.83456],[43.558334,40.83493],[43.558164,40.835298],[43.5578,40.836002],[43.556825,40.837724],[43.556648,40.838064],[43.556487,40.838405],[43.556351,40.838748],[43.556238,40.839122],[43.556163,40.839496],[43.55613,40.839869],[43.556143,40.840237],[43.556212,40.840599],[43.556358,40.840978],[43.556564,40.841348],[43.556817,40.841709],[43.557106,40.842062],[43.557422,40.842407],[43.557758,40.842746],[43.558109,40.843081],[43.559203,40.844074],[43.563283,40.847691],[43.564028,40.848342],[43.564788,40.84898],[43.565179,40.84929],[43.565577,40.849589],[43.565987,40.849878],[43.566409,40.850154],[43.566846,40.850414],[43.567268,40.850641],[43.567705,40.850852],[43.568154,40.851046],[43.568615,40.851224],[43.569141,40.851399],[43.569679,40.851558],[43.570225,40.851703],[43.570777,40.851841],[43.573565,40.852496],[43.575231,40.852912],[43.576328,40.853214],[43.577283,40.853511],[43.577753,40.853671],[43.578217,40.85384],[43.578683,40.854023],[43.579143,40.854216],[43.579596,40.854417],[43.580042,40.854628],[43.580495,40.854855],[43.581383,40.855331],[43.582687,40.85608],[43.583999,40.856873],[43.585356,40.857724],[43.58851,40.859721],[43.589856,40.86058],[43.59074,40.861162],[43.5916,40.86176],[43.592013,40.86207],[43.592409,40.862392],[43.59277,40.862715],[43.593115,40.863049],[43.593448,40.86339],[43.593771,40.863738],[43.594398,40.864446],[43.595004,40.865167],[43.595584,40.865899],[43.595862,40.86627],[43.59614,40.866664],[43.596671,40.867461],[43.597433,40.868672],[43.600422,40.873537],[43.603671,40.878802],[43.605677,40.88204],[43.60845,40.886491],[43.608943,40.887303],[43.609364,40.888031],[43.609755,40.888766],[43.609933,40.889137],[43.610093,40.889512],[43.610247,40.889935],[43.610375,40.890363],[43.610477,40.890795],[43.610552,40.891231],[43.610595,40.891641],[43.610619,40.892053],[43.610629,40.892467],[43.610637,40.894145],[43.610662,40.895006],[43.610704,40.895867],[43.610768,40.896727],[43.610811,40.897155],[43.610865,40.897582],[43.610935,40.898007],[43.611025,40.898429],[43.611147,40.898867],[43.611294,40.8993],[43.611462,40.899728],[43.611649,40.90015],[43.611856,40.900564],[43.612085,40.900968],[43.612316,40.90132],[43.61257,40.901659],[43.61285,40.90198],[43.61316,40.902278],[43.613507,40.902547],[43.613908,40.902788],[43.614346,40.902998],[43.614811,40.903184],[43.615295,40.903351],[43.615795,40.903503],[43.616805,40.903792],[43.617312,40.903947],[43.617803,40.904118],[43.618269,40.904314],[43.618648,40.904514],[43.618998,40.904742],[43.619367,40.905046],[43.619701,40.905379],[43.620008,40.905734],[43.620295,40.906105],[43.620569,40.906487],[43.620834,40.906876],[43.621346,40.907669],[43.624086,40.912085],[43.626346,40.915684],[43.628119,40.91848],[43.630437,40.922079],[43.630946,40.922883],[43.631431,40.923691],[43.631654,40.924097],[43.631857,40.924506],[43.632031,40.924918],[43.632163,40.925333],[43.632242,40.925749],[43.632271,40.926166],[43.63225,40.92658],[43.632176,40.926988],[43.632042,40.927383],[43.63186,40.927729],[43.631628,40.928061],[43.631355,40.928381],[43.631046,40.928686],[43.630737,40.928952],[43.630406,40.929207],[43.630058,40.929452],[43.629695,40.929689],[43.629321,40.929918],[43.628901,40.930156],[43.628469,40.930384],[43.628026,40.930602],[43.627573,40.930807],[43.627112,40.930998],[43.625713,40.931547],[43.625256,40.931741],[43.624833,40.93194],[43.624422,40.932151],[43.624027,40.932375],[43.623647,40.932611],[43.623289,40.93286],[43.622956,40.933124],[43.622607,40.933451],[43.622301,40.933795],[43.622042,40.934151],[43.621838,40.934514],[43.621686,40.934986],[43.619166,40.937401],[43.616498,40.941159],[43.613411,40.942313],[43.612276,40.942393],[43.611896,40.942469],[43.61144,40.942867],[43.6107,40.943817],[43.610757,40.944462],[43.610833,40.944975],[43.610852,40.945335],[43.610928,40.94581],[43.610909,40.94636],[43.610833,40.947006],[43.610711,40.947339],[43.610149,40.947432],[43.608973,40.947459],[43.608572,40.947713],[43.608252,40.948033],[43.607704,40.948488],[43.607076,40.948956],[43.606341,40.94933],[43.605846,40.949463],[43.605445,40.94941],[43.605098,40.949076],[43.604777,40.948902],[43.604229,40.948795],[43.603668,40.948789],[43.602665,40.94933],[43.602184,40.949771],[43.601971,40.950092],[43.60185,40.950399],[43.601596,40.950559],[43.601236,40.950639],[43.600728,40.95088],[43.600313,40.951201],[43.600046,40.951468],[43.599912,40.951722],[43.598991,40.952049],[43.597132,40.952092],[43.596362,40.952118],[43.594923,40.951953],[43.593109,40.952663],[43.591137,40.953372],[43.587904,40.952978],[43.585459,40.95282],[43.584355,40.953136],[43.581674,40.955107],[43.580806,40.957947],[43.580096,40.964571],[43.58191,40.968041],[43.585853,40.971511],[43.590191,40.974824],[43.594371,40.97924],[43.5965,40.980896],[43.598948,40.982695]]]}},{"type":"Feature","properties":{"id":"TR-D-36-002","parent_id":"TR-P-36","region_id":"TR-R-DOA","level":"district","municipality_type":null,"municipality_type_label":null,"is_metropolitan_municipality":null,"name":"Arpaçay","name_ascii":"arpacay","slug":"arpacay-kars"},"geometry":{"type":"Polygon","coordinates":[[[43.044042,40.965876],[43.048582,40.96654],[43.053122,40.967204],[43.065903,40.970203],[43.069059,40.971397],[43.071742,40.972412],[43.077659,40.974463],[43.082866,40.977303],[43.088862,40.982747],[43.094622,40.988112],[43.100302,40.993004],[43.106535,40.998685],[43.110559,41.001604],[43.113062,41.003125],[43.114583,41.00405],[43.114935,41.004132],[43.11695,41.004602],[43.123498,41.004444],[43.129889,41.004523],[43.133676,41.003813],[43.140856,41.000736],[43.145116,40.999947],[43.154111,41.000578],[43.15845,41.001209],[43.164052,41.002629],[43.17202,41.005706],[43.188668,41.014622],[43.197583,41.015095],[43.199211,41.015208],[43.221445,41.017062],[43.228422,41.017782],[43.229142,41.017857],[43.248156,41.024405],[43.265987,41.03624],[43.279794,41.047713],[43.282602,41.050046],[43.299755,41.069557],[43.307512,41.078923],[43.307835,41.079312],[43.311815,41.085101],[43.314347,41.087996],[43.325684,41.09294],[43.329664,41.09294],[43.338468,41.093785],[43.346427,41.094991],[43.352819,41.094388],[43.357402,41.093061],[43.362829,41.091011],[43.369221,41.088237],[43.377784,41.083172],[43.392256,41.074368],[43.400939,41.067373],[43.410105,41.059775],[43.424431,41.044612],[43.441799,41.023275],[43.446689,41.016407],[43.454698,41.005907],[43.457457,41.002779],[43.466656,41.000203],[43.475303,41.000387],[43.481139,41.002489],[43.485963,41.005263],[43.48746,41.009314],[43.488013,41.010811],[43.488735,41.016332],[43.488819,41.01645],[43.48909,41.016691],[43.493091,41.01695],[43.500296,41.015357],[43.505219,41.012768],[43.50616,41.012273],[43.50815,41.012264],[43.509629,41.012539],[43.515705,41.014512],[43.515855,41.014561],[43.517058,41.015149],[43.518365,41.01468],[43.52196,41.013389],[43.522554,41.013381],[43.523023,41.013375],[43.523447,41.012969],[43.523468,41.012949],[43.523719,41.012833],[43.527892,41.010888],[43.529949,41.009439],[43.530451,41.009085],[43.530882,41.008921],[43.531672,41.00862],[43.533322,41.008171],[43.536034,41.006934],[43.537193,41.005577],[43.537455,41.005079],[43.537564,41.004874],[43.537991,41.004712],[43.538694,41.004448],[43.539397,41.004077],[43.540916,41.002558],[43.54112,41.002385],[43.542491,41.001225],[43.543435,41.00078],[43.544816,41.000129],[43.546862,40.999095],[43.551085,40.997798],[43.555051,40.995593],[43.556241,40.995123],[43.557552,40.994604],[43.559672,40.994243],[43.560285,40.994139],[43.560536,40.994047],[43.56218,40.993445],[43.564007,40.992511],[43.564644,40.992538],[43.56606,40.993015],[43.566404,40.99313],[43.568369,40.99315],[43.569241,40.992976],[43.574243,40.993441],[43.577628,40.993149],[43.578256,40.992918],[43.579128,40.991406],[43.580138,40.990396],[43.580233,40.990301],[43.581901,40.989808],[43.582792,40.989545],[43.582877,40.989445],[43.584093,40.988018],[43.586746,40.986521],[43.588491,40.986637],[43.591054,40.986257],[43.593202,40.985939],[43.595651,40.984629],[43.596696,40.9839],[43.59804,40.982962],[43.598837,40.982758],[43.598948,40.982695],[43.5965,40.980896],[43.594371,40.97924],[43.590191,40.974824],[43.585853,40.971511],[43.58191,40.968041],[43.580096,40.964571],[43.580806,40.957947],[43.581674,40.955107],[43.584355,40.953136],[43.585459,40.95282],[43.587904,40.952978],[43.591137,40.953372],[43.593109,40.952663],[43.594923,40.951953],[43.596362,40.952118],[43.597132,40.952092],[43.598991,40.952049],[43.599912,40.951722],[43.600046,40.951468],[43.600313,40.951201],[43.600728,40.95088],[43.601236,40.950639],[43.601596,40.950559],[43.60185,40.950399],[43.601971,40.950092],[43.602184,40.949771],[43.602665,40.94933],[43.603668,40.948789],[43.604229,40.948795],[43.604777,40.948902],[43.605098,40.949076],[43.605445,40.94941],[43.605846,40.949463],[43.606341,40.94933],[43.607076,40.948956],[43.607704,40.948488],[43.608252,40.948033],[43.608572,40.947713],[43.608973,40.947459],[43.610149,40.947432],[43.610711,40.947339],[43.610833,40.947006],[43.610909,40.94636],[43.610928,40.94581],[43.610852,40.945335],[43.610833,40.944975],[43.610757,40.944462],[43.6107,40.943817],[43.61144,40.942867],[43.611896,40.942469],[43.612276,40.942393],[43.613411,40.942313],[43.616498,40.941159],[43.619166,40.937401],[43.621686,40.934986],[43.621838,40.934514],[43.622042,40.934151],[43.622301,40.933795],[43.622607,40.933451],[43.622956,40.933124],[43.623289,40.93286],[43.623647,40.932611],[43.624027,40.932375],[43.624422,40.932151],[43.624833,40.93194],[43.625256,40.931741],[43.625713,40.931547],[43.627112,40.930998],[43.627573,40.930807],[43.628026,40.930602],[43.628469,40.930384],[43.628901,40.930156],[43.629321,40.929918],[43.629695,40.929689],[43.630058,40.929452],[43.630406,40.929207],[43.630737,40.928952],[43.631046,40.928686],[43.631355,40.928381],[43.631628,40.928061],[43.63186,40.927729],[43.632042,40.927383],[43.632176,40.926988],[43.63225,40.92658],[43.632271,40.926166],[43.632242,40.925749],[43.632163,40.925333],[43.632031,40.924918],[43.631857,40.924506],[43.631654,40.924097],[43.631431,40.923691],[43.630946,40.922883],[43.630437,40.922079],[43.628119,40.91848],[43.626346,40.915684],[43.624086,40.912085],[43.621346,40.907669],[43.620834,40.906876],[43.620569,40.906487],[43.620295,40.906105],[43.620008,40.905734],[43.619701,40.905379],[43.619367,40.905046],[43.618998,40.904742],[43.618648,40.904514],[43.618269,40.904314],[43.617803,40.904118],[43.617312,40.903947],[43.616805,40.903792],[43.615795,40.903503],[43.615295,40.903351],[43.614811,40.903184],[43.614346,40.902998],[43.613908,40.902788],[43.613507,40.902547],[43.61316,40.902278],[43.61285,40.90198],[43.61257,40.901659],[43.612316,40.90132],[43.612085,40.900968],[43.611856,40.900564],[43.611649,40.90015],[43.611462,40.899728],[43.611294,40.8993],[43.611147,40.898867],[43.611025,40.898429],[43.610935,40.898007],[43.610865,40.897582],[43.610811,40.897155],[43.610768,40.896727],[43.610704,40.895867],[43.610662,40.895006],[43.610637,40.894145],[43.610629,40.892467],[43.610619,40.892053],[43.610595,40.891641],[43.610552,40.891231],[43.610477,40.890795],[43.610375,40.890363],[43.610247,40.889935],[43.610093,40.889512],[43.609933,40.889137],[43.609755,40.888766],[43.609364,40.888031],[43.608943,40.887303],[43.60845,40.886491],[43.605677,40.88204],[43.603671,40.878802],[43.600422,40.873537],[43.597433,40.868672],[43.596671,40.867461],[43.59614,40.866664],[43.595862,40.86627],[43.595584,40.865899],[43.595004,40.865167],[43.594398,40.864446],[43.593771,40.863738],[43.593448,40.86339],[43.593115,40.863049],[43.59277,40.862715],[43.592409,40.862392],[43.592013,40.86207],[43.5916,40.86176],[43.59074,40.861162],[43.589856,40.86058],[43.58851,40.859721],[43.585356,40.857724],[43.583999,40.856873],[43.582687,40.85608],[43.581383,40.855331],[43.580495,40.854855],[43.580042,40.854628],[43.579596,40.854417],[43.579143,40.854216],[43.578683,40.854023],[43.578217,40.85384],[43.577753,40.853671],[43.577283,40.853511],[43.576328,40.853214],[43.575231,40.852912],[43.573565,40.852496],[43.570777,40.851841],[43.570225,40.851703],[43.569679,40.851558],[43.569141,40.851399],[43.568615,40.851224],[43.568154,40.851046],[43.567705,40.850852],[43.567268,40.850641],[43.566846,40.850414],[43.566409,40.850154],[43.565987,40.849878],[43.565577,40.849589],[43.565179,40.84929],[43.564788,40.84898],[43.564028,40.848342],[43.563283,40.847691],[43.559203,40.844074],[43.558109,40.843081],[43.557758,40.842746],[43.557422,40.842407],[43.557106,40.842062],[43.556817,40.841709],[43.556564,40.841348],[43.556358,40.840978],[43.556212,40.840599],[43.556143,40.840237],[43.55613,40.839869],[43.556163,40.839496],[43.556238,40.839122],[43.556351,40.838748],[43.556487,40.838405],[43.556648,40.838064],[43.556825,40.837724],[43.5578,40.836002],[43.558164,40.835298],[43.558334,40.83493],[43.558489,40.83456],[43.558629,40.834186],[43.558753,40.83381],[43.558858,40.833432],[43.558952,40.83299],[43.557046,40.831264],[43.553895,40.827921],[43.550061,40.825732],[43.54926,40.825296],[43.544607,40.821431],[43.539639,40.817488],[43.534355,40.812204],[43.530806,40.80763],[43.524812,40.801952],[43.519055,40.796037],[43.51385,40.79162],[43.50825,40.787046],[43.499654,40.77987],[43.485695,40.766699],[43.478361,40.757078],[43.475364,40.749507],[43.471184,40.741935],[43.469449,40.73673],[43.467793,40.728055],[43.466058,40.723008],[43.465032,40.71733],[43.463928,40.710705],[43.463696,40.709143],[43.459472,40.705619],[43.454733,40.700596],[43.44971,40.693677],[43.445161,40.689791],[43.441654,40.687801],[43.429238,40.683157],[43.40346,40.677755],[43.393698,40.676807],[43.387064,40.676238],[43.369909,40.676902],[43.365171,40.67766],[43.358726,40.680503],[43.354082,40.684389],[43.34451,40.690644],[43.339487,40.691876],[43.333042,40.692161],[43.326502,40.69235],[43.315414,40.692255],[43.301766,40.691876],[43.290204,40.691308],[43.286981,40.691402],[43.2812,40.693108],[43.278142,40.693904],[43.277159,40.704172],[43.276193,40.713058],[43.273971,40.726387],[43.272522,40.732376],[43.271556,40.743677],[43.271341,40.746322],[43.27117,40.74841],[43.271387,40.751174],[43.271556,40.753336],[43.271955,40.754978],[43.273102,40.75971],[43.274454,40.76454],[43.274937,40.769659],[43.274164,40.786755],[43.270204,40.801147],[43.267693,40.804721],[43.262284,40.808294],[43.253301,40.814379],[43.248182,40.819692],[43.242773,40.825777],[43.237364,40.831958],[43.231859,40.844612],[43.229637,40.855623],[43.227899,40.862577],[43.226063,40.866827],[43.223069,40.870594],[43.219206,40.874361],[43.216211,40.875906],[43.213507,40.877452],[43.196024,40.884503],[43.176996,40.891747],[43.169463,40.893968],[43.162122,40.895803],[43.151401,40.897928],[43.144253,40.899667],[43.141784,40.900095],[43.127543,40.902565],[43.125413,40.903417],[43.120299,40.905462],[43.114311,40.909229],[43.110833,40.911451],[43.107356,40.913672],[43.104555,40.916811],[43.101754,40.91995],[43.09847,40.92449],[43.096345,40.926422],[43.093471,40.928377],[43.091516,40.929706],[43.090936,40.930141],[43.088811,40.931734],[43.084755,40.940717],[43.081664,40.944581],[43.079925,40.946609],[43.076062,40.948541],[43.069204,40.950666],[43.061573,40.95308],[43.058386,40.955012],[43.054039,40.957717],[43.051335,40.959938],[43.047378,40.963159],[43.044042,40.965876]]]}},{"type":"Feature","properties":{"id":"TR-D-36-003","parent_id":"TR-P-36","region_id":"TR-R-DOA","level":"district","municipality_type":null,"municipality_type_label":null,"is_metropolitan_municipality":null,"name":"Digor","name_ascii":"digor","slug":"digor-kars"},"geometry":{"type":"Polygon","coordinates":[[[43.551813,40.466334],[43.552223,40.465968],[43.553626,40.46532],[43.554871,40.464897],[43.555463,40.464463],[43.555757,40.464155],[43.555949,40.463679],[43.555942,40.463527],[43.555849,40.462666],[43.555796,40.462296],[43.555949,40.461938],[43.556231,40.461652],[43.556379,40.461502],[43.557451,40.460754],[43.557881,40.460482],[43.558721,40.459953],[43.559629,40.45945],[43.560202,40.459213],[43.560594,40.459139],[43.561137,40.459225],[43.561501,40.459218],[43.561798,40.459212],[43.562109,40.459185],[43.562324,40.459142],[43.563056,40.458993],[43.564073,40.458906],[43.564432,40.458901],[43.564876,40.45902],[43.565292,40.459132],[43.56565,40.459336],[43.566385,40.459702],[43.566847,40.459933],[43.567218,40.460171],[43.568323,40.460357],[43.568614,40.46037],[43.569157,40.460271],[43.570638,40.459536],[43.571916,40.459212],[43.572539,40.458934],[43.573104,40.458561],[43.573454,40.457569],[43.573465,40.457538],[43.57369,40.457101],[43.574078,40.456354],[43.57461,40.455513],[43.575099,40.455089],[43.575847,40.45452],[43.576339,40.454265],[43.576595,40.454132],[43.577547,40.453688],[43.578514,40.453342],[43.579017,40.453329],[43.579685,40.453051],[43.580129,40.452607],[43.580671,40.451634],[43.581188,40.450706],[43.581585,40.450152],[43.582074,40.449854],[43.58331,40.449674],[43.58406,40.449537],[43.584543,40.449312],[43.585158,40.448775],[43.58529,40.448372],[43.585231,40.44812],[43.584714,40.447094],[43.584571,40.446807],[43.584701,40.446426],[43.584858,40.446177],[43.585409,40.44548],[43.585734,40.445275],[43.586578,40.445144],[43.587381,40.445173],[43.587731,40.445316],[43.587825,40.445354],[43.588606,40.445612],[43.589072,40.445804],[43.589846,40.446062],[43.591081,40.446181],[43.591623,40.446142],[43.592629,40.446009],[43.592914,40.44589],[43.593165,40.445566],[43.593397,40.445222],[43.593503,40.444573],[43.593628,40.444302],[43.593814,40.443997],[43.594138,40.443594],[43.595872,40.442204],[43.59644,40.44179],[43.597787,40.440873],[43.598934,40.440127],[43.599491,40.439656],[43.600345,40.43914],[43.60107,40.438673],[43.601199,40.438591],[43.602237,40.438253],[43.6029,40.438104],[43.603205,40.438035],[43.604322,40.437903],[43.605162,40.437896],[43.605553,40.43775],[43.606512,40.437075],[43.60719,40.436744],[43.60785,40.4364],[43.608325,40.436122],[43.608491,40.436023],[43.609053,40.435341],[43.609391,40.434765],[43.609456,40.434644],[43.609713,40.434164],[43.609947,40.433396],[43.610158,40.432866],[43.610642,40.432244],[43.611118,40.43186],[43.61174,40.431331],[43.611985,40.431126],[43.612071,40.430768],[43.611958,40.430067],[43.611949,40.429405],[43.61221,40.427956],[43.612647,40.426924],[43.612905,40.426533],[43.613573,40.426024],[43.614036,40.425726],[43.614698,40.42521],[43.615446,40.424594],[43.615791,40.424359],[43.616438,40.423952],[43.616987,40.423621],[43.618227,40.423012],[43.61862,40.422757],[43.619317,40.422304],[43.619661,40.421907],[43.6198,40.421543],[43.619807,40.421345],[43.619608,40.421113],[43.619416,40.420968],[43.61939,40.420948],[43.619088,40.420633],[43.619006,40.420511],[43.618973,40.42018],[43.619079,40.419783],[43.619224,40.419432],[43.61933,40.419121],[43.619427,40.41849],[43.619429,40.418479],[43.619422,40.417229],[43.619317,40.41682],[43.619105,40.416289],[43.61894,40.416039],[43.6188,40.415826],[43.618264,40.415415],[43.617821,40.415389],[43.617596,40.415415],[43.617253,40.415472],[43.615908,40.415819],[43.614777,40.415819],[43.614439,40.415773],[43.614056,40.415607],[43.613745,40.415031],[43.613698,40.414866],[43.613546,40.413847],[43.613652,40.413112],[43.613837,40.412689],[43.61395,40.412457],[43.614075,40.412073],[43.614188,40.41157],[43.614181,40.410651],[43.614069,40.409982],[43.613996,40.408731],[43.614386,40.408076],[43.614726,40.407251],[43.615101,40.406601],[43.615138,40.406563],[43.615696,40.40619],[43.616232,40.405886],[43.616974,40.405462],[43.617371,40.405224],[43.617768,40.404695],[43.6179,40.404311],[43.618032,40.404013],[43.618085,40.403603],[43.61817,40.403259],[43.618118,40.402795],[43.617827,40.40214],[43.617654,40.40194],[43.61747,40.401683],[43.617212,40.401108],[43.617195,40.400908],[43.617205,40.400744],[43.617417,40.400267],[43.617855,40.399934],[43.618389,40.399645],[43.619563,40.399022],[43.619786,40.398904],[43.61989,40.398787],[43.620057,40.39854],[43.620117,40.398275],[43.620117,40.397845],[43.619861,40.396751],[43.619732,40.396466],[43.619607,40.396191],[43.61917,40.395225],[43.618826,40.394371],[43.6186,40.394028],[43.618145,40.393411],[43.618006,40.39312],[43.617906,40.392597],[43.617787,40.391916],[43.617807,40.391664],[43.617814,40.391426],[43.61801,40.391168],[43.618085,40.391069],[43.618145,40.390725],[43.618012,40.39038],[43.617654,40.3899],[43.617304,40.389679],[43.617046,40.389619],[43.616755,40.389586],[43.616507,40.389584],[43.61644,40.389595],[43.615762,40.389699],[43.614909,40.389944],[43.613697,40.390268],[43.612705,40.390314],[43.612361,40.390162],[43.611849,40.389608],[43.611752,40.389388],[43.611777,40.389011],[43.611974,40.388277],[43.612089,40.387846],[43.612063,40.387176],[43.611977,40.386853],[43.611844,40.386595],[43.611404,40.386431],[43.610812,40.386224],[43.610296,40.38596],[43.609827,40.385628],[43.608813,40.38539],[43.608635,40.385285],[43.608403,40.385165],[43.607824,40.384637],[43.607715,40.384537],[43.606742,40.383392],[43.60561,40.381949],[43.605319,40.381539],[43.605253,40.381201],[43.60526,40.381089],[43.605271,40.381075],[43.605524,40.380765],[43.606186,40.380267],[43.606301,40.379923],[43.606239,40.379507],[43.606272,40.378932],[43.606416,40.378633],[43.606371,40.378151],[43.605643,40.377853],[43.605551,40.377694],[43.605491,40.377601],[43.605511,40.377356],[43.605882,40.376973],[43.60633,40.376597],[43.606464,40.376291],[43.606477,40.375854],[43.606588,40.375422],[43.606645,40.375078],[43.606663,40.374617],[43.606497,40.374253],[43.605957,40.373702],[43.605451,40.373379],[43.605048,40.373022],[43.604465,40.372896],[43.601141,40.372641],[43.600545,40.372554],[43.600396,40.372532],[43.599687,40.372274],[43.599337,40.371943],[43.599343,40.371553],[43.599529,40.371209],[43.599664,40.370933],[43.599965,40.370319],[43.600144,40.369912],[43.600171,40.369653],[43.600137,40.369258],[43.599476,40.368555],[43.599191,40.368376],[43.598741,40.368045],[43.59813,40.367395],[43.59755,40.366603],[43.597331,40.366067],[43.597312,40.365775],[43.597444,40.364981],[43.597437,40.364531],[43.597282,40.363779],[43.597126,40.363122],[43.596908,40.362837],[43.595717,40.362202],[43.595436,40.361949],[43.595149,40.36169],[43.594936,40.361136],[43.594805,40.360629],[43.595178,40.360199],[43.595818,40.359328],[43.596153,40.358873],[43.597073,40.357622],[43.597232,40.357437],[43.597411,40.357106],[43.597483,40.356822],[43.597464,40.356391],[43.597014,40.354651],[43.596107,40.352977],[43.59518,40.351685],[43.594108,40.35019],[43.593515,40.349362],[43.59211,40.347577],[43.592089,40.347553],[43.591011,40.346339],[43.59078,40.345936],[43.590747,40.345704],[43.590846,40.345148],[43.591055,40.344945],[43.591352,40.344851],[43.591557,40.344786],[43.591881,40.34466],[43.592271,40.344476],[43.592712,40.343944],[43.593076,40.343095],[43.593545,40.342507],[43.593694,40.341338],[43.593757,40.340848],[43.59453,40.340161],[43.594774,40.339896],[43.595078,40.339567],[43.595369,40.339348],[43.595647,40.339388],[43.595878,40.339375],[43.596221,40.339276],[43.596668,40.338927],[43.597008,40.338371],[43.597272,40.337961],[43.597729,40.337379],[43.598102,40.336891],[43.59864,40.336375],[43.598917,40.336051],[43.599564,40.335265],[43.600179,40.334651],[43.600787,40.333607],[43.600992,40.333072],[43.601216,40.33142],[43.601232,40.33132],[43.601381,40.330369],[43.601599,40.329768],[43.60189,40.329352],[43.60228,40.329054],[43.602828,40.328883],[43.60335,40.328638],[43.603773,40.328314],[43.604183,40.327786],[43.60544,40.326886],[43.605501,40.326849],[43.606574,40.326196],[43.607321,40.325803],[43.607724,40.32544],[43.608484,40.324819],[43.608847,40.324297],[43.609277,40.32353],[43.609653,40.322982],[43.61038,40.322321],[43.610658,40.321984],[43.6111,40.321357],[43.611476,40.320718],[43.611649,40.320425],[43.611649,40.319778],[43.611906,40.31909],[43.612105,40.318496],[43.612389,40.317564],[43.61256,40.317009],[43.61303,40.316262],[43.613081,40.316116],[43.61345,40.31513],[43.613943,40.314341],[43.614461,40.313848],[43.615398,40.313306],[43.616095,40.312899],[43.617133,40.312556],[43.618018,40.312344],[43.618479,40.31232],[43.619756,40.311908],[43.620812,40.31123],[43.620826,40.311221],[43.621441,40.310785],[43.621738,40.310204],[43.621738,40.3102],[43.621929,40.308106],[43.621982,40.30762],[43.622088,40.30723],[43.622405,40.306576],[43.622964,40.306134],[43.623462,40.305743],[43.624473,40.305215],[43.625971,40.304729],[43.626293,40.304579],[43.626711,40.304384],[43.627064,40.3041],[43.627156,40.304026],[43.627181,40.303965],[43.627308,40.303656],[43.627261,40.3032],[43.627195,40.302896],[43.626739,40.301865],[43.626389,40.30131],[43.626079,40.300762],[43.626019,40.300365],[43.625946,40.299724],[43.626098,40.299467],[43.626647,40.298997],[43.627248,40.298641],[43.629077,40.297754],[43.630816,40.29687],[43.632897,40.295782],[43.633194,40.295661],[43.634727,40.294716],[43.635337,40.294131],[43.635758,40.293395],[43.635963,40.292443],[43.636121,40.291307],[43.635969,40.290071],[43.635633,40.2893],[43.634582,40.287342],[43.63365,40.28643],[43.632532,40.285119],[43.632131,40.284587],[43.631932,40.284098],[43.631655,40.283655],[43.631609,40.283371],[43.631972,40.282374],[43.632243,40.282089],[43.632406,40.282002],[43.632996,40.281753],[43.633525,40.2817],[43.633797,40.281643],[43.634218,40.281554],[43.634721,40.281389],[43.636816,40.280748],[43.638467,40.280255],[43.639083,40.279861],[43.639749,40.279047],[43.639798,40.277593],[43.639724,40.275621],[43.639971,40.274685],[43.640759,40.272836],[43.641006,40.272393],[43.641573,40.272047],[43.642386,40.27153],[43.642754,40.271231],[43.643175,40.270889],[43.644062,40.270544],[43.644719,40.27061],[43.645048,40.270643],[43.646305,40.271136],[43.647611,40.271678],[43.6484,40.271924],[43.649139,40.271875],[43.649608,40.271629],[43.649953,40.271283],[43.650199,40.270618],[43.650741,40.269953],[43.650808,40.269886],[43.651259,40.269435],[43.652023,40.269065],[43.652689,40.268917],[43.653502,40.269016],[43.654857,40.269484],[43.65609,40.270026],[43.656327,40.27009],[43.657199,40.270322],[43.659393,40.270569],[43.661461,40.270424],[43.662449,40.270323],[43.663879,40.270002],[43.664938,40.269435],[43.665271,40.269256],[43.666633,40.268525],[43.6676,40.268104],[43.669168,40.267399],[43.669708,40.267156],[43.670614,40.266574],[43.671136,40.266237],[43.671718,40.265847],[43.672072,40.265534],[43.67228,40.265351],[43.673411,40.26375],[43.674086,40.263049],[43.675131,40.26215],[43.675957,40.261369],[43.676325,40.260661],[43.676553,40.259742],[43.676665,40.259081],[43.676764,40.258757],[43.677022,40.258241],[43.677439,40.257619],[43.677941,40.257355],[43.679059,40.257289],[43.680071,40.25758],[43.68097,40.25789],[43.681479,40.25793],[43.681837,40.257871],[43.682179,40.257743],[43.682299,40.257699],[43.682809,40.257342],[43.682954,40.257051],[43.682961,40.256634],[43.682621,40.255869],[43.682465,40.255516],[43.682094,40.255192],[43.681202,40.254901],[43.68017,40.254622],[43.678979,40.254432],[43.678695,40.254227],[43.678497,40.253717],[43.678596,40.253188],[43.678913,40.252864],[43.68054,40.25233],[43.681649,40.251714],[43.681783,40.2515],[43.681935,40.251257],[43.681982,40.250993],[43.681942,40.250596],[43.681704,40.250252],[43.68138,40.25],[43.680547,40.249712],[43.68052,40.249703],[43.679159,40.249373],[43.677878,40.2492],[43.677207,40.248936],[43.676962,40.248731],[43.676893,40.248177],[43.677246,40.247514],[43.677604,40.246667],[43.678252,40.245239],[43.678749,40.244272],[43.679524,40.243081],[43.679759,40.242719],[43.680216,40.242276],[43.680877,40.241879],[43.681486,40.241621],[43.683059,40.241204],[43.683589,40.241006],[43.684111,40.240702],[43.684362,40.240325],[43.684342,40.240073],[43.684217,40.239875],[43.683853,40.239637],[43.683489,40.239611],[43.682028,40.239928],[43.681132,40.240229],[43.679949,40.240328],[43.6795,40.240185],[43.679407,40.240155],[43.679185,40.239982],[43.679065,40.239888],[43.679045,40.239551],[43.679078,40.239339],[43.679303,40.239035],[43.679484,40.238878],[43.679905,40.238513],[43.681314,40.237587],[43.682153,40.237177],[43.682497,40.236879],[43.682596,40.236667],[43.68266,40.236187],[43.682603,40.235894],[43.682458,40.235477],[43.682166,40.2351],[43.6816,40.234634],[43.681115,40.234406],[43.680442,40.23419],[43.679918,40.234095],[43.679785,40.234053],[43.679151,40.233857],[43.678059,40.233433],[43.677683,40.233222],[43.67712,40.232415],[43.677034,40.232223],[43.676981,40.231846],[43.677087,40.231476],[43.677287,40.231159],[43.677808,40.230325],[43.67847,40.229113],[43.67878,40.228744],[43.679131,40.228506],[43.679812,40.228255],[43.68192,40.22793],[43.682431,40.227825],[43.683128,40.227585],[43.683202,40.227554],[43.683515,40.227422],[43.68374,40.227137],[43.683892,40.226873],[43.683734,40.226648],[43.683403,40.226423],[43.682523,40.226112],[43.682294,40.226087],[43.680885,40.225934],[43.680116,40.225907],[43.678667,40.225465],[43.677509,40.225096],[43.676164,40.225027],[43.676054,40.225022],[43.675926,40.225043],[43.674871,40.225219],[43.673516,40.225663],[43.672133,40.226198],[43.670884,40.226701],[43.669917,40.227092],[43.667286,40.228063],[43.665819,40.228334],[43.664602,40.228292],[43.66374,40.22809],[43.663595,40.228056],[43.662815,40.227977],[43.661763,40.227983],[43.661029,40.228063],[43.660323,40.228066],[43.660296,40.228066],[43.659508,40.228082],[43.657795,40.228142],[43.657319,40.228023],[43.655354,40.226958],[43.654112,40.22637],[43.653638,40.226043],[43.653272,40.225675],[43.653113,40.225312],[43.653139,40.224974],[43.653242,40.224814],[43.65343,40.224511],[43.654158,40.223929],[43.654707,40.223751],[43.655024,40.223744],[43.65519,40.223746],[43.655904,40.223757],[43.656631,40.223638],[43.657108,40.223453],[43.658298,40.222221],[43.658619,40.221829],[43.658966,40.221403],[43.659164,40.221079],[43.659197,40.220847],[43.659164,40.220596],[43.658926,40.220219],[43.65888,40.219941],[43.659045,40.21967],[43.659296,40.219452],[43.659746,40.21928],[43.660278,40.219187],[43.662008,40.218718],[43.662179,40.218617],[43.663212,40.21801],[43.663635,40.217679],[43.663992,40.217216],[43.664177,40.216826],[43.66421,40.216522],[43.664146,40.216388],[43.664045,40.216178],[43.663648,40.215715],[43.662683,40.215052],[43.662286,40.214796],[43.662041,40.214525],[43.661942,40.21428],[43.661883,40.213836],[43.661902,40.213665],[43.662167,40.213513],[43.66251,40.213526],[43.663003,40.213644],[43.663727,40.21389],[43.664733,40.214108],[43.665162,40.214161],[43.665526,40.214101],[43.665718,40.213989],[43.665857,40.213896],[43.666267,40.213388],[43.66669,40.213126],[43.666939,40.212972],[43.667927,40.212203],[43.668156,40.211724],[43.668284,40.211469],[43.668518,40.210562],[43.668542,40.21047],[43.668806,40.210027],[43.669101,40.209838],[43.669362,40.20967],[43.669731,40.209525],[43.670428,40.209099],[43.67165,40.207369],[43.67217,40.206813],[43.672503,40.206456],[43.673826,40.205451],[43.67489,40.205023],[43.675101,40.204939],[43.678013,40.203723],[43.680697,40.202699],[43.683805,40.201086],[43.684665,40.200603],[43.686061,40.199869],[43.687106,40.1993],[43.688078,40.198427],[43.688316,40.198165],[43.688937,40.197481],[43.689202,40.196999],[43.689301,40.196542],[43.689658,40.195841],[43.690431,40.195274],[43.691001,40.194895],[43.693181,40.19383],[43.693884,40.193454],[43.694282,40.19324],[43.69444,40.193156],[43.695456,40.192329],[43.696093,40.191668],[43.696316,40.191243],[43.696344,40.191073],[43.696283,40.190991],[43.695941,40.190603],[43.695813,40.190324],[43.695392,40.189406],[43.695392,40.188996],[43.696105,40.18766],[43.696449,40.187016],[43.697045,40.185921],[43.697581,40.185412],[43.698203,40.184902],[43.698454,40.184625],[43.698652,40.18432],[43.698659,40.184129],[43.698642,40.184003],[43.69854,40.183765],[43.698017,40.18307],[43.698018,40.183048],[43.698024,40.182812],[43.698272,40.182555],[43.698721,40.182088],[43.699144,40.181659],[43.6994,40.181366],[43.699724,40.180946],[43.699888,40.180688],[43.699952,40.180591],[43.700273,40.179686],[43.700453,40.179087],[43.700519,40.178867],[43.70088,40.178313],[43.701305,40.177846],[43.701697,40.177461],[43.702072,40.177302],[43.702244,40.177227],[43.70237,40.177173],[43.702595,40.177149],[43.702898,40.177109],[43.703093,40.177083],[43.7042,40.176952],[43.704485,40.176918],[43.704801,40.17688],[43.705688,40.176806],[43.70633,40.176727],[43.707191,40.176342],[43.708069,40.175859],[43.708334,40.175603],[43.708464,40.175336],[43.708506,40.17525],[43.708519,40.174794],[43.708658,40.174502],[43.709014,40.174361],[43.709688,40.174183],[43.710336,40.174117],[43.710441,40.174095],[43.710924,40.173998],[43.711406,40.173819],[43.711644,40.173641],[43.711803,40.173429],[43.711974,40.173172],[43.712186,40.172656],[43.712399,40.172133],[43.712451,40.172006],[43.713058,40.170846],[43.713215,40.170602],[43.713355,40.170383],[43.713365,40.170211],[43.713448,40.168705],[43.713534,40.16817],[43.713448,40.167707],[43.713283,40.167333],[43.713071,40.166597],[43.713157,40.1655],[43.713349,40.165044],[43.713626,40.164674],[43.714241,40.164099],[43.714683,40.163742],[43.714921,40.163379],[43.715067,40.163063],[43.715073,40.163048],[43.714954,40.162698],[43.714736,40.162543],[43.714591,40.162441],[43.714307,40.162374],[43.713798,40.162249],[43.713018,40.162249],[43.712291,40.162275],[43.711234,40.162381],[43.710249,40.162579],[43.709357,40.162678],[43.708512,40.162731],[43.708168,40.162692],[43.707335,40.162513],[43.706199,40.161872],[43.7053,40.161522],[43.704744,40.161445],[43.704441,40.161403],[43.703199,40.161264],[43.702742,40.161486],[43.702497,40.161605],[43.701871,40.161905],[43.700668,40.162302],[43.700245,40.162242],[43.699783,40.162044],[43.699029,40.161628],[43.697715,40.161528],[43.69556,40.160901],[43.695165,40.160814],[43.69367,40.160484],[43.692805,40.160306],[43.690307,40.159857],[43.689395,40.159843],[43.688986,40.159961],[43.688913,40.159982],[43.688087,40.160141],[43.687386,40.160174],[43.686983,40.160134],[43.686501,40.160022],[43.686149,40.159832],[43.685479,40.159474],[43.685391,40.159427],[43.684598,40.159255],[43.684202,40.159255],[43.684114,40.159277],[43.683065,40.159539],[43.682675,40.159539],[43.681259,40.15928],[43.678538,40.158412],[43.677052,40.158],[43.67612,40.157759],[43.675671,40.157643],[43.675424,40.157601],[43.675043,40.157537],[43.67423,40.157451],[43.673438,40.157293],[43.672584,40.157229],[43.670649,40.157008],[43.668977,40.156586],[43.668594,40.156348],[43.668112,40.156011],[43.668028,40.155763],[43.667946,40.155522],[43.667689,40.154603],[43.66714,40.1542],[43.666546,40.153744],[43.665766,40.153262],[43.665297,40.153083],[43.664973,40.152971],[43.664458,40.152938],[43.664055,40.15311],[43.663836,40.15342],[43.663645,40.153883],[43.663314,40.15418],[43.663004,40.154273],[43.662839,40.154285],[43.662647,40.154299],[43.661715,40.154174],[43.661154,40.153843],[43.660576,40.153032],[43.660281,40.152616],[43.658828,40.150916],[43.65824,40.150453],[43.656561,40.149092],[43.655259,40.147857],[43.654367,40.147103],[43.654235,40.147035],[43.653885,40.146852],[43.652715,40.146443],[43.651936,40.146251],[43.651361,40.146],[43.650951,40.145742],[43.650786,40.145577],[43.650687,40.145359],[43.650885,40.145062],[43.651381,40.144876],[43.651705,40.144665],[43.651955,40.14411],[43.652378,40.143337],[43.652947,40.142729],[43.653012,40.142623],[43.653257,40.142227],[43.653376,40.141817],[43.653409,40.141083],[43.653336,40.140555],[43.65274,40.139288],[43.652345,40.138913],[43.651609,40.138216],[43.651024,40.137733],[43.650858,40.13739],[43.650673,40.136656],[43.65072,40.136029],[43.650771,40.135467],[43.650692,40.135126],[43.650574,40.134621],[43.650032,40.133742],[43.64959,40.133167],[43.649154,40.132473],[43.64877,40.131991],[43.648719,40.13187],[43.648625,40.131648],[43.64859,40.13154],[43.647227,40.131572],[43.646872,40.131572],[43.646819,40.131572],[43.64676,40.131572],[43.646735,40.131572],[43.64619,40.131572],[43.645881,40.131572],[43.64559,40.131572],[43.644379,40.131429],[43.644034,40.131304],[43.643596,40.131144],[43.64327,40.131036],[43.643079,40.130972],[43.642741,40.13086],[43.641673,40.130717],[43.640747,40.13086],[43.640498,40.131002],[43.640249,40.131144],[43.639466,40.131429],[43.639145,40.1315],[43.638825,40.131572],[43.638042,40.131572],[43.637936,40.13149],[43.637852,40.131424],[43.637401,40.131073],[43.636937,40.130563],[43.636689,40.13029],[43.635407,40.128866],[43.6332,40.126374],[43.632345,40.125519],[43.631206,40.125234],[43.628642,40.125448],[43.625367,40.12559],[43.624014,40.125448],[43.621166,40.12616],[43.616181,40.128866],[43.611197,40.131002],[43.605287,40.133209],[43.60194,40.134776],[43.600088,40.135274],[43.594748,40.135702],[43.590689,40.135132],[43.587058,40.133921],[43.584067,40.132569],[43.57894,40.130575],[43.573671,40.127798],[43.56947,40.125163],[43.568421,40.124252],[43.562363,40.117895],[43.561382,40.117863],[43.560875,40.117847],[43.545641,40.120095],[43.528779,40.121306],[43.513887,40.118149],[43.494211,40.112644],[43.493423,40.112493],[43.491142,40.116506],[43.48907,40.122474],[43.487792,40.125275],[43.486915,40.127199],[43.485535,40.129165],[43.483599,40.131924],[43.481693,40.134245],[43.478377,40.140711],[43.476387,40.145684],[43.475864,40.147316],[43.474232,40.152399],[43.473569,40.156378],[43.472408,40.162843],[43.472325,40.166159],[43.472406,40.169227],[43.472408,40.169309],[43.472243,40.171962],[43.471579,40.174449],[43.468347,40.177681],[43.459477,40.183899],[43.444224,40.191939],[43.430298,40.199483],[43.415709,40.207606],[43.412808,40.209347],[43.409492,40.212248],[43.407337,40.21573],[43.405264,40.218797],[43.402943,40.221864],[43.397804,40.225346],[43.394571,40.227347],[43.392581,40.228578],[43.387774,40.230982],[43.387517,40.231173],[43.385535,40.23264],[43.371978,40.241003],[43.367796,40.243582],[43.362076,40.24839],[43.35498,40.253396],[43.349974,40.256928],[43.343923,40.26215],[43.335219,40.270191],[43.334058,40.272429],[43.333478,40.273839],[43.330991,40.277652],[43.324691,40.284781],[43.319469,40.288759],[43.310599,40.295391],[43.294849,40.307411],[43.287803,40.31313],[43.278851,40.321668],[43.275869,40.324229],[43.272013,40.326209],[43.262321,40.330378],[43.250337,40.334546],[43.245335,40.336839],[43.236581,40.341424],[43.231892,40.343404],[43.223346,40.344029],[43.21751,40.344029],[43.211883,40.345175],[43.20365,40.347468],[43.197085,40.34924],[43.196356,40.360807],[43.19573,40.367372],[43.196147,40.371332],[43.19844,40.378106],[43.201149,40.383212],[43.202921,40.386547],[43.203366,40.389649],[43.202194,40.393331],[43.200228,40.402852],[43.199814,40.407819],[43.199814,40.414545],[43.200642,40.417029],[43.204885,40.423549],[43.213888,40.432241],[43.220097,40.44052],[43.229307,40.450558],[43.233654,40.455318],[43.242967,40.466598],[43.255903,40.476429],[43.263768,40.481293],[43.27215,40.484294],[43.285499,40.489158],[43.304541,40.494642],[43.309508,40.495988],[43.316131,40.496919],[43.326583,40.496712],[43.33838,40.496298],[43.349556,40.496298],[43.350798,40.496712],[43.355765,40.498678],[43.369322,40.502404],[43.380188,40.506026],[43.394158,40.508199],[43.404921,40.509751],[43.412889,40.510993],[43.4162,40.510579],[43.420857,40.509337],[43.432447,40.504266],[43.43907,40.501576],[43.444762,40.497436],[43.449419,40.49278],[43.458215,40.486985],[43.474669,40.48181],[43.480982,40.479637],[43.497358,40.475317],[43.505352,40.472755],[43.511406,40.469806],[43.516839,40.468021],[43.523203,40.464761],[43.531586,40.463442],[43.53632,40.463287],[43.546875,40.463209],[43.549359,40.464528],[43.551413,40.466052],[43.551813,40.466334]]]}},{"type":"Feature","properties":{"id":"TR-D-36-004","parent_id":"TR-P-36","region_id":"TR-R-DOA","level":"district","municipality_type":null,"municipality_type_label":null,"is_metropolitan_municipality":null,"name":"Kağızman","name_ascii":"kagizman","slug":"kagizman-kars"},"geometry":{"type":"Polygon","coordinates":[[[43.197085,40.34924],[43.20365,40.347468],[43.211883,40.345175],[43.21751,40.344029],[43.223346,40.344029],[43.231892,40.343404],[43.236581,40.341424],[43.245335,40.336839],[43.250337,40.334546],[43.262321,40.330378],[43.272013,40.326209],[43.275869,40.324229],[43.278851,40.321668],[43.287803,40.31313],[43.294849,40.307411],[43.310599,40.295391],[43.319469,40.288759],[43.324691,40.284781],[43.330991,40.277652],[43.333478,40.273839],[43.334058,40.272429],[43.335219,40.270191],[43.343923,40.26215],[43.349974,40.256928],[43.35498,40.253396],[43.362076,40.24839],[43.367796,40.243582],[43.371978,40.241003],[43.385535,40.23264],[43.387517,40.231173],[43.387774,40.230982],[43.392581,40.228578],[43.394571,40.227347],[43.397804,40.225346],[43.402943,40.221864],[43.405264,40.218797],[43.407337,40.21573],[43.409492,40.212248],[43.412808,40.209347],[43.415709,40.207606],[43.430298,40.199483],[43.444224,40.191939],[43.459477,40.183899],[43.468347,40.177681],[43.471579,40.174449],[43.472243,40.171962],[43.472408,40.169309],[43.472406,40.169227],[43.472325,40.166159],[43.472408,40.162843],[43.473569,40.156378],[43.474232,40.152399],[43.475864,40.147316],[43.476387,40.145684],[43.478377,40.140711],[43.481693,40.134245],[43.483599,40.131924],[43.485535,40.129165],[43.486915,40.127199],[43.487792,40.125275],[43.48907,40.122474],[43.491142,40.116506],[43.493423,40.112493],[43.488383,40.111525],[43.475263,40.109004],[43.460708,40.11273],[43.45733,40.113413],[43.425792,40.126351],[43.405419,40.134983],[43.390822,40.136014],[43.372269,40.128348],[43.344255,40.138264],[43.343007,40.138352],[43.342738,40.138371],[43.342818,40.13566],[43.343288,40.132844],[43.343349,40.131758],[43.343512,40.128836],[43.343543,40.128019],[43.34358,40.127068],[43.343636,40.126192],[43.343915,40.121874],[43.343786,40.120787],[43.343496,40.118355],[43.342994,40.114836],[43.342929,40.112366],[43.342874,40.110307],[43.342829,40.108579],[43.342826,40.108469],[43.342801,40.106089],[43.342742,40.100343],[43.343245,40.097662],[43.344165,40.095147],[43.344502,40.094227],[43.347685,40.090624],[43.349863,40.087524],[43.350165,40.086921],[43.351371,40.084508],[43.353131,40.07856],[43.355393,40.071942],[43.355309,40.06725],[43.354692,40.065019],[43.35422,40.063312],[43.353335,40.061936],[43.351958,40.059794],[43.350031,40.057197],[43.349612,40.056831],[43.346764,40.054348],[43.342156,40.0515],[43.334364,40.046557],[43.332843,40.045745],[43.331851,40.045216],[43.327997,40.042703],[43.321295,40.038514],[43.308896,40.031141],[43.306298,40.029466],[43.299848,40.025109],[43.29591,40.023182],[43.29068,40.020932],[43.288705,40.020083],[43.281289,40.017494],[43.276964,40.019927],[43.272188,40.020468],[43.267773,40.020198],[43.260294,40.019206],[43.252544,40.017404],[43.247949,40.016413],[43.24056,40.015332],[43.230557,40.01398],[43.222267,40.012809],[43.217491,40.011727],[43.209832,40.011817],[43.192801,40.011547],[43.189557,40.011727],[43.18397,40.011727],[43.174689,40.010916],[43.160992,40.009835],[43.149729,40.008123],[43.141348,40.004969],[43.132878,40.001094],[43.124228,39.995778],[43.114676,39.990732],[43.111342,39.98938],[43.102601,39.988028],[43.08566,39.986767],[43.081395,39.987428],[43.076828,39.988839],[43.072677,39.990666],[43.066284,39.991496],[43.063793,39.990998],[43.05931,39.988756],[43.05109,39.984356],[43.046856,39.981035],[43.040463,39.979457],[43.034485,39.978129],[43.029006,39.979208],[43.020039,39.983276],[43.013978,39.985767],[43.008499,39.988424],[43.003019,39.99133],[42.998286,39.992409],[42.994218,39.993073],[42.983342,39.994319],[42.972051,39.995398],[42.96682,39.996228],[42.962669,39.996062],[42.958268,39.995398],[42.952125,39.994651],[42.947309,39.994568],[42.943822,39.994485],[42.939422,39.993572],[42.933527,39.992326],[42.926636,39.989337],[42.922651,39.986016],[42.917503,39.982114],[42.910861,39.979042],[42.89218,39.972898],[42.887282,39.971819],[42.870262,39.967419],[42.860797,39.965343],[42.831572,39.962354],[42.803593,39.958203],[42.794211,39.956874],[42.771794,39.955131],[42.759174,39.953636],[42.746471,39.951893],[42.739282,39.950054],[42.738791,39.951132],[42.738125,39.952354],[42.737847,39.952965],[42.736404,39.954908],[42.735626,39.955852],[42.735238,39.957073],[42.734793,39.957684],[42.73446,39.957906],[42.734238,39.958239],[42.734238,39.958739],[42.734238,39.959072],[42.733877,39.959627],[42.733072,39.959738],[42.732184,39.959793],[42.731518,39.960182],[42.73063,39.96046],[42.729297,39.961015],[42.728742,39.961293],[42.728742,39.96157],[42.728131,39.962347],[42.727409,39.962958],[42.726799,39.963791],[42.726632,39.964513],[42.726743,39.965179],[42.726965,39.96579],[42.727076,39.966178],[42.726743,39.966622],[42.726299,39.966733],[42.725799,39.966733],[42.725522,39.967122],[42.725244,39.967566],[42.724633,39.968232],[42.723912,39.969232],[42.723245,39.969565],[42.72269,39.970009],[42.722246,39.970176],[42.721413,39.970176],[42.720858,39.970342],[42.720414,39.970786],[42.719803,39.971286],[42.71897,39.97173],[42.717749,39.972063],[42.717138,39.97223],[42.716583,39.972119],[42.715972,39.97223],[42.715584,39.972619],[42.715084,39.972785],[42.714307,39.973063],[42.713863,39.973063],[42.713141,39.972896],[42.71203,39.972785],[42.711697,39.972952],[42.711087,39.973784],[42.710809,39.974229],[42.710309,39.974506],[42.70981,39.974506],[42.709143,39.974895],[42.708588,39.975395],[42.7077,39.975894],[42.707034,39.976782],[42.706145,39.977504],[42.705202,39.978282],[42.704202,39.978781],[42.703591,39.979614],[42.703036,39.980336],[42.703092,39.981002],[42.703425,39.981557],[42.703647,39.982001],[42.70398,39.982445],[42.704147,39.982779],[42.704147,39.983167],[42.703647,39.983556],[42.702981,39.984],[42.702259,39.984389],[42.702037,39.985388],[42.701759,39.986443],[42.701482,39.987276],[42.701149,39.987831],[42.70076,39.988275],[42.700371,39.989052],[42.700371,39.98983],[42.700593,39.990385],[42.700815,39.990829],[42.701204,39.991162],[42.700927,39.991495],[42.700593,39.991717],[42.70026,39.992161],[42.700649,39.992439],[42.700871,39.992772],[42.700927,39.993105],[42.700427,39.993549],[42.699872,39.993938],[42.699205,39.994493],[42.69865,39.995048],[42.698428,39.995493],[42.698262,39.995992],[42.698428,39.996492],[42.698872,39.997325],[42.699372,39.998158],[42.699483,39.998491],[42.699372,39.999101],[42.69915,39.999823],[42.69915,40.0006],[42.699039,40.0016],[42.698761,40.002655],[42.698706,40.003432],[42.698484,40.004209],[42.698317,40.004986],[42.697984,40.005708],[42.697373,40.006541],[42.696985,40.007318],[42.696818,40.008318],[42.696874,40.008817],[42.697207,40.010094],[42.697262,40.010816],[42.697318,40.01126],[42.697817,40.011427],[42.69804,40.011815],[42.698206,40.012315],[42.69865,40.01287],[42.698928,40.013592],[42.698928,40.014258],[42.699261,40.014702],[42.699705,40.015035],[42.700316,40.015535],[42.700538,40.015868],[42.700344,40.016201],[42.699594,40.016423],[42.699316,40.016812],[42.699316,40.017312],[42.700038,40.017756],[42.700982,40.018145],[42.701759,40.018755],[42.702648,40.019533],[42.703092,40.020365],[42.703647,40.020976],[42.704369,40.021476],[42.704924,40.022086],[42.705368,40.02242],[42.705646,40.022975],[42.705812,40.023586],[42.706201,40.023641],[42.706756,40.023419],[42.7072,40.02353],[42.707478,40.023808],[42.707589,40.024141],[42.707866,40.024751],[42.708366,40.025751],[42.708866,40.026306],[42.70931,40.02675],[42.710032,40.027028],[42.710587,40.027194],[42.710698,40.027527],[42.710909,40.028006],[42.711377,40.028162],[42.712039,40.028749],[42.71252,40.02917],[42.712911,40.029215],[42.71328,40.028794],[42.713739,40.028538],[42.714206,40.028343],[42.714522,40.027756],[42.715936,40.027018],[42.716192,40.026853],[42.716944,40.026958],[42.717742,40.027093],[42.718434,40.026582],[42.718946,40.026326],[42.719548,40.026522],[42.72012,40.027109],[42.720481,40.027357],[42.720947,40.027319],[42.721459,40.027139],[42.722181,40.027229],[42.722633,40.027319],[42.723626,40.027936],[42.724514,40.028508],[42.725341,40.028839],[42.725958,40.028975],[42.72647,40.028809],[42.726861,40.028659],[42.727463,40.028734],[42.727614,40.029005],[42.727817,40.029351],[42.728396,40.029516],[42.728833,40.029531],[42.729344,40.029494],[42.729683,40.029622],[42.729675,40.030163],[42.729585,40.030494],[42.729751,40.03072],[42.730127,40.03075],[42.730503,40.030735],[42.731075,40.030728],[42.731331,40.031157],[42.731572,40.031563],[42.731662,40.031894],[42.731933,40.032225],[42.732294,40.032225],[42.732505,40.031984],[42.732828,40.031774],[42.733347,40.031819],[42.733738,40.031924],[42.73416,40.032014],[42.734551,40.031999],[42.734807,40.031774],[42.735108,40.031458],[42.735454,40.031405],[42.73568,40.031668],[42.735574,40.031954],[42.735574,40.03227],[42.73571,40.032541],[42.736206,40.032676],[42.736869,40.032752],[42.737651,40.032902],[42.737982,40.032917],[42.738373,40.032917],[42.738674,40.032767],[42.739081,40.032466],[42.73954,40.032436],[42.740164,40.032842],[42.740435,40.033218],[42.740495,40.033474],[42.74033,40.03373],[42.740209,40.033986],[42.740194,40.034302],[42.74048,40.034558],[42.740962,40.034648],[42.741308,40.034648],[42.741962,40.034384],[42.742436,40.034272],[42.742783,40.034362],[42.742933,40.034723],[42.742963,40.035024],[42.743219,40.035385],[42.74349,40.035791],[42.743776,40.036123],[42.743911,40.036378],[42.743911,40.036755],[42.743791,40.037056],[42.74364,40.037417],[42.743731,40.037778],[42.743986,40.038019],[42.744468,40.038199],[42.745085,40.038395],[42.745371,40.038636],[42.745431,40.039012],[42.745582,40.039689],[42.745875,40.040005],[42.746469,40.03999],[42.747101,40.039794],[42.747433,40.039734],[42.747854,40.039764],[42.748486,40.04005],[42.748967,40.040487],[42.749449,40.041043],[42.74972,40.041269],[42.750292,40.041389],[42.750728,40.04154],[42.751074,40.041585],[42.751511,40.041585],[42.752278,40.04154],[42.753587,40.041675],[42.754325,40.041841],[42.755032,40.041976],[42.755483,40.042443],[42.755789,40.042545],[42.756502,40.04274],[42.757612,40.043239],[42.758445,40.04385],[42.759,40.045016],[42.761054,40.047348],[42.763608,40.051456],[42.765884,40.054454],[42.769271,40.056731],[42.775212,40.05884],[42.78254,40.060562],[42.784925,40.059469],[42.786448,40.059353],[42.787494,40.059639],[42.788969,40.060495],[42.789635,40.06097],[42.7903,40.061303],[42.791156,40.061779],[42.792393,40.062397],[42.793249,40.063301],[42.793677,40.063681],[42.794286,40.063837],[42.794778,40.063662],[42.795622,40.062994],[42.797028,40.061975],[42.798644,40.061307],[42.799593,40.061096],[42.802897,40.061026],[42.805182,40.061272],[42.807291,40.061623],[42.809681,40.062888],[42.811192,40.063627],[42.812879,40.063978],[42.814075,40.064154],[42.81527,40.063978],[42.816148,40.063451],[42.817378,40.062748],[42.818011,40.062326],[42.818855,40.062256],[42.820261,40.062221],[42.822018,40.062467],[42.823108,40.062642],[42.823881,40.062396],[42.824408,40.061904],[42.82497,40.061096],[42.825216,40.060287],[42.825955,40.059338],[42.826412,40.058776],[42.827185,40.058284],[42.827923,40.058249],[42.828802,40.058319],[42.829399,40.058776],[42.82961,40.059409],[42.829645,40.060463],[42.82961,40.061658],[42.830313,40.062607],[42.831649,40.062888],[42.833687,40.06331],[42.840939,40.068493],[42.846745,40.071824],[42.851599,40.076202],[42.855311,40.081437],[42.857309,40.086577],[42.857595,40.094],[42.854073,40.104565],[42.853122,40.107516],[42.851789,40.119603],[42.850266,40.127979],[42.8496,40.132738],[42.848267,40.139591],[42.846174,40.14435],[42.840939,40.149775],[42.836275,40.154344],[42.832373,40.157199],[42.829422,40.160245],[42.828185,40.161863],[42.827043,40.164813],[42.826186,40.168335],[42.825615,40.171761],[42.824663,40.174236],[42.82314,40.17633],[42.818857,40.178233],[42.813527,40.180232],[42.812576,40.181374],[42.811529,40.184134],[42.811814,40.187466],[42.812004,40.190797],[42.812671,40.196698],[42.812861,40.20041],[42.812576,40.207643],[42.812385,40.212022],[42.812004,40.217161],[42.811338,40.219446],[42.810196,40.223253],[42.809054,40.227726],[42.807531,40.230677],[42.804581,40.235055],[42.803248,40.237815],[42.802772,40.240195],[42.802391,40.244858],[42.80163,40.249522],[42.801154,40.254186],[42.802106,40.262086],[42.801916,40.266559],[42.801709,40.271498],[42.804314,40.273062],[42.807962,40.27525],[42.810046,40.276084],[42.813381,40.277543],[42.814944,40.277751],[42.818279,40.277855],[42.821092,40.277126],[42.822864,40.276084],[42.824219,40.275979],[42.827449,40.276396],[42.829638,40.277126],[42.832139,40.278064],[42.833598,40.278689],[42.838391,40.281503],[42.844019,40.28786],[42.85246,40.301824],[42.858817,40.31089],[42.862881,40.319123],[42.877679,40.330169],[42.894248,40.341111],[42.921969,40.355076],[42.936766,40.361745],[42.942706,40.363517],[42.950731,40.364767],[42.960005,40.366122],[42.96605,40.366643],[42.97397,40.365705],[42.980952,40.365184],[42.985641,40.36508],[42.992728,40.364038],[43.009089,40.36039],[43.017842,40.357889],[43.028524,40.354444],[43.033995,40.352679],[43.037596,40.351913],[43.048689,40.349552],[43.063799,40.346113],[43.068802,40.344759],[43.072762,40.342987],[43.080682,40.338402],[43.095688,40.336422],[43.107464,40.335484],[43.122679,40.336318],[43.138414,40.340382],[43.149878,40.342779],[43.151753,40.343198],[43.166656,40.34653],[43.174159,40.347468],[43.182808,40.348614],[43.1925,40.349448],[43.197085,40.34924]]]}},{"type":"Feature","properties":{"id":"TR-D-36-005","parent_id":"TR-P-36","region_id":"TR-R-DOA","level":"district","municipality_type":null,"municipality_type_label":null,"is_metropolitan_municipality":null,"name":"Kars","name_ascii":"kars","slug":"kars-kars"},"geometry":{"type":"Polygon","coordinates":[[[43.695866,40.606342],[43.695336,40.60615],[43.695294,40.605895],[43.695096,40.60531],[43.695058,40.604819],[43.69504,40.604588],[43.695487,40.603941],[43.695657,40.603787],[43.6959,40.603535],[43.696051,40.603171],[43.696051,40.602738],[43.695618,40.602387],[43.695239,40.602263],[43.694294,40.601916],[43.692969,40.601424],[43.691551,40.600391],[43.691373,40.600261],[43.691167,40.600055],[43.690692,40.599608],[43.690169,40.598754],[43.690042,40.598495],[43.689997,40.598404],[43.689163,40.596785],[43.688395,40.59515],[43.688216,40.594833],[43.687987,40.594593],[43.687355,40.593951],[43.68609,40.593009],[43.684953,40.592456],[43.684577,40.592273],[43.684192,40.591915],[43.68391,40.59142],[43.683648,40.590232],[43.683429,40.589241],[43.683607,40.588127],[43.683862,40.587625],[43.684158,40.58737],[43.684404,40.587125],[43.684726,40.586897],[43.685505,40.586367],[43.685688,40.586041],[43.685794,40.58572],[43.685739,40.585321],[43.685154,40.584759],[43.684467,40.584462],[43.682802,40.584064],[43.681056,40.583609],[43.680744,40.583381],[43.680623,40.583293],[43.680341,40.582846],[43.680176,40.582303],[43.680182,40.582224],[43.680259,40.581147],[43.68053,40.579547],[43.680506,40.577868],[43.68021,40.577356],[43.678519,40.575963],[43.67755,40.575997],[43.67711,40.576314],[43.676174,40.577115],[43.675292,40.577917],[43.674742,40.578373],[43.674332,40.578713],[43.673871,40.578713],[43.673362,40.578638],[43.67268,40.577831],[43.672606,40.577744],[43.671959,40.576919],[43.671478,40.576451],[43.670632,40.575805],[43.66958,40.575323],[43.669169,40.574997],[43.668879,40.574766],[43.668349,40.574024],[43.668164,40.573549],[43.668102,40.572972],[43.668219,40.572752],[43.668329,40.572552],[43.668499,40.572323],[43.668507,40.572312],[43.668958,40.571931],[43.669566,40.57161],[43.670151,40.571301],[43.670295,40.571182],[43.670653,40.570874],[43.671086,40.57051],[43.671497,40.570006],[43.671835,40.56888],[43.671698,40.568186],[43.671364,40.567387],[43.671251,40.56721],[43.670921,40.566921],[43.66984,40.566826],[43.66973,40.566812],[43.668562,40.566666],[43.66652,40.565704],[43.664705,40.565484],[43.663988,40.564902],[43.663859,40.564342],[43.663724,40.564062],[43.663564,40.56373],[43.663412,40.563558],[43.663275,40.563517],[43.662855,40.563414],[43.662243,40.563428],[43.661735,40.563723],[43.660861,40.564287],[43.660587,40.56442],[43.65906,40.56516],[43.658482,40.56541],[43.657868,40.56557],[43.657226,40.565677],[43.656777,40.565772],[43.655836,40.565597],[43.655447,40.565457],[43.655088,40.565329],[43.654776,40.565236],[43.6536,40.564624],[43.652404,40.564651],[43.651534,40.564447],[43.650625,40.5641],[43.649874,40.563675],[43.649502,40.56342],[43.648601,40.563015],[43.647776,40.562712],[43.646456,40.56263],[43.645301,40.562664],[43.645294,40.562664],[43.644524,40.56241],[43.644215,40.562245],[43.643898,40.562093],[43.643527,40.561681],[43.643197,40.560952],[43.643064,40.560586],[43.642936,40.56023],[43.642447,40.559049],[43.642054,40.558233],[43.641959,40.558037],[43.641911,40.557576],[43.641952,40.556955],[43.641952,40.55695],[43.642083,40.556709],[43.642468,40.556166],[43.642743,40.555568],[43.642846,40.554956],[43.642846,40.554227],[43.642736,40.553347],[43.64274,40.552873],[43.642743,40.552605],[43.64286,40.552164],[43.643073,40.551319],[43.643265,40.551058],[43.643912,40.550184],[43.644489,40.549634],[43.644585,40.549194],[43.644986,40.54729],[43.645142,40.545928],[43.645179,40.545359],[43.645226,40.544617],[43.646483,40.543014],[43.646811,40.542722],[43.647714,40.541919],[43.648862,40.540668],[43.65001,40.539299],[43.650759,40.538283],[43.651145,40.537257],[43.651133,40.536573],[43.651095,40.536303],[43.651021,40.535765],[43.651097,40.534273],[43.651076,40.533874],[43.650977,40.533367],[43.650919,40.533072],[43.650794,40.532582],[43.650678,40.532377],[43.650237,40.531619],[43.649783,40.531158],[43.648924,40.530732],[43.647872,40.530507],[43.647294,40.530464],[43.646627,40.530574],[43.645899,40.530739],[43.644957,40.531083],[43.644042,40.531722],[43.643389,40.532451],[43.643115,40.532645],[43.642378,40.53329],[43.642323,40.533757],[43.642357,40.534424],[43.642547,40.535021],[43.642722,40.535572],[43.642773,40.536025],[43.642758,40.536243],[43.642639,40.53659],[43.642564,40.536714],[43.642316,40.536996],[43.642073,40.537214],[43.641285,40.537498],[43.641203,40.537509],[43.640528,40.537601],[43.639923,40.537615],[43.639373,40.53747],[43.639028,40.537129],[43.638839,40.53676],[43.638637,40.536033],[43.638265,40.535014],[43.637665,40.534476],[43.637263,40.534453],[43.636787,40.534567],[43.636306,40.534787],[43.63614,40.534916],[43.635766,40.535397],[43.635479,40.536248],[43.635282,40.536872],[43.635282,40.537243],[43.6354,40.537732],[43.635564,40.538756],[43.635552,40.539219],[43.63522,40.539601],[43.635021,40.539713],[43.634946,40.539753],[43.634712,40.539877],[43.634154,40.539987],[43.633329,40.53989],[43.632683,40.539656],[43.632187,40.539413],[43.631303,40.538978],[43.630125,40.538284],[43.629368,40.538027],[43.62899,40.537935],[43.628543,40.537827],[43.627929,40.537567],[43.627581,40.537229],[43.62745,40.536844],[43.627648,40.536337],[43.628019,40.536023],[43.628667,40.535476],[43.628957,40.535137],[43.629237,40.534639],[43.62972,40.534109],[43.630031,40.533876],[43.630859,40.533047],[43.631489,40.530951],[43.631761,40.530107],[43.631782,40.530044],[43.632248,40.529243],[43.632739,40.528816],[43.633423,40.528453],[43.634762,40.528168],[43.635432,40.528025],[43.635777,40.527953],[43.6365,40.527619],[43.637284,40.526756],[43.638082,40.525888],[43.638665,40.525045],[43.638852,40.524304],[43.638905,40.523642],[43.638852,40.523001],[43.638675,40.522647],[43.638256,40.522272],[43.637894,40.522123],[43.637683,40.522057],[43.637276,40.52193],[43.636636,40.521889],[43.636196,40.521751],[43.636073,40.521636],[43.63568,40.521249],[43.635082,40.519909],[43.634836,40.519675],[43.634133,40.519008],[43.633397,40.518836],[43.632563,40.51893],[43.632314,40.518958],[43.631828,40.518958],[43.6309,40.518958],[43.630216,40.519003],[43.62965,40.519001],[43.628811,40.518863],[43.628729,40.518848],[43.627543,40.518627],[43.626996,40.518609],[43.626372,40.518627],[43.625599,40.518804],[43.62527,40.519111],[43.625025,40.519242],[43.624589,40.51953],[43.6243,40.519736],[43.623991,40.520087],[43.623943,40.52035],[43.624066,40.520651],[43.625196,40.521358],[43.625196,40.521388],[43.625201,40.524174],[43.625201,40.524199],[43.624704,40.524478],[43.623657,40.524756],[43.622955,40.524803],[43.621433,40.524907],[43.621204,40.524952],[43.620366,40.525119],[43.620161,40.525141],[43.619469,40.525098],[43.619074,40.52499],[43.618443,40.524756],[43.61829,40.524446],[43.618227,40.524241],[43.618201,40.524157],[43.618023,40.522691],[43.61796,40.521964],[43.617816,40.521345],[43.617562,40.520981],[43.617073,40.520657],[43.615924,40.520261],[43.614852,40.519901],[43.614536,40.519599],[43.614385,40.519179],[43.614364,40.518883],[43.613782,40.51792],[43.613546,40.517508],[43.613384,40.517324],[43.612748,40.516546],[43.612302,40.516175],[43.612037,40.515866],[43.61186,40.51549],[43.611772,40.515071],[43.611264,40.514077],[43.610866,40.513635],[43.610469,40.513503],[43.609607,40.513591],[43.608884,40.51383],[43.608793,40.513868],[43.608251,40.514098],[43.607873,40.514407],[43.607433,40.514957],[43.607045,40.51549],[43.606758,40.515755],[43.606051,40.516308],[43.605455,40.516418],[43.604394,40.516195],[43.603376,40.51592],[43.602799,40.5155],[43.602274,40.514784],[43.602095,40.513799],[43.602031,40.513503],[43.601678,40.513087],[43.601327,40.512688],[43.600776,40.512305],[43.600172,40.511897],[43.599203,40.511227],[43.597701,40.510366],[43.597105,40.510189],[43.595559,40.509703],[43.593637,40.50893],[43.592031,40.508329],[43.591296,40.507914],[43.589584,40.506939],[43.589549,40.506919],[43.588545,40.506534],[43.588159,40.506456],[43.587555,40.506472],[43.587386,40.506523],[43.586736,40.506829],[43.586555,40.506936],[43.585904,40.507318],[43.585141,40.507613],[43.58391,40.507497],[43.583249,40.507251],[43.58319,40.507229],[43.581813,40.506582],[43.581356,40.506324],[43.579656,40.504579],[43.578967,40.504107],[43.578176,40.503666],[43.576979,40.503653],[43.576086,40.503735],[43.574818,40.503806],[43.573427,40.504071],[43.572565,40.504159],[43.57196,40.504101],[43.571637,40.504071],[43.570776,40.503607],[43.570715,40.503501],[43.570564,40.50324],[43.57055,40.502896],[43.570846,40.502429],[43.571174,40.502083],[43.571286,40.501947],[43.571461,40.501575],[43.571439,40.501133],[43.571197,40.500813],[43.57,40.500311],[43.569395,40.500132],[43.569274,40.500029],[43.5687,40.499388],[43.568457,40.498725],[43.568368,40.498173],[43.568943,40.497157],[43.569622,40.49666],[43.570172,40.49602],[43.570323,40.495553],[43.570303,40.495381],[43.570248,40.495058],[43.569746,40.494721],[43.569208,40.494529],[43.568479,40.494484],[43.567595,40.494661],[43.566734,40.494816],[43.56578,40.495262],[43.564964,40.495793],[43.564206,40.496021],[43.56375,40.496059],[43.563352,40.496097],[43.562802,40.495869],[43.562044,40.49513],[43.561399,40.494807],[43.560318,40.494523],[43.559423,40.494617],[43.558351,40.494662],[43.558042,40.494675],[43.557606,40.494428],[43.557245,40.494125],[43.557226,40.493594],[43.55729,40.493403],[43.55734,40.493252],[43.557606,40.492873],[43.557833,40.492475],[43.557966,40.492266],[43.558004,40.492133],[43.558086,40.491936],[43.558237,40.491671],[43.558611,40.491147],[43.55918,40.490844],[43.559597,40.490578],[43.559692,40.490313],[43.559578,40.489933],[43.559294,40.489706],[43.558326,40.489364],[43.55772,40.489118],[43.557378,40.488644],[43.557075,40.487885],[43.557113,40.487373],[43.557321,40.487013],[43.557915,40.486559],[43.558459,40.486083],[43.558858,40.485742],[43.559009,40.485287],[43.55899,40.484452],[43.558668,40.483087],[43.558413,40.482371],[43.558241,40.48195],[43.557756,40.481258],[43.557228,40.480865],[43.556878,40.480587],[43.556607,40.480437],[43.556107,40.480201],[43.554772,40.479552],[43.554044,40.479266],[43.553737,40.479313],[43.553452,40.479635],[43.553031,40.48013],[43.552781,40.480215],[43.551981,40.480487],[43.551503,40.480494],[43.551167,40.480415],[43.550816,40.480261],[43.549861,40.479073],[43.549155,40.478574],[43.548841,40.478488],[43.548123,40.478478],[43.547206,40.478574],[43.546008,40.478513],[43.545792,40.478502],[43.545449,40.478403],[43.544829,40.47821],[43.543116,40.477682],[43.542518,40.477346],[43.542414,40.477084],[43.542325,40.476652],[43.542393,40.476134],[43.542572,40.475902],[43.542834,40.475745],[43.54301,40.47566],[43.543079,40.475627],[43.54339,40.47569],[43.54386,40.475923],[43.544201,40.475924],[43.544627,40.47591],[43.545019,40.475938],[43.545431,40.475958],[43.545919,40.47602],[43.546113,40.476051],[43.546832,40.47602],[43.547048,40.475875],[43.547167,40.47569],[43.54732,40.475399],[43.547591,40.474678],[43.548047,40.473943],[43.54822,40.473785],[43.548879,40.473097],[43.549086,40.472573],[43.549159,40.471978],[43.548934,40.471316],[43.548669,40.470833],[43.548003,40.469672],[43.547962,40.469599],[43.54767,40.468973],[43.547194,40.46808],[43.546949,40.467544],[43.547081,40.467286],[43.54724,40.467074],[43.547611,40.466941],[43.548186,40.466935],[43.548621,40.467047],[43.549152,40.46715],[43.549695,40.467206],[43.550158,40.467272],[43.550196,40.467267],[43.550721,40.467193],[43.550919,40.467034],[43.55143,40.466675],[43.551813,40.466334],[43.551413,40.466052],[43.549359,40.464528],[43.546875,40.463209],[43.53632,40.463287],[43.531586,40.463442],[43.523203,40.464761],[43.516839,40.468021],[43.511406,40.469806],[43.505352,40.472755],[43.497358,40.475317],[43.480982,40.479637],[43.474669,40.48181],[43.458215,40.486985],[43.449419,40.49278],[43.444762,40.497436],[43.43907,40.501576],[43.432447,40.504266],[43.420857,40.509337],[43.4162,40.510579],[43.412889,40.510993],[43.404921,40.509751],[43.394158,40.508199],[43.380188,40.506026],[43.369322,40.502404],[43.355765,40.498678],[43.350798,40.496712],[43.349556,40.496298],[43.33838,40.496298],[43.326583,40.496712],[43.316131,40.496919],[43.309508,40.495988],[43.304541,40.494642],[43.285499,40.489158],[43.27215,40.484294],[43.263768,40.481293],[43.255903,40.476429],[43.242967,40.466598],[43.233654,40.455318],[43.229307,40.450558],[43.220097,40.44052],[43.213888,40.432241],[43.204885,40.423549],[43.200642,40.417029],[43.199814,40.414545],[43.199814,40.407819],[43.200228,40.402852],[43.202194,40.393331],[43.203366,40.389649],[43.202921,40.386547],[43.201149,40.383212],[43.19844,40.378106],[43.196147,40.371332],[43.19573,40.367372],[43.196356,40.360807],[43.197085,40.34924],[43.1925,40.349448],[43.182808,40.348614],[43.174159,40.347468],[43.166656,40.34653],[43.151753,40.343198],[43.149878,40.342779],[43.138414,40.340382],[43.122679,40.336318],[43.107464,40.335484],[43.095688,40.336422],[43.080682,40.338402],[43.072762,40.342987],[43.068802,40.344759],[43.063799,40.346113],[43.048689,40.349552],[43.037596,40.351913],[43.033995,40.352679],[43.028524,40.354444],[43.017842,40.357889],[43.009089,40.36039],[42.992728,40.364038],[42.985641,40.36508],[42.980952,40.365184],[42.97397,40.365705],[42.96605,40.366643],[42.963372,40.377623],[42.962343,40.390997],[42.961771,40.39877],[42.961776,40.398999],[42.961886,40.404943],[42.962,40.413402],[42.961771,40.417288],[42.962914,40.425976],[42.962914,40.437636],[42.960057,40.458897],[42.95697,40.470557],[42.951712,40.478787],[42.947025,40.485646],[42.940738,40.491133],[42.928964,40.500163],[42.925749,40.503378],[42.925649,40.503478],[42.920734,40.507022],[42.91639,40.509308],[42.912046,40.511709],[42.904731,40.514338],[42.894671,40.515938],[42.876267,40.52051],[42.862893,40.524511],[42.858778,40.526455],[42.855006,40.530341],[42.851233,40.534228],[42.849911,40.536073],[42.846318,40.541086],[42.844261,40.545887],[42.844146,40.548631],[42.844161,40.548795],[42.844489,40.552403],[42.845861,40.55949],[42.845975,40.566806],[42.846334,40.567954],[42.846547,40.568635],[42.847121,40.571341],[42.848147,40.576179],[42.850548,40.583267],[42.854206,40.589782],[42.855349,40.593783],[42.855852,40.595795],[42.856606,40.598813],[42.856316,40.600028],[42.855495,40.603465],[42.853782,40.608128],[42.850451,40.613173],[42.84712,40.618217],[42.844455,40.622881],[42.84198,40.62783],[42.840172,40.632209],[42.838649,40.636396],[42.838268,40.638586],[42.838173,40.64087],[42.838554,40.641917],[42.838649,40.644677],[42.839206,40.646146],[42.839696,40.647437],[42.840939,40.650289],[42.841314,40.651149],[42.841932,40.65253],[42.842932,40.654766],[42.842932,40.656003],[42.842837,40.659049],[42.842075,40.66476],[42.842075,40.667044],[42.842646,40.669423],[42.843598,40.670269],[42.84436,40.670946],[42.844601,40.67099],[42.8475,40.671517],[42.84969,40.672564],[42.850261,40.67304],[42.850832,40.673516],[42.853973,40.676942],[42.854678,40.678656],[42.855305,40.680179],[42.855448,40.681654],[42.855591,40.683129],[42.85586,40.687255],[42.855876,40.687507],[42.855257,40.689506],[42.854639,40.691505],[42.85417,40.69246],[42.852259,40.696359],[42.852353,40.698787],[42.852355,40.698833],[42.8525,40.699335],[42.853211,40.701784],[42.855781,40.706162],[42.857304,40.709018],[42.857811,40.711492],[42.858065,40.71273],[42.858241,40.713925],[42.858541,40.715966],[42.858724,40.718437],[42.858731,40.718535],[42.858589,40.719868],[42.858446,40.7212],[42.85778,40.723104],[42.855971,40.725579],[42.853877,40.727768],[42.851117,40.729862],[42.848952,40.731551],[42.849884,40.732483],[42.851924,40.735764],[42.853255,40.743659],[42.854557,40.750902],[42.856093,40.759447],[42.857528,40.767866],[42.858754,40.775058],[42.860085,40.784815],[42.86026,40.796615],[42.860262,40.79679],[42.860262,40.800781],[42.862568,40.812579],[42.863618,40.814589],[42.865762,40.818699],[42.868478,40.82085],[42.870019,40.822069],[42.873478,40.823311],[42.874553,40.823646],[42.881461,40.825795],[42.883987,40.82591],[42.885364,40.825972],[42.893879,40.824464],[42.894642,40.824303],[42.901862,40.822779],[42.912418,40.81861],[42.923492,40.811614],[42.933695,40.806583],[42.937033,40.804936],[42.940148,40.8034],[42.942612,40.802169],[42.947135,40.798749],[42.952431,40.793784],[42.955851,40.790143],[42.957689,40.787385],[42.958057,40.786833],[42.958167,40.786135],[42.958388,40.784737],[42.959381,40.779111],[42.960043,40.772491],[42.960484,40.766203],[42.96247,40.759473],[42.967435,40.748882],[42.973723,40.742262],[42.979681,40.736084],[42.981481,40.733737],[42.982814,40.731818],[42.983613,40.730645],[42.984083,40.730525],[42.984238,40.730485],[42.984937,40.727278],[42.991854,40.726704],[42.994685,40.726454],[42.995825,40.726341],[42.996973,40.726218],[43.007863,40.724969],[43.009008,40.72483],[43.010151,40.724683],[43.011635,40.724468],[43.013113,40.724231],[43.014822,40.723925],[43.025042,40.721971],[43.026742,40.721636],[43.027869,40.721398],[43.028355,40.721289],[43.029321,40.721057],[43.0298,40.720934],[43.030749,40.720668],[43.031226,40.72052],[43.032171,40.720205],[43.037998,40.7182],[43.039878,40.717562],[43.041758,40.716924],[43.041984,40.71685],[43.04338,40.716398],[43.043925,40.716231],[43.045,40.71592],[43.046083,40.715624],[43.047714,40.715191],[43.061878,40.711485],[43.064646,40.710769],[43.06702,40.710175],[43.067193,40.707723],[43.067733,40.705733],[43.069703,40.70468],[43.07083,40.70415],[43.073069,40.702444],[43.074402,40.700951],[43.07529,40.700098],[43.075734,40.699671],[43.077547,40.698978],[43.081492,40.699032],[43.083104,40.699114],[43.084637,40.699192],[43.090235,40.700151],[43.093386,40.701691],[43.094926,40.702444],[43.097139,40.70375],[43.099351,40.705056],[43.100311,40.705536],[43.103189,40.706975],[43.107294,40.709054],[43.114704,40.710973],[43.114757,40.710975],[43.11737,40.71108],[43.125793,40.71188],[43.131749,40.712505],[43.136574,40.713011],[43.140403,40.713656],[43.145009,40.714433],[43.155908,40.716518],[43.164343,40.718034],[43.167565,40.718792],[43.173062,40.720214],[43.180075,40.720593],[43.185335,40.720687],[43.185383,40.720688],[43.190311,40.71955],[43.193344,40.718129],[43.197324,40.713485],[43.199883,40.710831],[43.202253,40.708178],[43.208887,40.703818],[43.217511,40.699363],[43.232012,40.695478],[43.242911,40.695004],[43.243205,40.695023],[43.251536,40.695572],[43.25817,40.696236],[43.2608,40.696283],[43.263477,40.696331],[43.271059,40.695641],[43.271817,40.695572],[43.276461,40.69434],[43.278142,40.693904],[43.2812,40.693108],[43.286981,40.691402],[43.290204,40.691308],[43.301766,40.691876],[43.315414,40.692255],[43.326502,40.69235],[43.333042,40.692161],[43.339487,40.691876],[43.34451,40.690644],[43.354082,40.684389],[43.358726,40.680503],[43.365171,40.67766],[43.369909,40.676902],[43.387064,40.676238],[43.393698,40.676807],[43.40346,40.677755],[43.429238,40.683157],[43.441654,40.687801],[43.445161,40.689791],[43.44971,40.693677],[43.454733,40.700596],[43.459472,40.705619],[43.463696,40.709143],[43.476581,40.698562],[43.4858,40.693638],[43.495229,40.691648],[43.517857,40.69081],[43.532837,40.691438],[43.541427,40.693429],[43.548027,40.695943],[43.552427,40.70139],[43.554417,40.704219],[43.558817,40.711552],[43.563427,40.716476],[43.565627,40.718152],[43.566226,40.718293],[43.571638,40.721335],[43.581685,40.722059],[43.591363,40.722729],[43.59365,40.722019],[43.595229,40.721512],[43.596272,40.721158],[43.596787,40.720973],[43.59781,40.720591],[43.599334,40.720001],[43.601357,40.719199],[43.603373,40.718383],[43.604373,40.717964],[43.605363,40.717532],[43.607794,40.716396],[43.608772,40.715963],[43.609268,40.715765],[43.609773,40.715584],[43.610289,40.71543],[43.61079,40.715314],[43.611301,40.715222],[43.61182,40.715151],[43.612344,40.715097],[43.612871,40.715058],[43.6134,40.715034],[43.613929,40.715026],[43.614457,40.715037],[43.614984,40.71507],[43.615531,40.715132],[43.616076,40.715216],[43.616619,40.715315],[43.618245,40.715644],[43.618789,40.71575],[43.619335,40.715844],[43.619884,40.715923],[43.620435,40.715981],[43.62099,40.716022],[43.621548,40.716049],[43.622108,40.716067],[43.623231,40.716083],[43.624356,40.71608],[43.625482,40.716059],[43.626605,40.716013],[43.627165,40.715975],[43.62773,40.715924],[43.628294,40.715861],[43.628856,40.715789],[43.629973,40.715622],[43.630527,40.715526],[43.631076,40.715421],[43.631619,40.715303],[43.632154,40.71517],[43.632676,40.715015],[43.633167,40.71484],[43.633647,40.714646],[43.634118,40.714436],[43.634583,40.714216],[43.635041,40.713987],[43.635944,40.713511],[43.636822,40.713014],[43.637247,40.712757],[43.637658,40.712491],[43.638049,40.712215],[43.638414,40.711923],[43.638744,40.711612],[43.639047,40.711258],[43.639312,40.710881],[43.639548,40.71049],[43.639764,40.710087],[43.639965,40.709676],[43.640341,40.70884],[43.640697,40.707994],[43.641204,40.706716],[43.641518,40.70586],[43.641663,40.70543],[43.642064,40.704136],[43.642685,40.701972],[43.64292,40.701106],[43.643137,40.700238],[43.643233,40.699804],[43.643317,40.699369],[43.643384,40.698933],[43.643428,40.698497],[43.643445,40.698062],[43.643441,40.697626],[43.643423,40.69719],[43.643356,40.695888],[43.643352,40.695459],[43.643371,40.695034],[43.643423,40.694616],[43.643523,40.694207],[43.643682,40.693806],[43.64389,40.693414],[43.644133,40.693029],[43.644403,40.692649],[43.64469,40.692272],[43.644991,40.691898],[43.645616,40.691155],[43.646263,40.690421],[43.646594,40.690059],[43.647274,40.689351],[43.647628,40.689011],[43.647997,40.688685],[43.648386,40.688378],[43.648802,40.688097],[43.64924,40.687851],[43.649702,40.687628],[43.651136,40.687004],[43.651602,40.686783],[43.652048,40.686542],[43.652479,40.686265],[43.652885,40.685963],[43.653272,40.685642],[43.653645,40.685308],[43.654007,40.684964],[43.654706,40.684256],[43.655373,40.683528],[43.65569,40.683157],[43.655991,40.68278],[43.656272,40.682395],[43.656524,40.682001],[43.656743,40.681594],[43.656933,40.681178],[43.657102,40.680755],[43.657258,40.680328],[43.657402,40.679896],[43.657672,40.679028],[43.657925,40.678154],[43.658166,40.677279],[43.658389,40.676402],[43.658491,40.675963],[43.658656,40.675125],[43.658925,40.673538],[43.659006,40.673144],[43.659102,40.672752],[43.659219,40.672359],[43.659352,40.671968],[43.659653,40.671192],[43.660158,40.670037],[43.660518,40.669272],[43.660909,40.668485],[43.661543,40.66727],[43.663481,40.663633],[43.664137,40.662426],[43.664596,40.661632],[43.664839,40.661242],[43.665096,40.66086],[43.665372,40.660488],[43.665675,40.66013],[43.666008,40.659793],[43.666368,40.659471],[43.666747,40.659159],[43.667142,40.658856],[43.667547,40.65856],[43.668383,40.657986],[43.668812,40.657708],[43.669248,40.657439],[43.669693,40.65718],[43.67015,40.656936],[43.670622,40.65671],[43.671121,40.656504],[43.671636,40.656317],[43.672161,40.656143],[43.673232,40.655825],[43.674319,40.655526],[43.677057,40.654803],[43.678687,40.654364],[43.680302,40.653913],[43.681369,40.653601],[43.682413,40.653267],[43.682921,40.653087],[43.683413,40.652891],[43.683882,40.652675],[43.684322,40.652432],[43.684672,40.652193],[43.684996,40.651932],[43.685297,40.651651],[43.685612,40.651313],[43.685906,40.65096],[43.686184,40.650595],[43.68645,40.650223],[43.686705,40.649844],[43.687189,40.649074],[43.687417,40.648684],[43.687631,40.64829],[43.687829,40.647893],[43.688005,40.647489],[43.688155,40.647079],[43.688284,40.646664],[43.688498,40.645824],[43.688763,40.644553],[43.68907,40.642851],[43.689203,40.641999],[43.68926,40.641573],[43.689307,40.641147],[43.689341,40.64072],[43.68936,40.64028],[43.689364,40.639839],[43.689358,40.639398],[43.689327,40.638516],[43.688949,40.631913],[43.68889,40.630599],[43.688868,40.629723],[43.688867,40.629285],[43.688877,40.628848],[43.688897,40.628421],[43.688928,40.627995],[43.689009,40.627143],[43.689109,40.626291],[43.689223,40.625441],[43.689354,40.624592],[43.68943,40.624169],[43.689514,40.623747],[43.689727,40.622863],[43.690096,40.621545],[43.690489,40.620229],[43.691029,40.618477],[43.691309,40.617603],[43.691606,40.616733],[43.69208,40.615483],[43.692751,40.613825],[43.694304,40.610075],[43.695866,40.606342]]]}},{"type":"Feature","properties":{"id":"TR-D-36-006","parent_id":"TR-P-36","region_id":"TR-R-DOA","level":"district","municipality_type":null,"municipality_type_label":null,"is_metropolitan_municipality":null,"name":"Sarıkamış","name_ascii":"sarikamis","slug":"sarikamis-kars"},"geometry":{"type":"Polygon","coordinates":[[[42.159567,40.375841],[42.161502,40.380083],[42.16299,40.383282],[42.16552,40.386929],[42.169018,40.389682],[42.173408,40.392956],[42.177129,40.39437],[42.180477,40.395189],[42.184198,40.395263],[42.191416,40.395189],[42.1921,40.395108],[42.200197,40.394147],[42.205555,40.392882],[42.212699,40.390724],[42.216494,40.389012],[42.22148,40.385961],[42.231526,40.380157],[42.237777,40.376362],[42.242539,40.374576],[42.249013,40.372641],[42.256603,40.371674],[42.259654,40.371451],[42.265161,40.371227],[42.274686,40.370186],[42.287709,40.369144],[42.292769,40.368325],[42.295894,40.368325],[42.304824,40.367432],[42.31234,40.368028],[42.318888,40.369962],[42.322907,40.37212],[42.326702,40.37413],[42.334441,40.378446],[42.336897,40.37919],[42.339724,40.379636],[42.348654,40.379934],[42.355426,40.380008],[42.361602,40.379487],[42.372913,40.376362],[42.384745,40.374502],[42.389656,40.374204],[42.395907,40.37413],[42.399926,40.37413],[42.403125,40.373981],[42.405879,40.373906],[42.408409,40.373832],[42.411757,40.37465],[42.416148,40.376511],[42.421357,40.378818],[42.430882,40.384622],[42.440407,40.393328],[42.444351,40.3969],[42.448444,40.399654],[42.450527,40.400547],[42.460648,40.4033],[42.47501,40.406425],[42.487586,40.410444],[42.493688,40.413272],[42.498004,40.415578],[42.500385,40.416546],[42.503883,40.416322],[42.509687,40.414834],[42.512589,40.414537],[42.515119,40.414983],[42.51884,40.417215],[42.522561,40.421308],[42.527918,40.429717],[42.529555,40.435968],[42.531788,40.445344],[42.534392,40.456134],[42.535656,40.456257],[42.53718,40.456678],[42.539807,40.457623],[42.542539,40.458411],[42.54669,40.458832],[42.549948,40.458884],[42.552575,40.458359],[42.5531,40.457781],[42.553573,40.45694],[42.554204,40.456625],[42.55536,40.456415],[42.557041,40.456152],[42.557619,40.456152],[42.558512,40.456572],[42.559511,40.456783],[42.562085,40.457045],[42.565133,40.457256],[42.566078,40.457203],[42.567077,40.456783],[42.56797,40.456835],[42.568706,40.45715],[42.569441,40.458044],[42.570334,40.458359],[42.57149,40.458989],[42.573224,40.459935],[42.574117,40.460513],[42.575799,40.460986],[42.577953,40.461459],[42.580055,40.461459],[42.581211,40.461617],[42.581526,40.462615],[42.582157,40.463088],[42.583312,40.463508],[42.584679,40.463613],[42.586045,40.464401],[42.590721,40.465978],[42.596763,40.468132],[42.601312,40.468874],[42.605063,40.469499],[42.60944,40.469499],[42.623196,40.468353],[42.634242,40.465122],[42.647269,40.461475],[42.658732,40.457827],[42.665714,40.455326],[42.675823,40.450637],[42.684889,40.445843],[42.703126,40.43563],[42.706669,40.433755],[42.711775,40.42969],[42.715735,40.425001],[42.723238,40.418436],[42.724697,40.416247],[42.7297,40.410411],[42.738453,40.404471],[42.748666,40.39676],[42.755648,40.390299],[42.757107,40.385714],[42.7594,40.376856],[42.760546,40.370186],[42.761067,40.359869],[42.761588,40.353408],[42.761692,40.34528],[42.760442,40.341424],[42.7594,40.336422],[42.758983,40.3334],[42.757315,40.328085],[42.756065,40.324125],[42.754606,40.321103],[42.752834,40.317455],[42.751167,40.314746],[42.749187,40.313079],[42.745227,40.311411],[42.742413,40.309431],[42.741267,40.307347],[42.74085,40.303804],[42.740746,40.300052],[42.741788,40.296613],[42.743143,40.293174],[42.744081,40.290361],[42.745644,40.286505],[42.74679,40.284316],[42.74752,40.282232],[42.748249,40.279314],[42.748979,40.277543],[42.749916,40.276501],[42.751271,40.275458],[42.753981,40.274729],[42.757107,40.273791],[42.758045,40.272957],[42.759087,40.272124],[42.759921,40.271915],[42.761171,40.271811],[42.762318,40.270769],[42.764402,40.270039],[42.76732,40.268893],[42.769508,40.267643],[42.771488,40.266913],[42.774614,40.266809],[42.778158,40.26733],[42.78045,40.268372],[42.782534,40.269831],[42.784827,40.270352],[42.788683,40.270248],[42.793685,40.270039],[42.796499,40.269935],[42.798374,40.270561],[42.799312,40.271082],[42.800354,40.27129],[42.801709,40.271498],[42.801916,40.266559],[42.802106,40.262086],[42.801154,40.254186],[42.80163,40.249522],[42.802391,40.244858],[42.802772,40.240195],[42.803248,40.237815],[42.804581,40.235055],[42.807531,40.230677],[42.809054,40.227726],[42.810196,40.223253],[42.811338,40.219446],[42.812004,40.217161],[42.812385,40.212022],[42.812576,40.207643],[42.812861,40.20041],[42.812671,40.196698],[42.812004,40.190797],[42.811814,40.187466],[42.811529,40.184134],[42.812576,40.181374],[42.813527,40.180232],[42.818857,40.178233],[42.82314,40.17633],[42.824663,40.174236],[42.825615,40.171761],[42.826186,40.168335],[42.827043,40.164813],[42.828185,40.161863],[42.829422,40.160245],[42.832373,40.157199],[42.836275,40.154344],[42.840939,40.149775],[42.846174,40.14435],[42.848267,40.139591],[42.8496,40.132738],[42.850266,40.127979],[42.851789,40.119603],[42.853122,40.107516],[42.854073,40.104565],[42.857595,40.094],[42.857309,40.086577],[42.855311,40.081437],[42.851599,40.076202],[42.846745,40.071824],[42.840939,40.068493],[42.833687,40.06331],[42.831649,40.062888],[42.830313,40.062607],[42.82961,40.061658],[42.829645,40.060463],[42.82961,40.059409],[42.829399,40.058776],[42.828802,40.058319],[42.827923,40.058249],[42.827185,40.058284],[42.826412,40.058776],[42.825955,40.059338],[42.825216,40.060287],[42.82497,40.061096],[42.824408,40.061904],[42.823881,40.062396],[42.823108,40.062642],[42.822018,40.062467],[42.820261,40.062221],[42.818855,40.062256],[42.818011,40.062326],[42.817378,40.062748],[42.816148,40.063451],[42.81527,40.063978],[42.814075,40.064154],[42.812879,40.063978],[42.811192,40.063627],[42.809681,40.062888],[42.807291,40.061623],[42.805182,40.061272],[42.802897,40.061026],[42.799593,40.061096],[42.798644,40.061307],[42.797028,40.061975],[42.795622,40.062994],[42.794778,40.063662],[42.794286,40.063837],[42.793677,40.063681],[42.793249,40.063301],[42.792393,40.062397],[42.791156,40.061779],[42.7903,40.061303],[42.789635,40.06097],[42.788969,40.060495],[42.787494,40.059639],[42.786448,40.059353],[42.784925,40.059469],[42.78254,40.060562],[42.775212,40.05884],[42.769271,40.056731],[42.765884,40.054454],[42.763608,40.051456],[42.761054,40.047348],[42.759,40.045016],[42.758445,40.04385],[42.757612,40.043239],[42.756502,40.04274],[42.755789,40.042545],[42.755483,40.042443],[42.755032,40.041976],[42.754325,40.041841],[42.753587,40.041675],[42.752278,40.04154],[42.751511,40.041585],[42.751074,40.041585],[42.750728,40.04154],[42.750292,40.041389],[42.74972,40.041269],[42.749449,40.041043],[42.748967,40.040487],[42.748486,40.04005],[42.747854,40.039764],[42.747433,40.039734],[42.747101,40.039794],[42.746469,40.03999],[42.745875,40.040005],[42.745582,40.039689],[42.745431,40.039012],[42.745371,40.038636],[42.745085,40.038395],[42.744468,40.038199],[42.743986,40.038019],[42.743731,40.037778],[42.74364,40.037417],[42.743791,40.037056],[42.743911,40.036755],[42.743911,40.036378],[42.743776,40.036123],[42.74349,40.035791],[42.743219,40.035385],[42.742963,40.035024],[42.742933,40.034723],[42.742783,40.034362],[42.742436,40.034272],[42.741962,40.034384],[42.741308,40.034648],[42.740962,40.034648],[42.74048,40.034558],[42.740194,40.034302],[42.740209,40.033986],[42.74033,40.03373],[42.740495,40.033474],[42.740435,40.033218],[42.740164,40.032842],[42.73954,40.032436],[42.739081,40.032466],[42.738674,40.032767],[42.738373,40.032917],[42.737982,40.032917],[42.737651,40.032902],[42.736869,40.032752],[42.736206,40.032676],[42.73571,40.032541],[42.735574,40.03227],[42.735574,40.031954],[42.73568,40.031668],[42.735454,40.031405],[42.735108,40.031458],[42.734807,40.031774],[42.734551,40.031999],[42.73416,40.032014],[42.733738,40.031924],[42.733347,40.031819],[42.732828,40.031774],[42.732505,40.031984],[42.732294,40.032225],[42.731933,40.032225],[42.731662,40.031894],[42.731572,40.031563],[42.731331,40.031157],[42.731075,40.030728],[42.730503,40.030735],[42.730127,40.03075],[42.729751,40.03072],[42.729585,40.030494],[42.729675,40.030163],[42.729683,40.029622],[42.729344,40.029494],[42.728833,40.029531],[42.728396,40.029516],[42.727817,40.029351],[42.727614,40.029005],[42.727463,40.028734],[42.726861,40.028659],[42.72647,40.028809],[42.725958,40.028975],[42.725341,40.028839],[42.724514,40.028508],[42.723626,40.027936],[42.722633,40.027319],[42.722181,40.027229],[42.721459,40.027139],[42.720947,40.027319],[42.720481,40.027357],[42.72012,40.027109],[42.719548,40.026522],[42.718946,40.026326],[42.718434,40.026582],[42.717742,40.027093],[42.716944,40.026958],[42.716192,40.026853],[42.715936,40.027018],[42.714522,40.027756],[42.714206,40.028343],[42.713739,40.028538],[42.71328,40.028794],[42.712911,40.029215],[42.71252,40.02917],[42.712039,40.028749],[42.711377,40.028162],[42.710909,40.028006],[42.710698,40.027527],[42.710587,40.027194],[42.710032,40.027028],[42.70931,40.02675],[42.708866,40.026306],[42.708366,40.025751],[42.707866,40.024751],[42.707589,40.024141],[42.707478,40.023808],[42.7072,40.02353],[42.706756,40.023419],[42.706201,40.023641],[42.705812,40.023586],[42.705646,40.022975],[42.705368,40.02242],[42.704924,40.022086],[42.704369,40.021476],[42.703647,40.020976],[42.703092,40.020365],[42.702648,40.019533],[42.701759,40.018755],[42.700982,40.018145],[42.700038,40.017756],[42.699316,40.017312],[42.699316,40.016812],[42.699594,40.016423],[42.700344,40.016201],[42.700538,40.015868],[42.700316,40.015535],[42.699705,40.015035],[42.699261,40.014702],[42.698928,40.014258],[42.698928,40.013592],[42.69865,40.01287],[42.698206,40.012315],[42.69804,40.011815],[42.697817,40.011427],[42.697318,40.01126],[42.697262,40.010816],[42.697207,40.010094],[42.696874,40.008817],[42.696818,40.008318],[42.696985,40.007318],[42.697373,40.006541],[42.697984,40.005708],[42.698317,40.004986],[42.698484,40.004209],[42.698706,40.003432],[42.698761,40.002655],[42.699039,40.0016],[42.69915,40.0006],[42.69915,39.999823],[42.699372,39.999101],[42.699483,39.998491],[42.699372,39.998158],[42.698872,39.997325],[42.698428,39.996492],[42.698262,39.995992],[42.698428,39.995493],[42.69865,39.995048],[42.699205,39.994493],[42.699872,39.993938],[42.700427,39.993549],[42.700927,39.993105],[42.700871,39.992772],[42.700649,39.992439],[42.70026,39.992161],[42.700593,39.991717],[42.700927,39.991495],[42.701204,39.991162],[42.700815,39.990829],[42.700593,39.990385],[42.700371,39.98983],[42.700371,39.989052],[42.70076,39.988275],[42.701149,39.987831],[42.701482,39.987276],[42.701759,39.986443],[42.702037,39.985388],[42.702259,39.984389],[42.702981,39.984],[42.703647,39.983556],[42.704147,39.983167],[42.704147,39.982779],[42.70398,39.982445],[42.703647,39.982001],[42.703425,39.981557],[42.703092,39.981002],[42.703036,39.980336],[42.703591,39.979614],[42.704202,39.978781],[42.705202,39.978282],[42.706145,39.977504],[42.707034,39.976782],[42.7077,39.975894],[42.708588,39.975395],[42.709143,39.974895],[42.70981,39.974506],[42.710309,39.974506],[42.710809,39.974229],[42.711087,39.973784],[42.711697,39.972952],[42.71203,39.972785],[42.713141,39.972896],[42.713863,39.973063],[42.714307,39.973063],[42.715084,39.972785],[42.715584,39.972619],[42.715972,39.97223],[42.716583,39.972119],[42.717138,39.97223],[42.717749,39.972063],[42.71897,39.97173],[42.719803,39.971286],[42.720414,39.970786],[42.720858,39.970342],[42.721413,39.970176],[42.722246,39.970176],[42.72269,39.970009],[42.723245,39.969565],[42.723912,39.969232],[42.724633,39.968232],[42.725244,39.967566],[42.725522,39.967122],[42.725799,39.966733],[42.726299,39.966733],[42.726743,39.966622],[42.727076,39.966178],[42.726965,39.96579],[42.726743,39.965179],[42.726632,39.964513],[42.726799,39.963791],[42.727409,39.962958],[42.728131,39.962347],[42.728742,39.96157],[42.728742,39.961293],[42.729297,39.961015],[42.73063,39.96046],[42.731518,39.960182],[42.732184,39.959793],[42.733072,39.959738],[42.733877,39.959627],[42.734238,39.959072],[42.734238,39.958739],[42.734238,39.958239],[42.73446,39.957906],[42.734793,39.957684],[42.735238,39.957073],[42.735626,39.955852],[42.736404,39.954908],[42.737847,39.952965],[42.738125,39.952354],[42.738791,39.951132],[42.739282,39.950054],[42.732191,39.94824],[42.719156,39.944836],[42.700891,39.940851],[42.680632,39.939107],[42.66602,39.93753],[42.657634,39.936035],[42.646177,39.933129],[42.642441,39.932382],[42.633225,39.931137],[42.612967,39.928065],[42.583659,39.92408],[42.574858,39.922336],[42.564978,39.921008],[42.567581,39.932852],[42.569739,39.939401],[42.5716,39.946395],[42.572269,39.950637],[42.572641,39.953614],[42.572865,39.959567],[42.572865,39.962543],[42.571376,39.968348],[42.566912,39.984421],[42.562819,39.991565],[42.556121,40.004215],[42.55188,40.009127],[42.550019,40.011062],[42.540643,40.019694],[42.53402,40.024679],[42.532086,40.026242],[42.530821,40.027061],[42.529555,40.027656],[42.526877,40.028623],[42.523677,40.030037],[42.511101,40.033684],[42.496888,40.039488],[42.468164,40.058761],[42.46675,40.060175],[42.465261,40.063524],[42.464443,40.065086],[42.461615,40.069328],[42.45849,40.072528],[42.45276,40.07729],[42.449932,40.079225],[42.448146,40.081383],[42.443235,40.088229],[42.4413,40.091355],[42.438547,40.094406],[42.434379,40.099615],[42.430808,40.103559],[42.427384,40.107354],[42.425673,40.108991],[42.423292,40.110256],[42.420092,40.111968],[42.417562,40.11353],[42.416297,40.114646],[42.413841,40.117846],[42.409004,40.126181],[42.404986,40.131762],[42.401116,40.137343],[42.397395,40.141733],[42.393452,40.14538],[42.391368,40.146645],[42.387722,40.14791],[42.381471,40.15044],[42.377973,40.151407],[42.374476,40.152821],[42.371723,40.153863],[42.368597,40.154905],[42.345752,40.160932],[42.337269,40.163462],[42.334069,40.164727],[42.329604,40.165918],[42.328488,40.166216],[42.320749,40.168299],[42.312637,40.170606],[42.305791,40.172392],[42.303038,40.173434],[42.301103,40.17455],[42.294927,40.179015],[42.292099,40.18214],[42.289792,40.183926],[42.283095,40.188093],[42.276398,40.190326],[42.272677,40.191591],[42.260771,40.194344],[42.249683,40.195981],[42.241423,40.197767],[42.235544,40.199777],[42.232493,40.201563],[42.228996,40.205358],[42.227879,40.206697],[42.225126,40.208185],[42.223266,40.20893],[42.209276,40.21585],[42.198263,40.220613],[42.1903,40.224036],[42.181445,40.22731],[42.178766,40.227831],[42.172292,40.229914],[42.167604,40.23237],[42.162469,40.236165],[42.158674,40.239439],[42.154953,40.243383],[42.148851,40.249857],[42.146247,40.254694],[42.137764,40.268089],[42.134713,40.274563],[42.132406,40.281781],[42.13129,40.286097],[42.130694,40.292125],[42.129504,40.299864],[42.129429,40.304552],[42.130099,40.311993],[42.132108,40.319435],[42.134117,40.326951],[42.135234,40.331564],[42.137317,40.337741],[42.140963,40.343768],[42.141856,40.345554],[42.142973,40.348754],[42.143419,40.351433],[42.144014,40.353442],[42.145875,40.357014],[42.150935,40.363786],[42.155251,40.368325],[42.15726,40.37093],[42.1586,40.373311],[42.159567,40.375841]]]}},{"type":"Feature","properties":{"id":"TR-D-36-007","parent_id":"TR-P-36","region_id":"TR-R-DOA","level":"district","municipality_type":null,"municipality_type_label":null,"is_metropolitan_municipality":null,"name":"Selim","name_ascii":"selim","slug":"selim-kars"},"geometry":{"type":"Polygon","coordinates":[[[42.848952,40.731551],[42.851117,40.729862],[42.853877,40.727768],[42.855971,40.725579],[42.85778,40.723104],[42.858446,40.7212],[42.858589,40.719868],[42.858731,40.718535],[42.858724,40.718437],[42.858541,40.715966],[42.858241,40.713925],[42.858065,40.71273],[42.857811,40.711492],[42.857304,40.709018],[42.855781,40.706162],[42.853211,40.701784],[42.8525,40.699335],[42.852355,40.698833],[42.852353,40.698787],[42.852259,40.696359],[42.85417,40.69246],[42.854639,40.691505],[42.855257,40.689506],[42.855876,40.687507],[42.85586,40.687255],[42.855591,40.683129],[42.855448,40.681654],[42.855305,40.680179],[42.854678,40.678656],[42.853973,40.676942],[42.850832,40.673516],[42.850261,40.67304],[42.84969,40.672564],[42.8475,40.671517],[42.844601,40.67099],[42.84436,40.670946],[42.843598,40.670269],[42.842646,40.669423],[42.842075,40.667044],[42.842075,40.66476],[42.842837,40.659049],[42.842932,40.656003],[42.842932,40.654766],[42.841932,40.65253],[42.841314,40.651149],[42.840939,40.650289],[42.839696,40.647437],[42.839206,40.646146],[42.838649,40.644677],[42.838554,40.641917],[42.838173,40.64087],[42.838268,40.638586],[42.838649,40.636396],[42.840172,40.632209],[42.84198,40.62783],[42.844455,40.622881],[42.84712,40.618217],[42.850451,40.613173],[42.853782,40.608128],[42.855495,40.603465],[42.856316,40.600028],[42.856606,40.598813],[42.855852,40.595795],[42.855349,40.593783],[42.854206,40.589782],[42.850548,40.583267],[42.848147,40.576179],[42.847121,40.571341],[42.846547,40.568635],[42.846334,40.567954],[42.845975,40.566806],[42.845861,40.55949],[42.844489,40.552403],[42.844161,40.548795],[42.844146,40.548631],[42.844261,40.545887],[42.846318,40.541086],[42.849911,40.536073],[42.851233,40.534228],[42.855006,40.530341],[42.858778,40.526455],[42.862893,40.524511],[42.876267,40.52051],[42.894671,40.515938],[42.904731,40.514338],[42.912046,40.511709],[42.91639,40.509308],[42.920734,40.507022],[42.925649,40.503478],[42.925749,40.503378],[42.928964,40.500163],[42.940738,40.491133],[42.947025,40.485646],[42.951712,40.478787],[42.95697,40.470557],[42.960057,40.458897],[42.962914,40.437636],[42.962914,40.425976],[42.961771,40.417288],[42.962,40.413402],[42.961886,40.404943],[42.961776,40.398999],[42.961771,40.39877],[42.962343,40.390997],[42.963372,40.377623],[42.96605,40.366643],[42.960005,40.366122],[42.950731,40.364767],[42.942706,40.363517],[42.936766,40.361745],[42.921969,40.355076],[42.894248,40.341111],[42.877679,40.330169],[42.862881,40.319123],[42.858817,40.31089],[42.85246,40.301824],[42.844019,40.28786],[42.838391,40.281503],[42.833598,40.278689],[42.832139,40.278064],[42.829638,40.277126],[42.827449,40.276396],[42.824219,40.275979],[42.822864,40.276084],[42.821092,40.277126],[42.818279,40.277855],[42.814944,40.277751],[42.813381,40.277543],[42.810046,40.276084],[42.807962,40.27525],[42.804314,40.273062],[42.801709,40.271498],[42.800354,40.27129],[42.799312,40.271082],[42.798374,40.270561],[42.796499,40.269935],[42.793685,40.270039],[42.788683,40.270248],[42.784827,40.270352],[42.782534,40.269831],[42.78045,40.268372],[42.778158,40.26733],[42.774614,40.266809],[42.771488,40.266913],[42.769508,40.267643],[42.76732,40.268893],[42.764402,40.270039],[42.762318,40.270769],[42.761171,40.271811],[42.759921,40.271915],[42.759087,40.272124],[42.758045,40.272957],[42.757107,40.273791],[42.753981,40.274729],[42.751271,40.275458],[42.749916,40.276501],[42.748979,40.277543],[42.748249,40.279314],[42.74752,40.282232],[42.74679,40.284316],[42.745644,40.286505],[42.744081,40.290361],[42.743143,40.293174],[42.741788,40.296613],[42.740746,40.300052],[42.74085,40.303804],[42.741267,40.307347],[42.742413,40.309431],[42.745227,40.311411],[42.749187,40.313079],[42.751167,40.314746],[42.752834,40.317455],[42.754606,40.321103],[42.756065,40.324125],[42.757315,40.328085],[42.758983,40.3334],[42.7594,40.336422],[42.760442,40.341424],[42.761692,40.34528],[42.761588,40.353408],[42.761067,40.359869],[42.760546,40.370186],[42.7594,40.376856],[42.757107,40.385714],[42.755648,40.390299],[42.748666,40.39676],[42.738453,40.404471],[42.7297,40.410411],[42.724697,40.416247],[42.723238,40.418436],[42.715735,40.425001],[42.711775,40.42969],[42.706669,40.433755],[42.703126,40.43563],[42.684889,40.445843],[42.675823,40.450637],[42.665714,40.455326],[42.658732,40.457827],[42.647269,40.461475],[42.634242,40.465122],[42.623196,40.468353],[42.60944,40.469499],[42.605063,40.469499],[42.601312,40.468874],[42.596763,40.468132],[42.590721,40.465978],[42.586045,40.464401],[42.584679,40.463613],[42.583312,40.463508],[42.582157,40.463088],[42.581526,40.462615],[42.581211,40.461617],[42.580055,40.461459],[42.577953,40.461459],[42.575799,40.460986],[42.574117,40.460513],[42.573224,40.459935],[42.57149,40.458989],[42.570334,40.458359],[42.569441,40.458044],[42.568706,40.45715],[42.56797,40.456835],[42.567077,40.456783],[42.566078,40.457203],[42.565133,40.457256],[42.562085,40.457045],[42.559511,40.456783],[42.558512,40.456572],[42.557619,40.456152],[42.557041,40.456152],[42.55536,40.456415],[42.554204,40.456625],[42.553573,40.45694],[42.5531,40.457781],[42.552575,40.458359],[42.549948,40.458884],[42.54669,40.458832],[42.542539,40.458411],[42.539807,40.457623],[42.53718,40.456678],[42.535656,40.456257],[42.534392,40.456134],[42.537592,40.468561],[42.538783,40.480021],[42.53856,40.4827],[42.536923,40.486942],[42.532086,40.495276],[42.529704,40.502718],[42.528514,40.508373],[42.526356,40.518493],[42.525686,40.525563],[42.525165,40.531665],[42.525016,40.534939],[42.525835,40.540595],[42.527472,40.546399],[42.528663,40.551459],[42.529035,40.556445],[42.529183,40.559793],[42.529407,40.563589],[42.530448,40.567309],[42.531937,40.569839],[42.534392,40.57289],[42.539081,40.577355],[42.542057,40.578918],[42.544513,40.580034],[42.547117,40.581374],[42.548829,40.582862],[42.550094,40.584425],[42.551508,40.588592],[42.552029,40.590527],[42.555154,40.598489],[42.558428,40.608758],[42.560214,40.61553],[42.561703,40.62312],[42.562075,40.627511],[42.562075,40.631752],[42.562075,40.635771],[42.562372,40.639417],[42.564307,40.644849],[42.566986,40.649388],[42.568549,40.652663],[42.570111,40.656235],[42.570707,40.659286],[42.570812,40.659888],[42.574649,40.656378],[42.582011,40.650169],[42.588841,40.646089],[42.59638,40.643517],[42.613765,40.640501],[42.624764,40.639259],[42.630973,40.639703],[42.64348,40.641299],[42.651995,40.644049],[42.658647,40.646],[42.672218,40.652741],[42.67692,40.655402],[42.685878,40.661168],[42.692708,40.664006],[42.697941,40.66578],[42.709827,40.669683],[42.719939,40.672699],[42.728809,40.675626],[42.740606,40.680771],[42.747968,40.684673],[42.758435,40.690528],[42.76899,40.698688],[42.776263,40.703389],[42.785133,40.706848],[42.797197,40.711904],[42.811477,40.716428],[42.828774,40.723169],[42.846159,40.729467],[42.848288,40.730886],[42.848952,40.731551]]]}},{"type":"Feature","properties":{"id":"TR-D-36-008","parent_id":"TR-P-36","region_id":"TR-R-DOA","level":"district","municipality_type":null,"municipality_type_label":null,"is_metropolitan_municipality":null,"name":"Susuz","name_ascii":"susuz","slug":"susuz-kars"},"geometry":{"type":"Polygon","coordinates":[[[43.044042,40.965876],[43.047378,40.963159],[43.051335,40.959938],[43.054039,40.957717],[43.058386,40.955012],[43.061573,40.95308],[43.069204,40.950666],[43.076062,40.948541],[43.079925,40.946609],[43.081664,40.944581],[43.084755,40.940717],[43.088811,40.931734],[43.090936,40.930141],[43.091516,40.929706],[43.093471,40.928377],[43.096345,40.926422],[43.09847,40.92449],[43.101754,40.91995],[43.104555,40.916811],[43.107356,40.913672],[43.110833,40.911451],[43.114311,40.909229],[43.120299,40.905462],[43.125413,40.903417],[43.127543,40.902565],[43.141784,40.900095],[43.144253,40.899667],[43.151401,40.897928],[43.162122,40.895803],[43.169463,40.893968],[43.176996,40.891747],[43.196024,40.884503],[43.213507,40.877452],[43.216211,40.875906],[43.219206,40.874361],[43.223069,40.870594],[43.226063,40.866827],[43.227899,40.862577],[43.229637,40.855623],[43.231859,40.844612],[43.237364,40.831958],[43.242773,40.825777],[43.248182,40.819692],[43.253301,40.814379],[43.262284,40.808294],[43.267693,40.804721],[43.270204,40.801147],[43.274164,40.786755],[43.274937,40.769659],[43.274454,40.76454],[43.273102,40.75971],[43.271955,40.754978],[43.271556,40.753336],[43.271387,40.751174],[43.27117,40.74841],[43.271341,40.746322],[43.271556,40.743677],[43.272522,40.732376],[43.273971,40.726387],[43.276193,40.713058],[43.277159,40.704172],[43.278142,40.693904],[43.276461,40.69434],[43.271817,40.695572],[43.271059,40.695641],[43.263477,40.696331],[43.2608,40.696283],[43.25817,40.696236],[43.251536,40.695572],[43.243205,40.695023],[43.242911,40.695004],[43.232012,40.695478],[43.217511,40.699363],[43.208887,40.703818],[43.202253,40.708178],[43.199883,40.710831],[43.197324,40.713485],[43.193344,40.718129],[43.190311,40.71955],[43.185383,40.720688],[43.185335,40.720687],[43.180075,40.720593],[43.173062,40.720214],[43.167565,40.718792],[43.164343,40.718034],[43.155908,40.716518],[43.145009,40.714433],[43.140403,40.713656],[43.136574,40.713011],[43.131749,40.712505],[43.125793,40.71188],[43.11737,40.71108],[43.114757,40.710975],[43.114704,40.710973],[43.107294,40.709054],[43.103189,40.706975],[43.100311,40.705536],[43.099351,40.705056],[43.097139,40.70375],[43.094926,40.702444],[43.093386,40.701691],[43.090235,40.700151],[43.084637,40.699192],[43.083104,40.699114],[43.081492,40.699032],[43.077547,40.698978],[43.075734,40.699671],[43.07529,40.700098],[43.074402,40.700951],[43.073069,40.702444],[43.07083,40.70415],[43.069703,40.70468],[43.067733,40.705733],[43.067193,40.707723],[43.06702,40.710175],[43.064646,40.710769],[43.061878,40.711485],[43.047714,40.715191],[43.046083,40.715624],[43.045,40.71592],[43.043925,40.716231],[43.04338,40.716398],[43.041984,40.71685],[43.041758,40.716924],[43.039878,40.717562],[43.037998,40.7182],[43.032171,40.720205],[43.031226,40.72052],[43.030749,40.720668],[43.0298,40.720934],[43.029321,40.721057],[43.028355,40.721289],[43.027869,40.721398],[43.026742,40.721636],[43.025042,40.721971],[43.014822,40.723925],[43.013113,40.724231],[43.011635,40.724468],[43.010151,40.724683],[43.009008,40.72483],[43.007863,40.724969],[42.996973,40.726218],[42.995825,40.726341],[42.994685,40.726454],[42.991854,40.726704],[42.984937,40.727278],[42.984238,40.730485],[42.984083,40.730525],[42.983613,40.730645],[42.982814,40.731818],[42.981481,40.733737],[42.979681,40.736084],[42.973723,40.742262],[42.967435,40.748882],[42.96247,40.759473],[42.960484,40.766203],[42.960043,40.772491],[42.959381,40.779111],[42.958388,40.784737],[42.958167,40.786135],[42.958057,40.786833],[42.957689,40.787385],[42.955851,40.790143],[42.952431,40.793784],[42.947135,40.798749],[42.942612,40.802169],[42.940148,40.8034],[42.938419,40.804265],[42.940663,40.806145],[42.94178,40.807082],[42.94621,40.81455],[42.946833,40.816659],[42.946922,40.820207],[42.945858,40.826327],[42.942753,40.832536],[42.937963,40.838834],[42.935568,40.843269],[42.933794,40.848236],[42.933972,40.852937],[42.935568,40.858791],[42.937608,40.864823],[42.938051,40.865772],[42.940092,40.870145],[42.94772,40.881587],[42.961646,40.898617],[42.978144,40.916003],[42.994997,40.934807],[43.008214,40.94758],[43.016374,40.953434],[43.029058,40.961062],[43.038017,40.964521],[43.043417,40.965784],[43.044042,40.965876]]]}}]}