{"type":"FeatureCollection","province":"Muğla","province_id":"TR-P-48","features":[{"type":"Feature","properties":{"id":"TR-D-48-001","parent_id":"TR-P-48","region_id":"TR-R-EGE","level":"district","municipality_type":null,"municipality_type_label":null,"is_metropolitan_municipality":null,"name":"Bodrum","name_ascii":"bodrum","slug":"bodrum-mugla"},"geometry":{"type":"MultiPolygon","coordinates":[[[[27.697897,37.138685],[27.698423,37.134475],[27.699651,37.133598],[27.701318,37.131142],[27.702721,37.128862],[27.704037,37.126669],[27.70544,37.124651],[27.706668,37.12281],[27.708072,37.120529],[27.70851,37.118161],[27.708861,37.115003],[27.708773,37.113688],[27.7093,37.112021],[27.710264,37.110267],[27.711229,37.108249],[27.711668,37.105794],[27.712194,37.104566],[27.712808,37.102987],[27.714124,37.10132],[27.71658,37.100443],[27.720351,37.099917],[27.723421,37.100092],[27.727368,37.100092],[27.730175,37.100092],[27.734648,37.100092],[27.736841,37.099391],[27.739998,37.098075],[27.743331,37.096321],[27.744209,37.094303],[27.745086,37.089392],[27.745787,37.08562],[27.747278,37.08141],[27.748331,37.078165],[27.748243,37.075007],[27.746928,37.069393],[27.746138,37.062289],[27.745524,37.058605],[27.744296,37.055272],[27.74377,37.051588],[27.743595,37.048957],[27.743682,37.045361],[27.744647,37.042641],[27.74605,37.039922],[27.748068,37.035712],[27.749033,37.03352],[27.74991,37.029836],[27.749734,37.027292],[27.74991,37.025362],[27.751313,37.023959],[27.751664,37.022468],[27.751664,37.02124],[27.751225,37.018521],[27.752311,37.016569],[27.7531,37.013872],[27.754153,37.011307],[27.754284,37.008346],[27.754811,37.004334],[27.754878,37.000847],[27.754946,36.997441],[27.753867,36.997218],[27.751084,36.99664],[27.747079,36.9961],[27.742935,36.995792],[27.740339,36.993523],[27.736202,36.9939],[27.735238,36.996879],[27.735213,36.99813],[27.735189,36.99894],[27.73515,36.999852],[27.732135,37.001479],[27.729212,37.001439],[27.727345,37.002643],[27.725338,37.003938],[27.723081,37.00367],[27.721177,37.003391],[27.717305,37.001819],[27.716477,37.001222],[27.713849,36.999329],[27.710956,36.996037],[27.706961,36.996295],[27.703114,36.996895],[27.702216,36.997142],[27.699269,36.997953],[27.695859,36.999349],[27.694689,37.000356],[27.693313,37.001542],[27.693098,37.002074],[27.692063,37.004638],[27.688489,37.004319],[27.685885,37.002955],[27.685473,37.002739],[27.681888,37.00128],[27.678442,36.999589],[27.675849,36.997551],[27.672971,36.995398],[27.669811,36.993708],[27.666094,36.993162],[27.662537,36.994333],[27.661235,36.994952],[27.659127,36.995955],[27.655861,36.997581],[27.652115,36.998055],[27.652111,36.998054],[27.64872,36.997515],[27.645986,36.995362],[27.644381,36.992172],[27.642492,36.988985],[27.643605,36.986121],[27.645142,36.983021],[27.648266,36.981513],[27.646386,36.979126],[27.644588,36.979193],[27.642532,36.979269],[27.639112,36.978308],[27.638954,36.978263],[27.638868,36.97829],[27.635539,36.979316],[27.631966,36.978882],[27.62812,36.979593],[27.624415,36.98019],[27.622992,36.9802],[27.620846,36.980215],[27.617284,36.980927],[27.614015,36.98232],[27.613166,36.983655],[27.612189,36.985191],[27.610502,36.98783],[27.608302,36.988512],[27.606926,36.989305],[27.605619,36.990058],[27.602761,36.99171],[27.600061,36.99307],[27.599422,36.993392],[27.596004,36.994212],[27.595661,36.994214],[27.591292,36.994246],[27.583406,36.993836],[27.580153,36.993857],[27.576,36.992742],[27.572556,36.990821],[27.568252,36.988561],[27.564397,36.988469],[27.566364,36.986327],[27.566716,36.985944],[27.569087,36.986029],[27.569871,36.986057],[27.570669,36.986005],[27.57144,36.985875],[27.572419,36.985476],[27.572593,36.985301],[27.572885,36.985009],[27.573035,36.984861],[27.573295,36.984609],[27.574096,36.984534],[27.574262,36.984519],[27.575167,36.984505],[27.575401,36.984419],[27.57554,36.984271],[27.575462,36.984072],[27.575363,36.983973],[27.575106,36.983742],[27.574809,36.983603],[27.574535,36.983497],[27.573893,36.983249],[27.573655,36.982911],[27.571761,36.982564],[27.570863,36.982319],[27.57044,36.982171],[27.57025,36.981896],[27.570053,36.981333],[27.569984,36.980787],[27.569906,36.980666],[27.569837,36.980501],[27.568979,36.980206],[27.568675,36.980267],[27.56825,36.980648],[27.568068,36.980952],[27.567938,36.981264],[27.567691,36.981769],[27.567462,36.982113],[27.566924,36.982451],[27.566733,36.982523],[27.566487,36.982673],[27.566361,36.982833],[27.566172,36.982865],[27.565694,36.982937],[27.565451,36.982911],[27.565171,36.982938],[27.564842,36.982797],[27.564691,36.982644],[27.564668,36.982605],[27.564638,36.982337],[27.564796,36.982033],[27.564903,36.98196],[27.565002,36.981988],[27.564993,36.982008],[27.565027,36.982024],[27.565057,36.981937],[27.565011,36.981924],[27.565006,36.981951],[27.564908,36.981911],[27.564922,36.981821],[27.565066,36.981654],[27.565143,36.981387],[27.565205,36.981243],[27.565228,36.981206],[27.56536,36.980735],[27.565342,36.980451],[27.565295,36.980163],[27.565269,36.979929],[27.565295,36.979582],[27.565347,36.979184],[27.56533,36.978932],[27.56539,36.978594],[27.565356,36.978421],[27.565312,36.978187],[27.565338,36.977918],[27.565348,36.977774],[27.565364,36.977528],[27.565564,36.977225],[27.565728,36.976939],[27.565928,36.97661],[27.566153,36.976462],[27.566456,36.976402],[27.567144,36.976504],[27.567552,36.976604],[27.567965,36.976835],[27.568181,36.976878],[27.568311,36.9768],[27.568305,36.976652],[27.568043,36.97641],[27.567609,36.976098],[27.567011,36.975639],[27.566873,36.975431],[27.566638,36.975327],[27.565342,36.974963],[27.564479,36.975093],[27.564202,36.975108],[27.564072,36.975149],[27.563786,36.975387],[27.5636,36.975452],[27.563544,36.975643],[27.563591,36.976132],[27.563535,36.976319],[27.563591,36.976544],[27.56357,36.97683],[27.563522,36.977116],[27.563093,36.977441],[27.562981,36.977693],[27.56282,36.977926],[27.562733,36.978195],[27.562777,36.978411],[27.562771,36.978437],[27.562729,36.978632],[27.562824,36.978983],[27.562885,36.97936],[27.562833,36.979585],[27.562608,36.979944],[27.562543,36.980123],[27.562006,36.980426],[27.56172,36.980556],[27.561269,36.980634],[27.560702,36.980755],[27.560515,36.980855],[27.560255,36.98118],[27.560078,36.98141],[27.560069,36.981474],[27.560125,36.981674],[27.560151,36.981929],[27.559939,36.982419],[27.559922,36.982532],[27.559944,36.982701],[27.559931,36.982809],[27.560073,36.982965],[27.5599,36.983303],[27.559731,36.983632],[27.559627,36.984009],[27.559627,36.984213],[27.559549,36.98468],[27.55948,36.984824],[27.559337,36.984992],[27.559194,36.985101],[27.55895,36.985359],[27.558626,36.985676],[27.558346,36.985723],[27.558256,36.985723],[27.557986,36.985661],[27.557726,36.9855],[27.557556,36.985267],[27.557555,36.985051],[27.557564,36.984852],[27.557482,36.984339],[27.557019,36.984044],[27.556501,36.983866],[27.556104,36.983643],[27.556039,36.983607],[27.555813,36.983392],[27.555486,36.983177],[27.555362,36.983115],[27.555272,36.983106],[27.554969,36.983171],[27.554546,36.983315],[27.553994,36.983508],[27.553882,36.983509],[27.553735,36.983402],[27.553328,36.983193],[27.553306,36.983182],[27.553127,36.983125],[27.552934,36.982937],[27.552426,36.982561],[27.5522,36.982426],[27.552031,36.982265],[27.552028,36.982261],[27.551951,36.982157],[27.551884,36.98214],[27.551537,36.982249],[27.551323,36.982277],[27.551212,36.982377],[27.551078,36.982495],[27.550967,36.98264],[27.550951,36.982691],[27.550923,36.982784],[27.550767,36.983089],[27.550712,36.983208],[27.550646,36.98329],[27.550478,36.983381],[27.550419,36.983388],[27.550051,36.983446],[27.549716,36.983655],[27.549414,36.983836],[27.5491,36.983964],[27.54891,36.984109],[27.548877,36.984127],[27.548663,36.984137],[27.548451,36.984183],[27.548305,36.984256],[27.54817,36.984256],[27.548024,36.984212],[27.547848,36.984178],[27.547428,36.984098],[27.547315,36.984044],[27.547191,36.983936],[27.547,36.983874],[27.546841,36.983785],[27.546683,36.983659],[27.546536,36.983543],[27.546187,36.983391],[27.545422,36.983197],[27.545321,36.983197],[27.54522,36.983216],[27.545198,36.983234],[27.545459,36.983674],[27.545494,36.983773],[27.546002,36.984158],[27.546363,36.984382],[27.546723,36.984533],[27.547015,36.984697],[27.547152,36.984775],[27.547535,36.984962],[27.548132,36.98523],[27.548367,36.985401],[27.548415,36.985436],[27.548856,36.985839],[27.549127,36.986063],[27.549364,36.986233],[27.549477,36.986323],[27.549557,36.986503],[27.549616,36.986863],[27.549572,36.987133],[27.549461,36.987332],[27.549362,36.987567],[27.549083,36.987829],[27.549016,36.987902],[27.54896,36.987911],[27.548308,36.987887],[27.548265,36.987896],[27.548253,36.987914],[27.548263,36.987927],[27.548298,36.987968],[27.548321,36.987986],[27.548309,36.988013],[27.548298,36.988022],[27.548037,36.988014],[27.547849,36.987997],[27.547557,36.988026],[27.547418,36.988054],[27.546794,36.988182],[27.546223,36.988374],[27.54583,36.988412],[27.545482,36.988495],[27.545134,36.988496],[27.544808,36.988453],[27.544505,36.988454],[27.544426,36.988445],[27.544201,36.988356],[27.544077,36.988357],[27.54401,36.988393],[27.543965,36.988412],[27.543853,36.98843],[27.543786,36.988421],[27.543617,36.988368],[27.54337,36.988342],[27.542988,36.988371],[27.542696,36.988426],[27.542595,36.988427],[27.54219,36.988321],[27.542184,36.98832],[27.542078,36.988303],[27.541808,36.988295],[27.541628,36.988332],[27.540999,36.988299],[27.540707,36.988354],[27.540131,36.988395],[27.540045,36.988402],[27.539461,36.988369],[27.539091,36.988425],[27.538562,36.988427],[27.538417,36.988473],[27.538249,36.988501],[27.537699,36.988647],[27.537373,36.988658],[27.537306,36.988649],[27.537115,36.988551],[27.537047,36.988542],[27.536721,36.988535],[27.536642,36.988508],[27.535585,36.988333],[27.535417,36.98827],[27.535068,36.988308],[27.534923,36.988381],[27.534833,36.988408],[27.534295,36.988519],[27.534093,36.988619],[27.53406,36.988628],[27.533903,36.988647],[27.53388,36.988656],[27.533858,36.988701],[27.533825,36.9888],[27.533737,36.98899],[27.533748,36.989062],[27.533771,36.989062],[27.533905,36.989034],[27.533939,36.989052],[27.533974,36.989268],[27.533874,36.989332],[27.533862,36.989332],[27.533862,36.989322],[27.533818,36.989332],[27.533829,36.989359],[27.533896,36.98934],[27.533975,36.989286],[27.533986,36.989376],[27.533998,36.989421],[27.53401,36.989511],[27.53401,36.989556],[27.534022,36.989601],[27.533943,36.98961],[27.533943,36.989584],[27.533887,36.98959],[27.533896,36.98962],[27.533898,36.989649],[27.533955,36.989675],[27.534024,36.989663],[27.534183,36.99001],[27.534187,36.990153],[27.53417,36.9903],[27.534105,36.990391],[27.533664,36.990633],[27.533273,36.990856],[27.532103,36.991352],[27.530838,36.99186],[27.52994,36.992137],[27.529381,36.99227],[27.529346,36.9922],[27.529373,36.992168],[27.529373,36.992133],[27.52933,36.99211],[27.529295,36.992114],[27.52927,36.992141],[27.529282,36.992184],[27.529232,36.992207],[27.529236,36.992225],[27.529301,36.99221],[27.529333,36.992282],[27.527505,36.99279],[27.527385,36.992811],[27.526516,36.992756],[27.525438,36.99231],[27.524925,36.992217],[27.523888,36.992485],[27.522909,36.992671],[27.521441,36.992648],[27.521212,36.99269],[27.520997,36.992849],[27.520978,36.992999],[27.52077,36.99321],[27.52051,36.993476],[27.520158,36.993723],[27.519883,36.99415],[27.519593,36.994328],[27.519219,36.994543],[27.518975,36.994608],[27.518843,36.994824],[27.518799,36.994856],[27.518545,36.995039],[27.518144,36.995106],[27.517666,36.995132],[27.516543,36.994955],[27.515804,36.994704],[27.514044,36.993963],[27.513286,36.993645],[27.513212,36.99357],[27.513174,36.993345],[27.513167,36.993338],[27.513024,36.993196],[27.512912,36.992971],[27.512725,36.992803],[27.512351,36.992485],[27.512267,36.992213],[27.511911,36.992204],[27.511396,36.991783],[27.511284,36.991521],[27.510919,36.991341],[27.510011,36.990894],[27.509612,36.990819],[27.50946,36.990791],[27.509038,36.990828],[27.508823,36.990669],[27.508667,36.990453],[27.508187,36.989724],[27.507869,36.98905],[27.507937,36.988867],[27.508206,36.988676],[27.508365,36.988405],[27.508645,36.988143],[27.509146,36.98797],[27.509396,36.987883],[27.509881,36.987479],[27.510302,36.986833],[27.509911,36.986536],[27.50949,36.986314],[27.509304,36.9861],[27.508412,36.985935],[27.507398,36.985631],[27.506886,36.98586],[27.506023,36.98598],[27.504528,36.986187],[27.502339,36.987301],[27.502161,36.987198],[27.502011,36.98703],[27.502236,36.98658],[27.502264,36.986449],[27.502255,36.986281],[27.502228,36.98618],[27.50218,36.986],[27.502036,36.985885],[27.501993,36.985645],[27.501871,36.985551],[27.501581,36.985214],[27.501852,36.98469],[27.502199,36.984307],[27.50233,36.984157],[27.502311,36.984007],[27.502274,36.983904],[27.502152,36.98383],[27.501684,36.983848],[27.501433,36.984045],[27.501338,36.984213],[27.501235,36.984494],[27.501183,36.984735],[27.500992,36.985289],[27.500926,36.985682],[27.500823,36.985869],[27.500683,36.985954],[27.500477,36.9863],[27.500301,36.986448],[27.499766,36.986899],[27.49927,36.986955],[27.498882,36.986805],[27.498615,36.986702],[27.498203,36.986627],[27.497857,36.986618],[27.497586,36.986665],[27.497371,36.986805],[27.497361,36.986964],[27.497228,36.987343],[27.497182,36.987471],[27.49708,36.987666],[27.496893,36.987881],[27.496669,36.988096],[27.496435,36.988209],[27.496107,36.988218],[27.495799,36.988078],[27.495582,36.987917],[27.495546,36.98789],[27.495162,36.98775],[27.494732,36.987666],[27.494358,36.987722],[27.493534,36.988068],[27.493375,36.988201],[27.493066,36.988452],[27.49287,36.988742],[27.492591,36.98898],[27.492486,36.989069],[27.492238,36.989108],[27.492087,36.989132],[27.491507,36.9891],[27.490593,36.98928],[27.490195,36.98944],[27.489845,36.989636],[27.489587,36.989743],[27.489235,36.989709],[27.488765,36.989587],[27.48853,36.989482],[27.488247,36.989254],[27.487561,36.98848],[27.487278,36.988235],[27.487113,36.987988],[27.48697,36.987724],[27.486873,36.987248],[27.486778,36.98712],[27.486755,36.987089],[27.48659,36.986949],[27.486331,36.986826],[27.485673,36.986688],[27.484078,36.986677],[27.483584,36.986538],[27.483161,36.986381],[27.482902,36.986329],[27.482574,36.986348],[27.48241,36.986384],[27.482247,36.986596],[27.482109,36.986932],[27.481996,36.987386],[27.481904,36.987616],[27.481882,36.98788],[27.481954,36.988074],[27.482356,36.988567],[27.482874,36.988971],[27.483016,36.989164],[27.483017,36.989323],[27.482948,36.989518],[27.482786,36.989836],[27.482764,36.990083],[27.482789,36.990312],[27.482626,36.990542],[27.482252,36.990668],[27.481551,36.9912],[27.481084,36.991502],[27.480851,36.99175],[27.480642,36.992086],[27.48062,36.992333],[27.480668,36.99258],[27.480719,36.992648],[27.480881,36.992862],[27.481141,36.99309],[27.481165,36.993302],[27.481119,36.993372],[27.480752,36.993636],[27.480269,36.99392],[27.480238,36.993938],[27.48021,36.993946],[27.479348,36.994206],[27.479021,36.99442],[27.47884,36.994569],[27.478764,36.994632],[27.478577,36.994774],[27.478296,36.994828],[27.478282,36.994827],[27.477169,36.994762],[27.476583,36.994871],[27.476373,36.99503],[27.476233,36.995172],[27.475882,36.995297],[27.475483,36.995316],[27.475344,36.995311],[27.475061,36.9953],[27.474545,36.995391],[27.474264,36.995515],[27.474148,36.99571],[27.474117,36.995832],[27.47408,36.995975],[27.474081,36.996275],[27.473989,36.996558],[27.473709,36.996806],[27.473569,36.996895],[27.473171,36.997002],[27.470602,36.997236],[27.470005,36.997368],[27.468366,36.997412],[27.467058,36.997529],[27.46673,36.997619],[27.465676,36.997976],[27.465137,36.998066],[27.464716,36.99828],[27.464576,36.998422],[27.46446,36.998581],[27.464423,36.998938],[27.464437,36.999003],[27.464459,36.999105],[27.464461,36.999262],[27.464461,36.999465],[27.464409,36.999682],[27.46438,37.0001],[27.464391,37.000309],[27.464485,37.000865],[27.464497,37.001068],[27.464512,37.001209],[27.464512,37.001345],[27.464378,37.00159],[27.464254,37.001716],[27.464044,37.001919],[27.463978,37.002045],[27.463947,37.002104],[27.463904,37.002321],[27.463815,37.002527],[27.463825,37.002574],[27.463829,37.002579],[27.463794,37.002614],[27.463757,37.002655],[27.463764,37.002699],[27.463743,37.002743],[27.463701,37.002827],[27.463679,37.002866],[27.463674,37.00285],[27.463661,37.002852],[27.463666,37.002876],[27.463621,37.002889],[27.463492,37.003037],[27.463385,37.003128],[27.463351,37.003164],[27.463317,37.0032],[27.463249,37.003272],[27.46322,37.003302],[27.463213,37.003343],[27.463203,37.003348],[27.463183,37.00338],[27.463172,37.003389],[27.463167,37.003406],[27.463169,37.003411],[27.46316,37.003419],[27.463121,37.003447],[27.463092,37.003441],[27.463055,37.003414],[27.463049,37.003413],[27.46304,37.003415],[27.462888,37.003524],[27.462847,37.003554],[27.462844,37.003561],[27.462867,37.00361],[27.462861,37.003617],[27.462852,37.003618],[27.462843,37.003615],[27.462811,37.003579],[27.462803,37.003577],[27.462738,37.003598],[27.462713,37.003577],[27.462696,37.003553],[27.462638,37.003476],[27.462601,37.003492],[27.462622,37.003534],[27.462646,37.003574],[27.46267,37.003613],[27.462674,37.003632],[27.462655,37.003651],[27.462614,37.003679],[27.462612,37.003686],[27.46263,37.003707],[27.46263,37.003718],[27.462618,37.003727],[27.462601,37.00373],[27.462584,37.003725],[27.462565,37.003687],[27.462556,37.003684],[27.462269,37.003778],[27.462265,37.003781],[27.462263,37.003786],[27.462263,37.003791],[27.462278,37.003812],[27.462277,37.003823],[27.462268,37.003831],[27.462256,37.003831],[27.462242,37.003823],[27.462214,37.003793],[27.462211,37.003792],[27.462207,37.003791],[27.462094,37.003815],[27.462076,37.003796],[27.46205,37.003784],[27.462044,37.003784],[27.462015,37.003793],[27.461948,37.003678],[27.461955,37.003531],[27.462054,37.003483],[27.462035,37.003459],[27.46192,37.003514],[27.461912,37.003684],[27.461974,37.003792],[27.462017,37.00387],[27.462007,37.003881],[27.462001,37.003894],[27.461959,37.003912],[27.461951,37.0039],[27.46193,37.003907],[27.461938,37.00392],[27.461735,37.003963],[27.46168,37.003981],[27.461659,37.003951],[27.461633,37.003935],[27.46162,37.003853],[27.461641,37.003817],[27.461634,37.003806],[27.461619,37.003806],[27.461598,37.003826],[27.461589,37.003832],[27.461581,37.00386],[27.461593,37.003945],[27.461628,37.003962],[27.461591,37.003965],[27.461551,37.00398],[27.461358,37.004062],[27.461353,37.004054],[27.461302,37.004042],[27.461223,37.004063],[27.461196,37.004081],[27.461173,37.004106],[27.461128,37.004117],[27.461104,37.004126],[27.461086,37.004147],[27.461099,37.004175],[27.461091,37.004193],[27.461065,37.004203],[27.461044,37.004205],[27.46103,37.004196],[27.461016,37.004194],[27.460962,37.004209],[27.46096,37.004233],[27.460945,37.004237],[27.460922,37.004231],[27.460895,37.00423],[27.460872,37.004236],[27.460875,37.00425],[27.460832,37.00426],[27.460799,37.004284],[27.460704,37.004332],[27.460686,37.004341],[27.460653,37.004358],[27.460632,37.004359],[27.46062,37.004369],[27.460621,37.00438],[27.460607,37.004375],[27.46057,37.004391],[27.460537,37.004423],[27.460521,37.004423],[27.4605,37.004439],[27.460471,37.004435],[27.460435,37.004474],[27.460386,37.004514],[27.46025,37.00458],[27.460204,37.004606],[27.460174,37.004623],[27.46016,37.004617],[27.460153,37.004665],[27.46009,37.004759],[27.460076,37.004769],[27.459958,37.004783],[27.459805,37.004963],[27.459701,37.005149],[27.459628,37.005253],[27.459573,37.005331],[27.459594,37.0056],[27.45961,37.005757],[27.45967,37.005863],[27.459697,37.006006],[27.459707,37.006191],[27.459578,37.006351],[27.459478,37.006419],[27.45938,37.006346],[27.459364,37.006352],[27.459422,37.006443],[27.459313,37.006487],[27.459145,37.0065],[27.458903,37.006469],[27.458768,37.006383],[27.458569,37.006337],[27.458157,37.006307],[27.458023,37.006421],[27.457941,37.006526],[27.457722,37.006729],[27.457472,37.006853],[27.457304,37.006892],[27.457171,37.00695],[27.456916,37.00721],[27.456834,37.007409],[27.45676,37.007567],[27.456386,37.00762],[27.456128,37.007572],[27.455846,37.00764],[27.455724,37.007658],[27.455519,37.007688],[27.455296,37.007806],[27.45516,37.007931],[27.454991,37.008053],[27.454851,37.0082],[27.454641,37.008213],[27.454348,37.008151],[27.454212,37.008061],[27.454001,37.008008],[27.453754,37.00779],[27.453527,37.007672],[27.453288,37.007766],[27.453296,37.007917],[27.453351,37.008004],[27.45337,37.008201],[27.453363,37.008388],[27.453362,37.008555],[27.453307,37.008678],[27.453196,37.008841],[27.453151,37.008989],[27.452863,37.009326],[27.452732,37.009513],[27.452564,37.009665],[27.452356,37.009895],[27.45224,37.010016],[27.452016,37.010306],[27.452009,37.010233],[27.451984,37.010232],[27.451986,37.010358],[27.451979,37.010359],[27.451982,37.01039],[27.451987,37.010435],[27.451991,37.01048],[27.451997,37.010519],[27.451872,37.010557],[27.451775,37.010572],[27.45154,37.010666],[27.451314,37.010741],[27.451027,37.010877],[27.450718,37.010775],[27.450686,37.010791],[27.450492,37.010656],[27.450478,37.010669],[27.45071,37.010844],[27.450674,37.010877],[27.450428,37.010716],[27.450412,37.010731],[27.450615,37.010871],[27.450588,37.010892],[27.450657,37.010992],[27.450286,37.011503],[27.450142,37.011669],[27.450019,37.011872],[27.450256,37.012064],[27.450498,37.012454],[27.450686,37.012593],[27.450807,37.012864],[27.450899,37.013077],[27.451084,37.013177],[27.451094,37.013426],[27.451068,37.013943],[27.451093,37.014288],[27.451095,37.014313],[27.451092,37.014598],[27.451119,37.014804],[27.451283,37.014961],[27.451194,37.015231],[27.451039,37.015496],[27.450875,37.015649],[27.450837,37.015875],[27.450723,37.016052],[27.450696,37.016091],[27.450441,37.016397],[27.450215,37.016505],[27.449852,37.016556],[27.449644,37.016731],[27.449318,37.016763],[27.449058,37.016744],[27.448302,37.016763],[27.448147,37.016787],[27.4481,37.016809],[27.44809,37.016813],[27.447944,37.01688],[27.447922,37.016903],[27.447863,37.016962],[27.447857,37.016971],[27.447639,37.017324],[27.447593,37.017498],[27.447585,37.017803],[27.447582,37.017839],[27.447578,37.017896],[27.44753,37.018004],[27.447453,37.018098],[27.447301,37.018248],[27.447182,37.018362],[27.447056,37.018477],[27.446871,37.018602],[27.446479,37.018636],[27.446393,37.018657],[27.446093,37.018742],[27.446048,37.018756],[27.445845,37.018814],[27.445771,37.018864],[27.445726,37.018895],[27.445683,37.018924],[27.445671,37.018932],[27.445635,37.01895],[27.445566,37.018985],[27.445536,37.019059],[27.445523,37.019092],[27.4455,37.01915],[27.445313,37.019261],[27.445023,37.019342],[27.44476,37.019382],[27.44461,37.019476],[27.444575,37.019499],[27.444361,37.019632],[27.444322,37.019649],[27.444284,37.019666],[27.444245,37.019684],[27.444207,37.019703],[27.444166,37.019725],[27.444101,37.019777],[27.444042,37.019824],[27.443854,37.019939],[27.443797,37.019995],[27.443768,37.020024],[27.443712,37.020079],[27.443678,37.020103],[27.443611,37.020149],[27.443578,37.020172],[27.443504,37.020212],[27.443391,37.020267],[27.443168,37.020356],[27.443109,37.020363],[27.443066,37.020369],[27.443024,37.020375],[27.442988,37.02038],[27.442794,37.020376],[27.442763,37.020371],[27.44272,37.020364],[27.442578,37.02034],[27.442448,37.020281],[27.442396,37.020258],[27.442377,37.020249],[27.442297,37.020229],[27.442236,37.020212],[27.442093,37.020174],[27.441941,37.02016],[27.441851,37.020175],[27.441804,37.020222],[27.441735,37.020289],[27.441535,37.020488],[27.441502,37.020521],[27.441383,37.020639],[27.441387,37.020655],[27.441404,37.020721],[27.441423,37.020799],[27.441522,37.020966],[27.441573,37.021021],[27.441591,37.021041],[27.441678,37.021135],[27.441697,37.021186],[27.441706,37.021212],[27.441752,37.021335],[27.441757,37.021348],[27.441761,37.021382],[27.441777,37.021499],[27.441687,37.021605],[27.441656,37.021642],[27.441649,37.021681],[27.441658,37.021695],[27.441689,37.021732],[27.44172,37.02177],[27.441781,37.021843],[27.441771,37.021871],[27.441771,37.021909],[27.441773,37.02192],[27.441783,37.021964],[27.441792,37.022009],[27.441801,37.022014],[27.441851,37.022006],[27.441944,37.022062],[27.441945,37.022068],[27.441957,37.022158],[27.441962,37.022202],[27.441937,37.022271],[27.441935,37.022295],[27.441916,37.022312],[27.441908,37.02234],[27.441909,37.022346],[27.441919,37.022353],[27.441958,37.022385],[27.441998,37.022417],[27.442011,37.022438],[27.442036,37.022473],[27.442017,37.022525],[27.442,37.022568],[27.441967,37.022654],[27.441951,37.022696],[27.441922,37.022742],[27.441896,37.022782],[27.441844,37.022862],[27.441759,37.022956],[27.441731,37.022985],[27.441546,37.023166],[27.441509,37.0232],[27.441514,37.023204],[27.440995,37.023532],[27.440833,37.023623],[27.440668,37.023735],[27.440498,37.023828],[27.440347,37.023908],[27.440131,37.023962],[27.439974,37.023999],[27.439892,37.024059],[27.439864,37.02408],[27.439823,37.024156],[27.439709,37.024232],[27.439621,37.024315],[27.439501,37.024463],[27.439373,37.024576],[27.439332,37.024688],[27.439221,37.024894],[27.439149,37.025048],[27.439108,37.025141],[27.439104,37.025255],[27.439098,37.025338],[27.439093,37.025404],[27.439064,37.025594],[27.439165,37.02577],[27.439355,37.025888],[27.43952,37.025985],[27.439731,37.026143],[27.439871,37.026246],[27.440045,37.026357],[27.440226,37.026496],[27.440362,37.026598],[27.440497,37.026713],[27.440617,37.026888],[27.44049,37.026915],[27.440511,37.026991],[27.440673,37.026963],[27.440714,37.027097],[27.440772,37.027224],[27.440815,37.027392],[27.440824,37.027556],[27.440829,37.027714],[27.44081,37.027892],[27.440722,37.028128],[27.440637,37.028298],[27.440557,37.028473],[27.44051,37.028593],[27.440436,37.028747],[27.440306,37.028879],[27.440171,37.028989],[27.440022,37.029096],[27.439864,37.029223],[27.439761,37.029287],[27.439622,37.029387],[27.439366,37.029533],[27.43931,37.029529],[27.439158,37.029519],[27.43888,37.029615],[27.438607,37.029692],[27.438274,37.029771],[27.438121,37.029863],[27.43804,37.029961],[27.437966,37.03009],[27.437938,37.030152],[27.437841,37.030113],[27.437859,37.030085],[27.437818,37.030042],[27.437752,37.030028],[27.437693,37.030074],[27.437692,37.03009],[27.437661,37.030108],[27.437749,37.03017],[27.43781,37.030159],[27.43783,37.030131],[27.437992,37.030199],[27.437984,37.030241],[27.437984,37.030253],[27.437984,37.030259],[27.437999,37.030302],[27.438015,37.030345],[27.43803,37.03037],[27.438047,37.030408],[27.438067,37.03045],[27.438086,37.030492],[27.438106,37.030534],[27.438115,37.030562],[27.43813,37.030605],[27.438142,37.030651],[27.438152,37.030695],[27.43816,37.030694],[27.438165,37.030716],[27.438158,37.030717],[27.43816,37.030727],[27.438246,37.031081],[27.438253,37.03108],[27.438259,37.031102],[27.438252,37.031103],[27.438254,37.031111],[27.438263,37.03117],[27.438268,37.031201],[27.438275,37.0312],[27.438279,37.031249],[27.438163,37.031361],[27.438037,37.031501],[27.437943,37.03165],[27.437866,37.03178],[27.437759,37.031899],[27.437592,37.032026],[27.437391,37.032148],[27.437121,37.032263],[27.437074,37.03219],[27.436973,37.032031],[27.436943,37.031984],[27.436914,37.031995],[27.436973,37.032089],[27.437048,37.032208],[27.437091,37.032276],[27.436973,37.032325],[27.436876,37.032365],[27.43665,37.032454],[27.436623,37.032463],[27.436433,37.03253],[27.436212,37.032608],[27.435991,37.032674],[27.435736,37.032749],[27.435516,37.032809],[27.43524,37.032877],[27.435032,37.032924],[27.4348,37.032988],[27.434562,37.033055],[27.434281,37.033132],[27.433823,37.033253],[27.433581,37.033308],[27.433323,37.033343],[27.433106,37.033359],[27.432819,37.033388],[27.43282,37.033356],[27.432764,37.03336],[27.432729,37.033363],[27.432449,37.033372],[27.432398,37.033354],[27.432391,37.033352],[27.432367,37.033348],[27.432313,37.033334],[27.432259,37.033321],[27.432242,37.033317],[27.432188,37.033303],[27.432146,37.033292],[27.432087,37.033274],[27.432035,37.033258],[27.43202,37.033253],[27.431971,37.033233],[27.431921,37.033212],[27.431839,37.033185],[27.431851,37.03316],[27.431825,37.033157],[27.431719,37.033129],[27.431666,37.033115],[27.431614,37.033101],[27.431613,37.033109],[27.431561,37.03309],[27.431509,37.033073],[27.431457,37.033056],[27.431406,37.033038],[27.431354,37.033021],[27.431363,37.033007],[27.431313,37.032986],[27.431263,37.032966],[27.431213,37.032945],[27.431161,37.032923],[27.431142,37.032913],[27.431091,37.032894],[27.43104,37.032876],[27.431014,37.032866],[27.430963,37.03285],[27.430806,37.032799],[27.430759,37.032784],[27.430734,37.032787],[27.430671,37.032766],[27.430619,37.032748],[27.430537,37.03272],[27.430509,37.032682],[27.430492,37.032658],[27.430491,37.032629],[27.43051,37.032615],[27.430527,37.032435],[27.430532,37.03239],[27.430536,37.032345],[27.430541,37.0323],[27.430549,37.032211],[27.430554,37.032162],[27.430539,37.032119],[27.430509,37.032032],[27.430495,37.031989],[27.430479,37.031945],[27.430465,37.031902],[27.43045,37.031858],[27.430446,37.031848],[27.430428,37.031851],[27.430406,37.031908],[27.430308,37.031853],[27.430249,37.031744],[27.430305,37.031612],[27.430278,37.031472],[27.430064,37.031189],[27.430024,37.03106],[27.43003,37.030948],[27.430013,37.030873],[27.429943,37.030772],[27.429841,37.030798],[27.429764,37.030876],[27.429598,37.03084],[27.429386,37.030841],[27.429257,37.030916],[27.42913,37.030963],[27.428784,37.031027],[27.42876,37.031102],[27.42871,37.03124],[27.428595,37.031275],[27.428579,37.031236],[27.42857,37.031232],[27.428137,37.031328],[27.428132,37.031333],[27.428124,37.031372],[27.428115,37.031416],[27.428107,37.031461],[27.428115,37.031486],[27.428129,37.031529],[27.428144,37.031573],[27.428176,37.031605],[27.428212,37.03164],[27.428243,37.031669],[27.428204,37.031689],[27.428202,37.031698],[27.428225,37.031722],[27.428215,37.031728],[27.428129,37.031786],[27.428103,37.031752],[27.428051,37.031688],[27.428036,37.031645],[27.428023,37.031606],[27.427978,37.031633],[27.427933,37.03166],[27.427889,37.031688],[27.427876,37.031696],[27.427861,37.031677],[27.427708,37.031755],[27.427554,37.031817],[27.427414,37.031826],[27.426985,37.031865],[27.426797,37.03187],[27.426523,37.031891],[27.426212,37.031887],[27.426123,37.031838],[27.426013,37.031723],[27.425876,37.031588],[27.425739,37.031464],[27.42558,37.031325],[27.425416,37.031165],[27.425266,37.031024],[27.425161,37.03095],[27.425028,37.030908],[27.424704,37.030927],[27.42454,37.030947],[27.424473,37.030962],[27.424423,37.030972],[27.424306,37.031041],[27.424294,37.031125],[27.424334,37.031225],[27.424502,37.031245],[27.424595,37.031157],[27.424811,37.03112],[27.425084,37.03118],[27.425254,37.031342],[27.425429,37.03151],[27.425621,37.031695],[27.425762,37.031844],[27.425893,37.03199],[27.425898,37.032069],[27.425993,37.032146],[27.425991,37.032151],[27.426012,37.032157],[27.426065,37.032171],[27.426115,37.032168],[27.426171,37.032165],[27.426227,37.032161],[27.426571,37.032139],[27.426627,37.032136],[27.427718,37.03206],[27.427724,37.032071],[27.427759,37.032106],[27.427794,37.032141],[27.427829,37.032177],[27.427863,37.032212],[27.427898,37.032248],[27.427933,37.032283],[27.427968,37.032318],[27.428005,37.032356],[27.428041,37.032391],[27.428147,37.032497],[27.428182,37.032532],[27.428217,37.032567],[27.428252,37.032602],[27.428323,37.032672],[27.428359,37.032708],[27.428395,37.032743],[27.428431,37.032777],[27.428466,37.032812],[27.428537,37.032882],[27.428573,37.032917],[27.428608,37.032952],[27.428851,37.033189],[27.428886,37.033224],[27.428922,37.033259],[27.428992,37.033327],[27.42902,37.03337],[27.429046,37.03341],[27.429071,37.033451],[27.429097,37.033491],[27.429123,37.033531],[27.429148,37.033571],[27.429174,37.033611],[27.4292,37.033651],[27.429223,37.033688],[27.429249,37.033728],[27.429326,37.033848],[27.429351,37.033888],[27.429377,37.033928],[27.429403,37.033968],[27.42941,37.03398],[27.429436,37.03402],[27.429462,37.03406],[27.429488,37.0341],[27.429514,37.03414],[27.42954,37.03418],[27.429566,37.03422],[27.429592,37.03426],[27.429618,37.0343],[27.429627,37.034299],[27.429493,37.034667],[27.429064,37.034826],[27.429002,37.034902],[27.428859,37.035593],[27.428636,37.035682],[27.428513,37.035731],[27.427451,37.036157],[27.426072,37.036198],[27.425969,37.036201],[27.425858,37.036201],[27.425715,37.036116],[27.425708,37.036111],[27.425602,37.036111],[27.425514,37.036111],[27.424935,37.036074],[27.42443,37.036111],[27.424128,37.03614],[27.423948,37.036119],[27.423868,37.036093],[27.423829,37.036078],[27.423711,37.036034],[27.423651,37.036011],[27.423597,37.035969],[27.423103,37.035458],[27.423108,37.035454],[27.423268,37.035355],[27.423406,37.03527],[27.423607,37.035146],[27.423611,37.03515],[27.423988,37.035539],[27.424014,37.035523],[27.423809,37.035312],[27.423486,37.034979],[27.423228,37.034713],[27.423203,37.034729],[27.423459,37.034995],[27.423586,37.035125],[27.423581,37.035128],[27.423387,37.035247],[27.423242,37.035337],[27.423081,37.035436],[27.423077,37.035431],[27.422934,37.035281],[27.422798,37.035139],[27.422627,37.034962],[27.422432,37.034757],[27.422212,37.034531],[27.422187,37.034513],[27.422238,37.03449],[27.422324,37.034453],[27.422442,37.034407],[27.422552,37.034346],[27.422858,37.034666],[27.422871,37.034658],[27.422883,37.03465],[27.422658,37.034415],[27.422578,37.034332],[27.422583,37.034329],[27.422614,37.034309],[27.422224,37.033873],[27.422359,37.03379],[27.422371,37.033783],[27.422806,37.033527],[27.422977,37.033566],[27.423054,37.033646],[27.423122,37.033719],[27.423264,37.033859],[27.423405,37.034006],[27.423543,37.034148],[27.42375,37.034362],[27.423873,37.03449],[27.423943,37.034567],[27.424012,37.034639],[27.424078,37.034705],[27.424147,37.034783],[27.424215,37.034854],[27.424281,37.034919],[27.424351,37.034997],[27.424524,37.035175],[27.424549,37.03516],[27.424459,37.035061],[27.424316,37.034914],[27.424186,37.034774],[27.424044,37.034626],[27.423902,37.034479],[27.423777,37.034345],[27.423697,37.034263],[27.42356,37.034122],[27.423432,37.033988],[27.423294,37.033847],[27.423149,37.033703],[27.423068,37.033627],[27.423029,37.033577],[27.423363,37.033648],[27.423447,37.033602],[27.423547,37.033382],[27.423594,37.03342],[27.423672,37.033502],[27.423741,37.033572],[27.423881,37.033714],[27.42395,37.033785],[27.424022,37.033854],[27.424226,37.034069],[27.424295,37.034139],[27.424363,37.03421],[27.42443,37.034275],[27.424473,37.034322],[27.424501,37.034353],[27.424569,37.034424],[27.424638,37.034495],[27.424701,37.034562],[27.424771,37.034633],[27.424837,37.034698],[27.424909,37.034776],[27.424984,37.034852],[27.425051,37.034921],[27.425082,37.034951],[27.425107,37.034936],[27.425078,37.034904],[27.425011,37.034837],[27.424861,37.034684],[27.424792,37.034614],[27.424729,37.034545],[27.424664,37.034477],[27.424596,37.034407],[27.424528,37.034336],[27.424473,37.034282],[27.424453,37.034262],[27.424391,37.034193],[27.424323,37.034122],[27.424247,37.034048],[27.424185,37.03398],[27.424115,37.033909],[27.42404,37.033835],[27.423908,37.033696],[27.423832,37.033622],[27.423769,37.033555],[27.423699,37.033484],[27.423617,37.033406],[27.423565,37.033346],[27.423675,37.033091],[27.423462,37.033032],[27.423489,37.032976],[27.423701,37.033032],[27.42375,37.032925],[27.423824,37.032945],[27.424081,37.032863],[27.424138,37.032919],[27.424209,37.03299],[27.424349,37.03313],[27.424419,37.033201],[27.424473,37.033257],[27.424487,37.033272],[27.424558,37.033343],[27.424695,37.033484],[27.424765,37.033555],[27.424911,37.0337],[27.425219,37.034007],[27.425098,37.034079],[27.425118,37.0341],[27.425477,37.033887],[27.425456,37.033864],[27.425245,37.033991],[27.425143,37.03389],[27.425071,37.033821],[27.425001,37.033752],[27.424929,37.033681],[27.424859,37.033611],[27.424721,37.033471],[27.424582,37.033328],[27.424511,37.033257],[27.424473,37.033218],[27.424373,37.033116],[27.424232,37.032975],[27.424163,37.032906],[27.42411,37.032855],[27.424532,37.032716],[27.424827,37.03244],[27.424902,37.032339],[27.42488,37.032265],[27.424829,37.032248],[27.424582,37.032299],[27.424506,37.032325],[27.424421,37.032354],[27.424317,37.032388],[27.424259,37.032407],[27.424052,37.032476],[27.423986,37.032497],[27.423882,37.03253],[27.423756,37.032571],[27.423653,37.032606],[27.423549,37.03264],[27.423497,37.032657],[27.423506,37.032676],[27.423455,37.032695],[27.423421,37.032709],[27.423281,37.032606],[27.422405,37.032485],[27.421665,37.032605],[27.421567,37.032621],[27.421501,37.032307],[27.420588,37.031335],[27.420577,37.030424],[27.420576,37.030301],[27.420181,37.029604],[27.420035,37.029347],[27.420049,37.029309],[27.420051,37.029303],[27.420056,37.029276],[27.420051,37.029261],[27.420035,37.02924],[27.420014,37.029229],[27.41996,37.029205],[27.419951,37.029203],[27.4199,37.029211],[27.419912,37.029196],[27.419908,37.02918],[27.419907,37.029158],[27.419887,37.029122],[27.419828,37.029102],[27.419833,37.02908],[27.419818,37.029077],[27.419778,37.029065],[27.419782,37.029054],[27.419745,37.029046],[27.41972,37.029037],[27.419696,37.029036],[27.419682,37.029027],[27.419673,37.029018],[27.419647,37.029012],[27.419572,37.028995],[27.419517,37.028986],[27.419524,37.028976],[27.419521,37.028971],[27.419517,37.028961],[27.419515,37.028957],[27.4195,37.028962],[27.419488,37.028964],[27.419473,37.028963],[27.419456,37.028959],[27.419432,37.028945],[27.419419,37.028961],[27.419384,37.028963],[27.419357,37.02896],[27.419343,37.02896],[27.41933,37.028969],[27.419257,37.028953],[27.419244,37.028953],[27.419232,37.028951],[27.419164,37.028957],[27.419116,37.028954],[27.419086,37.028957],[27.419022,37.028991],[27.41902,37.029003],[27.419012,37.02901],[27.419008,37.029023],[27.418905,37.029056],[27.41888,37.029061],[27.418715,37.029131],[27.418622,37.029187],[27.418616,37.029179],[27.418595,37.029176],[27.418581,37.0292],[27.418594,37.029204],[27.418569,37.029245],[27.418563,37.029256],[27.418516,37.02928],[27.418469,37.029305],[27.418423,37.02933],[27.418376,37.029355],[27.418329,37.02938],[27.418289,37.029401],[27.418222,37.029385],[27.418168,37.029373],[27.418145,37.029367],[27.418138,37.029364],[27.418133,37.029355],[27.41812,37.029339],[27.418113,37.029328],[27.418118,37.029323],[27.418101,37.029309],[27.418034,37.029255],[27.417995,37.029229],[27.417954,37.029207],[27.417843,37.029155],[27.417644,37.029066],[27.417339,37.028878],[27.417095,37.028655],[27.416902,37.028452],[27.416765,37.028221],[27.416815,37.027682],[27.416833,37.027652],[27.41684,37.027625],[27.416852,37.027551],[27.416861,37.027528],[27.416838,37.027517],[27.416853,37.027474],[27.41686,37.027456],[27.416871,37.027412],[27.416891,37.027323],[27.416898,37.027297],[27.416916,37.027301],[27.416927,37.027278],[27.416915,37.027274],[27.41693,37.02723],[27.416944,37.027187],[27.416951,37.027168],[27.416968,37.027174],[27.416978,37.02715],[27.416964,37.027143],[27.416974,37.027123],[27.417005,37.027085],[27.417043,37.027037],[27.41705,37.027008],[27.417051,37.026981],[27.417044,37.026971],[27.417151,37.026816],[27.417262,37.026632],[27.417449,37.026486],[27.417517,37.026226],[27.417668,37.026089],[27.417728,37.025947],[27.417818,37.025778],[27.417897,37.025535],[27.417973,37.025372],[27.418054,37.025252],[27.418173,37.02517],[27.418315,37.025086],[27.418488,37.024877],[27.418651,37.024773],[27.418698,37.024613],[27.418824,37.024003],[27.418905,37.023927],[27.419,37.023838],[27.419028,37.023794],[27.419043,37.02377],[27.419083,37.023697],[27.41914,37.023592],[27.419161,37.023511],[27.419208,37.023371],[27.419253,37.023191],[27.419278,37.02308],[27.419287,37.023001],[27.419267,37.022922],[27.419265,37.022823],[27.419265,37.02282],[27.419261,37.022803],[27.419245,37.022744],[27.419247,37.02274],[27.419319,37.022584],[27.419346,37.02243],[27.419355,37.022291],[27.419272,37.022178],[27.419152,37.02203],[27.419055,37.021989],[27.418869,37.021949],[27.41877,37.021928],[27.418811,37.02188],[27.418815,37.021873],[27.418836,37.021836],[27.418771,37.02182],[27.418223,37.021691],[27.418162,37.021676],[27.416943,37.021658],[27.416816,37.021676],[27.416748,37.021479],[27.416695,37.021487],[27.416764,37.021691],[27.416692,37.021708],[27.416677,37.021647],[27.41661,37.021656],[27.416628,37.021729],[27.416636,37.02176],[27.416405,37.021768],[27.416367,37.021789],[27.416354,37.021783],[27.416227,37.021923],[27.416115,37.022079],[27.41608,37.022127],[27.415992,37.022224],[27.415864,37.022365],[27.415733,37.022506],[27.415653,37.022589],[27.415613,37.022633],[27.415615,37.022646],[27.415696,37.022705],[27.415556,37.022836],[27.415133,37.022911],[27.41494,37.022885],[27.414796,37.022844],[27.414587,37.022755],[27.414454,37.022696],[27.414282,37.022592],[27.414112,37.022541],[27.413962,37.022439],[27.413842,37.022267],[27.413675,37.02219],[27.413561,37.022002],[27.413352,37.021732],[27.413199,37.021596],[27.412856,37.021519],[27.412551,37.021488],[27.41217,37.021386],[27.412047,37.02125],[27.411974,37.021093],[27.411956,37.021068],[27.411945,37.020914],[27.411993,37.020786],[27.41212,37.020692],[27.412189,37.020567],[27.412264,37.02041],[27.412346,37.020211],[27.412398,37.020051],[27.412502,37.019871],[27.412566,37.019745],[27.412651,37.019537],[27.412671,37.01951],[27.412745,37.019407],[27.412857,37.019183],[27.413019,37.019045],[27.413068,37.01893],[27.413052,37.018692],[27.413139,37.018588],[27.413143,37.018399],[27.413136,37.018283],[27.413174,37.018204],[27.413303,37.018105],[27.413334,37.017952],[27.41349,37.017825],[27.41349,37.017822],[27.413487,37.017648],[27.412548,37.017428],[27.412235,37.017257],[27.412205,37.01714],[27.411984,37.017146],[27.411846,37.017082],[27.411507,37.017108],[27.411324,37.017066],[27.411112,37.017051],[27.410627,37.0171],[27.41025,37.0172],[27.410029,37.017172],[27.409903,37.017186],[27.409808,37.017198],[27.409906,37.017419],[27.409836,37.017566],[27.409891,37.017722],[27.409902,37.017753],[27.40993,37.017943],[27.409936,37.018124],[27.409929,37.018285],[27.409908,37.018496],[27.409895,37.018684],[27.409929,37.018857],[27.409845,37.018983],[27.409955,37.019125],[27.409854,37.019301],[27.40995,37.019503],[27.410046,37.019652],[27.4102,37.019841],[27.410213,37.02],[27.410305,37.020185],[27.410805,37.020211],[27.410963,37.020337],[27.411104,37.0205],[27.41122,37.020631],[27.411305,37.020795],[27.411418,37.021015],[27.411422,37.021192],[27.411392,37.021331],[27.411344,37.021457],[27.411263,37.021611],[27.411148,37.021771],[27.411032,37.021982],[27.410887,37.022154],[27.410757,37.022294],[27.410554,37.022414],[27.410529,37.022508],[27.410261,37.022639],[27.410193,37.02283],[27.409979,37.022956],[27.409788,37.023059],[27.409497,37.023197],[27.409348,37.023296],[27.409147,37.023405],[27.408928,37.023394],[27.408647,37.023459],[27.408419,37.023485],[27.408267,37.023519],[27.407776,37.023566],[27.407775,37.023566],[27.407583,37.02353],[27.407584,37.023349],[27.407358,37.023294],[27.407117,37.023176],[27.406944,37.02308],[27.406982,37.022931],[27.406771,37.022806],[27.406562,37.022665],[27.406434,37.022477],[27.406212,37.022324],[27.405922,37.022248],[27.405746,37.022224],[27.405439,37.022314],[27.405132,37.022209],[27.405068,37.022179],[27.404844,37.022176],[27.404586,37.022124],[27.404398,37.022237],[27.404188,37.022202],[27.404055,37.021995],[27.404012,37.021875],[27.403883,37.021774],[27.403725,37.021699],[27.403713,37.021597],[27.403573,37.021462],[27.403446,37.021366],[27.403418,37.021218],[27.403395,37.021191],[27.403284,37.021059],[27.403149,37.020891],[27.402844,37.02056],[27.402457,37.020417],[27.402276,37.020321],[27.402045,37.020297],[27.40188,37.020239],[27.401551,37.020051],[27.40149,37.019971],[27.401376,37.01984],[27.401211,37.019738],[27.401043,37.019655],[27.400884,37.019525],[27.400898,37.019383],[27.400853,37.019273],[27.400951,37.019163],[27.400806,37.018464],[27.400542,37.01847],[27.400442,37.018506],[27.400243,37.018582],[27.400452,37.018331],[27.400427,37.018315],[27.400212,37.018566],[27.400058,37.0185],[27.399919,37.01872],[27.399852,37.018838],[27.399946,37.019087],[27.400001,37.019213],[27.400153,37.019427],[27.400162,37.019661],[27.400347,37.019877],[27.40045,37.020032],[27.400532,37.020196],[27.40067,37.020344],[27.40078,37.020545],[27.400933,37.020672],[27.401077,37.02066],[27.401224,37.020839],[27.401292,37.021001],[27.401364,37.021187],[27.401483,37.021355],[27.401512,37.021548],[27.401595,37.021722],[27.401656,37.021914],[27.40172,37.022102],[27.401735,37.022165],[27.401866,37.022351],[27.40199,37.022516],[27.402119,37.022665],[27.402241,37.022822],[27.402431,37.022978],[27.402609,37.023083],[27.402734,37.023205],[27.402851,37.023398],[27.403006,37.023562],[27.403091,37.023709],[27.403173,37.023898],[27.403203,37.024003],[27.40322,37.024062],[27.403299,37.024247],[27.403375,37.024408],[27.403598,37.024759],[27.403866,37.024942],[27.404101,37.025086],[27.404339,37.025219],[27.40453,37.025342],[27.404748,37.025508],[27.404954,37.025642],[27.405157,37.025768],[27.405313,37.025869],[27.405467,37.025986],[27.405611,37.026119],[27.405722,37.026193],[27.405817,37.026255],[27.406031,37.026362],[27.406227,37.026493],[27.40643,37.026619],[27.406668,37.026769],[27.406772,37.02686],[27.407008,37.027084],[27.407207,37.027231],[27.407431,37.027326],[27.407737,37.027524],[27.407821,37.027591],[27.407869,37.02763],[27.407903,37.027714],[27.408139,37.027881],[27.408418,37.028159],[27.40853,37.028371],[27.408577,37.028573],[27.408586,37.028765],[27.408571,37.028961],[27.408424,37.029162],[27.408215,37.029355],[27.408038,37.029514],[27.407853,37.029629],[27.407797,37.029688],[27.407742,37.02974],[27.407521,37.029942],[27.40718,37.030088],[27.407035,37.030133],[27.406785,37.030209],[27.406651,37.030238],[27.406112,37.029765],[27.406094,37.029776],[27.406636,37.030251],[27.406631,37.030253],[27.405722,37.030662],[27.405615,37.030704],[27.405385,37.030905],[27.405153,37.031088],[27.404458,37.031329],[27.40444,37.031333],[27.404467,37.031407],[27.404278,37.0315],[27.404093,37.031579],[27.404057,37.031594],[27.403826,37.031658],[27.403599,37.031731],[27.40338,37.031789],[27.403323,37.03183],[27.40303,37.031927],[27.402805,37.031998],[27.402569,37.032054],[27.4021,37.032128],[27.401622,37.032129],[27.400928,37.032018],[27.400491,37.031911],[27.400278,37.031824],[27.400084,37.031721],[27.399921,37.031613],[27.399709,37.031482],[27.399564,37.031356],[27.399622,37.031302],[27.399607,37.031285],[27.399522,37.03132],[27.399448,37.031255],[27.399278,37.031065],[27.399153,37.030928],[27.39909,37.030829],[27.398996,37.030625],[27.398986,37.030535],[27.398985,37.03052],[27.398982,37.030491],[27.398998,37.030448],[27.399012,37.03041],[27.39905,37.030377],[27.399088,37.030344],[27.399117,37.030319],[27.399157,37.030287],[27.399196,37.030255],[27.399239,37.030221],[27.399278,37.030193],[27.399307,37.030141],[27.399308,37.030099],[27.399264,37.030016],[27.399255,37.029998],[27.399225,37.029975],[27.399173,37.02996],[27.398704,37.030018],[27.39844,37.030047],[27.398216,37.030029],[27.398093,37.030019],[27.39764,37.029973],[27.397388,37.029958],[27.397281,37.029925],[27.396761,37.029784],[27.39627,37.02961],[27.396218,37.029576],[27.3961,37.029523],[27.395973,37.029473],[27.395883,37.029437],[27.395774,37.029395],[27.395709,37.029328],[27.39561,37.029224],[27.395795,37.02909],[27.395764,37.029058],[27.395582,37.029158],[27.395486,37.028986],[27.395429,37.028783],[27.395463,37.028574],[27.395606,37.028315],[27.395762,37.028358],[27.395771,37.028313],[27.395617,37.028263],[27.395643,37.028102],[27.395653,37.027993],[27.395664,37.027874],[27.395822,37.027845],[27.39581,37.027798],[27.395633,37.027814],[27.395412,37.027596],[27.39535,37.02733],[27.395427,37.027171],[27.395634,37.027198],[27.395717,37.027264],[27.395759,37.027249],[27.395645,37.02715],[27.395487,37.027145],[27.395416,37.027003],[27.395405,37.02691],[27.395288,37.026871],[27.395129,37.026931],[27.394913,37.027093],[27.394596,37.026999],[27.394273,37.026905],[27.393883,37.026744],[27.394019,37.026464],[27.394128,37.026496],[27.394176,37.02651],[27.394186,37.026489],[27.3941,37.026465],[27.393892,37.026405],[27.393882,37.026426],[27.39399,37.026457],[27.393856,37.026736],[27.393424,37.026559],[27.393623,37.026292],[27.393545,37.026221],[27.393498,37.026194],[27.393485,37.026207],[27.393539,37.026238],[27.393583,37.026278],[27.39359,37.026304],[27.3934,37.026555],[27.393222,37.026347],[27.393181,37.026304],[27.393119,37.026277],[27.393089,37.026184],[27.392933,37.025979],[27.392842,37.025974],[27.392843,37.025718],[27.393003,37.025608],[27.392997,37.025598],[27.392844,37.025706],[27.392925,37.025427],[27.393066,37.025326],[27.393149,37.025278],[27.393221,37.025237],[27.393459,37.02502],[27.393457,37.024901],[27.393336,37.024892],[27.392935,37.02479],[27.392811,37.024795],[27.392795,37.024793],[27.392621,37.024773],[27.39249,37.024773],[27.392302,37.024744],[27.392239,37.02475],[27.392234,37.024763],[27.392228,37.024786],[27.392206,37.024809],[27.392198,37.024818],[27.392185,37.024828],[27.391996,37.024812],[27.391901,37.024764],[27.391929,37.024673],[27.391953,37.024644],[27.39195,37.024593],[27.391926,37.024536],[27.391846,37.024456],[27.391828,37.024237],[27.391849,37.024103],[27.391864,37.02401],[27.391855,37.02393],[27.391904,37.023923],[27.392005,37.023909],[27.392168,37.023923],[27.39222,37.023928],[27.39228,37.023954],[27.392284,37.024003],[27.392319,37.024003],[27.392312,37.023938],[27.39223,37.023904],[27.392149,37.023896],[27.392003,37.023883],[27.391896,37.023897],[27.391751,37.023917],[27.391598,37.023928],[27.391527,37.02361],[27.391565,37.023279],[27.391567,37.023197],[27.391542,37.023036],[27.391508,37.022811],[27.391505,37.02275],[27.391482,37.022316],[27.391451,37.022234],[27.391303,37.02208],[27.391,37.021765],[27.390683,37.021441],[27.390414,37.021291],[27.390378,37.021256],[27.390299,37.021095],[27.390261,37.021002],[27.390249,37.020967],[27.390245,37.020903],[27.390322,37.020716],[27.390312,37.020584],[27.39026,37.020449],[27.390192,37.020363],[27.390078,37.020144],[27.39016,37.019876],[27.390159,37.019754],[27.389731,37.019476],[27.38958,37.019423],[27.38938,37.019326],[27.389203,37.019304],[27.38908,37.019289],[27.388928,37.019227],[27.388765,37.01911],[27.388528,37.019015],[27.388384,37.018901],[27.388243,37.018773],[27.388309,37.01859],[27.388313,37.018438],[27.388337,37.018276],[27.38845,37.018047],[27.388519,37.0179],[27.388613,37.017755],[27.38864,37.017542],[27.388738,37.017336],[27.388774,37.017181],[27.388929,37.016835],[27.388956,37.016774],[27.388992,37.016593],[27.388989,37.016298],[27.388988,37.016189],[27.3888,37.016],[27.388589,37.015837],[27.388482,37.015746],[27.388519,37.01548],[27.388661,37.015421],[27.388901,37.015347],[27.389007,37.015289],[27.389014,37.015115],[27.389167,37.014991],[27.389197,37.014969],[27.389332,37.014874],[27.389388,37.014781],[27.38939,37.014597],[27.389422,37.014446],[27.389401,37.01426],[27.389518,37.014117],[27.389632,37.013717],[27.38968,37.013586],[27.389504,37.013252],[27.389451,37.013105],[27.38941,37.013038],[27.389361,37.01296],[27.389237,37.012769],[27.389145,37.012607],[27.388932,37.012391],[27.388799,37.012227],[27.388745,37.012109],[27.388756,37.011925],[27.388832,37.011686],[27.388755,37.011486],[27.388739,37.011344],[27.388465,37.010933],[27.388405,37.010764],[27.388292,37.010584],[27.38824,37.010429],[27.388143,37.010237],[27.387953,37.010021],[27.387791,37.010014],[27.387824,37.009879],[27.38803,37.009757],[27.388067,37.00973],[27.388192,37.009639],[27.388414,37.009524],[27.388574,37.009481],[27.388825,37.009378],[27.388945,37.009276],[27.389046,37.00914],[27.389262,37.00857],[27.389267,37.008557],[27.389256,37.008514],[27.389202,37.008306],[27.389213,37.008197],[27.389222,37.008114],[27.389229,37.007847],[27.389181,37.007677],[27.389182,37.007329],[27.389152,37.007092],[27.388997,37.00663],[27.38892,37.006532],[27.388705,37.00646],[27.388674,37.006457],[27.388377,37.006434],[27.388129,37.006451],[27.387935,37.006547],[27.387539,37.006653],[27.38736,37.006755],[27.387083,37.006865],[27.386904,37.006985],[27.38671,37.007059],[27.386436,37.007202],[27.386173,37.007325],[27.385964,37.007435],[27.385599,37.007489],[27.385518,37.007534],[27.385481,37.007563],[27.385444,37.007631],[27.385439,37.007778],[27.385532,37.007955],[27.385535,37.008147],[27.385422,37.008346],[27.385285,37.008643],[27.385194,37.008683],[27.384877,37.00882],[27.38466,37.008861],[27.384314,37.009002],[27.38406,37.009112],[27.383964,37.009135],[27.383806,37.009098],[27.383784,37.00883],[27.383909,37.008725],[27.384022,37.008598],[27.384181,37.008394],[27.384184,37.008389],[27.38424,37.008271],[27.38428,37.008134],[27.384291,37.007956],[27.384258,37.007765],[27.384025,37.007606],[27.383892,37.007408],[27.38368,37.007309],[27.38354,37.007264],[27.383376,37.00716],[27.383246,37.007123],[27.383033,37.007028],[27.382924,37.007016],[27.382795,37.007],[27.382872,37.006968],[27.382857,37.006947],[27.382639,37.006925],[27.38249,37.006943],[27.382433,37.006938],[27.382369,37.007029],[27.382256,37.007119],[27.382024,37.007026],[27.381973,37.0068],[27.381924,37.006672],[27.381914,37.006574],[27.381967,37.006406],[27.382027,37.00629],[27.382159,37.006039],[27.382272,37.005821],[27.382164,37.005447],[27.381929,37.005454],[27.381786,37.005513],[27.381579,37.005612],[27.381399,37.005633],[27.381235,37.005508],[27.381136,37.005386],[27.381077,37.005222],[27.381042,37.00507],[27.381026,37.004913],[27.381036,37.004757],[27.381062,37.004618],[27.381118,37.004545],[27.381161,37.00449],[27.381313,37.004381],[27.381449,37.004293],[27.381632,37.00399],[27.381739,37.003748],[27.381569,37.003673],[27.381345,37.003539],[27.381182,37.003423],[27.381024,37.003286],[27.380849,37.003128],[27.3806,37.002873],[27.380491,37.002733],[27.380385,37.002558],[27.380374,37.002387],[27.380254,37.002048],[27.380169,37.001856],[27.380078,37.001708],[27.379812,37.001391],[27.379619,37.001242],[27.379484,37.001037],[27.379411,37.000859],[27.379343,37.000655],[27.379234,37.000538],[27.379158,37.000358],[27.379005,37.000223],[27.378762,37.00013],[27.378582,37.000031],[27.378218,36.999905],[27.377745,36.99996],[27.377569,36.999923],[27.377414,36.999832],[27.377287,36.999739],[27.377137,36.999649],[27.376967,36.999517],[27.376612,36.999326],[27.376531,36.999282],[27.376383,36.999135],[27.37622,36.999005],[27.376132,36.998933],[27.375759,36.998882],[27.37548,36.998934],[27.375372,36.999002],[27.37522,36.999063],[27.375129,36.999193],[27.375082,36.999281],[27.374936,36.999496],[27.374881,36.999524],[27.374713,36.999611],[27.374649,36.999752],[27.374331,36.999937],[27.374277,37.000379],[27.374266,37.000612],[27.374116,37.000961],[27.374195,37.00131],[27.3742,37.001336],[27.374248,37.001474],[27.374345,37.00162],[27.374443,37.001804],[27.374566,37.002005],[27.374592,37.002227],[27.374588,37.002432],[27.37457,37.002535],[27.374565,37.002748],[27.374644,37.002933],[27.374752,37.003024],[27.374857,37.003242],[27.374867,37.003461],[27.374824,37.003682],[27.37477,37.003801],[27.374711,37.00393],[27.374639,37.004046],[27.374594,37.004119],[27.374482,37.00433],[27.374323,37.004631],[27.374272,37.004848],[27.374308,37.005049],[27.374378,37.00516],[27.374531,37.005336],[27.374729,37.00551],[27.374888,37.00566],[27.375012,37.005824],[27.375143,37.005887],[27.375279,37.005952],[27.375517,37.005991],[27.376127,37.006167],[27.37642,37.00618],[27.376582,37.006165],[27.376816,37.006133],[27.376973,37.006119],[27.377313,37.006135],[27.377565,37.00617],[27.377741,37.00621],[27.378017,37.006286],[27.378141,37.00632],[27.378368,37.006356],[27.378539,37.006443],[27.378753,37.006543],[27.37892,37.006663],[27.379031,37.006774],[27.379177,37.006945],[27.37946,37.007329],[27.379408,37.00741],[27.37929,37.007533],[27.379185,37.007653],[27.379075,37.007815],[27.378984,37.007998],[27.378946,37.008151],[27.378888,37.008301],[27.378823,37.008472],[27.37874,37.008715],[27.378663,37.008877],[27.378686,37.00895],[27.378661,37.009008],[27.378624,37.00902],[27.378576,37.009112],[27.378471,37.009249],[27.378446,37.009282],[27.37835,37.009532],[27.378244,37.009778],[27.378179,37.009991],[27.378232,37.010163],[27.378212,37.010333],[27.378302,37.010422],[27.378331,37.010441],[27.378804,37.010389],[27.378941,37.010505],[27.379031,37.010694],[27.378767,37.011205],[27.378691,37.011362],[27.378633,37.011554],[27.378645,37.01168],[27.378664,37.011718],[27.378873,37.011871],[27.379464,37.01196],[27.379545,37.012087],[27.379576,37.012253],[27.379446,37.012455],[27.379469,37.012604],[27.379742,37.012774],[27.379983,37.012967],[27.379948,37.013164],[27.379815,37.013395],[27.379589,37.013415],[27.379368,37.013472],[27.379193,37.013555],[27.378609,37.013631],[27.378451,37.013697],[27.378303,37.013809],[27.37823,37.014084],[27.378188,37.014269],[27.378185,37.014455],[27.378216,37.01458],[27.378233,37.014606],[27.378361,37.014706],[27.378428,37.014983],[27.378425,37.015077],[27.378543,37.015382],[27.37891,37.015518],[27.379116,37.01551],[27.379179,37.015518],[27.379375,37.015677],[27.379535,37.015748],[27.379556,37.015753],[27.379695,37.015687],[27.379811,37.015711],[27.379892,37.0158],[27.379998,37.015933],[27.38009,37.016129],[27.380144,37.016332],[27.380166,37.016492],[27.380094,37.016578],[27.380078,37.016653],[27.380112,37.01672],[27.380212,37.016813],[27.380349,37.016924],[27.380496,37.017092],[27.380581,37.017184],[27.380597,37.017286],[27.380567,37.017437],[27.38055,37.017479],[27.38036,37.01748],[27.380181,37.0176],[27.379937,37.017848],[27.379933,37.017869],[27.379732,37.018237],[27.379437,37.018674],[27.37913,37.019131],[27.379072,37.019245],[27.378973,37.019438],[27.378967,37.019596],[27.379007,37.019735],[27.379107,37.019894],[27.379446,37.020347],[27.379536,37.020483],[27.380159,37.020798],[27.380273,37.020862],[27.380283,37.020868],[27.380424,37.020928],[27.380462,37.021014],[27.380487,37.021073],[27.380583,37.021106],[27.380589,37.021109],[27.380943,37.021265],[27.381287,37.021375],[27.381911,37.021625],[27.382165,37.021769],[27.382522,37.021996],[27.38274,37.02215],[27.382725,37.022167],[27.383013,37.022331],[27.382764,37.022565],[27.382776,37.022575],[27.382706,37.022641],[27.382474,37.022544],[27.382292,37.022468],[27.382279,37.022488],[27.382518,37.022588],[27.382715,37.022671],[27.382802,37.022592],[27.38281,37.022598],[27.38306,37.022362],[27.384206,37.023339],[27.384218,37.023383],[27.384241,37.023421],[27.384415,37.023715],[27.384442,37.023759],[27.3845,37.023855],[27.384535,37.024031],[27.38465,37.024008],[27.384655,37.024059],[27.384547,37.024073],[27.384554,37.024196],[27.38444,37.024458],[27.384347,37.024623],[27.384302,37.024747],[27.384279,37.024931],[27.384192,37.025091],[27.38392,37.025428],[27.383753,37.02556],[27.383579,37.025827],[27.383348,37.025985],[27.383217,37.02611],[27.383013,37.026234],[27.382858,37.026317],[27.382708,37.02639],[27.382327,37.026535],[27.382098,37.026626],[27.381898,37.026688],[27.38156,37.026758],[27.381023,37.026846],[27.380827,37.026899],[27.380732,37.02691],[27.38028,37.026962],[27.380203,37.026954],[27.380054,37.027015],[27.379824,37.027067],[27.379784,37.027042],[27.379714,37.027045],[27.379701,37.027082],[27.379479,37.027171],[27.379107,37.027285],[27.378773,37.027384],[27.378633,37.027426],[27.378569,37.027416],[27.378563,37.027415],[27.378499,37.027426],[27.378512,37.027496],[27.378158,37.027708],[27.377786,37.027806],[27.377148,37.027896],[27.376862,37.027905],[27.376693,37.027911],[27.376162,37.027865],[27.375532,37.027795],[27.37519,37.027687],[27.375006,37.027589],[27.374705,37.027333],[27.373951,37.027038],[27.373585,37.026994],[27.373385,37.026906],[27.373082,37.026844],[27.373013,37.026801],[27.37283,37.026535],[27.372775,37.026353],[27.372777,37.026192],[27.372799,37.025995],[27.372827,37.025846],[27.373108,37.02552],[27.373311,37.025339],[27.373423,37.025239],[27.373711,37.02502],[27.373797,37.024955],[27.374044,37.02476],[27.37416,37.024618],[27.374312,37.024476],[27.37437,37.024318],[27.374117,37.02388],[27.373477,37.023709],[27.373432,37.023697],[27.373446,37.023668],[27.373475,37.023608],[27.373398,37.023604],[27.372848,37.023573],[27.372701,37.023696],[27.372507,37.023653],[27.372514,37.023612],[27.372312,37.023531],[27.372192,37.023456],[27.372178,37.023216],[27.372089,37.022693],[27.3719,37.022566],[27.371546,37.022253],[27.371187,37.022112],[27.37108,37.022152],[27.370623,37.022091],[27.370093,37.021859],[27.369814,37.021836],[27.369811,37.021762],[27.36955,37.021678],[27.369353,37.021705],[27.369141,37.021749],[27.368983,37.021755],[27.368847,37.021976],[27.368641,37.022229],[27.368581,37.022544],[27.368656,37.022574],[27.368563,37.022593],[27.368496,37.022651],[27.368467,37.022791],[27.368438,37.022934],[27.368509,37.023061],[27.368407,37.023388],[27.368412,37.023622],[27.368344,37.023699],[27.368335,37.023696],[27.368289,37.023634],[27.368275,37.02364],[27.368333,37.023712],[27.368324,37.023722],[27.368082,37.023795],[27.367969,37.023823],[27.367714,37.023828],[27.367663,37.023792],[27.367689,37.023744],[27.367675,37.023739],[27.367649,37.023786],[27.367547,37.023755],[27.367503,37.023749],[27.367474,37.02375],[27.367305,37.023773],[27.367232,37.023813],[27.367127,37.023874],[27.367012,37.023919],[27.366963,37.02387],[27.366988,37.023855],[27.366978,37.023844],[27.366942,37.023868],[27.367001,37.02393],[27.366909,37.023993],[27.366898,37.023992],[27.366814,37.024006],[27.366747,37.024062],[27.366708,37.024035],[27.366729,37.024016],[27.366717,37.024007],[27.366686,37.024035],[27.366736,37.024072],[27.366624,37.024162],[27.366488,37.024199],[27.366469,37.024235],[27.36628,37.024257],[27.36609,37.024177],[27.366048,37.024149],[27.365854,37.024021],[27.365848,37.023978],[27.36584,37.023833],[27.365821,37.0238],[27.365661,37.023748],[27.365609,37.023545],[27.365507,37.023379],[27.365355,37.023133],[27.365155,37.022914],[27.365238,37.022662],[27.365184,37.022571],[27.365188,37.022468],[27.365091,37.022257],[27.365064,37.022123],[27.365128,37.022104],[27.365112,37.022064],[27.365047,37.022084],[27.364928,37.021829],[27.364913,37.021713],[27.364909,37.021684],[27.364895,37.021576],[27.364933,37.021445],[27.364973,37.021307],[27.364967,37.021266],[27.36496,37.021227],[27.364948,37.021148],[27.364982,37.021069],[27.365007,37.021011],[27.365055,37.020898],[27.365093,37.020692],[27.365108,37.020613],[27.365151,37.020555],[27.365214,37.020546],[27.365202,37.020464],[27.365178,37.020432],[27.365168,37.020405],[27.365144,37.020368],[27.365086,37.020339],[27.365081,37.020327],[27.36505,37.020318],[27.36503,37.020291],[27.365023,37.020285],[27.365005,37.020275],[27.364984,37.02027],[27.364956,37.020232],[27.364949,37.020205],[27.365011,37.020227],[27.36507,37.02025],[27.365084,37.020212],[27.365087,37.020186],[27.365027,37.020157],[27.365004,37.020141],[27.364971,37.020122],[27.364867,37.020051],[27.364803,37.020023],[27.364702,37.019986],[27.364585,37.019951],[27.364508,37.020004],[27.364242,37.019893],[27.364135,37.019803],[27.364,37.019726],[27.364003,37.01961],[27.363885,37.019553],[27.363863,37.019477],[27.363837,37.019459],[27.363793,37.01945],[27.363732,37.019384],[27.363682,37.019387],[27.363648,37.019364],[27.363647,37.019346],[27.363576,37.019339],[27.363282,37.019349],[27.363282,37.019248],[27.363263,37.019247],[27.363263,37.019353],[27.363037,37.019368],[27.362904,37.019436],[27.362933,37.019492],[27.362821,37.019643],[27.36275,37.01975],[27.362705,37.019922],[27.362547,37.020047],[27.362533,37.020181],[27.362516,37.020231],[27.362374,37.020346],[27.362272,37.020506],[27.36208,37.020631],[27.361967,37.020803],[27.36188,37.020853],[27.361926,37.021027],[27.361908,37.021093],[27.361854,37.021205],[27.361849,37.021214],[27.361848,37.021221],[27.361813,37.021378],[27.361788,37.02148],[27.361764,37.021658],[27.361779,37.021766],[27.361757,37.021851],[27.361736,37.02195],[27.361637,37.022032],[27.361461,37.022097],[27.36111,37.022204],[27.36049,37.02223],[27.360407,37.02226],[27.360052,37.02237],[27.359634,37.022278],[27.359619,37.022404],[27.359567,37.022438],[27.359564,37.022521],[27.359512,37.022795],[27.359495,37.022838],[27.359257,37.022773],[27.358835,37.022775],[27.358342,37.022688],[27.35759,37.022619],[27.357144,37.022568],[27.355947,37.022185],[27.355195,37.021869],[27.354348,37.021484],[27.353955,37.021204],[27.353274,37.02087],[27.35304,37.020755],[27.352991,37.020731],[27.352615,37.020626],[27.352121,37.020539],[27.351464,37.02047],[27.350666,37.020455],[27.350337,37.020491],[27.349751,37.020599],[27.348976,37.020566],[27.3486,37.020461],[27.348201,37.020427],[27.348128,37.019859],[27.347802,37.019737],[27.347354,37.019696],[27.346499,37.020117],[27.346431,37.01971],[27.346269,37.019723],[27.346309,37.020198],[27.34475,37.020296],[27.343523,37.019891],[27.343484,37.019878],[27.34191,37.019441],[27.34057,37.01888],[27.339596,37.018405],[27.339205,37.018214],[27.338974,37.01808],[27.336855,37.016847],[27.335984,37.016179],[27.335796,37.016038],[27.335654,37.015862],[27.335456,37.01564],[27.334762,37.015275],[27.334334,37.015174],[27.333918,37.015149],[27.333212,37.015262],[27.333071,37.015304],[27.332765,37.015394],[27.332506,37.015218],[27.332294,37.014989],[27.332105,37.014725],[27.331899,37.014477],[27.331798,37.014355],[27.330977,37.013527],[27.330855,37.013405],[27.329866,37.012179],[27.329597,37.011838],[27.329418,37.01161],[27.329158,37.011281],[27.328834,37.010829],[27.328615,37.010523],[27.328332,37.010153],[27.32819,37.009942],[27.328166,37.00973],[27.328165,37.009483],[27.328234,37.009059],[27.32828,37.008971],[27.328491,37.008776],[27.328522,37.008757],[27.328982,37.008475],[27.329474,37.008156],[27.329918,37.007749],[27.330011,37.007678],[27.330057,37.007537],[27.330057,37.007448],[27.329916,37.007272],[27.329868,37.007114],[27.329853,37.006825],[27.329814,37.006045],[27.32981,37.005092],[27.329869,37.004646],[27.329878,37.00458],[27.330298,37.004032],[27.330624,37.003944],[27.331025,37.003836],[27.331588,37.003764],[27.332174,37.003744],[27.332503,37.003673],[27.332924,37.003513],[27.333673,37.002946],[27.334139,37.002345],[27.334724,37.001831],[27.335146,37.001724],[27.335427,37.001723],[27.335568,37.00174],[27.335756,37.00181],[27.336109,37.001986],[27.336673,37.002249],[27.337261,37.002459],[27.337872,37.002775],[27.338202,37.003004],[27.338719,37.003108],[27.339258,37.003107],[27.339446,37.003],[27.339492,37.002841],[27.339468,37.002718],[27.33942,37.002435],[27.339419,37.0024],[27.339489,37.002241],[27.339465,37.002118],[27.339394,37.002012],[27.339276,37.001906],[27.339205,37.00173],[27.339252,37.001624],[27.339322,37.0015],[27.339345,37.001394],[27.339344,37.001271],[27.339414,37.001147],[27.339578,37.001094],[27.339742,37.000987],[27.340002,37.000231],[27.340118,37.000107],[27.340321,36.999954],[27.340422,36.999877],[27.340516,36.999736],[27.340585,36.999488],[27.340631,36.999224],[27.340724,36.999011],[27.34084,36.998746],[27.340862,36.998429],[27.340814,36.998164],[27.340766,36.998058],[27.340508,36.998024],[27.34018,36.998095],[27.339735,36.998255],[27.339617,36.998238],[27.339146,36.997833],[27.338746,36.997587],[27.338558,36.997411],[27.338323,36.997271],[27.337947,36.997307],[27.337643,36.997555],[27.337223,36.997945],[27.336451,36.998476],[27.336217,36.998742],[27.336007,36.998972],[27.33568,36.999255],[27.335446,36.999503],[27.335282,36.999627],[27.335119,36.999822],[27.334894,37.000009],[27.334885,37.000016],[27.334675,37.000123],[27.334205,37.000124],[27.333947,37.00009],[27.333569,36.999887],[27.333218,36.999668],[27.333005,36.999422],[27.332887,36.99921],[27.332699,36.999122],[27.332395,36.999212],[27.33198,36.999456],[27.331973,36.99946],[27.331739,36.999531],[27.331434,36.999567],[27.331129,36.99948],[27.329946,36.99861],[27.329553,36.998321],[27.329458,36.998075],[27.329434,36.997898],[27.32948,36.997686],[27.329619,36.997421],[27.329759,36.997227],[27.329759,36.997085],[27.329781,36.996873],[27.329921,36.996714],[27.329991,36.996502],[27.329967,36.996361],[27.329896,36.996185],[27.329871,36.996026],[27.329871,36.99592],[27.330094,36.995605],[27.330221,36.995425],[27.330548,36.995195],[27.330712,36.995018],[27.330923,36.994929],[27.331274,36.994857],[27.331485,36.99468],[27.331522,36.994633],[27.331718,36.99438],[27.331858,36.99422],[27.331855,36.993395],[27.331924,36.993201],[27.332111,36.992989],[27.332345,36.992812],[27.332345,36.992688],[27.332132,36.992442],[27.332108,36.992336],[27.33213,36.991983],[27.332176,36.99163],[27.332222,36.991382],[27.332431,36.991011],[27.332524,36.990799],[27.332711,36.990622],[27.332851,36.99041],[27.332848,36.989669],[27.332543,36.988934],[27.332354,36.988723],[27.331883,36.988389],[27.331366,36.988196],[27.331061,36.988038],[27.330756,36.987986],[27.330706,36.987989],[27.330474,36.988004],[27.33038,36.988022],[27.330241,36.988252],[27.330288,36.988428],[27.330312,36.988587],[27.330219,36.988764],[27.33011,36.988883],[27.330056,36.988941],[27.329681,36.98903],[27.328906,36.988944],[27.327989,36.988399],[27.327471,36.987907],[27.327305,36.987678],[27.327256,36.987148],[27.327209,36.987007],[27.327044,36.986849],[27.326903,36.986761],[27.326761,36.986603],[27.32669,36.986426],[27.326478,36.98625],[27.325845,36.98564],[27.32535,36.985076],[27.325321,36.985044],[27.325114,36.984812],[27.324996,36.984618],[27.324784,36.984425],[27.323844,36.984074],[27.323605,36.983975],[27.322622,36.983566],[27.322246,36.983373],[27.321964,36.983179],[27.321775,36.982915],[27.321762,36.982849],[27.321662,36.982353],[27.321637,36.981947],[27.321543,36.981753],[27.32126,36.981436],[27.32114,36.98096],[27.321233,36.980766],[27.32135,36.980554],[27.321349,36.980412],[27.321255,36.980201],[27.321137,36.980025],[27.320877,36.979761],[27.319416,36.978017],[27.318757,36.977525],[27.318616,36.977472],[27.318193,36.977368],[27.317958,36.977262],[27.317676,36.977192],[27.31648,36.977196],[27.316076,36.977298],[27.315543,36.977463],[27.315144,36.977588],[27.314841,36.977835],[27.314537,36.978136],[27.314374,36.978384],[27.314234,36.978578],[27.313882,36.97872],[27.313038,36.978652],[27.312943,36.978511],[27.312873,36.978458],[27.312662,36.978477],[27.312544,36.978512],[27.312318,36.978615],[27.31231,36.978619],[27.31224,36.978619],[27.312052,36.978566],[27.312022,36.978554],[27.311423,36.978306],[27.311023,36.978024],[27.310646,36.977673],[27.310362,36.977091],[27.31015,36.976809],[27.309844,36.976563],[27.309468,36.97644],[27.309139,36.976247],[27.308715,36.975842],[27.308293,36.975825],[27.308012,36.975914],[27.307614,36.976268],[27.306724,36.976465],[27.30663,36.976465],[27.306395,36.976413],[27.306207,36.976325],[27.305738,36.976309],[27.305529,36.976269],[27.305297,36.976224],[27.305156,36.976172],[27.304568,36.97582],[27.304552,36.97578],[27.304497,36.975644],[27.30452,36.975502],[27.30459,36.975361],[27.30494,36.975007],[27.305033,36.974848],[27.305033,36.97476],[27.305009,36.974619],[27.304751,36.974514],[27.303929,36.97441],[27.303694,36.974269],[27.303529,36.974093],[27.303317,36.973847],[27.302964,36.973618],[27.302589,36.973531],[27.301346,36.973551],[27.301275,36.973534],[27.300946,36.973358],[27.300726,36.973168],[27.30064,36.973094],[27.300628,36.973073],[27.300475,36.972812],[27.300436,36.972721],[27.300309,36.972425],[27.300188,36.97156],[27.300187,36.971367],[27.300182,36.970596],[27.300251,36.970084],[27.300344,36.969907],[27.300554,36.969713],[27.301069,36.969341],[27.301397,36.969216],[27.301631,36.969216],[27.302288,36.969328],[27.302546,36.969372],[27.303391,36.96937],[27.303766,36.969316],[27.30407,36.969192],[27.304866,36.968607],[27.305052,36.968325],[27.305121,36.96806],[27.305144,36.967812],[27.305283,36.967512],[27.305329,36.967159],[27.305258,36.966947],[27.305163,36.966753],[27.305045,36.96656],[27.304998,36.966436],[27.30495,36.966086],[27.304973,36.965839],[27.30501,36.965654],[27.305019,36.96561],[27.305112,36.965415],[27.305169,36.965328],[27.305252,36.965203],[27.305368,36.964938],[27.305368,36.964915],[27.305367,36.964744],[27.305343,36.964568],[27.305342,36.964479],[27.305506,36.96432],[27.305599,36.964126],[27.305621,36.963843],[27.305691,36.963614],[27.305854,36.963401],[27.306018,36.963224],[27.30613,36.963096],[27.306204,36.963012],[27.306344,36.962765],[27.306437,36.962517],[27.30653,36.962323],[27.30674,36.962111],[27.30681,36.961952],[27.306926,36.961687],[27.306926,36.96125],[27.306854,36.96095],[27.306783,36.960791],[27.306594,36.960562],[27.306312,36.960369],[27.3063,36.960364],[27.30596,36.960211],[27.305701,36.960035],[27.305701,36.959876],[27.305723,36.959647],[27.305652,36.95947],[27.305464,36.959277],[27.305275,36.95903],[27.30511,36.958766],[27.304827,36.958502],[27.304545,36.958361],[27.304193,36.958115],[27.304038,36.9579],[27.304028,36.957886],[27.303956,36.957586],[27.303885,36.95741],[27.303744,36.957269],[27.303485,36.957076],[27.303252,36.956951],[27.303156,36.9569],[27.302874,36.956883],[27.302429,36.957008],[27.302172,36.957291],[27.302103,36.957573],[27.302117,36.957722],[27.302128,36.957838],[27.302105,36.95805],[27.301965,36.95828],[27.301709,36.95881],[27.301499,36.958987],[27.301171,36.959076],[27.30082,36.95913],[27.300304,36.959149],[27.30014,36.959202],[27.299859,36.959344],[27.299695,36.959521],[27.299438,36.959716],[27.299017,36.959928],[27.298537,36.959965],[27.297926,36.960013],[27.297598,36.960102],[27.297318,36.960332],[27.297108,36.960721],[27.297016,36.961092],[27.297064,36.961427],[27.297089,36.96178],[27.297072,36.961927],[27.297021,36.962363],[27.296929,36.962822],[27.296882,36.962963],[27.296672,36.96314],[27.296415,36.963458],[27.296416,36.963635],[27.296417,36.963988],[27.296418,36.964323],[27.296397,36.964765],[27.296445,36.965047],[27.296446,36.965382],[27.296377,36.965735],[27.296167,36.965983],[27.295957,36.966319],[27.295794,36.966637],[27.295655,36.96699],[27.2956,36.967053],[27.295468,36.967203],[27.295164,36.967556],[27.294743,36.967751],[27.294345,36.967911],[27.293876,36.968089],[27.293478,36.96809],[27.292915,36.968038],[27.292093,36.967864],[27.291905,36.967758],[27.29174,36.967562],[27.291669,36.967477],[27.291457,36.967301],[27.291641,36.967116],[27.291808,36.966947],[27.292169,36.967107],[27.292442,36.967228],[27.292542,36.967101],[27.292582,36.967051],[27.291806,36.966506],[27.291221,36.966895],[27.290894,36.967037],[27.290776,36.967038],[27.290635,36.966985],[27.290377,36.966809],[27.290164,36.966492],[27.289976,36.966192],[27.289717,36.965911],[27.289294,36.965735],[27.288918,36.965648],[27.288496,36.965631],[27.287957,36.965668],[27.287675,36.965757],[27.287324,36.965881],[27.287128,36.966011],[27.286906,36.966206],[27.28669,36.966422],[27.28646,36.966564],[27.2859,36.96663],[27.284818,36.966015],[27.284442,36.965698],[27.284277,36.965416],[27.284205,36.965045],[27.284275,36.964851],[27.284461,36.96448],[27.285022,36.963896],[27.285185,36.963684],[27.285231,36.96349],[27.28523,36.963296],[27.285042,36.963137],[27.284783,36.962926],[27.284736,36.962714],[27.284758,36.962485],[27.284804,36.962255],[27.285084,36.961919],[27.285365,36.961601],[27.286491,36.960814],[27.287469,36.959972],[27.287773,36.959601],[27.287913,36.959389],[27.287912,36.959212],[27.287865,36.959089],[27.287583,36.959072],[27.287372,36.958913],[27.287395,36.958772],[27.287511,36.958542],[27.287487,36.95849],[27.287323,36.958349],[27.286758,36.957997],[27.28664,36.957786],[27.286757,36.957521],[27.286756,36.957326],[27.286639,36.957274],[27.286357,36.95731],[27.286241,36.957451],[27.286171,36.957663],[27.286195,36.957928],[27.286243,36.958104],[27.286197,36.958493],[27.28594,36.958687],[27.285589,36.958759],[27.285214,36.958795],[27.284325,36.959485],[27.284185,36.959715],[27.284186,36.95998],[27.284305,36.960368],[27.284423,36.96065],[27.284519,36.961162],[27.284473,36.961497],[27.28438,36.96178],[27.284217,36.96208],[27.283773,36.962346],[27.283351,36.962594],[27.282883,36.962825],[27.282345,36.963091],[27.281924,36.963356],[27.281737,36.963551],[27.281737,36.963728],[27.281738,36.963851],[27.281668,36.963992],[27.280882,36.964646],[27.280532,36.965106],[27.280298,36.965353],[27.280112,36.965583],[27.28008,36.96563],[27.279902,36.965884],[27.279691,36.966008],[27.279269,36.966062],[27.27826,36.966029],[27.277697,36.965836],[27.277321,36.965678],[27.277109,36.965449],[27.276873,36.965114],[27.276708,36.964868],[27.276402,36.964586],[27.276213,36.964234],[27.276142,36.964022],[27.275953,36.963705],[27.275789,36.963529],[27.275506,36.9633],[27.275177,36.963159],[27.274402,36.96279],[27.274026,36.962527],[27.273579,36.962192],[27.273565,36.962179],[27.27332,36.961946],[27.273132,36.961699],[27.27292,36.961558],[27.272826,36.961559],[27.272569,36.961647],[27.272452,36.961789],[27.272358,36.961877],[27.272077,36.961949],[27.271843,36.961949],[27.271608,36.96202],[27.271416,36.962166],[27.271375,36.962197],[27.271258,36.962339],[27.270884,36.962622],[27.26997,36.962889],[27.268985,36.963032],[27.268704,36.963174],[27.267726,36.963593],[27.267422,36.963717],[27.26686,36.963913],[27.266485,36.964037],[27.265103,36.964552],[27.264798,36.964535],[27.264718,36.964467],[27.264468,36.964254],[27.26421,36.964166],[27.263976,36.964255],[27.263813,36.964502],[27.263557,36.96512],[27.263492,36.965351],[27.263394,36.965703],[27.263325,36.966003],[27.263279,36.966356],[27.263257,36.966568],[27.263117,36.966763],[27.262953,36.966887],[27.262672,36.967064],[27.262368,36.967223],[27.262181,36.967365],[27.261993,36.967471],[27.26183,36.967683],[27.26171,36.968112],[27.26171,36.968804],[27.261742,36.96995],[27.261677,36.97075],[27.261537,36.971355],[27.261421,36.971479],[27.261304,36.971709],[27.261211,36.972062],[27.261048,36.972398],[27.260773,36.972775],[27.260445,36.972934],[27.260257,36.972811],[27.260116,36.972811],[27.259999,36.973006],[27.26,36.973129],[27.259977,36.973324],[27.259813,36.973536],[27.259603,36.973783],[27.259369,36.97389],[27.258971,36.973996],[27.258807,36.97412],[27.258596,36.97435],[27.258363,36.974598],[27.257989,36.974952],[27.257169,36.975483],[27.256829,36.975606],[27.256677,36.975661],[27.256521,36.975757],[27.256303,36.975891],[27.255788,36.976139],[27.25525,36.976705],[27.255087,36.977005],[27.255017,36.977305],[27.255065,36.977517],[27.255136,36.977676],[27.255277,36.977834],[27.255372,36.978046],[27.255467,36.978346],[27.255584,36.97854],[27.255699,36.978678],[27.255702,36.978681],[27.255703,36.978974],[27.2557,36.978984],[27.255634,36.979186],[27.255423,36.97938],[27.255377,36.97961],[27.255378,36.979857],[27.255379,36.980192],[27.255521,36.980457],[27.255779,36.98058],[27.255789,36.980588],[27.256061,36.980791],[27.256297,36.98102],[27.256485,36.981319],[27.256698,36.981742],[27.256769,36.982042],[27.256771,36.982431],[27.256772,36.982731],[27.256726,36.983119],[27.256633,36.983437],[27.256611,36.983737],[27.256495,36.984595],[27.256464,36.985019],[27.256432,36.98607],[27.256395,36.986717],[27.256338,36.987718],[27.256338,36.988502],[27.256573,36.989648],[27.256746,36.99004],[27.256844,36.990539],[27.256962,36.990822],[27.257152,36.991598],[27.257247,36.991845],[27.257412,36.992109],[27.257466,36.992262],[27.257886,36.993449],[27.258005,36.993873],[27.257935,36.994155],[27.257916,36.994188],[27.257795,36.994403],[27.257704,36.99533],[27.257682,36.995577],[27.257706,36.995877],[27.257824,36.996106],[27.257966,36.996283],[27.258366,36.996741],[27.258579,36.997146],[27.258674,36.997552],[27.258769,36.997905],[27.258911,36.998204],[27.2591,36.998656],[27.259273,36.999111],[27.259398,36.99944],[27.259491,36.999756],[27.259508,36.999817],[27.259508,36.999922],[27.259508,37.000194],[27.259492,37.000413],[27.259335,37.000711],[27.259178,37.000978],[27.258912,37.001292],[27.258723,37.001496],[27.258268,37.001308],[27.257902,37.00117],[27.257872,37.00123],[27.257543,37.001888],[27.257391,37.002481],[27.257391,37.003089],[27.257833,37.003696],[27.257629,37.004041],[27.257344,37.004394],[27.257126,37.004528],[27.256546,37.00452],[27.256149,37.004441],[27.255925,37.004562],[27.256496,37.005326],[27.256378,37.005754],[27.256294,37.005981],[27.256059,37.006107],[27.255992,37.005998],[27.255875,37.005855],[27.256118,37.005578],[27.256265,37.005368],[27.256147,37.005262],[27.25596,37.00528],[27.255772,37.005404],[27.255363,37.005704],[27.255178,37.005989],[27.255278,37.006317],[27.255438,37.006476],[27.255659,37.006534],[27.25566,37.006923],[27.255569,37.007188],[27.255417,37.007589],[27.255431,37.007989],[27.255571,37.008317],[27.255572,37.008599],[27.255502,37.008847],[27.255409,37.009094],[27.255457,37.009482],[27.255435,37.009676],[27.255342,37.009941],[27.255287,37.010178],[27.255278,37.010716],[27.255321,37.011337],[27.25549,37.012066],[27.255468,37.012313],[27.255281,37.012561],[27.255,37.012844],[27.254813,37.013091],[27.254584,37.013511],[27.254307,37.013708],[27.254031,37.014005],[27.253102,37.014094],[27.253073,37.014232],[27.253794,37.014202],[27.253448,37.014656],[27.252943,37.015354],[27.252788,37.015598],[27.252788,37.015901],[27.252958,37.016143],[27.253065,37.016554],[27.253066,37.016872],[27.253067,37.017348],[27.253069,37.017772],[27.25307,37.018125],[27.25293,37.018372],[27.252766,37.018461],[27.252437,37.018515],[27.252232,37.018613],[27.252001,37.018844],[27.251807,37.019098],[27.251335,37.019752],[27.250899,37.020321],[27.250633,37.020696],[27.250379,37.021036],[27.250185,37.02129],[27.250039,37.021714],[27.250076,37.022101],[27.250112,37.02267],[27.249854,37.023307],[27.249386,37.023838],[27.249012,37.024227],[27.248919,37.024633],[27.248967,37.025004],[27.249039,37.025339],[27.249087,37.025727],[27.249088,37.025992],[27.249078,37.026068],[27.249019,37.026504],[27.248926,37.026822],[27.24888,37.027104],[27.248811,37.02751],[27.248812,37.027951],[27.248861,37.028428],[27.249051,37.029186],[27.249314,37.03051],[27.249362,37.031039],[27.249397,37.031354],[27.249399,37.031379],[27.248906,37.032472],[27.24864,37.032788],[27.248359,37.033018],[27.248008,37.03323],[27.247797,37.033301],[27.247708,37.033337],[27.247445,37.033443],[27.247234,37.03355],[27.246977,37.033656],[27.246624,37.033568],[27.246201,37.033464],[27.245849,37.033411],[27.245332,37.033395],[27.244957,37.033378],[27.244769,37.033449],[27.244512,37.033643],[27.244395,37.03382],[27.244302,37.034015],[27.244185,37.034209],[27.243927,37.034421],[27.243552,37.034669],[27.243473,37.034712],[27.243131,37.034899],[27.242803,37.035112],[27.242357,37.035325],[27.241841,37.035432],[27.241184,37.035468],[27.240738,37.035469],[27.240268,37.035293],[27.240126,37.035082],[27.239937,37.034782],[27.239601,37.034561],[27.239319,37.034491],[27.238943,37.034456],[27.238755,37.034527],[27.238451,37.034651],[27.238169,37.034652],[27.237911,37.03467],[27.237629,37.034723],[27.237395,37.034865],[27.237137,37.034989],[27.236644,37.035096],[27.236199,37.035185],[27.235988,37.035344],[27.235824,37.035575],[27.235967,37.035909],[27.23598,37.036014],[27.236014,37.036297],[27.235921,37.036439],[27.235569,37.036528],[27.235146,37.036458],[27.234931,37.036487],[27.234747,37.036512],[27.234395,37.036565],[27.234254,37.036566],[27.234137,37.036619],[27.233722,37.036922],[27.233223,37.037461],[27.233201,37.037485],[27.232897,37.037857],[27.232639,37.038122],[27.23257,37.03844],[27.23257,37.038669],[27.232642,37.038969],[27.232666,37.039269],[27.232667,37.039516],[27.232574,37.039728],[27.232386,37.039887],[27.232011,37.039976],[27.231682,37.039924],[27.231176,37.039913],[27.230931,37.039908],[27.230555,37.039944],[27.230227,37.040068],[27.23004,37.040368],[27.229993,37.040474],[27.229994,37.040522],[27.229995,37.04088],[27.230019,37.041269],[27.230391,37.041681],[27.230675,37.0418],[27.230767,37.041839],[27.231003,37.041997],[27.231097,37.042191],[27.231168,37.042315],[27.231474,37.042561],[27.231544,37.042649],[27.231521,37.042808],[27.231099,37.042844],[27.230658,37.042928],[27.23063,37.042933],[27.230607,37.043163],[27.230654,37.043375],[27.230661,37.043415],[27.230702,37.043639],[27.230844,37.044027],[27.230939,37.044345],[27.231058,37.044733],[27.231293,37.044979],[27.231764,37.045279],[27.232281,37.045507],[27.232727,37.045541],[27.233267,37.045523],[27.233297,37.045524],[27.23376,37.045539],[27.234019,37.045574],[27.234066,37.045715],[27.233973,37.045892],[27.233673,37.046145],[27.233575,37.046228],[27.233106,37.04667],[27.232802,37.047006],[27.232498,37.047448],[27.232382,37.047695],[27.232382,37.047978],[27.232477,37.048154],[27.232689,37.048242],[27.233534,37.04824],[27.234004,37.048345],[27.234215,37.048451],[27.23431,37.048698],[27.234429,37.049068],[27.2345,37.04928],[27.234711,37.04942],[27.235533,37.049383],[27.235839,37.049471],[27.236097,37.049647],[27.236545,37.050052],[27.237017,37.051047],[27.237065,37.051294],[27.237089,37.05163],[27.237066,37.051859],[27.236715,37.052266],[27.236317,37.052637],[27.235802,37.053097],[27.235498,37.053327],[27.235377,37.053403],[27.235216,37.053504],[27.235053,37.053734],[27.235053,37.053822],[27.235171,37.054034],[27.235265,37.05414],[27.235313,37.054228],[27.235289,37.054316],[27.235149,37.054493],[27.235149,37.054581],[27.23529,37.054651],[27.235408,37.054739],[27.235408,37.054898],[27.235362,37.055004],[27.235128,37.055287],[27.234777,37.055552],[27.234519,37.055871],[27.234403,37.056153],[27.234403,37.056365],[27.234404,37.056594],[27.234358,37.056824],[27.234077,37.057001],[27.233162,37.057462],[27.233083,37.057515],[27.232506,37.057904],[27.232201,37.058046],[27.231966,37.058047],[27.232012,37.057764],[27.231871,37.057711],[27.231636,37.057712],[27.231519,37.057588],[27.231565,37.057518],[27.232155,37.056918],[27.232202,37.056872],[27.232647,37.056441],[27.232693,37.056105],[27.232668,37.055858],[27.23255,37.055541],[27.232408,37.055259],[27.232266,37.054924],[27.232101,37.054483],[27.231935,37.054112],[27.231558,37.053725],[27.230947,37.053461],[27.230148,37.053357],[27.229585,37.053446],[27.228708,37.053835],[27.228624,37.053872],[27.228017,37.05452],[27.227502,37.054891],[27.227221,37.055157],[27.227081,37.055404],[27.226964,37.055669],[27.226871,37.055951],[27.226825,37.056216],[27.226873,37.056481],[27.226918,37.05659],[27.226967,37.05671],[27.227086,37.057063],[27.227063,37.057345],[27.226923,37.057487],[27.226442,37.057544],[27.226171,37.057576],[27.225773,37.057683],[27.225585,37.057842],[27.225469,37.058143],[27.225493,37.058372],[27.225634,37.058601],[27.22594,37.058795],[27.226129,37.058971],[27.226317,37.0592],[27.227316,37.059763],[27.228034,37.060167],[27.228316,37.060202],[27.229114,37.060095],[27.229232,37.060006],[27.229325,37.059935],[27.229559,37.05967],[27.229724,37.05967],[27.229789,37.060053],[27.229836,37.060141],[27.229884,37.060194],[27.229977,37.060158],[27.230259,37.060122],[27.230565,37.060334],[27.230659,37.060492],[27.23073,37.060651],[27.230871,37.060739],[27.231036,37.060774],[27.231201,37.060827],[27.23106,37.061092],[27.230826,37.061163],[27.230615,37.061198],[27.230497,37.061287],[27.230521,37.061428],[27.230663,37.061587],[27.230945,37.06171],[27.23118,37.061921],[27.231322,37.062132],[27.231463,37.062291],[27.231887,37.06259],[27.231958,37.062819],[27.231912,37.063102],[27.231772,37.063314],[27.231373,37.063456],[27.231191,37.063494],[27.231189,37.063495],[27.230951,37.063545],[27.230763,37.063634],[27.230646,37.063934],[27.230483,37.064128],[27.230131,37.064288],[27.229872,37.064235],[27.229402,37.064042],[27.22919,37.063919],[27.228908,37.06392],[27.228815,37.064026],[27.228768,37.064238],[27.228839,37.064432],[27.228981,37.064537],[27.229028,37.064519],[27.229168,37.064413],[27.229309,37.064466],[27.229474,37.064572],[27.229498,37.064677],[27.229498,37.064766],[27.229522,37.06496],[27.229687,37.065048],[27.229828,37.065047],[27.230133,37.064994],[27.230391,37.064923],[27.230602,37.064746],[27.230719,37.064604],[27.230907,37.064586],[27.230954,37.064675],[27.231142,37.064763],[27.2314,37.064691],[27.231583,37.064507],[27.231868,37.064249],[27.232033,37.064161],[27.232338,37.064195],[27.232546,37.064251],[27.232996,37.064371],[27.23313,37.064458],[27.233726,37.064846],[27.234125,37.064863],[27.234407,37.064915],[27.234525,37.064968],[27.234925,37.065232],[27.235042,37.065231],[27.235183,37.065143],[27.235189,37.065125],[27.235229,37.065002],[27.23537,37.06486],[27.23551,37.064807],[27.236309,37.064805],[27.237434,37.065417],[27.238188,37.066015],[27.238635,37.066526],[27.238894,37.06672],[27.238989,37.066879],[27.23906,37.06709],[27.239084,37.06732],[27.238944,37.067514],[27.238663,37.067762],[27.238551,37.067843],[27.238124,37.068151],[27.238054,37.068239],[27.237984,37.068398],[27.237938,37.068628],[27.237961,37.068751],[27.238056,37.068857],[27.238267,37.068963],[27.238455,37.068927],[27.238407,37.068609],[27.238477,37.068521],[27.238571,37.068539],[27.238861,37.068639],[27.238877,37.068644],[27.239018,37.068767],[27.239207,37.068978],[27.239301,37.069208],[27.239421,37.069966],[27.239422,37.070143],[27.239352,37.070249],[27.239141,37.070373],[27.239164,37.070443],[27.239235,37.070496],[27.239353,37.070549],[27.23947,37.070619],[27.239471,37.070672],[27.239377,37.070778],[27.239213,37.070955],[27.239156,37.071004],[27.238882,37.071221],[27.238815,37.071274],[27.238463,37.071486],[27.238251,37.071398],[27.238134,37.07124],[27.237993,37.071222],[27.237922,37.071258],[27.237899,37.071434],[27.2379,37.071558],[27.237971,37.071699],[27.238183,37.071857],[27.238277,37.071981],[27.238324,37.072192],[27.238325,37.072334],[27.238231,37.07244],[27.237527,37.073014],[27.237246,37.073314],[27.2372,37.073455],[27.2372,37.073597],[27.237247,37.073738],[27.237272,37.073967],[27.237225,37.074179],[27.236874,37.074639],[27.236617,37.074851],[27.236453,37.075063],[27.236407,37.075345],[27.236596,37.075733],[27.236596,37.075892],[27.23648,37.076122],[27.236316,37.076369],[27.235871,37.076776],[27.23566,37.076935],[27.235496,37.077024],[27.235379,37.077165],[27.235474,37.077412],[27.235733,37.077712],[27.236063,37.077976],[27.236322,37.078134],[27.23658,37.078222],[27.236666,37.078273],[27.236698,37.078292],[27.236957,37.078557],[27.236981,37.078751],[27.236912,37.079068],[27.236867,37.079183],[27.236795,37.079369],[27.236773,37.079686],[27.236844,37.079986],[27.236915,37.080251],[27.23701,37.08041],[27.237175,37.080709],[27.237434,37.080903],[27.237622,37.080991],[27.237811,37.081096],[27.238234,37.081343],[27.238446,37.081572],[27.238612,37.081924],[27.238683,37.082224],[27.238702,37.082428],[27.238708,37.082489],[27.23892,37.082788],[27.239203,37.083],[27.239508,37.083193],[27.239909,37.083386],[27.240237,37.083421],[27.240449,37.083403],[27.240683,37.083261],[27.241171,37.082732],[27.241358,37.082449],[27.241592,37.082202],[27.241655,37.082149],[27.241737,37.082079],[27.24178,37.082042],[27.241794,37.08204],[27.242226,37.081971],[27.242672,37.081952],[27.24293,37.081881],[27.243118,37.08174],[27.244149,37.081014],[27.244595,37.080801],[27.2449,37.08073],[27.245205,37.080765],[27.245394,37.080923],[27.245488,37.080976],[27.245699,37.080975],[27.246275,37.080489],[27.246439,37.080418],[27.24658,37.080383],[27.247003,37.0804],[27.24745,37.080505],[27.247732,37.080522],[27.247802,37.080451],[27.247806,37.080432],[27.247825,37.080327],[27.247871,37.080204],[27.248013,37.080274],[27.24806,37.080468],[27.248067,37.080486],[27.248131,37.080662],[27.248249,37.080768],[27.248437,37.080785],[27.248554,37.080732],[27.248766,37.080696],[27.248907,37.080731],[27.249095,37.080889],[27.249354,37.080995],[27.249706,37.081012],[27.249989,37.081205],[27.250295,37.081434],[27.250624,37.08161],[27.250859,37.081662],[27.25108,37.081613],[27.251259,37.081573],[27.251517,37.081626],[27.251706,37.081784],[27.251824,37.081943],[27.252083,37.08226],[27.252201,37.082507],[27.252202,37.082779],[27.252202,37.082824],[27.252297,37.083071],[27.252368,37.083195],[27.252604,37.083582],[27.252652,37.083988],[27.252633,37.084152],[27.252607,37.084377],[27.252655,37.084818],[27.252754,37.085098],[27.252774,37.085153],[27.252807,37.085182],[27.252939,37.085294],[27.253174,37.085434],[27.253527,37.08555],[27.25355,37.085557],[27.253974,37.085803],[27.253999,37.086103],[27.253929,37.086403],[27.253926,37.086408],[27.253882,37.086492],[27.25366,37.086531],[27.253577,37.086545],[27.253437,37.08674],[27.253437,37.08681],[27.253602,37.086934],[27.253978,37.087127],[27.253996,37.087134],[27.254261,37.087232],[27.254554,37.087478],[27.254638,37.087549],[27.254657,37.087624],[27.254726,37.0879],[27.254528,37.088225],[27.254475,37.088312],[27.253983,37.089303],[27.253907,37.089397],[27.253838,37.089803],[27.253841,37.09058],[27.253984,37.091321],[27.254079,37.091638],[27.254151,37.091956],[27.254175,37.092203],[27.254129,37.092485],[27.253989,37.092609],[27.253613,37.092839],[27.253637,37.092963],[27.253661,37.093069],[27.253802,37.093139],[27.254014,37.09328],[27.254226,37.093403],[27.254415,37.093667],[27.254463,37.093879],[27.254605,37.094143],[27.254769,37.094249],[27.255004,37.094301],[27.255216,37.094318],[27.255733,37.094247],[27.256343,37.094087],[27.257165,37.094049],[27.25747,37.093978],[27.257611,37.093784],[27.257699,37.093688],[27.257821,37.093554],[27.258033,37.093536],[27.258315,37.093694],[27.258456,37.093641],[27.258573,37.093446],[27.258572,37.093234],[27.258736,37.093146],[27.259018,37.093163],[27.2593,37.093215],[27.259418,37.093197],[27.259722,37.092932],[27.259839,37.09279],[27.260004,37.09279],[27.260145,37.092966],[27.26024,37.093178],[27.260357,37.093231],[27.260686,37.093159],[27.261061,37.092911],[27.261177,37.092576],[27.261153,37.092364],[27.2612,37.092152],[27.261387,37.09194],[27.261692,37.091869],[27.261734,37.091873],[27.262091,37.091903],[27.262421,37.091973],[27.262726,37.092096],[27.263361,37.092253],[27.26362,37.09227],[27.26416,37.092375],[27.265177,37.092914],[27.265342,37.093033],[27.265959,37.093481],[27.266171,37.093755],[27.266508,37.093922],[27.267033,37.093836],[27.267196,37.093894],[27.267028,37.094097],[27.266987,37.094434],[27.267283,37.094737],[27.267284,37.094746],[27.267326,37.095073],[27.267388,37.09511],[27.267605,37.09524],[27.267832,37.095376],[27.267875,37.095492],[27.268051,37.095972],[27.267967,37.096208],[27.268761,37.096654],[27.269253,37.096778],[27.269359,37.096805],[27.269739,37.097231],[27.269783,37.097281],[27.27009,37.097704],[27.270281,37.098201],[27.270324,37.098572],[27.270199,37.098808],[27.270493,37.098942],[27.270829,37.098739],[27.271081,37.098705],[27.271419,37.09894],[27.271523,37.098873],[27.271838,37.098669],[27.272132,37.098601],[27.272986,37.098415],[27.273701,37.098347],[27.274205,37.098379],[27.274573,37.098526],[27.274626,37.098547],[27.274651,37.098566],[27.275175,37.09895],[27.275891,37.099251],[27.276693,37.099563],[27.277362,37.099857],[27.277905,37.100197],[27.278608,37.100639],[27.279174,37.100922],[27.27964,37.100995],[27.281071,37.101329],[27.281702,37.10153],[27.283043,37.101919],[27.283428,37.102031],[27.284237,37.102315],[27.284566,37.102483],[27.28486,37.102634],[27.28506,37.102671],[27.285576,37.102767],[27.286422,37.103017],[27.286741,37.103336],[27.28722,37.103816],[27.288147,37.10421],[27.28879,37.104594],[27.289032,37.104781],[27.289622,37.105083],[27.290549,37.105485],[27.291434,37.106022],[27.291685,37.106184],[27.2925,37.106708],[27.292514,37.107214],[27.292515,37.107235],[27.292535,37.10794],[27.29283,37.108007],[27.29283,37.107999],[27.292816,37.107289],[27.292806,37.106796],[27.293048,37.106883],[27.293078,37.107355],[27.293115,37.107925],[27.293059,37.108755],[27.293182,37.109786],[27.293155,37.109787],[27.292397,37.10982],[27.292397,37.11001],[27.293168,37.109999],[27.293193,37.109999],[27.293272,37.11029],[27.293294,37.110795],[27.293251,37.111549],[27.2932,37.11161],[27.292872,37.111997],[27.292673,37.113116],[27.292424,37.113937],[27.292076,37.114783],[27.291678,37.115455],[27.290708,37.116375],[27.289837,37.11747],[27.289788,37.118415],[27.289862,37.119485],[27.289465,37.119882],[27.289315,37.120032],[27.288544,37.120281],[27.287984,37.120359],[27.287935,37.120344],[27.287437,37.120191],[27.287226,37.11999],[27.286805,37.119856],[27.286425,37.119587],[27.286171,37.119183],[27.285918,37.119083],[27.285509,37.118838],[27.285011,37.118987],[27.284141,37.119509],[27.282922,37.119957],[27.28197,37.12044],[27.281888,37.120473],[27.281743,37.120532],[27.281382,37.120678],[27.280498,37.120714],[27.279951,37.120681],[27.279572,37.120581],[27.278688,37.12028],[27.278586,37.120226],[27.278501,37.12018],[27.278309,37.120078],[27.277832,37.119817],[27.277657,37.119573],[27.277548,37.119394],[27.277591,37.119199],[27.277574,37.119085],[27.277589,37.118732],[27.277609,37.118223],[27.277564,37.117881],[27.276995,37.11752],[27.276827,37.117521],[27.276491,37.117622],[27.275776,37.117624],[27.275313,37.117558],[27.274808,37.117626],[27.274725,37.117761],[27.274726,37.117997],[27.274558,37.118099],[27.274559,37.118368],[27.274265,37.118672],[27.274092,37.118807],[27.273461,37.118808],[27.273134,37.118771],[27.272872,37.118742],[27.272452,37.118912],[27.271918,37.119234],[27.271681,37.119278],[27.271372,37.119336],[27.270728,37.119219],[27.270264,37.11895],[27.26959,37.118682],[27.269084,37.118245],[27.269018,37.118079],[27.26883,37.117606],[27.269333,37.117133],[27.269962,37.116794],[27.27038,37.115984],[27.270547,37.115714],[27.270191,37.115054],[27.270166,37.115008],[27.269323,37.114369],[27.268774,37.113663],[27.267847,37.113361],[27.266543,37.113331],[27.265493,37.113603],[27.265137,37.113806],[27.264191,37.114347],[27.263302,37.114968],[27.262933,37.115226],[27.262513,37.115463],[27.261924,37.115498],[27.261629,37.115397],[27.261208,37.115129],[27.261051,37.114925],[27.26087,37.114691],[27.260617,37.11449],[27.260616,37.114186],[27.260783,37.113984],[27.260824,37.113579],[27.260571,37.113344],[27.260359,37.113041],[27.260526,37.11267],[27.260315,37.1123],[27.260004,37.112135],[27.259809,37.112031],[27.259546,37.112032],[27.258001,37.112035],[27.257832,37.111867],[27.257537,37.111834],[27.257075,37.111835],[27.256611,37.111667],[27.256275,37.111702],[27.255687,37.111872],[27.255249,37.111869],[27.254987,37.111795],[27.25455,37.111672],[27.25434,37.111605],[27.254298,37.11174],[27.254425,37.111942],[27.254485,37.112021],[27.254552,37.11211],[27.254595,37.112312],[27.255059,37.112783],[27.255269,37.112782],[27.255394,37.112546],[27.255521,37.112681],[27.25548,37.112917],[27.255144,37.113086],[27.255145,37.113322],[27.254954,37.113477],[27.25439,37.113897],[27.254306,37.114032],[27.254011,37.114032],[27.254012,37.114302],[27.253803,37.114538],[27.253784,37.114553],[27.253425,37.114842],[27.253291,37.115193],[27.253637,37.115381],[27.253901,37.115451],[27.254016,37.115481],[27.254227,37.115717],[27.254522,37.115817],[27.25469,37.115817],[27.254721,37.115841],[27.254775,37.115884],[27.254703,37.115932],[27.254523,37.116053],[27.254646,37.116225],[27.254692,37.116289],[27.254623,37.116344],[27.254608,37.116356],[27.254314,37.116458],[27.25413,37.116701],[27.254073,37.116776],[27.254025,37.117161],[27.25411,37.117532],[27.254323,37.117654],[27.254363,37.117677],[27.254529,37.117772],[27.255034,37.117973],[27.255371,37.117972],[27.255412,37.117905],[27.255749,37.118039],[27.255708,37.11814],[27.255498,37.11841],[27.255499,37.118747],[27.255795,37.11905],[27.255796,37.119286],[27.255293,37.11986],[27.254956,37.119861],[27.254957,37.120164],[27.255043,37.120534],[27.254929,37.120611],[27.254791,37.120704],[27.254592,37.120847],[27.254412,37.120976],[27.25433,37.121176],[27.254331,37.121412],[27.254331,37.121682],[27.254417,37.121951],[27.254669,37.122086],[27.254964,37.122152],[27.254982,37.122147],[27.255255,37.122067],[27.255426,37.122017],[27.255804,37.121746],[27.256056,37.121746],[27.256183,37.121948],[27.256268,37.12215],[27.256269,37.122386],[27.256017,37.122453],[27.256062,37.123532],[27.256359,37.124205],[27.256323,37.124714],[27.256319,37.124778],[27.255861,37.125209],[27.255816,37.125251],[27.255144,37.125657],[27.253546,37.125896],[27.253464,37.126301],[27.254263,37.126266],[27.253893,37.126917],[27.253757,37.127163],[27.253676,37.127308],[27.253467,37.127477],[27.253467,37.127646],[27.253473,37.127818],[27.25351,37.127949],[27.253404,37.128224],[27.253052,37.128543],[27.253073,37.128887],[27.253284,37.129055],[27.254187,37.129026],[27.254566,37.129228],[27.25524,37.129395],[27.255697,37.129538],[27.255897,37.130108],[27.256319,37.130377],[27.256593,37.130295],[27.256799,37.130234],[27.257135,37.129862],[27.257176,37.12966],[27.257217,37.129357],[27.256922,37.129189],[27.256795,37.128886],[27.256792,37.128077],[27.256917,37.127571],[27.257378,37.127233],[27.257503,37.126761],[27.257621,37.126419],[27.257794,37.125918],[27.257792,37.125345],[27.258042,37.124603],[27.25888,37.123421],[27.260261,37.121329],[27.260427,37.12089],[27.260889,37.120687],[27.261604,37.120618],[27.261941,37.120786],[27.262279,37.120987],[27.262825,37.120851],[27.263244,37.120379],[27.263788,37.120154],[27.264124,37.120187],[27.264506,37.120342],[27.264675,37.120611],[27.264886,37.12088],[27.26514,37.121183],[27.265141,37.121486],[27.26489,37.121892],[27.264098,37.122264],[27.263637,37.122737],[27.263342,37.123242],[27.262643,37.123702],[27.26223,37.124063],[27.26214,37.124141],[27.261701,37.124937],[27.261536,37.125235],[27.261453,37.125539],[27.261555,37.125823],[27.261626,37.125831],[27.26185,37.125856],[27.262169,37.125639],[27.262421,37.125638],[27.262716,37.125772],[27.26343,37.125602],[27.263934,37.125298],[27.264271,37.125297],[27.264314,37.125533],[27.264819,37.125666],[27.264872,37.125761],[27.264988,37.125969],[27.265116,37.126407],[27.265033,37.126778],[27.265008,37.126811],[27.264331,37.127677],[27.263943,37.12796],[27.264024,37.128181],[27.263969,37.128292],[27.263945,37.128466],[27.264031,37.128836],[27.264337,37.12917],[27.264683,37.129463],[27.265182,37.129495],[27.265505,37.129574],[27.265633,37.129844],[27.265508,37.130282],[27.265173,37.13062],[27.264711,37.130992],[27.264544,37.131228],[27.263705,37.131897],[27.263753,37.132391],[27.264208,37.132722],[27.26425,37.132857],[27.264083,37.13306],[27.263898,37.133308],[27.263828,37.133573],[27.263859,37.13372],[27.263909,37.133956],[27.26417,37.134138],[27.264377,37.134193],[27.264549,37.134238],[27.264971,37.134439],[27.26556,37.134404],[27.26598,37.134201],[27.265951,37.133834],[27.266167,37.133768],[27.266568,37.133964],[27.266695,37.134233],[27.266653,37.134301],[27.266442,37.134099],[27.266316,37.134066],[27.266169,37.134218],[27.266169,37.13442],[27.26636,37.134638],[27.266781,37.134806],[27.267159,37.134637],[27.267255,37.134611],[27.267537,37.134535],[27.267873,37.134332],[27.268041,37.134129],[27.268252,37.13423],[27.268295,37.134499],[27.268632,37.134667],[27.269095,37.134801],[27.269684,37.134867],[27.26981,37.134664],[27.270103,37.134226],[27.271533,37.134189],[27.271576,37.134391],[27.27145,37.13456],[27.271367,37.134796],[27.271453,37.1352],[27.271707,37.135739],[27.271961,37.136142],[27.272424,37.13631],[27.272804,37.13668],[27.272911,37.137019],[27.272932,37.137084],[27.273185,37.137218],[27.272891,37.137488],[27.272809,37.13796],[27.272852,37.138196],[27.273273,37.138263],[27.273356,37.138128],[27.273441,37.138229],[27.273322,37.138325],[27.273231,37.138398],[27.273064,37.1386],[27.272982,37.139173],[27.273193,37.139311],[27.27311,37.139746],[27.273111,37.140049],[27.273112,37.14042],[27.27345,37.140655],[27.273954,37.140587],[27.274031,37.140525],[27.274231,37.140364],[27.274332,37.140282],[27.274625,37.139877],[27.274835,37.139809],[27.275339,37.139404],[27.27538,37.1391],[27.275715,37.138864],[27.276361,37.138771],[27.276753,37.138628],[27.276939,37.138459],[27.277089,37.138324],[27.277333,37.138004],[27.277432,37.13746],[27.276715,37.137024],[27.276656,37.137001],[27.276139,37.136801],[27.276169,37.136436],[27.276294,37.135896],[27.276838,37.135086],[27.277468,37.13495],[27.277931,37.134949],[27.278309,37.134929],[27.278604,37.134914],[27.279151,37.134811],[27.279486,37.134507],[27.279695,37.134001],[27.280156,37.133663],[27.280155,37.133326],[27.279902,37.133091],[27.280195,37.132753],[27.280698,37.132246],[27.280823,37.131875],[27.280783,37.13151],[27.280697,37.131055],[27.280693,37.131033],[27.280861,37.130763],[27.280881,37.130755],[27.281533,37.130492],[27.282205,37.130221],[27.282836,37.130185],[27.28309,37.130589],[27.283218,37.131196],[27.283304,37.131701],[27.283347,37.132038],[27.28399,37.132322],[27.28422,37.13235],[27.284393,37.132333],[27.284545,37.132202],[27.284619,37.131815],[27.28466,37.131478],[27.284323,37.131277],[27.284574,37.130906],[27.284657,37.130535],[27.284656,37.130299],[27.284781,37.130063],[27.284773,37.129747],[27.284775,37.129471],[27.28469,37.129201],[27.284146,37.129087],[27.283768,37.129121],[27.283472,37.128852],[27.283302,37.128314],[27.283427,37.127976],[27.283552,37.12774],[27.283551,37.127302],[27.283549,37.126836],[27.283549,37.12683],[27.283564,37.126819],[27.284052,37.126458],[27.284598,37.126052],[27.28485,37.125917],[27.285228,37.125916],[27.285353,37.125545],[27.286068,37.125341],[27.286699,37.125373],[27.286866,37.125002],[27.287202,37.124934],[27.287116,37.124631],[27.286822,37.124632],[27.287536,37.124225],[27.287871,37.123989],[27.288211,37.124061],[27.288632,37.124195],[27.288882,37.124357],[27.289303,37.124255],[27.28947,37.123951],[27.289636,37.123513],[27.289719,37.12304],[27.289675,37.12267],[27.289927,37.122467],[27.289967,37.121995],[27.290387,37.121724],[27.290891,37.121689],[27.291081,37.121703],[27.29169,37.121586],[27.29173,37.121571],[27.292098,37.12144],[27.292423,37.121602],[27.292659,37.12182],[27.292954,37.121988],[27.293375,37.122054],[27.293711,37.122087],[27.293754,37.122222],[27.294008,37.122558],[27.294218,37.122726],[27.294303,37.122962],[27.294305,37.123434],[27.294474,37.123602],[27.294853,37.123634],[27.295148,37.123836],[27.295391,37.124061],[27.295402,37.124071],[27.295478,37.124071],[27.296117,37.124069],[27.296559,37.124012],[27.296916,37.123966],[27.297588,37.123796],[27.297966,37.123559],[27.298082,37.12334],[27.298091,37.123323],[27.298048,37.123188],[27.297921,37.122919],[27.297878,37.122784],[27.297709,37.122448],[27.29775,37.122178],[27.297833,37.122043],[27.297789,37.121538],[27.297704,37.121331],[27.297661,37.120864],[27.297809,37.120502],[27.297851,37.120095],[27.298118,37.119649],[27.298127,37.118679],[27.298533,37.117997],[27.299245,37.117355],[27.299875,37.117016],[27.30021,37.116577],[27.300527,37.116412],[27.300797,37.116272],[27.301427,37.116102],[27.30231,37.11583],[27.303025,37.115829],[27.30332,37.115877],[27.304245,37.116028],[27.30474,37.116177],[27.30513,37.116295],[27.305762,37.116698],[27.305877,37.116801],[27.306396,37.117269],[27.306818,37.117706],[27.307072,37.118076],[27.307116,37.118548],[27.307201,37.118784],[27.307371,37.119154],[27.307119,37.119424],[27.306194,37.119561],[27.306018,37.119624],[27.305576,37.119781],[27.305014,37.119994],[27.30443,37.120289],[27.30397,37.120747],[27.303803,37.121152],[27.303594,37.121354],[27.303174,37.121692],[27.303218,37.121996],[27.303472,37.122399],[27.30374,37.122415],[27.303909,37.122617],[27.30402,37.122836],[27.3044,37.123037],[27.304528,37.123543],[27.304992,37.123777],[27.305539,37.123911],[27.306212,37.123875],[27.306726,37.123599],[27.306967,37.123469],[27.307302,37.122996],[27.30751,37.122423],[27.307803,37.122018],[27.307844,37.121815],[27.307759,37.121681],[27.307884,37.121377],[27.308346,37.121039],[27.308345,37.120769],[27.308512,37.1206],[27.308974,37.120464],[27.309395,37.120396],[27.309867,37.120161],[27.310299,37.119818],[27.310536,37.119411],[27.310567,37.119112],[27.310608,37.118775],[27.310185,37.118203],[27.309889,37.117934],[27.309804,37.117597],[27.310013,37.117293],[27.310559,37.116989],[27.310853,37.116887],[27.311398,37.116414],[27.311692,37.116027],[27.311732,37.115975],[27.312278,37.115805],[27.312699,37.115804],[27.313259,37.115848],[27.313597,37.116217],[27.313674,37.11638],[27.313724,37.116487],[27.314061,37.116654],[27.314692,37.11672],[27.314861,37.116854],[27.314863,37.117191],[27.314864,37.117461],[27.314822,37.117529],[27.314782,37.117967],[27.314783,37.11827],[27.314661,37.118402],[27.314532,37.11854],[27.314406,37.118743],[27.314408,37.119046],[27.314638,37.119267],[27.315059,37.119367],[27.31588,37.119143],[27.316483,37.11857],[27.316592,37.118467],[27.316675,37.118097],[27.317222,37.117994],[27.317391,37.118331],[27.317812,37.11843],[27.318101,37.118499],[27.318233,37.11853],[27.318613,37.1189],[27.318654,37.119144],[27.318744,37.119684],[27.318818,37.120082],[27.319092,37.120505],[27.319241,37.120903],[27.319291,37.121451],[27.319299,37.12183],[27.319281,37.121859],[27.319132,37.122101],[27.318459,37.122203],[27.318166,37.122474],[27.317705,37.122913],[27.317495,37.123049],[27.317328,37.123285],[27.317329,37.123487],[27.318072,37.124136],[27.318171,37.124733],[27.317699,37.125405],[27.317699,37.126798],[27.317662,37.127091],[27.317643,37.127241],[27.317392,37.127545],[27.317195,37.127672],[27.317183,37.12768],[27.316343,37.128087],[27.315881,37.128358],[27.315588,37.128561],[27.315551,37.128591],[27.315252,37.128831],[27.314906,37.128904],[27.314613,37.128858],[27.314243,37.128801],[27.313922,37.129035],[27.313629,37.129249],[27.313218,37.129511],[27.312772,37.129377],[27.312745,37.129367],[27.312225,37.129177],[27.311938,37.129211],[27.311896,37.129727],[27.311858,37.130189],[27.311726,37.130593],[27.311264,37.130831],[27.310908,37.130781],[27.310532,37.130767],[27.310464,37.130765],[27.310391,37.130943],[27.310339,37.131069],[27.310299,37.13144],[27.309963,37.131676],[27.309957,37.131681],[27.30946,37.132052],[27.309545,37.132254],[27.309845,37.132182],[27.310328,37.132067],[27.31068,37.132113],[27.310975,37.132213],[27.31127,37.132212],[27.311019,37.132685],[27.310936,37.133022],[27.311359,37.133459],[27.311893,37.133735],[27.311916,37.134125],[27.311321,37.134436],[27.310621,37.134654],[27.310709,37.134995],[27.31145,37.135211],[27.31204,37.135547],[27.312209,37.135614],[27.312253,37.135763],[27.311939,37.136254],[27.311815,37.137016],[27.311923,37.137481],[27.311971,37.137705],[27.312052,37.138087],[27.312096,37.138559],[27.312649,37.138581],[27.312773,37.138521],[27.313731,37.138057],[27.314206,37.13773],[27.314614,37.137204],[27.314783,37.137271],[27.314953,37.137608],[27.314954,37.137978],[27.314956,37.138551],[27.315172,37.139008],[27.315211,37.13909],[27.315317,37.139693],[27.315619,37.140205],[27.315705,37.140351],[27.316132,37.140426],[27.316463,37.140484],[27.317404,37.140297],[27.318329,37.140025],[27.318932,37.139879],[27.319169,37.139821],[27.319842,37.139684],[27.320137,37.139886],[27.320434,37.140357],[27.320663,37.140725],[27.32058,37.141096],[27.320324,37.141269],[27.319724,37.141673],[27.319686,37.141684],[27.318127,37.142149],[27.317834,37.142352],[27.31765,37.142802],[27.317768,37.143084],[27.31918,37.142449],[27.319793,37.14236],[27.32017,37.142022],[27.320448,37.141898],[27.320617,37.141823],[27.320734,37.141771],[27.321323,37.141736],[27.321534,37.141938],[27.321511,37.142129],[27.321494,37.142275],[27.321186,37.142897],[27.320911,37.14357],[27.321039,37.144041],[27.3213,37.14438],[27.321503,37.144432],[27.322179,37.14416],[27.322407,37.144028],[27.323001,37.143686],[27.324146,37.142537],[27.324608,37.142435],[27.325071,37.142163],[27.325532,37.141893],[27.325994,37.141824],[27.326247,37.142026],[27.326248,37.142336],[27.326249,37.14243],[27.326544,37.142598],[27.326805,37.143474],[27.32683,37.143557],[27.327403,37.144014],[27.327489,37.144054],[27.327891,37.144243],[27.327898,37.144246],[27.327898,37.144257],[27.327899,37.144411],[27.3279,37.144684],[27.328201,37.144936],[27.32829,37.145327],[27.328429,37.145486],[27.328573,37.145651],[27.329167,37.145792],[27.329294,37.145961],[27.328959,37.146332],[27.328816,37.14655],[27.328641,37.146819],[27.328535,37.147307],[27.328846,37.147919],[27.329269,37.148378],[27.329432,37.148555],[27.329675,37.149252],[27.329321,37.149742],[27.329019,37.150376],[27.328893,37.150511],[27.328853,37.150882],[27.328719,37.150896],[27.328516,37.150917],[27.327466,37.151291],[27.327004,37.151629],[27.325491,37.152037],[27.324903,37.15241],[27.325273,37.153193],[27.325274,37.153463],[27.325233,37.153766],[27.325404,37.154373],[27.325868,37.154506],[27.325994,37.154506],[27.326061,37.154706],[27.32613,37.154747],[27.326399,37.154907],[27.326401,37.154915],[27.32646,37.155179],[27.32634,37.155357],[27.325079,37.157171],[27.324578,37.158116],[27.324242,37.158285],[27.32422,37.158262],[27.324116,37.158151],[27.323779,37.158152],[27.322812,37.15839],[27.322907,37.158878],[27.32354,37.159213],[27.324031,37.159221],[27.324415,37.159228],[27.324878,37.159362],[27.325169,37.159593],[27.325216,37.159631],[27.325348,37.15963],[27.325974,37.159628],[27.327109,37.159491],[27.327781,37.159084],[27.328411,37.158813],[27.329294,37.158642],[27.330092,37.158269],[27.330334,37.158025],[27.330595,37.157762],[27.331141,37.157457],[27.331813,37.157253],[27.332102,37.157252],[27.332907,37.15725],[27.333496,37.157114],[27.333704,37.156608],[27.334249,37.156134],[27.334426,37.155965],[27.335171,37.155255],[27.336276,37.154034],[27.336744,37.152911],[27.337806,37.15144],[27.338056,37.151001],[27.339091,37.150719],[27.339596,37.150785],[27.340371,37.151095],[27.341255,37.151093],[27.34216,37.150736],[27.342614,37.150717],[27.343044,37.1507],[27.343801,37.150597],[27.343968,37.150327],[27.343708,37.149727],[27.343401,37.149428],[27.343092,37.149125],[27.343034,37.148577],[27.343067,37.148295],[27.343812,37.147414],[27.343843,37.147377],[27.343912,37.147293],[27.344121,37.146821],[27.344118,37.146315],[27.343906,37.145811],[27.344071,37.145136],[27.34411,37.144428],[27.344105,37.143451],[27.344154,37.142296],[27.343521,37.141927],[27.342198,37.141612],[27.342161,37.141603],[27.341813,37.141409],[27.341022,37.140966],[27.340983,37.140549],[27.340846,37.139079],[27.340626,37.137011],[27.340791,37.136505],[27.341273,37.136151],[27.341396,37.135544],[27.341289,37.134953],[27.340974,37.134673],[27.340591,37.13373],[27.340549,37.133237],[27.340594,37.132757],[27.340606,37.13263],[27.34073,37.13209],[27.341064,37.131685],[27.341885,37.131558],[27.342483,37.131458],[27.342772,37.131409],[27.34295,37.131301],[27.343501,37.13097],[27.344594,37.130832],[27.345814,37.130727],[27.345954,37.130982],[27.346111,37.131266],[27.347776,37.131392],[27.347775,37.131225],[27.347771,37.131224],[27.346453,37.131075],[27.346448,37.131009],[27.346427,37.130696],[27.3471,37.130627],[27.347077,37.130892],[27.34754,37.130891],[27.347599,37.130697],[27.348675,37.130566],[27.348843,37.130685],[27.349138,37.130886],[27.349517,37.130986],[27.349195,37.131867],[27.349192,37.131874],[27.349589,37.133163],[27.349682,37.133236],[27.350794,37.134117],[27.3508,37.135465],[27.351218,37.137562],[27.351436,37.138974],[27.350848,37.139633],[27.350348,37.140612],[27.350202,37.141554],[27.350074,37.142241],[27.350034,37.142612],[27.350535,37.143066],[27.350966,37.144126],[27.351516,37.144596],[27.3524,37.144762],[27.353115,37.14476],[27.353696,37.144476],[27.354201,37.144542],[27.354371,37.144879],[27.354373,37.145283],[27.354417,37.145552],[27.355386,37.145819],[27.35585,37.146087],[27.355834,37.146617],[27.356161,37.147121],[27.35665,37.146928],[27.356736,37.146523],[27.356902,37.146185],[27.356985,37.145916],[27.356688,37.145445],[27.356714,37.145207],[27.356768,37.144534],[27.356724,37.144029],[27.356379,37.142311],[27.356209,37.141874],[27.356208,37.141638],[27.356668,37.141097],[27.35822,37.141028],[27.35974,37.141223],[27.360275,37.141701],[27.360416,37.141827],[27.360754,37.142163],[27.360771,37.142324],[27.360821,37.142777],[27.360956,37.143771],[27.361399,37.144992],[27.361484,37.145194],[27.361758,37.145375],[27.362659,37.145388],[27.362916,37.145392],[27.363422,37.145761],[27.363594,37.146468],[27.36364,37.14721],[27.36343,37.147892],[27.363391,37.148019],[27.363269,37.148896],[27.363479,37.149187],[27.363608,37.149367],[27.363609,37.149683],[27.363443,37.150189],[27.362689,37.150981],[27.362104,37.151596],[27.361586,37.152021],[27.36142,37.152459],[27.361517,37.153615],[27.361681,37.154312],[27.361556,37.154515],[27.361599,37.154683],[27.361893,37.154682],[27.36193,37.154759],[27.362044,37.154996],[27.362241,37.155305],[27.362295,37.155485],[27.362329,37.155597],[27.362482,37.15589],[27.362994,37.156128],[27.363068,37.15616],[27.363247,37.156237],[27.363519,37.156355],[27.363676,37.156423],[27.364344,37.156764],[27.364723,37.156797],[27.36489,37.156459],[27.36541,37.156353],[27.36611,37.156523],[27.366573,37.156454],[27.366559,37.155678],[27.366554,37.155405],[27.366481,37.154803],[27.366615,37.154478],[27.366678,37.154055],[27.366854,37.153723],[27.36751,37.153218],[27.367719,37.152914],[27.367948,37.152411],[27.368066,37.151967],[27.368275,37.151562],[27.368736,37.151291],[27.371134,37.151149],[27.371428,37.151047],[27.371695,37.15118],[27.371859,37.150986],[27.371817,37.150709],[27.372604,37.150537],[27.372963,37.150621],[27.37332,37.150704],[27.373704,37.151093],[27.374038,37.151241],[27.374109,37.151252],[27.37467,37.15134],[27.375175,37.151338],[27.37547,37.151506],[27.375891,37.151504],[27.376438,37.151402],[27.377109,37.150894],[27.377444,37.150497],[27.377747,37.150415],[27.377811,37.150203],[27.377714,37.148646],[27.377795,37.148141],[27.377697,37.147952],[27.377498,37.147569],[27.377202,37.147232],[27.376863,37.146728],[27.37686,37.146189],[27.376824,37.146089],[27.376689,37.145717],[27.376393,37.145348],[27.37622,37.144664],[27.376302,37.144067],[27.376343,37.143831],[27.376453,37.143476],[27.37712,37.14307],[27.377442,37.142646],[27.37757,37.14219],[27.377975,37.141838],[27.378647,37.141701],[27.379194,37.141733],[27.379364,37.142035],[27.379365,37.142339],[27.379745,37.14254],[27.379903,37.142781],[27.379915,37.142944],[27.379833,37.143214],[27.380214,37.143751],[27.382864,37.144739],[27.384697,37.145383],[27.386735,37.146098],[27.388052,37.146052],[27.389816,37.145338],[27.390067,37.145101],[27.390191,37.144629],[27.390264,37.144452],[27.390165,37.144132],[27.389509,37.143693],[27.389343,37.143443],[27.389197,37.143313],[27.388743,37.143135],[27.388681,37.143048],[27.388348,37.142584],[27.388122,37.142462],[27.387835,37.142366],[27.387515,37.142402],[27.387189,37.142438],[27.386734,37.142414],[27.385758,37.142115],[27.38549,37.141864],[27.384772,37.141385],[27.384061,37.141207],[27.383823,37.140641],[27.383503,37.140038],[27.383288,37.13971],[27.38336,37.138609],[27.38338,37.138353],[27.38372,37.138114],[27.383841,37.137977],[27.383718,37.137876],[27.383675,37.13743],[27.383506,37.13707],[27.382919,37.136771],[27.382596,37.136541],[27.381982,37.13599],[27.381815,37.135731],[27.381654,37.135482],[27.380945,37.135356],[27.380744,37.135207],[27.379887,37.135197],[27.379548,37.135118],[27.379389,37.13508],[27.378913,37.134911],[27.378912,37.134907],[27.37885,37.134615],[27.37813,37.134536],[27.378077,37.13453],[27.377921,37.134402],[27.3775,37.134056],[27.377135,37.133758],[27.377093,37.133585],[27.376987,37.133154],[27.376701,37.132837],[27.376786,37.132371],[27.376786,37.130054],[27.376785,37.129884],[27.377028,37.129436],[27.377718,37.128761],[27.3784,37.12829],[27.379039,37.128055],[27.379585,37.128047],[27.379874,37.128161],[27.380094,37.128389],[27.380063,37.128563],[27.379608,37.128601],[27.379411,37.128806],[27.379517,37.128912],[27.379866,37.129004],[27.380306,37.129057],[27.380504,37.12889],[27.380625,37.128768],[27.381316,37.128609],[27.38165,37.127941],[27.382697,37.126772],[27.383433,37.126529],[27.384048,37.126112],[27.384321,37.125656],[27.384488,37.125291],[27.384815,37.12511],[27.385574,37.124822],[27.386188,37.12385],[27.386112,37.123289],[27.386105,37.122712],[27.386249,37.122287],[27.386355,37.121907],[27.386355,37.121323],[27.386773,37.121338],[27.38678,37.121186],[27.386363,37.121156],[27.386422,37.121031],[27.3865,37.120868],[27.387195,37.12046],[27.388527,37.119965],[27.388684,37.119948],[27.389232,37.119889],[27.389649,37.119836],[27.390201,37.119756],[27.390765,37.119631],[27.391509,37.119722],[27.39204,37.119851],[27.392768,37.119782],[27.393872,37.119546],[27.394402,37.119451],[27.394631,37.119409],[27.395262,37.119491],[27.395873,37.119607],[27.396253,37.119892],[27.396276,37.120196],[27.396109,37.120649],[27.396089,37.120702],[27.395839,37.12114],[27.395904,37.121528],[27.395915,37.121607],[27.395947,37.121831],[27.39616,37.122184],[27.396308,37.122335],[27.396373,37.122671],[27.39665,37.123344],[27.396737,37.123934],[27.396866,37.124523],[27.39729,37.125195],[27.397468,37.125353],[27.397819,37.125665],[27.399087,37.126806],[27.400092,37.127715],[27.400282,37.127933],[27.400314,37.128105],[27.400326,37.128169],[27.400559,37.128488],[27.400665,37.12869],[27.400729,37.128859],[27.400625,37.129078],[27.400437,37.129315],[27.400186,37.129552],[27.400048,37.129699],[27.399997,37.129754],[27.399936,37.130058],[27.399938,37.130412],[27.400337,37.130974],[27.400972,37.131099],[27.401815,37.131282],[27.402447,37.131415],[27.402925,37.131461],[27.404183,37.131524],[27.405647,37.131488],[27.407183,37.131861],[27.407813,37.132168],[27.408009,37.132946],[27.409278,37.134206],[27.409994,37.134321],[27.410333,37.134674],[27.410649,37.134858],[27.411049,37.134806],[27.41151,37.1344],[27.411823,37.134062],[27.411781,37.133961],[27.411591,37.133878],[27.411716,37.133692],[27.411841,37.133472],[27.412699,37.13261],[27.412677,37.132374],[27.411854,37.131922],[27.41099,37.131773],[27.410549,37.131774],[27.40977,37.131828],[27.409265,37.131779],[27.409075,37.131611],[27.408674,37.131461],[27.408357,37.131209],[27.408062,37.131008],[27.408208,37.130822],[27.408797,37.13082],[27.40924,37.130953],[27.409892,37.1309],[27.410564,37.130696],[27.410836,37.130493],[27.410983,37.130357],[27.410517,37.129752],[27.410516,37.129567],[27.410346,37.129281],[27.410071,37.128995],[27.410004,37.128836],[27.409858,37.12849],[27.410024,37.128203],[27.410256,37.128186],[27.41059,37.128351],[27.410593,37.128353],[27.410931,37.128588],[27.411289,37.128671],[27.411856,37.128467],[27.412127,37.127994],[27.412167,37.127572],[27.412501,37.127217],[27.413068,37.126996],[27.413615,37.126893],[27.414211,37.126717],[27.414717,37.12685],[27.415305,37.12678],[27.415811,37.126981],[27.416066,37.127317],[27.41771,37.127985],[27.418272,37.128525],[27.418338,37.128525],[27.41968,37.12852],[27.419827,37.128339],[27.419874,37.128281],[27.419983,37.128146],[27.419896,37.127539],[27.419917,37.126745],[27.419947,37.126089],[27.418361,37.124357],[27.417461,37.123373],[27.416365,37.122176],[27.416287,37.121619],[27.416537,37.121147],[27.416661,37.120742],[27.416659,37.120337],[27.416273,37.119743],[27.415937,37.119227],[27.415302,37.118522],[27.414633,37.118186],[27.414001,37.117952],[27.413188,37.117813],[27.413251,37.117357],[27.413907,37.117212],[27.414621,37.117108],[27.415592,37.117264],[27.41652,37.117564],[27.416939,37.117741],[27.417401,37.117739],[27.41759,37.118001],[27.418096,37.118067],[27.41938,37.117901],[27.419758,37.117933],[27.42102,37.117794],[27.421777,37.117825],[27.422031,37.118127],[27.422203,37.118733],[27.422248,37.119306],[27.422503,37.119777],[27.423398,37.121796],[27.423719,37.122163],[27.423973,37.122499],[27.424118,37.122704],[27.424288,37.122973],[27.424839,37.123612],[27.425388,37.124115],[27.426317,37.124584],[27.427273,37.125278],[27.427992,37.125882],[27.428261,37.126228],[27.428762,37.126521],[27.42889,37.126959],[27.428917,37.127066],[27.428958,37.12723],[27.428983,37.127328],[27.429322,37.127664],[27.429629,37.127752],[27.429896,37.127945],[27.430174,37.128319],[27.430585,37.128188],[27.430886,37.127763],[27.431382,37.127498],[27.431404,37.127439],[27.431548,37.127059],[27.431672,37.126755],[27.432012,37.126404],[27.432425,37.125977],[27.43318,37.125604],[27.433429,37.125516],[27.434707,37.125064],[27.434818,37.125025],[27.435278,37.124585],[27.435351,37.123849],[27.435358,37.123776],[27.435225,37.12263],[27.434793,37.122106],[27.434505,37.121756],[27.432686,37.120605],[27.430621,37.119411],[27.430029,37.118907],[27.430026,37.118402],[27.429982,37.118099],[27.430445,37.117996],[27.430486,37.117827],[27.430149,37.117727],[27.4304,37.117457],[27.431073,37.117454],[27.432125,37.117653],[27.433304,37.117817],[27.434122,37.117871],[27.435195,37.117473],[27.435449,37.11764],[27.436305,37.117959],[27.437253,37.117884],[27.437651,37.117853],[27.438165,37.117954],[27.438728,37.117805],[27.439476,37.117595],[27.439571,37.117556],[27.43998,37.11739],[27.440043,37.1169],[27.440208,37.116535],[27.440334,37.116258],[27.440584,37.115718],[27.441001,37.11511],[27.441019,37.115093],[27.441252,37.114873],[27.441545,37.114602],[27.44146,37.114434],[27.441336,37.114402],[27.441207,37.114368],[27.439944,37.114204],[27.439562,37.114053],[27.439522,37.114037],[27.439224,37.113431],[27.439094,37.112825],[27.439218,37.112386],[27.439722,37.112148],[27.439803,37.111676],[27.439884,37.111103],[27.440091,37.110597],[27.440341,37.110124],[27.440844,37.10992],[27.440969,37.109582],[27.440932,37.109367],[27.440882,37.109077],[27.441092,37.108572],[27.441596,37.108402],[27.442445,37.108155],[27.442773,37.10806],[27.442903,37.108016],[27.443776,37.107718],[27.444194,37.107312],[27.444288,37.107018],[27.444442,37.106535],[27.444481,37.10603],[27.44426,37.104977],[27.443924,37.104621],[27.443809,37.104456],[27.443757,37.104381],[27.443951,37.103802],[27.443991,37.103297],[27.444199,37.10301],[27.444399,37.102734],[27.444658,37.102283],[27.444492,37.102046],[27.444446,37.10198],[27.444611,37.10144],[27.444683,37.100867],[27.44489,37.10036],[27.445485,37.099988],[27.445701,37.099831],[27.446281,37.099412],[27.446932,37.0992],[27.447667,37.099018],[27.448359,37.098739],[27.448748,37.098607],[27.449258,37.098332],[27.449339,37.097928],[27.449378,37.097858],[27.449639,37.097381],[27.450184,37.097109],[27.451439,37.096864],[27.454805,37.097053],[27.456511,37.097223],[27.457394,37.097311],[27.458853,37.097145],[27.459017,37.097126],[27.459805,37.096191],[27.460176,37.094943],[27.460102,37.094717],[27.460044,37.094541],[27.45979,37.093765],[27.4598,37.093628],[27.459817,37.093397],[27.459845,37.093056],[27.459834,37.093044],[27.459804,37.093056],[27.459635,37.092794],[27.459596,37.092823],[27.459539,37.09274],[27.45935,37.092597],[27.459321,37.092617],[27.458673,37.092171],[27.458442,37.092006],[27.458342,37.091911],[27.457985,37.091573],[27.457948,37.091519],[27.457869,37.091405],[27.457763,37.091229],[27.457602,37.091013],[27.45758,37.090983],[27.457427,37.09084],[27.457276,37.090741],[27.457086,37.09064],[27.456917,37.09055],[27.455725,37.08955],[27.455375,37.089339],[27.454915,37.08916],[27.454782,37.089037],[27.454743,37.088962],[27.454742,37.088945],[27.454751,37.088931],[27.454857,37.088851],[27.455071,37.088721],[27.455122,37.088673],[27.455156,37.088621],[27.455221,37.088469],[27.455233,37.088427],[27.455239,37.088192],[27.455255,37.088031],[27.455281,37.087841],[27.455316,37.087692],[27.455381,37.087565],[27.455426,37.087475],[27.455434,37.087444],[27.455435,37.087415],[27.45543,37.087399],[27.455426,37.087389],[27.455417,37.087377],[27.455403,37.087369],[27.455381,37.087362],[27.455355,37.087359],[27.455297,37.087366],[27.455272,37.087393],[27.455161,37.087716],[27.455095,37.087911],[27.455071,37.088363],[27.455034,37.088549],[27.454981,37.088624],[27.454755,37.088777],[27.454592,37.088843],[27.454555,37.088828],[27.454483,37.088765],[27.45445,37.088673],[27.454313,37.08839],[27.454304,37.088286],[27.454293,37.088165],[27.454292,37.087998],[27.454315,37.0878],[27.454365,37.087719],[27.454498,37.087502],[27.454576,37.087397],[27.454663,37.087277],[27.454825,37.087314],[27.454857,37.087289],[27.454851,37.087256],[27.454771,37.087196],[27.454751,37.087161],[27.454749,37.087145],[27.45475,37.087122],[27.454762,37.087071],[27.454795,37.086982],[27.454879,37.086754],[27.454935,37.086602],[27.454934,37.086596],[27.454918,37.086553],[27.45493,37.086516],[27.454933,37.086504],[27.45511,37.086328],[27.455412,37.086029],[27.455779,37.085238],[27.456324,37.084832],[27.456867,37.084324],[27.457368,37.083715],[27.457394,37.083315],[27.457934,37.083124],[27.457934,37.083022],[27.457337,37.083009],[27.457316,37.08285],[27.457292,37.082672],[27.45757,37.0824],[27.458241,37.082094],[27.458913,37.081855],[27.459291,37.08182],[27.459699,37.081841],[27.45988,37.081851],[27.460217,37.082052],[27.461017,37.082083],[27.461565,37.081948],[27.463486,37.081808],[27.464782,37.08187],[27.465232,37.082161],[27.465309,37.082572],[27.465634,37.083054],[27.465902,37.083148],[27.466449,37.083281],[27.467121,37.083205],[27.467347,37.083129],[27.467834,37.082966],[27.468462,37.082425],[27.468669,37.081952],[27.469298,37.081646],[27.469926,37.081273],[27.46995,37.081195],[27.47005,37.080868],[27.470254,37.080607],[27.470633,37.080572],[27.470826,37.080715],[27.471018,37.081033],[27.471229,37.081133],[27.472112,37.081163],[27.472702,37.081295],[27.473335,37.081664],[27.473883,37.081897],[27.474643,37.082434],[27.474793,37.082911],[27.474806,37.082952],[27.475065,37.084063],[27.475281,37.084938],[27.475603,37.085364],[27.475845,37.085685],[27.476089,37.086484],[27.475964,37.086687],[27.475568,37.08674],[27.475254,37.0868],[27.475049,37.086839],[27.474791,37.087149],[27.474859,37.087637],[27.475013,37.087994],[27.475319,37.0884],[27.475602,37.088675],[27.476146,37.089112],[27.476645,37.089273],[27.477445,37.089058],[27.477706,37.088873],[27.477768,37.088829],[27.477866,37.088464],[27.478392,37.088062],[27.478825,37.088158],[27.479069,37.089651],[27.479143,37.090008],[27.479637,37.090462],[27.48002,37.090994],[27.480598,37.091662],[27.480699,37.091726],[27.481246,37.092067],[27.482717,37.092094],[27.483055,37.092363],[27.483939,37.092561],[27.484775,37.092795],[27.485244,37.092926],[27.486002,37.093193],[27.48638,37.093157],[27.486759,37.093257],[27.48785,37.094039],[27.488987,37.094304],[27.490044,37.09422],[27.490424,37.094488],[27.49089,37.095059],[27.491103,37.095496],[27.491231,37.095866],[27.491191,37.096102],[27.490522,37.096644],[27.490323,37.09689],[27.490278,37.096946],[27.490377,37.097057],[27.490489,37.097181],[27.491068,37.097517],[27.491071,37.097854],[27.490879,37.098012],[27.490699,37.098159],[27.490197,37.098397],[27.489484,37.098737],[27.489203,37.099005],[27.489023,37.099162],[27.488841,37.099373],[27.488539,37.099721],[27.488428,37.100026],[27.488401,37.100167],[27.488342,37.100428],[27.488232,37.100642],[27.488295,37.100818],[27.488423,37.100929],[27.488655,37.101011],[27.488837,37.101084],[27.489329,37.10119],[27.489563,37.10131],[27.489773,37.101346],[27.490713,37.10155],[27.490939,37.101576],[27.491343,37.101635],[27.491866,37.101587],[27.492044,37.101529],[27.492112,37.101508],[27.492302,37.101422],[27.492444,37.101321],[27.492677,37.101105],[27.492751,37.101053],[27.492994,37.101078],[27.493123,37.101254],[27.493324,37.101433],[27.493512,37.101549],[27.493692,37.101661],[27.493827,37.101729],[27.493908,37.101753],[27.494007,37.101844],[27.49415,37.101925],[27.49435,37.101952],[27.494472,37.101938],[27.494868,37.101965],[27.495323,37.101933],[27.495445,37.101901],[27.495553,37.101837],[27.495666,37.101726],[27.49586,37.101544],[27.495952,37.101443],[27.496174,37.101201],[27.496205,37.101152],[27.496268,37.101349],[27.496246,37.10138],[27.496176,37.101395],[27.496212,37.101507],[27.496475,37.101455],[27.49644,37.101342],[27.49634,37.101362],[27.496302,37.101342],[27.496284,37.101286],[27.496237,37.101143],[27.496282,37.101112],[27.496377,37.100961],[27.496552,37.100923],[27.496746,37.10081],[27.49706,37.100572],[27.49712,37.100596],[27.497134,37.10058],[27.497077,37.100554],[27.497215,37.100408],[27.497587,37.100378],[27.497808,37.100388],[27.498067,37.100454],[27.49845,37.100611],[27.498499,37.100739],[27.49856,37.101073],[27.498719,37.101483],[27.4989,37.10178],[27.499312,37.10234],[27.499585,37.102533],[27.500503,37.103031],[27.50105,37.103494],[27.50133,37.103593],[27.501786,37.103775],[27.501763,37.103995],[27.50174,37.104632],[27.501314,37.105392],[27.501148,37.106014],[27.501143,37.106214],[27.501116,37.106538],[27.50111,37.106613],[27.501459,37.107038],[27.502552,37.107623],[27.502689,37.108025],[27.503335,37.108577],[27.504636,37.108971],[27.505216,37.109072],[27.505774,37.109997],[27.510209,37.110315],[27.514793,37.111202],[27.518676,37.113808],[27.522556,37.115846],[27.52629,37.117652],[27.529591,37.118892],[27.5319,37.121278],[27.532455,37.122121],[27.534075,37.124581],[27.536961,37.127419],[27.538135,37.130614],[27.542286,37.131048],[27.546857,37.13022],[27.550274,37.128711],[27.554138,37.128916],[27.558145,37.129004],[27.562002,37.128641],[27.564443,37.12788],[27.564626,37.128012],[27.565093,37.128063],[27.565428,37.128053],[27.565681,37.128043],[27.565915,37.128002],[27.56624,37.127809],[27.566595,37.127708],[27.567194,37.127637],[27.567712,37.127525],[27.568158,37.127271],[27.56892,37.12718],[27.569752,37.12721],[27.571139,37.127303],[27.571884,37.127352],[27.572168,37.127515],[27.572312,37.127659],[27.57233,37.127677],[27.572391,37.12788],[27.572107,37.128662],[27.572016,37.128763],[27.571914,37.128855],[27.571944,37.128987],[27.572493,37.129119],[27.572604,37.129322],[27.572757,37.129413],[27.573528,37.129017],[27.573691,37.129068],[27.573883,37.12921],[27.574025,37.129514],[27.574188,37.129931],[27.574391,37.130185],[27.574635,37.130418],[27.575264,37.130824],[27.575477,37.131057],[27.575741,37.131139],[27.576127,37.131392],[27.576512,37.131727],[27.576858,37.132123],[27.577297,37.132416],[27.577406,37.132489],[27.577812,37.132925],[27.577824,37.132996],[27.577842,37.133098],[27.577741,37.133392],[27.57701,37.134316],[27.576949,37.134458],[27.57699,37.134702],[27.577264,37.135027],[27.577629,37.135321],[27.578675,37.135757],[27.579163,37.135684],[27.579284,37.135666],[27.580177,37.135585],[27.580982,37.13549],[27.581314,37.135849],[27.581385,37.136019],[27.581232,37.136226],[27.581233,37.136904],[27.581392,37.137345],[27.581547,37.137828],[27.581578,37.138092],[27.581444,37.138349],[27.581206,37.138548],[27.580994,37.138654],[27.580756,37.138932],[27.58061,37.139077],[27.580411,37.139077],[27.580041,37.139038],[27.579697,37.139117],[27.579435,37.139251],[27.579325,37.139308],[27.583434,37.14158],[27.584837,37.142106],[27.587556,37.142194],[27.591416,37.141843],[27.593433,37.141931],[27.596941,37.142281],[27.599222,37.142457],[27.605625,37.142106],[27.611063,37.142369],[27.61729,37.143685],[27.621062,37.144474],[27.623079,37.145351],[27.624834,37.145527],[27.627904,37.144562],[27.630009,37.143158],[27.631675,37.142106],[27.633429,37.141317],[27.635798,37.140703],[27.639394,37.139124],[27.643341,37.138247],[27.64527,37.137984],[27.647288,37.137984],[27.649305,37.137984],[27.651322,37.139475],[27.652989,37.140527],[27.653515,37.142369],[27.653691,37.143948],[27.653252,37.147193],[27.653778,37.150526],[27.654743,37.152807],[27.656322,37.154824],[27.658778,37.157806],[27.661321,37.162455],[27.661409,37.16456],[27.661409,37.167191],[27.661409,37.16956],[27.662725,37.170963],[27.665619,37.172366],[27.667812,37.172542],[27.671233,37.173857],[27.674215,37.173156],[27.676408,37.171489],[27.677636,37.170524],[27.680443,37.16991],[27.683162,37.169735],[27.685354,37.169647],[27.687196,37.169384],[27.690178,37.168682],[27.692547,37.168244],[27.69395,37.166227],[27.694739,37.164297],[27.694301,37.162718],[27.692459,37.160964],[27.690792,37.15842],[27.69088,37.156052],[27.691757,37.153859],[27.692634,37.151666],[27.693775,37.147807],[27.695266,37.144562],[27.696669,37.142281],[27.697897,37.138685]]],[[[27.305126,36.951889],[27.305336,36.951817],[27.305576,36.95196],[27.305876,36.951984],[27.306145,36.951887],[27.306384,36.951694],[27.306383,36.951261],[27.306202,36.951093],[27.306022,36.951093],[27.305812,36.951046],[27.305662,36.950829],[27.305541,36.950565],[27.305301,36.950518],[27.305031,36.950663],[27.304912,36.950831],[27.304642,36.95088],[27.304523,36.951097],[27.304525,36.95153],[27.304286,36.951723],[27.304317,36.952012],[27.304557,36.952131],[27.304887,36.952083],[27.305126,36.951889]]],[[[27.482134,36.957425],[27.481773,36.957162],[27.481624,36.957235],[27.481565,36.957403],[27.481837,36.957763],[27.482136,36.957617],[27.482134,36.957425]]],[[[27.479579,36.960825],[27.479549,36.960729],[27.479429,36.96073],[27.47943,36.960954],[27.479431,36.961042],[27.47964,36.960994],[27.479639,36.960873],[27.479579,36.960825]]],[[[27.48749,36.960913],[27.48731,36.960866],[27.48722,36.960939],[27.487221,36.961011],[27.487251,36.961155],[27.487401,36.961154],[27.48749,36.960913]]],[[[27.323122,36.962605],[27.322972,36.962582],[27.322823,36.962678],[27.322793,36.962799],[27.322794,36.962895],[27.322854,36.963064],[27.322944,36.963087],[27.323064,36.963111],[27.323124,36.963063],[27.323214,36.962942],[27.323213,36.962701],[27.323122,36.962605]]],[[[27.300901,36.971418],[27.300765,36.971346],[27.300661,36.97137],[27.300481,36.971503],[27.300571,36.971599],[27.300706,36.971623],[27.300931,36.971526],[27.300901,36.971418]]],[[[27.301906,36.971656],[27.301786,36.97156],[27.301711,36.971572],[27.301651,36.971608],[27.301656,36.971649],[27.301667,36.971741],[27.301757,36.971776],[27.301847,36.97174],[27.301906,36.971656]]],[[[27.301114,36.972404],[27.300979,36.972356],[27.30083,36.972405],[27.300845,36.972585],[27.300853,36.972593],[27.300966,36.972717],[27.301191,36.972704],[27.30119,36.97256],[27.301114,36.972404]]],[[[27.309117,36.974838],[27.309042,36.974754],[27.308937,36.974826],[27.308937,36.974898],[27.308638,36.975067],[27.308634,36.975091],[27.308609,36.975236],[27.308714,36.975356],[27.308789,36.97538],[27.308999,36.975355],[27.309126,36.975271],[27.309268,36.975186],[27.309298,36.97509],[27.309252,36.974958],[27.309162,36.974922],[27.309117,36.974838]]],[[[27.233144,36.981236],[27.232874,36.981188],[27.232845,36.981429],[27.232846,36.981694],[27.232727,36.982152],[27.233057,36.982199],[27.233177,36.982006],[27.233296,36.981717],[27.233295,36.981476],[27.233225,36.981364],[27.233144,36.981236]]],[[[27.211312,36.985421],[27.211042,36.985325],[27.210802,36.98535],[27.210472,36.985519],[27.210413,36.985832],[27.210624,36.986024],[27.210774,36.986072],[27.211194,36.986023],[27.211463,36.985758],[27.211433,36.985613],[27.211312,36.985421]]],[[[27.231529,36.982852],[27.231229,36.982756],[27.230929,36.982853],[27.230449,36.982854],[27.23027,36.983119],[27.22988,36.98324],[27.22982,36.983433],[27.229972,36.983794],[27.230123,36.984203],[27.230155,36.984997],[27.230396,36.985358],[27.230788,36.985886],[27.23115,36.986415],[27.231421,36.986752],[27.231811,36.986823],[27.23211,36.986486],[27.232138,36.985908],[27.232227,36.98533],[27.232525,36.984872],[27.232434,36.984583],[27.232463,36.984246],[27.232642,36.983837],[27.232701,36.9835],[27.23285,36.983186],[27.232759,36.982898],[27.231529,36.982852]]],[[[27.379143,36.989566],[27.379162,36.989396],[27.379012,36.989421],[27.378952,36.989517],[27.379013,36.989613],[27.379133,36.989661],[27.379143,36.989566]]],[[[27.225069,36.990979],[27.224948,36.990811],[27.224679,36.99086],[27.224409,36.991149],[27.22402,36.991438],[27.224111,36.991751],[27.224322,36.991967],[27.224682,36.992039],[27.224831,36.991557],[27.22504,36.991172],[27.225069,36.990979]]],[[[27.198715,36.992518],[27.198535,36.992374],[27.197935,36.992375],[27.197454,36.992184],[27.197034,36.992088],[27.196614,36.992137],[27.196555,36.992426],[27.196736,36.99281],[27.196809,36.992898],[27.197097,36.993243],[27.197397,36.993339],[27.197697,36.993338],[27.198057,36.993242],[27.198187,36.993163],[27.198297,36.993097],[27.199136,36.992951],[27.199136,36.992614],[27.199135,36.992566],[27.198715,36.992518]]],[[[27.207799,36.995463],[27.207649,36.995391],[27.20753,36.995536],[27.20756,36.995704],[27.20762,36.995776],[27.2078,36.995728],[27.20786,36.995632],[27.207799,36.995463]]],[[[27.444365,36.989998],[27.445139,36.989129],[27.445796,36.988742],[27.446394,36.9885],[27.446933,36.988354],[27.447171,36.988064],[27.447768,36.987773],[27.448188,36.987724],[27.448904,36.987288],[27.449502,36.987046],[27.450101,36.986899],[27.450218,36.986466],[27.450638,36.986512],[27.450937,36.986415],[27.451475,36.986221],[27.451713,36.985883],[27.452191,36.985641],[27.452669,36.985447],[27.453328,36.985444],[27.453759,36.985767],[27.454289,36.985777],[27.454708,36.985631],[27.454947,36.985438],[27.455185,36.985197],[27.455422,36.984811],[27.455871,36.984411],[27.456018,36.98428],[27.456497,36.984134],[27.456751,36.984133],[27.457037,36.984132],[27.457935,36.983984],[27.458413,36.983742],[27.45913,36.983451],[27.462872,36.982741],[27.463649,36.982449],[27.463828,36.982256],[27.464065,36.981871],[27.464201,36.981776],[27.464483,36.98158],[27.46544,36.981288],[27.466004,36.981221],[27.466278,36.981188],[27.467896,36.981134],[27.468794,36.980938],[27.469631,36.980646],[27.46999,36.980452],[27.470387,36.980049],[27.470466,36.979969],[27.471004,36.979727],[27.472553,36.979702],[27.474959,36.979663],[27.475797,36.979563],[27.476394,36.979224],[27.476993,36.979125],[27.477412,36.979124],[27.478011,36.978977],[27.478429,36.978783],[27.478788,36.978733],[27.479267,36.978539],[27.479529,36.978327],[27.480042,36.977911],[27.480579,36.97762],[27.481297,36.977424],[27.481716,36.977375],[27.482017,36.977518],[27.482144,36.977543],[27.482497,36.977612],[27.483036,36.977562],[27.483693,36.977174],[27.48419,36.976771],[27.484289,36.976691],[27.484453,36.976652],[27.485306,36.976446],[27.485426,36.976445],[27.485611,36.976108],[27.485663,36.976012],[27.485782,36.975915],[27.486042,36.975896],[27.48716,36.975813],[27.487338,36.975668],[27.487337,36.975379],[27.487993,36.974944],[27.488411,36.974653],[27.489128,36.974314],[27.489604,36.973879],[27.489843,36.973685],[27.489872,36.973462],[27.4899,36.973252],[27.490257,36.972914],[27.490555,36.972624],[27.490972,36.972286],[27.49104,36.972231],[27.491211,36.972092],[27.491449,36.971851],[27.491491,36.971497],[27.491506,36.971369],[27.491502,36.970792],[27.491618,36.970214],[27.492137,36.969825],[27.492393,36.969634],[27.492392,36.969442],[27.49233,36.969057],[27.492388,36.968768],[27.492744,36.968286],[27.492981,36.967948],[27.492805,36.967504],[27.492296,36.967482],[27.492056,36.967459],[27.492038,36.967449],[27.491876,36.967363],[27.491897,36.967144],[27.491904,36.967075],[27.491932,36.966738],[27.4919,36.966497],[27.491418,36.966139],[27.491179,36.965972],[27.490937,36.965804],[27.490485,36.965421],[27.490393,36.965181],[27.490372,36.964863],[27.49036,36.964677],[27.490358,36.964412],[27.489965,36.964324],[27.489938,36.964318],[27.48943,36.964416],[27.488802,36.964635],[27.488563,36.96478],[27.488262,36.964541],[27.488018,36.963917],[27.48765,36.962596],[27.487405,36.961827],[27.487014,36.961468],[27.486923,36.961252],[27.486921,36.96096],[27.48692,36.960892],[27.486948,36.960603],[27.486917,36.960387],[27.486707,36.960292],[27.486167,36.96027],[27.485847,36.960421],[27.485809,36.960439],[27.485691,36.960729],[27.485574,36.961234],[27.485637,36.96169],[27.485608,36.961907],[27.485309,36.961932],[27.484797,36.961477],[27.484135,36.961047],[27.483653,36.960665],[27.482249,36.96132],[27.482012,36.961849],[27.481715,36.962259],[27.481656,36.962404],[27.481538,36.962693],[27.48133,36.962886],[27.48082,36.962744],[27.48037,36.962746],[27.480161,36.962819],[27.479682,36.962893],[27.479292,36.962774],[27.479349,36.962365],[27.479377,36.962004],[27.479373,36.961331],[27.47928,36.960971],[27.479217,36.960466],[27.478882,36.959602],[27.477979,36.958932],[27.477747,36.958719],[27.477588,36.958573],[27.477556,36.958285],[27.477554,36.958021],[27.477044,36.957902],[27.476477,36.958217],[27.475906,36.95893],[27.475704,36.959182],[27.475441,36.960265],[27.475566,36.96101],[27.475568,36.961371],[27.475538,36.961467],[27.475329,36.96154],[27.474516,36.96087],[27.473482,36.960298],[27.473436,36.960291],[27.472882,36.960204],[27.472524,36.960398],[27.47223,36.961314],[27.472172,36.961627],[27.472084,36.961964],[27.472115,36.96218],[27.472267,36.962516],[27.472299,36.962673],[27.47236,36.962973],[27.472361,36.963214],[27.472092,36.963215],[27.471581,36.963024],[27.471288,36.962891],[27.47116,36.962833],[27.4705,36.962644],[27.470379,36.9625],[27.4699,36.962478],[27.469482,36.96272],[27.469244,36.963058],[27.469244,36.963079],[27.469246,36.96337],[27.469038,36.963684],[27.468711,36.964094],[27.468534,36.964456],[27.468476,36.964744],[27.468478,36.965081],[27.4683,36.965467],[27.468152,36.965732],[27.467913,36.965901],[27.467523,36.965807],[27.467313,36.965784],[27.467224,36.965904],[27.467196,36.966145],[27.466837,36.966218],[27.466386,36.9661],[27.465756,36.966006],[27.464828,36.966034],[27.464499,36.966107],[27.464081,36.966325],[27.463513,36.966544],[27.463122,36.966449],[27.462972,36.966306],[27.462432,36.966284],[27.462193,36.966333],[27.461983,36.966237],[27.461593,36.966167],[27.461503,36.966263],[27.461173,36.96624],[27.461083,36.966161],[27.460902,36.966001],[27.460331,36.965666],[27.46036,36.965426],[27.460477,36.965064],[27.460745,36.964727],[27.460983,36.964437],[27.461071,36.96422],[27.460949,36.96374],[27.460617,36.963428],[27.460467,36.963405],[27.4602,36.963742],[27.459783,36.964249],[27.459455,36.964539],[27.458048,36.964617],[27.457748,36.964594],[27.457149,36.964668],[27.456881,36.964862],[27.457004,36.965439],[27.457246,36.965799],[27.457696,36.966038],[27.457727,36.966206],[27.457188,36.966232],[27.456558,36.966018],[27.455898,36.965972],[27.4556,36.96619],[27.455604,36.966888],[27.455667,36.96732],[27.455699,36.967681],[27.45576,36.967897],[27.455042,36.968044],[27.454611,36.968322],[27.454493,36.968612],[27.454494,36.968814],[27.454494,36.968828],[27.454465,36.968948],[27.454362,36.968867],[27.454345,36.968853],[27.453715,36.968735],[27.453086,36.968833],[27.452488,36.9691],[27.452072,36.969583],[27.451846,36.969912],[27.451626,36.970234],[27.451538,36.970571],[27.451539,36.970692],[27.451359,36.970716],[27.450909,36.970622],[27.450736,36.970444],[27.450607,36.97031],[27.450277,36.970167],[27.449679,36.970314],[27.44938,36.970555],[27.449232,36.970845],[27.449234,36.971085],[27.448964,36.971158],[27.448544,36.971016],[27.447432,36.970515],[27.446712,36.970325],[27.446142,36.970279],[27.445574,36.970401],[27.445216,36.970715],[27.444923,36.971775],[27.444897,36.972569],[27.444841,36.973147],[27.444783,36.973508],[27.444905,36.973844],[27.445176,36.974108],[27.445506,36.974275],[27.445568,36.974515],[27.44518,36.974829],[27.445002,36.975167],[27.445034,36.975551],[27.445148,36.97568],[27.445246,36.975791],[27.446087,36.976197],[27.446387,36.976292],[27.446508,36.976484],[27.446509,36.976677],[27.445972,36.976967],[27.445226,36.977499],[27.445026,36.978278],[27.444434,36.979459],[27.444435,36.979723],[27.444617,36.979939],[27.444917,36.980058],[27.445008,36.980226],[27.444769,36.980396],[27.444141,36.980591],[27.443305,36.981219],[27.443098,36.981653],[27.442948,36.981629],[27.442617,36.981366],[27.442078,36.981392],[27.441748,36.981465],[27.44148,36.981755],[27.440667,36.982476],[27.440495,36.982609],[27.439631,36.983278],[27.439092,36.983376],[27.438944,36.983641],[27.438916,36.984074],[27.438828,36.984411],[27.4388,36.984628],[27.438831,36.984868],[27.438801,36.984916],[27.438682,36.984965],[27.438501,36.984845],[27.438439,36.984557],[27.438287,36.984173],[27.438107,36.984053],[27.437838,36.984126],[27.437809,36.984295],[27.437689,36.984343],[27.43754,36.984488],[27.437511,36.984681],[27.437213,36.984874],[27.437004,36.985091],[27.436856,36.985501],[27.436738,36.985766],[27.436291,36.986225],[27.436142,36.986442],[27.436024,36.986731],[27.436175,36.986971],[27.436586,36.987333],[27.436718,36.98745],[27.436718,36.987522],[27.436659,36.987595],[27.436479,36.987619],[27.436119,36.987621],[27.435952,36.987659],[27.43591,36.987669],[27.435888,36.987687],[27.435654,36.987879],[27.435506,36.987844],[27.435354,36.987808],[27.434994,36.987641],[27.434784,36.987618],[27.434424,36.987691],[27.433976,36.987933],[27.433436,36.987815],[27.433076,36.987672],[27.432625,36.987553],[27.432445,36.987554],[27.432117,36.987772],[27.431819,36.98811],[27.431641,36.988327],[27.431371,36.988352],[27.431339,36.988087],[27.431098,36.987824],[27.430558,36.987753],[27.43005,36.987972],[27.429663,36.988334],[27.429484,36.988599],[27.429516,36.989008],[27.429488,36.989225],[27.42934,36.989444],[27.429131,36.989755],[27.42889,36.989612],[27.428751,36.989552],[27.42856,36.989469],[27.42826,36.989542],[27.427951,36.989689],[27.427752,36.989784],[27.427211,36.989819],[27.426973,36.989835],[27.426613,36.98974],[27.426342,36.989404],[27.425982,36.989406],[27.424818,36.990348],[27.424699,36.990493],[27.4247,36.990733],[27.424852,36.991094],[27.42488,36.991182],[27.424974,36.991478],[27.425246,36.99179],[27.425277,36.99191],[27.424503,36.992995],[27.424094,36.993465],[27.424125,36.993754],[27.424126,36.993922],[27.424278,36.994186],[27.42458,36.994546],[27.424611,36.994835],[27.424168,36.995214],[27.424104,36.995269],[27.423986,36.995583],[27.423957,36.995871],[27.423989,36.996136],[27.42417,36.996328],[27.42462,36.996519],[27.425434,36.996561],[27.42591,36.996586],[27.42651,36.996776],[27.427546,36.996806],[27.428729,36.996841],[27.430347,36.996666],[27.432709,36.995623],[27.433725,36.99509],[27.434533,36.994871],[27.434828,36.994632],[27.434891,36.994581],[27.43499,36.994571],[27.4354,36.994531],[27.436183,36.994113],[27.436536,36.993925],[27.437342,36.993345],[27.438328,36.992812],[27.439943,36.992274],[27.440439,36.992133],[27.44114,36.991933],[27.442096,36.991545],[27.443053,36.99106],[27.44377,36.990673],[27.444365,36.989998]]],[[[27.42103,36.997662],[27.42073,36.997615],[27.42061,36.997639],[27.420461,36.997808],[27.420761,36.997952],[27.421091,36.99783],[27.42103,36.997662]]],[[[27.375517,36.998011],[27.375396,36.997963],[27.375187,36.998012],[27.375248,36.998156],[27.375487,36.99818],[27.375517,36.998011]]],[[[27.207187,36.996643],[27.207067,36.996403],[27.206647,36.996404],[27.206287,36.996356],[27.206167,36.996356],[27.205928,36.996838],[27.205388,36.996984],[27.204969,36.997273],[27.20473,36.997562],[27.20425,36.997659],[27.20407,36.997804],[27.204311,36.998189],[27.204552,36.998477],[27.204912,36.998525],[27.205511,36.997898],[27.205811,36.997897],[27.20635,36.997656],[27.206589,36.99727],[27.206948,36.996933],[27.207187,36.996643]]],[[[27.389173,37.001466],[27.389022,37.001419],[27.388874,37.001611],[27.388964,37.001755],[27.389174,37.001755],[27.389324,37.001706],[27.389273,37.001626],[27.389173,37.001466]]],[[[27.387578,37.000413],[27.387487,37.000245],[27.387158,37.000246],[27.386977,37.000151],[27.386826,36.999863],[27.386794,36.999478],[27.386791,36.998997],[27.386745,36.9989],[27.38661,36.998613],[27.386458,36.998253],[27.386486,36.997916],[27.386553,36.997697],[27.386604,36.997531],[27.38639,36.996642],[27.386288,36.99648],[27.386208,36.996354],[27.385788,36.996163],[27.385666,36.995826],[27.385605,36.995562],[27.385782,36.995081],[27.38578,36.994696],[27.385509,36.994312],[27.385388,36.994216],[27.38506,36.994011],[27.385028,36.993577],[27.385056,36.993217],[27.385115,36.992928],[27.385083,36.992495],[27.385172,36.992302],[27.385194,36.991879],[27.385199,36.991796],[27.385288,36.991652],[27.385407,36.991483],[27.385255,36.99105],[27.385135,36.990882],[27.385103,36.990522],[27.385071,36.990185],[27.384891,36.990089],[27.384759,36.990116],[27.384531,36.990163],[27.384113,36.990404],[27.383427,36.991032],[27.382828,36.991323],[27.38259,36.991685],[27.382052,36.991831],[27.381992,36.991975],[27.381813,36.99212],[27.381154,36.992195],[27.380826,36.992532],[27.380588,36.992918],[27.38026,36.99328],[27.379992,36.993618],[27.379903,36.993931],[27.379616,36.994257],[27.379605,36.994269],[27.379368,36.994678],[27.379129,36.994848],[27.3791,36.995088],[27.37937,36.995256],[27.379634,36.995299],[27.380474,36.995438],[27.380991,36.995563],[27.381442,36.995803],[27.381893,36.996114],[27.382164,36.996402],[27.382345,36.996618],[27.382404,36.996967],[27.382406,36.997376],[27.382528,36.997833],[27.38253,36.998193],[27.382412,36.998602],[27.382504,36.999035],[27.382626,36.999323],[27.382717,36.999684],[27.382959,37.000092],[27.383351,37.000427],[27.383622,37.000763],[27.383803,37.001003],[27.383924,37.001195],[27.384105,37.001362],[27.384211,37.001503],[27.384286,37.001602],[27.384227,37.001771],[27.384318,37.001939],[27.384858,37.001961],[27.385576,37.001791],[27.386564,37.001499],[27.387043,37.001305],[27.387128,37.001157],[27.387251,37.000943],[27.38749,37.000702],[27.387578,37.000413]]],[[[27.256778,37.001634],[27.256528,37.001619],[27.25628,37.001702],[27.25619,37.001807],[27.256171,37.001965],[27.256212,37.002129],[27.256321,37.002256],[27.256541,37.002346],[27.256739,37.00236],[27.256949,37.002285],[27.257027,37.002143],[27.257117,37.001903],[27.257067,37.001798],[27.256956,37.001701],[27.256778,37.001634]]],[[[27.33414,37.003076],[27.33393,37.002956],[27.33378,37.003077],[27.333781,37.003197],[27.333901,37.003269],[27.334081,37.003269],[27.334094,37.003227],[27.33414,37.003076]]],[[[27.256863,37.003438],[27.256623,37.003402],[27.256424,37.003424],[27.256166,37.003395],[27.256006,37.003358],[27.255758,37.003463],[27.255668,37.003606],[27.25558,37.003778],[27.255519,37.003921],[27.255541,37.004085],[27.255641,37.00416],[27.25578,37.004182],[27.256038,37.004092],[27.256318,37.00393],[27.256715,37.003701],[27.256914,37.003551],[27.256913,37.003483],[27.256863,37.003438]]],[[[27.384463,37.002964],[27.384203,37.002949],[27.384116,37.00302],[27.383994,37.003118],[27.383425,37.003361],[27.383157,37.003602],[27.383128,37.003891],[27.382949,37.004011],[27.38301,37.004204],[27.384299,37.004175],[27.384718,37.004006],[27.384987,37.003812],[27.385037,37.003588],[27.385104,37.003283],[27.384923,37.003043],[27.384593,37.002972],[27.384463,37.002964]]],[[[27.331085,37.004047],[27.330935,37.004023],[27.330815,37.004096],[27.330816,37.004216],[27.330995,37.004167],[27.331015,37.004141],[27.331085,37.004047]]],[[[27.330608,37.004842],[27.330488,37.00477],[27.330395,37.004827],[27.330368,37.004843],[27.330429,37.004915],[27.330489,37.004914],[27.330608,37.004842]]],[[[27.211752,37.005068],[27.211512,37.005044],[27.211212,37.005093],[27.210853,37.005431],[27.210643,37.005744],[27.210464,37.005937],[27.210464,37.00613],[27.210675,37.006226],[27.211185,37.006153],[27.211485,37.006032],[27.211935,37.005911],[27.212235,37.005766],[27.212534,37.005572],[27.212564,37.005428],[27.212293,37.005308],[27.212264,37.005294],[27.211933,37.00514],[27.211752,37.005068]]],[[[27.383531,37.006462],[27.38344,37.006222],[27.38326,37.006223],[27.38311,37.006295],[27.383111,37.006392],[27.383261,37.006511],[27.383441,37.006511],[27.383531,37.006462]]],[[[27.330257,37.006864],[27.330167,37.006864],[27.330119,37.006932],[27.330048,37.007033],[27.330198,37.007128],[27.330378,37.00708],[27.330346,37.007022],[27.330257,37.006864]]],[[[27.211877,37.009843],[27.211787,37.009675],[27.211697,37.009699],[27.211658,37.009781],[27.211607,37.009892],[27.211697,37.00994],[27.211877,37.009843]]],[[[27.35919,37.010552],[27.35964,37.010479],[27.35982,37.01055],[27.36039,37.0105],[27.360596,37.010361],[27.360748,37.010259],[27.361107,37.009921],[27.361285,37.009632],[27.362003,37.009197],[27.362331,37.008907],[27.36257,37.00869],[27.362749,37.008401],[27.362477,37.008017],[27.362297,37.007873],[27.362265,37.007632],[27.362025,37.007561],[27.361605,37.007562],[27.361423,37.007417],[27.361365,37.007371],[27.361244,37.007203],[27.361183,37.007059],[27.360823,37.007011],[27.360312,37.0067],[27.36007,37.006388],[27.35989,37.006269],[27.35956,37.00627],[27.359021,37.006343],[27.358872,37.006705],[27.358814,37.00709],[27.358606,37.007451],[27.358188,37.007885],[27.357832,37.008728],[27.357623,37.008945],[27.357264,37.009091],[27.356815,37.009188],[27.356635,37.009261],[27.356576,37.009454],[27.356697,37.009622],[27.357087,37.009717],[27.357418,37.010004],[27.357735,37.010178],[27.357899,37.010267],[27.35841,37.010458],[27.35892,37.010577],[27.35919,37.010552]]],[[[27.330368,37.010753],[27.330295,37.010466],[27.330023,37.01049],[27.329941,37.010709],[27.330061,37.010744],[27.330183,37.01078],[27.330368,37.010753]]],[[[27.213469,37.00984],[27.213228,37.009768],[27.213018,37.009793],[27.212838,37.009914],[27.212869,37.01013],[27.21323,37.010298],[27.21323,37.010395],[27.212973,37.010533],[27.2126,37.010733],[27.212691,37.010925],[27.213051,37.010901],[27.213365,37.010732],[27.213411,37.010707],[27.21353,37.010394],[27.213559,37.010081],[27.213469,37.00984]]],[[[27.331901,37.012628],[27.331781,37.012532],[27.331571,37.012581],[27.331624,37.012717],[27.331693,37.012894],[27.331843,37.012989],[27.332053,37.012989],[27.332082,37.012893],[27.332082,37.012748],[27.331901,37.012628]]],[[[27.218124,37.006258],[27.217161,37.005248],[27.217069,37.004719],[27.217487,37.003972],[27.217696,37.003369],[27.217724,37.002864],[27.217273,37.0026],[27.217122,37.002311],[27.217092,37.002046],[27.21694,37.001662],[27.216399,37.001253],[27.216308,37.000844],[27.215314,36.999811],[27.215404,36.999594],[27.215703,36.999304],[27.215672,36.998967],[27.215462,36.998872],[27.214982,36.998921],[27.214772,36.999017],[27.214412,36.999283],[27.213842,36.999428],[27.213332,36.999381],[27.212191,36.999166],[27.211801,36.99936],[27.211471,36.999216],[27.21141,36.999071],[27.211078,36.99847],[27.210446,36.997797],[27.209905,36.997365],[27.209303,36.996981],[27.207707,36.996717],[27.207527,36.996837],[27.207468,36.997054],[27.207498,36.997247],[27.207499,36.997464],[27.20741,36.997729],[27.207171,36.998163],[27.207322,36.998717],[27.207473,36.999054],[27.207744,36.999318],[27.208375,36.99951],[27.208856,36.999894],[27.209727,36.999989],[27.210388,37.000205],[27.210838,37.000228],[27.211109,37.00042],[27.210776,37.000722],[27.210267,37.001301],[27.210207,37.001542],[27.210568,37.001758],[27.210659,37.001927],[27.21042,37.002337],[27.21054,37.002457],[27.210871,37.002481],[27.212344,37.003441],[27.213217,37.004087],[27.213968,37.004643],[27.214,37.005221],[27.214391,37.005485],[27.214932,37.005725],[27.215533,37.006013],[27.215983,37.005964],[27.216403,37.005843],[27.216674,37.006155],[27.216705,37.006541],[27.216617,37.007143],[27.216507,37.01066],[27.217199,37.011261],[27.21756,37.011574],[27.217861,37.01179],[27.218192,37.012199],[27.218462,37.012393],[27.218794,37.012631],[27.219366,37.013064],[27.219637,37.013232],[27.220147,37.013279],[27.220597,37.013158],[27.221017,37.012916],[27.221466,37.012578],[27.221856,37.012385],[27.222725,37.011853],[27.222874,37.01154],[27.223414,37.011394],[27.223564,37.011298],[27.223562,37.010768],[27.223681,37.010454],[27.22428,37.009875],[27.224489,37.009417],[27.224607,37.008911],[27.224606,37.008333],[27.224395,37.007972],[27.223764,37.007949],[27.223523,37.007684],[27.22211,37.007085],[27.221008,37.007047],[27.220258,37.007024],[27.219597,37.006929],[27.218906,37.00669],[27.218124,37.006258]]],[[[27.334569,37.013252],[27.334511,37.013172],[27.334422,37.013244],[27.33443,37.013255],[27.334542,37.013388],[27.334632,37.01334],[27.334569,37.013252]]],[[[27.333985,37.013262],[27.333911,37.013125],[27.333822,37.013222],[27.333837,37.013264],[27.333882,37.01339],[27.333942,37.013366],[27.334002,37.013293],[27.333985,37.013262]]],[[[27.337161,37.015475],[27.337041,37.015475],[27.337041,37.015511],[27.337042,37.015571],[27.337102,37.015643],[27.337162,37.015595],[27.337162,37.01557],[27.337161,37.015475]]],[[[27.339762,37.018022],[27.339572,37.017995],[27.339483,37.018164],[27.339513,37.018236],[27.339636,37.018314],[27.339664,37.018332],[27.339933,37.018211],[27.339903,37.018042],[27.339762,37.018022]]],[[[27.369664,37.021548],[27.369612,37.021484],[27.369531,37.021521],[27.36935,37.021604],[27.369648,37.021637],[27.369691,37.021582],[27.369664,37.021548]]],[[[27.372254,37.021858],[27.372104,37.021835],[27.37209,37.021967],[27.37212,37.022075],[27.372225,37.022075],[27.372255,37.022051],[27.37227,37.021978],[27.372254,37.021858]]],[[[27.373921,37.022927],[27.373909,37.022899],[27.373804,37.022948],[27.37376,37.023056],[27.373805,37.023128],[27.373865,37.023164],[27.373925,37.023128],[27.37394,37.022971],[27.373921,37.022927]]],[[[27.243903,37.026184],[27.243692,37.026112],[27.243572,37.026257],[27.243578,37.026293],[27.243603,37.026449],[27.243813,37.026449],[27.243903,37.026352],[27.243903,37.026184]]],[[[27.24196,37.029055],[27.241719,37.029031],[27.24154,37.029224],[27.24157,37.029465],[27.241691,37.02973],[27.241932,37.029874],[27.242287,37.030069],[27.242413,37.030138],[27.242653,37.029993],[27.242653,37.029872],[27.242652,37.02968],[27.242592,37.029487],[27.242381,37.029367],[27.24223,37.029199],[27.242039,37.029097],[27.24196,37.029055]]],[[[27.229065,37.039523],[27.228914,37.039427],[27.228764,37.039451],[27.228584,37.03962],[27.228525,37.039982],[27.228826,37.040054],[27.228826,37.040194],[27.228827,37.040246],[27.228857,37.040415],[27.229038,37.040583],[27.229188,37.040607],[27.229428,37.04039],[27.229461,37.040348],[27.229638,37.040124],[27.229427,37.039908],[27.229096,37.039908],[27.229035,37.039764],[27.229065,37.039523]]],[[[27.204801,37.050477],[27.205141,37.05014],[27.205062,37.049888],[27.204589,37.049616],[27.204012,37.049428],[27.203776,37.049218],[27.203755,37.048958],[27.203749,37.048882],[27.203853,37.048567],[27.204376,37.048125],[27.204899,37.047704],[27.204898,37.047536],[27.204662,37.047326],[27.204373,37.04699],[27.204031,37.046613],[27.203795,37.046445],[27.203192,37.046278],[27.202824,37.046195],[27.202615,37.046426],[27.202249,37.046511],[27.201803,37.046533],[27.201175,37.046639],[27.200809,37.046976],[27.200888,37.047248],[27.200862,37.047501],[27.200417,37.047564],[27.199972,37.047649],[27.19971,37.047818],[27.199632,37.047986],[27.199784,37.048168],[27.199842,37.048238],[27.199895,37.048405],[27.199817,37.048637],[27.199581,37.048574],[27.199293,37.048701],[27.199294,37.048995],[27.199084,37.049058],[27.19877,37.048954],[27.19835,37.048954],[27.198351,37.049206],[27.198745,37.049353],[27.198955,37.04952],[27.198903,37.049752],[27.199139,37.049961],[27.199664,37.050023],[27.200056,37.049981],[27.200528,37.050064],[27.200739,37.050358],[27.200871,37.050651],[27.201159,37.050735],[27.201447,37.05044],[27.201551,37.050251],[27.202521,37.05025],[27.202862,37.050333],[27.20328,37.050143],[27.203517,37.050332],[27.203439,37.050668],[27.203545,37.050962],[27.203728,37.051046],[27.2042,37.050835],[27.204801,37.050477]]],[[[27.233221,37.052373],[27.232981,37.052349],[27.232861,37.052566],[27.232845,37.052749],[27.232832,37.052904],[27.233043,37.053072],[27.233555,37.053264],[27.233735,37.053336],[27.234186,37.053262],[27.234096,37.053072],[27.233734,37.052878],[27.233613,37.052637],[27.233492,37.052468],[27.233221,37.052373]]],[[[27.458759,37.082286],[27.458632,37.082252],[27.4584,37.082304],[27.458338,37.082439],[27.458486,37.08254],[27.458718,37.082522],[27.45878,37.08237],[27.458759,37.082286]]],[[[27.475337,37.085452],[27.475148,37.085432],[27.475043,37.085551],[27.475318,37.085533],[27.475337,37.085452]]],[[[27.239977,37.086637],[27.239846,37.086637],[27.239767,37.086658],[27.239741,37.086763],[27.239846,37.086826],[27.239993,37.086759],[27.24003,37.086742],[27.239977,37.086637]]],[[[27.240766,37.087307],[27.240765,37.08716],[27.240634,37.087182],[27.240503,37.087266],[27.240582,37.08735],[27.240766,37.087307]]],[[[27.458521,37.08842],[27.458604,37.088149],[27.458393,37.088167],[27.458288,37.088269],[27.458352,37.088404],[27.458493,37.088417],[27.458521,37.08842]]],[[[27.251685,37.088735],[27.25158,37.088693],[27.251292,37.088757],[27.251082,37.088841],[27.250899,37.08901],[27.251057,37.089177],[27.251293,37.089156],[27.251581,37.089092],[27.251686,37.088924],[27.251685,37.088735]]],[[[27.211446,37.089327],[27.211479,37.089317],[27.211495,37.089321],[27.211741,37.08938],[27.211978,37.089547],[27.21287,37.089651],[27.213813,37.089187],[27.214048,37.08904],[27.214153,37.088829],[27.213993,37.088094],[27.213991,37.087506],[27.213964,37.087023],[27.213753,37.086687],[27.213733,37.086525],[27.2137,37.086267],[27.2137,37.086265],[27.213777,37.085763],[27.213986,37.085615],[27.213985,37.085237],[27.213984,37.08488],[27.213144,37.084545],[27.212934,37.084546],[27.212767,37.084585],[27.212489,37.084651],[27.211648,37.084128],[27.211595,37.083813],[27.211358,37.083603],[27.21107,37.083562],[27.210754,37.083247],[27.210745,37.08313],[27.210727,37.082911],[27.210438,37.082575],[27.210122,37.082387],[27.209806,37.081925],[27.209544,37.081715],[27.209045,37.081632],[27.208337,37.081444],[27.207759,37.08113],[27.207496,37.080858],[27.207234,37.080816],[27.206658,37.081216],[27.205505,37.081659],[27.205112,37.081828],[27.205165,37.081975],[27.205323,37.082101],[27.205218,37.082227],[27.204825,37.082249],[27.204826,37.082606],[27.204644,37.083216],[27.204698,37.083615],[27.20483,37.083993],[27.205197,37.084202],[27.205331,37.084354],[27.205382,37.084412],[27.205697,37.0846],[27.206221,37.084683],[27.206458,37.084851],[27.206642,37.08504],[27.206852,37.085208],[27.207142,37.085669],[27.207143,37.085963],[27.206882,37.086384],[27.20673,37.086659],[27.206673,37.086763],[27.206647,37.087015],[27.206989,37.087308],[27.207515,37.087938],[27.207804,37.088189],[27.208146,37.088483],[27.208173,37.088777],[27.208253,37.089071],[27.208568,37.089406],[27.209461,37.089741],[27.210405,37.089781],[27.210903,37.089654],[27.211269,37.089381],[27.211446,37.089327]]],[[[27.238963,37.089433],[27.239591,37.089033],[27.24098,37.088652],[27.241084,37.088462],[27.241188,37.088126],[27.241843,37.087978],[27.241816,37.087789],[27.24061,37.087812],[27.240164,37.087645],[27.239507,37.087394],[27.238221,37.086913],[27.237512,37.086705],[27.236829,37.086412],[27.236305,37.086371],[27.235833,37.086414],[27.23366,37.087805],[27.233085,37.088247],[27.232824,37.088584],[27.232457,37.088732],[27.232012,37.089048],[27.232092,37.089447],[27.232512,37.089572],[27.232853,37.089508],[27.233036,37.089298],[27.233665,37.089297],[27.234347,37.089421],[27.234637,37.089778],[27.235215,37.090218],[27.235714,37.09049],[27.236502,37.090699],[27.237104,37.090424],[27.237627,37.090066],[27.238963,37.089433]]],[[[27.254458,37.094507],[27.254379,37.094402],[27.254222,37.094445],[27.254222,37.094493],[27.254223,37.094592],[27.254354,37.094613],[27.254435,37.094531],[27.254458,37.094507]]],[[[27.256321,37.094566],[27.256215,37.094398],[27.256084,37.094399],[27.25598,37.094525],[27.256111,37.094672],[27.256321,37.094566]]],[[[27.254618,37.095095],[27.254513,37.095054],[27.254329,37.095138],[27.254277,37.095285],[27.254409,37.095432],[27.254645,37.095473],[27.254671,37.095284],[27.254618,37.095095]]],[[[27.48968,37.096821],[27.489532,37.096788],[27.489454,37.096794],[27.488794,37.096841],[27.487782,37.096964],[27.487531,37.097219],[27.487575,37.097489],[27.48785,37.097674],[27.488125,37.097808],[27.488463,37.097806],[27.489031,37.097601],[27.489598,37.097278],[27.489716,37.09719],[27.489824,37.09711],[27.48985,37.097091],[27.489849,37.096939],[27.48968,37.096821]]],[[[27.487064,37.100078],[27.486958,37.100061],[27.486769,37.100197],[27.486791,37.100383],[27.486939,37.100433],[27.487081,37.100517],[27.487193,37.100584],[27.487426,37.100668],[27.487594,37.100549],[27.487424,37.100346],[27.487235,37.100197],[27.487064,37.100078]]],[[[27.316207,37.122628],[27.316049,37.122587],[27.315761,37.122714],[27.315657,37.122945],[27.315867,37.123008],[27.316181,37.122923],[27.316286,37.122775],[27.316207,37.122628]]],[[[27.471428,37.118392],[27.469867,37.118331],[27.469615,37.118501],[27.46949,37.118772],[27.469408,37.119177],[27.469495,37.119583],[27.469835,37.119953],[27.470216,37.120222],[27.470597,37.120321],[27.471402,37.120926],[27.471995,37.12133],[27.472377,37.121666],[27.472421,37.122004],[27.47234,37.122443],[27.472216,37.12295],[27.472261,37.123322],[27.472853,37.12359],[27.473488,37.123858],[27.474206,37.124091],[27.474798,37.12419],[27.475302,37.123918],[27.47551,37.123444],[27.475508,37.123005],[27.475507,37.122982],[27.475504,37.122397],[27.475374,37.121857],[27.475118,37.121385],[27.474523,37.120813],[27.47397,37.119936],[27.473671,37.119363],[27.473373,37.118925],[27.472991,37.118623],[27.47223,37.118423],[27.471428,37.118392]]],[[[27.314156,37.128355],[27.314051,37.128292],[27.313631,37.128314],[27.313579,37.128525],[27.313842,37.128608],[27.313974,37.128608],[27.314183,37.12846],[27.314156,37.128355]]],[[[27.297438,37.12746],[27.297254,37.12744],[27.297149,37.127503],[27.296967,37.12784],[27.297125,37.128155],[27.297415,37.128343],[27.297599,37.128532],[27.297731,37.128721],[27.297842,37.12877],[27.297968,37.128826],[27.298178,37.128783],[27.29823,37.128615],[27.298413,37.128425],[27.298228,37.128194],[27.297965,37.127985],[27.297728,37.127733],[27.297608,37.12759],[27.297569,37.127544],[27.297438,37.12746]]],[[[27.480372,37.124844],[27.480161,37.124844],[27.479782,37.125082],[27.477465,37.125599],[27.477129,37.125904],[27.477133,37.126546],[27.477221,37.12712],[27.477393,37.127559],[27.47748,37.128065],[27.477862,37.128435],[27.478075,37.128628],[27.478159,37.128704],[27.47833,37.128974],[27.478627,37.12931],[27.479263,37.129781],[27.480152,37.130149],[27.480745,37.130451],[27.481126,37.130652],[27.48159,37.130684],[27.481715,37.130447],[27.481964,37.12977],[27.481962,37.129432],[27.481959,37.129027],[27.482168,37.12862],[27.482417,37.128045],[27.482034,37.127506],[27.481356,37.12707],[27.481101,37.126699],[27.481013,37.12626],[27.481009,37.125652],[27.480796,37.125247],[27.480372,37.124844]]],[[[27.287992,37.130972],[27.287841,37.130932],[27.287763,37.131016],[27.287763,37.131144],[27.287764,37.131163],[27.287921,37.131184],[27.288,37.1311],[27.287999,37.130973],[27.287992,37.130972]]],[[[27.257815,37.132167],[27.257892,37.132034],[27.258186,37.131901],[27.258202,37.131724],[27.258037,37.131567],[27.257755,37.131555],[27.257493,37.131599],[27.257364,37.13174],[27.257062,37.131752],[27.256849,37.131853],[27.256801,37.132082],[27.256696,37.132106],[27.256563,37.131986],[27.256454,37.131953],[27.256265,37.131969],[27.256164,37.13205],[27.256156,37.132272],[27.256277,37.132408],[27.25647,37.132533],[27.256479,37.132795],[27.256358,37.132908],[27.256285,37.133169],[27.256366,37.133403],[27.256567,37.133455],[27.256861,37.133455],[27.257219,37.133379],[27.257324,37.13323],[27.257606,37.133049],[27.257799,37.133045],[27.258001,37.133016],[27.258117,37.132827],[27.258013,37.132598],[27.257691,37.13236],[27.257815,37.132167]]],[[[27.284669,37.133342],[27.284615,37.133271],[27.28446,37.133354],[27.284406,37.133498],[27.28443,37.133575],[27.284454,37.133677],[27.284723,37.133671],[27.284723,37.133528],[27.284669,37.133342]]],[[[27.38465,37.13385],[27.38448,37.133716],[27.384396,37.133818],[27.384439,37.133952],[27.384608,37.133952],[27.384692,37.133918],[27.38465,37.13385]]],[[[27.385116,37.134221],[27.384735,37.134087],[27.384187,37.13419],[27.383893,37.134461],[27.383852,37.134664],[27.384065,37.135001],[27.384488,37.13527],[27.384827,37.135471],[27.385207,37.135538],[27.385333,37.135504],[27.385348,37.135487],[27.385543,37.135266],[27.385541,37.134929],[27.38554,37.134625],[27.385328,37.134389],[27.385116,37.134221]]],[[[27.390362,37.136906],[27.390403,37.136703],[27.39015,37.136704],[27.390066,37.136772],[27.390132,37.136903],[27.390151,37.13694],[27.390362,37.136906]]],[[[27.265851,37.138107],[27.265561,37.138023],[27.265483,37.138192],[27.265641,37.13836],[27.265799,37.138338],[27.265904,37.138254],[27.265851,37.138107]]],[[[27.388774,37.140019],[27.389194,37.13968],[27.389575,37.13978],[27.389745,37.14005],[27.390041,37.140184],[27.390294,37.140217],[27.390715,37.139911],[27.390925,37.139877],[27.391095,37.140113],[27.39156,37.140179],[27.392149,37.139907],[27.39274,37.139837],[27.394174,37.139832],[27.394732,37.13967],[27.394682,37.139137],[27.393662,37.138652],[27.393196,37.138383],[27.392773,37.13808],[27.392266,37.138082],[27.391801,37.137915],[27.39121,37.137748],[27.390787,37.137648],[27.390111,37.137346],[27.389898,37.137043],[27.389687,37.136942],[27.389306,37.136707],[27.38901,37.13664],[27.386774,37.136715],[27.385762,37.136921],[27.385426,37.137226],[27.385692,37.137622],[27.385905,37.137976],[27.385938,37.13817],[27.386023,37.138373],[27.386025,37.138744],[27.386028,37.139285],[27.386325,37.139622],[27.38679,37.139823],[27.387001,37.139788],[27.387379,37.139584],[27.387886,37.139583],[27.388055,37.139751],[27.387889,37.140157],[27.388059,37.140393],[27.388439,37.140426],[27.388774,37.140019]]],[[[27.274607,37.141872],[27.274318,37.14181],[27.274213,37.141894],[27.27424,37.142042],[27.274476,37.142062],[27.274607,37.141957],[27.274607,37.141872]]],[[[27.279965,37.142344],[27.279911,37.142049],[27.27991,37.141755],[27.279752,37.141524],[27.279489,37.14144],[27.279306,37.141588],[27.279359,37.14184],[27.27936,37.142093],[27.278993,37.142241],[27.278757,37.142241],[27.278547,37.142305],[27.278364,37.142453],[27.278391,37.142684],[27.278339,37.142936],[27.27834,37.143126],[27.278603,37.143272],[27.279207,37.143334],[27.27947,37.143417],[27.27989,37.143353],[27.28023,37.1431],[27.280361,37.142847],[27.279965,37.142344]]],[[[27.264,37.14992],[27.263776,37.149872],[27.263521,37.150017],[27.263522,37.150137],[27.263554,37.15028],[27.263714,37.150352],[27.264001,37.150327],[27.264161,37.150159],[27.264137,37.150039],[27.264128,37.149991],[27.264,37.14992]]],[[[27.384706,37.155314],[27.38439,37.155189],[27.384127,37.15519],[27.383813,37.155359],[27.383604,37.155528],[27.383608,37.156411],[27.383661,37.156579],[27.384187,37.156578],[27.384449,37.156409],[27.384604,37.15603],[27.384866,37.155819],[27.384865,37.155566],[27.384706,37.155314]]],[[[27.377335,37.162697],[27.377019,37.162656],[27.376126,37.162659],[27.375177,37.161947],[27.374703,37.161822],[27.373758,37.161867],[27.370236,37.161584],[27.369606,37.16167],[27.368243,37.162431],[27.367408,37.163527],[27.366837,37.164959],[27.366669,37.165646],[27.366322,37.167063],[27.365329,37.168286],[27.36486,37.169002],[27.364236,37.170434],[27.363463,37.171869],[27.369692,37.17185],[27.369965,37.170584],[27.370172,37.170121],[27.371534,37.169065],[27.377287,37.167202],[27.377829,37.167027],[27.378719,37.166351],[27.378875,37.166014],[27.379029,37.165341],[27.379129,37.164163],[27.378706,37.163828],[27.378231,37.163283],[27.377335,37.162697]]]]}},{"type":"Feature","properties":{"id":"TR-D-48-002","parent_id":"TR-P-48","region_id":"TR-R-EGE","level":"district","municipality_type":null,"municipality_type_label":null,"is_metropolitan_municipality":null,"name":"Dalaman","name_ascii":"dalaman","slug":"dalaman-mugla"},"geometry":{"type":"MultiPolygon","coordinates":[[[[29.090563,36.986022],[29.08857,36.984322],[29.08642,36.982231],[29.0864,36.982212],[29.084348,36.980277],[29.083205,36.979134],[29.082062,36.97799],[29.08136,36.977226],[29.080069,36.975821],[29.079849,36.975044],[29.079072,36.972303],[29.078368,36.971072],[29.078313,36.971014],[29.077255,36.9699],[29.076653,36.96927],[29.076023,36.96861],[29.074734,36.966616],[29.073854,36.962337],[29.073561,36.958409],[29.073502,36.955888],[29.073561,36.954774],[29.074264,36.952135],[29.075789,36.950201],[29.078251,36.948794],[29.080127,36.947093],[29.082883,36.944455],[29.084173,36.942814],[29.084524,36.941524],[29.0847,36.939941],[29.085462,36.938006],[29.086638,36.936961],[29.087045,36.936599],[29.089273,36.935016],[29.090329,36.934137],[29.091501,36.933023],[29.093025,36.931557],[29.093963,36.929798],[29.094432,36.927336],[29.093963,36.924873],[29.092674,36.923701],[29.091501,36.922528],[29.089684,36.921297],[29.088746,36.919831],[29.088447,36.919359],[29.087632,36.918073],[29.087192,36.916548],[29.086752,36.915024],[29.086626,36.914241],[29.086459,36.913206],[29.086496,36.912361],[29.086576,36.910509],[29.086869,36.907519],[29.087514,36.905467],[29.088687,36.902536],[29.088921,36.90195],[29.08974,36.900834],[29.090856,36.899312],[29.092439,36.897494],[29.093436,36.895677],[29.095136,36.893976],[29.096778,36.891631],[29.098097,36.890477],[29.098185,36.8904],[29.098318,36.890314],[29.099181,36.889755],[29.100823,36.888641],[29.102465,36.887117],[29.103989,36.885182],[29.104868,36.883892],[29.105513,36.883072],[29.106686,36.882075],[29.107565,36.881489],[29.108679,36.88014],[29.109705,36.878587],[29.110731,36.877033],[29.111377,36.876242],[29.112549,36.874805],[29.114952,36.87205],[29.116418,36.869822],[29.117942,36.86818],[29.11976,36.866714],[29.121636,36.8656],[29.125095,36.8639],[29.126769,36.863223],[29.127557,36.862904],[29.131016,36.861848],[29.131606,36.861762],[29.136234,36.861086],[29.138579,36.861027],[29.140866,36.860852],[29.142801,36.860852],[29.143152,36.860924],[29.144501,36.861203],[29.147256,36.861848],[29.150774,36.863138],[29.153354,36.863842],[29.155699,36.864252],[29.157633,36.864369],[29.157881,36.864347],[29.160858,36.864076],[29.163379,36.863314],[29.164446,36.863005],[29.164449,36.861447],[29.164406,36.85934],[29.164363,36.857017],[29.164234,36.854608],[29.163847,36.852114],[29.162857,36.850221],[29.160965,36.848672],[29.158685,36.84764],[29.155846,36.847339],[29.151846,36.847468],[29.148018,36.847339],[29.142598,36.847124],[29.139544,36.847253],[29.135974,36.847812],[29.130124,36.847683],[29.124748,36.847511],[29.120059,36.847296],[29.112231,36.846608],[29.108489,36.847683],[29.104575,36.848586],[29.100445,36.848457],[29.097606,36.847898],[29.096015,36.847468],[29.089821,36.846565],[29.086208,36.8445],[29.084616,36.843167],[29.08324,36.841747],[29.081821,36.840672],[29.075326,36.840199],[29.072616,36.839941],[29.069304,36.839468],[29.066594,36.839382],[29.063669,36.839683],[29.060271,36.841059],[29.058464,36.842091],[29.056787,36.842091],[29.054292,36.841446],[29.052443,36.841231],[29.050249,36.840414],[29.046464,36.83921],[29.044657,36.837747],[29.041689,36.834994],[29.039926,36.833532],[29.03799,36.832112],[29.036184,36.83065],[29.034119,36.828628],[29.033259,36.827854],[29.031753,36.827381],[29.030936,36.827252],[29.028355,36.827338],[29.025043,36.828542],[29.022247,36.82979],[29.020398,36.830693],[29.018634,36.83194],[29.017559,36.832758],[29.01601,36.83379],[29.014161,36.834779],[29.012354,36.835639],[29.011064,36.836328],[29.006418,36.838607],[29.003924,36.839296],[29.00173,36.839167],[28.999665,36.838995],[28.998074,36.838349],[28.996009,36.83779],[28.99459,36.836844],[28.993342,36.835209],[28.991278,36.833747],[28.990073,36.83293],[28.988525,36.831682],[28.987321,36.829876],[28.987191,36.828714],[28.987579,36.825445],[28.987364,36.823467],[28.987148,36.821789],[28.986718,36.820413],[28.9856,36.819725],[28.98332,36.818434],[28.981772,36.818047],[28.977298,36.815896],[28.973126,36.813875],[28.97175,36.812369],[28.970158,36.811079],[28.967319,36.809315],[28.9659,36.806735],[28.963964,36.802734],[28.962717,36.800799],[28.960867,36.798777],[28.957985,36.795078],[28.95377,36.794132],[28.951706,36.793314],[28.948609,36.790562],[28.945856,36.788884],[28.944608,36.788884],[28.942587,36.788798],[28.941727,36.788325],[28.940522,36.786906],[28.939705,36.785787],[28.93906,36.784282],[28.937898,36.783206],[28.93678,36.782905],[28.933941,36.782647],[28.931575,36.782088],[28.92964,36.781443],[28.927575,36.781056],[28.926328,36.780626],[28.925338,36.779765],[28.92422,36.778303],[28.923016,36.777615],[28.921725,36.775722],[28.921252,36.773787],[28.921424,36.772711],[28.92194,36.771378],[28.92194,36.770216],[28.921639,36.769184],[28.920951,36.767119],[28.920177,36.765743],[28.919704,36.764453],[28.919403,36.763377],[28.919188,36.762216],[28.919059,36.760797],[28.919102,36.759635],[28.919532,36.75899],[28.920521,36.758259],[28.922629,36.756968],[28.92336,36.755807],[28.923962,36.754215],[28.924306,36.753441],[28.924293,36.753322],[28.924276,36.753177],[28.92429,36.752968],[28.924404,36.752785],[28.924574,36.752556],[28.924688,36.752386],[28.924786,36.752187],[28.92518,36.752028],[28.924829,36.752046],[28.924519,36.752038],[28.923733,36.752106],[28.923283,36.752114],[28.922799,36.752165],[28.922734,36.752176],[28.92265,36.752191],[28.922437,36.752161],[28.922178,36.752148],[28.921703,36.752157],[28.921631,36.752033],[28.921591,36.751836],[28.921309,36.75167],[28.921166,36.751541],[28.921179,36.75137],[28.9213,36.751303],[28.921469,36.751103],[28.921534,36.750931],[28.921654,36.750851],[28.921789,36.750691],[28.921845,36.750675],[28.921979,36.750635],[28.923264,36.750562],[28.923542,36.750518],[28.923627,36.750438],[28.923482,36.75023],[28.923549,36.750111],[28.924343,36.750571],[28.924529,36.750358],[28.923593,36.749769],[28.923726,36.749557],[28.92445,36.749952],[28.924636,36.749765],[28.923964,36.749303],[28.924099,36.749157],[28.924822,36.749552],[28.924991,36.749339],[28.924372,36.748956],[28.924524,36.748769],[28.925126,36.749167],[28.925381,36.748926],[28.924779,36.748503],[28.924931,36.748316],[28.926223,36.749201],[28.928101,36.750549],[28.928298,36.750769],[28.928599,36.751001],[28.928833,36.751312],[28.928839,36.751562],[28.928946,36.751678],[28.929138,36.751662],[28.929275,36.751594],[28.929466,36.751591],[28.929852,36.751729],[28.930078,36.751686],[28.930162,36.751593],[28.930176,36.751435],[28.930429,36.751129],[28.930458,36.750905],[28.930401,36.750722],[28.93036,36.750473],[28.930367,36.75004],[28.930414,36.749842],[28.930618,36.749655],[28.930699,36.749418],[28.930688,36.748497],[28.930683,36.748059],[28.930764,36.747151],[28.930844,36.746861],[28.930751,36.746627],[28.930589,36.746419],[28.930237,36.746228],[28.929165,36.745799],[28.92886,36.745809],[28.928383,36.745825],[28.927846,36.745938],[28.927377,36.745946],[28.92699,36.745782],[28.926475,36.745357],[28.926264,36.745281],[28.926073,36.745298],[28.925904,36.745484],[28.925524,36.745608],[28.92521,36.745574],[28.924997,36.745381],[28.924869,36.745159],[28.924916,36.744949],[28.924929,36.744778],[28.924819,36.74453],[28.924743,36.744299],[28.924729,36.743748],[28.924601,36.743488],[28.924458,36.743319],[28.92447,36.743109],[28.924622,36.74291],[28.924649,36.742633],[28.924557,36.742399],[28.924447,36.742287],[28.924378,36.742218],[28.924319,36.741943],[28.924501,36.741679],[28.92438,36.741331],[28.924404,36.741292],[28.92456,36.741164],[28.924556,36.740981],[28.924675,36.740861],[28.924866,36.740844],[28.925007,36.740934],[28.925321,36.740968],[28.92541,36.741049],[28.925463,36.741097],[28.925741,36.741067],[28.925877,36.740959],[28.926032,36.740878],[28.92617,36.740836],[28.926445,36.740701],[28.926733,36.740394],[28.926849,36.740143],[28.927067,36.739837],[28.927306,36.739636],[28.927527,36.739462],[28.927576,36.73933],[28.927528,36.739244],[28.927472,36.739142],[28.927412,36.739031],[28.927443,36.738886],[28.927663,36.738561],[28.928037,36.738201],[28.928152,36.737923],[28.928093,36.737648],[28.927879,36.737468],[28.927751,36.737208],[28.927676,36.736999],[28.927429,36.736832],[28.927025,36.736707],[28.927022,36.736563],[28.927072,36.73647],[28.927297,36.73644],[28.927526,36.736555],[28.927942,36.736482],[28.928291,36.736556],[28.928463,36.736461],[28.928422,36.736212],[28.928244,36.736071],[28.928258,36.735913],[28.928376,36.735766],[28.928566,36.735698],[28.929211,36.736041],[28.929235,36.736054],[28.929511,36.735958],[28.929749,36.735731],[28.929813,36.735481],[28.929789,36.735218],[28.929681,36.735052],[28.929519,36.734881],[28.929237,36.734728],[28.928918,36.734484],[28.928703,36.734251],[28.928493,36.734202],[28.928179,36.734282],[28.928165,36.734286],[28.928102,36.734537],[28.927986,36.734788],[28.927765,36.734989],[28.927509,36.735163],[28.927114,36.735367],[28.926715,36.735426],[28.926275,36.73521],[28.925548,36.734318],[28.925212,36.7341],[28.924827,36.734015],[28.924371,36.733864],[28.924348,36.733847],[28.924105,36.733659],[28.923771,36.73352],[28.923071,36.733373],[28.922794,36.733417],[28.922728,36.73355],[28.922636,36.733695],[28.922577,36.733788],[28.922352,36.733831],[28.922055,36.733758],[28.921773,36.733631],[28.921718,36.733614],[28.921493,36.733543],[28.919961,36.733476],[28.91968,36.733402],[28.919344,36.733158],[28.919146,36.732885],[28.919037,36.732806],[28.918911,36.732716],[28.918791,36.732629],[28.918628,36.732369],[28.918711,36.732184],[28.919074,36.732112],[28.919575,36.731986],[28.919941,36.73198],[28.920165,36.731897],[28.920248,36.731765],[28.920385,36.731671],[28.920645,36.731627],[28.920854,36.731624],[28.921061,36.731568],[28.921232,36.731374],[28.92154,36.731172],[28.921987,36.730942],[28.922278,36.730766],[28.922414,36.730646],[28.922445,36.730488],[28.92237,36.730279],[28.922056,36.730232],[28.921159,36.729839],[28.920841,36.729634],[28.920782,36.729346],[28.920808,36.729018],[28.920784,36.728742],[28.920728,36.728599],[28.920218,36.728371],[28.919834,36.728298],[28.919584,36.728066],[28.919217,36.72798],[28.91894,36.728011],[28.918646,36.728107],[28.918406,36.728242],[28.918079,36.728366],[28.917731,36.728371],[28.91723,36.728485],[28.916784,36.728741],[28.916408,36.72901],[28.916132,36.729119],[28.915689,36.729494],[28.915471,36.729799],[28.915338,36.730077],[28.915049,36.730331],[28.914987,36.730336],[28.914858,36.730348],[28.914421,36.730237],[28.914034,36.730059],[28.913765,36.729761],[28.913758,36.729473],[28.913823,36.72937],[28.913892,36.72926],[28.91399,36.729022],[28.913967,36.728787],[28.913891,36.728512],[28.91378,36.728251],[28.913636,36.728057],[28.913439,36.727837],[28.911617,36.726493],[28.911273,36.726173],[28.910948,36.725871],[28.910923,36.725848],[28.910675,36.725681],[28.910547,36.725407],[28.910505,36.725132],[28.910394,36.724885],[28.91025,36.724677],[28.90997,36.724616],[28.909653,36.724463],[28.909122,36.724078],[28.9087,36.723888],[28.908555,36.723654],[28.908499,36.723484],[28.908618,36.72339],[28.908979,36.723227],[28.909525,36.722785],[28.909682,36.722795],[28.909947,36.722975],[28.910005,36.723051],[28.910037,36.723092],[28.910267,36.723259],[28.910686,36.723304],[28.91109,36.723482],[28.911623,36.72392],[28.911796,36.723904],[28.912072,36.723807],[28.912282,36.72387],[28.912618,36.724087],[28.912951,36.7242],[28.913385,36.724154],[28.91399,36.724],[28.91402,36.723815],[28.913841,36.723621],[28.913732,36.7234],[28.913759,36.723097],[28.913842,36.722965],[28.913995,36.722805],[28.914043,36.722633],[28.91404,36.722515],[28.913589,36.721753],[28.913447,36.721638],[28.913238,36.721628],[28.912841,36.721726],[28.912474,36.721693],[28.91207,36.721502],[28.911872,36.721243],[28.911902,36.721059],[28.912142,36.720897],[28.912328,36.720684],[28.912324,36.72054],[28.912161,36.72028],[28.912154,36.719978],[28.912061,36.71973],[28.911918,36.719588],[28.911548,36.719384],[28.911204,36.719111],[28.910182,36.718303],[28.909927,36.717834],[28.910003,36.717352],[28.910052,36.717194],[28.910152,36.717048],[28.910324,36.71694],[28.910538,36.716937],[28.910619,36.716936],[28.910878,36.716866],[28.910887,36.716697],[28.91089,36.716629],[28.910868,36.716605],[28.910711,36.716435],[28.910431,36.716361],[28.910254,36.716232],[28.910161,36.715998],[28.909857,36.715661],[28.909591,36.715429],[28.909584,36.715153],[28.909776,36.714494],[28.909745,36.71393],[28.909599,36.713643],[28.909126,36.713285],[28.908915,36.713171],[28.908755,36.713123],[28.908704,36.713108],[28.908647,36.713111],[28.908374,36.713127],[28.908233,36.713091],[28.908129,36.713065],[28.907944,36.713096],[28.907696,36.713138],[28.907455,36.71322],[28.907059,36.713397],[28.90668,36.713535],[28.906247,36.713581],[28.905881,36.713574],[28.905416,36.713726],[28.905161,36.713979],[28.904728,36.714052],[28.904343,36.713966],[28.903937,36.713758],[28.903921,36.71375],[28.903513,36.713415],[28.903317,36.713223],[28.903103,36.713014],[28.902731,36.712745],[28.902416,36.712684],[28.902193,36.712779],[28.90206,36.713031],[28.901925,36.713217],[28.901915,36.713493],[28.901938,36.713716],[28.901892,36.713966],[28.90181,36.714049],[28.901781,36.714079],[28.901722,36.714139],[28.901642,36.714157],[28.901589,36.714168],[28.901462,36.714196],[28.900667,36.714029],[28.900361,36.713964],[28.900257,36.713906],[28.900062,36.713798],[28.899642,36.7137],[28.899335,36.713725],[28.899243,36.713732],[28.899065,36.713799],[28.898984,36.713829],[28.898832,36.714002],[28.898662,36.714149],[28.898452,36.714126],[28.89819,36.714064],[28.89789,36.713898],[28.897588,36.713628],[28.897521,36.713472],[28.897515,36.713457],[28.897477,36.713367],[28.897472,36.71317],[28.897379,36.712909],[28.897307,36.712818],[28.897134,36.712834],[28.896878,36.713035],[28.896723,36.713244],[28.896642,36.713354],[28.896383,36.713424],[28.896156,36.713375],[28.895957,36.713076],[28.895878,36.71297],[28.895831,36.712907],[28.895654,36.712779],[28.895324,36.712669],[28.895131,36.712657],[28.894406,36.712611],[28.893354,36.71249],[28.8933,36.712399],[28.893693,36.71213],[28.893861,36.711865],[28.893863,36.711598],[28.893865,36.711353],[28.893807,36.711091],[28.893697,36.71087],[28.893466,36.710676],[28.893438,36.710647],[28.893306,36.710508],[28.893284,36.710338],[28.89328,36.710167],[28.893242,36.710037],[28.893012,36.709883],[28.89233,36.70971],[28.892082,36.709543],[28.891752,36.709562],[28.891476,36.709645],[28.891351,36.709529],[28.891328,36.709266],[28.89148,36.709093],[28.891738,36.708984],[28.892,36.709019],[28.892159,36.709148],[28.89225,36.709304],[28.892445,36.709445],[28.89328,36.709629],[28.893422,36.709618],[28.893887,36.70958],[28.894148,36.709589],[28.894604,36.709739],[28.894834,36.70988],[28.895186,36.710071],[28.895501,36.710158],[28.896059,36.710202],[28.89669,36.710428],[28.896969,36.71045],[28.897178,36.710447],[28.89751,36.710533],[28.897793,36.710726],[28.898178,36.710824],[28.898369,36.710821],[28.898594,36.710765],[28.898712,36.710619],[28.898685,36.710239],[28.898889,36.710039],[28.899853,36.709656],[28.900125,36.709376],[28.900151,36.709034],[28.90027,36.708927],[28.90037,36.708854],[28.900509,36.708752],[28.900853,36.708602],[28.901165,36.708571],[28.902115,36.70828],[28.902376,36.708316],[28.90252,36.708484],[28.902729,36.708533],[28.902849,36.708452],[28.90288,36.708294],[28.903018,36.708253],[28.903332,36.708274],[28.903559,36.708336],[28.904293,36.708827],[28.904708,36.709105],[28.904955,36.709233],[28.905302,36.709214],[28.905577,36.709078],[28.905764,36.708891],[28.90578,36.708664],[28.905791,36.708516],[28.905748,36.708175],[28.905848,36.708003],[28.906209,36.707839],[28.906557,36.70786],[28.906819,36.707908],[28.907188,36.708073],[28.90749,36.708167],[28.907591,36.708198],[28.907922,36.708219],[28.908182,36.708268],[28.908307,36.708292],[28.908619,36.70826],[28.908789,36.708126],[28.908887,36.707836],[28.909018,36.707545],[28.909099,36.707281],[28.909095,36.707124],[28.908933,36.706916],[28.908791,36.7068],[28.908758,36.706792],[28.908354,36.706689],[28.908176,36.706521],[28.908138,36.706377],[28.908219,36.706166],[28.908352,36.705914],[28.908399,36.705717],[28.908326,36.705574],[28.908148,36.705406],[28.907852,36.705358],[28.907366,36.705405],[28.907016,36.705332],[28.906443,36.705367],[28.906129,36.70532],[28.905615,36.704921],[28.905576,36.704738],[28.905694,36.704592],[28.905914,36.704365],[28.905996,36.704127],[28.906067,36.703991],[28.906128,36.703876],[28.906175,36.703665],[28.906155,36.703534],[28.905978,36.703432],[28.905145,36.703484],[28.905088,36.703497],[28.904765,36.703569],[28.904094,36.703869],[28.903178,36.704107],[28.902731,36.704311],[28.902366,36.704406],[28.902248,36.704437],[28.901829,36.704391],[28.901443,36.704226],[28.901174,36.703929],[28.900733,36.703647],[28.900399,36.703521],[28.899561,36.703364],[28.897948,36.702838],[28.897926,36.70282],[28.897208,36.702227],[28.897009,36.701915],[28.897022,36.701744],[28.897054,36.701625],[28.897208,36.701518],[28.897364,36.701502],[28.897621,36.701367],[28.898029,36.700966],[28.898128,36.700768],[28.89828,36.700569],[28.898555,36.700459],[28.898643,36.700454],[28.898902,36.70044],[28.899265,36.700356],[28.899557,36.700194],[28.899846,36.699913],[28.900549,36.699535],[28.900896,36.699503],[28.901137,36.699407],[28.90129,36.69926],[28.901356,36.699128],[28.901178,36.698947],[28.900881,36.698886],[28.900649,36.69864],[28.900415,36.698316],[28.900164,36.698031],[28.899849,36.697931],[28.899521,36.698041],[28.899318,36.698267],[28.899222,36.698584],[28.899001,36.698798],[28.898572,36.699015],[28.897965,36.699077],[28.89781,36.699158],[28.897641,36.699345],[28.896512,36.699389],[28.896271,36.699471],[28.895783,36.699427],[28.895536,36.699273],[28.895357,36.699079],[28.895181,36.69899],[28.894936,36.698941],[28.894781,36.698996],[28.894426,36.699409],[28.894167,36.699492],[28.893682,36.699552],[28.893177,36.699848],[28.892736,36.700219],[28.892478,36.700437],[28.892203,36.700559],[28.891684,36.700659],[28.8913,36.7006],[28.891089,36.700498],[28.890845,36.700476],[28.890413,36.700575],[28.890012,36.700555],[28.889771,36.700508],[28.889575,36.70047],[28.889397,36.700289],[28.889199,36.700029],[28.888986,36.699849],[28.888671,36.699762],[28.888323,36.699715],[28.887993,36.699733],[28.887735,36.699856],[28.88741,36.700097],[28.887173,36.700324],[28.886949,36.700419],[28.886602,36.700438],[28.886096,36.700394],[28.885815,36.700267],[28.885395,36.700155],[28.885047,36.700161],[28.884597,36.700247],[28.883755,36.700654],[28.883428,36.700764],[28.882471,36.700727],[28.88193,36.700656],[28.881718,36.700515],[28.881592,36.700347],[28.881416,36.700244],[28.881224,36.700208],[28.880509,36.700154],[28.880076,36.700226],[28.879958,36.700373],[28.879968,36.700779],[28.87982,36.700929],[28.879745,36.701005],[28.879731,36.701019],[28.879473,36.701129],[28.879023,36.701214],[28.878588,36.701195],[28.878045,36.701033],[28.877271,36.700664],[28.877131,36.700452],[28.876765,36.699898],[28.87673,36.699833],[28.876528,36.699455],[28.876505,36.699219],[28.876518,36.699022],[28.876682,36.698639],[28.876644,36.698158],[28.876667,36.697685],[28.87675,36.6975],[28.877024,36.697325],[28.877284,36.697308],[28.877633,36.697368],[28.877946,36.697376],[28.87817,36.697267],[28.878637,36.697181],[28.878898,36.697177],[28.879086,36.697069],[28.879219,36.696818],[28.879188,36.69624],[28.879232,36.695912],[28.879348,36.69566],[28.879342,36.695411],[28.879266,36.695163],[28.879088,36.694995],[28.878841,36.694828],[28.878591,36.694583],[28.877944,36.694396],[28.877556,36.694192],[28.877377,36.693998],[28.877231,36.693711],[28.876949,36.693519],[28.876687,36.693483],[28.876393,36.693541],[28.876135,36.69365],[28.875471,36.694251],[28.875144,36.694361],[28.874083,36.694365],[28.873529,36.694465],[28.873289,36.694587],[28.873068,36.694814],[28.873009,36.695248],[28.872878,36.695578],[28.872119,36.696523],[28.871777,36.696764],[28.871433,36.696901],[28.871156,36.696945],[28.870934,36.697145],[28.870926,36.697247],[28.870921,36.697316],[28.870872,36.697448],[28.870545,36.697558],[28.870093,36.697565],[28.869587,36.697495],[28.869216,36.697277],[28.86888,36.69702],[28.868816,36.696985],[28.86858,36.696854],[28.868353,36.696818],[28.868076,36.696849],[28.867939,36.696943],[28.867596,36.697132],[28.867319,36.697176],[28.866922,36.697287],[28.866614,36.697515],[28.866151,36.697745],[28.865339,36.697994],[28.865166,36.697997],[28.864936,36.697843],[28.864807,36.69753],[28.8648,36.697255],[28.864672,36.697007],[28.864529,36.696826],[28.864245,36.696594],[28.863647,36.696314],[28.863505,36.696185],[28.863558,36.695515],[28.863657,36.695264],[28.863927,36.694958],[28.864186,36.694875],[28.864412,36.694884],[28.864727,36.694971],[28.865021,36.694901],[28.865157,36.694754],[28.865205,36.694583],[28.865148,36.6944],[28.865123,36.694085],[28.865277,36.693952],[28.865724,36.693774],[28.866035,36.69369],[28.866295,36.69366],[28.866438,36.693828],[28.866564,36.69401],[28.866916,36.694162],[28.867106,36.694133],[28.867321,36.693952],[28.867328,36.693946],[28.867409,36.693721],[28.867322,36.693262],[28.86731,36.693211],[28.867358,36.693053],[28.867443,36.692959],[28.867787,36.692738],[28.868337,36.69248],[28.868541,36.69228],[28.868536,36.692057],[28.868427,36.691862],[28.867776,36.691544],[28.867491,36.691273],[28.867239,36.690922],[28.867021,36.690518],[28.866734,36.690168],[28.86645,36.689895],[28.866076,36.689535],[28.865913,36.689275],[28.865926,36.689091],[28.866009,36.688919],[28.86618,36.688812],[28.866364,36.688727],[28.866506,36.688662],[28.866819,36.688644],[28.867324,36.688676],[28.867636,36.688631],[28.86784,36.688471],[28.867885,36.688181],[28.86786,36.68784],[28.867799,36.687487],[28.867685,36.687081],[28.867714,36.686884],[28.867603,36.686384],[28.867444,36.686185],[28.867266,36.686042],[28.86712,36.685929],[28.86677,36.685856],[28.866458,36.685874],[28.866282,36.685771],[28.866224,36.685536],[28.866108,36.685391],[28.866027,36.68529],[28.865864,36.685043],[28.865927,36.684779],[28.86604,36.684691],[28.866051,36.684682],[28.866081,36.684659],[28.866266,36.684406],[28.866313,36.684182],[28.866184,36.683882],[28.866038,36.683622],[28.866067,36.683359],[28.8662,36.683107],[28.866228,36.682831],[28.866222,36.682569],[28.866128,36.682281],[28.865946,36.681956],[28.865904,36.681642],[28.865887,36.680972],[28.865795,36.680751],[28.865774,36.680727],[28.86542,36.680323],[28.865155,36.68013],[28.86484,36.680057],[28.8641,36.680102],[28.863667,36.680187],[28.862499,36.680258],[28.862452,36.680259],[28.862034,36.680213],[28.86177,36.680086],[28.861715,36.679968],[28.861761,36.679705],[28.861826,36.679507],[28.861854,36.679231],[28.861777,36.678943],[28.861545,36.678697],[28.86116,36.678572],[28.860725,36.678566],[28.860289,36.678481],[28.859464,36.678165],[28.858924,36.678095],[28.858489,36.678102],[28.858245,36.678079],[28.858069,36.677964],[28.857943,36.677795],[28.858027,36.677663],[28.858231,36.677476],[28.858226,36.677279],[28.858064,36.677019],[28.857814,36.67676],[28.857478,36.676516],[28.857176,36.676245],[28.857101,36.676036],[28.857183,36.675812],[28.857352,36.675612],[28.857607,36.675398],[28.857867,36.675341],[28.85898,36.675527],[28.859466,36.675493],[28.860505,36.675319],[28.860867,36.675208],[28.861091,36.6751],[28.861292,36.674795],[28.861373,36.674544],[28.861558,36.674305],[28.862297,36.673939],[28.862672,36.673644],[28.86296,36.673337],[28.863234,36.673189],[28.863512,36.673171],[28.863617,36.673196],[28.863693,36.673457],[28.863681,36.673707],[28.863602,36.674036],[28.86356,36.674457],[28.863635,36.674679],[28.863814,36.674886],[28.864058,36.674922],[28.864717,36.674859],[28.865288,36.674732],[28.865718,36.674541],[28.866059,36.67426],[28.866311,36.673902],[28.866307,36.673751],[28.866304,36.673639],[28.865908,36.673081],[28.865815,36.672794],[28.865878,36.672557],[28.866134,36.672329],[28.866215,36.672092],[28.866436,36.671904],[28.867041,36.671764],[28.86744,36.671744],[28.86759,36.671694],[28.867768,36.671634],[28.867989,36.671434],[28.868017,36.671158],[28.867973,36.670777],[28.867839,36.670254],[28.867836,36.67025],[28.867695,36.67006],[28.866189,36.668618],[28.865483,36.668143],[28.865008,36.667928],[28.864321,36.667531],[28.863866,36.667394],[28.86353,36.66715],[28.862809,36.66682],[28.862514,36.666811],[28.862151,36.666909],[28.861693,36.667362],[28.861141,36.667555],[28.861024,36.667754],[28.860939,36.667821],[28.860744,36.667666],[28.860627,36.66713],[28.860448,36.666935],[28.859137,36.665893],[28.858874,36.665765],[28.85844,36.665798],[28.858148,36.665934],[28.858015,36.666186],[28.857811,36.666386],[28.857429,36.666405],[28.857165,36.666265],[28.856863,36.66598],[28.856567,36.665959],[28.856326,36.666081],[28.856171,36.666123],[28.855871,36.66593],[28.855203,36.665219],[28.854837,36.66483],[28.85479,36.664803],[28.854572,36.664677],[28.854222,36.664564],[28.853993,36.664423],[28.853674,36.664179],[28.853084,36.664038],[28.852145,36.664027],[28.851799,36.664098],[28.851332,36.664058],[28.851137,36.664042],[28.850712,36.663694],[28.850565,36.663355],[28.850539,36.663001],[28.85048,36.662726],[28.850476,36.66253],[28.850592,36.662331],[28.85064,36.662311],[28.850851,36.662222],[28.851019,36.662009],[28.851067,36.661825],[28.851216,36.661533],[28.851264,36.661336],[28.85114,36.661233],[28.850964,36.66117],[28.850902,36.661105],[28.85084,36.66104],[28.850852,36.660843],[28.85106,36.660613],[28.851106,36.660563],[28.851102,36.660499],[28.851066,36.659924],[28.851267,36.659606],[28.85143,36.659144],[28.851546,36.658906],[28.851749,36.658653],[28.852056,36.658438],[28.852383,36.658315],[28.852583,36.65832],[28.852696,36.658323],[28.853193,36.658722],[28.85332,36.658983],[28.853445,36.659125],[28.853675,36.659293],[28.853856,36.659592],[28.854463,36.659517],[28.854672,36.65954],[28.855375,36.659883],[28.855635,36.65984],[28.855823,36.659719],[28.856154,36.659766],[28.856295,36.659856],[28.85645,36.659801],[28.856568,36.659628],[28.85674,36.659547],[28.856948,36.65953],[28.85731,36.659407],[28.857566,36.659232],[28.85758,36.659074],[28.857202,36.658515],[28.857104,36.658084],[28.856856,36.657864],[28.856133,36.657429],[28.85613,36.657324],[28.856508,36.657148],[28.856669,36.656795],[28.856823,36.656688],[28.856997,36.656672],[28.857189,36.656722],[28.857751,36.656988],[28.858399,36.657188],[28.859303,36.657214],[28.859632,36.657143],[28.859748,36.656931],[28.859792,36.656563],[28.859515,36.655884],[28.859403,36.655584],[28.859433,36.655387],[28.859707,36.655225],[28.860191,36.655099],[28.861337,36.655068],[28.862475,36.654883],[28.862497,36.654879],[28.862896,36.654886],[28.863247,36.654999],[28.864225,36.655207],[28.864798,36.655224],[28.865353,36.655163],[28.865732,36.655039],[28.865954,36.654878],[28.866087,36.6546],[28.866115,36.654337],[28.86597,36.654076],[28.865575,36.653544],[28.86383,36.652407],[28.863085,36.651775],[28.861607,36.651024],[28.860671,36.650793],[28.85953,36.650636],[28.859162,36.65051],[28.858337,36.650002],[28.857824,36.649603],[28.857172,36.649245],[28.856092,36.648409],[28.855948,36.64833],[28.855036,36.647821],[28.854753,36.647616],[28.854349,36.647425],[28.853624,36.647258],[28.85323,36.647167],[28.852879,36.646988],[28.852717,36.646781],[28.852504,36.646587],[28.852473,36.646397],[28.852446,36.646225],[28.852276,36.645663],[28.851729,36.645343],[28.850768,36.645109],[28.850693,36.64511],[28.850351,36.645115],[28.849966,36.644977],[28.849823,36.644835],[28.849729,36.644521],[28.849683,36.644007],[28.849682,36.643997],[28.849667,36.643972],[28.849573,36.643814],[28.849567,36.643565],[28.849619,36.643519],[28.849703,36.643445],[28.849821,36.643259],[28.849906,36.643192],[28.850653,36.643207],[28.850934,36.643321],[28.851194,36.643303],[28.851381,36.643143],[28.851413,36.643011],[28.851804,36.642638],[28.851834,36.642466],[28.85204,36.642345],[28.852281,36.642249],[28.85233,36.642117],[28.852326,36.641973],[28.852446,36.641892],[28.852828,36.641886],[28.853281,36.641932],[28.853627,36.641874],[28.85408,36.641511],[28.854543,36.641254],[28.854551,36.64086],[28.854687,36.640714],[28.85498,36.64063],[28.855188,36.640627],[28.855487,36.64078],[28.855701,36.641],[28.855851,36.641431],[28.855993,36.64156],[28.856203,36.641649],[28.85657,36.641735],[28.858187,36.64251],[28.858488,36.642729],[28.85895,36.643168],[28.859249,36.643321],[28.859477,36.643396],[28.859777,36.643615],[28.859766,36.643878],[28.859824,36.644126],[28.860002,36.644294],[28.860264,36.644369],[28.860683,36.644428],[28.860927,36.64449],[28.861466,36.644481],[28.861661,36.644649],[28.86194,36.644697],[28.862148,36.644667],[28.862439,36.644466],[28.86271,36.644199],[28.862985,36.644077],[28.863332,36.644045],[28.863577,36.644133],[28.863738,36.644341],[28.863709,36.644551],[28.86375,36.644813],[28.86384,36.644956],[28.863981,36.64502],[28.864189,36.645016],[28.864377,36.644869],[28.86481,36.644182],[28.865252,36.643781],[28.865902,36.643364],[28.867145,36.643055],[28.867438,36.642933],[28.867574,36.642812],[28.867672,36.642574],[28.86751,36.642327],[28.867175,36.642123],[28.866912,36.642009],[28.865973,36.641997],[28.865694,36.641962],[28.865414,36.641888],[28.865016,36.641933],[28.864499,36.642086],[28.864052,36.64229],[28.863556,36.642639],[28.86323,36.642801],[28.862847,36.642755],[28.862756,36.642573],[28.862889,36.642347],[28.863109,36.642108],[28.863152,36.641739],[28.863128,36.641451],[28.863174,36.641187],[28.863343,36.640975],[28.863563,36.640761],[28.864177,36.640279],[28.864417,36.640144],[28.864573,36.640128],[28.864802,36.640282],[28.864957,36.640201],[28.864987,36.640017],[28.864984,36.639886],[28.864998,36.639728],[28.86503,36.639622],[28.865301,36.639329],[28.865518,36.638984],[28.865755,36.638705],[28.866044,36.638464],[28.866555,36.638122],[28.866942,36.637617],[28.867106,36.637207],[28.867009,36.636789],[28.866882,36.636554],[28.866896,36.636449],[28.867479,36.636125],[28.867858,36.635987],[28.868553,36.636003],[28.868744,36.635974],[28.868982,36.635786],[28.869029,36.635575],[28.869297,36.635138],[28.869291,36.634915],[28.869181,36.634654],[28.869087,36.634331],[28.869086,36.634327],[28.869151,36.634129],[28.869407,36.633941],[28.869853,36.633711],[28.870113,36.633681],[28.870271,36.633757],[28.870549,36.633779],[28.870756,36.63371],[28.870875,36.633616],[28.871298,36.633516],[28.871767,36.633509],[28.872509,36.633696],[28.872745,36.633756],[28.875132,36.634034],[28.875537,36.634264],[28.875835,36.634364],[28.876392,36.634421],[28.876965,36.634399],[28.878089,36.634184],[28.87861,36.634189],[28.879102,36.634265],[28.879307,36.634296],[28.87968,36.634466],[28.879903,36.634568],[28.880836,36.634994],[28.881277,36.635263],[28.881491,36.635496],[28.881445,36.635746],[28.88131,36.635906],[28.881037,36.63589],[28.880962,36.635885],[28.880651,36.635955],[28.880429,36.63613],[28.880366,36.63638],[28.880336,36.636591],[28.880201,36.636764],[28.879911,36.636965],[28.87961,36.637329],[28.879266,36.637492],[28.878919,36.637498],[28.878743,36.637422],[28.877206,36.6378],[28.876901,36.638107],[28.876891,36.638422],[28.877156,36.638589],[28.877577,36.638766],[28.877865,36.639169],[28.877959,36.639482],[28.877753,36.639621],[28.87772,36.639643],[28.877169,36.639849],[28.876999,36.640009],[28.877109,36.640244],[28.877409,36.640423],[28.878006,36.640689],[28.878411,36.640919],[28.87861,36.641231],[28.878633,36.641454],[28.87869,36.641676],[28.878657,36.641756],[28.878426,36.641536],[28.878304,36.641512],[28.87815,36.641593],[28.878051,36.641844],[28.877896,36.641899],[28.877788,36.642439],[28.877365,36.64307],[28.877319,36.643307],[28.877342,36.643556],[28.877435,36.643791],[28.877649,36.644024],[28.878191,36.644173],[28.878486,36.644424],[28.87851,36.644444],[28.878585,36.644666],[28.87859,36.644863],[28.878507,36.645022],[28.878402,36.64501],[28.878395,36.645012],[28.878281,36.645038],[28.878198,36.645197],[28.878169,36.645421],[28.878035,36.64562],[28.877995,36.646133],[28.877777,36.646464],[28.877749,36.646714],[28.87777,36.646871],[28.877898,36.647119],[28.877817,36.647396],[28.877804,36.647567],[28.877897,36.647815],[28.878039,36.647944],[28.878216,36.648059],[28.878567,36.648224],[28.879046,36.648624],[28.879502,36.6488],[28.879937,36.648807],[28.880045,36.648797],[28.881333,36.648622],[28.883673,36.648104],[28.884628,36.647666],[28.884652,36.647655],[28.885688,36.646986],[28.886607,36.646197],[28.887216,36.645492],[28.887538,36.645198],[28.887757,36.644919],[28.887803,36.644668],[28.887694,36.644447],[28.887671,36.644211],[28.887976,36.643891],[28.888115,36.643915],[28.888224,36.64411],[28.888403,36.644331],[28.888596,36.64438],[28.888785,36.644298],[28.888919,36.644099],[28.889126,36.644044],[28.889369,36.644027],[28.889524,36.643972],[28.889681,36.644008],[28.88979,36.644217],[28.889816,36.644545],[28.889892,36.644806],[28.890053,36.645027],[28.890265,36.645142],[28.890584,36.645412],[28.890746,36.64562],[28.890836,36.645776],[28.891066,36.645943],[28.891171,36.645967],[28.892039,36.645927],[28.89254,36.645841],[28.893253,36.64512],[28.893283,36.644936],[28.893366,36.644777],[28.893485,36.644683],[28.893639,36.644602],[28.893705,36.644457],[28.89358,36.644301],[28.892753,36.643894],[28.892594,36.643765],[28.892609,36.643673],[28.892725,36.643435],[28.892632,36.6432],[28.892575,36.642978],[28.892675,36.642832],[28.892772,36.642838],[28.892849,36.642842],[28.89289,36.642895],[28.892939,36.642959],[28.892909,36.64313],[28.89307,36.643325],[28.893261,36.643348],[28.893609,36.643342],[28.893751,36.643497],[28.893847,36.643837],[28.893871,36.644113],[28.893964,36.644374],[28.894127,36.644634],[28.894359,36.64488],[28.894538,36.645113],[28.894797,36.646653],[28.895111,36.647423],[28.89553,36.64823],[28.895762,36.648476],[28.89608,36.648668],[28.896466,36.648832],[28.896733,36.648909],[28.896938,36.648969],[28.896983,36.648988],[28.897482,36.649195],[28.898027,36.649411],[28.898362,36.649629],[28.898869,36.649739],[28.899268,36.649746],[28.899893,36.649723],[28.899964,36.649723],[28.901057,36.649718],[28.901458,36.649764],[28.901809,36.649916],[28.902472,36.650309],[28.902885,36.650555],[28.903761,36.650856],[28.904249,36.650901],[28.904509,36.650897],[28.905813,36.650391],[28.906191,36.650202],[28.907181,36.649935],[28.907227,36.649922],[28.907517,36.649734],[28.907907,36.649308],[28.908205,36.648738],[28.908247,36.648331],[28.908205,36.648042],[28.908148,36.64782],[28.908022,36.647651],[28.907911,36.647391],[28.907785,36.647183],[28.907538,36.647029],[28.907258,36.646968],[28.90721,36.646946],[28.906906,36.646803],[28.906626,36.646715],[28.905811,36.646781],[28.905636,36.646718],[28.905614,36.646508],[28.905489,36.646379],[28.905297,36.646356],[28.905245,36.646357],[28.905136,36.646407],[28.904919,36.646506],[28.904762,36.646509],[28.904587,36.646446],[28.903805,36.645861],[28.903732,36.645704],[28.903815,36.645572],[28.903942,36.645525],[28.904194,36.645447],[28.904329,36.645275],[28.904324,36.645051],[28.904388,36.644854],[28.904933,36.644412],[28.905108,36.644229],[28.905137,36.644198],[28.905202,36.64404],[28.90519,36.643567],[28.905091,36.643057],[28.905066,36.642755],[28.905093,36.642426],[28.905068,36.642099],[28.904972,36.641759],[28.90495,36.641575],[28.905115,36.641205],[28.905665,36.640986],[28.905801,36.640853],[28.90597,36.640653],[28.906155,36.640388],[28.906252,36.640097],[28.906248,36.639953],[28.90621,36.639835],[28.906103,36.639706],[28.905808,36.639724],[28.905377,36.639836],[28.905068,36.639985],[28.904654,36.640136],[28.904067,36.640263],[28.902572,36.640347],[28.901443,36.640482],[28.900562,36.640693],[28.899583,36.641088],[28.899478,36.64113],[28.899015,36.641387],[28.898626,36.6418],[28.898269,36.642108],[28.897941,36.642218],[28.897713,36.642117],[28.897725,36.64188],[28.898015,36.641025],[28.898016,36.641022],[28.897973,36.640695],[28.897845,36.640395],[28.89765,36.64024],[28.897335,36.64018],[28.896431,36.640142],[28.896185,36.640014],[28.895883,36.639743],[28.895549,36.639591],[28.89522,36.639636],[28.894588,36.640092],[28.893669,36.640475],[28.893539,36.640529],[28.892934,36.640644],[28.892413,36.640652],[28.892341,36.640535],[28.892628,36.640146],[28.892694,36.640057],[28.892705,36.639794],[28.892577,36.639533],[28.892383,36.639418],[28.891558,36.639077],[28.890704,36.638858],[28.890194,36.638625],[28.890143,36.638601],[28.890037,36.638553],[28.889992,36.638484],[28.889856,36.63828],[28.889976,36.638213],[28.890116,36.638181],[28.890287,36.638142],[28.890422,36.63797],[28.890417,36.637773],[28.890243,36.637466],[28.890217,36.637421],[28.889864,36.637178],[28.889532,36.637117],[28.888803,36.637142],[28.888524,36.637081],[28.888398,36.636899],[28.888096,36.636628],[28.887785,36.63659],[28.887715,36.636582],[28.887366,36.636613],[28.887102,36.636473],[28.88708,36.636303],[28.887198,36.636156],[28.887263,36.636031],[28.887281,36.635998],[28.887259,36.635788],[28.88715,36.635606],[28.886973,36.635451],[28.886935,36.63532],[28.887071,36.6352],[28.887064,36.634911],[28.887024,36.634702],[28.886846,36.634508],[28.886424,36.634317],[28.885787,36.634196],[28.885534,36.634148],[28.88534,36.63402],[28.885353,36.633835],[28.885367,36.63376],[28.885375,36.633721],[28.885414,36.633512],[28.885408,36.633263],[28.885456,36.633104],[28.885729,36.632916],[28.886125,36.632765],[28.886348,36.632631],[28.88658,36.632194],[28.886992,36.631977],[28.887543,36.631771],[28.888027,36.631698],[28.888656,36.631819],[28.889125,36.631838],[28.889592,36.631739],[28.890392,36.631096],[28.890754,36.630959],[28.891135,36.630927],[28.89134,36.630792],[28.891456,36.630567],[28.891436,36.630423],[28.891261,36.630373],[28.890949,36.630391],[28.890603,36.630462],[28.890221,36.630468],[28.890029,36.630419],[28.888649,36.63052],[28.888179,36.630475],[28.887843,36.630244],[28.887545,36.630117],[28.887267,36.630109],[28.886003,36.630299],[28.885654,36.630226],[28.885303,36.630087],[28.884852,36.630094],[28.884456,36.630245],[28.884046,36.630514],[28.883381,36.63105],[28.88315,36.631539],[28.883081,36.63158],[28.882744,36.631283],[28.882462,36.631104],[28.882231,36.630884],[28.881913,36.630666],[28.881456,36.630463],[28.880969,36.630432],[28.880944,36.630438],[28.880641,36.630516],[28.880561,36.630579],[28.880334,36.630757],[28.880059,36.630853],[28.879779,36.630805],[28.879393,36.630627],[28.879145,36.630434],[28.878724,36.63027],[28.878394,36.630275],[28.878217,36.630134],[28.878159,36.629872],[28.878256,36.629688],[28.878375,36.629475],[28.878527,36.629315],[28.878769,36.629232],[28.879115,36.629252],[28.880021,36.629304],[28.88054,36.629217],[28.880975,36.629237],[28.881271,36.629285],[28.881547,36.629201],[28.881837,36.628987],[28.882051,36.628358],[28.882045,36.628109],[28.881952,36.627861],[28.881946,36.627624],[28.882045,36.627413],[28.882092,36.627189],[28.882036,36.627019],[28.881837,36.626707],[28.881707,36.626368],[28.88151,36.626108],[28.88135,36.62594],[28.88054,36.625493],[28.879704,36.625402],[28.879405,36.625249],[28.879093,36.625267],[28.878837,36.625468],[28.87858,36.625629],[28.878376,36.62579],[28.878227,36.626094],[28.878022,36.626255],[28.877779,36.626259],[28.8775,36.626211],[28.877241,36.626254],[28.876679,36.626027],[28.876421,36.626123],[28.876303,36.626256],[28.876199,36.626284],[28.876038,36.626103],[28.875946,36.625855],[28.875766,36.625621],[28.875504,36.625533],[28.875226,36.625538],[28.874965,36.625516],[28.874557,36.625168],[28.873756,36.624961],[28.873649,36.624909],[28.873598,36.624884],[28.873582,36.624791],[28.873578,36.624767],[28.873765,36.624593],[28.873914,36.624302],[28.874137,36.624193],[28.874258,36.624152],[28.874427,36.623965],[28.874423,36.623795],[28.874504,36.623584],[28.875611,36.62266],[28.875796,36.622421],[28.87586,36.622197],[28.875854,36.621934],[28.875763,36.621752],[28.875602,36.621584],[28.875355,36.621404],[28.875056,36.621277],[28.874551,36.621206],[28.87413,36.621042],[28.873795,36.620838],[28.87348,36.620711],[28.873008,36.6206],[28.872727,36.62046],[28.872378,36.620387],[28.872102,36.62047],[28.871915,36.620657],[28.871568,36.620676],[28.871223,36.620747],[28.87088,36.620936],[28.87081,36.620911],[28.870598,36.620783],[28.870408,36.620838],[28.870239,36.621012],[28.870107,36.621289],[28.869972,36.621462],[28.869909,36.621752],[28.869757,36.621899],[28.869447,36.622035],[28.869031,36.622068],[28.868893,36.622096],[28.868747,36.62234],[28.868726,36.622374],[28.868659,36.622405],[28.86852,36.62247],[28.868258,36.622408],[28.867958,36.622216],[28.867609,36.622143],[28.867229,36.622214],[28.867074,36.622295],[28.866969,36.622258],[28.866946,36.622035],[28.866975,36.621798],[28.867401,36.621463],[28.867773,36.621037],[28.867907,36.620838],[28.868266,36.62049],[28.868371,36.620387],[28.868399,36.620358],[28.868717,36.619841],[28.868722,36.619732],[28.868728,36.619591],[28.868707,36.619434],[28.868353,36.619143],[28.868182,36.619059],[28.867053,36.618534],[28.866108,36.618263],[28.865289,36.618115],[28.86506,36.617974],[28.865056,36.617843],[28.86521,36.617722],[28.865552,36.617507],[28.865725,36.617465],[28.866192,36.617405],[28.866524,36.617416],[28.866731,36.617423],[28.86685,36.617329],[28.867125,36.617206],[28.867333,36.617164],[28.868168,36.617243],[28.868375,36.61724],[28.869419,36.617262],[28.870225,36.617552],[28.870573,36.617599],[28.871281,36.61743],[28.871434,36.61727],[28.871463,36.61706],[28.871458,36.61685],[28.871368,36.616707],[28.871191,36.616552],[28.870964,36.616516],[28.87074,36.616572],[28.870621,36.616692],[28.870573,36.616877],[28.870488,36.616931],[28.870294,36.616828],[28.870184,36.616555],[28.870196,36.616344],[28.870121,36.616122],[28.869892,36.615995],[28.869508,36.615922],[28.868595,36.615904],[28.868309,36.615901],[28.867772,36.615949],[28.867445,36.616085],[28.86717,36.616169],[28.866909,36.616173],[28.866715,36.616058],[28.866694,36.6159],[28.866695,36.615231],[28.866794,36.61498],[28.866823,36.614782],[28.866724,36.614226],[28.866788,36.614002],[28.866855,36.613882],[28.867028,36.61384],[28.867406,36.613703],[28.867816,36.613408],[28.86802,36.613221],[28.868172,36.613048],[28.868306,36.612862],[28.868319,36.612665],[28.868226,36.612404],[28.867866,36.611897],[28.867645,36.611349],[28.86736,36.611065],[28.866687,36.610722],[28.866534,36.610644],[28.866355,36.610437],[28.866367,36.610201],[28.866485,36.610054],[28.866898,36.60982],[28.867341,36.609568],[28.868323,36.608503],[28.868489,36.608211],[28.86862,36.607855],[28.868627,36.607421],[28.868509,36.606859],[28.868379,36.606506],[28.868215,36.606193],[28.868011,36.605988],[28.867984,36.605961],[28.867891,36.605739],[28.867919,36.605691],[28.867978,36.605591],[28.867992,36.605567],[28.869103,36.604813],[28.869446,36.604624],[28.870116,36.604351],[28.871196,36.603782],[28.872575,36.603354],[28.87297,36.60315],[28.873793,36.602744],[28.874189,36.602593],[28.874534,36.602509],[28.874863,36.602464],[28.875422,36.602587],[28.875543,36.602585],[28.87568,36.602491],[28.875729,36.602372],[28.875566,36.602085],[28.875247,36.601802],[28.87493,36.601623],[28.874562,36.601511],[28.87428,36.601331],[28.873825,36.601194],[28.872853,36.601196],[28.872133,36.601575],[28.871666,36.601635],[28.870415,36.601641],[28.869604,36.601825],[28.868915,36.602059],[28.868056,36.602125],[28.864855,36.602046],[28.864513,36.602037],[28.863464,36.601752],[28.863046,36.601693],[28.862641,36.60145],[28.862238,36.601325],[28.861163,36.601354],[28.860953,36.601292],[28.860827,36.601137],[28.860786,36.600835],[28.86071,36.600587],[28.860494,36.600275],[28.860395,36.599765],[28.860093,36.599467],[28.859793,36.599288],[28.859647,36.599002],[28.859714,36.598896],[28.859709,36.598686],[28.858705,36.597237],[28.858438,36.596952],[28.858257,36.596627],[28.858181,36.596378],[28.857932,36.596133],[28.857049,36.59549],[28.856,36.594958],[28.855371,36.594784],[28.855005,36.594724],[28.854109,36.594291],[28.85362,36.594141],[28.852718,36.593486],[28.852309,36.593072],[28.851861,36.592462],[28.851542,36.592191],[28.851328,36.591958],[28.850938,36.591636],[28.850306,36.59133],[28.849918,36.591074],[28.849321,36.590821],[28.849002,36.590524],[28.848596,36.590267],[28.847424,36.589905],[28.846787,36.589443],[28.846384,36.589091],[28.846327,36.589042],[28.845975,36.588824],[28.845751,36.58888],[28.845633,36.58904],[28.845625,36.589297],[28.845623,36.589355],[28.845517,36.590026],[28.84556,36.590354],[28.845634,36.59055],[28.84599,36.59166],[28.846034,36.592014],[28.845988,36.592277],[28.845871,36.592476],[28.845202,36.593397],[28.844861,36.594387],[28.844886,36.594675],[28.845057,36.595303],[28.845149,36.595525],[28.845207,36.59576],[28.844951,36.596547],[28.84485,36.59672],[28.844702,36.59705],[28.844726,36.597312],[28.844713,36.597483],[28.844593,36.59759],[28.844264,36.597595],[28.843898,36.597548],[28.842891,36.597551],[28.842321,36.597691],[28.841943,36.597867],[28.841722,36.598042],[28.840935,36.598526],[28.840374,36.599047],[28.840177,36.59951],[28.839936,36.599631],[28.83954,36.599756],[28.838919,36.59967],[28.838641,36.599781],[28.83861,36.599793],[28.838336,36.599955],[28.838179,36.60013],[28.838014,36.600314],[28.837733,36.60087],[28.837637,36.601226],[28.837667,36.601777],[28.837655,36.601974],[28.837415,36.602135],[28.836499,36.602307],[28.836238,36.602298],[28.835876,36.602382],[28.835051,36.602762],[28.83381,36.603136],[28.833453,36.603457],[28.833231,36.603618],[28.8324,36.603722],[28.831953,36.603913],[28.831697,36.604072],[28.831628,36.604115],[28.831368,36.604158],[28.831143,36.604162],[28.830955,36.604296],[28.830734,36.604523],[28.830477,36.604671],[28.829935,36.605231],[28.829356,36.605725],[28.829275,36.605976],[28.829313,36.60612],[28.829439,36.606289],[28.829425,36.60642],[28.829288,36.606501],[28.829172,36.606771],[28.829257,36.606915],[28.82928,36.606954],[28.829791,36.607235],[28.830021,36.607428],[28.830181,36.607609],[28.830291,36.607831],[28.830278,36.608028],[28.830092,36.608228],[28.829799,36.608324],[28.829544,36.608578],[28.829395,36.608856],[28.829174,36.609069],[28.829023,36.609281],[28.828961,36.609611],[28.829129,36.61012],[28.829273,36.610302],[28.830102,36.610867],[28.83055,36.610976],[28.830801,36.611053],[28.83089,36.611143],[28.830791,36.611342],[28.830672,36.611475],[28.830313,36.611717],[28.83009,36.611825],[28.829805,36.611849],[28.829709,36.611857],[28.829187,36.611813],[28.829013,36.611815],[28.82886,36.611949],[28.828601,36.612538],[28.828414,36.612685],[28.828105,36.612834],[28.827968,36.612954],[28.827416,36.613107],[28.826775,36.613156],[28.826514,36.613152],[28.826375,36.61315],[28.825601,36.612728],[28.825268,36.612589],[28.825113,36.612631],[28.82496,36.61279],[28.824878,36.612989],[28.824857,36.61358],[28.82478,36.613975],[28.824697,36.614173],[28.824687,36.614475],[28.82471,36.614698],[28.824803,36.614946],[28.825463,36.615711],[28.825625,36.615957],[28.825761,36.616572],[28.825785,36.616848],[28.825843,36.617083],[28.82585,36.617095],[28.825952,36.617279],[28.826162,36.617341],[28.826513,36.617506],[28.826692,36.617753],[28.826857,36.618092],[28.82688,36.618328],[28.826957,36.618655],[28.82703,36.618811],[28.826985,36.619101],[28.826716,36.619473],[28.82672,36.619669],[28.82675,36.619774],[28.826814,36.61997],[28.827831,36.620361],[28.82799,36.620477],[28.828063,36.620634],[28.82805,36.620804],[28.828001,36.62095],[28.827913,36.621741],[28.827917,36.621925],[28.827872,36.622188],[28.827791,36.622439],[28.827657,36.622651],[28.827167,36.623262],[28.827019,36.623606],[28.827009,36.623623],[28.826585,36.624335],[28.826313,36.624601],[28.82605,36.624807],[28.826006,36.624842],[28.82568,36.624992],[28.824644,36.62527],[28.824335,36.625433],[28.824201,36.625645],[28.824224,36.625868],[28.824351,36.626089],[28.824512,36.626296],[28.824919,36.626632],[28.825064,36.626879],[28.825331,36.627137],[28.825542,36.627252],[28.82577,36.627328],[28.826268,36.627308],[28.827122,36.627228],[28.827697,36.627285],[28.828048,36.627463],[28.828456,36.627811],[28.828684,36.627926],[28.829006,36.627958],[28.829405,36.627938],[28.829672,36.627859],[28.829733,36.627841],[28.830407,36.627713],[28.830717,36.627603],[28.830996,36.627638],[28.831104,36.627807],[28.831135,36.628358],[28.831278,36.628527],[28.831912,36.628924],[28.832436,36.629034],[28.832886,36.628975],[28.833408,36.62898],[28.833948,36.629076],[28.834351,36.629215],[28.834645,36.629158],[28.834919,36.628983],[28.835102,36.628638],[28.835371,36.628267],[28.835767,36.628129],[28.836201,36.628123],[28.836841,36.628717],[28.837004,36.629003],[28.837041,36.629121],[28.837045,36.629265],[28.836827,36.62961],[28.836728,36.629808],[28.836717,36.630071],[28.836757,36.630307],[28.836889,36.630751],[28.838203,36.631916],[28.83825,36.631958],[28.842277,36.634771],[28.84356,36.635368],[28.844197,36.635857],[28.84446,36.635971],[28.845783,36.636069],[28.846341,36.636165],[28.847454,36.63624],[28.847892,36.636378],[28.848139,36.636518],[28.848348,36.636541],[28.849144,36.63645],[28.849596,36.636456],[28.850711,36.636633],[28.851253,36.636719],[28.851708,36.63687],[28.851921,36.637063],[28.852118,36.637297],[28.85221,36.637532],[28.852149,36.637847],[28.85205,36.638099],[28.851794,36.63826],[28.851637,36.638236],[28.851185,36.638217],[28.850825,36.638446],[28.850674,36.638671],[28.850046,36.639081],[28.849737,36.639243],[28.849576,36.639241],[28.848278,36.639227],[28.847828,36.639299],[28.847365,36.639569],[28.846941,36.639996],[28.846745,36.640339],[28.846691,36.640433],[28.846465,36.641172],[28.846227,36.641372],[28.845398,36.641582],[28.845123,36.641691],[28.844721,36.641619],[28.844367,36.641335],[28.844069,36.641222],[28.843914,36.641264],[28.843795,36.64141],[28.843784,36.641673],[28.843685,36.641884],[28.843548,36.641965],[28.843238,36.642075],[28.843155,36.642247],[28.843143,36.64247],[28.842992,36.642683],[28.842646,36.642767],[28.842437,36.642744],[28.842208,36.642577],[28.841993,36.642331],[28.841604,36.642048],[28.84117,36.642055],[28.840504,36.642295],[28.839775,36.642234],[28.838831,36.641986],[28.838287,36.641732],[28.837861,36.641358],[28.83761,36.641046],[28.837345,36.64084],[28.83696,36.640728],[28.836474,36.640749],[28.836056,36.640703],[28.835531,36.64054],[28.834072,36.639827],[28.833583,36.639717],[28.833183,36.639723],[28.83259,36.639627],[28.832169,36.639437],[28.831313,36.639253],[28.830856,36.639037],[28.830578,36.639015],[28.830424,36.639109],[28.830343,36.639346],[28.830297,36.639636],[28.830308,36.640095],[28.830423,36.640527],[28.830514,36.640709],[28.830409,36.641388],[28.830486,36.641715],[28.830832,36.642379],[28.830874,36.642707],[28.830831,36.643101],[28.830516,36.643736],[28.83028,36.644042],[28.829448,36.644842],[28.829454,36.645092],[28.829631,36.645233],[28.829894,36.645334],[28.830141,36.645501],[28.83035,36.645524],[28.830506,36.645496],[28.830514,36.645498],[28.830698,36.645532],[28.830684,36.645664],[28.830565,36.645797],[28.83048,36.646054],[28.830476,36.64611],[28.830528,36.646357],[28.830449,36.646673],[28.83044,36.646691],[28.830333,36.646898],[28.830419,36.647023],[28.830441,36.647054],[28.83067,36.647195],[28.830777,36.647311],[28.830712,36.647496],[28.830509,36.647723],[28.830369,36.647832],[28.830168,36.64799],[28.829342,36.648331],[28.829,36.648573],[28.828814,36.648812],[28.828812,36.649442],[28.828713,36.64968],[28.828374,36.65004],[28.828326,36.650224],[28.828193,36.650463],[28.828165,36.650726],[28.828102,36.651016],[28.827934,36.651268],[28.827764,36.651402],[28.82768,36.651521],[28.827701,36.651691],[28.827825,36.651794],[28.827775,36.651887],[28.827653,36.65185],[28.827301,36.651684],[28.8269,36.651638],[28.826468,36.65171],[28.826073,36.651926],[28.825852,36.65214],[28.825668,36.652405],[28.825389,36.653478],[28.825344,36.653794],[28.825279,36.653979],[28.825195,36.654072],[28.825024,36.654193],[28.824334,36.655175],[28.824291,36.65553],[28.824243,36.655728],[28.824127,36.655966],[28.824129,36.655978],[28.824148,36.65611],[28.82424,36.656318],[28.824173,36.656451],[28.823876,36.656363],[28.823758,36.656258],[28.823645,36.656157],[28.823276,36.655966],[28.823066,36.655929],[28.822633,36.655989],[28.822428,36.656136],[28.822283,36.656585],[28.822143,36.656574],[28.822069,36.656378],[28.82189,36.656144],[28.821576,36.656083],[28.821403,36.656139],[28.821234,36.656312],[28.821123,36.656786],[28.820885,36.657026],[28.82051,36.657334],[28.820377,36.657559],[28.820383,36.657808],[28.820441,36.658083],[28.820411,36.658281],[28.820297,36.658611],[28.820247,36.658679],[28.820112,36.658863],[28.819769,36.659052],[28.81918,36.659099],[28.818954,36.659117],[28.818852,36.659172],[28.818679,36.659266],[28.818595,36.659385],[28.818338,36.659533],[28.818113,36.659576],[28.817384,36.659614],[28.816949,36.659594],[28.816494,36.65947],[28.816112,36.659475],[28.815816,36.659427],[28.815186,36.65924],[28.814835,36.659088],[28.81468,36.658976],[28.814463,36.658818],[28.813821,36.657688],[28.813519,36.657391],[28.813269,36.657093],[28.813073,36.656899],[28.81267,36.656774],[28.812546,36.656644],[28.812471,36.656448],[28.812225,36.656334],[28.811602,36.656409],[28.811339,36.656334],[28.811178,36.65614],[28.811173,36.65593],[28.811031,36.655775],[28.810822,36.655751],[28.810649,36.655793],[28.810601,36.655978],[28.810641,36.656187],[28.810629,36.656424],[28.810424,36.656558],[28.810181,36.656575],[28.809832,36.656541],[28.809709,36.656477],[28.809415,36.656508],[28.809383,36.656627],[28.809193,36.656695],[28.809123,36.65667],[28.808413,36.65676],[28.808011,36.656661],[28.807607,36.656483],[28.807189,36.656437],[28.806821,36.656311],[28.806398,36.656081],[28.805909,36.655944],[28.805439,36.655938],[28.804662,36.656147],[28.804395,36.656136],[28.803949,36.656118],[28.803425,36.655982],[28.803124,36.655737],[28.803014,36.655489],[28.802765,36.65527],[28.802639,36.655075],[28.802617,36.654878],[28.802377,36.654595],[28.802164,36.654402],[28.802174,36.654206],[28.802176,36.654178],[28.802383,36.654096],[28.80247,36.654082],[28.802571,36.653949],[28.802566,36.653752],[28.802404,36.653505],[28.802207,36.653272],[28.801925,36.653092],[28.801591,36.65294],[28.800467,36.652571],[28.800366,36.652538],[28.800017,36.652491],[28.799618,36.652523],[28.798973,36.652415],[28.798696,36.652485],[28.798371,36.652673],[28.798094,36.65273],[28.797708,36.652565],[28.797148,36.652403],[28.796935,36.652209],[28.796825,36.651961],[28.796731,36.651661],[28.796567,36.651322],[28.796493,36.651113],[28.796381,36.651039],[28.796298,36.650985],[28.795951,36.650977],[28.795567,36.650904],[28.795339,36.650828],[28.794821,36.650968],[28.794439,36.650947],[28.794163,36.651056],[28.793908,36.651283],[28.793975,36.652888],[28.794015,36.653854],[28.79406,36.654927],[28.794115,36.655044],[28.794259,36.655252],[28.794268,36.65526],[28.79449,36.655459],[28.794776,36.655796],[28.795258,36.656366],[28.795383,36.656451],[28.795523,36.656546],[28.795699,36.656635],[28.79581,36.656865],[28.795797,36.657088],[28.79568,36.657248],[28.795616,36.657485],[28.795742,36.65768],[28.795902,36.657861],[28.79591,36.658202],[28.795794,36.658441],[28.795224,36.65858],[28.795145,36.658628],[28.795052,36.658684],[28.795001,36.658715],[28.7946,36.658655],[28.794357,36.658646],[28.794239,36.658805],[28.794227,36.659042],[28.794269,36.659343],[28.794679,36.659823],[28.794773,36.660097],[28.794985,36.660278],[28.795164,36.660485],[28.795554,36.661095],[28.795567,36.661106],[28.795968,36.661431],[28.796051,36.661501],[28.796287,36.661702],[28.796273,36.661847],[28.79619,36.661858],[28.796065,36.661876],[28.795841,36.661958],[28.795862,36.662116],[28.796094,36.662348],[28.796219,36.662517],[28.796488,36.663111],[28.797059,36.663864],[28.797432,36.664725],[28.797562,36.664909],[28.798393,36.66619],[28.798759,36.666457],[28.799087,36.666388],[28.79956,36.666434],[28.800384,36.6668],[28.800559,36.666861],[28.801058,36.666941],[28.801019,36.667278],[28.801017,36.667383],[28.801129,36.667487],[28.801383,36.667616],[28.801854,36.667657],[28.803107,36.667554],[28.80319,36.667547],[28.803721,36.667689],[28.804422,36.66804],[28.805086,36.66819],[28.806339,36.668286],[28.806409,36.668376],[28.806661,36.668759],[28.806667,36.668892],[28.806551,36.668974],[28.806031,36.669448],[28.80571,36.669612],[28.805657,36.669614],[28.805536,36.669618],[28.805153,36.669681],[28.804915,36.66989],[28.804881,36.669892],[28.804549,36.669791],[28.804027,36.669534],[28.80357,36.669534],[28.80344,36.669711],[28.803617,36.669892],[28.803947,36.670071],[28.804177,36.670248],[28.804166,36.670354],[28.80405,36.670422],[28.803591,36.670304],[28.803353,36.670274],[28.803099,36.670455],[28.803028,36.670648],[28.803002,36.670931],[28.802826,36.671206],[28.802486,36.671176],[28.802312,36.671209],[28.802022,36.671489],[28.801641,36.672111],[28.8015,36.672179],[28.801215,36.67221],[28.80109,36.672285],[28.800786,36.672898],[28.800588,36.672989],[28.800402,36.672971],[28.800289,36.67282],[28.800132,36.672699],[28.799972,36.672805],[28.799889,36.672874],[28.799825,36.673211],[28.799839,36.67331],[28.799794,36.673392],[28.79966,36.673505],[28.79966,36.673663],[28.799752,36.673877],[28.800096,36.674337],[28.800237,36.674643],[28.800261,36.674845],[28.800117,36.674975],[28.799952,36.67501],[28.799902,36.675113],[28.799922,36.675144],[28.800292,36.675359],[28.8003,36.675373],[28.800331,36.67542],[28.800253,36.675437],[28.800236,36.675437],[28.799785,36.675437],[28.79968,36.675548],[28.799585,36.675639],[28.799344,36.675879],[28.799188,36.676281],[28.799166,36.676352],[28.798976,36.676566],[28.798631,36.676735],[28.798344,36.677099],[28.798124,36.677475],[28.79755,36.677841],[28.797385,36.677994],[28.79744,36.678254],[28.797473,36.678407],[28.79738,36.678314],[28.79734,36.678273],[28.797207,36.67844],[28.797069,36.678563],[28.797045,36.678644],[28.796893,36.678758],[28.796627,36.678991],[28.796394,36.679125],[28.796261,36.679234],[28.795961,36.679391],[28.795671,36.679543],[28.795386,36.679615],[28.795214,36.679691],[28.795053,36.679843],[28.79501,36.679981],[28.794963,36.680114],[28.79492,36.680161],[28.794691,36.680266],[28.794658,36.680304],[28.794649,36.680528],[28.79462,36.680585],[28.794454,36.680685],[28.794287,36.680803],[28.79413,36.680899],[28.794007,36.680941],[28.794002,36.681046],[28.793893,36.681217],[28.793669,36.681431],[28.793645,36.681469],[28.793626,36.681707],[28.793607,36.681821],[28.793582,36.681858],[28.793465,36.68203],[28.793341,36.68213],[28.793022,36.682368],[28.792609,36.682611],[28.792513,36.682649],[28.792509,36.682649],[28.792399,36.682644],[28.79229,36.682658],[28.791943,36.682982],[28.791752,36.683167],[28.791586,36.683229],[28.791377,36.683291],[28.791263,36.683376],[28.791096,36.683552],[28.790839,36.6838],[28.790678,36.683866],[28.790335,36.684099],[28.789988,36.684309],[28.789889,36.684449],[28.789874,36.68447],[28.789617,36.684722],[28.789489,36.684884],[28.789394,36.684974],[28.78927,36.684979],[28.78918,36.685012],[28.789051,36.685084],[28.789013,36.685136],[28.788457,36.685493],[28.788191,36.685745],[28.78782,36.686049],[28.787539,36.686311],[28.787311,36.686434],[28.787159,36.686506],[28.787073,36.686444],[28.786987,36.686434],[28.786916,36.68653],[28.78691,36.686631],[28.786887,36.686647],[28.786853,36.686675],[28.786786,36.686696],[28.786641,36.686704],[28.786607,36.686663],[28.786612,36.686591],[28.786605,36.686555],[28.786578,36.686539],[28.78655,36.686523],[28.786512,36.68652],[28.786509,36.68652],[28.786401,36.686539],[28.786245,36.686628],[28.786162,36.686687],[28.786156,36.686691],[28.786067,36.686753],[28.78563,36.687017],[28.785288,36.687163],[28.785034,36.687282],[28.784945,36.687341],[28.784717,36.687452],[28.784432,36.687556],[28.784328,36.687604],[28.784099,36.687665],[28.783901,36.68773],[28.783695,36.687826],[28.783369,36.687946],[28.783178,36.688009],[28.782886,36.688098],[28.782673,36.688161],[28.782653,36.688165],[28.78246,36.688207],[28.78236,36.688246],[28.782286,36.688293],[28.782276,36.688312],[28.782266,36.68833],[28.782264,36.688389],[28.782334,36.688489],[28.782377,36.688528],[28.78241,36.688583],[28.782449,36.688613],[28.782554,36.68867],[28.782564,36.688717],[28.782536,36.688761],[28.782471,36.688796],[28.782417,36.688804],[28.782371,36.688765],[28.782338,36.688724],[28.782319,36.688663],[28.782266,36.68863],[28.782186,36.6886],[28.782054,36.688554],[28.781936,36.688472],[28.781904,36.688457],[28.781866,36.688441],[28.781777,36.688457],[28.781623,36.688526],[28.780999,36.688717],[28.78049,36.688904],[28.780041,36.689106],[28.7788,36.689615],[28.777882,36.689917],[28.777124,36.690245],[28.776144,36.690607],[28.775904,36.690654],[28.775669,36.690774],[28.77536,36.690882],[28.775146,36.69097],[28.774876,36.691123],[28.774509,36.691258],[28.773711,36.69154],[28.773349,36.691707],[28.773121,36.691811],[28.772884,36.69186],[28.772696,36.691962],[28.772308,36.692091],[28.771909,36.692185],[28.771584,36.692189],[28.771524,36.692165],[28.771505,36.692131],[28.771503,36.692085],[28.771506,36.692038],[28.771497,36.691986],[28.771427,36.691883],[28.771377,36.691811],[28.771346,36.691728],[28.771303,36.691597],[28.771208,36.691469],[28.771142,36.691409],[28.771047,36.691416],[28.770979,36.691443],[28.770952,36.691474],[28.770956,36.691509],[28.770987,36.691552],[28.771063,36.691664],[28.771098,36.691738],[28.771162,36.69197],[28.7712,36.692049],[28.771245,36.692142],[28.771405,36.692421],[28.77137,36.692456],[28.771304,36.692466],[28.771243,36.69252],[28.771243,36.692539],[28.771243,36.692583],[28.771334,36.692634],[28.771448,36.692664],[28.771532,36.692722],[28.771599,36.692755],[28.771625,36.692786],[28.771623,36.692862],[28.771592,36.692911],[28.771544,36.692966],[28.771519,36.693003],[28.771491,36.693048],[28.771486,36.693077],[28.771503,36.693105],[28.771539,36.693132],[28.771628,36.693133],[28.771659,36.693155],[28.771645,36.693188],[28.77161,36.693204],[28.771559,36.6932],[28.771512,36.693185],[28.771476,36.693184],[28.771426,36.693152],[28.771417,36.693114],[28.771418,36.693045],[28.77145,36.692949],[28.771471,36.692912],[28.771504,36.692878],[28.771522,36.692839],[28.77152,36.692779],[28.771505,36.69274],[28.771408,36.692725],[28.771224,36.6928],[28.771083,36.692901],[28.770899,36.692909],[28.770715,36.692811],[28.770678,36.692752],[28.770093,36.691809],[28.769865,36.691907],[28.77012,36.692377],[28.770022,36.692612],[28.769752,36.692847],[28.769396,36.693132],[28.76918,36.693238],[28.768992,36.693359],[28.768818,36.693454],[28.768754,36.693489],[28.768229,36.693767],[28.767787,36.693896],[28.767444,36.693997],[28.7671,36.694086],[28.767016,36.694107],[28.766944,36.694142],[28.766753,36.694236],[28.766374,36.694401],[28.765943,36.694557],[28.765498,36.694749],[28.764992,36.694921],[28.764295,36.695191],[28.763802,36.695368],[28.763325,36.69552],[28.763223,36.695528],[28.762953,36.695603],[28.762639,36.695779],[28.762299,36.696006],[28.762189,36.696092],[28.761911,36.696209],[28.761641,36.696272],[28.761324,36.696323],[28.760819,36.696401],[28.760436,36.696507],[28.759747,36.696707],[28.759183,36.696898],[28.759105,36.696925],[28.758666,36.697075],[28.758626,36.697091],[28.758326,36.697212],[28.758028,36.697368],[28.757743,36.697532],[28.757717,36.697542],[28.756556,36.697967],[28.756259,36.698022],[28.755633,36.698249],[28.755312,36.698437],[28.755061,36.698472],[28.75466,36.698485],[28.754446,36.698525],[28.754011,36.698655],[28.753605,36.698785],[28.753197,36.698894],[28.752898,36.698936],[28.752691,36.698999],[28.752476,36.699076],[28.752188,36.699173],[28.751522,36.699363],[28.751222,36.69945],[28.750941,36.699517],[28.750803,36.699535],[28.750467,36.699604],[28.750305,36.699715],[28.750241,36.69976],[28.749769,36.699873],[28.75208,36.70472],[28.754492,36.711053],[28.756525,36.718202],[28.764542,36.737938],[28.767307,36.743768],[28.768965,36.74814],[28.769568,36.752211],[28.770775,36.757638],[28.773337,36.765327],[28.774544,36.770755],[28.77786,36.781609],[28.780122,36.788092],[28.782082,36.799249],[28.782534,36.809501],[28.782166,36.818215],[28.782637,36.818147],[28.783102,36.818047],[28.783559,36.81792],[28.784007,36.81777],[28.78448,36.817586],[28.785415,36.817191],[28.78589,36.817004],[28.786346,36.816847],[28.786811,36.816709],[28.787285,36.816586],[28.787766,36.81648],[28.788289,36.816384],[28.788818,36.816302],[28.789886,36.816168],[28.791501,36.816004],[28.796367,36.815564],[28.797991,36.815431],[28.799075,36.815365],[28.799617,36.815346],[28.800116,36.815341],[28.800615,36.815348],[28.801112,36.815369],[28.801607,36.815407],[28.802105,36.815463],[28.802599,36.815537],[28.80309,36.815626],[28.803577,36.81573],[28.804063,36.815851],[28.804542,36.815987],[28.805015,36.816138],[28.805478,36.816306],[28.805945,36.816498],[28.806503,36.816761],[28.806843,36.816934],[28.807272,36.817177],[28.80769,36.81744],[28.808092,36.817718],[28.80848,36.818007],[28.808852,36.818306],[28.809204,36.818614],[28.809532,36.81893],[28.809827,36.819258],[28.810079,36.819598],[28.810272,36.819955],[28.810397,36.820338],[28.810461,36.820738],[28.810479,36.821149],[28.810464,36.821567],[28.810422,36.82199],[28.810357,36.822415],[28.810272,36.82284],[28.810165,36.823262],[28.810034,36.823678],[28.809871,36.824087],[28.809702,36.824429],[28.809508,36.824762],[28.80929,36.825087],[28.809052,36.825402],[28.808791,36.825706],[28.808449,36.826053],[28.808083,36.826387],[28.8077,36.82671],[28.806901,36.827338],[28.80608,36.827953],[28.805603,36.828301],[28.80442,36.829166],[28.803169,36.830067],[28.802444,36.830577],[28.801469,36.831231],[28.801029,36.831505],[28.800601,36.831756],[28.800163,36.831996],[28.799716,36.832224],[28.79926,36.832439],[28.798814,36.832632],[28.797472,36.833193],[28.797035,36.833397],[28.796614,36.833615],[28.796216,36.833852],[28.795847,36.834112],[28.795551,36.834364],[28.795283,36.834636],[28.795042,36.834923],[28.794827,36.835226],[28.794642,36.835542],[28.794462,36.835935],[28.794299,36.836398],[28.794195,36.836758],[28.794091,36.837182],[28.794,36.83761],[28.793839,36.838475],[28.793267,36.841957],[28.79316,36.842699],[28.793079,36.843261],[28.792996,36.844054],[28.792971,36.844439],[28.792961,36.844831],[28.792971,36.845221],[28.793004,36.845612],[28.793059,36.846001],[28.793132,36.846389],[28.793219,36.846776],[28.793321,36.847161],[28.793435,36.847539],[28.79369,36.84829],[28.79401,36.84914],[28.794475,36.850313],[28.794759,36.851009],[28.795341,36.852435],[28.795698,36.853281],[28.796074,36.85412],[28.796276,36.854535],[28.796492,36.85495],[28.796719,36.855361],[28.797204,36.856168],[28.797461,36.856564],[28.79773,36.856952],[28.798016,36.857329],[28.798323,36.857693],[28.798658,36.858037],[28.799023,36.858353],[28.799415,36.858651],[28.799827,36.858936],[28.800253,36.859211],[28.800689,36.859479],[28.80203,36.860262],[28.805657,36.862327],[28.809733,36.864686],[28.81064,36.865184],[28.811094,36.865416],[28.811548,36.865628],[28.812002,36.865812],[28.812506,36.865968],[28.81283,36.866042],[28.813234,36.866086],[28.813625,36.866063],[28.814037,36.865948],[28.814432,36.865757],[28.814813,36.865511],[28.815185,36.865224],[28.815483,36.864971],[28.815997,36.864511],[28.816379,36.864169],[28.816691,36.863907],[28.817072,36.863615],[28.81747,36.863345],[28.817883,36.863101],[28.818313,36.862892],[28.818739,36.862732],[28.819176,36.862616],[28.819618,36.862549],[28.820061,36.862538],[28.82048,36.862588],[28.820894,36.862689],[28.821301,36.862831],[28.821699,36.863007],[28.822132,36.863239],[28.822555,36.863499],[28.822924,36.863747],[28.823783,36.864372],[28.824347,36.864811],[28.824978,36.865302],[28.825754,36.865935],[28.826132,36.866255],[28.826498,36.86658],[28.826848,36.86691],[28.827175,36.867248],[28.827327,36.867428],[28.827445,36.867568],[28.827722,36.867966],[28.827895,36.868297],[28.828032,36.868641],[28.828138,36.868995],[28.828217,36.869357],[28.828272,36.869725],[28.828304,36.870119],[28.828318,36.870517],[28.828325,36.871722],[28.828345,36.872197],[28.828368,36.872525],[28.828415,36.872921],[28.828484,36.87331],[28.828583,36.87369],[28.828713,36.87404],[28.828876,36.874375],[28.829072,36.874692],[28.829304,36.874984],[28.82942,36.875095],[28.829576,36.875245],[28.829916,36.875482],[28.830297,36.875678],[28.83071,36.875835],[28.831148,36.875951],[28.831594,36.876022],[28.832052,36.876053],[28.832516,36.876047],[28.83298,36.876002],[28.833458,36.875913],[28.833932,36.875789],[28.834401,36.875638],[28.834865,36.875468],[28.835339,36.875276],[28.836393,36.874833],[28.836762,36.874685],[28.837227,36.874515],[28.837699,36.874359],[28.838177,36.874219],[28.838661,36.874097],[28.839144,36.873996],[28.839631,36.873914],[28.84012,36.87385],[28.840611,36.873806],[28.841099,36.873782],[28.841586,36.873781],[28.84207,36.873804],[28.842548,36.873855],[28.843078,36.873948],[28.8436,36.874072],[28.844117,36.874218],[28.844631,36.87438],[28.845653,36.874732],[28.84667,36.875104],[28.849721,36.876239],[28.852779,36.877361],[28.85379,36.877743],[28.854783,36.878142],[28.855185,36.87832],[28.855734,36.878582],[28.85618,36.878829],[28.856585,36.879091],[28.856963,36.879376],[28.857309,36.879683],[28.857619,36.880014],[28.857888,36.880368],[28.858124,36.880743],[28.858335,36.881131],[28.858558,36.881598],[28.85871,36.881937],[28.858882,36.882348],[28.859518,36.883936],[28.859673,36.884298],[28.859835,36.884643],[28.860058,36.885049],[28.860214,36.885296],[28.860247,36.885338],[28.86047,36.885627],[28.860761,36.885931],[28.860949,36.886088],[28.861087,36.886204],[28.861448,36.886438],[28.861837,36.886623],[28.862256,36.886769],[28.862698,36.886877],[28.863157,36.886951],[28.863674,36.886991],[28.864202,36.886999],[28.864738,36.886983],[28.865278,36.88695],[28.865822,36.886906],[28.866914,36.886793],[28.868006,36.88666],[28.86909,36.886506],[28.869584,36.886427],[28.870074,36.88634],[28.870559,36.886245],[28.871038,36.886139],[28.872491,36.885772],[28.872973,36.885669],[28.873441,36.885595],[28.873911,36.885549],[28.874378,36.885536],[28.874842,36.885561],[28.875355,36.885641],[28.875861,36.885764],[28.876363,36.885918],[28.876862,36.886095],[28.877358,36.886288],[28.877852,36.886491],[28.879331,36.887135],[28.879845,36.887365],[28.883199,36.888867],[28.883755,36.889116],[28.886218,36.890197],[28.887212,36.890614],[28.887712,36.890814],[28.888217,36.891006],[28.888728,36.891187],[28.889238,36.891352],[28.889753,36.891505],[28.890794,36.891791],[28.892371,36.892192],[28.900293,36.894125],[28.905078,36.895282],[28.906637,36.895668],[28.907364,36.895862],[28.907682,36.895947],[28.908278,36.896122],[28.908707,36.896258],[28.909207,36.896435],[28.909673,36.896622],[28.910128,36.896827],[28.910572,36.897047],[28.911003,36.897282],[28.911485,36.897576],[28.911831,36.897808],[28.912229,36.898097],[28.912617,36.898397],[28.913374,36.899016],[28.914118,36.899649],[28.918167,36.903169],[28.920753,36.905399],[28.921879,36.906357],[28.923412,36.907639],[28.929985,36.913083],[28.931566,36.914374],[28.932362,36.914999],[28.932985,36.915464],[28.933775,36.916022],[28.934178,36.916294],[28.934586,36.916561],[28.935453,36.9171],[28.936336,36.917624],[28.937226,36.918139],[28.93857,36.918903],[28.939474,36.919403],[28.940388,36.919889],[28.940853,36.920123],[28.941224,36.920302],[28.941975,36.920647],[28.943322,36.921237],[28.944121,36.921577],[28.945272,36.922065],[28.94967,36.923913],[28.951122,36.924543],[28.951985,36.924945],[28.95253,36.925217],[28.952979,36.925462],[28.953409,36.925725],[28.953822,36.926012],[28.954217,36.926317],[28.954599,36.926635],[28.954971,36.926962],[28.955195,36.927169],[28.955699,36.927634],[28.956963,36.928852],[28.957124,36.929008],[28.960208,36.93202],[28.961371,36.933155],[28.962413,36.934203],[28.963023,36.934844],[28.963732,36.935633],[28.96405,36.936011],[28.964286,36.936293],[28.964454,36.936484],[28.964571,36.936617],[28.96489,36.936948],[28.965169,36.937212],[28.965226,36.937267],[28.965581,36.937572],[28.965954,36.937861],[28.966347,36.938131],[28.96672,36.938355],[28.967062,36.938538],[28.96751,36.938758],[28.967921,36.938942],[28.96834,36.939117],[28.968766,36.939281],[28.969276,36.939464],[28.969792,36.939634],[28.970315,36.939794],[28.970741,36.939915],[28.974903,36.940681],[28.975619,36.940812],[28.976072,36.945519],[28.976591,36.946624],[28.976775,36.947238],[28.976836,36.94822],[28.977266,36.949326],[28.977512,36.950738],[28.978187,36.951598],[28.978187,36.952028],[28.97788,36.952642],[28.976898,36.953747],[28.976038,36.954422],[28.975363,36.954729],[28.975055,36.955773],[28.974871,36.956572],[28.973766,36.957738],[28.972599,36.958475],[28.971739,36.958721],[28.970696,36.958905],[28.969345,36.959274],[28.967994,36.959458],[28.966766,36.959581],[28.965783,36.959949],[28.963941,36.961054],[28.96302,36.961853],[28.962221,36.962774],[28.9613,36.963511],[28.960686,36.964002],[28.959827,36.964739],[28.959458,36.96566],[28.95909,36.966397],[28.958476,36.966888],[28.957862,36.967441],[28.957309,36.968116],[28.957186,36.969529],[28.95694,36.970081],[28.956449,36.971125],[28.956204,36.971801],[28.955651,36.972415],[28.955589,36.973274],[28.955958,36.974503],[28.956142,36.975546],[28.956756,36.976529],[28.957247,36.977389],[28.957662,36.977757],[28.958353,36.978371],[28.958948,36.979004],[28.959335,36.979415],[28.959642,36.979778],[28.960011,36.980213],[28.960686,36.98181],[28.960748,36.982731],[28.960809,36.984082],[28.961116,36.985556],[28.960809,36.986108],[28.960256,36.986722],[28.960072,36.987275],[28.960256,36.987644],[28.960993,36.988012],[28.961669,36.988196],[28.962467,36.988196],[28.963081,36.988135],[28.963634,36.987828],[28.964678,36.987582],[28.965967,36.987521],[28.967195,36.987582],[28.968239,36.987275],[28.969038,36.986845],[28.970266,36.986415],[28.971678,36.986415],[28.972722,36.986538],[28.973766,36.986538],[28.97481,36.986477],[28.976099,36.986661],[28.97745,36.986907],[28.97874,36.987398],[28.980029,36.987889],[28.980214,36.9881],[28.980459,36.98838],[28.981565,36.989302],[28.983223,36.990038],[28.985924,36.990161],[28.988626,36.990898],[28.98967,36.991451],[28.990931,36.992673],[28.999471,36.994243],[29.000076,36.99435],[29.011436,36.9947],[29.01169,36.994317],[29.011962,36.993959],[29.012254,36.993604],[29.012877,36.992901],[29.013252,36.992497],[29.013853,36.991852],[29.015176,36.990457],[29.015845,36.989769],[29.016184,36.989432],[29.016529,36.989103],[29.016882,36.988785],[29.017205,36.98852],[29.01763,36.98821],[29.018019,36.987974],[29.018427,36.987773],[29.018852,36.987612],[29.019295,36.9875],[29.019815,36.987443],[29.020185,36.987433],[29.020645,36.987451],[29.021112,36.987488],[29.022072,36.987586],[29.022555,36.987626],[29.023038,36.987647],[29.02352,36.987638],[29.023997,36.987599],[29.024478,36.987523],[29.025,36.987382],[29.025572,36.987164],[29.026151,36.986891],[29.026715,36.986583],[29.027245,36.986259],[29.027739,36.985927],[29.028156,36.985626],[29.028753,36.985158],[29.030636,36.991071],[29.031,36.99149],[29.031339,36.991832],[29.031447,36.99193],[29.0317,36.99216],[29.031839,36.992275],[29.032087,36.99248],[29.032491,36.992788],[29.03333,36.993385],[29.034189,36.993966],[29.038531,36.996836],[29.044151,37.000577],[29.045458,37.001425],[29.046341,37.001974],[29.046788,37.002239],[29.047242,37.002495],[29.047675,37.002723],[29.048962,37.003349],[29.049371,37.003565],[29.049804,37.003823],[29.050221,37.004099],[29.050625,37.004391],[29.051019,37.004694],[29.051408,37.005013],[29.052164,37.00567],[29.053266,37.006687],[29.053978,37.007379],[29.054323,37.00773],[29.054658,37.008087],[29.054977,37.008452],[29.055275,37.008826],[29.055505,37.009151],[29.05572,37.009484],[29.055921,37.009824],[29.05611,37.010168],[29.056289,37.010517],[29.056463,37.01089],[29.056674,37.011344],[29.057032,37.012181],[29.058455,37.015687],[29.059256,37.017658],[29.060258,37.020083],[29.061051,37.022003],[29.061169,37.022286],[29.06151,37.023129],[29.061828,37.023962],[29.061983,37.024399],[29.06212,37.024826],[29.062238,37.025254],[29.062321,37.02562],[29.062395,37.026058],[29.062435,37.026356],[29.062465,37.026725],[29.062476,37.027094],[29.062464,37.027462],[29.062423,37.027845],[29.062359,37.028226],[29.062276,37.028607],[29.062072,37.029364],[29.061984,37.029655],[29.061737,37.030477],[29.061644,37.030847],[29.061574,37.031218],[29.061535,37.031598],[29.061528,37.031978],[29.061556,37.032354],[29.061608,37.032654],[29.061728,37.033089],[29.061898,37.033473],[29.062113,37.033848],[29.062361,37.034216],[29.062633,37.034578],[29.062923,37.034937],[29.063534,37.035647],[29.064492,37.036702],[29.065805,37.038097],[29.066701,37.039015],[29.068221,37.040511],[29.068519,37.040844],[29.068772,37.041191],[29.068969,37.041566],[29.069099,37.041956],[29.068208,37.043538],[29.067616,37.044589],[29.067053,37.045588],[29.068812,37.046233],[29.070688,37.04682],[29.072506,37.047054],[29.07573,37.046761],[29.078544,37.046409],[29.082766,37.044299],[29.083938,37.043419],[29.085697,37.041953],[29.087749,37.040546],[29.089215,37.039608],[29.092263,37.037849],[29.094902,37.036501],[29.09666,37.03527],[29.098361,37.033628],[29.099768,37.031283],[29.100178,37.028879],[29.100471,37.027531],[29.101057,37.025127],[29.101351,37.023192],[29.101937,37.021551],[29.102992,37.019499],[29.105103,37.017681],[29.105865,37.016216],[29.105982,37.013636],[29.105934,37.013119],[29.105923,37.013003],[29.105806,37.01176],[29.105396,37.009884],[29.102992,37.007832],[29.102628,37.007578],[29.101057,37.006483],[29.099475,37.005428],[29.099181,37.003142],[29.099357,37.001207],[29.098663,36.998226],[29.098361,36.996927],[29.097839,36.995643],[29.097598,36.995051],[29.096778,36.992589],[29.095605,36.991112],[29.095195,36.990595],[29.095136,36.990534],[29.094081,36.989423],[29.091853,36.987429],[29.091447,36.986987],[29.090563,36.986022]]],[[[28.845185,36.587702],[28.844929,36.587521],[28.844815,36.587541],[28.844772,36.587634],[28.844822,36.587837],[28.844895,36.58802],[28.845154,36.588293],[28.845363,36.58842],[28.845522,36.58838],[28.845635,36.588304],[28.845632,36.588175],[28.845539,36.588103],[28.845185,36.587702]]],[[[28.831636,36.589715],[28.831634,36.589622],[28.831461,36.589651],[28.831322,36.589692],[28.83129,36.589771],[28.831291,36.58985],[28.831345,36.589915],[28.831432,36.589927],[28.831536,36.589886],[28.831637,36.589766],[28.831636,36.589715]]],[[[28.85691,36.590964],[28.85677,36.59094],[28.856633,36.591034],[28.856585,36.591205],[28.856657,36.591296],[28.856798,36.591386],[28.856989,36.591383],[28.857056,36.591277],[28.857054,36.591172],[28.85691,36.590964]]],[[[28.859914,36.591561],[28.859758,36.59155],[28.859568,36.591606],[28.85964,36.59171],[28.859764,36.591813],[28.859921,36.591824],[28.860042,36.591809],[28.86011,36.591729],[28.86009,36.591637],[28.859914,36.591561]]],[[[28.875857,36.599542],[28.875578,36.599481],[28.875457,36.599522],[28.875407,36.599602],[28.875445,36.599733],[28.875582,36.599821],[28.87571,36.599899],[28.875867,36.599936],[28.876003,36.599829],[28.876001,36.599711],[28.87587,36.599557],[28.875857,36.599542]]],[[[28.891855,36.617182],[28.891773,36.617162],[28.891566,36.617231],[28.891605,36.617402],[28.891747,36.617544],[28.891974,36.617567],[28.892075,36.617434],[28.89193,36.617199],[28.891855,36.617182]]],[[[28.886005,36.633305],[28.885952,36.633253],[28.885848,36.633268],[28.885816,36.633374],[28.885835,36.633465],[28.885855,36.633544],[28.885959,36.633529],[28.886043,36.633436],[28.886026,36.633376],[28.886005,36.633305]]],[[[28.887631,36.635028],[28.887558,36.634911],[28.887421,36.634992],[28.887336,36.635085],[28.887357,36.635203],[28.887462,36.635228],[28.887582,36.635173],[28.887631,36.635028]]],[[[28.896904,36.635682],[28.896762,36.635593],[28.896641,36.635621],[28.896608,36.6357],[28.896663,36.635818],[28.896735,36.635882],[28.896839,36.635881],[28.896924,36.6358],[28.896904,36.635682]]],[[[28.893611,36.636221],[28.893401,36.636172],[28.89321,36.636214],[28.892608,36.6365],[28.892301,36.636728],[28.892201,36.636927],[28.892224,36.63715],[28.892369,36.637398],[28.892546,36.637513],[28.892793,36.637641],[28.893143,36.63774],[28.893388,36.637763],[28.893647,36.637693],[28.893921,36.637518],[28.894037,36.637279],[28.893964,36.636786],[28.893914,36.636506],[28.893805,36.636336],[28.893611,36.636221]]],[[[28.851753,36.643594],[28.851593,36.643438],[28.851454,36.643454],[28.851335,36.643587],[28.851477,36.643703],[28.851513,36.643742],[28.851686,36.643713],[28.85171,36.64367],[28.851753,36.643594]]],[[[28.859638,36.644299],[28.859531,36.644196],[28.859306,36.644226],[28.858791,36.644536],[28.858588,36.644802],[28.85849,36.645041],[28.858565,36.645276],[28.858723,36.645326],[28.858894,36.645205],[28.859658,36.644417],[28.859638,36.644299]]],[[[28.8535,36.645289],[28.853375,36.645173],[28.853201,36.645189],[28.853064,36.645257],[28.853206,36.645386],[28.853311,36.645424],[28.853381,36.645423],[28.853387,36.645418],[28.853466,36.645356],[28.8535,36.645289]]],[[[28.859152,36.645302],[28.859122,36.645294],[28.859036,36.645321],[28.858916,36.645415],[28.858972,36.645546],[28.859114,36.645662],[28.859323,36.645685],[28.859478,36.645604],[28.859492,36.645446],[28.859403,36.645368],[28.859152,36.645302]]],[[[28.906135,36.650898],[28.905976,36.650809],[28.905855,36.650837],[28.905752,36.650904],[28.90572,36.651036],[28.905793,36.651167],[28.905899,36.651231],[28.906055,36.651189],[28.906156,36.651043],[28.906135,36.650898]]],[[[28.910165,36.652714],[28.909988,36.652586],[28.909901,36.6526],[28.909834,36.652707],[28.909853,36.652772],[28.909909,36.652903],[28.909961,36.652902],[28.910065,36.652874],[28.91015,36.652807],[28.910154,36.652786],[28.910165,36.652714]]],[[[28.903315,36.66695],[28.903259,36.666806],[28.90319,36.66682],[28.903088,36.666927],[28.903072,36.666993],[28.903075,36.667085],[28.903163,36.667136],[28.903283,36.667082],[28.903315,36.66695]]],[[[28.891582,36.668201],[28.891528,36.668123],[28.891424,36.668137],[28.891426,36.668242],[28.891429,36.668334],[28.891482,36.668399],[28.891517,36.668399],[28.891584,36.668293],[28.891582,36.668201]]],[[[28.890033,36.668909],[28.88991,36.668885],[28.889807,36.668926],[28.889828,36.669083],[28.889882,36.669148],[28.890038,36.669119],[28.890141,36.669052],[28.890103,36.668934],[28.890033,36.668909]]],[[[28.905876,36.667724],[28.905579,36.667703],[28.905337,36.667759],[28.904805,36.66807],[28.904494,36.668167],[28.90422,36.668343],[28.904105,36.668621],[28.904125,36.668725],[28.904181,36.668882],[28.904395,36.669103],[28.905245,36.669668],[28.905473,36.669743],[28.905664,36.6697],[28.905816,36.66954],[28.905917,36.669381],[28.906105,36.669233],[28.906274,36.669046],[28.906339,36.668861],[28.906369,36.66865],[28.906375,36.668216],[28.906354,36.668032],[28.906245,36.667863],[28.906069,36.667774],[28.905876,36.667724]]],[[[28.889404,36.668827],[28.889506,36.66873],[28.890176,36.66876],[28.890465,36.6687],[28.890827,36.668465],[28.890863,36.668121],[28.890959,36.66797],[28.891538,36.667476],[28.891785,36.66712],[28.891918,36.667042],[28.892105,36.667066],[28.892201,36.667398],[28.89263,36.667759],[28.892816,36.667983],[28.89284,36.668447],[28.892901,36.668754],[28.893413,36.669104],[28.893636,36.669291],[28.894173,36.669562],[28.894251,36.669641],[28.894242,36.669829],[28.894239,36.669894],[28.894137,36.670014],[28.894101,36.670153],[28.894137,36.670382],[28.894655,36.670563],[28.895294,36.670569],[28.895524,36.67043],[28.895608,36.670334],[28.895867,36.670274],[28.896066,36.670304],[28.896235,36.67037],[28.896977,36.670388],[28.897495,36.670298],[28.898219,36.670328],[28.89852,36.670231],[28.898731,36.669894],[28.898972,36.669707],[28.899045,36.669405],[28.898942,36.669176],[28.898852,36.669086],[28.898797,36.669001],[28.898774,36.668859],[28.898767,36.668815],[28.898839,36.668591],[28.899388,36.667947],[28.899678,36.667446],[28.899744,36.66741],[28.899792,36.667579],[28.899901,36.667597],[28.900076,36.667549],[28.900178,36.667446],[28.900534,36.667223],[28.900642,36.667133],[28.900968,36.667102],[28.901257,36.667235],[28.901661,36.667338],[28.902149,36.667362],[28.902403,36.667338],[28.902572,36.667199],[28.902891,36.666777],[28.903373,36.666307],[28.903584,36.666168],[28.903741,36.666168],[28.903922,36.666283],[28.904193,36.666301],[28.904887,36.666427],[28.905265,36.666395],[28.90552,36.666373],[28.906062,36.666234],[28.907365,36.665493],[28.907515,36.665252],[28.907726,36.664709],[28.907841,36.66448],[28.907841,36.664166],[28.907874,36.664045],[28.907937,36.663811],[28.907949,36.663407],[28.908227,36.662949],[28.908275,36.662798],[28.908215,36.662611],[28.908034,36.66231],[28.907292,36.661791],[28.906924,36.661604],[28.90675,36.661423],[28.90681,36.661315],[28.907383,36.660995],[28.907986,36.660513],[28.908335,36.659934],[28.908564,36.659361],[28.908673,36.658632],[28.908595,36.657131],[28.908993,36.655337],[28.909017,36.655232],[28.908944,36.654563],[28.908916,36.654495],[28.908359,36.653182],[28.908323,36.652826],[28.908349,36.652704],[28.908408,36.652422],[28.908402,36.652169],[28.908281,36.651958],[28.908094,36.651759],[28.907793,36.651584],[28.907256,36.651349],[28.906689,36.651295],[28.906406,36.651349],[28.906183,36.651446],[28.905907,36.65153],[28.905496,36.651657],[28.904953,36.651898],[28.904531,36.652175],[28.903862,36.651952],[28.90344,36.651946],[28.903415,36.65195],[28.903066,36.652012],[28.901987,36.652543],[28.901716,36.652893],[28.901625,36.653116],[28.90142,36.653345],[28.901269,36.653827],[28.900908,36.654291],[28.900901,36.654354],[28.900859,36.654774],[28.900703,36.655033],[28.900576,36.65519],[28.900094,36.655823],[28.899967,36.656052],[28.899931,36.656528],[28.899744,36.656914],[28.899738,36.657143],[28.899593,36.657475],[28.899479,36.657637],[28.899286,36.657776],[28.899111,36.658005],[28.89899,36.658301],[28.898846,36.658879],[28.898828,36.659561],[28.898912,36.659748],[28.898894,36.659905],[28.898828,36.660134],[28.898683,36.660284],[28.898562,36.660507],[28.898387,36.660652],[28.898231,36.66073],[28.897833,36.660574],[28.897592,36.660592],[28.897369,36.66067],[28.89714,36.660809],[28.896941,36.660905],[28.896706,36.660905],[28.896314,36.66102],[28.896145,36.661134],[28.895934,36.661165],[28.895656,36.661104],[28.895445,36.661092],[28.895234,36.661146],[28.895108,36.661213],[28.894999,36.661352],[28.894969,36.661472],[28.895078,36.661574],[28.895156,36.661785],[28.895144,36.661894],[28.895017,36.662087],[28.894698,36.662346],[28.894288,36.66275],[28.894065,36.662835],[28.89386,36.662811],[28.893173,36.66313],[28.89298,36.663287],[28.892268,36.663618],[28.891979,36.66363],[28.89175,36.66354],[28.891527,36.663498],[28.891287,36.663512],[28.891231,36.663516],[28.891086,36.663606],[28.891064,36.663731],[28.891056,36.663775],[28.891382,36.663956],[28.891442,36.664028],[28.891273,36.664197],[28.890676,36.664601],[28.889758,36.665076],[28.889392,36.665264],[28.889278,36.665391],[28.889157,36.665608],[28.889173,36.665788],[28.889175,36.665819],[28.889025,36.666205],[28.888802,36.666548],[28.888367,36.667055],[28.888277,36.667344],[28.888223,36.667941],[28.888042,36.668345],[28.887833,36.668514],[28.887728,36.668598],[28.887505,36.668719],[28.887234,36.668701],[28.886915,36.668604],[28.886396,36.668526],[28.886137,36.668592],[28.886046,36.668695],[28.886082,36.668876],[28.886312,36.668978],[28.88674,36.668996],[28.887156,36.669123],[28.887342,36.669147],[28.887584,36.669237],[28.887873,36.669448],[28.88797,36.669581],[28.88803,36.669702],[28.887988,36.669931],[28.887923,36.670018],[28.887888,36.670225],[28.888043,36.670483],[28.888285,36.670655],[28.888371,36.670931],[28.888509,36.671052],[28.888802,36.670983],[28.889594,36.670466],[28.889648,36.670412],[28.889749,36.670311],[28.889818,36.669828],[28.889784,36.66938],[28.889473,36.669053],[28.889404,36.668827]]],[[[28.92088,36.678357],[28.920789,36.678201],[28.920702,36.678203],[28.920548,36.678284],[28.920604,36.678454],[28.920641,36.678532],[28.920832,36.678503],[28.92088,36.678357]]],[[[28.915988,36.682251],[28.917264,36.681731],[28.917656,36.681494],[28.91771,36.681461],[28.918341,36.680911],[28.919078,36.680452],[28.919249,36.680318],[28.919366,36.680119],[28.919342,36.679869],[28.918954,36.678955],[28.918949,36.678784],[28.919145,36.678228],[28.919225,36.677964],[28.919391,36.677646],[28.919437,36.677382],[28.919504,36.677263],[28.919625,36.677247],[28.919766,36.677298],[28.919891,36.677454],[28.920632,36.677836],[28.92093,36.677924],[28.921213,36.67809],[28.921443,36.678257],[28.921796,36.678422],[28.922147,36.678535],[28.92243,36.678715],[28.922644,36.678909],[28.922943,36.679035],[28.923258,36.679109],[28.923606,36.67909],[28.923813,36.679034],[28.924035,36.678833],[28.924117,36.678622],[28.924285,36.678395],[28.924698,36.678191],[28.92506,36.678067],[28.92533,36.677708],[28.925503,36.677665],[28.925782,36.677674],[28.926418,36.678045],[28.926733,36.678119],[28.927279,36.678114],[28.927469,36.678045],[28.927639,36.677871],[28.9278,36.677382],[28.927971,36.677234],[28.928264,36.677111],[28.928507,36.677107],[28.9287,36.677144],[28.928965,36.677284],[28.929191,36.67728],[28.929358,36.677015],[28.929355,36.676896],[28.929489,36.67667],[28.929728,36.676482],[28.930245,36.67625],[28.93066,36.676165],[28.932332,36.67619],[28.932508,36.67624],[28.932774,36.676433],[28.932935,36.676615],[28.93325,36.676662],[28.933595,36.676538],[28.933766,36.67643],[28.933993,36.67644],[28.934126,36.676504],[28.934151,36.676516],[28.934481,36.676484],[28.934704,36.676349],[28.934946,36.676253],[28.935275,36.676195],[28.935727,36.676161],[28.936143,36.676076],[28.936317,36.676073],[28.93649,36.676031],[28.937334,36.675367],[28.937395,36.675319],[28.937727,36.67515],[28.937876,36.675074],[28.938118,36.675018],[28.939058,36.674989],[28.939161,36.674948],[28.939227,36.674802],[28.939137,36.674672],[28.938852,36.67444],[28.938815,36.674336],[28.938846,36.674204],[28.938875,36.673953],[28.938865,36.673559],[28.938809,36.673389],[28.938666,36.67326],[28.93849,36.673171],[28.938152,36.673084],[28.937771,36.672985],[28.937487,36.672766],[28.937255,36.672546],[28.936632,36.672086],[28.935679,36.671562],[28.93543,36.671343],[28.935374,36.671225],[28.935194,36.670978],[28.934929,36.670825],[28.934771,36.670762],[28.93431,36.670427],[28.933864,36.669987],[28.932819,36.669294],[28.932627,36.669284],[28.932472,36.669313],[28.93237,36.669446],[28.932253,36.669632],[28.932063,36.669688],[28.931854,36.669691],[28.931649,36.669839],[28.931479,36.67],[28.931064,36.670098],[28.930946,36.670271],[28.93085,36.670602],[28.930942,36.670824],[28.93081,36.671102],[28.930637,36.671158],[28.930288,36.671098],[28.929836,36.671131],[28.929628,36.671187],[28.929568,36.671556],[28.929378,36.671625],[28.929097,36.671511],[28.928384,36.671562],[28.928018,36.671529],[28.926751,36.670984],[28.926349,36.670925],[28.926154,36.670809],[28.926152,36.670704],[28.926287,36.670544],[28.926282,36.670334],[28.925597,36.669385],[28.925486,36.669124],[28.925198,36.668773],[28.925194,36.668602],[28.92547,36.668519],[28.925572,36.668412],[28.925653,36.668148],[28.92568,36.667831],[28.925761,36.66762],[28.925966,36.667445],[28.926171,36.667311],[28.926306,36.667137],[28.926357,36.666946],[28.926303,36.666881],[28.926266,36.666777],[28.926226,36.666554],[28.926135,36.666397],[28.926079,36.666267],[28.926129,36.666174],[28.926299,36.666013],[28.926382,36.665841],[28.926394,36.665617],[28.926282,36.66533],[28.926064,36.664965],[28.925989,36.66473],[28.925811,36.664601],[28.925637,36.664591],[28.925116,36.664652],[28.924733,36.664645],[28.923909,36.664395],[28.923683,36.664425],[28.923546,36.664493],[28.92344,36.664455],[28.923274,36.664063],[28.923234,36.66388],[28.923123,36.663618],[28.922926,36.663385],[28.922869,36.663202],[28.923016,36.662792],[28.923063,36.66258],[28.923004,36.662318],[28.922788,36.662019],[28.922503,36.661761],[28.922181,36.661411],[28.920995,36.660476],[28.920921,36.660319],[28.920882,36.660136],[28.920717,36.659809],[28.920464,36.659432],[28.920197,36.659173],[28.919877,36.658915],[28.918983,36.65797],[28.918879,36.65783],[28.918839,36.657775],[28.918554,36.657503],[28.918337,36.657378],[28.917865,36.657107],[28.917564,36.656888],[28.91732,36.656879],[28.917075,36.656817],[28.91686,36.65661],[28.916786,36.656414],[28.91659,36.65622],[28.916464,36.656064],[28.916441,36.655854],[28.916471,36.655824],[28.91656,36.655734],[28.916642,36.655447],[28.916602,36.655224],[28.916297,36.654874],[28.91605,36.65476],[28.915824,36.65475],[28.915688,36.654871],[28.915601,36.654898],[28.915426,36.654862],[28.915215,36.65476],[28.914937,36.654764],[28.9148,36.654859],[28.914531,36.655258],[28.914134,36.655409],[28.913842,36.655558],[28.913571,36.655865],[28.913058,36.656228],[28.912765,36.656338],[28.912611,36.656459],[28.912546,36.656618],[28.912499,36.656855],[28.912434,36.657027],[28.912484,36.658233],[28.912495,36.658512],[28.912466,36.658749],[28.91243,36.659407],[28.912334,36.659738],[28.912308,36.660106],[28.912201,36.660674],[28.911891,36.661547],[28.911675,36.661932],[28.911561,36.662262],[28.91147,36.662423],[28.911411,36.662528],[28.911214,36.663017],[28.911046,36.66327],[28.910898,36.663601],[28.91046,36.665601],[28.910314,36.667418],[28.910167,36.667815],[28.910122,36.668105],[28.910116,36.668403],[28.910114,36.668487],[28.910171,36.668683],[28.910199,36.669117],[28.910135,36.669354],[28.909814,36.669929],[28.909136,36.67114],[28.909073,36.67139],[28.909354,36.672188],[28.909387,36.672819],[28.909516,36.673093],[28.909619,36.673762],[28.90973,36.674023],[28.90977,36.674246],[28.909899,36.674534],[28.910079,36.674767],[28.910434,36.675049],[28.91061,36.675188],[28.910667,36.675371],[28.91064,36.675653],[28.910625,36.675806],[28.910683,36.676055],[28.910809,36.676224],[28.910947,36.676519],[28.910993,36.676616],[28.911174,36.676889],[28.911407,36.677135],[28.911482,36.677384],[28.911592,36.677606],[28.911752,36.677735],[28.91191,36.677771],[28.912047,36.67769],[28.912252,36.677529],[28.912732,36.677206],[28.913776,36.675795],[28.913998,36.675607],[28.914116,36.675461],[28.914182,36.675328],[28.914179,36.67517],[28.913926,36.674819],[28.913924,36.674727],[28.914061,36.674646],[28.914217,36.67463],[28.914394,36.674746],[28.914833,36.674897],[28.915112,36.674892],[28.915375,36.674967],[28.916091,36.675048],[28.916428,36.675292],[28.916692,36.675419],[28.916972,36.675494],[28.917234,36.675503],[28.917356,36.675527],[28.917428,36.675605],[28.917412,36.675684],[28.917328,36.675777],[28.916789,36.675825],[28.916222,36.67615],[28.915876,36.676208],[28.915461,36.67632],[28.915185,36.67643],[28.914854,36.676435],[28.914525,36.676493],[28.914267,36.676616],[28.91402,36.677198],[28.913851,36.677411],[28.913579,36.677679],[28.913375,36.677893],[28.913206,36.678066],[28.912898,36.678308],[28.912678,36.678561],[28.912457,36.678762],[28.912002,36.679292],[28.91198,36.679317],[28.911882,36.679568],[28.911909,36.679936],[28.911985,36.680211],[28.912167,36.680511],[28.912686,36.681791],[28.913038,36.68193],[28.913561,36.681988],[28.914326,36.681923],[28.914554,36.681985],[28.915223,36.68229],[28.915659,36.682309],[28.915988,36.682251]]],[[[28.870492,36.687807],[28.870335,36.687783],[28.870161,36.687799],[28.86999,36.68792],[28.869959,36.688079],[28.869981,36.688289],[28.870407,36.688624],[28.870551,36.688806],[28.870781,36.688934],[28.870901,36.688879],[28.871002,36.688733],[28.870998,36.688549],[28.870958,36.688326],[28.870934,36.688063],[28.870492,36.687807]]],[[[28.935277,36.69175],[28.935134,36.691607],[28.934978,36.691636],[28.934911,36.691756],[28.934931,36.691901],[28.934932,36.691913],[28.935003,36.691952],[28.935228,36.691869],[28.935277,36.69175]]],[[[28.867697,36.693256],[28.867694,36.693125],[28.867625,36.693126],[28.867505,36.69322],[28.867491,36.693281],[28.867489,36.693286],[28.867491,36.693365],[28.867512,36.693496],[28.867632,36.693429],[28.86768,36.693301],[28.867697,36.693256]]],[[[28.86885,36.693357],[28.868706,36.693175],[28.868639,36.693294],[28.868642,36.693413],[28.868662,36.693518],[28.868766,36.693503],[28.86885,36.693357]]],[[[28.932781,36.697159],[28.932861,36.696882],[28.933087,36.696839],[28.933401,36.696847],[28.933521,36.696766],[28.933637,36.69654],[28.93363,36.696277],[28.933901,36.695944],[28.933896,36.695773],[28.933858,36.695615],[28.933628,36.695474],[28.933482,36.69524],[28.933425,36.695017],[28.933033,36.694681],[28.932888,36.694473],[28.932832,36.694329],[28.932622,36.694293],[28.931997,36.694382],[28.931772,36.694452],[28.931295,36.694868],[28.931108,36.695068],[28.931105,36.695634],[28.931043,36.695924],[28.930858,36.696204],[28.930586,36.696484],[28.930418,36.69675],[28.930492,36.69692],[28.930755,36.696955],[28.931102,36.696923],[28.931453,36.69701],[28.931649,36.697178],[28.931846,36.697385],[28.932126,36.69746],[28.932375,36.697627],[28.932419,36.697639],[28.932638,36.697701],[28.932757,36.697568],[28.932805,36.697396],[28.932781,36.697159]]],[[[28.932199,36.699861],[28.932077,36.699837],[28.931956,36.699905],[28.931924,36.700024],[28.931996,36.700101],[28.932119,36.700152],[28.932258,36.70011],[28.932253,36.699941],[28.932253,36.699926],[28.932199,36.699861]]],[[[28.929189,36.699846],[28.929532,36.69963],[28.929786,36.69931],[28.929917,36.698965],[28.929978,36.698635],[28.930021,36.698266],[28.930015,36.698043],[28.929858,36.697308],[28.929851,36.697058],[28.929644,36.696443],[28.927781,36.694398],[28.927621,36.694269],[28.927375,36.694207],[28.927128,36.694093],[28.926082,36.69336],[28.925838,36.693364],[28.925477,36.693554],[28.925203,36.693756],[28.925157,36.694019],[28.924903,36.694313],[28.923945,36.695026],[28.923899,36.695264],[28.923873,36.695633],[28.923879,36.695882],[28.923798,36.696094],[28.923787,36.696371],[28.924002,36.696617],[28.924078,36.69684],[28.923997,36.697091],[28.923514,36.698007],[28.9234,36.698298],[28.923388,36.698522],[28.923481,36.698771],[28.923658,36.698873],[28.923804,36.699134],[28.92381,36.699371],[28.923887,36.699659],[28.924032,36.699894],[28.924261,36.700021],[28.924525,36.700083],[28.925199,36.699888],[28.925738,36.69984],[28.925879,36.699903],[28.926074,36.700018],[28.926877,36.70008],[28.927298,36.700179],[28.927821,36.700184],[28.928377,36.700122],[28.928862,36.699996],[28.929189,36.699846]]],[[[28.928645,36.700368],[28.928555,36.700264],[28.928434,36.700292],[28.928366,36.700372],[28.928369,36.700504],[28.928476,36.700607],[28.928649,36.700539],[28.928645,36.700368]]],[[[28.932398,36.701555],[28.932254,36.701374],[28.932151,36.701415],[28.932158,36.701704],[28.932299,36.701754],[28.932402,36.701713],[28.932398,36.701555]]],[[[28.943327,36.704518],[28.943113,36.704338],[28.942975,36.704379],[28.942891,36.704525],[28.942964,36.704669],[28.943123,36.704732],[28.943244,36.704691],[28.943327,36.704518]]],[[[28.931354,36.705696],[28.931196,36.705659],[28.930952,36.705663],[28.9307,36.706022],[28.930021,36.706757],[28.930099,36.707058],[28.930449,36.707145],[28.93083,36.707046],[28.931156,36.706817],[28.93176,36.706597],[28.931861,36.706438],[28.931802,36.706188],[28.931606,36.706007],[28.931354,36.705696]]],[[[28.917132,36.706602],[28.916884,36.706461],[28.916675,36.706477],[28.916538,36.706559],[28.916491,36.706757],[28.916494,36.706875],[28.916588,36.707176],[28.916628,36.707386],[28.916633,36.707596],[28.91655,36.707729],[28.916588,36.707887],[28.916798,36.70791],[28.917052,36.707841],[28.917058,36.70784],[28.917383,36.707598],[28.917389,36.707163],[28.917329,36.706848],[28.917132,36.706602]]],[[[28.944513,36.707359],[28.944267,36.707245],[28.944128,36.707274],[28.943975,36.707447],[28.943963,36.707632],[28.944009,36.708105],[28.944172,36.708339],[28.944313,36.708415],[28.944539,36.708372],[28.944604,36.7082],[28.944774,36.708026],[28.944928,36.707905],[28.944889,36.707722],[28.944513,36.707359]]],[[[28.933853,36.709432],[28.93364,36.709304],[28.933537,36.709332],[28.933522,36.709437],[28.933525,36.709582],[28.933564,36.709713],[28.933651,36.709738],[28.933805,36.70963],[28.933853,36.709432]]],[[[28.894132,36.710202],[28.894095,36.710124],[28.894008,36.710138],[28.893922,36.710192],[28.89389,36.710298],[28.893961,36.710336],[28.894065,36.710308],[28.894132,36.710202]]],[[[28.934919,36.708164],[28.935017,36.707886],[28.935106,36.707293],[28.935055,36.706649],[28.935154,36.70641],[28.935322,36.706171],[28.935362,36.705696],[28.934983,36.704465],[28.934957,36.704124],[28.934876,36.703664],[28.934539,36.702782],[28.934089,36.701512],[28.933906,36.701147],[28.933717,36.700597],[28.933498,36.70018],[28.933336,36.699959],[28.933294,36.699696],[28.932876,36.698992],[28.932677,36.698706],[28.932467,36.69867],[28.932259,36.698739],[28.932161,36.698978],[28.932185,36.69924],[28.932298,36.699594],[28.932533,36.699932],[28.93278,36.70006],[28.932837,36.70023],[28.932771,36.700389],[28.932815,36.700743],[28.93303,36.700977],[28.933088,36.701213],[28.933059,36.70145],[28.932874,36.70169],[28.932566,36.701932],[28.932348,36.702264],[28.93232,36.702568],[28.932466,36.702802],[28.93351,36.703443],[28.933602,36.703626],[28.93351,36.704127],[28.933654,36.704335],[28.933747,36.704558],[28.933629,36.704718],[28.93349,36.704746],[28.933354,36.704867],[28.93341,36.705024],[28.933518,36.705167],[28.933436,36.705352],[28.933283,36.705526],[28.93311,36.706266],[28.9331,36.706568],[28.933159,36.706818],[28.933227,36.707461],[28.933361,36.707981],[28.933575,36.708201],[28.933786,36.708264],[28.93394,36.70813],[28.93418,36.707981],[28.934353,36.707926],[28.934409,36.708069],[28.934358,36.708149],[28.934266,36.708624],[28.934323,36.708821],[28.934336,36.709227],[28.934237,36.709478],[28.933917,36.709891],[28.93382,36.710209],[28.933985,36.710522],[28.934219,36.710847],[28.934431,36.710949],[28.934604,36.71088],[28.934791,36.710719],[28.93482,36.710469],[28.934795,36.710167],[28.934715,36.709773],[28.934789,36.709219],[28.93478,36.708877],[28.93484,36.708481],[28.934919,36.708164]]],[[[28.894213,36.710879],[28.894147,36.71082],[28.894044,36.710901],[28.893995,36.711007],[28.894122,36.711241],[28.894178,36.711372],[28.894284,36.711423],[28.894456,36.711341],[28.894453,36.711223],[28.894307,36.710962],[28.894213,36.710879]]],[[[28.936286,36.71077],[28.936144,36.710681],[28.93599,36.710775],[28.935976,36.710907],[28.935928,36.711105],[28.935654,36.711281],[28.935538,36.711533],[28.935577,36.71169],[28.935685,36.711846],[28.935827,36.711949],[28.936018,36.711893],[28.936263,36.711231],[28.936325,36.710941],[28.936286,36.71077]]],[[[28.931263,36.710408],[28.931451,36.710247],[28.931677,36.710257],[28.931922,36.710292],[28.93211,36.710144],[28.932207,36.70984],[28.932263,36.709287],[28.932449,36.709073],[28.932605,36.709018],[28.932721,36.708779],[28.932627,36.708517],[28.932624,36.708373],[28.932776,36.708212],[28.932772,36.708028],[28.932559,36.707861],[28.932365,36.707798],[28.932121,36.707789],[28.931347,36.708209],[28.931057,36.708451],[28.930683,36.708838],[28.930413,36.709185],[28.93014,36.709413],[28.929897,36.709443],[28.929814,36.709629],[28.929739,36.710117],[28.929815,36.710366],[28.930061,36.710454],[28.930223,36.710636],[28.930283,36.710964],[28.930378,36.711278],[28.930647,36.711563],[28.931618,36.71206],[28.932144,36.712197],[28.932635,36.712294],[28.93281,36.712317],[28.932911,36.712197],[28.932834,36.711909],[28.932497,36.711651],[28.932125,36.711447],[28.931397,36.710893],[28.931235,36.710685],[28.931263,36.710408]]],[[[28.92298,36.730519],[28.92294,36.730309],[28.9228,36.730311],[28.922679,36.730352],[28.922647,36.730432],[28.922719,36.730536],[28.922842,36.730574],[28.92298,36.730519]]],[[[28.921769,36.731572],[28.921643,36.731435],[28.921521,36.73145],[28.921453,36.731504],[28.921526,36.731634],[28.921615,36.731712],[28.92172,36.73171],[28.921822,36.73163],[28.921769,36.731572]]],[[[28.931629,36.735006],[28.931489,36.734982],[28.931351,36.735024],[28.931283,36.735117],[28.931321,36.735221],[28.931497,36.735284],[28.931653,36.735255],[28.931703,36.735163],[28.931629,36.735006]]],[[[28.942019,36.734298],[28.942433,36.73412],[28.9428,36.73414],[28.94296,36.734128],[28.94327,36.734106],[28.943493,36.733997],[28.943542,36.733865],[28.943417,36.733717],[28.943399,36.733696],[28.94327,36.733449],[28.943561,36.732523],[28.943821,36.732453],[28.944238,36.73242],[28.944622,36.732427],[28.944848,36.732392],[28.945195,36.732338],[28.945523,36.732215],[28.945693,36.732041],[28.945757,36.731803],[28.945651,36.731588],[28.945647,36.731581],[28.945588,36.731319],[28.94558,36.73103],[28.945418,36.730809],[28.94517,36.730655],[28.944999,36.730118],[28.944768,36.729925],[28.94471,36.729702],[28.944647,36.729282],[28.944589,36.729046],[28.944759,36.728859],[28.944893,36.72866],[28.945168,36.728511],[28.945515,36.728426],[28.945793,36.728395],[28.946353,36.728504],[28.946929,36.728534],[28.948278,36.728279],[28.948692,36.728101],[28.948966,36.727912],[28.949062,36.727875],[28.949104,36.727858],[28.949398,36.727774],[28.949533,36.7276],[28.949582,36.727442],[28.949543,36.727298],[28.949524,36.727177],[28.949502,36.727035],[28.949497,36.726864],[28.949548,36.726784],[28.949724,36.726666],[28.949788,36.726623],[28.950012,36.726527],[28.950376,36.726468],[28.950428,36.726428],[28.950478,36.726335],[28.950423,36.726257],[28.95023,36.726181],[28.949932,36.726133],[28.949807,36.72603],[28.949803,36.725859],[28.949846,36.72549],[28.949631,36.725256],[28.949437,36.725181],[28.949112,36.72515],[28.948616,36.725102],[28.948423,36.725039],[28.948179,36.725043],[28.947988,36.725086],[28.947796,36.725089],[28.947583,36.724935],[28.947389,36.724846],[28.947199,36.724888],[28.946958,36.725011],[28.946064,36.725525],[28.945736,36.725636],[28.945315,36.725525],[28.945157,36.725501],[28.944876,36.725413],[28.944438,36.725328],[28.944329,36.725146],[28.944203,36.724246],[28.944094,36.724051],[28.944124,36.723892],[28.944258,36.72364],[28.944446,36.723505],[28.944526,36.723215],[28.944449,36.722953],[28.944324,36.72281],[28.943952,36.722566],[28.943913,36.722422],[28.943891,36.722238],[28.943819,36.722147],[28.94366,36.722084],[28.943523,36.722178],[28.943442,36.722416],[28.943304,36.722458],[28.943077,36.722462],[28.942813,36.722348],[28.942688,36.722218],[28.942614,36.722048],[28.942608,36.721825],[28.942654,36.721574],[28.942598,36.721443],[28.942385,36.721289],[28.941855,36.721008],[28.941835,36.72089],[28.941902,36.72077],[28.941966,36.720546],[28.941944,36.720388],[28.941785,36.720272],[28.941454,36.720304],[28.941107,36.720375],[28.940931,36.720299],[28.94077,36.720131],[28.940767,36.720026],[28.940992,36.71993],[28.941075,36.719771],[28.940984,36.719614],[28.940896,36.719569],[28.940736,36.719487],[28.940635,36.719458],[28.94021,36.719337],[28.939899,36.719334],[28.939758,36.719271],[28.939694,36.719136],[28.939684,36.719114],[28.939643,36.718851],[28.939711,36.7181],[28.939599,36.717799],[28.93949,36.717643],[28.939244,36.717555],[28.939088,36.71761],[28.938834,36.717878],[28.938705,36.718301],[28.938679,36.718643],[28.938563,36.718882],[28.93854,36.718906],[28.93841,36.719043],[28.938218,36.719046],[28.937955,36.718997],[28.937734,36.718877],[28.937531,36.718767],[28.937304,36.718718],[28.936972,36.718711],[28.936556,36.71881],[28.93616,36.718987],[28.935887,36.719215],[28.935673,36.719745],[28.93535,36.720066],[28.935181,36.720279],[28.93512,36.720609],[28.935093,36.720926],[28.935095,36.721],[28.935101,36.721241],[28.935021,36.721532],[28.934888,36.721798],[28.934716,36.722577],[28.934582,36.722776],[28.934475,36.722884],[28.934156,36.723204],[28.93354,36.72358],[28.933388,36.723766],[28.93336,36.72403],[28.933452,36.724226],[28.93368,36.724275],[28.933868,36.724127],[28.934263,36.723923],[28.934294,36.723923],[28.934403,36.723921],[28.934753,36.723968],[28.935081,36.72387],[28.935391,36.723694],[28.935578,36.72352],[28.935819,36.723372],[28.936095,36.723275],[28.936356,36.723271],[28.936516,36.723386],[28.936662,36.723634],[28.93665,36.723871],[28.936518,36.72415],[28.936577,36.724412],[28.936737,36.724528],[28.936864,36.724749],[28.936992,36.724971],[28.937083,36.725141],[28.937,36.725313],[28.936226,36.725734],[28.936023,36.725947],[28.935772,36.726399],[28.935468,36.726772],[28.935213,36.727026],[28.935272,36.727315],[28.935454,36.727588],[28.935877,36.728475],[28.935866,36.728751],[28.93568,36.728978],[28.935493,36.729165],[28.935489,36.729692],[28.935373,36.729944],[28.935232,36.730144],[28.935205,36.730183],[28.935105,36.730382],[28.935098,36.730799],[28.93535,36.731111],[28.935582,36.731316],[28.935671,36.731395],[28.935864,36.731445],[28.936579,36.731446],[28.936791,36.731561],[28.937024,36.731794],[28.937187,36.732055],[28.937228,36.732278],[28.937115,36.732661],[28.936912,36.732915],[28.936487,36.733314],[28.93647,36.73333],[28.936353,36.733542],[28.936177,36.734252],[28.936321,36.734447],[28.936797,36.734636],[28.937029,36.73484],[28.93766,36.735684],[28.938342,36.736423],[28.938663,36.736707],[28.938826,36.736968],[28.939267,36.737184],[28.939827,36.737241],[28.940016,36.737133],[28.940097,36.736895],[28.940021,36.736659],[28.93998,36.73641],[28.940047,36.736303],[28.940114,36.736197],[28.941465,36.735149],[28.941723,36.734987],[28.941908,36.734721],[28.942019,36.734298]]]]}},{"type":"Feature","properties":{"id":"TR-D-48-003","parent_id":"TR-P-48","region_id":"TR-R-EGE","level":"district","municipality_type":null,"municipality_type_label":null,"is_metropolitan_municipality":null,"name":"Datça","name_ascii":"datca","slug":"datca-mugla"},"geometry":{"type":"Polygon","coordinates":[[[28.092848,36.795938],[28.092513,36.795836],[28.092179,36.795805],[28.088884,36.795947],[28.085725,36.796694],[28.085364,36.796796],[28.085138,36.796674],[28.082542,36.795226],[28.082323,36.795089],[28.082246,36.794907],[28.081366,36.792596],[28.08129,36.792365],[28.081044,36.792256],[28.077977,36.790807],[28.076088,36.788422],[28.07789,36.786442],[28.078186,36.786117],[28.080425,36.783689],[28.080631,36.780731],[28.080655,36.780359],[28.080424,36.78001],[28.07905,36.777873],[28.07754,36.775973],[28.077412,36.775811],[28.077186,36.7755],[28.076835,36.775378],[28.076782,36.775359],[28.074241,36.774457],[28.073747,36.774269],[28.07327,36.774321],[28.069984,36.774665],[28.069914,36.774663],[28.069555,36.774706],[28.069087,36.77456],[28.069036,36.774548],[28.066586,36.773778],[28.065886,36.773555],[28.065668,36.773143],[28.064621,36.771116],[28.06441,36.770688],[28.064451,36.770224],[28.06447,36.769987],[28.064649,36.767741],[28.064357,36.765045],[28.064322,36.764653],[28.064015,36.764506],[28.061556,36.763287],[28.061178,36.763097],[28.060865,36.763149],[28.056334,36.764056],[28.053114,36.763691],[28.053041,36.763675],[28.052626,36.763637],[28.052521,36.76328],[28.052518,36.763268],[28.051574,36.760105],[28.051192,36.760186],[28.04939,36.760567],[28.048633,36.760727],[28.04818,36.760834],[28.047832,36.761192],[28.046091,36.763105],[28.045162,36.764225],[28.044221,36.765387],[28.043987,36.765654],[28.044108,36.765917],[28.04411,36.765919],[28.045283,36.7681],[28.04544,36.768401],[28.045122,36.768634],[28.043014,36.77019],[28.042772,36.770371],[28.041197,36.772744],[28.042451,36.773083],[28.041872,36.773625],[28.041858,36.774072],[28.041711,36.77661],[28.043252,36.777939],[28.044411,36.778808],[28.046177,36.778793],[28.047385,36.780461],[28.048093,36.78144],[28.049514,36.783973],[28.050869,36.786079],[28.050999,36.786308],[28.05115,36.786506],[28.050835,36.78651],[28.0479,36.78645],[28.047648,36.786458],[28.047434,36.786442],[28.047188,36.786292],[28.0456,36.785345],[28.04484,36.784893],[28.044419,36.784642],[28.042384,36.782035],[28.03882,36.772698],[28.038696,36.77255],[28.036644,36.770091],[28.034052,36.768174],[28.030895,36.766608],[28.02749,36.767327],[28.024062,36.76656],[28.022166,36.763611],[28.019565,36.761122],[28.01528,36.760136],[28.014331,36.760732],[28.012472,36.761899],[28.009503,36.763968],[28.007506,36.762664],[28.006053,36.761715],[28.002615,36.760261],[27.998918,36.759287],[27.997926,36.759064],[27.995964,36.758628],[27.992963,36.757992],[27.99076,36.757522],[27.986774,36.757449],[27.985809,36.757584],[27.98237,36.758067],[27.978833,36.75947],[27.977163,36.762001],[27.974002,36.759974],[27.971688,36.757484],[27.970546,36.755545],[27.970127,36.754833],[27.968619,36.752139],[27.966733,36.749644],[27.963326,36.750248],[27.964645,36.752865],[27.965118,36.755946],[27.965333,36.756498],[27.966449,36.759364],[27.964129,36.759236],[27.962888,36.759168],[27.959317,36.75829],[27.95379,36.759942],[27.951188,36.75711],[27.949584,36.754497],[27.945296,36.753282],[27.943537,36.749755],[27.9404,36.750659],[27.939853,36.750817],[27.939161,36.749649],[27.938103,36.747862],[27.93678,36.745017],[27.934326,36.742526],[27.931038,36.741529],[27.927201,36.741898],[27.924209,36.741933],[27.923559,36.741941],[27.923361,36.741943],[27.923355,36.741949],[27.92145,36.744006],[27.921119,36.744363],[27.924063,36.745564],[27.92441,36.745706],[27.923986,36.746054],[27.921879,36.747786],[27.920354,36.750657],[27.918928,36.752739],[27.918541,36.753305],[27.918299,36.753238],[27.914112,36.752089],[27.910562,36.752695],[27.907019,36.753756],[27.90347,36.754358],[27.900067,36.755305],[27.896508,36.755224],[27.895614,36.752375],[27.896289,36.749621],[27.898391,36.747319],[27.898916,36.744112],[27.898578,36.744031],[27.895204,36.743231],[27.888421,36.746725],[27.886757,36.749827],[27.889209,36.752319],[27.888947,36.752975],[27.887971,36.755417],[27.885007,36.757155],[27.88131,36.75742],[27.876169,36.756092],[27.873714,36.753486],[27.868618,36.744956],[27.865191,36.744075],[27.85847,36.741618],[27.856082,36.743924],[27.852691,36.745783],[27.838885,36.745561],[27.838865,36.745578],[27.836172,36.747897],[27.836071,36.747984],[27.834977,36.751427],[27.834031,36.75532],[27.831351,36.75717],[27.827397,36.758234],[27.826513,36.758545],[27.8238,36.759532],[27.820674,36.76061],[27.819729,36.76093],[27.816043,36.762101],[27.812356,36.763164],[27.808374,36.763426],[27.804944,36.762311],[27.801726,36.760732],[27.801507,36.760624],[27.798062,36.758251],[27.793365,36.758293],[27.789671,36.758778],[27.785376,36.756757],[27.781461,36.756528],[27.780248,36.756457],[27.776551,36.756714],[27.773057,36.757527],[27.770435,36.758203],[27.768929,36.7586],[27.767535,36.759039],[27.765647,36.759656],[27.76369,36.760096],[27.760892,36.760707],[27.75782,36.761322],[27.756787,36.761441],[27.753556,36.761813],[27.750088,36.761951],[27.749005,36.761967],[27.745713,36.76201],[27.742453,36.762123],[27.740844,36.762101],[27.737902,36.762052],[27.734322,36.760136],[27.730898,36.759592],[27.726647,36.759281],[27.722775,36.75851],[27.721204,36.757646],[27.719516,36.756734],[27.716614,36.754897],[27.713583,36.751263],[27.711221,36.750488],[27.709152,36.749813],[27.709028,36.749657],[27.708944,36.749571],[27.708562,36.74918],[27.708369,36.74889],[27.708322,36.748769],[27.708294,36.748697],[27.708256,36.74851],[27.708176,36.748343],[27.708084,36.748279],[27.707956,36.748118],[27.707551,36.747748],[27.707393,36.747604],[27.707082,36.747314],[27.70624,36.746563],[27.706138,36.746338],[27.70616,36.746011],[27.706158,36.745864],[27.706149,36.745287],[27.705519,36.745001],[27.705382,36.744939],[27.705205,36.744644],[27.705071,36.744505],[27.70446,36.74392],[27.703903,36.743357],[27.703865,36.74295],[27.703865,36.74277],[27.703865,36.742612],[27.703849,36.742542],[27.703758,36.742451],[27.70357,36.742322],[27.703519,36.742307],[27.703334,36.742253],[27.703227,36.742097],[27.703222,36.741963],[27.703204,36.741896],[27.703168,36.741759],[27.702975,36.741518],[27.70265,36.741182],[27.702643,36.741175],[27.702337,36.740928],[27.70194,36.740767],[27.701141,36.740301],[27.701141,36.74006],[27.701157,36.739936],[27.701243,36.739797],[27.70133,36.739689],[27.701522,36.739448],[27.701608,36.739009],[27.701613,36.738178],[27.70157,36.738054],[27.70141,36.73785],[27.701085,36.737491],[27.701029,36.737418],[27.700699,36.737008],[27.700342,36.736636],[27.700217,36.736585],[27.70016,36.736467],[27.700171,36.736338],[27.700222,36.736215],[27.700351,36.736118],[27.700428,36.735992],[27.700431,36.735609],[27.700407,36.735502],[27.700364,36.735389],[27.700241,36.735263],[27.700163,36.735156],[27.70016,36.735],[27.700176,36.734877],[27.700294,36.734781],[27.700388,36.734673],[27.700528,36.734582],[27.700592,36.734491],[27.700584,36.734346],[27.700308,36.734202],[27.70004,36.734022],[27.699817,36.733818],[27.699656,36.73373],[27.699509,36.733607],[27.699375,36.73355],[27.699214,36.733424],[27.699021,36.733293],[27.698855,36.733172],[27.697761,36.732585],[27.697061,36.732218],[27.697048,36.732151],[27.697048,36.732009],[27.696986,36.731875],[27.696887,36.731768],[27.696817,36.731623],[27.696678,36.731548],[27.696356,36.731561],[27.696276,36.731641],[27.69623,36.731765],[27.696225,36.731904],[27.696139,36.732028],[27.695894,36.732049],[27.695657,36.732021],[27.695533,36.731936],[27.695484,36.731869],[27.695253,36.73166],[27.694792,36.731487],[27.69436,36.731466],[27.694007,36.731502],[27.693704,36.731689],[27.693301,36.731704],[27.692962,36.731617],[27.692393,36.731279],[27.692198,36.731098],[27.691831,36.73107],[27.691427,36.730976],[27.691168,36.730846],[27.690426,36.730284],[27.690291,36.730152],[27.69017,36.729895],[27.690145,36.729593],[27.689936,36.729218],[27.68985,36.729009],[27.68959,36.728534],[27.688318,36.726879],[27.688112,36.726567],[27.688204,36.726442],[27.688314,36.726339],[27.68838,36.726218],[27.688369,36.725858],[27.688277,36.72574],[27.688211,36.725703],[27.688164,36.725678],[27.687987,36.725615],[27.687679,36.725556],[27.687597,36.725555],[27.687425,36.725553],[27.686867,36.725553],[27.686716,36.725494],[27.686514,36.725274],[27.686452,36.72488],[27.686488,36.724814],[27.68651,36.724594],[27.686623,36.72414],[27.686736,36.723928],[27.686871,36.723843],[27.687144,36.723859],[27.687466,36.723878],[27.688132,36.723871],[27.688317,36.723883],[27.688437,36.723935],[27.6886,36.723974],[27.688905,36.723968],[27.689048,36.723919],[27.68913,36.723808],[27.689276,36.723487],[27.689341,36.723305],[27.689487,36.723262],[27.689666,36.723243],[27.68976,36.723282],[27.689832,36.723298],[27.689933,36.723383],[27.690011,36.723474],[27.690121,36.723558],[27.690208,36.723595],[27.690985,36.723625],[27.691378,36.723565],[27.691709,36.723209],[27.691709,36.722815],[27.691492,36.722484],[27.6912,36.722293],[27.690462,36.72195],[27.68978,36.721784],[27.689588,36.721784],[27.689458,36.721835],[27.689455,36.721959],[27.689522,36.722082],[27.689664,36.722103],[27.689973,36.722101],[27.690087,36.722184],[27.690076,36.72241],[27.690012,36.722558],[27.689763,36.722929],[27.689432,36.722929],[27.688975,36.722891],[27.688593,36.722675],[27.688263,36.722382],[27.687957,36.721963],[27.687957,36.721734],[27.687627,36.721632],[27.687282,36.721591],[27.687111,36.721484],[27.687032,36.721267],[27.687016,36.721225],[27.687067,36.720437],[27.687321,36.719776],[27.687805,36.719279],[27.688212,36.719089],[27.689039,36.718953],[27.68914,36.718936],[27.689407,36.718987],[27.689687,36.719165],[27.690081,36.719216],[27.690679,36.719076],[27.692096,36.717913],[27.692167,36.717855],[27.692662,36.717715],[27.693095,36.71769],[27.693502,36.71755],[27.693678,36.717588],[27.693794,36.717614],[27.694646,36.717944],[27.695142,36.71797],[27.695676,36.717893],[27.695447,36.717232],[27.695155,36.717016],[27.695072,36.716835],[27.695019,36.716719],[27.69566,36.715799],[27.696566,36.714498],[27.696937,36.713438],[27.695624,36.710358],[27.693742,36.707399],[27.693136,36.70409],[27.690552,36.701938],[27.687608,36.702689],[27.686865,36.702878],[27.684984,36.70301],[27.683169,36.703136],[27.678895,36.702366],[27.677441,36.699404],[27.678257,36.696085],[27.677942,36.693225],[27.676443,36.686151],[27.673854,36.683426],[27.673385,36.679658],[27.67392,36.676451],[27.674124,36.669022],[27.676361,36.665575],[27.675754,36.662152],[27.678005,36.659963],[27.681399,36.658336],[27.678115,36.656987],[27.674574,36.658045],[27.668465,36.660636],[27.667839,36.660901],[27.664668,36.662116],[27.656435,36.663202],[27.655504,36.663179],[27.652738,36.663113],[27.649052,36.663939],[27.646229,36.665902],[27.642013,36.67062],[27.638905,36.672356],[27.635079,36.673639],[27.634426,36.673508],[27.631233,36.672868],[27.627535,36.672661],[27.623848,36.673604],[27.620515,36.675325],[27.617342,36.676964],[27.615865,36.678701],[27.615095,36.679606],[27.614462,36.67957],[27.611538,36.679403],[27.609,36.681363],[27.605449,36.681728],[27.602586,36.679805],[27.599164,36.680596],[27.596486,36.681216],[27.595392,36.680937],[27.589501,36.679433],[27.584961,36.680376],[27.58214,36.682679],[27.578595,36.683616],[27.574884,36.682153],[27.572729,36.679883],[27.570717,36.677494],[27.567503,36.675352],[27.564279,36.673077],[27.562603,36.673482],[27.560873,36.6739],[27.5609,36.676727],[27.5609,36.676758],[27.559648,36.679621],[27.556242,36.680331],[27.549055,36.677226],[27.545962,36.675593],[27.542255,36.674356],[27.541775,36.674348],[27.538396,36.674291],[27.535279,36.673256],[27.531723,36.672934],[27.528322,36.67421],[27.527113,36.674769],[27.525066,36.675715],[27.521184,36.677001],[27.517401,36.677133],[27.513973,36.675211],[27.511392,36.672596],[27.508671,36.670327],[27.505668,36.668401],[27.502944,36.665672],[27.496855,36.661788],[27.494225,36.659891],[27.492497,36.657389],[27.489349,36.654776],[27.485929,36.653652],[27.483916,36.650922],[27.481483,36.648875],[27.477637,36.647641],[27.47681,36.650845],[27.475582,36.652465],[27.474983,36.653254],[27.474403,36.65321],[27.470858,36.652936],[27.470742,36.656139],[27.470053,36.658885],[27.4678,36.661524],[27.464291,36.660233],[27.461244,36.659276],[27.457983,36.66032],[27.454285,36.659999],[27.451169,36.66127],[27.447186,36.660838],[27.443633,36.660853],[27.441264,36.662259],[27.440519,36.662701],[27.43697,36.663175],[27.433428,36.664794],[27.431313,36.667092],[27.429833,36.668023],[27.429216,36.668411],[27.428202,36.669049],[27.428048,36.669036],[27.424361,36.668726],[27.420656,36.667372],[27.417543,36.665485],[27.414517,36.66386],[27.410534,36.663422],[27.409379,36.664064],[27.40742,36.665152],[27.408435,36.667892],[27.406319,36.670304],[27.408196,36.674067],[27.408502,36.677149],[27.405672,36.678993],[27.402124,36.679811],[27.398443,36.679953],[27.397312,36.680023],[27.39459,36.680191],[27.390609,36.679979],[27.38707,36.68109],[27.383802,36.682411],[27.379822,36.682431],[27.377673,36.680157],[27.374267,36.681088],[27.370431,36.681563],[27.366741,36.682379],[27.363767,36.684222],[27.364004,36.685796],[27.364214,36.687192],[27.36577,36.687385],[27.367772,36.687633],[27.371762,36.6891],[27.373151,36.690754],[27.37377,36.691492],[27.374784,36.694228],[27.375662,36.697768],[27.372829,36.699498],[27.369428,36.701111],[27.366022,36.70227],[27.363194,36.704686],[27.363497,36.707541],[27.363142,36.709618],[27.36295,36.710746],[27.366503,36.71027],[27.369904,36.708539],[27.374027,36.708293],[27.376287,36.70611],[27.380265,36.705522],[27.381437,36.705024],[27.383527,36.704135],[27.387081,36.703886],[27.390641,36.704559],[27.393353,36.703817],[27.394047,36.703627],[27.397019,36.70167],[27.398079,36.701361],[27.401419,36.700388],[27.40484,36.701632],[27.407839,36.703215],[27.410854,36.70566],[27.413565,36.708216],[27.41813,36.711129],[27.420995,36.712751],[27.424287,36.71548],[27.425732,36.718673],[27.424903,36.721432],[27.424517,36.723285],[27.424214,36.724741],[27.422669,36.727378],[27.422434,36.727663],[27.42022,36.730347],[27.418582,36.732543],[27.419457,36.735278],[27.422319,36.737551],[27.426015,36.737305],[27.426466,36.740389],[27.428192,36.742896],[27.429494,36.745634],[27.432355,36.747674],[27.437191,36.747307],[27.441033,36.747516],[27.442967,36.747196],[27.444565,36.746932],[27.448422,36.745992],[27.449089,36.745989],[27.452122,36.745973],[27.455265,36.747555],[27.456283,36.750291],[27.456452,36.753836],[27.45804,36.756457],[27.460617,36.758386],[27.464192,36.760538],[27.468326,36.761316],[27.472162,36.760379],[27.472221,36.760358],[27.47585,36.759105],[27.478676,36.756573],[27.477656,36.753719],[27.478913,36.750857],[27.482017,36.751196],[27.484895,36.75151],[27.488181,36.752861],[27.492028,36.753527],[27.494575,36.753332],[27.496864,36.753157],[27.501124,36.75199],[27.503628,36.750627],[27.504099,36.750371],[27.507505,36.749322],[27.510901,36.749656],[27.514911,36.750193],[27.518977,36.751075],[27.525139,36.752923],[27.526106,36.753213],[27.530022,36.754257],[27.533643,36.755627],[27.537598,36.756919],[27.537943,36.757055],[27.540855,36.758205],[27.54201,36.758563],[27.54431,36.759276],[27.544806,36.7593],[27.548581,36.759479],[27.552666,36.76013],[27.556422,36.760917],[27.560848,36.762374],[27.566122,36.763257],[27.569681,36.763234],[27.573955,36.763781],[27.577775,36.764829],[27.581951,36.766215],[27.586089,36.76736],[27.588086,36.767679],[27.58951,36.767908],[27.593209,36.767657],[27.596616,36.766719],[27.599872,36.764985],[27.60357,36.764847],[27.607035,36.765513],[27.610419,36.766401],[27.612671,36.766109],[27.612952,36.766075],[27.614204,36.765924],[27.614886,36.767193],[27.614925,36.767267],[27.615373,36.76764],[27.615746,36.768121],[27.616015,36.768465],[27.614895,36.769363],[27.615226,36.769852],[27.615334,36.770024],[27.61641,36.771017],[27.616485,36.770923],[27.615621,36.770202],[27.615368,36.769958],[27.61534,36.769919],[27.615298,36.769785],[27.61537,36.769621],[27.615462,36.76963],[27.616027,36.769146],[27.615988,36.769049],[27.616469,36.768698],[27.616539,36.76871],[27.616627,36.768765],[27.616861,36.768946],[27.61705,36.769078],[27.617217,36.769198],[27.617495,36.769303],[27.61768,36.769447],[27.617702,36.76951],[27.617685,36.769581],[27.617588,36.76967],[27.617407,36.7698],[27.617188,36.770019],[27.616923,36.770192],[27.616901,36.770255],[27.616937,36.770301],[27.617029,36.77035],[27.617183,36.770463],[27.617324,36.770598],[27.617494,36.770763],[27.617588,36.770838],[27.61762,36.770905],[27.617647,36.770954],[27.617739,36.771021],[27.617829,36.771121],[27.617872,36.771185],[27.617939,36.771232],[27.617968,36.77125],[27.617996,36.771232],[27.618027,36.771215],[27.618023,36.771166],[27.617909,36.771029],[27.617823,36.770933],[27.617721,36.770843],[27.617567,36.770694],[27.617498,36.770634],[27.617428,36.770547],[27.617318,36.77045],[27.617207,36.770383],[27.617144,36.770287],[27.617123,36.770189],[27.617129,36.770141],[27.617137,36.770137],[27.617541,36.769843],[27.617706,36.769653],[27.617831,36.76956],[27.6179,36.76951],[27.618068,36.76951],[27.618194,36.769577],[27.618493,36.769742],[27.618801,36.769948],[27.618809,36.770028],[27.618788,36.770116],[27.618593,36.770266],[27.618375,36.770432],[27.61814,36.770643],[27.618093,36.770693],[27.61814,36.770735],[27.618224,36.770727],[27.618531,36.770449],[27.618603,36.77039],[27.618737,36.770401],[27.618754,36.770403],[27.619024,36.770445],[27.619533,36.770714],[27.619926,36.770923],[27.621298,36.772233],[27.622542,36.773408],[27.623593,36.774201],[27.626058,36.777047],[27.628064,36.779773],[27.62852,36.782741],[27.628358,36.782996],[27.626841,36.785381],[27.626728,36.786637],[27.626585,36.788238],[27.627326,36.791208],[27.626472,36.794116],[27.625817,36.79682],[27.627838,36.799548],[27.630985,36.800785],[27.639012,36.801561],[27.642959,36.802076],[27.643989,36.805155],[27.643968,36.8052],[27.643584,36.806024],[27.640405,36.810291],[27.643342,36.811329],[27.646891,36.810276],[27.653114,36.806232],[27.656233,36.804837],[27.660066,36.803666],[27.664679,36.803042],[27.668076,36.802715],[27.67144,36.801985],[27.671865,36.801851],[27.67513,36.800819],[27.6788,36.801095],[27.679263,36.80113],[27.682379,36.79962],[27.684099,36.797273],[27.68594,36.794579],[27.6878,36.791569],[27.689526,36.789165],[27.693365,36.788679],[27.697061,36.788198],[27.700895,36.787254],[27.708869,36.787423],[27.711595,36.787019],[27.712209,36.786943],[27.717212,36.786322],[27.724943,36.786044],[27.72694,36.786277],[27.732908,36.786975],[27.737772,36.787317],[27.741573,36.787063],[27.746275,36.787019],[27.746297,36.787019],[27.751011,36.787096],[27.754831,36.787433],[27.760862,36.78826],[27.762168,36.788369],[27.765983,36.788921],[27.766875,36.789225],[27.769271,36.79004],[27.772983,36.790924],[27.776314,36.791412],[27.776692,36.791468],[27.780409,36.792692],[27.782859,36.795073],[27.783161,36.796341],[27.783753,36.79883],[27.784358,36.80112],[27.787646,36.802121],[27.791325,36.801564],[27.791626,36.801519],[27.795063,36.803088],[27.798374,36.805004],[27.801517,36.806693],[27.803128,36.807834],[27.804391,36.808729],[27.808892,36.810543],[27.81212,36.81175],[27.814541,36.812214],[27.817696,36.81282],[27.820115,36.813284],[27.824674,36.813359],[27.827205,36.812969],[27.829292,36.812648],[27.832214,36.812367],[27.832291,36.81236],[27.832376,36.812343],[27.836472,36.811544],[27.840977,36.810183],[27.841698,36.810017],[27.84409,36.809465],[27.846877,36.808311],[27.847966,36.80781],[27.851222,36.806841],[27.855344,36.806233],[27.859621,36.806537],[27.863611,36.806733],[27.867181,36.807386],[27.871367,36.80762],[27.874203,36.807779],[27.886564,36.808469],[27.889721,36.810158],[27.892454,36.812191],[27.896157,36.812158],[27.899978,36.810407],[27.904122,36.811283],[27.907668,36.810335],[27.91121,36.808929],[27.914317,36.807073],[27.91713,36.804648],[27.919655,36.801878],[27.922047,36.799798],[27.925599,36.800017],[27.930173,36.800525],[27.934161,36.800486],[27.93802,36.801479],[27.941863,36.801326],[27.945402,36.799923],[27.948966,36.800115],[27.955228,36.799827],[27.959017,36.800256],[27.962362,36.800787],[27.965908,36.799838],[27.969444,36.798203],[27.972853,36.797599],[27.976407,36.798857],[27.979612,36.800104],[27.983734,36.801491],[27.987592,36.802368],[27.99027,36.800514],[27.992513,36.798205],[27.996221,36.79851],[27.999774,36.798132],[28.002737,36.796273],[28.006587,36.796578],[28.005546,36.793729],[28.009067,36.793813],[28.013519,36.79365],[28.014464,36.792611],[28.015619,36.791341],[28.018389,36.792419],[28.018771,36.792567],[28.019445,36.792365],[28.022314,36.791503],[28.026147,36.790775],[28.030561,36.790733],[28.032374,36.78831],[28.035537,36.790222],[28.036435,36.793071],[28.036623,36.795929],[28.039012,36.797907],[28.039076,36.797959],[28.039122,36.797928],[28.042035,36.795986],[28.044159,36.795485],[28.045376,36.795197],[28.045579,36.795147],[28.045704,36.795292],[28.047537,36.797446],[28.047564,36.797509],[28.047553,36.797573],[28.045555,36.799044],[28.045059,36.799408],[28.044976,36.799471],[28.04498,36.79952],[28.045117,36.799616],[28.046352,36.800438],[28.047653,36.801304],[28.047837,36.801428],[28.048016,36.801379],[28.051368,36.800803],[28.052413,36.804807],[28.053218,36.80792],[28.054002,36.810772],[28.054581,36.813148],[28.056052,36.814413],[28.056237,36.814575],[28.056204,36.814464],[28.056146,36.814274],[28.056143,36.814264],[28.056057,36.813878],[28.05603,36.81368],[28.056004,36.813482],[28.056003,36.813439],[28.055996,36.813088],[28.056019,36.8129],[28.05602,36.812893],[28.056044,36.812699],[28.05611,36.812479],[28.056161,36.812309],[28.056192,36.812238],[28.056247,36.812117],[28.056333,36.811926],[28.056546,36.811547],[28.056565,36.811543],[28.062272,36.810306],[28.065213,36.809772],[28.068153,36.808792],[28.070826,36.80799],[28.07439,36.80799],[28.077419,36.80799],[28.080359,36.807901],[28.082854,36.806921],[28.085081,36.805495],[28.086774,36.804159],[28.088467,36.801842],[28.090427,36.799704],[28.090575,36.799487],[28.090649,36.799378],[28.091981,36.79769],[28.092782,36.796455],[28.092848,36.795938]]]}},{"type":"Feature","properties":{"id":"TR-D-48-004","parent_id":"TR-P-48","region_id":"TR-R-EGE","level":"district","municipality_type":null,"municipality_type_label":null,"is_metropolitan_municipality":null,"name":"Fethiye","name_ascii":"fethiye","slug":"fethiye-mugla"},"geometry":{"type":"MultiPolygon","coordinates":[[[[29.18255,36.866539],[29.184895,36.866187],[29.186654,36.866304],[29.189468,36.865542],[29.192165,36.864487],[29.194159,36.863431],[29.195918,36.862435],[29.198263,36.861203],[29.201898,36.859855],[29.204419,36.859269],[29.205943,36.857686],[29.208054,36.855106],[29.209948,36.852896],[29.210516,36.852233],[29.210847,36.852026],[29.211923,36.851354],[29.216789,36.851471],[29.217928,36.851931],[29.219838,36.852702],[29.220483,36.852976],[29.221772,36.853523],[29.224655,36.853856],[29.224821,36.853875],[29.228163,36.85493],[29.228515,36.855007],[29.231387,36.855634],[29.234495,36.856161],[29.236458,36.856598],[29.236752,36.85577],[29.237402,36.853936],[29.238066,36.852642],[29.238753,36.851301],[29.239724,36.849131],[29.239902,36.848734],[29.240029,36.847434],[29.240173,36.845964],[29.240038,36.843666],[29.2397,36.841369],[29.239538,36.84058],[29.239024,36.838058],[29.238956,36.83495],[29.239362,36.832653],[29.239024,36.829882],[29.238821,36.827382],[29.238483,36.82522],[29.238231,36.823831],[29.23774,36.821504],[29.237685,36.821148],[29.23747,36.819747],[29.237335,36.817518],[29.237426,36.816989],[29.237605,36.815964],[29.237928,36.815372],[29.238416,36.814477],[29.239887,36.813262],[29.240357,36.812972],[29.241862,36.812112],[29.24299,36.811467],[29.24328,36.811301],[29.244835,36.810355],[29.245127,36.810199],[29.24774,36.808801],[29.248393,36.808626],[29.25051,36.808058],[29.252447,36.806982],[29.252943,36.806707],[29.253544,36.80632],[29.254835,36.805491],[29.255937,36.804961],[29.256524,36.80468],[29.257149,36.804367],[29.258686,36.803599],[29.260037,36.802856],[29.260735,36.802523],[29.261456,36.80218],[29.264294,36.800761],[29.264805,36.800378],[29.265916,36.799544],[29.268551,36.797856],[29.270375,36.795896],[29.270699,36.79541],[29.272132,36.793261],[29.272174,36.789915],[29.272188,36.788801],[29.271738,36.785919],[29.268675,36.778171],[29.268386,36.777233],[29.267954,36.775829],[29.266152,36.772495],[29.266099,36.772238],[29.265522,36.769432],[29.265266,36.768313],[29.264801,36.766279],[29.264846,36.76493],[29.264891,36.763577],[29.265612,36.761504],[29.267684,36.756549],[29.270026,36.753486],[29.272459,36.751324],[29.275341,36.749522],[29.275995,36.749154],[29.278224,36.747901],[29.280837,36.74691],[29.282729,36.746189],[29.290206,36.744297],[29.298224,36.742225],[29.302909,36.741234],[29.304417,36.740808],[29.307053,36.740063],[29.307954,36.738712],[29.308419,36.737781],[29.308945,36.73673],[29.309215,36.734748],[29.309239,36.734456],[29.309486,36.731414],[29.309576,36.727811],[29.309146,36.726809],[29.308765,36.725919],[29.307413,36.724567],[29.305341,36.723036],[29.302819,36.721504],[29.302083,36.720843],[29.301017,36.719883],[29.296862,36.717337],[29.296159,36.71677],[29.295105,36.715919],[29.293569,36.714431],[29.292943,36.713824],[29.291253,36.711932],[29.29107,36.711423],[29.290645,36.710243],[29.289496,36.705784],[29.289416,36.704956],[29.289294,36.703689],[29.289294,36.700311],[29.289533,36.699265],[29.290037,36.697067],[29.290258,36.695609],[29.290375,36.694838],[29.290375,36.692946],[29.29042,36.692528],[29.290645,36.690446],[29.290733,36.688912],[29.290781,36.688081],[29.290172,36.68423],[29.289429,36.682203],[29.289294,36.680851],[29.289159,36.678824],[29.289699,36.677068],[29.29013,36.676338],[29.290578,36.675581],[29.290983,36.674702],[29.292064,36.673419],[29.292957,36.672229],[29.293686,36.671256],[29.293891,36.670368],[29.294091,36.6695],[29.294429,36.666324],[29.294411,36.665694],[29.294361,36.663959],[29.294414,36.661773],[29.294429,36.661122],[29.294091,36.658351],[29.294024,36.655243],[29.294159,36.652608],[29.294564,36.650041],[29.295105,36.647541],[29.295628,36.6464],[29.295848,36.645919],[29.296249,36.644675],[29.296524,36.643824],[29.296591,36.641797],[29.296653,36.640749],[29.296727,36.6395],[29.296727,36.637541],[29.296794,36.635379],[29.296862,36.631122],[29.296909,36.630551],[29.297132,36.627878],[29.297677,36.625253],[29.297875,36.624297],[29.297931,36.623834],[29.298145,36.622068],[29.297943,36.619838],[29.297537,36.618554],[29.297378,36.618134],[29.296794,36.616595],[29.296862,36.614095],[29.2972,36.611392],[29.297408,36.610347],[29.297672,36.609027],[29.298618,36.604771],[29.299024,36.603626],[29.299361,36.602676],[29.299361,36.60146],[29.299361,36.59923],[29.299249,36.598621],[29.299023,36.597406],[29.29801,36.594027],[29.297672,36.592563],[29.297402,36.591392],[29.295915,36.587473],[29.2947,36.584365],[29.292781,36.581319],[29.292402,36.580716],[29.288078,36.577676],[29.285848,36.575649],[29.284294,36.573554],[29.282943,36.571392],[29.282692,36.570697],[29.282334,36.569703],[29.280781,36.566459],[29.2797,36.564298],[29.278348,36.560649],[29.277335,36.559568],[29.273483,36.557001],[29.271524,36.556055],[29.269227,36.555176],[29.264091,36.553757],[29.26326,36.553536],[29.260781,36.552879],[29.259401,36.552443],[29.258213,36.552068],[29.257199,36.551527],[29.254497,36.550176],[29.253385,36.548976],[29.252808,36.548352],[29.251659,36.547203],[29.25023,36.54509],[29.249429,36.543622],[29.248551,36.542473],[29.246508,36.540489],[29.246186,36.540176],[29.243551,36.537946],[29.241794,36.536933],[29.240833,36.536339],[29.239497,36.535514],[29.236254,36.534028],[29.23441,36.533577],[29.233213,36.533284],[29.230037,36.532271],[29.227534,36.531645],[29.225443,36.531122],[29.224608,36.530872],[29.224091,36.530717],[29.221186,36.529298],[29.218089,36.527361],[29.214846,36.524838],[29.213585,36.523847],[29.211963,36.522226],[29.210792,36.520153],[29.21016,36.5188],[29.209531,36.517451],[29.20854,36.515559],[29.207459,36.512135],[29.207008,36.509433],[29.207188,36.50682],[29.207639,36.504838],[29.20854,36.502676],[29.20854,36.501145],[29.208449,36.497541],[29.207819,36.493667],[29.207342,36.489303],[29.206648,36.482947],[29.205988,36.480762],[29.205206,36.478172],[29.204936,36.47673],[29.204846,36.474298],[29.204846,36.472586],[29.204734,36.472102],[29.204576,36.471415],[29.203945,36.470424],[29.202684,36.468893],[29.201684,36.467993],[29.200882,36.467271],[29.1989,36.465559],[29.193945,36.462766],[29.1922,36.46167],[29.190071,36.460334],[29.184216,36.45583],[29.183919,36.455583],[29.182821,36.45467],[29.182274,36.454385],[29.181774,36.454124],[29.180774,36.453987],[29.179771,36.453851],[29.178041,36.453714],[29.176265,36.453623],[29.175308,36.453577],[29.173624,36.453304],[29.172853,36.453112],[29.172531,36.453031],[29.171575,36.45294],[29.170573,36.453077],[29.169435,36.453077],[29.168478,36.452858],[29.167841,36.452712],[29.166475,36.452121],[29.166208,36.451942],[29.165109,36.45121],[29.163652,36.45039],[29.163374,36.450112],[29.162879,36.449616],[29.161875,36.448841],[29.160966,36.448023],[29.160066,36.44746],[29.159473,36.447104],[29.157779,36.446702],[29.156094,36.446475],[29.155438,36.446395],[29.154227,36.446247],[29.153639,36.446144],[29.152406,36.445928],[29.150722,36.4457],[29.149174,36.445018],[29.147762,36.444289],[29.146806,36.443379],[29.146362,36.442993],[29.145075,36.441876],[29.144571,36.441347],[29.14412,36.440874],[29.141661,36.438871],[29.140568,36.438006],[29.138656,36.437095],[29.138184,36.437004],[29.137244,36.436822],[29.133465,36.436777],[29.133383,36.436779],[29.132216,36.438048],[29.132054,36.438225],[29.131442,36.440852],[29.13126,36.441634],[29.130037,36.445494],[29.127051,36.44719],[29.126893,36.44728],[29.12289,36.447328],[29.120826,36.449941],[29.122327,36.452486],[29.122526,36.452824],[29.124789,36.455611],[29.124566,36.458774],[29.122795,36.461844],[29.121205,36.467679],[29.120408,36.467623],[29.118736,36.467602],[29.11779,36.468045],[29.116433,36.468869],[29.115636,36.46958],[29.113476,36.470961],[29.10328,36.471976],[29.102951,36.472009],[29.102961,36.472683],[29.102829,36.472892],[29.102774,36.473194],[29.102456,36.473935],[29.102393,36.474237],[29.102407,36.474671],[29.102417,36.474879],[29.10233,36.475006],[29.102242,36.475137],[29.102116,36.475148],[29.101951,36.475066],[29.101715,36.474759],[29.101374,36.47449],[29.101286,36.474478],[29.1011,36.474462],[29.100913,36.47444],[29.100732,36.474528],[29.100644,36.474808],[29.100671,36.475115],[29.100825,36.475626],[29.101508,36.476127],[29.101956,36.476345],[29.102363,36.476658],[29.102741,36.47701],[29.10335,36.477514],[29.103535,36.477646],[29.104273,36.47802],[29.105355,36.478745],[29.105696,36.478981],[29.106316,36.479338],[29.106766,36.479656],[29.107046,36.479909],[29.107271,36.480738],[29.107573,36.481287],[29.108326,36.482226],[29.108491,36.482989],[29.108677,36.483154],[29.10927,36.483385],[29.109331,36.48344],[29.109435,36.483566],[29.109556,36.483719],[29.109587,36.484037],[29.109709,36.484407],[29.109836,36.484576],[29.109907,36.484648],[29.110244,36.484847],[29.110714,36.48507],[29.111143,36.4854],[29.111236,36.485586],[29.111658,36.48606],[29.111878,36.486443],[29.111983,36.486729],[29.111994,36.486844],[29.111988,36.487124],[29.111862,36.487459],[29.111642,36.487783],[29.111675,36.488008],[29.111736,36.488222],[29.112076,36.48853],[29.112894,36.488947],[29.113449,36.489348],[29.113553,36.489523],[29.113495,36.48968],[29.113141,36.48999],[29.112839,36.490462],[29.112664,36.490665],[29.112483,36.490962],[29.112433,36.491368],[29.112675,36.491841],[29.113004,36.492142],[29.113355,36.492412],[29.114108,36.492895],[29.114558,36.493362],[29.114827,36.493685],[29.115025,36.494119],[29.115354,36.495344],[29.115327,36.495756],[29.115265,36.496003],[29.115206,36.496321],[29.115233,36.496656],[29.11542,36.497024],[29.115799,36.497079],[29.116633,36.496991],[29.117022,36.497153],[29.11738,36.49748],[29.118577,36.497562],[29.118852,36.497535],[29.11922,36.497381],[29.119401,36.497145],[29.119857,36.49704],[29.119923,36.496978],[29.120148,36.496766],[29.120312,36.496535],[29.120461,36.496113],[29.120175,36.495662],[29.120269,36.495295],[29.12096,36.495146],[29.121702,36.495091],[29.123212,36.49513],[29.124562,36.495306],[29.125465,36.495563],[29.126193,36.495723],[29.127297,36.495728],[29.128006,36.495752],[29.128658,36.495816],[29.129339,36.496058],[29.129943,36.496146],[29.131294,36.495926],[29.131953,36.495948],[29.133298,36.495822],[29.133853,36.496053],[29.134698,36.496508],[29.135297,36.496838],[29.136585,36.497281],[29.137452,36.497578],[29.137669,36.497661],[29.137916,36.497985],[29.137691,36.498123],[29.137422,36.498249],[29.137064,36.498308],[29.136823,36.498361],[29.136308,36.498187],[29.135868,36.497808],[29.135295,36.497493],[29.134462,36.497468],[29.133069,36.497614],[29.131774,36.497373],[29.130834,36.49739],[29.130186,36.49728],[29.129569,36.497291],[29.129198,36.49748],[29.128823,36.497528],[29.12839,36.497393],[29.128086,36.497093],[29.127709,36.49706],[29.12734,36.49729],[29.126612,36.497181],[29.126185,36.49731],[29.126192,36.497554],[29.126349,36.498071],[29.126602,36.498494],[29.126638,36.498798],[29.126588,36.498942],[29.126298,36.49915],[29.125744,36.499526],[29.12516,36.49976],[29.124919,36.499785],[29.12452,36.499934],[29.124255,36.500081],[29.123662,36.500281],[29.123218,36.500445],[29.122692,36.500861],[29.12251,36.501088],[29.122196,36.501379],[29.121771,36.501569],[29.121563,36.501817],[29.121408,36.502079],[29.121332,36.502207],[29.120964,36.502499],[29.120938,36.50253],[29.120808,36.502685],[29.120796,36.502802],[29.120781,36.502954],[29.120697,36.50352],[29.120464,36.50385],[29.120148,36.504099],[29.120104,36.504114],[29.119742,36.504234],[29.11911,36.504443],[29.118811,36.50486],[29.118594,36.505205],[29.118629,36.505529],[29.118771,36.505812],[29.118911,36.506013],[29.119242,36.506332],[29.119412,36.506634],[29.119528,36.506957],[29.119668,36.507158],[29.119802,36.507271],[29.119833,36.507298],[29.120104,36.507415],[29.120197,36.5075],[29.12029,36.507584],[29.120376,36.507786],[29.120443,36.508273],[29.12061,36.508473],[29.120857,36.508692],[29.121032,36.509177],[29.121423,36.509739],[29.121729,36.5101],[29.121845,36.510423],[29.121863,36.511094],[29.121927,36.511459],[29.121967,36.511946],[29.121883,36.512583],[29.121878,36.512619],[29.121967,36.512943],[29.12211,36.513245],[29.122198,36.513508],[29.12227,36.514292],[29.122449,36.51494],[29.122459,36.515337],[29.122441,36.515652],[29.122558,36.515975],[29.122806,36.516194],[29.12328,36.516418],[29.123595,36.516566],[29.123816,36.516807],[29.12396,36.51717],[29.123972,36.517577],[29.123901,36.517923],[29.123886,36.518186],[29.123883,36.518249],[29.123942,36.518472],[29.123953,36.518858],[29.123854,36.519165],[29.123546,36.519699],[29.123528,36.520004],[29.123667,36.520205],[29.1241,36.520299],[29.124602,36.520289],[29.124608,36.52029],[29.125229,36.52032],[29.125742,36.520412],[29.126069,36.52061],[29.126155,36.520791],[29.126057,36.52136],[29.125869,36.522088],[29.125597,36.522927],[29.12555,36.523038],[29.125395,36.523398],[29.124851,36.52414],[29.124729,36.52459],[29.124765,36.524935],[29.124828,36.525279],[29.124943,36.525542],[29.125166,36.525843],[29.125855,36.526481],[29.126322,36.526839],[29.126657,36.527321],[29.127032,36.527962],[29.12708,36.528045],[29.127348,36.528976],[29.127331,36.529363],[29.127149,36.529879],[29.12701,36.530274],[29.126532,36.531462],[29.126274,36.531874],[29.125986,36.532189],[29.125703,36.532575],[29.125606,36.532984],[29.125615,36.533481],[29.125656,36.533817],[29.125905,36.534097],[29.125965,36.534319],[29.125949,36.534706],[29.125796,36.535014],[29.125614,36.535241],[29.125595,36.535505],[29.125629,36.535769],[29.125638,36.536094],[29.125595,36.536502],[29.125443,36.53683],[29.125372,36.537177],[29.125461,36.53748],[29.125632,36.537864],[29.125646,36.538301],[29.125577,36.53873],[29.125399,36.539119],[29.12538,36.539384],[29.125518,36.539544],[29.125953,36.539719],[29.126097,36.540042],[29.126025,36.540389],[29.126061,36.540693],[29.126075,36.540705],[29.126226,36.540833],[29.126232,36.541056],[29.12595,36.54157],[29.125788,36.541763],[29.125586,36.542003],[29.125271,36.542753],[29.125256,36.54277],[29.12522,36.542799],[29.125186,36.542817],[29.12518,36.542821],[29.125172,36.542835],[29.125168,36.542851],[29.125158,36.542871],[29.125143,36.542888],[29.125138,36.542903],[29.125135,36.542924],[29.125128,36.542946],[29.125093,36.543],[29.124982,36.543123],[29.124954,36.543157],[29.124926,36.543176],[29.124918,36.543187],[29.124905,36.543216],[29.124899,36.543242],[29.124891,36.543252],[29.124864,36.543269],[29.124836,36.543293],[29.124828,36.543302],[29.124823,36.543311],[29.124819,36.543333],[29.124811,36.543344],[29.124801,36.543356],[29.124784,36.543372],[29.12476,36.543388],[29.124754,36.543408],[29.124747,36.543415],[29.124738,36.54342],[29.124729,36.543431],[29.124726,36.543445],[29.124722,36.543455],[29.124715,36.543465],[29.124697,36.543478],[29.124655,36.543501],[29.12464,36.543513],[29.124605,36.543552],[29.124569,36.543581],[29.124563,36.543586],[29.124554,36.543599],[29.124546,36.543621],[29.124485,36.543694],[29.124443,36.543734],[29.124392,36.543766],[29.124335,36.543819],[29.124293,36.543847],[29.124212,36.543941],[29.124197,36.543951],[29.124184,36.543953],[29.124176,36.543953],[29.124163,36.543951],[29.124157,36.543952],[29.124151,36.543961],[29.124143,36.543985],[29.124135,36.543996],[29.124125,36.544008],[29.124107,36.544024],[29.124077,36.544043],[29.124045,36.544082],[29.123958,36.544167],[29.123897,36.544196],[29.123882,36.544209],[29.123853,36.544263],[29.123782,36.544339],[29.123671,36.544436],[29.123616,36.544463],[29.123588,36.544488],[29.123519,36.544576],[29.123471,36.544601],[29.123441,36.544649],[29.123372,36.544702],[29.123214,36.54486],[29.12312,36.544925],[29.123027,36.544997],[29.122868,36.54514],[29.122805,36.545207],[29.122752,36.545255],[29.122641,36.545321],[29.122594,36.545375],[29.122532,36.5454],[29.122454,36.545466],[29.122182,36.545671],[29.12193,36.545866],[29.121581,36.546144],[29.121396,36.546291],[29.12119,36.546464],[29.120899,36.546699],[29.120794,36.546763],[29.120748,36.546821],[29.120706,36.546842],[29.120664,36.546889],[29.120546,36.546977],[29.120395,36.547078],[29.120256,36.547175],[29.120167,36.547251],[29.120121,36.547301],[29.120024,36.547377],[29.119953,36.547431],[29.11986,36.547474],[29.119814,36.547511],[29.119772,36.547583],[29.119726,36.547612],[29.119557,36.547676],[29.119392,36.547815],[29.119255,36.547892],[29.118986,36.548039],[29.118095,36.54854],[29.117322,36.548896],[29.116698,36.54918],[29.116219,36.549342],[29.115642,36.549502],[29.114935,36.549621],[29.114787,36.549647],[29.114485,36.549668],[29.114211,36.549717],[29.113929,36.549729],[29.113673,36.549743],[29.113507,36.549752],[29.11326,36.54974],[29.113053,36.549723],[29.112844,36.549685],[29.112556,36.549616],[29.111869,36.549388],[29.111565,36.549294],[29.111495,36.549262],[29.111387,36.549196],[29.111045,36.549067],[29.110947,36.549053],[29.110841,36.549053],[29.110767,36.549065],[29.110706,36.549094],[29.110644,36.549149],[29.11062,36.549212],[29.110624,36.549281],[29.110649,36.549402],[29.110657,36.549458],[29.110661,36.549549],[29.110657,36.549606],[29.110641,36.549798],[29.110642,36.549855],[29.110683,36.549971],[29.110728,36.550032],[29.110787,36.550093],[29.110831,36.550118],[29.110873,36.550125],[29.110988,36.550121],[29.111208,36.550147],[29.11124,36.550135],[29.111262,36.550111],[29.111272,36.550094],[29.111298,36.550083],[29.111326,36.550086],[29.111372,36.550094],[29.111404,36.550098],[29.111635,36.550098],[29.111697,36.550089],[29.111788,36.550071],[29.111927,36.550049],[29.111957,36.550073],[29.111999,36.550082],[29.11206,36.550068],[29.112087,36.550075],[29.112092,36.550107],[29.112069,36.550163],[29.112071,36.55018],[29.112132,36.550203],[29.11232,36.550259],[29.11236,36.550263],[29.112386,36.550254],[29.112409,36.550229],[29.11243,36.550224],[29.112467,36.550231],[29.112621,36.550308],[29.112677,36.550331],[29.112747,36.550347],[29.112791,36.55035],[29.112826,36.550364],[29.112866,36.550389],[29.112899,36.550396],[29.112943,36.550396],[29.113097,36.550448],[29.113127,36.550452],[29.113174,36.550445],[29.113199,36.550445],[29.11322,36.550462],[29.113241,36.550483],[29.113274,36.55049],[29.113344,36.550476],[29.113376,36.550478],[29.113395,36.55049],[29.113402,36.550513],[29.1134,36.550578],[29.113421,36.550602],[29.113626,36.550648],[29.113723,36.550695],[29.113789,36.550713],[29.113891,36.550732],[29.113952,36.550753],[29.114026,36.550827],[29.114127,36.550853],[29.114178,36.550883],[29.114229,36.550925],[29.114308,36.550965],[29.114341,36.550977],[29.114348,36.551005],[29.114336,36.551039],[29.114306,36.551074],[29.114285,36.551119],[29.11428,36.551154],[29.114306,36.551163],[29.114341,36.551161],[29.114353,36.551175],[29.114336,36.551233],[29.114343,36.551259],[29.114369,36.551284],[29.114406,36.551301],[29.114458,36.551312],[29.114495,36.551312],[29.114611,36.551284],[29.114621,36.55127],[29.114637,36.551235],[29.114651,36.551214],[29.1147,36.551191],[29.114719,36.551168],[29.11473,36.551144],[29.114744,36.551065],[29.114758,36.551037],[29.114786,36.551009],[29.114833,36.550981],[29.114891,36.550972],[29.114917,36.550965],[29.114947,36.550953],[29.115052,36.550935],[29.11508,36.550923],[29.115159,36.550853],[29.115203,36.550825],[29.115322,36.550806],[29.115366,36.550814],[29.115397,36.550837],[29.115408,36.550856],[29.115401,36.550888],[29.115406,36.550907],[29.115427,36.550918],[29.115632,36.55096],[29.115702,36.550951],[29.115779,36.550993],[29.115814,36.551009],[29.115842,36.551014],[29.115933,36.551002],[29.115993,36.551007],[29.116096,36.55103],[29.116212,36.551054],[29.116247,36.551093],[29.116273,36.551107],[29.116296,36.55111],[29.116317,36.551105],[29.116338,36.551074],[29.116359,36.551065],[29.116431,36.551054],[29.116462,36.55104],[29.116497,36.551044],[29.11656,36.551077],[29.116581,36.551074],[29.116613,36.551056],[29.116627,36.551058],[29.11665,36.551089],[29.116671,36.551091],[29.116704,36.551072],[29.116725,36.551074],[29.116739,36.551089],[29.116755,36.551147],[29.116751,36.551163],[29.116725,36.551175],[29.11672,36.551191],[29.116732,36.551226],[29.116748,36.551231],[29.116842,36.5512],[29.11693,36.55121],[29.117016,36.551154],[29.11707,36.551126],[29.117105,36.551121],[29.117128,36.551126],[29.117226,36.551177],[29.117256,36.551172],[29.117296,36.551154],[29.117335,36.551154],[29.117361,36.551168],[29.117384,36.551193],[29.117429,36.5512],[29.117472,36.551186],[29.117497,36.551186],[29.117536,36.551237],[29.117593,36.551295],[29.117682,36.551352],[29.117701,36.551397],[29.117694,36.551423],[29.117689,36.551441],[29.117638,36.551486],[29.117605,36.551494],[29.117561,36.551505],[29.117434,36.551511],[29.117325,36.551556],[29.11723,36.551626],[29.117064,36.551677],[29.116962,36.551722],[29.116898,36.551754],[29.116745,36.551773],[29.116662,36.55183],[29.116484,36.551919],[29.116465,36.551964],[29.116426,36.551989],[29.116356,36.551989],[29.116299,36.552009],[29.116229,36.552053],[29.115993,36.552098],[29.115808,36.552162],[29.115693,36.552219],[29.115534,36.552264],[29.115438,36.552321],[29.115368,36.552378],[29.115241,36.552385],[29.115018,36.552372],[29.114788,36.552276],[29.114699,36.55227],[29.114648,36.552276],[29.114552,36.55241],[29.11452,36.552442],[29.114469,36.552423],[29.114431,36.552417],[29.114393,36.552468],[29.114374,36.552538],[29.114412,36.552627],[29.114399,36.552659],[29.114386,36.552704],[29.114367,36.552729],[29.114323,36.552729],[29.114272,36.552684],[29.114208,36.552582],[29.114151,36.552582],[29.114119,36.55264],[29.114112,36.552729],[29.114119,36.552793],[29.114081,36.552812],[29.114061,36.552856],[29.114087,36.552901],[29.114081,36.552939],[29.114023,36.552946],[29.113921,36.55292],[29.113851,36.552927],[29.113749,36.552882],[29.113692,36.552837],[29.113653,36.552837],[29.113617,36.552855],[29.113595,36.552891],[29.113439,36.553107],[29.113414,36.553146],[29.113405,36.553201],[29.113428,36.553253],[29.113487,36.553358],[29.113494,36.553373],[29.113495,36.553396],[29.113491,36.553408],[29.113484,36.553421],[29.113478,36.553438],[29.113482,36.553471],[29.113506,36.55351],[29.113526,36.553531],[29.113551,36.553544],[29.113577,36.553544],[29.113606,36.553538],[29.113634,36.553527],[29.113659,36.553512],[29.113672,36.553493],[29.113669,36.553479],[29.113665,36.553468],[29.113671,36.553458],[29.113718,36.553467],[29.113738,36.553465],[29.113759,36.553471],[29.113812,36.553506],[29.113835,36.553525],[29.113849,36.553545],[29.113851,36.553555],[29.113852,36.553571],[29.11385,36.553579],[29.113847,36.553585],[29.113837,36.553592],[29.113798,36.553611],[29.113784,36.553625],[29.113779,36.553645],[29.113776,36.553662],[29.113779,36.553676],[29.113795,36.553701],[29.113809,36.553717],[29.113828,36.553738],[29.113833,36.553751],[29.113834,36.553762],[29.113838,36.553783],[29.113849,36.553811],[29.113855,36.553832],[29.113866,36.553873],[29.113879,36.553918],[29.11388,36.553932],[29.11388,36.553973],[29.113874,36.553997],[29.113873,36.554024],[29.113885,36.554039],[29.11389,36.554051],[29.113885,36.554099],[29.113876,36.55411],[29.113835,36.554141],[29.113828,36.55415],[29.113817,36.554158],[29.113789,36.554167],[29.113704,36.554172],[29.113582,36.554162],[29.113514,36.554185],[29.113483,36.554218],[29.113466,36.554232],[29.113444,36.554246],[29.113419,36.554268],[29.113399,36.55428],[29.113348,36.554301],[29.113318,36.554309],[29.113289,36.554313],[29.113247,36.554314],[29.113212,36.554311],[29.113155,36.5543],[29.113096,36.554272],[29.113076,36.554268],[29.113055,36.554261],[29.113044,36.554251],[29.113042,36.554238],[29.113042,36.554221],[29.113063,36.554183],[29.113068,36.554166],[29.113064,36.554154],[29.113051,36.554146],[29.113032,36.554142],[29.113012,36.554143],[29.112995,36.554161],[29.112989,36.554176],[29.112977,36.554195],[29.112966,36.554199],[29.112827,36.55419],[29.11268,36.554181],[29.112668,36.554177],[29.112659,36.55417],[29.112653,36.554164],[29.112609,36.554073],[29.112602,36.554062],[29.112594,36.554056],[29.112583,36.554054],[29.112572,36.554058],[29.112566,36.554065],[29.112566,36.554074],[29.112567,36.554086],[29.112573,36.554107],[29.112586,36.554144],[29.112587,36.554154],[29.112584,36.554163],[29.112574,36.554173],[29.112525,36.5542],[29.112358,36.554269],[29.112328,36.554286],[29.112305,36.554296],[29.112287,36.554301],[29.112269,36.554304],[29.112264,36.554301],[29.112261,36.554296],[29.112252,36.554263],[29.112247,36.554255],[29.112225,36.554257],[29.112219,36.554258],[29.112211,36.55426],[29.112206,36.554266],[29.112211,36.554302],[29.112205,36.554311],[29.112198,36.554315],[29.112178,36.554324],[29.112165,36.554327],[29.112138,36.554336],[29.112114,36.554345],[29.112007,36.554373],[29.111984,36.554385],[29.111963,36.5544],[29.111951,36.554413],[29.111937,36.554436],[29.111934,36.554441],[29.111921,36.55446],[29.111912,36.55447],[29.11174,36.554624],[29.111716,36.554645],[29.11165,36.554704],[29.111587,36.554761],[29.111332,36.55493],[29.111277,36.554963],[29.111144,36.555015],[29.111095,36.555026],[29.111094,36.55497],[29.111093,36.554915],[29.111093,36.554907],[29.11108,36.554821],[29.110977,36.554798],[29.110982,36.554812],[29.110981,36.554818],[29.111061,36.554835],[29.111072,36.554913],[29.111072,36.554923],[29.111073,36.554971],[29.111081,36.555027],[29.111048,36.555039],[29.111018,36.555045],[29.110661,36.555058],[29.110583,36.555061],[29.110561,36.555058],[29.110531,36.555051],[29.110509,36.555042],[29.110494,36.555037],[29.110457,36.555022],[29.110431,36.555004],[29.110403,36.554989],[29.110332,36.554964],[29.110312,36.554961],[29.110276,36.554968],[29.110233,36.55497],[29.110174,36.554981],[29.109824,36.554845],[29.109074,36.55496],[29.108215,36.554995],[29.107873,36.555245],[29.107502,36.555455],[29.107071,36.555422],[29.106562,36.555472],[29.106467,36.555536],[29.106377,36.555597],[29.106177,36.555616],[29.106159,36.555618],[29.10565,36.555529],[29.105135,36.555375],[29.104571,36.555385],[29.104246,36.55533],[29.103864,36.555092],[29.103613,36.554751],[29.103414,36.554368],[29.103428,36.5539],[29.10377,36.55361],[29.104356,36.553416],[29.104805,36.553198],[29.104833,36.553184],[29.105052,36.552917],[29.10512,36.552833],[29.105248,36.552723],[29.105408,36.552584],[29.105782,36.552496],[29.106193,36.552486],[29.107184,36.552549],[29.10737,36.55255],[29.107634,36.552403],[29.107656,36.552199],[29.107876,36.551407],[29.107977,36.551141],[29.108291,36.550831],[29.108609,36.550662],[29.108792,36.550496],[29.108759,36.550273],[29.108805,36.549967],[29.109015,36.549781],[29.109216,36.549696],[29.109467,36.54959],[29.109837,36.54938],[29.109992,36.549153],[29.110012,36.548889],[29.110138,36.548602],[29.110401,36.548373],[29.110907,36.548222],[29.111388,36.548112],[29.111602,36.548067],[29.111678,36.547903],[29.111646,36.547721],[29.111426,36.547542],[29.111289,36.547422],[29.110771,36.547147],[29.110369,36.546804],[29.110303,36.546748],[29.110078,36.546386],[29.110019,36.546204],[29.110175,36.545978],[29.110382,36.545689],[29.110375,36.545425],[29.110473,36.545078],[29.110644,36.544851],[29.110706,36.544769],[29.110806,36.544482],[29.110769,36.544117],[29.110679,36.543793],[29.11049,36.543756],[29.110224,36.544027],[29.109941,36.544315],[29.109596,36.544483],[29.109117,36.544634],[29.10839,36.544606],[29.108043,36.544694],[29.107541,36.544987],[29.107199,36.545258],[29.10707,36.545463],[29.107078,36.545748],[29.10706,36.546074],[29.107026,36.546391],[29.106925,36.546658],[29.106743,36.546884],[29.10656,36.547071],[29.106268,36.547198],[29.105519,36.547333],[29.105037,36.547382],[29.10474,36.547327],[29.104524,36.54729],[29.104275,36.54703],[29.103864,36.546732],[29.103456,36.546556],[29.103076,36.546441],[29.102562,36.546308],[29.102369,36.546108],[29.102334,36.545824],[29.10233,36.545661],[29.102273,36.54554],[29.102084,36.545523],[29.101763,36.545569],[29.101471,36.545696],[29.101205,36.545803],[29.100643,36.545894],[29.100103,36.545802],[29.099893,36.545774],[29.099698,36.545748],[29.099216,36.545818],[29.098817,36.545967],[29.098417,36.546055],[29.097929,36.545901],[29.097682,36.545743],[29.097334,36.545769],[29.097097,36.545956],[29.096836,36.546246],[29.096604,36.546616],[29.096474,36.546781],[29.096155,36.546888],[29.095914,36.546933],[29.095706,36.547201],[29.095702,36.547234],[29.095684,36.547384],[29.095525,36.547469],[29.095284,36.547473],[29.095257,36.547473],[29.094857,36.547602],[29.094646,36.547748],[29.094352,36.547815],[29.093925,36.547903],[29.093796,36.548109],[29.093721,36.548334],[29.093862,36.548555],[29.094108,36.548734],[29.09425,36.548996],[29.094289,36.549036],[29.095466,36.550235],[29.095877,36.550533],[29.096181,36.550853],[29.096244,36.551198],[29.096115,36.551383],[29.095875,36.551468],[29.095472,36.551394],[29.09547,36.551394],[29.095175,36.551399],[29.095045,36.551564],[29.094997,36.551789],[29.094815,36.551996],[29.094653,36.551998],[29.094521,36.552062],[29.094446,36.552266],[29.094187,36.552637],[29.094192,36.55284],[29.09412,36.553147],[29.093887,36.553496],[29.094001,36.553738],[29.094088,36.55394],[29.094149,36.554224],[29.094101,36.554428],[29.093996,36.554531],[29.093703,36.554618],[29.093305,36.554828],[29.093072,36.555137],[29.092861,36.555304],[29.092289,36.55575],[29.091838,36.555962],[29.091463,36.555989],[29.091298,36.555849],[29.090974,36.555814],[29.090815,36.555898],[29.090687,36.556144],[29.090613,36.55637],[29.090404,36.556617],[29.090117,36.556907],[29.090097,36.557172],[29.09021,36.557373],[29.090458,36.557592],[29.090734,36.557892],[29.090776,36.55842],[29.090917,36.558682],[29.09101,36.559128],[29.090989,36.559372],[29.090864,36.55972],[29.090871,36.559971],[29.090879,36.560249],[29.090884,36.560452],[29.090807,36.560596],[29.09057,36.560763],[29.090308,36.561032],[29.090209,36.561318],[29.090137,36.561645],[29.090119,36.561991],[29.0901,36.562276],[29.090025,36.56248],[29.089761,36.562648],[29.089176,36.562902],[29.089154,36.563085],[29.089238,36.563186],[29.09015,36.563341],[29.090318,36.56337],[29.090402,36.56349],[29.090381,36.563714],[29.090304,36.563858],[29.089556,36.564114],[29.089414,36.564163],[29.088947,36.56437],[29.08895,36.564492],[29.089081,36.564568],[29.089087,36.564571],[29.089144,36.564712],[29.088991,36.565],[29.088599,36.565413],[29.088447,36.565762],[29.088295,36.56611],[29.088219,36.566294],[29.087895,36.566239],[29.087621,36.56604],[29.087607,36.566029],[29.087428,36.565881],[29.087265,36.565803],[29.086866,36.565952],[29.086575,36.56612],[29.086281,36.566186],[29.085982,36.566069],[29.085812,36.565747],[29.085752,36.565524],[29.085502,36.565203],[29.084819,36.564733],[29.084855,36.564542],[29.084866,36.564488],[29.084943,36.564344],[29.084938,36.564182],[29.084773,36.564022],[29.084339,36.563887],[29.083956,36.563629],[29.083816,36.563609],[29.083578,36.563575],[29.082814,36.563822],[29.082565,36.563898],[29.082349,36.56384],[29.082156,36.563681],[29.081852,36.563361],[29.081848,36.563199],[29.081925,36.563096],[29.082173,36.563095],[29.08235,36.562925],[29.082707,36.562646],[29.083094,36.56245],[29.083161,36.562414],[29.083566,36.562194],[29.08375,36.561986],[29.083744,36.561762],[29.083384,36.561362],[29.082774,36.560661],[29.082525,36.56038],[29.08252,36.560198],[29.082542,36.560014],[29.082427,36.559752],[29.082177,36.559451],[29.082032,36.559067],[29.081805,36.558624],[29.081188,36.558173],[29.080627,36.558305],[29.080337,36.558513],[29.080267,36.558615],[29.079872,36.559192],[29.079688,36.559358],[29.079232,36.559407],[29.078854,36.559332],[29.078579,36.559113],[29.078466,36.558891],[29.0783,36.558711],[29.077894,36.558617],[29.077379,36.558443],[29.077213,36.558283],[29.077208,36.5581],[29.077152,36.557999],[29.076853,36.557882],[29.076365,36.557838],[29.075763,36.55783],[29.074969,36.557793],[29.073727,36.557591],[29.073374,36.557455],[29.072887,36.557321],[29.072217,36.557271],[29.071461,36.557264],[29.07054,36.556996],[29.069621,36.556958],[29.069121,36.556987],[29.0687,36.556933],[29.068344,36.556927],[29.068149,36.556901],[29.067858,36.556862],[29.067775,36.55679],[29.067754,36.556607],[29.067704,36.556547],[29.067527,36.556574],[29.067497,36.556673],[29.067517,36.556807],[29.067408,36.556955],[29.067295,36.556969],[29.066987,36.556914],[29.066362,36.557006],[29.066134,36.557093],[29.065994,36.557195],[29.065765,36.557363],[29.065658,36.5574],[29.064792,36.557666],[29.064233,36.557721],[29.06356,36.55783],[29.063161,36.557979],[29.062946,36.558003],[29.062654,36.55813],[29.062418,36.558337],[29.062126,36.558465],[29.06175,36.558512],[29.061461,36.55874],[29.061357,36.558864],[29.061114,36.558828],[29.060596,36.558552],[29.060083,36.558291],[29.05986,36.558178],[29.059689,36.557815],[29.059842,36.557508],[29.060267,36.557297],[29.060559,36.55717],[29.060798,36.557044],[29.060873,36.556859],[29.060759,36.556617],[29.060541,36.556479],[29.060111,36.556507],[29.059737,36.556594],[29.058987,36.556689],[29.058642,36.556837],[29.058137,36.557069],[29.057737,36.557178],[29.057341,36.557449],[29.057053,36.557739],[29.056761,36.557866],[29.056359,36.557913],[29.055875,36.557922],[29.055072,36.558058],[29.054622,36.558309],[29.054276,36.558417],[29.053335,36.558413],[29.052798,36.558463],[29.052472,36.558446],[29.052206,36.558432],[29.051903,36.55845],[29.050757,36.558518],[29.049582,36.558823],[29.049339,36.558766],[29.049253,36.558565],[29.049434,36.558277],[29.049283,36.557649],[29.049088,36.557388],[29.04919,36.557203],[29.049377,36.557139],[29.049616,36.556968],[29.049667,36.556931],[29.049848,36.556663],[29.050273,36.556493],[29.0507,36.556364],[29.050965,36.556217],[29.051067,36.556012],[29.050954,36.55581],[29.050441,36.555718],[29.050223,36.555599],[29.050162,36.555336],[29.050129,36.555113],[29.050044,36.55499],[29.04999,36.554912],[29.050039,36.554728],[29.050154,36.554637],[29.050434,36.554416],[29.050507,36.55413],[29.05042,36.553888],[29.050432,36.553791],[29.050464,36.553541],[29.050568,36.553386],[29.050671,36.553233],[29.050652,36.553135],[29.050609,36.552908],[29.05044,36.552627],[29.050272,36.552365],[29.050688,36.551829],[29.051052,36.551396],[29.051588,36.550505],[29.051645,36.55041],[29.052098,36.549314],[29.052198,36.549007],[29.052352,36.54874],[29.052427,36.548555],[29.052391,36.548486],[29.052343,36.548394],[29.052015,36.548197],[29.051633,36.548],[29.05125,36.547722],[29.051162,36.547459],[29.05121,36.547234],[29.051473,36.547006],[29.052187,36.546567],[29.052556,36.546296],[29.052764,36.546048],[29.052879,36.545748],[29.05289,36.545721],[29.05302,36.545556],[29.053472,36.545385],[29.054088,36.545294],[29.054461,36.545185],[29.054738,36.545075],[29.05494,36.544994],[29.05613,36.544262],[29.056259,36.544077],[29.056173,36.543854],[29.056061,36.543694],[29.055846,36.543677],[29.055583,36.543905],[29.055189,36.544071],[29.055078,36.544117],[29.054172,36.544094],[29.053871,36.543896],[29.053675,36.543615],[29.053668,36.54333],[29.053634,36.543046],[29.053572,36.542762],[29.053105,36.542364],[29.052724,36.542187],[29.051965,36.541936],[29.051529,36.54172],[29.051307,36.541459],[29.051164,36.541116],[29.050941,36.540835],[29.050926,36.540266],[29.051137,36.5401],[29.05135,36.540015],[29.051599,36.540001],[29.053631,36.540068],[29.053797,36.540074],[29.054038,36.54005],[29.054041,36.540045],[29.054167,36.539865],[29.054028,36.539684],[29.05381,36.539566],[29.053106,36.539374],[29.052405,36.539285],[29.051766,36.539309],[29.051466,36.539321],[29.050905,36.539453],[29.050288,36.539484],[29.050049,36.53961],[29.049868,36.539857],[29.0495,36.540169],[29.049373,36.540455],[29.049355,36.540781],[29.049229,36.541109],[29.049016,36.541194],[29.047755,36.541276],[29.047405,36.541262],[29.047293,36.541061],[29.047234,36.540879],[29.047067,36.540637],[29.046225,36.540327],[29.04577,36.540375],[29.045371,36.540545],[29.04497,36.540612],[29.044642,36.540415],[29.043925,36.539715],[29.043544,36.539518],[29.042516,36.539292],[29.041708,36.539204],[29.041355,36.539068],[29.041278,36.538921],[29.041185,36.538745],[29.040724,36.538591],[29.04051,36.538615],[29.040461,36.538799],[29.040494,36.538897],[29.040549,36.539061],[29.040553,36.539224],[29.040476,36.539347],[29.039657,36.539725],[29.039202,36.539979],[29.038856,36.540107],[29.038722,36.540089],[29.038365,36.53981],[29.038195,36.539488],[29.037952,36.539431],[29.03758,36.539621],[29.037558,36.539804],[29.037639,36.540096],[29.037709,36.540432],[29.037663,36.540717],[29.037536,36.540984],[29.037056,36.541564],[29.036849,36.541872],[29.036774,36.542077],[29.036725,36.542281],[29.036595,36.542446],[29.036543,36.542487],[29.036405,36.542348],[29.036108,36.542312],[29.035979,36.542497],[29.035876,36.542702],[29.035459,36.543197],[29.03509,36.543468],[29.034486,36.544007],[29.034358,36.544233],[29.034116,36.544217],[29.034031,36.544076],[29.034024,36.543791],[29.034117,36.543261],[29.034086,36.543099],[29.03392,36.542919],[29.033626,36.542985],[29.033204,36.543256],[29.032934,36.54322],[29.032849,36.543059],[29.032898,36.542875],[29.033,36.54265],[29.03302,36.542405],[29.033016,36.542243],[29.032795,36.542023],[29.032522,36.541844],[29.032086,36.541628],[29.031757,36.54139],[29.031669,36.541107],[29.031798,36.540901],[29.032223,36.54069],[29.03246,36.540503],[29.032455,36.540341],[29.032367,36.540058],[29.032119,36.539818],[29.031974,36.539393],[29.031753,36.539173],[29.031316,36.538896],[29.030997,36.53861],[29.030738,36.538377],[29.030256,36.538467],[29.030056,36.538596],[29.029834,36.538738],[29.029412,36.539071],[29.029072,36.539422],[29.028651,36.539775],[29.028359,36.539902],[29.027925,36.539726],[29.027704,36.539507],[29.027533,36.539123],[29.027175,36.538824],[29.02695,36.538732],[29.026795,36.538668],[29.026286,36.538738],[29.025948,36.538885],[29.024533,36.539499],[29.024406,36.539807],[29.024359,36.540051],[29.024282,36.540175],[29.023938,36.540384],[29.023648,36.540613],[29.023462,36.540697],[29.022846,36.540768],[29.022396,36.54104],[29.021805,36.54103],[29.021239,36.540958],[29.020864,36.541026],[29.020491,36.541154],[29.020088,36.541161],[29.019818,36.541105],[29.019519,36.540967],[29.019244,36.540714],[29.019106,36.540588],[29.018918,36.540611],[29.018736,36.540818],[29.018631,36.540892],[29.018498,36.540985],[29.018291,36.541273],[29.018267,36.541395],[29.018162,36.541478],[29.017757,36.541404],[29.017116,36.541366],[29.016951,36.541377],[29.016687,36.541394],[29.01626,36.541523],[29.016219,36.541588],[29.016157,36.541687],[29.01603,36.541974],[29.015821,36.542201],[29.015638,36.542387],[29.015481,36.542573],[29.015279,36.543065],[29.014938,36.543396],[29.014728,36.543562],[29.014277,36.543793],[29.01401,36.543879],[29.013603,36.543703],[29.013165,36.543405],[29.012531,36.542857],[29.01245,36.542787],[29.012205,36.542649],[29.011909,36.542633],[29.011802,36.542656],[29.011754,36.54288],[29.011761,36.543165],[29.011693,36.543375],[29.011662,36.543471],[29.011454,36.54376],[29.011217,36.543947],[29.011057,36.54401],[29.011037,36.544255],[29.010963,36.5445],[29.010751,36.544626],[29.010632,36.544586],[29.010399,36.544509],[29.009497,36.543955],[29.009195,36.543696],[29.008765,36.543703],[29.008638,36.543747],[29.008407,36.544032],[29.008448,36.544241],[29.00866,36.544408],[29.009063,36.544533],[29.009533,36.544577],[29.009799,36.544796],[29.00991,36.545083],[29.010109,36.545395],[29.01036,36.545532],[29.010391,36.545548],[29.010786,36.545678],[29.010833,36.545702],[29.011186,36.545879],[29.011572,36.546239],[29.011526,36.546524],[29.011186,36.546896],[29.010955,36.547201],[29.010952,36.547205],[29.010908,36.547571],[29.01094,36.547774],[29.011349,36.547991],[29.011754,36.548086],[29.012131,36.54812],[29.012723,36.548131],[29.013195,36.548194],[29.013262,36.548203],[29.013668,36.548298],[29.014178,36.548289],[29.014192,36.548282],[29.014497,36.548141],[29.014683,36.548057],[29.014901,36.548175],[29.014941,36.548335],[29.014961,36.548418],[29.01502,36.5486],[29.015268,36.54884],[29.015514,36.549019],[29.015812,36.549115],[29.015998,36.549011],[29.01618,36.548764],[29.016467,36.548433],[29.016497,36.548417],[29.017023,36.548139],[29.01766,36.547803],[29.018353,36.547588],[29.018727,36.547521],[29.020729,36.547562],[29.021805,36.547521],[29.022228,36.547353],[29.02249,36.547125],[29.022808,36.546937],[29.023286,36.546725],[29.023793,36.546595],[29.024951,36.546677],[29.025195,36.546754],[29.025764,36.546927],[29.026853,36.547478],[29.027237,36.547756],[29.027483,36.547915],[29.027676,36.548115],[29.027899,36.548396],[29.027986,36.548659],[29.028098,36.54884],[29.028292,36.54904],[29.029385,36.549753],[29.029449,36.549809],[29.02966,36.549993],[29.030124,36.550229],[29.030699,36.550646],[29.031001,36.550905],[29.031279,36.551226],[29.031528,36.551506],[29.03178,36.551888],[29.031977,36.552231],[29.032144,36.552452],[29.032368,36.552814],[29.032562,36.553014],[29.032809,36.553213],[29.033673,36.553361],[29.034304,36.55339],[29.035098,36.553377],[29.035502,36.553431],[29.03607,36.553564],[29.036853,36.553693],[29.037125,36.553831],[29.037428,36.55409],[29.037648,36.554289],[29.038166,36.554545],[29.0386,36.5547],[29.039005,36.554795],[29.039331,36.554932],[29.03966,36.55515],[29.03991,36.555471],[29.040137,36.555935],[29.040332,36.556196],[29.040498,36.556376],[29.040693,36.556637],[29.041204,36.556967],[29.041612,36.557143],[29.042202,36.557268],[29.042963,36.557384],[29.04369,36.557453],[29.04421,36.557602],[29.045147,36.557973],[29.045778,36.558149],[29.046176,36.558195],[29.046695,36.558256],[29.047211,36.55845],[29.047486,36.55871],[29.047469,36.559076],[29.047162,36.559671],[29.047039,36.559769],[29.046873,36.5599],[29.046557,36.560149],[29.046293,36.560357],[29.046137,36.560543],[29.046008,36.560748],[29.045745,36.560977],[29.045559,36.561061],[29.044653,36.561361],[29.044549,36.561485],[29.044554,36.561668],[29.044728,36.561755],[29.044997,36.561791],[29.045404,36.561906],[29.045758,36.562103],[29.045903,36.562487],[29.045913,36.562874],[29.045714,36.563487],[29.045695,36.563772],[29.045756,36.564035],[29.046273,36.564336],[29.046738,36.564608],[29.0468,36.564892],[29.046784,36.565319],[29.046709,36.565544],[29.046525,36.56569],[29.045695,36.565826],[29.045105,36.565856],[29.044924,36.565843],[29.044647,36.565824],[29.044159,36.565669],[29.0441,36.565467],[29.043907,36.565287],[29.043531,36.565314],[29.043264,36.56538],[29.042627,36.565696],[29.042529,36.565761],[29.042125,36.566029],[29.041864,36.566319],[29.041872,36.566603],[29.041986,36.566845],[29.042073,36.567108],[29.041918,36.567335],[29.041714,36.567577],[29.041605,36.567706],[29.041366,36.567832],[29.040784,36.568063],[29.04049,36.568233],[29.040389,36.568234],[29.040219,36.568238],[29.040022,36.568195],[29.039696,36.568124],[29.039177,36.567997],[29.0386,36.567756],[29.038112,36.567727],[29.037572,36.567553],[29.037058,36.567237],[29.036565,36.567082],[29.036001,36.567127],[29.035741,36.56731],[29.035374,36.567644],[29.035043,36.567826],[29.034235,36.567771],[29.033475,36.567615],[29.03318,36.567536],[29.032909,36.567553],[29.032658,36.567665],[29.032555,36.567885],[29.032317,36.56819],[29.031843,36.568701],[29.031549,36.568996],[29.031276,36.569093],[29.030869,36.569152],[29.030586,36.569286],[29.030607,36.56943],[29.03103,36.569918],[29.031144,36.570263],[29.031334,36.570585],[29.031598,36.57084],[29.032002,36.570953],[29.032083,36.570708],[29.031829,36.570245],[29.031929,36.569977],[29.032315,36.570172],[29.032642,36.570567],[29.032651,36.570726],[29.032628,36.570994],[29.032501,36.57127],[29.032502,36.571331],[29.032614,36.571512],[29.032669,36.571531],[29.033047,36.571606],[29.033394,36.571498],[29.033685,36.571311],[29.033987,36.571306],[29.034088,36.571304],[29.034358,36.57136],[29.034662,36.57166],[29.034612,36.571823],[29.034426,36.571888],[29.034162,36.572095],[29.033928,36.572384],[29.0338,36.57263],[29.03378,36.572895],[29.033653,36.573202],[29.033525,36.573428],[29.033504,36.573652],[29.033616,36.573813],[29.033647,36.573864],[29.0337,36.573954],[29.033649,36.574056],[29.033224,36.574247],[29.032911,36.574638],[29.032813,36.574986],[29.032767,36.575271],[29.032828,36.575555],[29.033021,36.575755],[29.033268,36.575934],[29.033596,36.576152],[29.033766,36.576474],[29.033773,36.576739],[29.033806,36.576982],[29.033894,36.577245],[29.034033,36.577405],[29.034366,36.577806],[29.034588,36.578067],[29.034728,36.578308],[29.034706,36.578492],[29.034523,36.578658],[29.03408,36.578784],[29.034027,36.578805],[29.033922,36.578929],[29.033713,36.579136],[29.033259,36.579266],[29.032908,36.579211],[29.032614,36.579277],[29.032484,36.579442],[29.032269,36.579465],[29.03208,36.579428],[29.03203,36.579423],[29.031892,36.579411],[29.031679,36.579516],[29.031493,36.57958],[29.031169,36.579525],[29.030821,36.579592],[29.030555,36.579718],[29.030319,36.579926],[29.030134,36.580071],[29.029731,36.580058],[29.029438,36.580185],[29.029254,36.580351],[29.028911,36.580601],[29.028941,36.580702],[29.029213,36.580819],[29.029456,36.580876],[29.029593,36.580975],[29.029598,36.581158],[29.029521,36.581281],[29.029387,36.581304],[29.028769,36.581335],[29.028446,36.5813],[29.028036,36.581042],[29.027709,36.580906],[29.027548,36.580908],[29.027552,36.581071],[29.027666,36.581313],[29.027697,36.581475],[29.027618,36.581517],[29.027294,36.581482],[29.027161,36.581525],[29.026947,36.581569],[29.026729,36.581471],[29.026488,36.581476],[29.026303,36.581621],[29.026279,36.581743],[29.026171,36.581725],[29.025949,36.581464],[29.025783,36.581284],[29.025327,36.581292],[29.024792,36.581423],[29.024287,36.581655],[29.024103,36.58171],[29.023994,36.581742],[29.023017,36.582397],[29.023021,36.58256],[29.023055,36.582823],[29.023221,36.583004],[29.023362,36.583096],[29.023494,36.583182],[29.023794,36.58334],[29.024014,36.583519],[29.024129,36.583802],[29.024004,36.58417],[29.023902,36.584355],[29.023664,36.584542],[29.023349,36.584832],[29.023221,36.585078],[29.023205,36.585472],[29.023214,36.58581],[29.023116,36.586178],[29.023018,36.586263],[29.022853,36.586406],[29.022591,36.586675],[29.022517,36.58694],[29.022607,36.587305],[29.022804,36.587647],[29.023137,36.588028],[29.023362,36.58839],[29.02361,36.58865],[29.02391,36.588787],[29.024367,36.5888],[29.024875,36.58869],[29.025189,36.588519],[29.025237,36.588493],[29.025299,36.588459],[29.025672,36.58831],[29.025994,36.588284],[29.026133,36.588445],[29.026193,36.588708],[29.026211,36.588754],[29.026309,36.589011],[29.026502,36.589191],[29.026854,36.589307],[29.027446,36.589317],[29.027477,36.589313],[29.028063,36.589246],[29.028489,36.589096],[29.028886,36.588845],[29.029071,36.58874],[29.02926,36.588737],[29.029315,36.588797],[29.029238,36.588941],[29.029028,36.589127],[29.028764,36.589335],[29.028449,36.589605],[29.028292,36.58977],[29.028265,36.589896],[29.028244,36.589995],[29.028274,36.590116],[29.02844,36.590317],[29.028716,36.590577],[29.029046,36.590856],[29.02913,36.590922],[29.029376,36.591114],[29.029653,36.591435],[29.029767,36.591677],[29.029742,36.592041],[29.029728,36.592247],[29.029586,36.592982],[29.029608,36.593815],[29.029536,36.594162],[29.029191,36.594713],[29.028971,36.59512],[29.028617,36.595624],[29.028369,36.596019],[29.028351,36.596365],[29.028386,36.59669],[29.028447,36.596974],[29.028826,36.597069],[29.029039,36.596984],[29.029382,36.596714],[29.029629,36.596725],[29.029705,36.596728],[29.029925,36.596928],[29.029959,36.597212],[29.029914,36.597518],[29.029838,36.597723],[29.029845,36.597967],[29.029906,36.59825],[29.029931,36.598268],[29.030125,36.598409],[29.030209,36.59853],[29.0299,36.599043],[29.029454,36.599458],[29.029305,36.599928],[29.029093,36.600058],[29.029066,36.600074],[29.028811,36.600139],[29.028639,36.600183],[29.028102,36.600213],[29.027864,36.60038],[29.027586,36.601055],[29.027565,36.601279],[29.028009,36.601821],[29.02818,36.602164],[29.028511,36.602483],[29.028737,36.602907],[29.028799,36.603231],[29.028928,36.603355],[29.029048,36.603471],[29.029347,36.603608],[29.029638,36.60342],[29.029686,36.60337],[29.029952,36.603089],[29.030428,36.602776],[29.030884,36.602728],[29.031236,36.602823],[29.03127,36.603087],[29.03106,36.603274],[29.030795,36.603441],[29.03056,36.603689],[29.030434,36.604016],[29.030255,36.604365],[29.030214,36.604874],[29.030252,36.60528],[29.030341,36.605624],[29.030485,36.605988],[29.030615,36.606641],[29.03079,36.607514],[29.030986,36.607795],[29.031262,36.608075],[29.031758,36.608435],[29.031948,36.608572],[29.032547,36.608867],[29.033119,36.609051],[29.034254,36.609326],[29.035279,36.609471],[29.035629,36.609485],[29.036114,36.609497],[29.03644,36.609634],[29.036528,36.609897],[29.036457,36.610264],[29.036251,36.610613],[29.036284,36.610857],[29.036529,36.610975],[29.036773,36.611031],[29.036805,36.611214],[29.036678,36.611521],[29.036358,36.611829],[29.03571,36.612534],[29.03545,36.612884],[29.035429,36.613129],[29.035434,36.613162],[29.035462,36.613352],[29.03555,36.613635],[29.0358,36.613936],[29.036322,36.614354],[29.036614,36.614646],[29.036902,36.614934],[29.037455,36.615473],[29.037793,36.616057],[29.038071,36.616418],[29.038405,36.61684],[29.038407,36.616865],[29.038429,36.61714],[29.038492,36.617484],[29.038716,36.617786],[29.039071,36.618024],[29.0394,36.618262],[29.039706,36.618623],[29.039903,36.618965],[29.040018,36.619227],[29.040241,36.619529],[29.040515,36.619727],[29.040761,36.619886],[29.04103,36.619881],[29.041217,36.619733],[29.04132,36.619652],[29.041556,36.619425],[29.041715,36.61932],[29.041742,36.61932],[29.041961,36.619479],[29.042127,36.619659],[29.042432,36.619979],[29.042625,36.620159],[29.042793,36.6204],[29.042957,36.620519],[29.043411,36.620389],[29.043593,36.620142],[29.043718,36.619794],[29.044091,36.619646],[29.044334,36.619702],[29.044312,36.619886],[29.044211,36.620132],[29.044059,36.62046],[29.043959,36.620766],[29.043833,36.621094],[29.043815,36.62116],[29.043735,36.621462],[29.043768,36.621664],[29.043905,36.621764],[29.044013,36.621782],[29.044413,36.621674],[29.044603,36.621731],[29.044817,36.621687],[29.045001,36.621501],[29.04518,36.621152],[29.045725,36.620398],[29.046503,36.61932],[29.04774,36.618281],[29.047831,36.618222],[29.04929,36.617282],[29.050856,36.616482],[29.051363,36.616331],[29.051789,36.616141],[29.052263,36.615766],[29.052414,36.615357],[29.052593,36.615008],[29.052663,36.6146],[29.052651,36.614153],[29.052705,36.614014],[29.052802,36.613764],[29.053253,36.613553],[29.053843,36.613462],[29.054435,36.613472],[29.055169,36.613764],[29.055607,36.614041],[29.056018,36.614359],[29.056457,36.614657],[29.056893,36.614893],[29.057302,36.615069],[29.057631,36.615328],[29.057906,36.615547],[29.058416,36.616007],[29.05845,36.616038],[29.058706,36.616306],[29.059012,36.616667],[29.059289,36.616967],[29.059563,36.617166],[29.060457,36.617394],[29.060785,36.617592],[29.061252,36.61795],[29.061525,36.618108],[29.061797,36.618225],[29.061904,36.618223],[29.062116,36.618097],[29.062163,36.617812],[29.062182,36.617527],[29.062206,36.617355],[29.062227,36.617201],[29.062299,36.616874],[29.062425,36.616567],[29.06266,36.616278],[29.063085,36.616088],[29.063838,36.616095],[29.064432,36.616166],[29.065515,36.616412],[29.065995,36.616504],[29.066001,36.616505],[29.066459,36.616538],[29.066673,36.616473],[29.066978,36.616172],[29.066987,36.616162],[29.06708,36.615612],[29.067206,36.615284],[29.067416,36.615098],[29.067759,36.614848],[29.068008,36.614816],[29.068431,36.614816],[29.069079,36.614906],[29.069509,36.614899],[29.070072,36.614828],[29.070987,36.614799],[29.071577,36.614781],[29.072141,36.614842],[29.072709,36.614863],[29.073031,36.614817],[29.073295,36.614629],[29.073397,36.614424],[29.073453,36.614323],[29.073499,36.61424],[29.073683,36.614074],[29.074112,36.614026],[29.074463,36.61408],[29.074845,36.614277],[29.075094,36.614517],[29.075215,36.614594],[29.075532,36.614794],[29.075699,36.615015],[29.075704,36.615218],[29.075601,36.615362],[29.075498,36.615547],[29.07551,36.616014],[29.07557,36.616237],[29.075578,36.616522],[29.075583,36.616725],[29.075531,36.616787],[29.074305,36.616882],[29.074147,36.616986],[29.074151,36.617128],[29.074161,36.617514],[29.074065,36.617943],[29.073831,36.618273],[29.073463,36.618584],[29.073173,36.618792],[29.072719,36.618902],[29.072471,36.618987],[29.072192,36.618965],[29.071984,36.619008],[29.071867,36.619181],[29.071857,36.619431],[29.071934,36.619705],[29.072042,36.619847],[29.072099,36.619939],[29.072187,36.620081],[29.072248,36.620421],[29.07234,36.620617],[29.072432,36.620799],[29.072396,36.621111],[29.072375,36.621145],[29.072325,36.621288],[29.072305,36.621532],[29.072472,36.621733],[29.07269,36.621851],[29.073064,36.621743],[29.07338,36.621493],[29.073778,36.621283],[29.074167,36.621109],[29.074203,36.621093],[29.074655,36.620902],[29.075057,36.620854],[29.076535,36.620829],[29.07694,36.620842],[29.077556,36.62075],[29.078173,36.620678],[29.078548,36.62061],[29.078979,36.620623],[29.079027,36.620651],[29.079279,36.620801],[29.079396,36.621144],[29.079595,36.621548],[29.079712,36.621891],[29.079667,36.622197],[29.079566,36.622463],[29.079462,36.622607],[29.079388,36.622673],[29.079068,36.62296],[29.078722,36.623088],[29.07851,36.623214],[29.078222,36.623503],[29.07812,36.623709],[29.0781,36.623953],[29.078026,36.624198],[29.077872,36.624506],[29.077636,36.624713],[29.077423,36.624798],[29.077159,36.624986],[29.077058,36.625232],[29.077063,36.625415],[29.07699,36.625689],[29.076728,36.625937],[29.076545,36.626123],[29.076419,36.626451],[29.076319,36.626738],[29.076166,36.627045],[29.075877,36.627315],[29.075848,36.627333],[29.075613,36.627482],[29.075186,36.627632],[29.074678,36.627742],[29.0742,36.627954],[29.073881,36.628102],[29.073859,36.628285],[29.073947,36.628568],[29.074194,36.628747],[29.074493,36.628864],[29.074981,36.629018],[29.075331,36.629032],[29.075595,36.628824],[29.075722,36.628558],[29.075713,36.628212],[29.075921,36.627944],[29.076293,36.627755],[29.076662,36.627741],[29.0771,36.627761],[29.077589,36.627935],[29.077864,36.628175],[29.078153,36.628459],[29.078168,36.628474],[29.078201,36.628698],[29.078183,36.629003],[29.078138,36.629349],[29.078064,36.629595],[29.077963,36.62984],[29.077863,36.630127],[29.077765,36.630495],[29.077693,36.630821],[29.077757,36.631186],[29.077844,36.631429],[29.07801,36.631588],[29.078311,36.631766],[29.078801,36.631978],[29.078855,36.632001],[29.079048,36.63218],[29.079081,36.632383],[29.078978,36.632588],[29.078794,36.632754],[29.078639,36.632786],[29.078366,36.632843],[29.077993,36.632971],[29.077462,36.633245],[29.077147,36.633535],[29.076837,36.634008],[29.07687,36.634211],[29.077037,36.634432],[29.077094,36.634553],[29.077371,36.634833],[29.077514,36.635176],[29.077519,36.635339],[29.0775,36.635635],[29.077449,36.635737],[29.077159,36.635946],[29.077003,36.636172],[29.076903,36.636459],[29.076884,36.636502],[29.076879,36.636547],[29.076874,36.636587],[29.076857,36.636614],[29.076804,36.636692],[29.076685,36.63687],[29.076583,36.637024],[29.076487,36.637188],[29.076463,36.637219],[29.076417,36.637264],[29.076401,36.637274],[29.076378,36.637292],[29.07634,36.637313],[29.076312,36.637335],[29.076288,36.637341],[29.076227,36.637336],[29.076196,36.63733],[29.076175,36.637323],[29.07616,36.637321],[29.076153,36.637321],[29.07614,36.637329],[29.076129,36.63734],[29.076108,36.637337],[29.076097,36.63732],[29.076086,36.637286],[29.076073,36.637266],[29.07606,36.63725],[29.076038,36.63723],[29.076026,36.637224],[29.07601,36.637224],[29.075993,36.637229],[29.075973,36.637241],[29.075947,36.637267],[29.07593,36.637288],[29.075909,36.637319],[29.075864,36.637427],[29.075842,36.637512],[29.075848,36.637524],[29.076086,36.6377],[29.076107,36.637732],[29.076132,36.637789],[29.076142,36.637822],[29.076155,36.637846],[29.076178,36.637868],[29.076238,36.637903],[29.076268,36.637927],[29.076291,36.637946],[29.076338,36.638017],[29.076364,36.638072],[29.076371,36.638096],[29.076377,36.638142],[29.076391,36.63819],[29.076409,36.638232],[29.07643,36.638264],[29.076462,36.638297],[29.076516,36.638346],[29.076555,36.638373],[29.076601,36.638405],[29.07668,36.638458],[29.076715,36.638497],[29.076828,36.638762],[29.076833,36.638797],[29.07683,36.638827],[29.076827,36.638864],[29.076825,36.638888],[29.076798,36.63901],[29.076781,36.639158],[29.076773,36.639207],[29.076777,36.639247],[29.076769,36.639264],[29.076758,36.639278],[29.076747,36.639307],[29.076731,36.639312],[29.076714,36.639307],[29.076695,36.639309],[29.076631,36.639323],[29.076606,36.639333],[29.076557,36.639362],[29.076542,36.639377],[29.076542,36.639434],[29.076538,36.63946],[29.076529,36.63948],[29.076514,36.639502],[29.076402,36.639599],[29.07639,36.639622],[29.076387,36.63964],[29.076391,36.639666],[29.07642,36.639754],[29.076421,36.639775],[29.076419,36.639809],[29.076412,36.639821],[29.076394,36.639853],[29.076373,36.639876],[29.076348,36.639893],[29.076306,36.63991],[29.075959,36.639979],[29.075846,36.639984],[29.075805,36.639989],[29.075749,36.640003],[29.075723,36.639997],[29.075697,36.639982],[29.075669,36.63997],[29.075638,36.639965],[29.075598,36.639967],[29.075531,36.639981],[29.075499,36.639983],[29.075456,36.639982],[29.075426,36.639978],[29.075404,36.63997],[29.075386,36.639968],[29.075367,36.63997],[29.075346,36.63998],[29.07512,36.640106],[29.075057,36.640212],[29.07504,36.640233],[29.074994,36.640277],[29.074984,36.640281],[29.074971,36.640281],[29.074926,36.640268],[29.074906,36.640269],[29.074891,36.640275],[29.074884,36.640281],[29.074881,36.640301],[29.07488,36.640359],[29.074877,36.640371],[29.07487,36.640387],[29.074859,36.640404],[29.074704,36.640572],[29.074622,36.640639],[29.074611,36.640653],[29.074606,36.640669],[29.074607,36.640685],[29.074615,36.640713],[29.074634,36.64074],[29.074642,36.640765],[29.074644,36.640785],[29.074636,36.640816],[29.074625,36.640839],[29.074515,36.640989],[29.074543,36.641146],[29.074592,36.641191],[29.074613,36.641224],[29.074597,36.641274],[29.074596,36.641298],[29.074627,36.641307],[29.074634,36.641315],[29.074638,36.641345],[29.074654,36.641353],[29.074653,36.641388],[29.074638,36.641409],[29.074609,36.641438],[29.074579,36.641481],[29.074571,36.6415],[29.074559,36.641556],[29.074569,36.641599],[29.074574,36.641668],[29.074565,36.64174],[29.074554,36.641775],[29.074523,36.641811],[29.074542,36.642146],[29.074527,36.642508],[29.074535,36.642729],[29.07455,36.642851],[29.07454,36.643015],[29.074543,36.643082],[29.074515,36.6433],[29.074544,36.64334],[29.074515,36.643377],[29.074543,36.643453],[29.074557,36.643481],[29.074632,36.643567],[29.074621,36.643641],[29.07465,36.643665],[29.074723,36.643675],[29.074772,36.643685],[29.074798,36.643704],[29.074813,36.643746],[29.074814,36.643789],[29.074802,36.643837],[29.074812,36.643861],[29.074861,36.643844],[29.074847,36.643875],[29.074833,36.643889],[29.074827,36.643906],[29.074843,36.643923],[29.074831,36.643941],[29.074857,36.643956],[29.074882,36.643949],[29.074887,36.64394],[29.074879,36.643917],[29.074881,36.643903],[29.074897,36.64388],[29.07491,36.643872],[29.074929,36.64387],[29.07495,36.64386],[29.074978,36.643817],[29.075002,36.643812],[29.075046,36.64381],[29.075086,36.643767],[29.075118,36.64375],[29.075156,36.643722],[29.075146,36.643684],[29.075148,36.643673],[29.07516,36.643645],[29.075169,36.643599],[29.075198,36.643562],[29.075226,36.643535],[29.075221,36.643503],[29.075221,36.643413],[29.07523,36.643388],[29.075264,36.643381],[29.075298,36.643384],[29.075368,36.643376],[29.075381,36.64337],[29.075428,36.643311],[29.075463,36.643307],[29.075518,36.643299],[29.075564,36.643281],[29.075584,36.643253],[29.075582,36.643175],[29.075574,36.643123],[29.075583,36.64308],[29.075615,36.643081],[29.075638,36.643067],[29.07564,36.643038],[29.075664,36.643024],[29.075678,36.643011],[29.075683,36.642995],[29.075687,36.642959],[29.075757,36.642942],[29.075808,36.642957],[29.075879,36.642929],[29.075935,36.642921],[29.076054,36.642921],[29.076149,36.64293],[29.076429,36.643007],[29.076769,36.643138],[29.076875,36.643196],[29.077038,36.64331],[29.077181,36.643434],[29.077376,36.6436],[29.077497,36.643702],[29.077695,36.643847],[29.077778,36.643924],[29.077804,36.643958],[29.077814,36.644001],[29.077796,36.644073],[29.077804,36.644113],[29.077829,36.644177],[29.077807,36.644213],[29.077791,36.644229],[29.077677,36.644436],[29.077683,36.644495],[29.077655,36.644525],[29.077623,36.64454],[29.077518,36.644569],[29.077506,36.644595],[29.077503,36.644689],[29.077459,36.644728],[29.07742,36.644802],[29.077372,36.644857],[29.077266,36.64495],[29.077225,36.644977],[29.077226,36.645004],[29.077237,36.645018],[29.077286,36.645072],[29.077283,36.645104],[29.07727,36.645111],[29.077233,36.645189],[29.077221,36.645254],[29.07723,36.645324],[29.077268,36.645419],[29.077348,36.645545],[29.077356,36.645591],[29.077353,36.645606],[29.077289,36.645724],[29.077284,36.645743],[29.077339,36.645795],[29.077362,36.645822],[29.077363,36.645858],[29.077321,36.645887],[29.077309,36.645921],[29.077309,36.64594],[29.077359,36.645957],[29.077412,36.645961],[29.077457,36.645942],[29.077463,36.645934],[29.077451,36.645897],[29.07743,36.645867],[29.077433,36.645847],[29.077463,36.645844],[29.077489,36.645835],[29.077541,36.645796],[29.077601,36.645811],[29.077619,36.645794],[29.077615,36.645761],[29.077632,36.645753],[29.077645,36.645743],[29.077645,36.645711],[29.077623,36.645687],[29.07762,36.645672],[29.077633,36.645651],[29.077675,36.645643],[29.07772,36.645653],[29.077745,36.645654],[29.077757,36.645641],[29.077778,36.64558],[29.077753,36.645562],[29.077754,36.645531],[29.077782,36.645501],[29.077794,36.645473],[29.07787,36.645472],[29.077893,36.645461],[29.078036,36.645422],[29.078044,36.645418],[29.078108,36.645384],[29.07818,36.645375],[29.078234,36.645362],[29.078242,36.645337],[29.07823,36.645292],[29.078255,36.645257],[29.078294,36.645224],[29.078337,36.645205],[29.07838,36.645223],[29.078439,36.645259],[29.078477,36.645244],[29.078536,36.645231],[29.078616,36.64524],[29.078641,36.645247],[29.078693,36.645275],[29.07872,36.645329],[29.078729,36.645362],[29.078755,36.64539],[29.078774,36.645398],[29.078819,36.645434],[29.078853,36.645445],[29.078916,36.645455],[29.078932,36.64545],[29.078944,36.645417],[29.078976,36.645401],[29.078985,36.645377],[29.078984,36.645334],[29.078972,36.645271],[29.078976,36.645246],[29.079002,36.645229],[29.079058,36.645235],[29.079072,36.645254],[29.079085,36.645291],[29.079079,36.64533],[29.07911,36.645375],[29.079143,36.645387],[29.079161,36.645372],[29.079195,36.645321],[29.079268,36.645258],[29.079298,36.645196],[29.079312,36.645128],[29.079311,36.645094],[29.079308,36.645079],[29.079297,36.645054],[29.079286,36.645012],[29.079279,36.644968],[29.079283,36.644942],[29.079312,36.644833],[29.07934,36.644792],[29.079348,36.644733],[29.079369,36.644713],[29.079397,36.644703],[29.079456,36.644706],[29.079542,36.644726],[29.079555,36.644716],[29.079562,36.644704],[29.079571,36.644693],[29.079602,36.644682],[29.079616,36.64468],[29.079636,36.64466],[29.079646,36.644647],[29.079663,36.644637],[29.079714,36.644682],[29.07981,36.644715],[29.080077,36.644729],[29.080227,36.644717],[29.080266,36.644719],[29.08032,36.644739],[29.080341,36.644757],[29.080364,36.644816],[29.080393,36.644863],[29.080424,36.644887],[29.080459,36.644905],[29.080503,36.644922],[29.080532,36.644927],[29.08057,36.644927],[29.080584,36.644923],[29.080607,36.644905],[29.080649,36.644902],[29.080668,36.64488],[29.08068,36.64485],[29.08068,36.644836],[29.080686,36.644827],[29.080698,36.644824],[29.080728,36.644858],[29.080738,36.644862],[29.080754,36.644864],[29.080773,36.644861],[29.08081,36.644834],[29.080827,36.644819],[29.08085,36.644774],[29.080883,36.644671],[29.080883,36.644632],[29.080886,36.644608],[29.080902,36.64459],[29.080917,36.644577],[29.080937,36.644566],[29.080994,36.644558],[29.081038,36.644561],[29.081058,36.64457],[29.081139,36.644639],[29.081155,36.644645],[29.081199,36.644652],[29.081212,36.644648],[29.08122,36.644638],[29.081235,36.644611],[29.081246,36.644603],[29.081275,36.644594],[29.081289,36.644594],[29.081324,36.644607],[29.081387,36.644673],[29.081419,36.644692],[29.081445,36.644699],[29.081476,36.644703],[29.08169,36.644698],[29.081711,36.644703],[29.081753,36.644719],[29.081768,36.64473],[29.081799,36.644764],[29.081889,36.64491],[29.081914,36.644937],[29.08194,36.644949],[29.081955,36.64495],[29.081984,36.644949],[29.082004,36.644944],[29.082017,36.644934],[29.082031,36.644909],[29.08203,36.644896],[29.082015,36.644852],[29.082015,36.644824],[29.082029,36.644809],[29.082059,36.644803],[29.082082,36.644808],[29.0821,36.644818],[29.082124,36.644837],[29.082147,36.644879],[29.082155,36.644915],[29.082162,36.644929],[29.082174,36.644945],[29.082196,36.644963],[29.082215,36.644974],[29.082237,36.64498],[29.082262,36.644985],[29.082277,36.644983],[29.082288,36.644975],[29.082295,36.644962],[29.082307,36.644913],[29.082307,36.644872],[29.082286,36.644787],[29.082292,36.644756],[29.08229,36.644722],[29.0823,36.644709],[29.082348,36.644659],[29.08236,36.644642],[29.082375,36.644607],[29.082397,36.644568],[29.082434,36.644536],[29.082437,36.644522],[29.082432,36.644506],[29.082422,36.644496],[29.082417,36.644486],[29.08242,36.644475],[29.082431,36.644457],[29.082473,36.644404],[29.082483,36.644377],[29.082485,36.644364],[29.082502,36.644328],[29.082506,36.644311],[29.082513,36.644224],[29.082484,36.644032],[29.082483,36.643999],[29.082486,36.643962],[29.082499,36.64393],[29.082527,36.6439],[29.082548,36.643885],[29.082599,36.643862],[29.08295,36.643753],[29.083006,36.643743],[29.083225,36.64374],[29.083361,36.64376],[29.083676,36.64388],[29.083726,36.643908],[29.083797,36.643959],[29.083851,36.643984],[29.0839,36.643995],[29.08394,36.644016],[29.084002,36.644067],[29.084033,36.644087],[29.084079,36.644104],[29.084107,36.644112],[29.084143,36.644134],[29.0842,36.6442],[29.084225,36.64421],[29.084244,36.644209],[29.084266,36.644187],[29.084273,36.644155],[29.084285,36.644128],[29.084297,36.64411],[29.084342,36.644],[29.084349,36.643971],[29.084345,36.643925],[29.084333,36.643895],[29.084322,36.643849],[29.084329,36.643833],[29.084364,36.643779],[29.08436,36.643758],[29.084343,36.643745],[29.084309,36.643742],[29.084292,36.643722],[29.084281,36.643697],[29.084279,36.643667],[29.084294,36.643604],[29.084294,36.643576],[29.084265,36.643508],[29.084248,36.643493],[29.084197,36.643467],[29.08415,36.643436],[29.084125,36.643383],[29.084006,36.643152],[29.083984,36.643056],[29.083987,36.642991],[29.083996,36.64294],[29.08401,36.642905],[29.084046,36.642866],[29.084084,36.64284],[29.084347,36.642697],[29.084405,36.642656],[29.084495,36.642594],[29.084562,36.642548],[29.085038,36.642291],[29.085225,36.64222],[29.085449,36.642138],[29.085661,36.642063],[29.086176,36.642019],[29.086247,36.642016],[29.086301,36.642025],[29.086348,36.64204],[29.08645,36.642091],[29.086562,36.64217],[29.08661,36.642209],[29.086671,36.642263],[29.086711,36.642315],[29.086793,36.642483],[29.086825,36.642524],[29.086839,36.642533],[29.086853,36.642534],[29.086884,36.642523],[29.086929,36.642525],[29.08726,36.642575],[29.087348,36.642599],[29.087406,36.64262],[29.087445,36.642633],[29.087501,36.642661],[29.087643,36.642752],[29.087712,36.642785],[29.087746,36.642807],[29.087793,36.642847],[29.087839,36.642871],[29.087872,36.642877],[29.087902,36.642876],[29.087965,36.642867],[29.08798,36.642868],[29.087998,36.642877],[29.088012,36.64289],[29.088049,36.642944],[29.088102,36.642988],[29.088158,36.643013],[29.088305,36.643053],[29.088468,36.643068],[29.088524,36.64306],[29.088556,36.643051],[29.088591,36.643046],[29.088771,36.64304],[29.088803,36.643047],[29.08882,36.643054],[29.088842,36.64307],[29.088858,36.643087],[29.088897,36.643156],[29.088913,36.643175],[29.088958,36.643207],[29.089035,36.643241],[29.089048,36.643246],[29.089078,36.643265],[29.08914,36.643322],[29.089198,36.643399],[29.089214,36.64343],[29.089238,36.643488],[29.089264,36.643632],[29.089275,36.643652],[29.089297,36.643678],[29.089327,36.643702],[29.08935,36.643712],[29.089368,36.643717],[29.08939,36.643731],[29.089423,36.643768],[29.08945,36.643808],[29.089468,36.643844],[29.089525,36.643933],[29.089544,36.643957],[29.089622,36.644022],[29.089686,36.644061],[29.089701,36.644069],[29.089724,36.64407],[29.089753,36.644067],[29.089766,36.644071],[29.089942,36.644161],[29.089999,36.644182],[29.090028,36.644187],[29.090152,36.644199],[29.090194,36.644215],[29.090223,36.644238],[29.090247,36.64427],[29.090268,36.644308],[29.09029,36.644319],[29.090382,36.644324],[29.09039,36.644334],[29.090392,36.644342],[29.090445,36.644356],[29.090454,36.644375],[29.090442,36.644414],[29.090443,36.644425],[29.090448,36.644436],[29.09048,36.644454],[29.090514,36.644462],[29.090574,36.644469],[29.090608,36.644484],[29.090643,36.644506],[29.090671,36.64453],[29.09071,36.644551],[29.090734,36.64457],[29.09077,36.644614],[29.090789,36.644625],[29.09084,36.644626],[29.090848,36.644633],[29.090861,36.64466],[29.090862,36.644695],[29.090857,36.644737],[29.09086,36.644749],[29.090889,36.644771],[29.090913,36.644772],[29.090953,36.644763],[29.090961,36.644758],[29.091024,36.644669],[29.091048,36.644642],[29.091049,36.644595],[29.091036,36.644564],[29.091024,36.644516],[29.090984,36.644448],[29.090972,36.64444],[29.090918,36.644424],[29.090906,36.644412],[29.090905,36.644384],[29.090906,36.644372],[29.090889,36.644369],[29.090883,36.644368],[29.090877,36.644359],[29.090872,36.644341],[29.090824,36.644265],[29.090789,36.644224],[29.090727,36.644106],[29.090709,36.644039],[29.090709,36.643982],[29.090732,36.643914],[29.090757,36.643885],[29.090805,36.643842],[29.090851,36.643811],[29.090907,36.643782],[29.091178,36.643703],[29.091209,36.643691],[29.091253,36.643669],[29.091314,36.643628],[29.091716,36.643455],[29.091744,36.643448],[29.091774,36.643444],[29.091853,36.643442],[29.091943,36.643469],[29.092196,36.643662],[29.092239,36.643689],[29.092538,36.643817],[29.092607,36.643839],[29.09262,36.643849],[29.09263,36.643861],[29.092652,36.643869],[29.092666,36.643871],[29.092685,36.643867],[29.092741,36.64384],[29.092764,36.643838],[29.092783,36.643844],[29.092822,36.643867],[29.092845,36.643871],[29.092902,36.643865],[29.092955,36.643846],[29.092976,36.643833],[29.092988,36.643828],[29.092999,36.64383],[29.093023,36.643856],[29.093035,36.643874],[29.093044,36.643884],[29.09305,36.643887],[29.09306,36.643885],[29.093071,36.643879],[29.093078,36.643868],[29.093088,36.643834],[29.093094,36.643825],[29.093106,36.643818],[29.093122,36.643813],[29.093287,36.643797],[29.093309,36.64379],[29.093348,36.643768],[29.093387,36.643757],[29.0934,36.643752],[29.09341,36.643744],[29.093424,36.643729],[29.093437,36.643707],[29.093442,36.64369],[29.093447,36.64367],[29.09346,36.643608],[29.093492,36.643557],[29.0935,36.643539],[29.093511,36.643525],[29.093521,36.643516],[29.093545,36.643506],[29.093576,36.643504],[29.093589,36.643501],[29.093593,36.643494],[29.093595,36.643485],[29.093602,36.643468],[29.093611,36.64346],[29.093621,36.643454],[29.093643,36.643448],[29.093699,36.643441],[29.093731,36.64344],[29.093746,36.643437],[29.093756,36.643431],[29.093767,36.64342],[29.093797,36.643408],[29.09383,36.643395],[29.093851,36.643387],[29.093869,36.643378],[29.093886,36.643362],[29.093894,36.643344],[29.093896,36.643334],[29.093893,36.643325],[29.093886,36.643319],[29.093868,36.643312],[29.093863,36.643309],[29.093859,36.643297],[29.093855,36.643267],[29.093866,36.643199],[29.093891,36.643138],[29.093912,36.643007],[29.093911,36.642996],[29.093898,36.642951],[29.093893,36.642928],[29.093901,36.642895],[29.093907,36.642868],[29.093954,36.642716],[29.093982,36.642655],[29.093994,36.642635],[29.094024,36.642598],[29.0941,36.642504],[29.094182,36.642446],[29.094215,36.642412],[29.094231,36.64239],[29.094256,36.642346],[29.094303,36.642237],[29.094338,36.642154],[29.094439,36.641877],[29.094462,36.641778],[29.094463,36.641762],[29.094463,36.641748],[29.094457,36.641729],[29.094433,36.641677],[29.094346,36.641573],[29.094268,36.641495],[29.094224,36.641462],[29.094185,36.641445],[29.094118,36.641416],[29.094096,36.641404],[29.094049,36.64137],[29.094024,36.641347],[29.093978,36.641281],[29.093971,36.641271],[29.093925,36.641217],[29.093904,36.641171],[29.093903,36.641135],[29.093924,36.641086],[29.093944,36.641049],[29.093967,36.641009],[29.094241,36.640606],[29.09425,36.64058],[29.094257,36.640565],[29.094436,36.640357],[29.094459,36.64033],[29.094579,36.640232],[29.094747,36.640121],[29.094912,36.640037],[29.095136,36.639923],[29.095278,36.63987],[29.095433,36.639847],[29.095547,36.639827],[29.095588,36.639812],[29.095707,36.639744],[29.095725,36.639726],[29.095749,36.639679],[29.095777,36.639622],[29.095853,36.639452],[29.095854,36.63941],[29.095855,36.639378],[29.095856,36.639349],[29.095879,36.639234],[29.095903,36.639184],[29.095927,36.639105],[29.095941,36.639074],[29.096012,36.638999],[29.096063,36.63895],[29.096159,36.638859],[29.096181,36.638841],[29.096219,36.638799],[29.096297,36.638679],[29.096361,36.638699],[29.096371,36.638681],[29.096308,36.63866],[29.096418,36.638517],[29.096448,36.63846],[29.096488,36.63847],[29.096491,36.638461],[29.096448,36.638453],[29.096433,36.638346],[29.09642,36.638251],[29.096435,36.63825],[29.09653,36.638236],[29.096593,36.638218],[29.09662,36.638207],[29.096904,36.638094],[29.096948,36.638071],[29.097004,36.638029],[29.097064,36.638007],[29.097193,36.638063],[29.097349,36.638187],[29.097403,36.638225],[29.097405,36.638226],[29.097476,36.638279],[29.097509,36.63831],[29.097536,36.638337],[29.097595,36.63839],[29.097751,36.638492],[29.097667,36.638591],[29.09764,36.638576],[29.097545,36.63869],[29.097627,36.638738],[29.097725,36.638623],[29.097697,36.638607],[29.097779,36.63851],[29.097918,36.63859],[29.097958,36.6387],[29.098022,36.638886],[29.098015,36.638944],[29.097999,36.63907],[29.098013,36.639236],[29.098005,36.639318],[29.098009,36.639543],[29.098012,36.63961],[29.098051,36.639699],[29.098068,36.639734],[29.098162,36.639937],[29.098243,36.640212],[29.098262,36.640248],[29.098397,36.640446],[29.098438,36.64048],[29.098391,36.64052],[29.098409,36.640533],[29.098456,36.640493],[29.098708,36.640666],[29.098792,36.640702],[29.09914,36.640963],[29.09932,36.641099],[29.099537,36.641269],[29.0996,36.641282],[29.09968,36.641293],[29.099716,36.641294],[29.099823,36.64128],[29.099916,36.641262],[29.100014,36.641227],[29.100069,36.641215],[29.100146,36.641202],[29.100211,36.641197],[29.100381,36.641222],[29.100426,36.641234],[29.100475,36.641258],[29.100515,36.641281],[29.10056,36.641298],[29.100578,36.641303],[29.100595,36.641302],[29.100612,36.641292],[29.100643,36.641263],[29.100687,36.641244],[29.100787,36.641258],[29.100854,36.641244],[29.100916,36.641241],[29.100988,36.641255],[29.101011,36.641267],[29.101029,36.64128],[29.101058,36.641302],[29.101077,36.641305],[29.10115,36.641276],[29.101182,36.641264],[29.101231,36.641233],[29.101262,36.641177],[29.101276,36.641167],[29.10126,36.641151],[29.101246,36.641158],[29.10116,36.641067],[29.101081,36.641016],[29.10097,36.640956],[29.100841,36.640922],[29.100856,36.640892],[29.100854,36.640885],[29.100813,36.640871],[29.10078,36.640837],[29.100677,36.640698],[29.100649,36.640679],[29.100449,36.640578],[29.100429,36.640556],[29.100243,36.6404],[29.100094,36.640238],[29.099852,36.639929],[29.099783,36.639829],[29.099696,36.639677],[29.099673,36.639627],[29.099627,36.639514],[29.099588,36.639439],[29.099644,36.639409],[29.099632,36.639393],[29.099576,36.639423],[29.09953,36.639375],[29.099404,36.639245],[29.099307,36.639155],[29.099173,36.639054],[29.099091,36.638977],[29.099079,36.638966],[29.099083,36.63896],[29.099015,36.638886],[29.098999,36.638831],[29.098992,36.638803],[29.098966,36.638806],[29.098921,36.638686],[29.098933,36.638402],[29.098939,36.638373],[29.098942,36.638362],[29.098982,36.638361],[29.098998,36.63836],[29.099181,36.63832],[29.099205,36.638306],[29.099244,36.638282],[29.099305,36.638241],[29.099372,36.638192],[29.099426,36.638239],[29.099453,36.63822],[29.099398,36.638173],[29.099444,36.638138],[29.099525,36.638042],[29.099587,36.637951],[29.099664,36.637889],[29.099779,36.637718],[29.099795,36.637663],[29.099787,36.637585],[29.099762,36.637535],[29.099726,36.637436],[29.099713,36.637407],[29.099632,36.637289],[29.09962,36.637281],[29.099582,36.637265],[29.099524,36.637231],[29.099432,36.637198],[29.099246,36.63716],[29.099024,36.637224],[29.098696,36.637241],[29.098661,36.637233],[29.098567,36.637212],[29.098551,36.637206],[29.098616,36.637111],[29.098594,36.637101],[29.098529,36.637198],[29.098478,36.637164],[29.098305,36.636958],[29.098217,36.636915],[29.098189,36.636864],[29.098196,36.63683],[29.098219,36.636783],[29.098255,36.636715],[29.098262,36.636697],[29.098265,36.636678],[29.098264,36.636662],[29.098253,36.636625],[29.09825,36.636613],[29.098247,36.636542],[29.098239,36.636379],[29.098231,36.636283],[29.098226,36.6362],[29.098194,36.636077],[29.098195,36.636062],[29.098205,36.636048],[29.098442,36.635888],[29.098613,36.635801],[29.098721,36.635742],[29.098821,36.635688],[29.098865,36.635737],[29.098835,36.635772],[29.098783,36.63583],[29.098667,36.635961],[29.098704,36.635983],[29.098867,36.635798],[29.09889,36.635787],[29.098955,36.635753],[29.099516,36.63565],[29.099516,36.635611],[29.098911,36.63572],[29.09886,36.635664],[29.099109,36.635511],[29.099377,36.635424],[29.099445,36.635417],[29.099516,36.635426],[29.099516,36.635395],[29.099508,36.635355],[29.099501,36.635263],[29.099616,36.635184],[29.099933,36.635091],[29.100575,36.634899],[29.100428,36.633496],[29.099515,36.633198],[29.099268,36.633061],[29.09919,36.632987],[29.099221,36.632925],[29.099206,36.632857],[29.099268,36.632776],[29.099368,36.632615],[29.09943,36.632546],[29.0995,36.632472],[29.099592,36.632366],[29.099654,36.632292],[29.099724,36.632242],[29.099739,36.632168],[29.099755,36.632056],[29.099809,36.631981],[29.099817,36.631913],[29.099855,36.63182],[29.099871,36.631714],[29.099786,36.631634],[29.099685,36.631559],[29.099484,36.631578],[29.09926,36.631572],[29.099136,36.631553],[29.098943,36.631547],[29.098827,36.631603],[29.098749,36.631628],[29.098686,36.631666],[29.098576,36.631627],[29.098534,36.631602],[29.098495,36.631551],[29.098467,36.631481],[29.098462,36.631365],[29.098493,36.631221],[29.098458,36.631206],[29.09842,36.631184],[29.098313,36.631101],[29.098272,36.631057],[29.098244,36.631024],[29.09822,36.630984],[29.098208,36.630959],[29.098202,36.630937],[29.0982,36.630916],[29.098199,36.63091],[29.098189,36.630867],[29.098186,36.630861],[29.09818,36.630857],[29.098163,36.630852],[29.098163,36.630846],[29.098158,36.630831],[29.098152,36.630822],[29.098145,36.630817],[29.098125,36.630808],[29.098064,36.630769],[29.098018,36.630724],[29.097992,36.630698],[29.097962,36.630671],[29.097918,36.630633],[29.097888,36.630611],[29.097742,36.630507],[29.097718,36.630483],[29.097698,36.630468],[29.097695,36.630463],[29.097694,36.630456],[29.097697,36.630443],[29.097696,36.630436],[29.097693,36.630431],[29.097688,36.630427],[29.09768,36.630422],[29.097675,36.630418],[29.097657,36.630397],[29.09765,36.630395],[29.097642,36.630394],[29.097633,36.630397],[29.097627,36.630401],[29.097621,36.630402],[29.097618,36.630398],[29.09761,36.630384],[29.097606,36.63038],[29.097595,36.630381],[29.09759,36.630385],[29.097586,36.630388],[29.097581,36.630391],[29.097573,36.630395],[29.097567,36.630389],[29.097566,36.630384],[29.097563,36.630378],[29.097556,36.630374],[29.097549,36.630374],[29.097541,36.630376],[29.09752,36.630386],[29.097485,36.630394],[29.09712,36.630504],[29.097054,36.63053],[29.097006,36.63056],[29.096883,36.630618],[29.096867,36.630625],[29.096854,36.630631],[29.096814,36.630649],[29.09673,36.630683],[29.096695,36.630692],[29.096617,36.630699],[29.096586,36.630707],[29.096556,36.630714],[29.096517,36.630723],[29.096323,36.630742],[29.096306,36.630747],[29.096298,36.630753],[29.096278,36.630786],[29.096267,36.630795],[29.096258,36.630799],[29.096224,36.630806],[29.096209,36.630816],[29.096155,36.630873],[29.096125,36.630898],[29.096117,36.630907],[29.096113,36.630917],[29.096107,36.63093],[29.096102,36.630938],[29.096042,36.631009],[29.096022,36.631028],[29.095995,36.631054],[29.095982,36.631066],[29.095972,36.631082],[29.095964,36.631101],[29.095956,36.63112],[29.095949,36.631134],[29.095925,36.631168],[29.095914,36.63118],[29.095845,36.631221],[29.095804,36.631255],[29.095793,36.631266],[29.095762,36.631291],[29.095723,36.631319],[29.095713,36.631326],[29.095585,36.631399],[29.095424,36.631459],[29.095058,36.631547],[29.095022,36.631555],[29.094873,36.631591],[29.094764,36.631637],[29.094734,36.631654],[29.094622,36.631717],[29.094592,36.631729],[29.094577,36.631735],[29.094505,36.631758],[29.094464,36.631767],[29.094235,36.631774],[29.094062,36.631756],[29.094039,36.631761],[29.093983,36.631791],[29.093783,36.631867],[29.093711,36.631886],[29.093526,36.631893],[29.093452,36.631886],[29.093363,36.631867],[29.09322,36.631817],[29.09308,36.631741],[29.093036,36.631714],[29.092927,36.631648],[29.092861,36.631606],[29.092825,36.631571],[29.092802,36.631541],[29.092783,36.631514],[29.092772,36.631492],[29.092764,36.631462],[29.09276,36.631408],[29.092762,36.631377],[29.09276,36.631345],[29.092747,36.631304],[29.092734,36.631281],[29.092724,36.631266],[29.092715,36.631254],[29.092607,36.631167],[29.092496,36.631077],[29.09247,36.631041],[29.092427,36.630948],[29.092396,36.630796],[29.092399,36.630779],[29.092409,36.630768],[29.092455,36.630754],[29.092457,36.630747],[29.092458,36.630736],[29.092448,36.630702],[29.092442,36.630693],[29.092432,36.630687],[29.092405,36.630683],[29.092393,36.630679],[29.092387,36.630675],[29.092381,36.630669],[29.092342,36.630612],[29.092333,36.630597],[29.092273,36.630501],[29.092315,36.630484],[29.09229,36.630394],[29.092319,36.630348],[29.092389,36.630243],[29.092499,36.63024],[29.092499,36.630203],[29.092484,36.630202],[29.092478,36.630038],[29.0924,36.630036],[29.092386,36.630031],[29.092378,36.630021],[29.092359,36.629987],[29.092323,36.629919],[29.092286,36.629831],[29.09226,36.629718],[29.092258,36.629708],[29.092258,36.629691],[29.092254,36.629644],[29.092249,36.629606],[29.092238,36.629577],[29.092236,36.629568],[29.092236,36.62955],[29.092239,36.629533],[29.092239,36.629523],[29.092216,36.629475],[29.092182,36.629419],[29.092147,36.62937],[29.092118,36.629329],[29.092121,36.629314],[29.092109,36.629303],[29.0921,36.6293],[29.09209,36.6293],[29.092081,36.629303],[29.092076,36.629306],[29.092068,36.629305],[29.092056,36.629307],[29.092044,36.629305],[29.092031,36.629301],[29.091911,36.629235],[29.091897,36.629229],[29.09182,36.629214],[29.091799,36.629203],[29.091789,36.629203],[29.091783,36.629206],[29.091771,36.629204],[29.091767,36.629201],[29.091764,36.629196],[29.09176,36.629184],[29.091756,36.629181],[29.091746,36.629178],[29.091736,36.62917],[29.091726,36.62917],[29.091716,36.629172],[29.091709,36.629171],[29.091704,36.629167],[29.091694,36.629154],[29.091647,36.629109],[29.09164,36.629104],[29.091619,36.629092],[29.091615,36.629088],[29.091612,36.629084],[29.091586,36.628981],[29.091579,36.628958],[29.091572,36.62893],[29.091559,36.628923],[29.091551,36.628905],[29.092153,36.628755],[29.092158,36.628765],[29.09223,36.628744],[29.092212,36.628703],[29.092176,36.628713],[29.092179,36.628718],[29.091547,36.628876],[29.09117,36.628559],[29.091174,36.62855],[29.091114,36.628303],[29.09112,36.628264],[29.091105,36.628264],[29.091105,36.628215],[29.091118,36.628202],[29.091159,36.628176],[29.091199,36.628142],[29.091219,36.628118],[29.09125,36.628066],[29.091258,36.628039],[29.091265,36.62802],[29.091288,36.62797],[29.0913,36.627943],[29.091306,36.627929],[29.091308,36.62791],[29.091305,36.62786],[29.091302,36.627845],[29.091298,36.62783],[29.091293,36.627816],[29.091286,36.627803],[29.091277,36.62779],[29.091265,36.627777],[29.09126,36.627769],[29.091257,36.62776],[29.091249,36.627747],[29.091238,36.627735],[29.090984,36.627558],[29.090828,36.627414],[29.090793,36.627369],[29.090781,36.627355],[29.090755,36.627329],[29.090731,36.627306],[29.090518,36.627167],[29.090508,36.627159],[29.090497,36.627144],[29.090493,36.627138],[29.090485,36.627119],[29.090481,36.627103],[29.090476,36.627065],[29.090477,36.627045],[29.090475,36.627021],[29.090475,36.626986],[29.090476,36.626963],[29.090477,36.62694],[29.090485,36.626896],[29.090488,36.626872],[29.090517,36.626681],[29.090524,36.626661],[29.090545,36.6266],[29.090554,36.626589],[29.090582,36.626574],[29.090785,36.626486],[29.090814,36.626468],[29.090827,36.626453],[29.090896,36.626394],[29.090913,36.626387],[29.090943,36.626367],[29.090946,36.626363],[29.090985,36.626397],[29.091021,36.62637],[29.090988,36.626341],[29.090991,36.626336],[29.09099,36.626319],[29.090993,36.626311],[29.090992,36.626303],[29.090998,36.626297],[29.091006,36.626294],[29.09102,36.626285],[29.091029,36.626283],[29.091054,36.626282],[29.091064,36.626279],[29.09107,36.626274],[29.091077,36.626265],[29.091077,36.626259],[29.091069,36.626236],[29.09107,36.626222],[29.091065,36.62621],[29.091064,36.626205],[29.091065,36.626199],[29.091069,36.626195],[29.091078,36.626192],[29.091085,36.626191],[29.091117,36.626191],[29.091128,36.626194],[29.091133,36.626196],[29.09114,36.626196],[29.091147,36.626189],[29.091151,36.626169],[29.091151,36.626161],[29.091153,36.626151],[29.091152,36.626137],[29.091148,36.626125],[29.091142,36.626115],[29.091132,36.626107],[29.091123,36.626103],[29.091111,36.626095],[29.091105,36.626089],[29.091103,36.626084],[29.091104,36.626056],[29.091106,36.626046],[29.091109,36.62604],[29.091114,36.626021],[29.091113,36.626007],[29.091109,36.625997],[29.091108,36.625989],[29.091114,36.625978],[29.091121,36.625968],[29.091124,36.625955],[29.091122,36.625944],[29.091096,36.625887],[29.09109,36.625876],[29.091083,36.625873],[29.091077,36.625872],[29.09107,36.625873],[29.091059,36.625873],[29.091028,36.625866],[29.091017,36.625865],[29.090988,36.62587],[29.090978,36.625875],[29.09097,36.625879],[29.090964,36.625885],[29.090962,36.625892],[29.090956,36.625922],[29.090952,36.625936],[29.090948,36.625945],[29.09094,36.625954],[29.090929,36.625959],[29.090862,36.62597],[29.090807,36.625972],[29.090789,36.625979],[29.090781,36.625987],[29.090762,36.626013],[29.090754,36.626022],[29.090738,36.626032],[29.090583,36.626103],[29.090568,36.626113],[29.090544,36.626133],[29.090533,36.62614],[29.0905,36.626149],[29.090488,36.626151],[29.090482,36.626155],[29.090475,36.626169],[29.090471,36.626175],[29.090463,36.626181],[29.09026,36.626239],[29.090114,36.626253],[29.089988,36.626236],[29.089911,36.626207],[29.089795,36.626137],[29.089763,36.626108],[29.089739,36.626081],[29.089705,36.626035],[29.089696,36.62602],[29.089668,36.62595],[29.089615,36.62586],[29.089597,36.625823],[29.089584,36.625798],[29.089576,36.625789],[29.089569,36.625779],[29.089563,36.625765],[29.089561,36.625744],[29.089555,36.625728],[29.089553,36.625722],[29.089545,36.625718],[29.089517,36.625723],[29.08951,36.625723],[29.089502,36.62572],[29.089481,36.625704],[29.089372,36.625578],[29.089333,36.625543],[29.089309,36.625519],[29.089211,36.625424],[29.089178,36.625394],[29.089143,36.625366],[29.089136,36.625357],[29.089111,36.625337],[29.089097,36.62533],[29.088995,36.625287],[29.088967,36.625272],[29.088956,36.625264],[29.08893,36.625235],[29.088924,36.625228],[29.088913,36.625207],[29.08891,36.625202],[29.088894,36.625186],[29.088887,36.625181],[29.088878,36.625176],[29.088869,36.625172],[29.088852,36.625167],[29.088818,36.625169],[29.088802,36.625172],[29.088791,36.625175],[29.088733,36.625204],[29.088719,36.625205],[29.088579,36.625167],[29.088576,36.625166],[29.088568,36.625162],[29.08855,36.625146],[29.088531,36.625121],[29.088528,36.625116],[29.088525,36.625111],[29.088523,36.625104],[29.088523,36.625096],[29.088405,36.625026],[29.088302,36.624965],[29.088298,36.624958],[29.088298,36.624951],[29.088292,36.624932],[29.088286,36.624922],[29.088276,36.624909],[29.088238,36.624876],[29.088232,36.624865],[29.088228,36.624852],[29.088227,36.62483],[29.088227,36.624808],[29.088224,36.624792],[29.08822,36.624779],[29.088215,36.624768],[29.088203,36.624753],[29.088192,36.624741],[29.088182,36.624734],[29.088161,36.624721],[29.088158,36.624716],[29.088156,36.624709],[29.088152,36.624649],[29.088154,36.624618],[29.08815,36.624568],[29.08815,36.624543],[29.088148,36.624508],[29.088149,36.624446],[29.088151,36.624343],[29.088153,36.624313],[29.088156,36.624286],[29.088153,36.624273],[29.088153,36.624268],[29.088138,36.624232],[29.088135,36.624216],[29.088126,36.624167],[29.088117,36.624132],[29.088116,36.624086],[29.088118,36.624045],[29.088118,36.624025],[29.088116,36.624008],[29.088109,36.623975],[29.088099,36.623924],[29.088083,36.623866],[29.088068,36.623839],[29.088059,36.62383],[29.088051,36.623827],[29.088,36.623813],[29.087989,36.623806],[29.087986,36.623802],[29.087982,36.623795],[29.087978,36.623747],[29.087968,36.6237],[29.087962,36.623648],[29.087961,36.623641],[29.087954,36.623629],[29.08795,36.623623],[29.087945,36.623618],[29.087937,36.623612],[29.087931,36.62361],[29.087925,36.623608],[29.0879,36.623607],[29.08789,36.623605],[29.087879,36.6236],[29.087869,36.623593],[29.087838,36.623546],[29.087797,36.623483],[29.087775,36.623445],[29.087767,36.623414],[29.087775,36.623248],[29.087778,36.623225],[29.08778,36.623197],[29.087846,36.623198],[29.088071,36.623199],[29.088237,36.623172],[29.088251,36.623231],[29.088281,36.623228],[29.088267,36.623164],[29.088271,36.623142],[29.088297,36.623065],[29.088339,36.622999],[29.088407,36.622918],[29.088494,36.622936],[29.088504,36.622913],[29.088485,36.622909],[29.088404,36.622883],[29.08839,36.622896],[29.088352,36.622942],[29.088305,36.622999],[29.088269,36.62306],[29.088242,36.623144],[29.088147,36.623162],[29.088073,36.623174],[29.088034,36.623176],[29.087842,36.623169],[29.087785,36.623166],[29.087798,36.623123],[29.087825,36.623057],[29.087825,36.623047],[29.087826,36.623034],[29.087833,36.622962],[29.087836,36.62295],[29.087805,36.622879],[29.087776,36.622813],[29.087802,36.622806],[29.087909,36.622775],[29.087898,36.622749],[29.087801,36.622776],[29.087782,36.622782],[29.087763,36.622782],[29.08773,36.622706],[29.087695,36.622716],[29.087683,36.6227],[29.087677,36.622684],[29.087674,36.622666],[29.087669,36.622638],[29.087664,36.622601],[29.087656,36.622564],[29.087633,36.622496],[29.087608,36.622432],[29.087587,36.622381],[29.087566,36.622343],[29.087533,36.622283],[29.087524,36.622263],[29.087518,36.622243],[29.08751,36.622207],[29.087504,36.622175],[29.087504,36.622136],[29.087505,36.622118],[29.087516,36.62206],[29.087516,36.622041],[29.087516,36.622036],[29.087528,36.621993],[29.087539,36.621945],[29.087551,36.621895],[29.087565,36.621844],[29.087576,36.621818],[29.087579,36.621801],[29.087578,36.621774],[29.087574,36.621749],[29.087568,36.62172],[29.087568,36.62171],[29.087572,36.621698],[29.087583,36.621663],[29.087599,36.62163],[29.087648,36.621526],[29.087667,36.621497],[29.087696,36.62146],[29.087719,36.62143],[29.087746,36.621392],[29.08776,36.62136],[29.087767,36.621328],[29.087798,36.621296],[29.087832,36.621259],[29.087872,36.621201],[29.087931,36.62112],[29.087944,36.62112],[29.087989,36.621052],[29.088004,36.621017],[29.088036,36.620962],[29.088066,36.620906],[29.088083,36.62087],[29.088107,36.620827],[29.088162,36.620739],[29.088208,36.620685],[29.088212,36.620674],[29.088212,36.620666],[29.088217,36.62063],[29.08822,36.620619],[29.088223,36.620613],[29.088227,36.620609],[29.088238,36.620602],[29.088244,36.620596],[29.088256,36.620574],[29.088287,36.620532],[29.088313,36.620493],[29.088329,36.620473],[29.088417,36.620394],[29.088446,36.62037],[29.088462,36.620362],[29.088513,36.620339],[29.088519,36.620334],[29.088524,36.620328],[29.088527,36.620322],[29.088532,36.620309],[29.088536,36.620304],[29.088544,36.620298],[29.088549,36.620295],[29.088566,36.620292],[29.088585,36.620292],[29.088611,36.620286],[29.088636,36.620276],[29.088814,36.620163],[29.088834,36.620156],[29.088843,36.620155],[29.088861,36.620145],[29.088888,36.620127],[29.088986,36.620071],[29.089017,36.620055],[29.089048,36.62004],[29.089065,36.620091],[29.089084,36.620083],[29.089058,36.620036],[29.089077,36.620028],[29.089106,36.620016],[29.089357,36.619973],[29.089448,36.619963],[29.089457,36.619959],[29.08948,36.619936],[29.089493,36.61993],[29.089503,36.619933],[29.089512,36.619944],[29.089525,36.619952],[29.089535,36.619953],[29.089543,36.619952],[29.089549,36.619947],[29.089551,36.61994],[29.08955,36.619935],[29.089545,36.619925],[29.089553,36.619917],[29.089569,36.619911],[29.089782,36.619878],[29.089809,36.619877],[29.089833,36.619883],[29.089987,36.619894],[29.090034,36.619903],[29.090092,36.619923],[29.090138,36.619931],[29.090163,36.619931],[29.090161,36.619961],[29.090115,36.61996],[29.090116,36.619989],[29.090231,36.61999],[29.09023,36.61996],[29.090183,36.619959],[29.090184,36.619932],[29.090212,36.619932],[29.090232,36.619929],[29.090299,36.619912],[29.090321,36.619911],[29.090342,36.619913],[29.090366,36.619921],[29.0905,36.619999],[29.09058,36.620044],[29.090719,36.620128],[29.090795,36.620171],[29.090817,36.620181],[29.090844,36.620184],[29.090892,36.620122],[29.091004,36.620175],[29.091137,36.620244],[29.09127,36.620312],[29.091217,36.620372],[29.091304,36.620421],[29.091402,36.620479],[29.091468,36.620513],[29.091483,36.620492],[29.091502,36.620507],[29.091531,36.620525],[29.09156,36.620543],[29.091601,36.620562],[29.091702,36.620597],[29.091738,36.62061],[29.091773,36.62062],[29.091829,36.620634],[29.092074,36.620702],[29.092255,36.620727],[29.09233,36.62072],[29.092355,36.620722],[29.092383,36.620729],[29.092559,36.620818],[29.092525,36.620867],[29.092565,36.620888],[29.092709,36.620941],[29.092684,36.620992],[29.092654,36.621064],[29.092612,36.621078],[29.092407,36.621019],[29.092221,36.620967],[29.092214,36.620984],[29.092583,36.621089],[29.092759,36.621138],[29.092766,36.62112],[29.092706,36.621104],[29.092675,36.62107],[29.092732,36.620949],[29.092736,36.620953],[29.09273,36.62097],[29.092839,36.621006],[29.092847,36.620987],[29.092872,36.620914],[29.092906,36.620913],[29.092917,36.620917],[29.092923,36.620923],[29.092926,36.620936],[29.092924,36.620951],[29.092927,36.620957],[29.092937,36.620963],[29.092963,36.620974],[29.09302,36.620985],[29.093071,36.621004],[29.093112,36.621016],[29.09316,36.621029],[29.093218,36.621038],[29.093404,36.621061],[29.093467,36.62107],[29.093516,36.621078],[29.093584,36.621091],[29.093629,36.6211],[29.093738,36.621121],[29.093836,36.621121],[29.093847,36.621123],[29.093859,36.62113],[29.093873,36.621143],[29.093921,36.621188],[29.09395,36.621215],[29.093949,36.621228],[29.093951,36.621248],[29.093969,36.621256],[29.094085,36.62128],[29.094128,36.621288],[29.094467,36.621342],[29.094483,36.621342],[29.094621,36.621322],[29.09475,36.621288],[29.094851,36.621267],[29.094898,36.621261],[29.095144,36.621198],[29.095336,36.621149],[29.095396,36.621134],[29.095406,36.621158],[29.095557,36.621118],[29.095542,36.621084],[29.095693,36.621032],[29.095856,36.620977],[29.096047,36.620913],[29.096239,36.620985],[29.096367,36.621032],[29.09637,36.621027],[29.096532,36.621085],[29.096712,36.621151],[29.096834,36.621196],[29.097327,36.621284],[29.097495,36.62131],[29.097716,36.621343],[29.097846,36.621361],[29.098004,36.621371],[29.098045,36.621382],[29.098115,36.621412],[29.098197,36.621453],[29.098476,36.621554],[29.098508,36.621572],[29.098612,36.621713],[29.098671,36.621775],[29.0987,36.621814],[29.09873,36.621863],[29.098837,36.621987],[29.098852,36.622023],[29.098858,36.622055],[29.09886,36.622072],[29.098865,36.622092],[29.09887,36.622104],[29.098882,36.622117],[29.0989,36.622131],[29.099057,36.622231],[29.09918,36.622321],[29.099107,36.622407],[29.09905,36.622477],[29.099018,36.622492],[29.098839,36.622548],[29.098848,36.622568],[29.099029,36.622513],[29.09912,36.622559],[29.09915,36.622646],[29.099174,36.622641],[29.099138,36.622521],[29.099074,36.622488],[29.099202,36.622334],[29.099213,36.622341],[29.099292,36.622382],[29.099314,36.622393],[29.09934,36.622391],[29.099388,36.622408],[29.099367,36.622438],[29.099483,36.622506],[29.099562,36.622552],[29.099626,36.62259],[29.099677,36.622621],[29.099744,36.622657],[29.099762,36.622666],[29.09973,36.62275],[29.099804,36.62277],[29.099839,36.622683],[29.100202,36.622735],[29.100174,36.622879],[29.100233,36.622885],[29.10026,36.622739],[29.100362,36.622746],[29.100486,36.622753],[29.100512,36.622786],[29.100499,36.622792],[29.100483,36.622775],[29.100447,36.622777],[29.100456,36.622815],[29.100495,36.622817],[29.100506,36.622811],[29.10052,36.622826],[29.10053,36.62282],[29.100538,36.622831],[29.100573,36.622835],[29.100638,36.622835],[29.100689,36.622826],[29.100696,36.622767],[29.100812,36.622776],[29.10098,36.622787],[29.101106,36.622796],[29.101192,36.622965],[29.10124,36.623063],[29.10173,36.623009],[29.101965,36.622984],[29.102162,36.622962],[29.102291,36.622948],[29.102505,36.622923],[29.102637,36.622911],[29.102783,36.622855],[29.102938,36.62278],[29.103044,36.622729],[29.103202,36.622652],[29.103222,36.622644],[29.103247,36.623204],[29.103274,36.623553],[29.103307,36.623959],[29.103327,36.624211],[29.10335,36.624389],[29.103407,36.624572],[29.1035,36.625051],[29.103503,36.625072],[29.103494,36.625074],[29.103487,36.625036],[29.103269,36.625058],[29.103274,36.625097],[29.102874,36.625142],[29.102773,36.625152],[29.102761,36.625082],[29.10254,36.625105],[29.102543,36.625175],[29.102308,36.625198],[29.102302,36.62516],[29.10208,36.625182],[29.102086,36.625221],[29.101567,36.625271],[29.101558,36.625211],[29.101337,36.625231],[29.101346,36.625291],[29.101099,36.625316],[29.101088,36.625275],[29.101102,36.625272],[29.101087,36.625213],[29.101096,36.625212],[29.101091,36.625185],[29.100857,36.625211],[29.100876,36.625342],[29.10064,36.625369],[29.100634,36.625331],[29.100626,36.625331],[29.10062,36.625301],[29.100612,36.625301],[29.100606,36.625271],[29.100395,36.625298],[29.100406,36.625355],[29.100419,36.625356],[29.100433,36.625433],[29.100586,36.625415],[29.10082,36.625387],[29.101204,36.625344],[29.101535,36.625312],[29.10185,36.625281],[29.102162,36.62525],[29.102461,36.62522],[29.102854,36.625181],[29.103133,36.625151],[29.103545,36.625105],[29.103541,36.625068],[29.103535,36.625049],[29.10349,36.624816],[29.103444,36.62457],[29.103385,36.624386],[29.103365,36.624207],[29.103281,36.623203],[29.103255,36.622685],[29.10325,36.622629],[29.10386,36.622598],[29.104265,36.622522],[29.104277,36.622517],[29.104565,36.622394],[29.104758,36.622311],[29.105078,36.622175],[29.105095,36.622167],[29.105242,36.622105],[29.105309,36.622113],[29.105289,36.622194],[29.10519,36.622606],[29.105144,36.622599],[29.105115,36.622722],[29.104982,36.623251],[29.104876,36.623672],[29.105086,36.623704],[29.105191,36.623284],[29.105316,36.622756],[29.105344,36.622628],[29.105301,36.622621],[29.105401,36.622209],[29.105455,36.621985],[29.105487,36.621989],[29.105739,36.62193],[29.106079,36.621852],[29.106498,36.621755],[29.106769,36.621819],[29.106807,36.621825],[29.107148,36.622102],[29.10759,36.622509],[29.10813,36.623006],[29.108742,36.623229],[29.111342,36.623212],[29.11203,36.623208],[29.112097,36.623444],[29.112495,36.624833],[29.11294,36.625168],[29.115238,36.62546],[29.115481,36.625396],[29.115611,36.625362],[29.115804,36.625808],[29.11629,36.626927],[29.116115,36.626977],[29.116146,36.627028],[29.116231,36.627],[29.117807,36.631078],[29.11806,36.631249],[29.118152,36.631239],[29.118169,36.631251],[29.118169,36.631284],[29.118222,36.631309],[29.118285,36.631303],[29.118306,36.631325],[29.118302,36.631352],[29.118461,36.631576],[29.118614,36.631811],[29.118731,36.631942],[29.118802,36.631989],[29.118875,36.632038],[29.118965,36.632098],[29.118982,36.632114],[29.11898,36.63214],[29.118984,36.632171],[29.11901,36.632244],[29.119064,36.632311],[29.119176,36.632483],[29.1193,36.63261],[29.119516,36.632857],[29.119539,36.632867],[29.119572,36.632904],[29.11963,36.632974],[29.119622,36.632985],[29.119619,36.632992],[29.11963,36.632999],[29.119653,36.63302],[29.11966,36.633037],[29.11966,36.633046],[29.119663,36.633053],[29.119684,36.633061],[29.119694,36.63307],[29.119698,36.633078],[29.119701,36.63309],[29.119707,36.633102],[29.119721,36.633109],[29.119731,36.633118],[29.119732,36.633127],[29.119734,36.633136],[29.119743,36.633148],[29.119789,36.633201],[29.119808,36.633226],[29.119827,36.633239],[29.119839,36.633273],[29.119866,36.633312],[29.119883,36.633314],[29.119913,36.633351],[29.119932,36.633378],[29.119949,36.633404],[29.119977,36.633449],[29.120004,36.633474],[29.120009,36.633489],[29.120021,36.633501],[29.120043,36.633528],[29.120142,36.633644],[29.120246,36.633779],[29.120292,36.633846],[29.120322,36.633879],[29.120343,36.633893],[29.120367,36.633903],[29.120378,36.633915],[29.120379,36.633929],[29.120428,36.634012],[29.120471,36.634063],[29.120497,36.634095],[29.120512,36.634112],[29.120561,36.634147],[29.120573,36.634158],[29.120595,36.634184],[29.12065,36.634246],[29.120672,36.634272],[29.120685,36.634289],[29.120765,36.634402],[29.120769,36.634413],[29.120773,36.63442],[29.120777,36.634426],[29.120792,36.634441],[29.120806,36.634452],[29.120814,36.634459],[29.12083,36.634482],[29.120914,36.634605],[29.120941,36.634639],[29.120971,36.634676],[29.12101,36.634728],[29.121051,36.634776],[29.121081,36.634816],[29.121092,36.634838],[29.121105,36.634856],[29.121116,36.634867],[29.121133,36.634883],[29.121152,36.634905],[29.121213,36.635015],[29.121231,36.635054],[29.121265,36.635124],[29.121305,36.635198],[29.121329,36.635251],[29.121438,36.635476],[29.121509,36.635662],[29.121546,36.635838],[29.121555,36.635862],[29.121561,36.63587],[29.12157,36.635877],[29.121575,36.635884],[29.121576,36.635888],[29.121574,36.635894],[29.121569,36.635904],[29.121566,36.635916],[29.12156,36.63599],[29.121577,36.636105],[29.121585,36.636141],[29.12159,36.636174],[29.121592,36.636209],[29.121599,36.63625],[29.121611,36.636338],[29.121616,36.636385],[29.121618,36.636407],[29.121619,36.636457],[29.121617,36.636475],[29.121606,36.63653],[29.121599,36.636584],[29.121591,36.636635],[29.121545,36.636893],[29.121538,36.63694],[29.121529,36.636981],[29.121507,36.637084],[29.121494,36.637435],[29.121477,36.637497],[29.121472,36.637531],[29.121465,36.637704],[29.12146,36.637789],[29.121451,36.637922],[29.121453,36.637938],[29.121452,36.637951],[29.121422,36.637948],[29.12142,36.637969],[29.121446,36.63797],[29.121445,36.637987],[29.121409,36.638124],[29.121402,36.638184],[29.121398,36.638247],[29.121397,36.638272],[29.1214,36.638333],[29.121402,36.638355],[29.1214,36.638386],[29.121404,36.638444],[29.121402,36.638509],[29.121371,36.638833],[29.121367,36.638926],[29.121365,36.638988],[29.121363,36.639066],[29.12134,36.639353],[29.121331,36.639432],[29.121316,36.639599],[29.121308,36.639642],[29.121281,36.639804],[29.121272,36.639883],[29.121276,36.639906],[29.121274,36.639915],[29.12125,36.639962],[29.121222,36.640147],[29.1212,36.64022],[29.121178,36.640271],[29.121155,36.640309],[29.121122,36.640351],[29.12109,36.640379],[29.12103,36.640415],[29.120989,36.640434],[29.12096,36.640451],[29.120953,36.640461],[29.120952,36.640469],[29.120954,36.640475],[29.120963,36.640483],[29.121034,36.640503],[29.121038,36.640509],[29.121041,36.640552],[29.121043,36.640558],[29.121043,36.640566],[29.121043,36.640572],[29.121035,36.640573],[29.121034,36.640593],[29.121044,36.640595],[29.121038,36.640625],[29.121037,36.640645],[29.121038,36.640661],[29.12104,36.64067],[29.121037,36.64072],[29.121033,36.640737],[29.121018,36.640764],[29.120909,36.640757],[29.120905,36.640784],[29.12089,36.640788],[29.12071,36.640789],[29.120691,36.640787],[29.120675,36.640782],[29.120659,36.640772],[29.120649,36.640765],[29.120643,36.640758],[29.120635,36.640746],[29.12063,36.640731],[29.120629,36.640709],[29.120643,36.640502],[29.120651,36.640476],[29.12067,36.640445],[29.120678,36.640437],[29.120689,36.640429],[29.120698,36.640424],[29.120705,36.640419],[29.120709,36.640412],[29.120707,36.640404],[29.120702,36.640396],[29.120697,36.640389],[29.120689,36.640385],[29.12068,36.640381],[29.120671,36.64038],[29.120663,36.64038],[29.12062,36.640403],[29.120609,36.640412],[29.120601,36.640424],[29.120585,36.640459],[29.12058,36.640476],[29.120565,36.640744],[29.12057,36.640776],[29.120579,36.6408],[29.120597,36.640832],[29.120604,36.640839],[29.120672,36.640873],[29.120682,36.640877],[29.120694,36.640871],[29.120711,36.640866],[29.120723,36.640864],[29.120949,36.640851],[29.120999,36.640859],[29.121011,36.640866],[29.121068,36.640946],[29.121082,36.640971],[29.1211,36.641014],[29.121109,36.641042],[29.121118,36.641071],[29.12113,36.641145],[29.121135,36.641265],[29.121135,36.641332],[29.121134,36.641402],[29.121129,36.641475],[29.121122,36.641536],[29.121117,36.641571],[29.121115,36.641694],[29.121123,36.641794],[29.121112,36.64192],[29.121112,36.641935],[29.121116,36.641954],[29.121118,36.641998],[29.12111,36.642068],[29.121117,36.642166],[29.121116,36.642204],[29.121114,36.642265],[29.121116,36.642314],[29.121092,36.642453],[29.121092,36.642469],[29.1211,36.642506],[29.121102,36.642583],[29.121105,36.642639],[29.12111,36.642789],[29.1211,36.642849],[29.121094,36.642893],[29.121069,36.642982],[29.121044,36.643211],[29.12101,36.643387],[29.12101,36.643401],[29.121011,36.643414],[29.121013,36.643425],[29.121013,36.643435],[29.121009,36.643442],[29.121003,36.643448],[29.121004,36.643455],[29.121021,36.643457],[29.121029,36.643461],[29.121037,36.643469],[29.121045,36.643479],[29.121073,36.643504],[29.121075,36.64351],[29.121071,36.643518],[29.121066,36.643524],[29.121066,36.643532],[29.121075,36.643533],[29.121136,36.643526],[29.121142,36.643527],[29.121148,36.64353],[29.121166,36.643545],[29.121172,36.643551],[29.121176,36.643562],[29.121178,36.643569],[29.121181,36.643585],[29.121185,36.643589],[29.121191,36.643591],[29.121204,36.6436],[29.121209,36.643606],[29.121226,36.643629],[29.121237,36.643649],[29.12124,36.643666],[29.121242,36.643673],[29.121246,36.643681],[29.121315,36.643748],[29.121328,36.643764],[29.121334,36.643779],[29.121343,36.643806],[29.121421,36.643938],[29.121444,36.643969],[29.121463,36.643992],[29.12147,36.644003],[29.121492,36.644082],[29.121565,36.644256],[29.121578,36.644304],[29.121583,36.644312],[29.121597,36.644323],[29.121605,36.644331],[29.12161,36.644344],[29.121618,36.644373],[29.121637,36.644421],[29.121683,36.644575],[29.121706,36.644701],[29.121709,36.644725],[29.121714,36.644754],[29.121718,36.64476],[29.121727,36.644768],[29.121743,36.64478],[29.121779,36.644797],[29.121784,36.644802],[29.121785,36.644808],[29.121784,36.644814],[29.121778,36.644821],[29.121753,36.644847],[29.12175,36.644854],[29.121749,36.644863],[29.121754,36.644892],[29.121758,36.644905],[29.121763,36.644914],[29.121769,36.644923],[29.12178,36.644934],[29.121833,36.644976],[29.121843,36.644986],[29.12185,36.644995],[29.121853,36.645002],[29.121854,36.645008],[29.121867,36.645061],[29.121888,36.645126],[29.121911,36.645172],[29.121931,36.645227],[29.121948,36.645313],[29.121953,36.645326],[29.121965,36.645344],[29.121969,36.645354],[29.121993,36.645462],[29.122021,36.645543],[29.122043,36.645584],[29.122157,36.64592],[29.122189,36.645988],[29.122204,36.64604],[29.122207,36.64606],[29.12224,36.646175],[29.122254,36.64627],[29.122263,36.646305],[29.122301,36.64641],[29.122304,36.64642],[29.122304,36.646428],[29.122299,36.646459],[29.122304,36.646622],[29.122295,36.646703],[29.122245,36.646889],[29.122243,36.646924],[29.122234,36.646957],[29.122228,36.646994],[29.122227,36.647016],[29.122173,36.647234],[29.122131,36.647351],[29.122118,36.647385],[29.122066,36.64752],[29.122023,36.647596],[29.12198,36.647649],[29.121892,36.647781],[29.12189,36.647788],[29.12189,36.647797],[29.121906,36.647825],[29.121915,36.647837],[29.121917,36.647845],[29.121913,36.647854],[29.121898,36.647872],[29.121879,36.647882],[29.121825,36.647895],[29.12181,36.647902],[29.121799,36.647911],[29.121784,36.647932],[29.121772,36.647959],[29.121763,36.647976],[29.121749,36.647992],[29.121716,36.648021],[29.121702,36.648029],[29.121673,36.648054],[29.121489,36.648122],[29.121466,36.648128],[29.121446,36.648139],[29.121432,36.648155],[29.121428,36.64817],[29.121428,36.648186],[29.121432,36.648202],[29.12143,36.648213],[29.121384,36.648239],[29.121346,36.648272],[29.121336,36.648288],[29.121329,36.648318],[29.12132,36.64833],[29.121304,36.648366],[29.121306,36.648377],[29.121311,36.648386],[29.121328,36.648407],[29.121332,36.648416],[29.121333,36.648441],[29.121337,36.648451],[29.121345,36.648456],[29.121349,36.648459],[29.121354,36.648467],[29.121353,36.648478],[29.121345,36.648502],[29.121292,36.648591],[29.121203,36.64871],[29.121118,36.648796],[29.121062,36.64885],[29.120994,36.64891],[29.120934,36.648947],[29.120847,36.649014],[29.120509,36.649278],[29.120365,36.649341],[29.120302,36.649343],[29.12026,36.649352],[29.12022,36.649412],[29.120178,36.649448],[29.120152,36.64946],[29.120107,36.649462],[29.120087,36.649485],[29.120078,36.649522],[29.12005,36.649548],[29.120024,36.649559],[29.119914,36.649545],[29.119758,36.649562],[29.119721,36.649601],[29.119682,36.64963],[29.119608,36.649652],[29.119574,36.649669],[29.119565,36.649692],[29.119574,36.649723],[29.119568,36.64974],[29.11948,36.649808],[29.119466,36.649825],[29.119446,36.649865],[29.119426,36.649879],[29.119378,36.649876],[29.119364,36.649899],[29.119358,36.649936],[29.119321,36.649973],[29.119319,36.649995],[29.119333,36.650115],[29.119265,36.65018],[29.119231,36.650242],[29.119168,36.650302],[29.119123,36.650319],[29.119089,36.650347],[29.119081,36.650373],[29.119089,36.650409],[29.119078,36.65044],[29.118993,36.650509],[29.118876,36.650582],[29.118843,36.65063],[29.118806,36.65067],[29.118689,36.650718],[29.118667,36.650732],[29.11861,36.650718],[29.118593,36.650744],[29.118568,36.650764],[29.118531,36.650772],[29.118491,36.650792],[29.118474,36.65084],[29.118451,36.650849],[29.118406,36.65086],[29.118392,36.650886],[29.118372,36.651058],[29.118392,36.651115],[29.118398,36.651152],[29.118365,36.651224],[29.118338,36.651261],[29.118322,36.651273],[29.118288,36.651292],[29.118262,36.651318],[29.118252,36.651351],[29.118253,36.651367],[29.118263,36.651396],[29.118265,36.651416],[29.118264,36.651426],[29.118242,36.651459],[29.118232,36.651476],[29.118225,36.651506],[29.118211,36.651527],[29.118143,36.651589],[29.118139,36.651599],[29.118141,36.651632],[29.118134,36.65165],[29.118109,36.651698],[29.118106,36.651714],[29.118115,36.651728],[29.118123,36.651744],[29.118121,36.651761],[29.118096,36.651811],[29.118019,36.651916],[29.118009,36.651921],[29.117993,36.651926],[29.117982,36.651929],[29.117957,36.651951],[29.11795,36.651953],[29.117915,36.651936],[29.117906,36.651937],[29.117906,36.651944],[29.117941,36.651962],[29.117945,36.65197],[29.117942,36.651983],[29.117944,36.651994],[29.117951,36.652001],[29.117953,36.652012],[29.117951,36.652026],[29.117957,36.652045],[29.117956,36.652056],[29.117953,36.652064],[29.117941,36.652077],[29.117898,36.652139],[29.117895,36.652153],[29.117896,36.652178],[29.117894,36.652191],[29.117882,36.652203],[29.11787,36.652218],[29.117868,36.652231],[29.117868,36.652261],[29.117866,36.652276],[29.117839,36.652333],[29.117819,36.652357],[29.117776,36.652446],[29.117756,36.652507],[29.117731,36.65256],[29.117722,36.65257],[29.117708,36.652582],[29.117659,36.652683],[29.117648,36.65272],[29.117641,36.652738],[29.117622,36.652777],[29.117608,36.65279],[29.117605,36.652801],[29.11755,36.652875],[29.117544,36.652889],[29.117543,36.652902],[29.117539,36.652915],[29.117516,36.65295],[29.117478,36.653009],[29.117471,36.653018],[29.117455,36.653031],[29.117453,36.653039],[29.117453,36.653053],[29.117453,36.653063],[29.117442,36.653084],[29.117428,36.653104],[29.117417,36.65313],[29.117406,36.653141],[29.117364,36.653195],[29.117355,36.653216],[29.117353,36.653238],[29.117329,36.65328],[29.117328,36.65329],[29.117335,36.653304],[29.117333,36.653315],[29.117326,36.653319],[29.117298,36.653332],[29.117118,36.653611],[29.117038,36.653735],[29.117013,36.653754],[29.116983,36.65376],[29.116979,36.653761],[29.116888,36.653772],[29.116834,36.653785],[29.116764,36.653812],[29.116655,36.653865],[29.116499,36.653921],[29.116442,36.653924],[29.116412,36.653928],[29.116354,36.653944],[29.116308,36.653964],[29.116258,36.653971],[29.116218,36.65396],[29.116134,36.653919],[29.116027,36.653874],[29.115887,36.653826],[29.115744,36.653779],[29.115701,36.653763],[29.115506,36.65372],[29.115529,36.653659],[29.115506,36.653647],[29.115493,36.653692],[29.115348,36.653661],[29.115323,36.653652],[29.115291,36.653636],[29.11479,36.653498],[29.113999,36.653199],[29.113873,36.65316],[29.113841,36.653169],[29.113827,36.653183],[29.113843,36.653205],[29.113922,36.653253],[29.11397,36.653273],[29.114038,36.653269],[29.114113,36.653301],[29.114197,36.653353],[29.114253,36.65335],[29.115122,36.653649],[29.115156,36.653675],[29.115178,36.653739],[29.115239,36.653803],[29.115329,36.653822],[29.115419,36.653826],[29.115547,36.653792],[29.115622,36.653803],[29.115758,36.653845],[29.116141,36.653969],[29.116352,36.654059],[29.116393,36.6541],[29.11642,36.654191],[29.116405,36.654247],[29.116356,36.654322],[29.116262,36.654379],[29.116164,36.654428],[29.115938,36.654432],[29.115874,36.654447],[29.115829,36.654465],[29.115769,36.654469],[29.115712,36.654484],[29.115633,36.654531],[29.115594,36.654553],[29.115585,36.654557],[29.115519,36.654573],[29.115437,36.654577],[29.115396,36.654574],[29.115371,36.654568],[29.115352,36.654565],[29.115325,36.654555],[29.115294,36.654538],[29.115263,36.654518],[29.115245,36.654509],[29.115227,36.654503],[29.115194,36.654488],[29.11512,36.654464],[29.115092,36.654464],[29.11499,36.654474],[29.114901,36.65447],[29.114885,36.654474],[29.114845,36.654494],[29.114816,36.65451],[29.114761,36.654536],[29.11475,36.654538],[29.114707,36.654541],[29.114675,36.654551],[29.114639,36.654566],[29.114592,36.654577],[29.114521,36.654581],[29.114501,36.654578],[29.114493,36.654574],[29.11449,36.65457],[29.114484,36.654562],[29.114479,36.654536],[29.114477,36.654498],[29.114465,36.654462],[29.114455,36.654445],[29.114443,36.654434],[29.114405,36.654409],[29.114379,36.65439],[29.114303,36.654283],[29.114264,36.654222],[29.114262,36.654216],[29.11426,36.654203],[29.114261,36.654188],[29.114264,36.654182],[29.114269,36.654176],[29.114284,36.654161],[29.114294,36.654155],[29.114304,36.654133],[29.114303,36.654124],[29.114299,36.654118],[29.114292,36.654112],[29.114248,36.654093],[29.11424,36.654084],[29.114234,36.654059],[29.114234,36.654041],[29.114232,36.654019],[29.11422,36.65398],[29.114218,36.653966],[29.114214,36.65395],[29.114211,36.653929],[29.114212,36.653913],[29.114216,36.653899],[29.11422,36.653891],[29.114228,36.65388],[29.114246,36.653863],[29.114255,36.653851],[29.114259,36.653842],[29.11426,36.653831],[29.11426,36.653817],[29.114255,36.653787],[29.114256,36.653773],[29.114252,36.653753],[29.114234,36.653724],[29.114216,36.653704],[29.114188,36.653685],[29.114136,36.653665],[29.114124,36.653658],[29.114115,36.653648],[29.114108,36.653636],[29.114102,36.653622],[29.114093,36.65359],[29.114089,36.653579],[29.11408,36.65357],[29.114054,36.653548],[29.114002,36.653487],[29.113983,36.653473],[29.113917,36.653455],[29.11384,36.653446],[29.113792,36.653434],[29.113765,36.65343],[29.113457,36.653029],[29.113453,36.653023],[29.113447,36.653018],[29.113435,36.653013],[29.113423,36.653013],[29.113268,36.653035],[29.113204,36.653023],[29.112949,36.652998],[29.11288,36.652982],[29.11279,36.652956],[29.112702,36.652922],[29.112626,36.652877],[29.112618,36.65287],[29.11261,36.652859],[29.112598,36.652848],[29.112576,36.652834],[29.112529,36.652817],[29.112483,36.652808],[29.112462,36.652807],[29.112332,36.652771],[29.112317,36.652769],[29.112188,36.652728],[29.112168,36.652723],[29.11214,36.652716],[29.112063,36.652696],[29.112014,36.652688],[29.111996,36.652687],[29.111979,36.652689],[29.111965,36.652695],[29.111957,36.652701],[29.111944,36.652717],[29.111939,36.652726],[29.111918,36.652774],[29.111915,36.652784],[29.111914,36.652792],[29.111915,36.652805],[29.111919,36.652827],[29.111938,36.652876],[29.111944,36.652886],[29.111951,36.652896],[29.111958,36.652903],[29.111978,36.652917],[29.111991,36.652924],[29.112067,36.652947],[29.112097,36.65295],[29.112119,36.652949],[29.112142,36.652936],[29.112159,36.65293],[29.11222,36.652916],[29.112232,36.652911],[29.112266,36.652915],[29.112415,36.652963],[29.112422,36.652966],[29.11243,36.652978],[29.112434,36.65299],[29.112442,36.653035],[29.112448,36.653052],[29.11245,36.653064],[29.112449,36.653078],[29.112413,36.653118],[29.112419,36.653134],[29.112409,36.653151],[29.11241,36.653155],[29.112415,36.653166],[29.112415,36.653174],[29.112411,36.653182],[29.112407,36.653187],[29.112401,36.653195],[29.112398,36.653201],[29.112396,36.653227],[29.112398,36.65324],[29.112406,36.653259],[29.112422,36.653275],[29.112443,36.653278],[29.112453,36.653265],[29.112461,36.653246],[29.112464,36.653229],[29.11247,36.653216],[29.112484,36.653204],[29.112498,36.653194],[29.112521,36.653181],[29.112527,36.653174],[29.112532,36.653167],[29.112533,36.653156],[29.112518,36.653083],[29.112517,36.653067],[29.112518,36.653053],[29.112518,36.653039],[29.112523,36.653025],[29.112531,36.653015],[29.112546,36.653011],[29.112558,36.653013],[29.112773,36.653083],[29.112956,36.653164],[29.112969,36.653172],[29.112979,36.65318],[29.112987,36.653189],[29.112993,36.653198],[29.113007,36.653231],[29.113012,36.653243],[29.113031,36.653275],[29.113048,36.653322],[29.113049,36.653327],[29.113048,36.653336],[29.113042,36.653345],[29.113027,36.653363],[29.113023,36.65337],[29.113022,36.653377],[29.113026,36.653392],[29.113027,36.653402],[29.113025,36.653412],[29.113012,36.653436],[29.113007,36.653447],[29.113003,36.653469],[29.113008,36.653492],[29.113011,36.653526],[29.113,36.653582],[29.112998,36.653589],[29.112993,36.6536],[29.112989,36.653611],[29.112961,36.653654],[29.112952,36.653664],[29.112944,36.65367],[29.112929,36.653673],[29.112909,36.653674],[29.112861,36.653683],[29.112851,36.653689],[29.112842,36.653696],[29.112818,36.653709],[29.112808,36.653716],[29.112766,36.653758],[29.112762,36.653767],[29.112763,36.65381],[29.11277,36.653843],[29.11277,36.653876],[29.112756,36.653938],[29.112762,36.653962],[29.11277,36.653969],[29.112788,36.653973],[29.112799,36.65398],[29.112802,36.653988],[29.1128,36.654019],[29.112796,36.654028],[29.112788,36.654036],[29.112775,36.654042],[29.112724,36.654051],[29.112705,36.654052],[29.112692,36.654055],[29.112679,36.654063],[29.112672,36.654073],[29.112668,36.654082],[29.112664,36.654112],[29.112652,36.654128],[29.112642,36.654137],[29.112627,36.654159],[29.112592,36.654214],[29.112586,36.654225],[29.11256,36.654274],[29.11256,36.654294],[29.112566,36.654307],[29.112579,36.654319],[29.112594,36.654325],[29.112607,36.654333],[29.112616,36.654344],[29.112623,36.654357],[29.112626,36.654369],[29.11262,36.654389],[29.112607,36.654421],[29.112603,36.654435],[29.112597,36.654449],[29.112589,36.654463],[29.112573,36.654492],[29.112531,36.654543],[29.112524,36.654552],[29.112513,36.654561],[29.112507,36.654563],[29.112494,36.654561],[29.112485,36.654556],[29.112474,36.654548],[29.112477,36.654534],[29.112489,36.654533],[29.112505,36.654532],[29.112513,36.654525],[29.112512,36.654515],[29.11252,36.654495],[29.11252,36.654485],[29.112525,36.654477],[29.112527,36.65447],[29.112516,36.654463],[29.112508,36.654467],[29.112498,36.654474],[29.112492,36.654478],[29.112477,36.654476],[29.112479,36.654469],[29.11249,36.654463],[29.112488,36.654453],[29.112481,36.654444],[29.112475,36.654433],[29.112476,36.654414],[29.112475,36.654406],[29.112469,36.654397],[29.112459,36.654388],[29.11243,36.654378],[29.112389,36.654372],[29.112377,36.654368],[29.112364,36.654363],[29.112364,36.654357],[29.112369,36.654354],[29.112378,36.654354],[29.112413,36.654363],[29.112434,36.654365],[29.112441,36.654365],[29.112449,36.654367],[29.112458,36.654372],[29.112467,36.654376],[29.112475,36.654377],[29.112484,36.654366],[29.112489,36.654353],[29.11249,36.654339],[29.112485,36.654329],[29.112479,36.654319],[29.112475,36.654307],[29.11247,36.654299],[29.112454,36.65429],[29.112451,36.654281],[29.112455,36.654264],[29.112454,36.654245],[29.112451,36.654233],[29.112445,36.654216],[29.112446,36.654191],[29.112435,36.654149],[29.112436,36.654136],[29.11244,36.654128],[29.112445,36.654102],[29.112445,36.654096],[29.112441,36.654084],[29.112432,36.654075],[29.112427,36.654063],[29.112429,36.654058],[29.112434,36.654051],[29.112426,36.654041],[29.112406,36.654036],[29.112405,36.65403],[29.112406,36.654024],[29.112418,36.654023],[29.112425,36.654025],[29.112433,36.654025],[29.112435,36.654019],[29.112435,36.654007],[29.112443,36.653969],[29.112446,36.65396],[29.112452,36.65395],[29.112455,36.653939],[29.112457,36.65393],[29.112456,36.653906],[29.112451,36.653898],[29.112448,36.653889],[29.112449,36.653882],[29.112473,36.653846],[29.11246,36.653836],[29.112432,36.653845],[29.112425,36.653835],[29.11243,36.653822],[29.112431,36.65381],[29.11245,36.653795],[29.112457,36.653779],[29.112459,36.653768],[29.112464,36.653753],[29.112452,36.653746],[29.112439,36.653749],[29.112421,36.653758],[29.112412,36.653748],[29.112416,36.653739],[29.112436,36.653716],[29.112444,36.653705],[29.112452,36.653673],[29.112457,36.653634],[29.112464,36.653625],[29.112478,36.653601],[29.112477,36.653592],[29.112467,36.653583],[29.112431,36.65357],[29.112419,36.653553],[29.112409,36.653553],[29.112377,36.653555],[29.112372,36.653559],[29.112371,36.653569],[29.112367,36.65358],[29.112358,36.653604],[29.112353,36.653624],[29.112352,36.653639],[29.112346,36.653663],[29.112332,36.653692],[29.112319,36.653711],[29.112308,36.653713],[29.112306,36.653705],[29.112312,36.653691],[29.112319,36.653678],[29.112322,36.653665],[29.112323,36.653645],[29.112325,36.653632],[29.112344,36.653557],[29.112366,36.653535],[29.11238,36.65353],[29.112415,36.653522],[29.112427,36.653518],[29.112435,36.653512],[29.11244,36.6535],[29.112441,36.653489],[29.112424,36.653487],[29.112417,36.653496],[29.112407,36.653497],[29.112408,36.65348],[29.112412,36.653466],[29.112413,36.653449],[29.112396,36.653452],[29.112394,36.653464],[29.112388,36.653484],[29.112384,36.653493],[29.112377,36.653505],[29.112367,36.653503],[29.112374,36.653434],[29.112371,36.65342],[29.112359,36.653411],[29.112345,36.653408],[29.112334,36.653408],[29.1123,36.653416],[29.112277,36.653431],[29.112266,36.65343],[29.112256,36.653422],[29.112259,36.653413],[29.112268,36.653404],[29.112277,36.653399],[29.11229,36.653385],[29.112288,36.653378],[29.112277,36.653375],[29.112253,36.653379],[29.112238,36.653391],[29.112207,36.6534],[29.112191,36.65341],[29.112178,36.653412],[29.112142,36.653452],[29.112132,36.653467],[29.112134,36.653476],[29.112137,36.653486],[29.112126,36.653485],[29.112115,36.65349],[29.112114,36.653498],[29.11211,36.653515],[29.112088,36.653541],[29.112063,36.653559],[29.112062,36.653566],[29.112073,36.653571],[29.112096,36.653572],[29.1121,36.653575],[29.112094,36.65358],[29.112063,36.653584],[29.112053,36.653591],[29.11205,36.653609],[29.112025,36.653666],[29.112014,36.653723],[29.112015,36.653735],[29.112019,36.653739],[29.112025,36.653741],[29.11203,36.653749],[29.112024,36.653751],[29.112016,36.653752],[29.111996,36.653748],[29.111991,36.653754],[29.111976,36.653793],[29.111971,36.65382],[29.111962,36.653833],[29.111961,36.653842],[29.111956,36.653862],[29.111953,36.653883],[29.111953,36.653949],[29.111974,36.65399],[29.111977,36.654044],[29.111974,36.65409],[29.111988,36.654156],[29.112009,36.65426],[29.112019,36.65434],[29.112016,36.654367],[29.112015,36.654372],[29.112009,36.654395],[29.112029,36.654412],[29.112052,36.654414],[29.112055,36.65443],[29.112037,36.654453],[29.112031,36.654471],[29.112026,36.654491],[29.112016,36.654517],[29.11201,36.654542],[29.111998,36.654598],[29.111983,36.654642],[29.111981,36.65466],[29.111979,36.654678],[29.111981,36.654694],[29.111988,36.654712],[29.112001,36.654733],[29.112004,36.654745],[29.112005,36.654802],[29.112008,36.654823],[29.112005,36.654916],[29.112,36.654957],[29.111995,36.654975],[29.11199,36.654993],[29.111984,36.655019],[29.111978,36.655065],[29.111974,36.655081],[29.11197,36.655107],[29.111964,36.65513],[29.11195,36.655147],[29.111933,36.65516],[29.111927,36.655173],[29.11193,36.655189],[29.111935,36.655205],[29.111938,36.655226],[29.111942,36.655242],[29.111938,36.655279],[29.111928,36.655286],[29.111915,36.655287],[29.111898,36.655285],[29.111891,36.655276],[29.111887,36.655253],[29.111887,36.655232],[29.111882,36.655175],[29.111883,36.655151],[29.111893,36.65511],[29.111904,36.655061],[29.111923,36.655019],[29.111928,36.654995],[29.111938,36.654956],[29.111941,36.654927],[29.111936,36.654863],[29.111944,36.654847],[29.11194,36.654819],[29.111931,36.654835],[29.111914,36.654853],[29.111909,36.654862],[29.111895,36.654864],[29.11189,36.654848],[29.111888,36.654829],[29.111905,36.654705],[29.1119,36.654658],[29.111899,36.654611],[29.111903,36.654588],[29.111924,36.654557],[29.11194,36.654536],[29.111944,36.654523],[29.111949,36.654497],[29.111956,36.654488],[29.111977,36.654479],[29.111983,36.654473],[29.111988,36.654459],[29.111989,36.654444],[29.111985,36.654374],[29.111976,36.654327],[29.111958,36.654179],[29.11194,36.654051],[29.111938,36.654001],[29.111923,36.653973],[29.11191,36.653917],[29.111926,36.653849],[29.111912,36.653831],[29.111892,36.653833],[29.111879,36.653847],[29.111868,36.653892],[29.111855,36.653948],[29.111835,36.654027],[29.111818,36.654121],[29.11181,36.654131],[29.111793,36.654126],[29.111798,36.654065],[29.111813,36.654004],[29.111833,36.653926],[29.111839,36.653868],[29.111845,36.653843],[29.111876,36.653803],[29.111882,36.653765],[29.111946,36.653582],[29.111952,36.653546],[29.111938,36.653541],[29.11193,36.653557],[29.111914,36.653578],[29.111899,36.653601],[29.11187,36.653702],[29.111843,36.653765],[29.111814,36.653787],[29.111765,36.653853],[29.111766,36.653887],[29.111757,36.653995],[29.111756,36.654066],[29.11175,36.654122],[29.111748,36.65414],[29.111749,36.654158],[29.111755,36.654194],[29.111752,36.654224],[29.111746,36.654241],[29.111737,36.654251],[29.111715,36.654253],[29.111708,36.654232],[29.111713,36.654215],[29.111717,36.654203],[29.111719,36.654191],[29.111716,36.654172],[29.111712,36.654154],[29.111707,36.654135],[29.111707,36.65412],[29.111709,36.654105],[29.111713,36.654092],[29.111717,36.654053],[29.11172,36.654036],[29.111714,36.654001],[29.111727,36.653905],[29.111732,36.65386],[29.111731,36.653833],[29.111725,36.65381],[29.111705,36.653758],[29.111702,36.653743],[29.111698,36.653726],[29.111694,36.653697],[29.111694,36.653687],[29.111693,36.653676],[29.11169,36.653663],[29.111683,36.65365],[29.111664,36.653632],[29.111661,36.65362],[29.111661,36.653609],[29.111648,36.653564],[29.11164,36.653557],[29.111628,36.653557],[29.111628,36.653567],[29.111629,36.653575],[29.111628,36.653581],[29.111619,36.653584],[29.111606,36.653573],[29.111603,36.653581],[29.111603,36.65359],[29.111597,36.653602],[29.111581,36.653614],[29.111578,36.65362],[29.11158,36.653628],[29.111589,36.653636],[29.111594,36.653648],[29.111588,36.653666],[29.111581,36.653675],[29.11157,36.653675],[29.111553,36.653669],[29.111539,36.653661],[29.111525,36.653672],[29.111505,36.653677],[29.111507,36.653694],[29.111518,36.653719],[29.111519,36.65373],[29.111509,36.653745],[29.111504,36.653751],[29.111484,36.65376],[29.111468,36.653763],[29.111462,36.653753],[29.111459,36.653737],[29.111462,36.653725],[29.11147,36.653706],[29.111461,36.653706],[29.111451,36.653712],[29.111445,36.653717],[29.111434,36.653729],[29.11143,36.653735],[29.111426,36.653742],[29.111424,36.653749],[29.111418,36.653761],[29.111403,36.653764],[29.111402,36.65377],[29.111406,36.653776],[29.111404,36.653788],[29.111394,36.65379],[29.111388,36.653795],[29.111386,36.6538],[29.111374,36.653806],[29.111369,36.653797],[29.111359,36.653794],[29.111353,36.6538],[29.111353,36.653806],[29.111354,36.653813],[29.111357,36.65382],[29.111358,36.653825],[29.111354,36.65383],[29.111353,36.653835],[29.111353,36.653847],[29.111351,36.653864],[29.111342,36.653871],[29.111338,36.653876],[29.111337,36.653887],[29.111335,36.653891],[29.111323,36.653895],[29.111317,36.653903],[29.111306,36.653908],[29.111298,36.653913],[29.111294,36.653919],[29.111291,36.653925],[29.111288,36.653931],[29.111285,36.653939],[29.111266,36.653935],[29.111264,36.653927],[29.111265,36.653921],[29.111266,36.653913],[29.11127,36.653903],[29.111285,36.653892],[29.111289,36.653887],[29.111296,36.653872],[29.111305,36.653863],[29.11131,36.653856],[29.111315,36.653847],[29.111313,36.653837],[29.111302,36.653834],[29.111299,36.653842],[29.111288,36.653865],[29.111283,36.653874],[29.111266,36.653888],[29.111246,36.65389],[29.111239,36.653883],[29.111241,36.653871],[29.111246,36.653863],[29.111254,36.653858],[29.111258,36.653853],[29.111263,36.653849],[29.11127,36.653838],[29.111274,36.653833],[29.111274,36.653821],[29.111266,36.653821],[29.111257,36.653827],[29.111251,36.653829],[29.111246,36.653816],[29.111255,36.653807],[29.111259,36.653798],[29.111258,36.65379],[29.111258,36.653772],[29.11126,36.653763],[29.111265,36.653743],[29.111265,36.653728],[29.11126,36.653729],[29.111251,36.653737],[29.111245,36.653742],[29.111238,36.653742],[29.111232,36.653737],[29.111226,36.653735],[29.111216,36.653735],[29.111203,36.653734],[29.111202,36.653724],[29.111207,36.653712],[29.111205,36.653674],[29.111207,36.653661],[29.111226,36.653625],[29.111241,36.653609],[29.111242,36.653599],[29.111241,36.653591],[29.111238,36.653583],[29.111233,36.653577],[29.11122,36.653567],[29.111198,36.653556],[29.111187,36.653551],[29.111166,36.653548],[29.111139,36.653546],[29.111118,36.653542],[29.11112,36.653534],[29.111135,36.653532],[29.111175,36.653533],[29.11119,36.653535],[29.111228,36.653536],[29.111239,36.653534],[29.111251,36.653528],[29.111256,36.653518],[29.111259,36.65351],[29.111261,36.6535],[29.111259,36.653482],[29.111254,36.653474],[29.111251,36.653464],[29.111252,36.65345],[29.111251,36.653441],[29.111254,36.653431],[29.111264,36.653408],[29.11128,36.653385],[29.11129,36.653374],[29.111333,36.653316],[29.111342,36.653289],[29.111342,36.653282],[29.111338,36.653277],[29.111329,36.653277],[29.111307,36.653283],[29.111288,36.653286],[29.111255,36.653302],[29.111248,36.653307],[29.111232,36.653321],[29.111227,36.653328],[29.111223,36.653342],[29.11116,36.653377],[29.111114,36.653425],[29.111095,36.653452],[29.111021,36.653602],[29.110999,36.653693],[29.110982,36.653858],[29.110996,36.653859],[29.111001,36.653866],[29.111,36.653871],[29.110998,36.653875],[29.11099,36.653881],[29.110984,36.653881],[29.110982,36.65389],[29.110985,36.653901],[29.110982,36.653937],[29.110982,36.653948],[29.110985,36.653968],[29.110985,36.654001],[29.110982,36.654016],[29.110975,36.654038],[29.110972,36.65405],[29.110974,36.654057],[29.110981,36.654096],[29.110975,36.654111],[29.110973,36.654118],[29.110974,36.654124],[29.110978,36.65413],[29.110982,36.654139],[29.110985,36.654152],[29.110992,36.654199],[29.11099,36.654241],[29.110983,36.654269],[29.110981,36.654298],[29.110978,36.654335],[29.110974,36.654351],[29.110974,36.654367],[29.110982,36.65439],[29.110986,36.654424],[29.110987,36.654455],[29.111011,36.654522],[29.111018,36.654562],[29.111048,36.654644],[29.111056,36.654661],[29.111065,36.654675],[29.111066,36.654686],[29.111054,36.654686],[29.111047,36.654679],[29.111037,36.654677],[29.11104,36.654684],[29.11106,36.654726],[29.111071,36.654734],[29.111072,36.654739],[29.111077,36.654749],[29.111095,36.654761],[29.111134,36.654806],[29.111137,36.654812],[29.111137,36.654824],[29.111139,36.654833],[29.111146,36.654839],[29.111156,36.654849],[29.11116,36.654858],[29.11116,36.654867],[29.111165,36.654878],[29.111178,36.654881],[29.11118,36.654887],[29.111181,36.654894],[29.111175,36.654902],[29.111176,36.654908],[29.111183,36.654915],[29.111206,36.654948],[29.111234,36.654998],[29.11126,36.655017],[29.111281,36.65503],[29.111293,36.65505],[29.111317,36.655077],[29.111324,36.655084],[29.111328,36.655091],[29.111329,36.655098],[29.111336,36.655102],[29.111342,36.655108],[29.111341,36.655116],[29.111346,36.655128],[29.111377,36.65516],[29.111396,36.655187],[29.111405,36.655208],[29.111417,36.655243],[29.111421,36.655282],[29.111442,36.655321],[29.111449,36.655342],[29.111449,36.655353],[29.111448,36.655362],[29.111446,36.655368],[29.111442,36.655375],[29.111441,36.655381],[29.111442,36.655391],[29.111445,36.655405],[29.111452,36.655415],[29.111457,36.655419],[29.111467,36.655432],[29.11147,36.655438],[29.111475,36.655446],[29.111487,36.655468],[29.111502,36.655512],[29.111503,36.655521],[29.111503,36.655533],[29.1115,36.655552],[29.111499,36.655557],[29.111494,36.655569],[29.11149,36.655577],[29.111481,36.655593],[29.111476,36.6556],[29.111472,36.655606],[29.111468,36.655615],[29.111462,36.65572],[29.111455,36.655741],[29.111452,36.65577],[29.111448,36.655785],[29.111447,36.655794],[29.111448,36.655809],[29.111453,36.655823],[29.111457,36.655827],[29.111463,36.655833],[29.111488,36.655846],[29.111495,36.655854],[29.111498,36.65586],[29.111502,36.655869],[29.111504,36.655873],[29.111506,36.655883],[29.111507,36.655893],[29.111505,36.655911],[29.111505,36.655917],[29.111506,36.655923],[29.111512,36.655932],[29.111523,36.655957],[29.111523,36.655967],[29.111526,36.655981],[29.111538,36.655998],[29.111585,36.656023],[29.111591,36.656018],[29.111603,36.656013],[29.111614,36.656023],[29.111605,36.656031],[29.111603,36.656038],[29.11161,36.656041],[29.111615,36.656039],[29.111627,36.656031],[29.111644,36.65603],[29.111653,36.656029],[29.111663,36.656021],[29.111713,36.655997],[29.111737,36.655991],[29.111776,36.655974],[29.111803,36.655973],[29.111816,36.655979],[29.111826,36.655987],[29.111828,36.655992],[29.111827,36.656],[29.111823,36.656012],[29.111817,36.656019],[29.111804,36.656029],[29.111783,36.656041],[29.111766,36.656046],[29.11176,36.656042],[29.111749,36.656045],[29.111729,36.656056],[29.111724,36.656061],[29.111722,36.656072],[29.111711,36.65608],[29.111693,36.656088],[29.111686,36.656093],[29.11167,36.656107],[29.11166,36.656118],[29.111654,36.656126],[29.111651,36.656141],[29.111653,36.656147],[29.111658,36.656154],[29.111665,36.65617],[29.111665,36.656175],[29.111664,36.656181],[29.111663,36.656186],[29.111651,36.656213],[29.111641,36.656272],[29.111641,36.656285],[29.111639,36.656306],[29.111639,36.656313],[29.111642,36.656327],[29.111643,36.656346],[29.111638,36.656359],[29.111634,36.656362],[29.111629,36.656367],[29.111628,36.656372],[29.11163,36.656385],[29.111621,36.6564],[29.111613,36.656419],[29.111607,36.65645],[29.111609,36.656474],[29.111611,36.656524],[29.111602,36.656528],[29.11159,36.656532],[29.111576,36.656538],[29.111569,36.656546],[29.111567,36.656552],[29.111568,36.65656],[29.111572,36.656574],[29.111576,36.656581],[29.11158,36.656596],[29.11156,36.656598],[29.111549,36.656603],[29.111534,36.656613],[29.111504,36.656624],[29.111497,36.656632],[29.111493,36.656642],[29.111478,36.656673],[29.111481,36.656689],[29.111485,36.656697],[29.11149,36.656708],[29.111488,36.656723],[29.11148,36.656735],[29.11147,36.656734],[29.111466,36.656723],[29.111466,36.656712],[29.111459,36.656702],[29.111456,36.656673],[29.111456,36.656655],[29.111467,36.65664],[29.11147,36.656634],[29.111467,36.656625],[29.111464,36.656616],[29.111459,36.656599],[29.111463,36.65658],[29.111472,36.656563],[29.111476,36.656548],[29.111477,36.656493],[29.111482,36.656483],[29.11149,36.656459],[29.11149,36.656447],[29.111485,36.656426],[29.111481,36.656415],[29.111476,36.656402],[29.111471,36.656395],[29.111474,36.656389],[29.111478,36.656381],[29.111481,36.656368],[29.111471,36.656355],[29.111468,36.656347],[29.111466,36.656334],[29.111461,36.656313],[29.11146,36.656303],[29.111452,36.656298],[29.111457,36.656288],[29.111463,36.656286],[29.111484,36.656277],[29.111503,36.656261],[29.111505,36.656249],[29.111505,36.656208],[29.111511,36.656181],[29.111514,36.656171],[29.111521,36.656099],[29.111523,36.656093],[29.111526,36.656089],[29.111551,36.656062],[29.111554,36.656052],[29.111547,36.65604],[29.11154,36.656032],[29.111525,36.656026],[29.111512,36.656023],[29.111507,36.656012],[29.111493,36.655997],[29.11149,36.655982],[29.111491,36.655974],[29.11149,36.655962],[29.111486,36.655949],[29.111475,36.655927],[29.111472,36.655914],[29.111473,36.655892],[29.111474,36.65588],[29.111469,36.655871],[29.111449,36.655855],[29.111417,36.655836],[29.111409,36.655824],[29.111412,36.655815],[29.111412,36.655808],[29.111418,36.65578],[29.111417,36.655762],[29.111412,36.655758],[29.111408,36.655748],[29.111416,36.655744],[29.111422,36.655736],[29.111423,36.655728],[29.111423,36.655717],[29.111421,36.655706],[29.111417,36.655698],[29.11141,36.65569],[29.111401,36.655695],[29.111395,36.655698],[29.111388,36.655698],[29.111382,36.655697],[29.111376,36.655694],[29.111353,36.655671],[29.111336,36.655657],[29.111328,36.655653],[29.111319,36.655648],[29.111327,36.655646],[29.111333,36.655646],[29.111342,36.655646],[29.111348,36.655645],[29.111359,36.65564],[29.111368,36.655637],[29.111377,36.655638],[29.111391,36.655641],[29.111406,36.655638],[29.111416,36.655635],[29.111422,36.655631],[29.111421,36.655621],[29.11142,36.655615],[29.111415,36.655603],[29.11139,36.655573],[29.111386,36.655542],[29.111385,36.655533],[29.111383,36.655439],[29.111372,36.655383],[29.111369,36.655375],[29.111368,36.655367],[29.111363,36.655359],[29.111341,36.655347],[29.111337,36.655343],[29.111333,36.655334],[29.111332,36.655323],[29.111339,36.65532],[29.111347,36.655322],[29.111356,36.655332],[29.111364,36.655336],[29.11137,36.655334],[29.111374,36.655324],[29.111374,36.655318],[29.111372,36.655308],[29.111367,36.655293],[29.111364,36.655287],[29.111358,36.655279],[29.111351,36.655274],[29.111345,36.655279],[29.111342,36.655287],[29.111341,36.655294],[29.111337,36.655303],[29.111329,36.655313],[29.11132,36.655311],[29.111314,36.655301],[29.111314,36.655291],[29.111318,36.655284],[29.11132,36.655277],[29.111318,36.655258],[29.111318,36.65524],[29.111315,36.655217],[29.111311,36.655208],[29.111307,36.6552],[29.111304,36.655193],[29.111299,36.655186],[29.111289,36.65517],[29.111284,36.655164],[29.111279,36.65516],[29.11127,36.655159],[29.111261,36.655162],[29.111255,36.65516],[29.111254,36.655155],[29.111255,36.655148],[29.111254,36.655144],[29.111252,36.655139],[29.111247,36.655133],[29.111239,36.655127],[29.111229,36.655126],[29.111218,36.655121],[29.111211,36.655114],[29.111202,36.655107],[29.111189,36.655101],[29.11117,36.655104],[29.111154,36.655109],[29.11115,36.655115],[29.111151,36.655125],[29.111157,36.655144],[29.111161,36.655167],[29.111157,36.655179],[29.111156,36.655188],[29.111168,36.655233],[29.11118,36.655249],[29.111172,36.655252],[29.111151,36.655256],[29.111145,36.655261],[29.111144,36.655271],[29.111166,36.655327],[29.111163,36.655335],[29.111157,36.655336],[29.111153,36.65534],[29.111153,36.655424],[29.111156,36.655432],[29.111162,36.655441],[29.111155,36.655446],[29.111144,36.655448],[29.111129,36.655446],[29.111135,36.655425],[29.111136,36.655409],[29.111129,36.65539],[29.111123,36.655351],[29.111113,36.65523],[29.111111,36.65519],[29.111099,36.655164],[29.11109,36.655133],[29.111088,36.655122],[29.111081,36.655089],[29.111082,36.655077],[29.11108,36.655062],[29.111076,36.65505],[29.111065,36.655035],[29.111052,36.655002],[29.11103,36.654954],[29.111017,36.65493],[29.111013,36.654919],[29.110928,36.654767],[29.110919,36.65474],[29.110923,36.65472],[29.110923,36.654692],[29.110922,36.654685],[29.110919,36.654678],[29.110917,36.65467],[29.110912,36.654646],[29.110906,36.654636],[29.110889,36.654589],[29.110887,36.654574],[29.110882,36.654563],[29.110866,36.654547],[29.110863,36.654538],[29.110868,36.654533],[29.110869,36.654526],[29.11087,36.654518],[29.110873,36.654513],[29.110875,36.654506],[29.110874,36.654498],[29.11087,36.654486],[29.110856,36.654459],[29.110852,36.654448],[29.110856,36.65443],[29.110855,36.654419],[29.110852,36.654409],[29.11085,36.654402],[29.110841,36.654373],[29.110841,36.654369],[29.110841,36.654361],[29.110842,36.654357],[29.110846,36.654351],[29.110843,36.6543],[29.110844,36.654277],[29.110845,36.654272],[29.110845,36.654266],[29.110842,36.654252],[29.110838,36.654239],[29.110825,36.654224],[29.110826,36.654218],[29.110839,36.654212],[29.11084,36.654205],[29.110832,36.654191],[29.110828,36.654168],[29.110825,36.65416],[29.110817,36.65415],[29.110811,36.654139],[29.110809,36.65413],[29.110806,36.654123],[29.110803,36.654118],[29.110798,36.654115],[29.110793,36.654114],[29.110785,36.654115],[29.110768,36.654118],[29.110756,36.654117],[29.110749,36.654115],[29.110742,36.65411],[29.110737,36.654105],[29.1107,36.654057],[29.110698,36.654047],[29.110701,36.65404],[29.110734,36.654001],[29.110739,36.653994],[29.110741,36.65398],[29.110741,36.653966],[29.110737,36.653958],[29.110733,36.653952],[29.110721,36.653938],[29.110695,36.653908],[29.110691,36.653905],[29.110686,36.653899],[29.110683,36.653893],[29.110683,36.653887],[29.110689,36.65388],[29.110684,36.65387],[29.110666,36.653842],[29.110643,36.653784],[29.110631,36.653739],[29.110627,36.653731],[29.110619,36.65372],[29.110616,36.653702],[29.110616,36.653692],[29.110615,36.653682],[29.110603,36.653667],[29.110585,36.65366],[29.110576,36.653659],[29.110567,36.653659],[29.11056,36.653657],[29.110557,36.653651],[29.110561,36.653646],[29.110567,36.653644],[29.110583,36.653644],[29.110591,36.653646],[29.110597,36.653649],[29.110608,36.65365],[29.11061,36.653645],[29.110613,36.653638],[29.110617,36.653633],[29.110628,36.653633],[29.110631,36.653637],[29.110636,36.653641],[29.110682,36.653652],[29.110698,36.653662],[29.110716,36.653669],[29.110735,36.653666],[29.110742,36.65366],[29.110744,36.653647],[29.110739,36.653643],[29.110729,36.653642],[29.11072,36.653639],[29.110714,36.653636],[29.110711,36.653631],[29.11071,36.653624],[29.11071,36.653619],[29.110713,36.653613],[29.110756,36.653601],[29.110765,36.653594],[29.110766,36.65359],[29.110766,36.653584],[29.110763,36.653574],[29.110755,36.65357],[29.110747,36.653571],[29.110736,36.653556],[29.110729,36.653557],[29.110728,36.653563],[29.110721,36.653568],[29.110716,36.653565],[29.110711,36.65356],[29.110699,36.653556],[29.110693,36.653557],[29.110686,36.653561],[29.110688,36.653579],[29.110678,36.653587],[29.11068,36.653593],[29.11068,36.653603],[29.110678,36.653608],[29.110672,36.653611],[29.110665,36.653613],[29.110658,36.653613],[29.110651,36.653611],[29.110646,36.653607],[29.110645,36.653599],[29.110653,36.653592],[29.110666,36.65356],[29.110662,36.653555],[29.110649,36.653555],[29.11063,36.653559],[29.110618,36.653559],[29.11061,36.653552],[29.110602,36.653541],[29.110593,36.653535],[29.11058,36.653536],[29.11057,36.653541],[29.110558,36.653554],[29.110547,36.653553],[29.110536,36.653541],[29.11053,36.653528],[29.110523,36.653507],[29.110522,36.653476],[29.110517,36.653468],[29.110483,36.653462],[29.110476,36.653457],[29.110475,36.653446],[29.110476,36.653435],[29.11047,36.653427],[29.110463,36.653414],[29.11045,36.653357],[29.110441,36.653344],[29.110431,36.653322],[29.110429,36.653239],[29.110427,36.653227],[29.110423,36.653218],[29.110416,36.653209],[29.11042,36.653204],[29.110426,36.653197],[29.110422,36.653167],[29.110416,36.653154],[29.110415,36.653144],[29.110421,36.65314],[29.110424,36.653097],[29.110422,36.653092],[29.110416,36.653088],[29.110409,36.653087],[29.110398,36.653087],[29.11039,36.653084],[29.110387,36.653078],[29.110387,36.653073],[29.110391,36.653068],[29.110398,36.653065],[29.110422,36.653066],[29.110427,36.653062],[29.110424,36.653034],[29.110408,36.653025],[29.110397,36.653017],[29.110399,36.65301],[29.110411,36.653009],[29.11042,36.653005],[29.110425,36.652999],[29.110431,36.65299],[29.110441,36.652985],[29.110464,36.652984],[29.110473,36.652981],[29.110487,36.652977],[29.110497,36.652977],[29.110498,36.65297],[29.110491,36.652965],[29.11049,36.652955],[29.110495,36.652949],[29.110504,36.652952],[29.110516,36.652966],[29.110523,36.652969],[29.110529,36.652966],[29.110541,36.652957],[29.110555,36.652953],[29.110577,36.652958],[29.110581,36.652954],[29.110591,36.652946],[29.110581,36.652937],[29.11057,36.652941],[29.110546,36.652943],[29.110544,36.652936],[29.110571,36.652925],[29.110579,36.652919],[29.110582,36.65291],[29.110588,36.652908],[29.110597,36.652911],[29.110605,36.652919],[29.110616,36.652922],[29.110636,36.652922],[29.110651,36.652912],[29.110667,36.652894],[29.110687,36.65288],[29.11071,36.65287],[29.110917,36.652816],[29.110935,36.652816],[29.110953,36.652821],[29.110969,36.652821],[29.110973,36.652815],[29.111005,36.652813],[29.111035,36.652815],[29.111085,36.652816],[29.111108,36.652812],[29.111135,36.652815],[29.111235,36.652842],[29.111292,36.652875],[29.111294,36.652896],[29.111286,36.652914],[29.111271,36.652931],[29.11125,36.652944],[29.111243,36.65296],[29.111231,36.65298],[29.111225,36.653006],[29.111225,36.653028],[29.111228,36.653045],[29.111239,36.653058],[29.111257,36.653077],[29.11127,36.653085],[29.111277,36.653083],[29.111407,36.653088],[29.111455,36.653075],[29.11147,36.653068],[29.111471,36.653062],[29.111478,36.653059],[29.111509,36.653036],[29.111507,36.653027],[29.111522,36.653012],[29.111563,36.652985],[29.111571,36.652975],[29.111576,36.652964],[29.111573,36.652939],[29.111573,36.652917],[29.111581,36.652908],[29.111596,36.6529],[29.111609,36.652896],[29.111624,36.652896],[29.111633,36.652902],[29.111675,36.652955],[29.111702,36.652978],[29.111728,36.653001],[29.111741,36.653011],[29.111773,36.653007],[29.111785,36.653004],[29.1118,36.652995],[29.111813,36.652984],[29.111819,36.652968],[29.111814,36.652949],[29.111793,36.652923],[29.111759,36.652898],[29.111718,36.652878],[29.111676,36.652829],[29.111649,36.652811],[29.111618,36.652801],[29.111496,36.652777],[29.111386,36.652722],[29.111337,36.652706],[29.11123,36.652683],[29.111123,36.652681],[29.110994,36.652702],[29.110959,36.652704],[29.110935,36.65271],[29.11089,36.652725],[29.110692,36.652753],[29.110652,36.65275],[29.11061,36.652738],[29.110543,36.652714],[29.11048,36.652695],[29.110334,36.652619],[29.110177,36.652641],[29.110152,36.652626],[29.11002,36.652498],[29.109998,36.652513],[29.109988,36.65268],[29.109983,36.652728],[29.109979,36.652774],[29.109987,36.652877],[29.109974,36.652895],[29.109976,36.652919],[29.10999,36.65297],[29.11004,36.653149],[29.110126,36.653429],[29.110232,36.653813],[29.110294,36.654019],[29.110392,36.654423],[29.110419,36.654653],[29.110442,36.65508],[29.110414,36.655838],[29.110389,36.65612],[29.110367,36.656353],[29.110329,36.656611],[29.11027,36.656939],[29.110161,36.657448],[29.110135,36.657543],[29.110017,36.65792],[29.109974,36.658086],[29.109946,36.658171],[29.109895,36.658336],[29.109863,36.65842],[29.109806,36.658566],[29.109771,36.658663],[29.109726,36.658788],[29.109696,36.658877],[29.109657,36.658977],[29.109638,36.659027],[29.109596,36.65916],[29.109561,36.659258],[29.109515,36.65938],[29.109424,36.659599],[29.109394,36.65968],[29.109313,36.65988],[29.109278,36.65996],[29.109231,36.660065],[29.109179,36.660198],[29.109094,36.660365],[29.109013,36.660535],[29.108988,36.660582],[29.108964,36.660629],[29.108885,36.660769],[29.108843,36.660855],[29.108773,36.660988],[29.108668,36.661164],[29.108596,36.661298],[29.108516,36.66144],[29.10848,36.661503],[29.108435,36.661583],[29.108406,36.661651],[29.108377,36.661715],[29.10827,36.661915],[29.10821,36.662036],[29.108161,36.662138],[29.108075,36.662286],[29.10798,36.662451],[29.107893,36.662609],[29.107778,36.662839],[29.107649,36.663115],[29.107575,36.66326],[29.107519,36.663369],[29.107436,36.663514],[29.107394,36.663597],[29.107316,36.663717],[29.107242,36.663826],[29.107191,36.663904],[29.107094,36.66405],[29.106979,36.664232],[29.106901,36.664357],[29.106818,36.664474],[29.106726,36.664613],[29.106604,36.664798],[29.106537,36.664911],[29.106485,36.665008],[29.106399,36.665136],[29.10631,36.66527],[29.106209,36.665416],[29.106005,36.665719],[29.105914,36.665854],[29.105766,36.66609],[29.105725,36.666154],[29.105324,36.666786],[29.105245,36.666914],[29.105184,36.66701],[29.105128,36.667093],[29.104897,36.667477],[29.104808,36.667629],[29.104695,36.667796],[29.104499,36.66808],[29.10441,36.668214],[29.104272,36.668436],[29.104225,36.668512],[29.104111,36.66871],[29.104047,36.668827],[29.103866,36.669119],[29.103811,36.669201],[29.103687,36.669381],[29.103588,36.669534],[29.103442,36.669738],[29.103339,36.669884],[29.103248,36.670008],[29.103155,36.670134],[29.103129,36.670173],[29.102842,36.670494],[29.102822,36.670516],[29.102633,36.670681],[29.102609,36.670703],[29.102404,36.670897],[29.102391,36.670905],[29.102382,36.670917],[29.102368,36.670923],[29.102357,36.670928],[29.102342,36.670939],[29.102289,36.670996],[29.101905,36.671357],[29.10181,36.671474],[29.101784,36.671504],[29.101598,36.671711],[29.101121,36.672195],[29.101079,36.672244],[29.100398,36.672879],[29.100383,36.672894],[29.10013,36.673126],[29.100106,36.673146],[29.10005,36.673197],[29.09971,36.673477],[29.099646,36.673519],[29.099433,36.673687],[29.099281,36.673808],[29.098638,36.674308],[29.097863,36.674919],[29.097391,36.675291],[29.096839,36.675779],[29.096501,36.676038],[29.096137,36.676312],[29.095833,36.676523],[29.095319,36.676834],[29.094447,36.677397],[29.093701,36.677926],[29.093265,36.678205],[29.093049,36.678266],[29.091053,36.679115],[29.089877,36.67942],[29.089783,36.679454],[29.089129,36.679697],[29.088646,36.679726],[29.088469,36.679699],[29.088051,36.679635],[29.087803,36.679477],[29.087768,36.679212],[29.087603,36.679053],[29.087443,36.679056],[29.086972,36.679142],[29.086334,36.67916],[29.085761,36.679143],[29.085193,36.679031],[29.084705,36.678918],[29.084301,36.678905],[29.084108,36.678786],[29.084049,36.678623],[29.084016,36.67842],[29.08393,36.678198],[29.083901,36.678138],[29.083792,36.678039],[29.083573,36.677921],[29.083488,36.67776],[29.083193,36.677745],[29.082581,36.677999],[29.080349,36.679075],[29.076733,36.680745],[29.074279,36.681621],[29.073828,36.681754],[29.073691,36.681794],[29.072913,36.68191],[29.072029,36.681899],[29.071269,36.681857],[29.069666,36.681336],[29.06909,36.681055],[29.067691,36.680373],[29.066849,36.680063],[29.066443,36.679968],[29.065849,36.679917],[29.065168,36.679923],[29.06408,36.680042],[29.063183,36.680106],[29.062627,36.680185],[29.061078,36.68032],[29.060478,36.680417],[29.059649,36.680594],[29.058872,36.68077],[29.058149,36.680905],[29.057322,36.681143],[29.055675,36.681735],[29.055434,36.6818],[29.054399,36.682347],[29.05387,36.682722],[29.052833,36.683207],[29.052276,36.683522],[29.051456,36.684045],[29.050951,36.684318],[29.050129,36.684779],[29.04971,36.685121],[29.048749,36.685906],[29.047022,36.687247],[29.045487,36.688267],[29.045012,36.688583],[29.044618,36.688955],[29.044374,36.689173],[29.044223,36.689307],[29.04417,36.689339],[29.044044,36.689415],[29.043469,36.689013],[29.043624,36.68885],[29.043477,36.688673],[29.043051,36.68897],[29.043831,36.689528],[29.0434,36.689729],[29.04319,36.689956],[29.042978,36.690082],[29.042285,36.690358],[29.042078,36.690625],[29.041902,36.691096],[29.041587,36.691469],[29.041221,36.6919],[29.039965,36.693032],[29.039487,36.693557],[29.039101,36.693983],[29.037685,36.695392],[29.037317,36.695696],[29.037236,36.695763],[29.036442,36.696285],[29.035402,36.696649],[29.035054,36.696716],[29.034674,36.6966],[29.034345,36.696382],[29.033869,36.695699],[29.033725,36.695335],[29.033558,36.695155],[29.033449,36.695096],[29.033291,36.695221],[29.033162,36.695447],[29.033115,36.695692],[29.033228,36.695893],[29.033478,36.696194],[29.033593,36.696456],[29.033763,36.696799],[29.033769,36.697022],[29.033693,36.697186],[29.032811,36.697446],[29.032682,36.697651],[29.032741,36.697854],[29.032879,36.697973],[29.032883,36.698156],[29.033023,36.698357],[29.03327,36.698536],[29.033489,36.698634],[29.033685,36.698935],[29.033692,36.6992],[29.03367,36.699383],[29.033543,36.69969],[29.032793,36.700589],[29.032504,36.700838],[29.032509,36.701062],[29.032597,36.701325],[29.032737,36.701505],[29.032984,36.701704],[29.033164,36.701878],[29.033233,36.701944],[29.033511,36.702285],[29.033575,36.70267],[29.033554,36.702874],[29.033557,36.703016],[29.033536,36.70324],[29.033461,36.703445],[29.033249,36.703571],[29.033087,36.703573],[29.0324,36.703145],[29.032102,36.70296],[29.03194,36.702963],[29.031808,36.703046],[29.032137,36.703285],[29.032269,36.70338],[29.032823,36.703781],[29.033205,36.703958],[29.03321,36.704161],[29.032978,36.704551],[29.033011,36.704754],[29.033147,36.704833],[29.033468,36.704726],[29.033733,36.704579],[29.033895,36.704597],[29.034084,36.704594],[29.034093,36.704617],[29.034141,36.704735],[29.034121,36.704979],[29.034046,36.705225],[29.034106,36.705447],[29.03427,36.705526],[29.034541,36.705602],[29.034759,36.7057],[29.034818,36.705903],[29.03477,36.706127],[29.03456,36.706314],[29.034241,36.706462],[29.034003,36.706649],[29.034007,36.706791],[29.034012,36.706994],[29.034017,36.707157],[29.033939,36.707301],[29.033464,36.707634],[29.033282,36.707881],[29.033233,36.708085],[29.033104,36.708291],[29.032917,36.708355],[29.032587,36.708361],[29.032459,36.708363],[29.032324,36.708325],[29.032188,36.708286],[29.031677,36.708295],[29.031456,36.708095],[29.031319,36.708016],[29.030917,36.708084],[29.030751,36.707904],[29.030561,36.707867],[29.030242,36.708035],[29.030026,36.708018],[29.029806,36.707818],[29.029827,36.707594],[29.029901,36.707329],[29.03024,36.706916],[29.030448,36.706628],[29.030495,36.706363],[29.030491,36.706221],[29.030406,36.706059],[29.030509,36.705875],[29.030532,36.705732],[29.030501,36.70557],[29.030364,36.705511],[29.03015,36.705555],[29.029965,36.705701],[29.029302,36.706058],[29.028954,36.706166],[29.028631,36.706171],[29.028414,36.706093],[29.028166,36.705894],[29.028081,36.705713],[29.028102,36.705509],[29.028313,36.705322],[29.028445,36.705219],[29.028441,36.705076],[29.028411,36.704975],[29.028407,36.704792],[29.028536,36.704607],[29.028612,36.704423],[29.028555,36.704302],[29.028444,36.704161],[29.028148,36.704186],[29.027936,36.704312],[29.027721,36.704336],[29.027045,36.704205],[29.026878,36.704005],[29.02642,36.704013],[29.026239,36.70428],[29.025956,36.704793],[29.025963,36.705078],[29.025918,36.705384],[29.025791,36.705691],[29.025583,36.705959],[29.025342,36.706024],[29.025125,36.705966],[29.024912,36.706072],[29.024577,36.706626],[29.024449,36.706893],[29.024376,36.707179],[29.02433,36.707485],[29.024226,36.707649],[29.023906,36.707736],[29.023577,36.707538],[29.023382,36.707297],[29.023161,36.707078],[29.02289,36.707021],[29.022699,36.706902],[29.02272,36.706678],[29.022902,36.706431],[29.023138,36.706183],[29.023186,36.705979],[29.023183,36.705837],[29.022826,36.705578],[29.02242,36.705504],[29.022202,36.705406],[29.022168,36.705163],[29.022189,36.704918],[29.022291,36.704713],[29.02234,36.704509],[29.022254,36.704327],[29.021983,36.704271],[29.021689,36.704337],[29.021425,36.704525],[29.021185,36.704651],[29.020864,36.704697],[29.020672,36.704598],[29.020478,36.704358],[29.020444,36.704094],[29.020412,36.703911],[29.020273,36.703751],[29.02011,36.703693],[29.019733,36.703699],[29.019459,36.703521],[29.019401,36.703339],[29.019533,36.703235],[29.019639,36.703192],[29.019904,36.703005],[29.020251,36.702918],[29.020354,36.702713],[29.020323,36.70255],[29.020104,36.702432],[29.020047,36.702311],[29.020152,36.702208],[29.020307,36.701941],[29.020301,36.701717],[29.020166,36.701699],[29.01987,36.701724],[29.019713,36.70189],[29.019612,36.702156],[29.019427,36.702281],[29.019051,36.702308],[29.018727,36.702293],[29.018297,36.702341],[29.018059,36.702508],[29.017823,36.702735],[29.017584,36.702882],[29.017317,36.702947],[29.016803,36.702874],[29.016266,36.702924],[29.015892,36.703032],[29.015602,36.703261],[29.015181,36.703675],[29.014758,36.703967],[29.014384,36.704075],[29.014011,36.704223],[29.013858,36.704551],[29.013839,36.704856],[29.01396,36.705363],[29.013965,36.705566],[29.013874,36.706198],[29.013993,36.706623],[29.014049,36.706724],[29.014213,36.706823],[29.014708,36.707201],[29.014979,36.707257],[29.015705,36.707224],[29.016645,36.70735],[29.01699,36.707648],[29.017045,36.707791],[29.017051,36.707988],[29.017249,36.70826],[29.017514,36.7084],[29.017897,36.708446],[29.018284,36.708623],[29.018483,36.708896],[29.018544,36.709262],[29.018742,36.709482],[29.018933,36.709479],[29.019279,36.709407],[29.019696,36.709413],[29.019998,36.709575],[29.020188,36.709751],[29.020435,36.70993],[29.021006,36.710124],[29.021226,36.710323],[29.02123,36.710473],[29.021233,36.710567],[29.021081,36.710936],[29.021083,36.711017],[29.021142,36.711199],[29.021312,36.711542],[29.021698,36.711861],[29.021866,36.712102],[29.02187,36.712285],[29.021768,36.71249],[29.02172,36.712715],[29.021564,36.712921],[29.02141,36.713208],[29.021483,36.713959],[29.021437,36.714265],[29.021281,36.714471],[29.020618,36.715269],[29.020085,36.71559],[29.019788,36.715803],[29.019717,36.715854],[29.019454,36.716082],[29.019212,36.716126],[29.018861,36.716092],[29.018847,36.716081],[29.018569,36.715872],[29.018202,36.715595],[29.018039,36.715537],[29.017689,36.715542],[29.017308,36.715386],[29.016976,36.715046],[29.01664,36.714564],[29.016532,36.714546],[29.016345,36.71463],[29.016134,36.714796],[29.015893,36.714841],[29.015619,36.714683],[29.015613,36.714439],[29.01558,36.714196],[29.015306,36.714018],[29.014927,36.713943],[29.014924,36.713821],[29.015055,36.713696],[29.015188,36.713613],[29.015239,36.71351],[29.015236,36.713409],[29.0151,36.71335],[29.014456,36.713442],[29.014188,36.713508],[29.013839,36.713534],[29.013595,36.713477],[29.013377,36.713379],[29.01257,36.713413],[29.01216,36.713197],[29.011635,36.712697],[29.011009,36.712423],[29.010841,36.712202],[29.010728,36.712001],[29.010561,36.71178],[29.010341,36.711621],[29.010121,36.711422],[29.01006,36.711159],[29.0097,36.710758],[29.00956,36.710557],[29.009235,36.710522],[29.008806,36.71059],[29.008598,36.710858],[29.008522,36.711062],[29.008231,36.71125],[29.007964,36.711336],[29.007051,36.711453],[29.006678,36.711581],[29.006413,36.711749],[29.006203,36.711976],[29.005963,36.712082],[29.005721,36.712065],[29.005367,36.711949],[29.004774,36.711919],[29.004475,36.711802],[29.004152,36.711827],[29.003913,36.711953],[29.003944,36.712095],[29.004012,36.712145],[29.004163,36.712254],[29.004168,36.712437],[29.003876,36.712605],[29.003637,36.71271],[29.00348,36.712916],[29.003354,36.713244],[29.003196,36.713368],[29.002909,36.713719],[29.002588,36.713826],[29.002212,36.713852],[29.002132,36.713874],[29.00203,36.714099],[29.00187,36.714163],[29.001331,36.714172],[29.000955,36.714219],[29.000502,36.71441],[29.000372,36.714554],[29.000352,36.714819],[29.000304,36.715063],[29.000148,36.715269],[28.99972,36.715378],[28.999126,36.715327],[28.998692,36.715226],[28.998638,36.715213],[28.998281,36.714955],[28.997978,36.714676],[28.997805,36.714252],[28.997823,36.713885],[28.997758,36.7136],[28.997731,36.71348],[28.997834,36.713275],[28.997989,36.713029],[28.998088,36.712682],[28.998348,36.712332],[28.998799,36.71208],[28.999172,36.711911],[28.999462,36.711662],[28.999511,36.711499],[28.999471,36.711329],[28.99936,36.710851],[28.999377,36.710485],[28.999423,36.710159],[29.000052,36.709518],[29.000048,36.709355],[28.99991,36.709215],[28.999665,36.709118],[28.999504,36.70912],[28.999212,36.709288],[28.998948,36.709516],[28.998712,36.709764],[28.998444,36.709809],[28.997928,36.709635],[28.997354,36.709299],[28.997268,36.709097],[28.997022,36.708959],[28.996614,36.708803],[28.996473,36.708582],[28.996152,36.708669],[28.996101,36.708771],[28.996077,36.708873],[28.996134,36.708994],[28.996299,36.709154],[28.996303,36.709296],[28.996252,36.709419],[28.996147,36.709522],[28.996099,36.709727],[28.99613,36.709889],[28.996268,36.710008],[28.996784,36.710183],[28.99676,36.710285],[28.996652,36.710307],[28.996034,36.710358],[28.995181,36.710677],[28.994724,36.710576],[28.994582,36.71046],[28.994254,36.710532],[28.994032,36.710706],[28.993847,36.710945],[28.99368,36.711211],[28.993616,36.711435],[28.993612,36.711921],[28.99353,36.712119],[28.993253,36.712176],[28.992494,36.711756],[28.992216,36.711734],[28.991924,36.71187],[28.991704,36.71278],[28.991761,36.712976],[28.991974,36.713143],[28.991942,36.713262],[28.991697,36.713187],[28.99152,36.713059],[28.991331,36.71318],[28.991233,36.713418],[28.991173,36.713773],[28.990927,36.714368],[28.990705,36.714503],[28.990675,36.714714],[28.990749,36.714883],[28.990769,36.714975],[28.989953,36.715365],[28.989634,36.71548],[28.989464,36.715627],[28.989506,36.715902],[28.9893,36.71601],[28.98904,36.716015],[28.988852,36.716149],[28.988893,36.716385],[28.989071,36.716539],[28.989127,36.716696],[28.989058,36.71671],[28.988654,36.716853],[28.988062,36.716823],[28.987549,36.717134],[28.987273,36.717217],[28.987208,36.717402],[28.987335,36.71761],[28.987391,36.717753],[28.987449,36.717989],[28.987608,36.718091],[28.987716,36.718208],[28.987651,36.718392],[28.987655,36.718402],[28.987725,36.718575],[28.987869,36.718743],[28.987893,36.719032],[28.987864,36.719255],[28.987833,36.719387],[28.987648,36.719627],[28.987324,36.719868],[28.986479,36.720145],[28.986049,36.720336],[28.985632,36.720356],[28.985473,36.720328],[28.98523,36.720284],[28.984895,36.720093],[28.98451,36.720007],[28.984124,36.719882],[28.983724,36.719889],[28.983357,36.719803],[28.983128,36.719676],[28.982972,36.719718],[28.982854,36.719877],[28.982575,36.719829],[28.982377,36.719557],[28.982231,36.719297],[28.98195,36.719196],[28.981378,36.719272],[28.981,36.719436],[28.980779,36.719649],[28.980663,36.719861],[28.980755,36.720044],[28.980914,36.720172],[28.980848,36.720278],[28.980618,36.720151],[28.980478,36.720114],[28.980361,36.7203],[28.980365,36.720444],[28.980247,36.72059],[28.98013,36.720776],[28.980048,36.720987],[28.979897,36.721187],[28.979178,36.721632],[28.979042,36.721766],[28.978853,36.721834],[28.978697,36.721863],[28.978633,36.722088],[28.978712,36.722454],[28.978875,36.722714],[28.980055,36.723673],[28.98006,36.723856],[28.980015,36.724159],[28.979935,36.72441],[28.979754,36.724833],[28.979501,36.725139],[28.979229,36.725367],[28.978831,36.725452],[28.978535,36.725444],[28.978119,36.72549],[28.977916,36.725704],[28.977795,36.726402],[28.977541,36.726668],[28.977149,36.726977],[28.976857,36.727126],[28.97642,36.727041],[28.975611,36.726714],[28.975259,36.726522],[28.974909,36.726463],[28.974442,36.726549],[28.974084,36.726857],[28.973797,36.72719],[28.973668,36.72756],[28.973708,36.727795],[28.9738,36.727991],[28.974032,36.728197],[28.974055,36.728407],[28.97392,36.728567],[28.973749,36.728701],[28.973407,36.728916],[28.973275,36.729207],[28.9733,36.729522],[28.973264,36.729746],[28.973246,36.729862],[28.973146,36.730061],[28.973013,36.730273],[28.972944,36.730314],[28.972683,36.730318],[28.972547,36.730412],[28.972167,36.730524],[28.971876,36.730725],[28.971531,36.730823],[28.971085,36.731054],[28.971057,36.73133],[28.971096,36.731487],[28.971012,36.731606],[28.97061,36.731547],[28.969706,36.731549],[28.967994,36.731249],[28.967268,36.730997],[28.966508,36.730733],[28.965456,36.73039],[28.965031,36.730139],[28.964776,36.729871],[28.964753,36.729662],[28.964784,36.729504],[28.9649,36.729305],[28.964928,36.729015],[28.964992,36.728817],[28.965091,36.728593],[28.965138,36.728395],[28.965145,36.728014],[28.965145,36.727988],[28.965086,36.7277],[28.964923,36.727466],[28.964747,36.727377],[28.964638,36.727182],[28.96465,36.726985],[28.964799,36.726707],[28.964934,36.726534],[28.965225,36.726345],[28.965307,36.72616],[28.965199,36.725904],[28.965241,36.725496],[28.965307,36.725351],[28.965619,36.725293],[28.965949,36.725288],[28.966052,36.725247],[28.966102,36.725141],[28.966045,36.724958],[28.965903,36.724855],[28.965675,36.72478],[28.965638,36.724676],[28.965774,36.724555],[28.965822,36.724397],[28.965783,36.724253],[28.965447,36.724022],[28.965287,36.723881],[28.965335,36.723722],[28.965491,36.72368],[28.965694,36.723493],[28.965723,36.723256],[28.965561,36.723049],[28.96535,36.722948],[28.965193,36.722911],[28.965084,36.722742],[28.964678,36.722525],[28.96454,36.722541],[28.964369,36.722675],[28.964373,36.722832],[28.964499,36.722975],[28.964592,36.723223],[28.964597,36.723406],[28.964531,36.723552],[28.964393,36.72362],[28.963811,36.723822],[28.963537,36.72401],[28.963542,36.724194],[28.963755,36.724387],[28.963917,36.724582],[28.963966,36.725132],[28.963796,36.72528],[28.963553,36.725297],[28.963278,36.725433],[28.963211,36.725565],[28.96325,36.725722],[28.96315,36.725881],[28.963225,36.72609],[28.963231,36.726313],[28.963062,36.726526],[28.962986,36.726947],[28.962815,36.727055],[28.962539,36.727138],[28.962473,36.72731],[28.962546,36.72744],[28.962653,36.727543],[28.962639,36.727649],[28.962384,36.727915],[28.962269,36.728154],[28.962358,36.728244],[28.962342,36.72831],[28.962242,36.728482],[28.962106,36.728603],[28.96192,36.728932],[28.961646,36.728965],[28.961353,36.729088],[28.961235,36.729234],[28.960977,36.729343],[28.960792,36.729497],[28.960867,36.729706],[28.960993,36.729875],[28.961014,36.730069],[28.961016,36.730084],[28.960985,36.730256],[28.96092,36.730414],[28.960875,36.730677],[28.960747,36.731139],[28.960687,36.731495],[28.960606,36.731758],[28.960458,36.732089],[28.960258,36.732421],[28.960234,36.732496],[28.960032,36.73312],[28.959826,36.733215],[28.959529,36.733155],[28.959346,36.733008],[28.95918,36.732854],[28.959102,36.732781],[28.959025,36.73252],[28.958774,36.732222],[28.958475,36.732069],[28.958335,36.732045],[28.957938,36.732144],[28.957838,36.732316],[28.95781,36.732618],[28.957642,36.732844],[28.957442,36.733176],[28.957481,36.733346],[28.957484,36.733451],[28.957486,36.733543],[28.957317,36.733716],[28.95704,36.7338],[28.956728,36.733844],[28.956186,36.73419],[28.955789,36.734328],[28.955442,36.734347],[28.955268,36.734267],[28.955195,36.734233],[28.955005,36.734275],[28.954906,36.734406],[28.954904,36.734408],[28.954876,36.734684],[28.954724,36.734844],[28.954413,36.734928],[28.954065,36.734921],[28.953807,36.73503],[28.953544,36.734975],[28.953055,36.734872],[28.952709,36.734969],[28.952541,36.735182],[28.952563,36.735392],[28.9526,36.735457],[28.952709,36.735652],[28.952699,36.735928],[28.952547,36.736127],[28.95222,36.736264],[28.951666,36.736339],[28.951252,36.73649],[28.95084,36.736694],[28.950807,36.736698],[28.950441,36.73674],[28.949749,36.736895],[28.949288,36.737244],[28.949038,36.737668],[28.948909,36.738091],[28.948897,36.738671],[28.948889,36.739026],[28.948921,36.740136],[28.949045,36.740589],[28.949074,36.740756],[28.949086,36.740825],[28.948988,36.741102],[28.948341,36.741664],[28.948138,36.741878],[28.947746,36.742199],[28.947641,36.742243],[28.946902,36.742541],[28.946682,36.742768],[28.946585,36.743072],[28.946595,36.743439],[28.946429,36.743757],[28.94608,36.743969],[28.944526,36.744611],[28.943806,36.744982],[28.942532,36.745639],[28.942379,36.745799],[28.942298,36.74605],[28.942206,36.746511],[28.942019,36.746697],[28.941264,36.74713],[28.940668,36.747638],[28.940187,36.748539],[28.940536,36.748586],[28.940915,36.747779],[28.941306,36.747418],[28.941873,36.747107],[28.942114,36.747011],[28.942462,36.747031],[28.942638,36.747121],[28.94282,36.747241],[28.942851,36.747261],[28.9431,36.747494],[28.943157,36.747663],[28.942805,36.747904],[28.941977,36.74847],[28.942121,36.748665],[28.94282,36.748194],[28.943318,36.747858],[28.943517,36.748143],[28.942845,36.748671],[28.942527,36.748921],[28.94263,36.749037],[28.942653,36.749063],[28.942858,36.748933],[28.943697,36.748403],[28.94393,36.748675],[28.942872,36.749326],[28.942834,36.749349],[28.942874,36.749392],[28.942977,36.749504],[28.944056,36.748843],[28.944305,36.749049],[28.94312,36.749673],[28.943281,36.749815],[28.94443,36.749166],[28.944555,36.749308],[28.943319,36.749971],[28.94287,36.749601],[28.9424,36.749213],[28.941383,36.748375],[28.941194,36.748483],[28.942183,36.74938],[28.942848,36.749983],[28.942886,36.750018],[28.943313,36.750431],[28.943369,36.750575],[28.943372,36.750666],[28.943167,36.75084],[28.942926,36.750949],[28.942638,36.750941],[28.94263,36.750941],[28.942401,36.750814],[28.942103,36.750727],[28.941877,36.750717],[28.94162,36.750892],[28.941661,36.751115],[28.941771,36.751349],[28.941933,36.751583],[28.941888,36.751872],[28.941674,36.752135],[28.941275,36.752142],[28.940283,36.752158],[28.940256,36.752474],[28.94125,36.752476],[28.941648,36.752477],[28.941516,36.752781],[28.941226,36.752791],[28.939865,36.752835],[28.939858,36.753242],[28.941161,36.753268],[28.941303,36.753271],[28.941206,36.753587],[28.941084,36.753781],[28.941056,36.753826],[28.941048,36.75383],[28.941045,36.753832],[28.940781,36.753975],[28.94047,36.754072],[28.940074,36.754223],[28.939835,36.754411],[28.939617,36.754716],[28.939419,36.754871],[28.939285,36.754863],[28.939191,36.754723],[28.93904,36.754481],[28.938826,36.754414],[28.938725,36.753864],[28.937491,36.753897],[28.93748,36.75416],[28.938559,36.754169],[28.938566,36.754195],[28.938587,36.754636],[28.937849,36.755081],[28.937698,36.755219],[28.937257,36.755446],[28.936728,36.755601],[28.936308,36.755769],[28.936147,36.755899],[28.935876,36.756118],[28.935032,36.756176],[28.934344,36.756185],[28.933196,36.756094],[28.932094,36.755836],[28.931801,36.755702],[28.931707,36.755659],[28.9313,36.755416],[28.931104,36.755209],[28.930823,36.755109],[28.930248,36.755065],[28.929932,36.754952],[28.929705,36.754956],[28.929535,36.755103],[28.929436,36.755315],[28.929419,36.755408],[28.92939,36.755565],[28.929237,36.755686],[28.928978,36.755782],[28.928556,36.755605],[28.927852,36.754989],[28.927295,36.754501],[28.927273,36.754344],[28.927337,36.75412],[28.927245,36.753911],[28.926819,36.75355],[28.92676,36.753302],[28.926757,36.753283],[28.926719,36.75304],[28.926488,36.752847],[28.926241,36.752706],[28.926129,36.752406],[28.925951,36.752239],[28.925479,36.752154],[28.92518,36.752028],[28.924786,36.752187],[28.924688,36.752386],[28.924574,36.752556],[28.924404,36.752785],[28.92429,36.752968],[28.924276,36.753177],[28.924293,36.753322],[28.924306,36.753441],[28.923962,36.754215],[28.92336,36.755807],[28.922629,36.756968],[28.920521,36.758259],[28.919532,36.75899],[28.919102,36.759635],[28.919059,36.760797],[28.919188,36.762216],[28.919403,36.763377],[28.919704,36.764453],[28.920177,36.765743],[28.920951,36.767119],[28.921639,36.769184],[28.92194,36.770216],[28.92194,36.771378],[28.921424,36.772711],[28.921252,36.773787],[28.921725,36.775722],[28.923016,36.777615],[28.92422,36.778303],[28.925338,36.779765],[28.926328,36.780626],[28.927575,36.781056],[28.92964,36.781443],[28.931575,36.782088],[28.933941,36.782647],[28.93678,36.782905],[28.937898,36.783206],[28.93906,36.784282],[28.939705,36.785787],[28.940522,36.786906],[28.941727,36.788325],[28.942587,36.788798],[28.944608,36.788884],[28.945856,36.788884],[28.948609,36.790562],[28.951706,36.793314],[28.95377,36.794132],[28.957985,36.795078],[28.960867,36.798777],[28.962717,36.800799],[28.963964,36.802734],[28.9659,36.806735],[28.967319,36.809315],[28.970158,36.811079],[28.97175,36.812369],[28.973126,36.813875],[28.977298,36.815896],[28.981772,36.818047],[28.98332,36.818434],[28.9856,36.819725],[28.986718,36.820413],[28.987148,36.821789],[28.987364,36.823467],[28.987579,36.825445],[28.987191,36.828714],[28.987321,36.829876],[28.988525,36.831682],[28.990073,36.83293],[28.991278,36.833747],[28.993342,36.835209],[28.99459,36.836844],[28.996009,36.83779],[28.998074,36.838349],[28.999665,36.838995],[29.00173,36.839167],[29.003924,36.839296],[29.006418,36.838607],[29.011064,36.836328],[29.012354,36.835639],[29.014161,36.834779],[29.01601,36.83379],[29.017559,36.832758],[29.018634,36.83194],[29.020398,36.830693],[29.022247,36.82979],[29.025043,36.828542],[29.028355,36.827338],[29.030936,36.827252],[29.031753,36.827381],[29.033259,36.827854],[29.034119,36.828628],[29.036184,36.83065],[29.03799,36.832112],[29.039926,36.833532],[29.041689,36.834994],[29.044657,36.837747],[29.046464,36.83921],[29.050249,36.840414],[29.052443,36.841231],[29.054292,36.841446],[29.056787,36.842091],[29.058464,36.842091],[29.060271,36.841059],[29.063669,36.839683],[29.066594,36.839382],[29.069304,36.839468],[29.072616,36.839941],[29.075326,36.840199],[29.081821,36.840672],[29.08324,36.841747],[29.084616,36.843167],[29.086208,36.8445],[29.089821,36.846565],[29.096015,36.847468],[29.097606,36.847898],[29.100445,36.848457],[29.104575,36.848586],[29.108489,36.847683],[29.112231,36.846608],[29.120059,36.847296],[29.124748,36.847511],[29.130124,36.847683],[29.135974,36.847812],[29.139544,36.847253],[29.142598,36.847124],[29.148018,36.847339],[29.151846,36.847468],[29.155846,36.847339],[29.158685,36.84764],[29.160965,36.848672],[29.162857,36.850221],[29.163847,36.852114],[29.164234,36.854608],[29.164363,36.857017],[29.164406,36.85934],[29.164449,36.861447],[29.164446,36.863005],[29.165607,36.862669],[29.16848,36.862728],[29.170766,36.863021],[29.172818,36.864018],[29.174753,36.865131],[29.175449,36.865604],[29.176394,36.866245],[29.177971,36.867014],[29.178798,36.867418],[29.18044,36.867242],[29.18255,36.866539]]],[[[29.026922,36.535555],[29.026647,36.535511],[29.026583,36.535549],[29.026569,36.535623],[29.026597,36.535666],[29.02667,36.53578],[29.026783,36.53579],[29.026926,36.53569],[29.026924,36.535625],[29.026922,36.535555]]],[[[29.02428,36.536359],[29.02394,36.536316],[29.023828,36.536355],[29.023766,36.536466],[29.023898,36.536586],[29.024108,36.536582],[29.024269,36.536555],[29.024298,36.536432],[29.02428,36.536359]]],[[[29.05696,36.538934],[29.056733,36.538901],[29.056314,36.538945],[29.056204,36.539045],[29.056223,36.539154],[29.056421,36.539298],[29.05661,36.539387],[29.056846,36.539498],[29.056959,36.539508],[29.057184,36.539456],[29.057294,36.539356],[29.057292,36.539246],[29.057241,36.539163],[29.057173,36.539053],[29.05696,36.538934]]],[[[29.013453,36.53983],[29.013242,36.539773],[29.013099,36.539848],[29.013084,36.539922],[29.013111,36.539972],[29.013169,36.540079],[29.013314,36.540077],[29.013442,36.540026],[29.013488,36.539903],[29.013453,36.53983]]],[[[29.01207,36.540061],[29.011973,36.540038],[29.011878,36.540126],[29.011718,36.540153],[29.011622,36.540203],[29.011642,36.540337],[29.011773,36.540421],[29.011999,36.540417],[29.012111,36.540366],[29.01217,36.540145],[29.01207,36.540061]]],[[[29.055924,36.540052],[29.05568,36.540007],[29.055569,36.54007],[29.055554,36.540131],[29.055397,36.540281],[29.055398,36.54034],[29.055399,36.540378],[29.055435,36.540488],[29.055533,36.540547],[29.055745,36.540617],[29.055922,36.540577],[29.056048,36.540453],[29.056027,36.540282],[29.055924,36.540052]]],[[[29.012231,36.540633],[29.012117,36.54061],[29.011972,36.540637],[29.011895,36.540785],[29.012027,36.540881],[29.012237,36.540889],[29.01233,36.540729],[29.012231,36.540633]]],[[[29.059849,36.539434],[29.059525,36.539415],[29.059287,36.539578],[29.059211,36.539763],[29.059198,36.539831],[29.059126,36.540204],[29.059132,36.540436],[29.059365,36.540701],[29.059467,36.54087],[29.059474,36.541151],[29.059399,36.541348],[29.059518,36.54159],[29.059683,36.541697],[29.059939,36.54162],[29.060177,36.541444],[29.060607,36.541242],[29.061104,36.541086],[29.061374,36.540898],[29.061483,36.540762],[29.061657,36.540637],[29.061782,36.540476],[29.061794,36.540305],[29.061644,36.540136],[29.060962,36.540013],[29.060652,36.539884],[29.060093,36.539503],[29.059849,36.539434]]],[[[29.00977,36.545785],[29.009607,36.545739],[29.009462,36.545741],[29.009173,36.545807],[29.009098,36.546053],[29.009103,36.546248],[29.009318,36.546428],[29.00961,36.54646],[29.009914,36.546357],[29.009957,36.546173],[29.00997,36.546026],[29.009959,36.546002],[29.009919,36.545917],[29.00977,36.545785]]],[[[29.00494,36.549214],[29.00477,36.549168],[29.004594,36.549232],[29.004516,36.549331],[29.004679,36.549426],[29.004922,36.549446],[29.005017,36.549359],[29.005047,36.549273],[29.004981,36.549225],[29.00494,36.549214]]],[[[29.065902,36.555014],[29.069487,36.554964],[29.069925,36.555018],[29.070267,36.555109],[29.070771,36.555235],[29.071128,36.555278],[29.071707,36.555194],[29.07206,36.555103],[29.072509,36.55496],[29.072956,36.554781],[29.073325,36.554677],[29.073664,36.554647],[29.074313,36.55477],[29.07478,36.554689],[29.0751,36.554573],[29.075371,36.554458],[29.075577,36.55432],[29.075847,36.554145],[29.075876,36.554022],[29.075858,36.553924],[29.075808,36.553876],[29.075388,36.553896],[29.075099,36.55395],[29.074667,36.554104],[29.074507,36.55418],[29.074378,36.554182],[29.074278,36.554062],[29.074033,36.553944],[29.073657,36.553792],[29.073426,36.5536],[29.073226,36.553384],[29.072896,36.553121],[29.072684,36.553063],[29.071812,36.553066],[29.071502,36.552949],[29.071254,36.552758],[29.07063,36.55239],[29.070414,36.552137],[29.070327,36.551931],[29.070337,36.551686],[29.070334,36.551564],[29.070267,36.55148],[29.070152,36.551421],[29.069396,36.551532],[29.069233,36.551498],[29.06904,36.551513],[29.068949,36.551574],[29.068868,36.551736],[29.068726,36.551861],[29.068407,36.552001],[29.067876,36.552096],[29.067134,36.552157],[29.066895,36.552259],[29.066817,36.552383],[29.066871,36.55259],[29.067037,36.552758],[29.067185,36.552841],[29.067219,36.552914],[29.067092,36.552989],[29.066914,36.552992],[29.066788,36.553104],[29.066539,36.553439],[29.066332,36.553589],[29.066144,36.5538],[29.065735,36.554223],[29.065274,36.554512],[29.064289,36.554516],[29.063951,36.554559],[29.063746,36.554758],[29.063749,36.55488],[29.06385,36.555025],[29.064079,36.555107],[29.06429,36.555152],[29.064521,36.555319],[29.064605,36.55544],[29.064749,36.555425],[29.064845,36.555387],[29.064875,36.555288],[29.064969,36.555189],[29.065113,36.555125],[29.065467,36.555058],[29.065902,36.555014]]],[[[29.06556,36.556731],[29.065477,36.556671],[29.065382,36.556722],[29.065354,36.556881],[29.065405,36.557002],[29.06554,36.55705],[29.065634,36.557084],[29.065679,36.556961],[29.065659,36.556815],[29.06556,36.556731]]],[[[29.029879,36.556457],[29.029344,36.55638],[29.029087,36.556421],[29.029092,36.556629],[29.029357,36.556856],[29.029686,36.557083],[29.030095,36.557308],[29.030104,36.557311],[29.030552,36.557484],[29.030795,36.557516],[29.03089,36.557417],[29.030787,36.557211],[29.03062,36.556994],[29.030485,36.556788],[29.030189,36.556573],[29.029879,36.556457]]],[[[29.090102,36.560312],[29.089879,36.560294],[29.089675,36.560348],[29.089637,36.56046],[29.089763,36.560567],[29.089883,36.560612],[29.090139,36.560583],[29.090202,36.560516],[29.090206,36.560398],[29.090102,36.560312]]],[[[29.061847,36.618597],[29.061571,36.618541],[29.061315,36.618643],[29.061302,36.618778],[29.061354,36.618899],[29.061615,36.61898],[29.061838,36.618866],[29.061914,36.618706],[29.061847,36.618597]]],[[[29.112017,36.653074],[29.112025,36.653071],[29.112044,36.653071],[29.112067,36.653067],[29.112074,36.653065],[29.112075,36.653056],[29.112075,36.653049],[29.112069,36.653044],[29.112061,36.653042],[29.112053,36.653042],[29.112038,36.653042],[29.11203,36.65304],[29.112016,36.653035],[29.112009,36.653033],[29.111989,36.653031],[29.111976,36.653032],[29.111968,36.653032],[29.111953,36.653028],[29.11194,36.653023],[29.111924,36.65302],[29.111903,36.653011],[29.111896,36.653009],[29.111885,36.653008],[29.111878,36.65301],[29.111871,36.653009],[29.111858,36.653004],[29.111851,36.653002],[29.111843,36.653003],[29.111838,36.653011],[29.111841,36.653015],[29.111858,36.65302],[29.111879,36.65303],[29.11188,36.653036],[29.111871,36.653054],[29.111868,36.653063],[29.111868,36.653083],[29.111872,36.653111],[29.111875,36.653117],[29.111881,36.653123],[29.111894,36.653129],[29.111905,36.653131],[29.111951,36.653129],[29.111958,36.653128],[29.111965,36.653121],[29.11197,36.653117],[29.111977,36.653113],[29.112,36.653103],[29.112011,36.653096],[29.112016,36.65309],[29.112017,36.653083],[29.112017,36.653074]]],[[[29.112312,36.653129],[29.112304,36.653126],[29.112296,36.653128],[29.11229,36.653131],[29.112281,36.653141],[29.112279,36.653148],[29.112281,36.653166],[29.112282,36.653172],[29.112287,36.653177],[29.112301,36.653181],[29.112316,36.653183],[29.11232,36.65317],[29.112319,36.653151],[29.112319,36.653142],[29.112317,36.653134],[29.112312,36.653129]]],[[[29.112381,36.653125],[29.112376,36.65312],[29.112368,36.653121],[29.11236,36.653128],[29.112357,36.653133],[29.112356,36.653141],[29.112355,36.653161],[29.112357,36.653182],[29.11236,36.653194],[29.112368,36.6532],[29.112372,36.653192],[29.112373,36.653186],[29.112375,36.65318],[29.112381,36.653176],[29.112378,36.653155],[29.11238,36.653143],[29.112382,36.653132],[29.112381,36.653125]]],[[[29.112329,36.653314],[29.112346,36.653313],[29.112353,36.653314],[29.112359,36.653312],[29.112359,36.653306],[29.112337,36.653282],[29.112327,36.653262],[29.112316,36.653243],[29.112309,36.653236],[29.112302,36.653231],[29.112282,36.653228],[29.112274,36.653225],[29.112267,36.653226],[29.11226,36.653229],[29.112254,36.653237],[29.11225,36.653246],[29.112249,36.653252],[29.112252,36.653265],[29.112242,36.653274],[29.112226,36.653287],[29.112227,36.653294],[29.112231,36.653302],[29.112232,36.653308],[29.112232,36.653314],[29.112233,36.653321],[29.112236,36.653325],[29.112243,36.653329],[29.112269,36.653326],[29.112329,36.653314]]],[[[29.110835,36.653518],[29.110837,36.653512],[29.110846,36.653493],[29.110848,36.653487],[29.110849,36.653478],[29.11085,36.653459],[29.110857,36.653402],[29.11085,36.653382],[29.110843,36.653379],[29.110832,36.65338],[29.110821,36.653383],[29.110815,36.653385],[29.110795,36.653398],[29.110779,36.653411],[29.110755,36.653439],[29.110741,36.653443],[29.110734,36.653443],[29.110727,36.653445],[29.110722,36.65345],[29.110717,36.653456],[29.11071,36.653468],[29.110698,36.653501],[29.110698,36.653507],[29.110701,36.653515],[29.110705,36.65352],[29.110713,36.653521],[29.110722,36.653517],[29.110729,36.653519],[29.110742,36.653531],[29.110763,36.653536],[29.110771,36.653543],[29.110775,36.653549],[29.110781,36.653552],[29.110799,36.653556],[29.110815,36.653547],[29.110819,36.653542],[29.110835,36.653518]]],[[[29.106879,36.653095],[29.106868,36.653069],[29.106853,36.653052],[29.10682,36.653001],[29.106815,36.652988],[29.106813,36.65298],[29.106808,36.652966],[29.106804,36.652957],[29.106802,36.652937],[29.106801,36.652927],[29.106795,36.652899],[29.106789,36.652886],[29.106778,36.652875],[29.106769,36.65287],[29.106757,36.652867],[29.106717,36.652861],[29.106668,36.652858],[29.106348,36.65279],[29.106373,36.652715],[29.106396,36.652701],[29.10641,36.65267],[29.106377,36.652659],[29.106339,36.652788],[29.106185,36.652737],[29.106144,36.652719],[29.106091,36.65269],[29.106149,36.65255],[29.106108,36.652535],[29.106098,36.652551],[29.10613,36.65256],[29.106074,36.652682],[29.106047,36.652668],[29.105965,36.652643],[29.105864,36.652594],[29.10579,36.652544],[29.105723,36.652484],[29.105719,36.652478],[29.105717,36.652472],[29.105717,36.652467],[29.105714,36.652452],[29.105707,36.652446],[29.105699,36.65244],[29.105629,36.652368],[29.105613,36.652345],[29.105601,36.652319],[29.105579,36.65226],[29.105571,36.652244],[29.105519,36.652167],[29.105498,36.652122],[29.105492,36.652112],[29.105323,36.651925],[29.105308,36.651904],[29.105219,36.651821],[29.105192,36.65179],[29.105168,36.65177],[29.105157,36.651763],[29.104605,36.65153],[29.104573,36.651521],[29.104557,36.651514],[29.104551,36.65151],[29.104538,36.651495],[29.104525,36.651486],[29.104399,36.651466],[29.104419,36.65139],[29.104439,36.651394],[29.104445,36.651378],[29.104407,36.651371],[29.104382,36.651464],[29.104182,36.651429],[29.104179,36.651437],[29.104112,36.651422],[29.104042,36.6514],[29.104111,36.651275],[29.104097,36.651269],[29.104027,36.651396],[29.103967,36.651386],[29.103922,36.651373],[29.10382,36.65133],[29.103809,36.651322],[29.103793,36.651299],[29.103708,36.651235],[29.1037,36.651231],[29.103788,36.651143],[29.103775,36.651134],[29.103697,36.651212],[29.103678,36.651223],[29.10366,36.651216],[29.10363,36.651195],[29.103605,36.65118],[29.103595,36.651177],[29.103585,36.651177],[29.103571,36.651178],[29.103557,36.651177],[29.103546,36.651174],[29.103538,36.65117],[29.103529,36.651163],[29.103518,36.651162],[29.103511,36.651166],[29.103503,36.651168],[29.103489,36.651169],[29.103478,36.651164],[29.103386,36.65109],[29.10335,36.651054],[29.103331,36.651028],[29.103321,36.651009],[29.103384,36.650967],[29.103474,36.650881],[29.103534,36.650921],[29.103548,36.650907],[29.103473,36.650861],[29.103372,36.650959],[29.103319,36.650987],[29.103318,36.650979],[29.103311,36.650967],[29.10321,36.650865],[29.103195,36.650845],[29.103175,36.650824],[29.103367,36.650673],[29.103356,36.650664],[29.103164,36.650814],[29.103033,36.650711],[29.102947,36.650623],[29.103085,36.650514],[29.103187,36.650505],[29.103205,36.650508],[29.103229,36.650518],[29.103238,36.650504],[29.103202,36.650494],[29.103181,36.650491],[29.103074,36.650503],[29.102941,36.650612],[29.102942,36.65059],[29.102959,36.650555],[29.102969,36.650528],[29.102972,36.650504],[29.102976,36.650452],[29.102982,36.650425],[29.102983,36.650413],[29.102977,36.650375],[29.102963,36.650321],[29.102952,36.650293],[29.102944,36.650278],[29.102936,36.650266],[29.102925,36.650256],[29.102914,36.650251],[29.102906,36.65025],[29.102877,36.650252],[29.10286,36.65025],[29.102843,36.650244],[29.102827,36.650237],[29.102813,36.650227],[29.102783,36.650213],[29.102828,36.65015],[29.102818,36.650144],[29.102841,36.650106],[29.102852,36.650099],[29.102882,36.650039],[29.102861,36.650032],[29.10283,36.65009],[29.10283,36.650101],[29.102809,36.650138],[29.102798,36.650134],[29.102756,36.650203],[29.102746,36.650201],[29.102655,36.650179],[29.102145,36.65015],[29.102004,36.650114],[29.102079,36.649962],[29.102067,36.649958],[29.101993,36.650111],[29.101892,36.650081],[29.101832,36.650055],[29.101759,36.650016],[29.101698,36.649993],[29.101603,36.649926],[29.101547,36.649899],[29.101522,36.64989],[29.101509,36.649883],[29.101475,36.649859],[29.101444,36.649828],[29.101434,36.649814],[29.101421,36.649803],[29.101381,36.649784],[29.101356,36.649774],[29.101117,36.649646],[29.101107,36.649638],[29.10109,36.649621],[29.101073,36.64961],[29.101066,36.649606],[29.101059,36.649603],[29.101049,36.649601],[29.100933,36.649593],[29.100908,36.649587],[29.100901,36.649584],[29.100891,36.649573],[29.100884,36.649568],[29.100877,36.649566],[29.100865,36.649568],[29.100854,36.649575],[29.100843,36.649579],[29.100836,36.649579],[29.100824,36.649579],[29.100758,36.649565],[29.100703,36.649561],[29.100683,36.649557],[29.100613,36.649535],[29.100276,36.6495],[29.1001,36.649463],[29.100042,36.649444],[29.100028,36.649441],[29.099859,36.649389],[29.099698,36.649363],[29.099659,36.649348],[29.099636,36.649336],[29.099515,36.649256],[29.09936,36.649003],[29.099515,36.648917],[29.099537,36.64891],[29.099515,36.648869],[29.099462,36.648742],[29.099435,36.648748],[29.099488,36.648863],[29.09933,36.648915],[29.099328,36.648895],[29.099323,36.648887],[29.099315,36.64888],[29.099296,36.648868],[29.099285,36.648859],[29.099265,36.648842],[29.099244,36.648819],[29.099231,36.648797],[29.099188,36.648696],[29.099157,36.648576],[29.099128,36.648511],[29.099111,36.648428],[29.099108,36.648402],[29.099104,36.648378],[29.09928,36.64834],[29.099295,36.648382],[29.099315,36.648377],[29.099301,36.648319],[29.099098,36.64835],[29.099063,36.648264],[29.099027,36.648196],[29.098993,36.648148],[29.098954,36.648098],[29.098939,36.648074],[29.098923,36.648048],[29.098917,36.648039],[29.099055,36.647977],[29.099043,36.647961],[29.098903,36.648027],[29.098881,36.648004],[29.098675,36.647827],[29.098661,36.647804],[29.098648,36.647761],[29.098642,36.647745],[29.098626,36.647729],[29.098793,36.647686],[29.098806,36.647726],[29.0988,36.647735],[29.098808,36.647743],[29.098843,36.647749],[29.098821,36.647679],[29.098929,36.647648],[29.098956,36.647681],[29.098958,36.647694],[29.098951,36.647727],[29.098978,36.647731],[29.098985,36.647694],[29.098981,36.64768],[29.098942,36.647634],[29.098613,36.64772],[29.098602,36.647714],[29.098591,36.647705],[29.098581,36.647693],[29.098572,36.647676],[29.098538,36.647588],[29.098509,36.647466],[29.098506,36.647439],[29.098506,36.64741],[29.09851,36.647379],[29.098522,36.647342],[29.098536,36.647308],[29.098727,36.647331],[29.098736,36.647373],[29.098732,36.647385],[29.098759,36.647385],[29.098758,36.647374],[29.098746,36.647331],[29.098779,36.64733],[29.098788,36.647377],[29.098813,36.647377],[29.098818,36.647367],[29.098804,36.647317],[29.098724,36.647319],[29.098539,36.647296],[29.098544,36.647264],[29.098574,36.647155],[29.098578,36.647114],[29.098586,36.647087],[29.098827,36.647102],[29.098828,36.647091],[29.098586,36.647076],[29.098586,36.647071],[29.09858,36.64704],[29.09858,36.647024],[29.098587,36.647002],[29.098592,36.646993],[29.098597,36.646981],[29.098605,36.646909],[29.098602,36.646843],[29.098783,36.64684],[29.098808,36.646843],[29.098808,36.646879],[29.098826,36.646879],[29.098824,36.646844],[29.098872,36.646842],[29.09887,36.646829],[29.098859,36.646829],[29.098859,36.646815],[29.09885,36.646815],[29.09885,36.646829],[29.098601,36.646831],[29.098601,36.646801],[29.098634,36.64667],[29.098678,36.646567],[29.098738,36.646484],[29.098755,36.646444],[29.098761,36.646425],[29.098762,36.646383],[29.098766,36.646354],[29.098761,36.646268],[29.098745,36.646199],[29.09872,36.646137],[29.09871,36.646117],[29.098682,36.646081],[29.098667,36.646068],[29.098658,36.646061],[29.098641,36.646051],[29.098629,36.646048],[29.098593,36.646046],[29.098486,36.646057],[29.098436,36.646056],[29.098415,36.646058],[29.098395,36.646062],[29.098357,36.646077],[29.098307,36.646103],[29.098251,36.646124],[29.098202,36.646134],[29.098195,36.646133],[29.098145,36.646091],[29.098128,36.646088],[29.098116,36.64608],[29.098094,36.64608],[29.098061,36.646087],[29.098052,36.646088],[29.098026,36.646087],[29.097986,36.646071],[29.097969,36.646066],[29.097947,36.646066],[29.097911,36.646079],[29.097901,36.64608],[29.097879,36.646075],[29.097873,36.646068],[29.09787,36.646061],[29.097871,36.646044],[29.097873,36.646038],[29.097874,36.646028],[29.097868,36.646009],[29.097862,36.646003],[29.097852,36.645998],[29.097841,36.645993],[29.097833,36.645988],[29.09782,36.645983],[29.097809,36.645982],[29.097798,36.645981],[29.097785,36.645983],[29.097777,36.645987],[29.097771,36.645995],[29.097768,36.646009],[29.097758,36.646027],[29.097731,36.646054],[29.097711,36.646069],[29.097703,36.646079],[29.097675,36.646152],[29.097674,36.646161],[29.097682,36.646179],[29.097685,36.646191],[29.097686,36.646204],[29.09768,36.64623],[29.097678,36.646243],[29.097679,36.646258],[29.097677,36.646279],[29.097669,36.646322],[29.09766,36.646346],[29.097659,36.646357],[29.097661,36.646394],[29.097655,36.646439],[29.097652,36.646449],[29.097645,36.646455],[29.097635,36.646461],[29.097626,36.646471],[29.097623,36.646481],[29.097621,36.646493],[29.097622,36.6465],[29.097619,36.646522],[29.097615,36.64653],[29.097595,36.646554],[29.097576,36.64657],[29.097567,36.64658],[29.097571,36.646584],[29.097584,36.646582],[29.097591,36.646582],[29.097598,36.646586],[29.0976,36.64659],[29.0976,36.646602],[29.097594,36.646619],[29.097592,36.646639],[29.097599,36.646644],[29.097607,36.646647],[29.097613,36.646653],[29.097607,36.646687],[29.097622,36.646691],[29.09763,36.646696],[29.097635,36.646701],[29.097638,36.646709],[29.097638,36.646716],[29.097638,36.646727],[29.09763,36.646771],[29.097623,36.646794],[29.097622,36.646803],[29.097624,36.646816],[29.097635,36.646841],[29.097639,36.646853],[29.097642,36.64687],[29.097642,36.646946],[29.097639,36.646955],[29.097632,36.646961],[29.09763,36.646966],[29.097633,36.647022],[29.097629,36.647026],[29.097624,36.647043],[29.097618,36.647054],[29.097618,36.647059],[29.097638,36.647057],[29.097646,36.647059],[29.097654,36.647062],[29.097659,36.647068],[29.097658,36.647081],[29.097655,36.647087],[29.097651,36.647091],[29.097623,36.647102],[29.097619,36.647113],[29.097613,36.647147],[29.097592,36.647183],[29.097585,36.647187],[29.097556,36.647185],[29.097553,36.647189],[29.09755,36.647204],[29.097552,36.647222],[29.097554,36.647232],[29.097521,36.647277],[29.09752,36.647302],[29.097523,36.647383],[29.09753,36.647392],[29.09755,36.647415],[29.097553,36.647422],[29.097552,36.647428],[29.097538,36.647446],[29.097539,36.64749],[29.097535,36.647517],[29.09754,36.647527],[29.097592,36.64756],[29.097601,36.647563],[29.097611,36.647563],[29.097661,36.647563],[29.097667,36.647565],[29.097674,36.647571],[29.097724,36.647645],[29.09773,36.647665],[29.097744,36.647693],[29.097753,36.647707],[29.097758,36.647711],[29.097765,36.647714],[29.097854,36.647737],[29.09787,36.647748],[29.098019,36.648005],[29.09803,36.648029],[29.098034,36.64808],[29.098027,36.648213],[29.09803,36.64823],[29.098046,36.648261],[29.09806,36.648274],[29.098073,36.648279],[29.098118,36.648276],[29.098132,36.648278],[29.098151,36.648282],[29.098157,36.648289],[29.098169,36.648305],[29.098213,36.648306],[29.098227,36.648296],[29.098244,36.648278],[29.09826,36.648268],[29.098272,36.648265],[29.098279,36.648266],[29.098298,36.64827],[29.098319,36.648288],[29.098335,36.648309],[29.09838,36.648387],[29.098381,36.648397],[29.098377,36.648407],[29.098371,36.648415],[29.098332,36.648439],[29.098287,36.648473],[29.098306,36.648521],[29.098315,36.648532],[29.098368,36.648508],[29.09838,36.648506],[29.098397,36.648507],[29.098408,36.648509],[29.098416,36.648513],[29.098423,36.648518],[29.098435,36.648529],[29.098444,36.648543],[29.09845,36.648556],[29.098473,36.648622],[29.098557,36.648647],[29.098586,36.648663],[29.098605,36.64868],[29.098618,36.648701],[29.098625,36.648716],[29.098629,36.648739],[29.098625,36.648772],[29.098616,36.648787],[29.098577,36.648845],[29.098571,36.648856],[29.098554,36.648896],[29.098553,36.648912],[29.098557,36.648927],[29.098562,36.648937],[29.098571,36.648947],[29.098576,36.64895],[29.098583,36.648952],[29.098606,36.648959],[29.098626,36.648962],[29.098669,36.648961],[29.098705,36.648968],[29.098716,36.648973],[29.098747,36.648992],[29.098755,36.649003],[29.098675,36.649219],[29.098677,36.649394],[29.099163,36.650148],[29.099238,36.650503],[29.099123,36.650787],[29.098988,36.650905],[29.098845,36.651114],[29.098835,36.651355],[29.098735,36.651572],[29.098508,36.651832],[29.098227,36.65204],[29.098012,36.652282],[29.09811,36.652501],[29.098441,36.652579],[29.098959,36.652415],[29.099471,36.652189],[29.099516,36.651946],[29.099567,36.651945],[29.099661,36.651936],[29.099689,36.651937],[29.099755,36.651949],[29.09981,36.651968],[29.09982,36.65197],[29.099829,36.65197],[29.099876,36.651983],[29.099883,36.651984],[29.099892,36.651984],[29.099918,36.65198],[29.099926,36.651982],[29.099932,36.651985],[29.099953,36.651996],[29.099964,36.652001],[29.099986,36.652008],[29.100067,36.652013],[29.10011,36.652007],[29.100122,36.652006],[29.10014,36.652009],[29.100151,36.652012],[29.100307,36.652025],[29.100308,36.652118],[29.100342,36.652111],[29.100349,36.652092],[29.100346,36.652034],[29.100356,36.652036],[29.100375,36.652044],[29.100383,36.652053],[29.100388,36.652056],[29.100396,36.652059],[29.100407,36.652061],[29.100417,36.652062],[29.100457,36.652062],[29.100469,36.652063],[29.100483,36.652063],[29.100523,36.652126],[29.100555,36.652113],[29.100531,36.652066],[29.100547,36.652064],[29.100559,36.652059],[29.100572,36.652054],[29.1006,36.652035],[29.100614,36.652028],[29.100704,36.651993],[29.100722,36.651988],[29.10074,36.651986],[29.100751,36.651984],[29.100772,36.651974],[29.100783,36.651967],[29.100787,36.651961],[29.100789,36.651951],[29.100788,36.651939],[29.100763,36.65189],[29.10076,36.651881],[29.100759,36.65187],[29.100763,36.651863],[29.100769,36.651858],[29.100777,36.651856],[29.100785,36.651856],[29.100818,36.651862],[29.100826,36.651862],[29.100838,36.65186],[29.100847,36.651855],[29.100853,36.651847],[29.100857,36.651838],[29.100859,36.651829],[29.100861,36.651816],[29.100861,36.651792],[29.100866,36.651782],[29.100887,36.651762],[29.100909,36.651735],[29.100933,36.651713],[29.100942,36.651708],[29.100956,36.651705],[29.101029,36.651699],[29.101035,36.651698],[29.101043,36.651693],[29.101088,36.651614],[29.101087,36.651608],[29.101073,36.651596],[29.101065,36.65159],[29.101057,36.65158],[29.101052,36.651571],[29.101052,36.651562],[29.101056,36.651557],[29.101067,36.65155],[29.101142,36.651532],[29.101157,36.651526],[29.101173,36.651519],[29.101203,36.651492],[29.101209,36.651488],[29.101254,36.65148],[29.101268,36.651476],[29.101285,36.651471],[29.101303,36.651465],[29.101654,36.651317],[29.101812,36.651275],[29.102093,36.651231],[29.102091,36.651312],[29.102118,36.651312],[29.102121,36.651253],[29.102126,36.65123],[29.102152,36.651229],[29.102372,36.651261],[29.102646,36.651369],[29.102765,36.651442],[29.102839,36.651489],[29.102861,36.651503],[29.103017,36.651659],[29.103064,36.651693],[29.103079,36.651709],[29.103101,36.651742],[29.102937,36.651899],[29.102919,36.651885],[29.102885,36.651923],[29.102935,36.651962],[29.103,36.651915],[29.102982,36.651901],[29.103131,36.651774],[29.103216,36.651833],[29.10347,36.652058],[29.103394,36.652118],[29.103412,36.652131],[29.103488,36.652071],[29.103509,36.652088],[29.103534,36.652113],[29.103542,36.652126],[29.103561,36.652164],[29.103569,36.652175],[29.103578,36.652185],[29.103591,36.652194],[29.103708,36.65226],[29.103807,36.652355],[29.103596,36.652492],[29.103579,36.65257],[29.103636,36.652578],[29.103641,36.652541],[29.103638,36.652513],[29.103837,36.652381],[29.10409,36.65261],[29.104237,36.652726],[29.10435,36.652812],[29.10439,36.652849],[29.104435,36.652902],[29.104536,36.652978],[29.104546,36.652988],[29.10449,36.653053],[29.104509,36.653065],[29.104563,36.653004],[29.104699,36.653087],[29.104755,36.653109],[29.104871,36.653134],[29.104948,36.653139],[29.105225,36.653113],[29.105264,36.653105],[29.105375,36.653087],[29.105427,36.653085],[29.105581,36.653102],[29.105787,36.653157],[29.10586,36.653185],[29.105923,36.653216],[29.105976,36.653241],[29.106361,36.653403],[29.10649,36.653477],[29.10652,36.653499],[29.106561,36.653521],[29.106581,36.653529],[29.106601,36.653535],[29.106621,36.653538],[29.106682,36.653542],[29.106712,36.653552],[29.106751,36.653556],[29.106803,36.653549],[29.106829,36.65354],[29.106845,36.653529],[29.106853,36.65352],[29.106858,36.653508],[29.106858,36.653479],[29.10686,36.653465],[29.106867,36.65345],[29.10687,36.653441],[29.106871,36.653426],[29.10687,36.653414],[29.106874,36.653404],[29.106891,36.653387],[29.106895,36.653377],[29.106898,36.653349],[29.106901,36.653343],[29.106916,36.653325],[29.106926,36.653316],[29.106936,36.653309],[29.106932,36.653297],[29.106932,36.653292],[29.106937,36.653282],[29.106942,36.653275],[29.106953,36.653253],[29.106957,36.653241],[29.106959,36.65323],[29.10696,36.653216],[29.106959,36.653203],[29.106956,36.653189],[29.106954,36.653178],[29.106953,36.653166],[29.106948,36.653154],[29.106942,36.653143],[29.106931,36.653129],[29.10692,36.653119],[29.106912,36.653113],[29.106889,36.653107],[29.106879,36.653095]]],[[[29.111848,36.653411],[29.111829,36.653399],[29.111812,36.653403],[29.111796,36.653432],[29.111762,36.653436],[29.111723,36.653458],[29.111705,36.653471],[29.111679,36.653485],[29.111649,36.653495],[29.111639,36.653516],[29.111698,36.653571],[29.111735,36.653707],[29.111757,36.653809],[29.111777,36.653806],[29.111781,36.653798],[29.111799,36.653744],[29.111802,36.653723],[29.111831,36.653606],[29.111848,36.653411]]],[[[29.111462,36.655464],[29.111444,36.655437],[29.111432,36.655438],[29.111431,36.655444],[29.111432,36.655466],[29.111423,36.655496],[29.111421,36.655521],[29.111421,36.65553],[29.111422,36.65554],[29.111431,36.655569],[29.111439,36.655581],[29.111457,36.655598],[29.111463,36.655592],[29.111475,36.655574],[29.11148,36.655564],[29.111484,36.655552],[29.111488,36.65553],[29.111488,36.65552],[29.111485,36.655507],[29.111476,36.655486],[29.111468,36.655473],[29.111462,36.655464]]],[[[29.047606,36.662311],[29.048025,36.662255],[29.048264,36.662267],[29.048382,36.662273],[29.048709,36.662439],[29.049191,36.662308],[29.049221,36.66221],[29.049215,36.662015],[29.049174,36.661673],[29.049181,36.661594],[29.049199,36.661404],[29.049482,36.661106],[29.0498,36.660881],[29.050246,36.660653],[29.050321,36.660642],[29.050794,36.660571],[29.051213,36.660514],[29.05193,36.660746],[29.052653,36.661174],[29.05314,36.661263],[29.053592,36.661231],[29.053945,36.661127],[29.053974,36.661004],[29.053926,36.660893],[29.053871,36.660762],[29.053606,36.660522],[29.053146,36.660261],[29.052818,36.660096],[29.052552,36.659832],[29.052413,36.659443],[29.052305,36.65903],[29.052067,36.658594],[29.051964,36.658352],[29.051991,36.658156],[29.052113,36.65791],[29.052299,36.657589],[29.052681,36.657362],[29.052837,36.657164],[29.052864,36.656944],[29.052632,36.656752],[29.052146,36.656712],[29.051785,36.656498],[29.05139,36.656236],[29.051026,36.655925],[29.050474,36.655812],[29.050341,36.655814],[29.049924,36.655822],[29.048854,36.655718],[29.048463,36.655603],[29.048233,36.655436],[29.048191,36.65507],[29.048312,36.654775],[29.04832,36.65471],[29.048339,36.654554],[29.048461,36.654284],[29.048357,36.654041],[29.047965,36.653877],[29.047736,36.653759],[29.04741,36.653691],[29.047219,36.653768],[29.04706,36.653892],[29.047039,36.654071],[29.047034,36.654113],[29.046879,36.65436],[29.046657,36.654535],[29.046272,36.654639],[29.046009,36.654497],[29.045716,36.654428],[29.045361,36.654435],[29.044972,36.654392],[29.044708,36.654177],[29.044798,36.653931],[29.045179,36.653656],[29.045205,36.653436],[29.045149,36.653144],[29.04513,36.653046],[29.044831,36.652734],[29.044436,36.652472],[29.043914,36.652285],[29.043525,36.652267],[29.043268,36.652321],[29.043114,36.652592],[29.043121,36.652861],[29.043352,36.653028],[29.043451,36.653124],[29.04339,36.653247],[29.043199,36.653372],[29.042974,36.653425],[29.042817,36.653599],[29.042822,36.65377],[29.042862,36.654087],[29.042836,36.654307],[29.04281,36.654552],[29.042917,36.654916],[29.043151,36.655205],[29.043288,36.655496],[29.043353,36.655554],[29.043585,36.65576],[29.043623,36.655955],[29.043333,36.656008],[29.043284,36.656012],[29.042914,36.65604],[29.042887,36.65626],[29.042992,36.656552],[29.043195,36.656599],[29.043383,36.656643],[29.043809,36.65688],[29.043847,36.657099],[29.043755,36.657296],[29.043762,36.65754],[29.0437,36.657639],[29.043511,36.657838],[29.043224,36.657989],[29.043101,36.658235],[29.043203,36.658429],[29.04353,36.658546],[29.043567,36.658716],[29.043508,36.658961],[29.043287,36.659136],[29.04297,36.659386],[29.042887,36.659553],[29.042847,36.659632],[29.042594,36.659856],[29.042214,36.660156],[29.041897,36.660381],[29.041611,36.660582],[29.041229,36.660808],[29.040816,36.66106],[29.040724,36.661281],[29.040893,36.661547],[29.041348,36.661637],[29.0417,36.661484],[29.042087,36.661453],[29.042445,36.661545],[29.042676,36.661712],[29.042967,36.661707],[29.043198,36.661544],[29.043252,36.661506],[29.043474,36.661332],[29.043669,36.661353],[29.043903,36.661642],[29.043974,36.661909],[29.044084,36.662396],[29.044322,36.662807],[29.044746,36.662947],[29.045136,36.663038],[29.045496,36.663202],[29.045577,36.663426],[29.045601,36.663494],[29.045478,36.66374],[29.045453,36.664009],[29.045618,36.664129],[29.045758,36.664541],[29.0457,36.664811],[29.045709,36.665129],[29.045968,36.665149],[29.046211,36.664953],[29.046632,36.6646],[29.046592,36.664307],[29.046296,36.664117],[29.046129,36.663924],[29.046124,36.663729],[29.046182,36.663459],[29.046363,36.663316],[29.046404,36.663284],[29.046563,36.663184],[29.046819,36.663082],[29.047103,36.662833],[29.047322,36.66256],[29.047606,36.662311]]],[[[29.038327,36.665803],[29.037936,36.665663],[29.037806,36.665665],[29.037553,36.665865],[29.037527,36.666109],[29.037793,36.666374],[29.038059,36.666662],[29.038354,36.666828],[29.038481,36.666728],[29.038475,36.666484],[29.038664,36.66631],[29.038724,36.666138],[29.038459,36.665898],[29.038327,36.665803]]],[[[29.036893,36.667805],[29.036913,36.667365],[29.036844,36.667196],[29.036617,36.667151],[29.036034,36.667136],[29.035488,36.667268],[29.035003,36.667276],[29.034645,36.667184],[29.034449,36.667115],[29.034251,36.666971],[29.034056,36.666901],[29.033865,36.667027],[29.033774,36.667273],[29.033553,36.667447],[29.033359,36.667475],[29.033132,36.66743],[29.033035,36.667432],[29.032814,36.667655],[29.032885,36.667898],[29.033278,36.668087],[29.033702,36.668202],[29.034575,36.668211],[29.03526,36.668444],[29.035527,36.668757],[29.036017,36.668944],[29.036147,36.668942],[29.036339,36.668865],[29.036725,36.66881],[29.036851,36.668685],[29.036906,36.668294],[29.036899,36.668025],[29.036893,36.667805]]],[[[29.031858,36.671848],[29.032174,36.671598],[29.032358,36.671204],[29.032449,36.670983],[29.032538,36.670664],[29.032526,36.670225],[29.032548,36.669809],[29.0327,36.669464],[29.032853,36.66912],[29.032882,36.668997],[29.032878,36.668992],[29.03278,36.668828],[29.032489,36.668809],[29.032135,36.668888],[29.031459,36.668973],[29.030939,36.668908],[29.03071,36.66879],[29.030577,36.668646],[29.030347,36.668503],[29.030217,36.668481],[29.030058,36.668582],[29.029871,36.668853],[29.02988,36.66922],[29.029888,36.669488],[29.029604,36.669762],[29.029481,36.670008],[29.029227,36.670208],[29.029071,36.67043],[29.029077,36.670625],[29.02918,36.670868],[29.029215,36.670965],[29.029287,36.671257],[29.029456,36.671547],[29.029814,36.671614],[29.030396,36.671604],[29.03098,36.671667],[29.031468,36.671806],[29.031858,36.671848]]],[[[29.028755,36.67068],[29.02843,36.670612],[29.0283,36.670614],[29.028241,36.670835],[29.028053,36.671034],[29.027995,36.671328],[29.028088,36.671499],[29.028166,36.671642],[29.028139,36.671862],[29.028338,36.672054],[29.028528,36.671905],[29.028586,36.671659],[29.028805,36.671363],[29.029028,36.671237],[29.02902,36.670919],[29.028885,36.670726],[29.028755,36.67068]]],[[[29.013143,36.695471],[29.013061,36.695448],[29.012823,36.695598],[29.012649,36.695772],[29.01262,36.695907],[29.01264,36.696029],[29.012854,36.696172],[29.013,36.696194],[29.013096,36.696167],[29.01309,36.695923],[29.013071,36.695802],[29.013099,36.695642],[29.013145,36.695568],[29.013143,36.695471]]],[[[29.007417,36.698583],[29.007593,36.698507],[29.007685,36.69831],[29.007678,36.698017],[29.007771,36.697882],[29.007945,36.697744],[29.008118,36.697534],[29.008388,36.697358],[29.008824,36.697326],[29.009115,36.697334],[29.009323,36.697245],[29.009465,36.697096],[29.009641,36.697007],[29.009966,36.697063],[29.010178,36.697145],[29.010371,36.697081],[29.010447,36.69692],[29.010458,36.6967],[29.01047,36.696542],[29.010515,36.696406],[29.010607,36.696222],[29.010717,36.69611],[29.010942,36.696033],[29.011441,36.695951],[29.011941,36.695882],[29.012406,36.69574],[29.012693,36.695588],[29.012867,36.695414],[29.012927,36.695254],[29.012923,36.695084],[29.012902,36.694925],[29.012749,36.694635],[29.012582,36.694442],[29.012384,36.694262],[29.012299,36.694105],[29.012294,36.693922],[29.012223,36.693691],[29.012136,36.693461],[29.012069,36.693376],[29.011921,36.693281],[29.011759,36.693272],[29.011613,36.69325],[29.011469,36.693289],[29.011229,36.693415],[29.010973,36.693505],[29.01065,36.693535],[29.010325,36.693479],[29.010176,36.693347],[29.010122,36.693141],[29.010101,36.692946],[29.010078,36.692677],[29.009972,36.692337],[29.009903,36.69218],[29.009661,36.692184],[29.009378,36.692518],[29.009321,36.692812],[29.009263,36.693045],[29.009155,36.693255],[29.009032,36.693513],[29.008876,36.693723],[29.008541,36.6939],[29.008251,36.693954],[29.00741,36.693968],[29.007019,36.693852],[29.006711,36.693809],[29.006371,36.693802],[29.006116,36.693929],[29.006071,36.6941],[29.006257,36.69439],[29.006148,36.694551],[29.005974,36.6947],[29.005931,36.694921],[29.00587,36.695056],[29.00539,36.695272],[29.004961,36.695572],[29.004855,36.69583],[29.004907,36.696574],[29.004911,36.696757],[29.004867,36.696905],[29.004853,36.697015],[29.004953,36.697111],[29.004907,36.697209],[29.004762,36.697248],[29.004536,36.697252],[29.004165,36.697307],[29.00391,36.697446],[29.003898,36.697605],[29.004047,36.697737],[29.004473,36.697937],[29.004605,36.698032],[29.004831,36.698041],[29.005218,36.697973],[29.005509,36.697956],[29.005575,36.698041],[29.005646,36.698247],[29.005666,36.69843],[29.005848,36.698561],[29.006381,36.698552],[29.006576,36.698573],[29.007417,36.698583]]]]}},{"type":"Feature","properties":{"id":"TR-D-48-005","parent_id":"TR-P-48","region_id":"TR-R-EGE","level":"district","municipality_type":null,"municipality_type_label":null,"is_metropolitan_municipality":null,"name":"Kavaklıdere","name_ascii":"kavaklidere","slug":"kavaklidere-mugla"},"geometry":{"type":"Polygon","coordinates":[[[28.256735,37.550128],[28.258964,37.551503],[28.262599,37.553926],[28.267618,37.555051],[28.271426,37.555484],[28.275234,37.556955],[28.276186,37.557821],[28.278263,37.557907],[28.280254,37.557302],[28.284581,37.556176],[28.289254,37.554446],[28.292543,37.552628],[28.293235,37.552109],[28.291591,37.547349],[28.288822,37.541118],[28.286658,37.535752],[28.283715,37.529434],[28.28285,37.527444],[28.282417,37.524674],[28.281898,37.522857],[28.28285,37.519135],[28.284927,37.517231],[28.288908,37.515674],[28.29462,37.515674],[28.30189,37.51602],[28.307515,37.517837],[28.314352,37.51853],[28.319545,37.520866],[28.324911,37.52303],[28.331142,37.523809],[28.335469,37.52502],[28.339104,37.525453],[28.343085,37.525713],[28.345076,37.524761],[28.346633,37.521818],[28.348018,37.519395],[28.349057,37.51827],[28.351393,37.517318],[28.357451,37.516279],[28.361432,37.514375],[28.3655,37.511606],[28.368529,37.508923],[28.375972,37.505461],[28.379088,37.503038],[28.380645,37.500355],[28.384194,37.497759],[28.387136,37.496547],[28.39406,37.494816],[28.399772,37.495855],[28.406522,37.498192],[28.409292,37.500096],[28.413792,37.501221],[28.417167,37.501653],[28.425735,37.500355],[28.430841,37.500528],[28.435861,37.500961],[28.442957,37.503125],[28.446939,37.504856],[28.449708,37.505115],[28.452045,37.505029],[28.45291,37.504769],[28.45542,37.502346],[28.457237,37.500096],[28.458709,37.497499],[28.46018,37.494816],[28.462517,37.489537],[28.463469,37.486854],[28.465199,37.485816],[28.467969,37.485383],[28.47169,37.485729],[28.476623,37.485729],[28.480345,37.485643],[28.48372,37.485383],[28.487095,37.485296],[28.491422,37.485296],[28.495317,37.483306],[28.501289,37.482008],[28.507779,37.481575],[28.510895,37.480969],[28.517819,37.4782],[28.519723,37.476988],[28.517646,37.474979],[28.515564,37.474189],[28.514902,37.473938],[28.50998,37.47195],[28.508124,37.470625],[28.507329,37.470057],[28.505058,37.467785],[28.503449,37.464851],[28.501934,37.463242],[28.500041,37.461065],[28.499593,37.460567],[28.498338,37.459172],[28.49777,37.456427],[28.497617,37.454392],[28.497486,37.452641],[28.497202,37.449802],[28.497107,37.445921],[28.497012,37.444028],[28.496539,37.441378],[28.496445,37.438538],[28.497296,37.436456],[28.499379,37.432764],[28.500988,37.430493],[28.501272,37.4286],[28.501272,37.425571],[28.501082,37.422731],[28.50065,37.420223],[28.500609,37.419987],[28.500089,37.41904],[28.499568,37.418093],[28.499284,37.416768],[28.49675,37.411541],[28.496255,37.410521],[28.494646,37.409102],[28.49443,37.408912],[28.493132,37.407777],[28.491239,37.406451],[28.489819,37.405221],[28.488588,37.403896],[28.487926,37.402855],[28.487831,37.401719],[28.487737,37.400867],[28.48679,37.39992],[28.484992,37.398501],[28.483667,37.396513],[28.483477,37.396412],[28.481016,37.395093],[28.480245,37.394497],[28.478934,37.393484],[28.476946,37.392064],[28.474296,37.389698],[28.472592,37.388278],[28.472284,37.387443],[28.47193,37.38648],[28.471507,37.38514],[28.471362,37.384682],[28.47111,37.383924],[28.470983,37.383546],[28.470983,37.382031],[28.470936,37.3817],[28.470794,37.380706],[28.470503,37.379949],[28.470321,37.379476],[28.469912,37.378435],[28.46928,37.376826],[28.469192,37.376728],[28.466819,37.374081],[28.462749,37.372472],[28.457732,37.371147],[28.456826,37.370593],[28.456028,37.370105],[28.455136,37.368469],[28.454893,37.368023],[28.454707,37.367175],[28.45423,37.364994],[28.452337,37.358274],[28.450633,37.355624],[28.448646,37.35392],[28.445238,37.3525],[28.441642,37.3525],[28.439275,37.3525],[28.43672,37.3525],[28.434637,37.352406],[28.432176,37.351459],[28.428958,37.350134],[28.427517,37.349282],[28.426876,37.348903],[28.424226,37.347673],[28.420629,37.346348],[28.417884,37.345591],[28.414193,37.345212],[28.410028,37.344455],[28.405011,37.344644],[28.402077,37.345307],[28.399011,37.346499],[28.39867,37.346632],[28.397439,37.347005],[28.395546,37.347578],[28.391192,37.34843],[28.38769,37.348714],[28.385419,37.348809],[28.380686,37.350323],[28.377657,37.35108],[28.375102,37.3525],[28.372073,37.354393],[28.368287,37.356192],[28.365258,37.356665],[28.360809,37.357233],[28.358065,37.357233],[28.35532,37.357327],[28.35413,37.356908],[28.353711,37.35676],[28.352101,37.356476],[28.34854,37.355701],[28.346595,37.358272],[28.345712,37.3606],[28.344428,37.362366],[28.341779,37.362928],[28.337444,37.363811],[28.334474,37.363811],[28.331745,37.364533],[28.330862,37.367343],[28.329176,37.371357],[28.327249,37.374889],[28.325403,37.376815],[28.322112,37.379625],[28.318821,37.381872],[28.314727,37.385003],[28.312479,37.388696],[28.311757,37.390863],[28.30975,37.394636],[28.308305,37.39584],[28.305254,37.398248],[28.30381,37.399131],[28.300599,37.400175],[28.298833,37.400978],[28.298351,37.402422],[28.295381,37.406436],[28.294177,37.409085],[28.292973,37.411734],[28.29217,37.412858],[28.291207,37.414303],[28.289842,37.416069],[28.289842,37.417755],[28.287434,37.419119],[28.284785,37.419762],[28.280129,37.420163],[28.275633,37.421287],[28.274991,37.422651],[28.275633,37.424337],[28.276516,37.425702],[28.278283,37.428592],[28.279888,37.430197],[28.282858,37.434131],[28.284624,37.435977],[28.287032,37.437823],[28.289922,37.43991],[28.292571,37.441837],[28.294257,37.443844],[28.295943,37.444967],[28.298351,37.446332],[28.299876,37.448419],[28.301241,37.449704],[28.302846,37.450827],[28.304371,37.451871],[28.306218,37.453637],[28.307984,37.455804],[28.311435,37.459979],[28.3128,37.46343],[28.312238,37.466882],[28.311757,37.470093],[28.311676,37.471699],[28.310633,37.474267],[28.310071,37.474588],[28.307663,37.47515],[28.304211,37.475953],[28.301321,37.477157],[28.297388,37.479003],[28.295943,37.480448],[28.294016,37.483017],[28.292571,37.484623],[28.289922,37.486469],[28.282216,37.490402],[28.280129,37.491205],[28.2774,37.491847],[28.274831,37.493212],[28.272663,37.494175],[28.270817,37.494898],[28.267847,37.495941],[28.264315,37.497145],[28.260382,37.497868],[28.258937,37.49867],[28.257973,37.499955],[28.257331,37.501721],[28.256368,37.503166],[28.255565,37.50429],[28.2542,37.506216],[28.253157,37.508464],[28.251792,37.511113],[28.25115,37.513441],[28.249304,37.515367],[28.247457,37.516331],[28.243604,37.517294],[28.240714,37.518819],[28.238868,37.519782],[28.237182,37.520906],[28.235554,37.521553],[28.236549,37.523376],[28.238972,37.527617],[28.24053,37.531252],[28.242174,37.533848],[28.243472,37.537569],[28.245376,37.539993],[28.247886,37.544147],[28.251434,37.547522],[28.254896,37.548993],[28.256735,37.550128]]]}},{"type":"Feature","properties":{"id":"TR-D-48-006","parent_id":"TR-P-48","region_id":"TR-R-EGE","level":"district","municipality_type":null,"municipality_type_label":null,"is_metropolitan_municipality":null,"name":"Köyceğiz","name_ascii":"koycegiz","slug":"koycegiz-mugla"},"geometry":{"type":"MultiPolygon","coordinates":[[[[28.828114,37.166146],[28.829177,37.165097],[28.829812,37.164438],[28.83034,37.163849],[28.830592,37.163549],[28.830832,37.163243],[28.831058,37.162932],[28.831317,37.162537],[28.831555,37.162133],[28.83178,37.161723],[28.831995,37.161308],[28.832606,37.16005],[28.835373,37.154134],[28.835746,37.153286],[28.835919,37.15286],[28.836079,37.152432],[28.836218,37.152001],[28.836341,37.15151],[28.836351,37.151454],[28.836408,37.151131],[28.836459,37.150692],[28.836491,37.15025],[28.836505,37.149774],[28.836516,37.149361],[28.836513,37.148468],[28.836476,37.147127],[28.836421,37.146238],[28.836375,37.145798],[28.83631,37.145363],[28.836219,37.144935],[28.83609,37.144516],[28.835947,37.144179],[28.835801,37.143901],[28.835774,37.14385],[28.835706,37.14374],[28.835575,37.14353],[28.835351,37.14322],[28.835117,37.142937],[28.835104,37.142921],[28.835015,37.142829],[28.834777,37.142579],[28.834629,37.142443],[28.834422,37.142253],[28.834046,37.141939],[28.833683,37.141661],[28.833667,37.141649],[28.833248,37.14135],[28.834824,37.135675],[28.841024,37.130718],[28.846726,37.131687],[28.847948,37.132067],[28.859659,37.135742],[28.85971,37.135795],[28.860772,37.13691],[28.861498,37.137671],[28.862377,37.136995],[28.862624,37.137137],[28.862871,37.137278],[28.863719,37.137914],[28.865274,37.138832],[28.866475,37.139256],[28.867394,37.13968],[28.868454,37.140387],[28.869301,37.141517],[28.870432,37.142153],[28.871916,37.142153],[28.872304,37.142118],[28.872693,37.142083],[28.87446,37.1418],[28.874834,37.141319],[28.87507,37.138504],[28.878902,37.135821],[28.879009,37.135746],[28.879483,37.135434],[28.879509,37.135436],[28.882757,37.13567],[28.883861,37.13575],[28.885214,37.135848],[28.895836,37.141287],[28.895871,37.141305],[28.896432,37.141592],[28.89669,37.14172],[28.896833,37.141791],[28.89784,37.142292],[28.899773,37.143215],[28.900745,37.143665],[28.901824,37.144135],[28.901927,37.144177],[28.902132,37.144261],[28.902212,37.144293],[28.902827,37.144516],[28.902947,37.144555],[28.903203,37.144638],[28.903707,37.144767],[28.904218,37.144852],[28.904686,37.144883],[28.90516,37.144876],[28.905639,37.144841],[28.90612,37.144784],[28.906654,37.144703],[28.907188,37.144607],[28.907724,37.144501],[28.909335,37.144152],[28.914167,37.143065],[28.920602,37.14164],[28.921675,37.14141],[28.92275,37.141193],[28.923289,37.141093],[28.923876,37.140995],[28.923923,37.140988],[28.924163,37.140954],[28.924371,37.140924],[28.924948,37.14086],[28.92498,37.140858],[28.925436,37.140824],[28.92596,37.140802],[28.927011,37.140787],[28.929649,37.140806],[28.930703,37.140791],[28.931192,37.140771],[28.931685,37.140741],[28.931689,37.14074],[28.932167,37.140701],[28.932651,37.140649],[28.933228,37.14057],[28.933265,37.140564],[28.933727,37.140491],[28.934796,37.140295],[28.936393,37.139969],[28.939051,37.139399],[28.940639,37.139041],[28.94169,37.138783],[28.94221,37.138642],[28.94271,37.138496],[28.9437,37.138178],[28.944678,37.137837],[28.945161,37.13766],[28.946114,37.137285],[28.94658,37.137084],[28.947035,37.136872],[28.947476,37.136643],[28.947917,37.136384],[28.948342,37.136108],[28.948757,37.135819],[28.949565,37.135217],[28.950752,37.134285],[28.954674,37.131139],[28.960574,37.126441],[28.961738,37.12549],[28.962496,37.124843],[28.962701,37.124657],[28.963227,37.124181],[28.964296,37.123167],[28.969225,37.118386],[28.969925,37.117698],[28.970613,37.117003],[28.970949,37.116651],[28.97149,37.116054],[28.971916,37.115552],[28.971962,37.115499],[28.972337,37.11503],[28.972417,37.114924],[28.972734,37.114503],[28.972956,37.11418],[28.973164,37.113853],[28.973354,37.113521],[28.973528,37.113169],[28.973678,37.112812],[28.973804,37.11245],[28.973905,37.112084],[28.973978,37.111714],[28.974019,37.111327],[28.97403,37.110938],[28.974015,37.110547],[28.973991,37.110292],[28.973985,37.110224],[28.973929,37.109828],[28.973843,37.109384],[28.973581,37.108244],[28.973512,37.107862],[28.973464,37.107469],[28.973439,37.107073],[28.973432,37.106677],[28.973442,37.10628],[28.97347,37.105884],[28.973515,37.10549],[28.973577,37.105098],[28.973658,37.10471],[28.973761,37.104326],[28.973903,37.103917],[28.973916,37.103886],[28.973995,37.103702],[28.974016,37.103651],[28.974213,37.103258],[28.974411,37.102926],[28.974632,37.102603],[28.974877,37.102293],[28.975199,37.101945],[28.975552,37.101616],[28.97593,37.101305],[28.976333,37.101014],[28.976743,37.100756],[28.977172,37.100519],[28.977619,37.100304],[28.978083,37.100115],[28.978539,37.099962],[28.979009,37.099832],[28.979489,37.099721],[28.979976,37.099628],[28.980467,37.09955],[28.980961,37.099485],[28.981958,37.099384],[28.983568,37.099254],[28.983683,37.099242],[28.983949,37.099216],[28.984443,37.099155],[28.984933,37.09908],[28.985417,37.098989],[28.985894,37.09888],[28.986374,37.098746],[28.986846,37.098594],[28.987185,37.098471],[28.987247,37.098448],[28.987768,37.098243],[28.988241,37.098039],[28.988709,37.097825],[28.989635,37.097378],[28.990553,37.096917],[28.992384,37.095981],[28.993292,37.095508],[28.994187,37.095026],[28.994623,37.094779],[28.995047,37.094523],[28.995454,37.094258],[28.995838,37.093977],[28.996189,37.093676],[28.996453,37.093403],[28.996688,37.093114],[28.996895,37.092811],[28.997074,37.092496],[28.997223,37.09217],[28.99735,37.091803],[28.99745,37.091427],[28.997698,37.090275],[28.997794,37.089901],[28.997904,37.089529],[28.998029,37.08916],[28.998173,37.088795],[28.998336,37.088437],[28.998551,37.088036],[28.998789,37.087643],[28.999045,37.087255],[28.99959,37.08649],[29.000161,37.085734],[29.000939,37.084733],[29.000971,37.084692],[29.000989,37.084669],[29.001776,37.08367],[29.003695,37.081236],[29.004563,37.080166],[29.005331,37.079247],[29.00572,37.078782],[29.006606,37.077757],[29.007229,37.077076],[29.007239,37.077065],[29.007535,37.07676],[29.007863,37.07644],[29.008222,37.076115],[29.008592,37.075798],[29.008971,37.075487],[29.009747,37.074876],[29.010072,37.074631],[29.010098,37.074611],[29.010935,37.073977],[29.012943,37.0725],[29.01366,37.07199],[29.015339,37.070795],[29.015724,37.070509],[29.0161,37.070216],[29.016461,37.069914],[29.016803,37.069599],[29.017077,37.069316],[29.017336,37.069022],[29.017583,37.068721],[29.017818,37.068413],[29.01827,37.06777],[29.018701,37.067099],[29.019107,37.066417],[29.019303,37.06607],[29.019673,37.065369],[29.019847,37.065014],[29.02001,37.064656],[29.020178,37.064252],[29.020483,37.063433],[29.020884,37.062234],[29.020891,37.062213],[29.026728,37.061886],[29.02902,37.061463],[29.032435,37.060833],[29.035123,37.060341],[29.036508,37.059131],[29.036039,37.058017],[29.036977,37.056728],[29.038677,37.055203],[29.040525,37.054326],[29.041022,37.054089],[29.042505,37.053374],[29.042711,37.053274],[29.042723,37.053269],[29.044505,37.052884],[29.045713,37.052624],[29.047178,37.051686],[29.048527,37.050396],[29.049977,37.049096],[29.050227,37.048872],[29.052331,37.047188],[29.052865,37.046761],[29.054976,37.045237],[29.058142,37.043536],[29.059842,37.043771],[29.062363,37.044885],[29.067053,37.045588],[29.067616,37.044589],[29.068208,37.043538],[29.069099,37.041956],[29.068969,37.041566],[29.068772,37.041191],[29.068519,37.040844],[29.068221,37.040511],[29.066701,37.039015],[29.065805,37.038097],[29.064492,37.036702],[29.063534,37.035647],[29.062923,37.034937],[29.062633,37.034578],[29.062361,37.034216],[29.062113,37.033848],[29.061898,37.033473],[29.061728,37.033089],[29.061608,37.032654],[29.061556,37.032354],[29.061528,37.031978],[29.061535,37.031598],[29.061574,37.031218],[29.061644,37.030847],[29.061737,37.030477],[29.061984,37.029655],[29.062072,37.029364],[29.062276,37.028607],[29.062359,37.028226],[29.062423,37.027845],[29.062464,37.027462],[29.062476,37.027094],[29.062465,37.026725],[29.062435,37.026356],[29.062395,37.026058],[29.062321,37.02562],[29.062238,37.025254],[29.06212,37.024826],[29.061983,37.024399],[29.061828,37.023962],[29.06151,37.023129],[29.061169,37.022286],[29.061051,37.022003],[29.060258,37.020083],[29.059256,37.017658],[29.058455,37.015687],[29.057032,37.012181],[29.056674,37.011344],[29.056463,37.01089],[29.056289,37.010517],[29.05611,37.010168],[29.055921,37.009824],[29.05572,37.009484],[29.055505,37.009151],[29.055275,37.008826],[29.054977,37.008452],[29.054658,37.008087],[29.054323,37.00773],[29.053978,37.007379],[29.053266,37.006687],[29.052164,37.00567],[29.051408,37.005013],[29.051019,37.004694],[29.050625,37.004391],[29.050221,37.004099],[29.049804,37.003823],[29.049371,37.003565],[29.048962,37.003349],[29.047675,37.002723],[29.047242,37.002495],[29.046788,37.002239],[29.046341,37.001974],[29.045458,37.001425],[29.044151,37.000577],[29.038531,36.996836],[29.034189,36.993966],[29.03333,36.993385],[29.032491,36.992788],[29.032087,36.99248],[29.031839,36.992275],[29.0317,36.99216],[29.031447,36.99193],[29.031339,36.991832],[29.031,36.99149],[29.030636,36.991071],[29.028753,36.985158],[29.028156,36.985626],[29.027739,36.985927],[29.027245,36.986259],[29.026715,36.986583],[29.026151,36.986891],[29.025572,36.987164],[29.025,36.987382],[29.024478,36.987523],[29.023997,36.987599],[29.02352,36.987638],[29.023038,36.987647],[29.022555,36.987626],[29.022072,36.987586],[29.021112,36.987488],[29.020645,36.987451],[29.020185,36.987433],[29.019815,36.987443],[29.019295,36.9875],[29.018852,36.987612],[29.018427,36.987773],[29.018019,36.987974],[29.01763,36.98821],[29.017205,36.98852],[29.016882,36.988785],[29.016529,36.989103],[29.016184,36.989432],[29.015845,36.989769],[29.015176,36.990457],[29.013853,36.991852],[29.013252,36.992497],[29.012877,36.992901],[29.012254,36.993604],[29.011962,36.993959],[29.01169,36.994317],[29.011436,36.9947],[29.000076,36.99435],[28.999471,36.994243],[28.990931,36.992673],[28.98967,36.991451],[28.988626,36.990898],[28.985924,36.990161],[28.983223,36.990038],[28.981565,36.989302],[28.980459,36.98838],[28.980214,36.9881],[28.980029,36.987889],[28.97874,36.987398],[28.97745,36.986907],[28.976099,36.986661],[28.97481,36.986477],[28.973766,36.986538],[28.972722,36.986538],[28.971678,36.986415],[28.970266,36.986415],[28.969038,36.986845],[28.968239,36.987275],[28.967195,36.987582],[28.965967,36.987521],[28.964678,36.987582],[28.963634,36.987828],[28.963081,36.988135],[28.962467,36.988196],[28.961669,36.988196],[28.960993,36.988012],[28.960256,36.987644],[28.960072,36.987275],[28.960256,36.986722],[28.960809,36.986108],[28.961116,36.985556],[28.960809,36.984082],[28.960748,36.982731],[28.960686,36.98181],[28.960011,36.980213],[28.959642,36.979778],[28.959335,36.979415],[28.958948,36.979004],[28.958353,36.978371],[28.957662,36.977757],[28.957247,36.977389],[28.956756,36.976529],[28.956142,36.975546],[28.955958,36.974503],[28.955589,36.973274],[28.955651,36.972415],[28.956204,36.971801],[28.956449,36.971125],[28.95694,36.970081],[28.957186,36.969529],[28.957309,36.968116],[28.957862,36.967441],[28.958476,36.966888],[28.95909,36.966397],[28.959458,36.96566],[28.959827,36.964739],[28.960686,36.964002],[28.9613,36.963511],[28.962221,36.962774],[28.96302,36.961853],[28.963941,36.961054],[28.965783,36.959949],[28.966766,36.959581],[28.967994,36.959458],[28.969345,36.959274],[28.970696,36.958905],[28.971739,36.958721],[28.972599,36.958475],[28.973766,36.957738],[28.974871,36.956572],[28.975055,36.955773],[28.975363,36.954729],[28.976038,36.954422],[28.976898,36.953747],[28.97788,36.952642],[28.978187,36.952028],[28.978187,36.951598],[28.977512,36.950738],[28.977266,36.949326],[28.976836,36.94822],[28.976775,36.947238],[28.976591,36.946624],[28.976072,36.945519],[28.975619,36.940812],[28.974903,36.940681],[28.970741,36.939915],[28.970315,36.939794],[28.969792,36.939634],[28.969276,36.939464],[28.968766,36.939281],[28.96834,36.939117],[28.967921,36.938942],[28.96751,36.938758],[28.967062,36.938538],[28.96672,36.938355],[28.966347,36.938131],[28.965954,36.937861],[28.965581,36.937572],[28.965226,36.937267],[28.965169,36.937212],[28.96489,36.936948],[28.964571,36.936617],[28.964454,36.936484],[28.964286,36.936293],[28.96405,36.936011],[28.963732,36.935633],[28.963023,36.934844],[28.962413,36.934203],[28.961371,36.933155],[28.960208,36.93202],[28.957124,36.929008],[28.956963,36.928852],[28.955699,36.927634],[28.955195,36.927169],[28.954971,36.926962],[28.954599,36.926635],[28.954217,36.926317],[28.953822,36.926012],[28.953409,36.925725],[28.952979,36.925462],[28.95253,36.925217],[28.951985,36.924945],[28.951122,36.924543],[28.94967,36.923913],[28.945272,36.922065],[28.944121,36.921577],[28.943322,36.921237],[28.941975,36.920647],[28.941224,36.920302],[28.940853,36.920123],[28.940388,36.919889],[28.939474,36.919403],[28.93857,36.918903],[28.937226,36.918139],[28.936336,36.917624],[28.935453,36.9171],[28.934586,36.916561],[28.934178,36.916294],[28.933775,36.916022],[28.932985,36.915464],[28.932362,36.914999],[28.931566,36.914374],[28.929985,36.913083],[28.923412,36.907639],[28.921879,36.906357],[28.920753,36.905399],[28.918167,36.903169],[28.914118,36.899649],[28.913374,36.899016],[28.912617,36.898397],[28.912229,36.898097],[28.911831,36.897808],[28.911485,36.897576],[28.911003,36.897282],[28.910572,36.897047],[28.910128,36.896827],[28.909673,36.896622],[28.909207,36.896435],[28.908707,36.896258],[28.908278,36.896122],[28.907682,36.895947],[28.907364,36.895862],[28.906637,36.895668],[28.905078,36.895282],[28.900293,36.894125],[28.892371,36.892192],[28.890794,36.891791],[28.889753,36.891505],[28.889238,36.891352],[28.888728,36.891187],[28.888217,36.891006],[28.887712,36.890814],[28.887212,36.890614],[28.886218,36.890197],[28.883755,36.889116],[28.883199,36.888867],[28.879845,36.887365],[28.879331,36.887135],[28.877852,36.886491],[28.877358,36.886288],[28.876862,36.886095],[28.876363,36.885918],[28.875861,36.885764],[28.875355,36.885641],[28.874842,36.885561],[28.874378,36.885536],[28.873911,36.885549],[28.873441,36.885595],[28.872973,36.885669],[28.872491,36.885772],[28.871038,36.886139],[28.870559,36.886245],[28.870074,36.88634],[28.869584,36.886427],[28.86909,36.886506],[28.868006,36.88666],[28.866914,36.886793],[28.865822,36.886906],[28.865278,36.88695],[28.864738,36.886983],[28.864202,36.886999],[28.863674,36.886991],[28.863157,36.886951],[28.862698,36.886877],[28.862256,36.886769],[28.861837,36.886623],[28.861448,36.886438],[28.861087,36.886204],[28.860949,36.886088],[28.860761,36.885931],[28.86047,36.885627],[28.860247,36.885338],[28.860214,36.885296],[28.860058,36.885049],[28.859835,36.884643],[28.859673,36.884298],[28.859518,36.883936],[28.858882,36.882348],[28.85871,36.881937],[28.858558,36.881598],[28.858335,36.881131],[28.858124,36.880743],[28.857888,36.880368],[28.857619,36.880014],[28.857309,36.879683],[28.856963,36.879376],[28.856585,36.879091],[28.85618,36.878829],[28.855734,36.878582],[28.855185,36.87832],[28.854783,36.878142],[28.85379,36.877743],[28.852779,36.877361],[28.849721,36.876239],[28.84667,36.875104],[28.845653,36.874732],[28.844631,36.87438],[28.844117,36.874218],[28.8436,36.874072],[28.843078,36.873948],[28.842548,36.873855],[28.84207,36.873804],[28.841586,36.873781],[28.841099,36.873782],[28.840611,36.873806],[28.84012,36.87385],[28.839631,36.873914],[28.839144,36.873996],[28.838661,36.874097],[28.838177,36.874219],[28.837699,36.874359],[28.837227,36.874515],[28.836762,36.874685],[28.836393,36.874833],[28.835339,36.875276],[28.834865,36.875468],[28.834401,36.875638],[28.833932,36.875789],[28.833458,36.875913],[28.83298,36.876002],[28.832516,36.876047],[28.832052,36.876053],[28.831594,36.876022],[28.831148,36.875951],[28.83071,36.875835],[28.830297,36.875678],[28.829916,36.875482],[28.829576,36.875245],[28.82942,36.875095],[28.829304,36.874984],[28.829072,36.874692],[28.828876,36.874375],[28.828713,36.87404],[28.828583,36.87369],[28.828484,36.87331],[28.828415,36.872921],[28.828368,36.872525],[28.828345,36.872197],[28.828325,36.871722],[28.828318,36.870517],[28.828304,36.870119],[28.828272,36.869725],[28.828217,36.869357],[28.828138,36.868995],[28.828032,36.868641],[28.827895,36.868297],[28.827722,36.867966],[28.827445,36.867568],[28.827327,36.867428],[28.827175,36.867248],[28.826848,36.86691],[28.826498,36.86658],[28.826132,36.866255],[28.825754,36.865935],[28.824978,36.865302],[28.824347,36.864811],[28.824205,36.865351],[28.824056,36.865915],[28.82381,36.866774],[28.822951,36.867818],[28.821784,36.869845],[28.82074,36.871625],[28.819205,36.873345],[28.816626,36.874634],[28.814538,36.875801],[28.812818,36.876415],[28.811099,36.876538],[28.809502,36.875924],[28.807476,36.87531],[28.804344,36.874266],[28.802625,36.874143],[28.800721,36.87402],[28.799247,36.874327],[28.796668,36.874757],[28.793045,36.875371],[28.791572,36.87574],[28.789668,36.876906],[28.788378,36.877459],[28.786598,36.878257],[28.78451,36.879363],[28.782545,36.880038],[28.780641,36.8801],[28.778369,36.880591],[28.777018,36.881758],[28.775422,36.88317],[28.772965,36.884214],[28.769588,36.885074],[28.766825,36.886118],[28.764737,36.88581],[28.76271,36.884275],[28.760868,36.883538],[28.759701,36.883293],[28.758412,36.883293],[28.754973,36.884644],[28.753929,36.884828],[28.751227,36.884705],[28.748771,36.883845],[28.744657,36.8836],[28.743306,36.882372],[28.741218,36.881635],[28.738086,36.88188],[28.734893,36.882187],[28.731393,36.882986],[28.728322,36.88317],[28.724392,36.884337],[28.720892,36.884521],[28.715734,36.886547],[28.711743,36.889741],[28.709102,36.891767],[28.702777,36.8941],[28.701488,36.894714],[28.70026,36.896311],[28.69983,36.897723],[28.699154,36.89889],[28.696514,36.899627],[28.69547,36.899504],[28.693873,36.899688],[28.691417,36.900917],[28.683127,36.904171],[28.674898,36.905952],[28.660539,36.907583],[28.653098,36.908248],[28.648049,36.907849],[28.644196,36.907583],[28.64114,36.905856],[28.637685,36.903464],[28.634363,36.900408],[28.631174,36.895758],[28.62958,36.890044],[28.62958,36.88433],[28.631042,36.878085],[28.632503,36.871176],[28.633965,36.867456],[28.634363,36.863868],[28.633537,36.859027],[28.633313,36.855065],[28.633163,36.853122],[28.633163,36.851253],[28.633089,36.849684],[28.632864,36.848488],[28.632042,36.847815],[28.631818,36.846769],[28.632042,36.845573],[28.63279,36.844153],[28.633014,36.842285],[28.633462,36.841089],[28.634135,36.839968],[28.63563,36.83922],[28.636676,36.837576],[28.637797,36.836754],[28.639068,36.83623],[28.640637,36.835857],[28.640936,36.835259],[28.639292,36.833615],[28.637872,36.832792],[28.636975,36.832269],[28.637125,36.831821],[28.638246,36.830999],[28.637723,36.830102],[28.636601,36.82928],[28.635854,36.82928],[28.634658,36.829653],[28.633836,36.829429],[28.632715,36.828607],[28.631893,36.827486],[28.631669,36.826664],[28.631968,36.82614],[28.63406,36.82487],[28.634733,36.823674],[28.635256,36.822179],[28.636004,36.819787],[28.636004,36.818592],[28.634733,36.817769],[28.633911,36.816873],[28.633761,36.815976],[28.633089,36.814481],[28.631145,36.814481],[28.629875,36.815004],[28.628679,36.815751],[28.627558,36.816125],[28.627408,36.817172],[28.627408,36.818517],[28.627035,36.819937],[28.626586,36.821058],[28.625615,36.821955],[28.623746,36.821058],[28.619112,36.819489],[28.617841,36.818891],[28.617318,36.817246],[28.617094,36.815976],[28.617841,36.814929],[28.617617,36.813808],[28.616795,36.813061],[28.616795,36.810669],[28.617169,36.809473],[28.618514,36.809249],[28.61971,36.807978],[28.619859,36.806633],[28.618664,36.805437],[28.617347,36.804779],[28.612957,36.80601],[28.609347,36.807426],[28.606427,36.809539],[28.606454,36.812623],[28.604126,36.810179],[28.602516,36.807173],[28.600379,36.804686],[28.60032,36.804617],[28.599856,36.801405],[28.597511,36.799072],[28.595145,36.801651],[28.594193,36.804608],[28.593521,36.80768],[28.594029,36.809864],[28.594269,36.810895],[28.591884,36.813382],[28.589949,36.815178],[28.589134,36.81553],[28.587162,36.816372],[28.582386,36.81839],[28.577706,36.820389],[28.57438,36.821807],[28.570651,36.82253],[28.567032,36.824171],[28.565508,36.825459],[28.564392,36.826403],[28.564369,36.827076],[28.564288,36.829486],[28.562487,36.832193],[28.558887,36.833264],[28.555964,36.835375],[28.553226,36.834942],[28.551634,36.830897],[28.551635,36.830782],[28.551672,36.8274],[28.550198,36.82476],[28.550059,36.82451],[28.550232,36.8223],[28.550559,36.818117],[28.549527,36.817621],[28.547334,36.816568],[28.543226,36.815796],[28.538938,36.816165],[28.53527,36.815061],[28.532056,36.813164],[28.529571,36.810825],[28.530767,36.808886],[28.531381,36.807892],[28.532194,36.804937],[28.535915,36.804445],[28.538972,36.802564],[28.542844,36.801841],[28.544502,36.799135],[28.544183,36.795927],[28.542278,36.79326],[28.542008,36.792915],[28.540094,36.790468],[28.536258,36.790161],[28.532509,36.791457],[28.529034,36.7931],[28.525193,36.792905],[28.522414,36.79502],[28.521177,36.79785],[28.521488,36.801284],[28.519955,36.804455],[28.516067,36.805629],[28.512727,36.803275],[28.512134,36.802682],[28.50982,36.800331],[28.50693,36.797782],[28.502434,36.795971],[28.498847,36.79491],[28.498061,36.798008],[28.495838,36.800554],[28.492912,36.801257],[28.492296,36.801405],[28.490787,36.804056],[28.491861,36.804959],[28.493888,36.80669],[28.495508,36.807875],[28.496804,36.808838],[28.499631,36.811129],[28.501829,36.81396],[28.500608,36.816719],[28.49706,36.817344],[28.493463,36.817281],[28.489617,36.817534],[28.489088,36.817569],[28.484657,36.817218],[28.484215,36.817133],[28.483548,36.816939],[28.483224,36.816772],[28.483065,36.816564],[28.483039,36.816531],[28.482937,36.816189],[28.482965,36.815948],[28.483141,36.81505],[28.483113,36.814856],[28.482845,36.814726],[28.482641,36.814754],[28.482336,36.815004],[28.482261,36.815457],[28.482104,36.815504],[28.481826,36.815365],[28.481567,36.815319],[28.480905,36.815776],[28.480743,36.815874],[28.479348,36.815953],[28.479271,36.815957],[28.478354,36.815961],[28.477282,36.815795],[28.476302,36.815536],[28.475785,36.815185],[28.475729,36.815126],[28.475569,36.814958],[28.475457,36.814791],[28.475356,36.814532],[28.475156,36.814464],[28.474921,36.814522],[28.474546,36.81484],[28.47443,36.814939],[28.474365,36.815272],[28.474365,36.815467],[28.474198,36.815587],[28.473699,36.815782],[28.473364,36.815998],[28.473041,36.816078],[28.472838,36.816087],[28.472218,36.816079],[28.47149,36.816029],[28.471045,36.815878],[28.468691,36.814441],[28.468374,36.81419],[28.467565,36.813965],[28.466934,36.813581],[28.466594,36.813487],[28.466254,36.813354],[28.465211,36.813152],[28.464818,36.81298],[28.464266,36.812654],[28.463996,36.812356],[28.463925,36.812277],[28.463735,36.812053],[28.46332,36.812078],[28.463037,36.812238],[28.462751,36.812183],[28.462231,36.812189],[28.462025,36.81227],[28.461794,36.81241],[28.46169,36.812431],[28.461586,36.812432],[28.461381,36.812572],[28.461392,36.81316],[28.46137,36.813375],[28.46127,36.813553],[28.461219,36.813695],[28.461171,36.813828],[28.4611,36.814162],[28.460975,36.814418],[28.460642,36.814716],[28.460181,36.815035],[28.460004,36.815273],[28.45987,36.816301],[28.459771,36.816596],[28.45893,36.817469],[28.457266,36.818614],[28.45693,36.818845],[28.4567,36.819063],[28.45663,36.819413],[28.456629,36.819417],[28.456585,36.819848],[28.456595,36.820357],[28.456656,36.820827],[28.456792,36.821158],[28.457304,36.821827],[28.457352,36.821896],[28.457383,36.822189],[28.457362,36.822463],[28.457263,36.822719],[28.457088,36.823035],[28.456576,36.823453],[28.456368,36.823475],[28.455982,36.823636],[28.4558,36.823658],[28.455666,36.82366],[28.455047,36.823667],[28.454503,36.823752],[28.454299,36.82397],[28.454066,36.824012],[28.453187,36.823974],[28.453077,36.823998],[28.452903,36.824036],[28.452594,36.824236],[28.452413,36.824277],[28.452099,36.824163],[28.451762,36.824167],[28.451659,36.824208],[28.45161,36.824385],[28.451638,36.824502],[28.451771,36.824657],[28.452008,36.82483],[28.452039,36.825065],[28.451992,36.82534],[28.452126,36.825593],[28.452234,36.825651],[28.452625,36.825861],[28.452813,36.826192],[28.452873,36.826232],[28.453156,36.826423],[28.453523,36.826614],[28.454053,36.827176],[28.454475,36.827503],[28.454843,36.827734],[28.455084,36.828084],[28.455196,36.828533],[28.455203,36.828885],[28.455182,36.82918],[28.455135,36.829415],[28.454935,36.829809],[28.454757,36.830047],[28.454525,36.830128],[28.45416,36.830093],[28.453772,36.830176],[28.453596,36.830492],[28.453318,36.830867],[28.453099,36.830968],[28.45288,36.831069],[28.452568,36.831092],[28.452234,36.831272],[28.452238,36.831468],[28.45219,36.831723],[28.452011,36.831863],[28.451701,36.831925],[28.451077,36.831952],[28.450767,36.832054],[28.450704,36.832152],[28.450616,36.832291],[28.450671,36.832467],[28.45083,36.832641],[28.450755,36.832799],[28.45055,36.832938],[28.450502,36.833154],[28.450595,36.833319],[28.450744,36.833582],[28.45076,36.834385],[28.450843,36.834659],[28.451142,36.834982],[28.45124,36.835085],[28.451376,36.835377],[28.45138,36.835612],[28.451324,36.835835],[28.45119,36.836091],[28.451148,36.83617],[28.450971,36.836427],[28.450696,36.836611],[28.450227,36.836925],[28.450153,36.837122],[28.450158,36.837396],[28.450317,36.837571],[28.45078,36.837672],[28.451915,36.837918],[28.451935,36.837923],[28.452247,36.837939],[28.452479,36.837838],[28.452631,36.83764],[28.452863,36.837559],[28.453955,36.837585],[28.45424,36.837503],[28.454367,36.837365],[28.454546,36.837225],[28.455142,36.83712],[28.456131,36.837206],[28.456368,36.837379],[28.456687,36.837728],[28.456666,36.838022],[28.456544,36.838415],[28.456501,36.838866],[28.456508,36.839239],[28.456539,36.839512],[28.45662,36.839707],[28.456835,36.840038],[28.456867,36.840351],[28.456828,36.841076],[28.456652,36.841372],[28.45542,36.84219],[28.454313,36.842608],[28.453258,36.843169],[28.453154,36.843205],[28.452664,36.843372],[28.451563,36.844248],[28.451417,36.84443],[28.451055,36.844881],[28.45088,36.845235],[28.45086,36.845549],[28.450862,36.845578],[28.450894,36.845999],[28.45095,36.846194],[28.451454,36.846756],[28.451457,36.846913],[28.45133,36.847052],[28.451336,36.847365],[28.452791,36.849027],[28.453166,36.84931],[28.453582,36.849625],[28.453821,36.849916],[28.454174,36.850676],[28.454229,36.850871],[28.454303,36.850967],[28.454736,36.851531],[28.45482,36.851843],[28.454825,36.852117],[28.454837,36.852189],[28.454854,36.852293],[28.455066,36.852486],[28.45538,36.85262],[28.455693,36.852675],[28.456263,36.852667],[28.457071,36.852697],[28.457412,36.85283],[28.457596,36.852945],[28.458144,36.853076],[28.458636,36.852991],[28.45928,36.852689],[28.459794,36.85237],[28.460202,36.85221],[28.460826,36.851965],[28.461138,36.851942],[28.46166,36.852053],[28.461705,36.852073],[28.462551,36.852453],[28.46302,36.852487],[28.46359,36.852421],[28.463952,36.852319],[28.464523,36.852272],[28.465147,36.852284],[28.465591,36.852377],[28.465643,36.852396],[28.466012,36.852665],[28.467239,36.854296],[28.46746,36.855066],[28.467566,36.855183],[28.467881,36.855335],[28.468146,36.855587],[28.468228,36.855801],[28.468341,36.85627],[28.4684,36.85668],[28.468388,36.857405],[28.468291,36.85774],[28.468159,36.857933],[28.468088,36.858036],[28.467603,36.858473],[28.467423,36.858593],[28.467324,36.858829],[28.46725,36.859065],[28.467417,36.859651],[28.467526,36.859833],[28.467579,36.859923],[28.46753,36.8601],[28.467405,36.860356],[28.467408,36.860513],[28.467542,36.860707],[28.468145,36.860911],[28.469087,36.861334],[28.469378,36.861585],[28.469512,36.861799],[28.469542,36.861877],[28.469676,36.862228],[28.469682,36.862541],[28.469585,36.862895],[28.469562,36.862921],[28.469356,36.863153],[28.469047,36.863274],[28.467828,36.863426],[28.467726,36.863565],[28.467756,36.86376],[28.468415,36.864242],[28.468525,36.864534],[28.468484,36.865122],[28.468515,36.865357],[28.468725,36.865491],[28.46909,36.865546],[28.469132,36.865581],[28.469249,36.865681],[28.469148,36.865858],[28.468916,36.866084],[28.468842,36.866156],[28.4684,36.866835],[28.468118,36.867054],[28.467525,36.867297],[28.467162,36.86734],[28.466728,36.867243],[28.466666,36.867229],[28.46601,36.866943],[28.465594,36.866909],[28.464888,36.866722],[28.46463,36.866803],[28.464403,36.867159],[28.464225,36.867377],[28.46402,36.867555],[28.463451,36.867719],[28.463274,36.867956],[28.462942,36.868274],[28.461877,36.868326],[28.461437,36.868429],[28.461076,36.868591],[28.460714,36.868673],[28.460191,36.868523],[28.459715,36.868098],[28.45948,36.868062],[28.459273,36.868103],[28.458916,36.86846],[28.458527,36.868544],[28.458216,36.868547],[28.457589,36.868418],[28.457273,36.868206],[28.457008,36.867955],[28.45664,36.867744],[28.456276,36.867709],[28.455912,36.867733],[28.455733,36.867873],[28.455559,36.868286],[28.45523,36.86876],[28.455157,36.869055],[28.454775,36.869432],[28.454285,36.869673],[28.454184,36.869811],[28.454134,36.869949],[28.454216,36.870144],[28.454323,36.870319],[28.454641,36.870628],[28.454802,36.870862],[28.454964,36.871193],[28.45515,36.871406],[28.455306,36.871493],[28.455886,36.871808],[28.456203,36.872118],[28.456416,36.87237],[28.456835,36.872521],[28.457371,36.872471],[28.458212,36.872485],[28.458605,36.872597],[28.459332,36.872549],[28.459644,36.872585],[28.459876,36.872464],[28.460054,36.872247],[28.460283,36.872009],[28.460762,36.8712],[28.460991,36.870942],[28.461143,36.870745],[28.461402,36.870663],[28.461505,36.870642],[28.461609,36.870641],[28.461766,36.870698],[28.461846,36.870795],[28.461933,36.871264],[28.462041,36.871478],[28.462124,36.871712],[28.46231,36.871945],[28.462547,36.872098],[28.462602,36.872254],[28.462552,36.872353],[28.462188,36.872377],[28.461796,36.872284],[28.461434,36.872386],[28.46136,36.872564],[28.461336,36.872681],[28.461131,36.872821],[28.460818,36.872805],[28.460689,36.872827],[28.460536,36.872965],[28.4602,36.873068],[28.46012,36.872971],[28.45991,36.872875],[28.459598,36.872899],[28.459392,36.872999],[28.459264,36.873079],[28.459213,36.873138],[28.459119,36.873688],[28.458971,36.874082],[28.458975,36.874317],[28.459084,36.87455],[28.459373,36.874723],[28.459765,36.874856],[28.460157,36.874929],[28.460682,36.875177],[28.460711,36.875201],[28.46084,36.875312],[28.460766,36.87549],[28.460456,36.875474],[28.460453,36.875474],[28.460113,36.875361],[28.459672,36.875405],[28.459491,36.875446],[28.459311,36.875586],[28.459287,36.875665],[28.459266,36.875939],[28.45927,36.876115],[28.459225,36.876527],[28.459103,36.876887],[28.459078,36.87696],[28.458826,36.877394],[28.457763,36.878521],[28.456695,36.879264],[28.456248,36.879538],[28.455757,36.879701],[28.455006,36.879847],[28.454932,36.880083],[28.454805,36.880202],[28.454543,36.880127],[28.454461,36.879913],[28.454445,36.879809],[28.454431,36.879717],[28.454248,36.879622],[28.453936,36.879625],[28.452953,36.879892],[28.452692,36.879837],[28.452557,36.879623],[28.452452,36.879565],[28.452271,36.879587],[28.452143,36.879726],[28.452123,36.88],[28.452048,36.880197],[28.451789,36.880259],[28.450381,36.880385],[28.449273,36.880544],[28.449135,36.880135],[28.448849,36.880158],[28.448817,36.880598],[28.448808,36.880726],[28.447951,36.880795],[28.447906,36.880551],[28.447893,36.880483],[28.447633,36.880486],[28.447634,36.880511],[28.44764,36.880838],[28.447172,36.880844],[28.446129,36.8807],[28.445892,36.880507],[28.44573,36.880196],[28.4456,36.880197],[28.445418,36.880219],[28.445101,36.879968],[28.445123,36.879752],[28.445249,36.879535],[28.445269,36.879202],[28.445337,36.87904],[28.445393,36.878907],[28.445571,36.87865],[28.445801,36.878451],[28.446086,36.878389],[28.446268,36.878387],[28.446238,36.878172],[28.445324,36.877799],[28.44506,36.877606],[28.444933,36.877369],[28.444737,36.877003],[28.444653,36.87669],[28.444673,36.876396],[28.444834,36.87585],[28.444893,36.875649],[28.445251,36.875312],[28.445169,36.875097],[28.444816,36.875307],[28.444732,36.875357],[28.444126,36.874953],[28.443939,36.874662],[28.443674,36.87443],[28.443515,36.874236],[28.443486,36.87408],[28.443505,36.873746],[28.443552,36.873452],[28.443728,36.873136],[28.443934,36.873016],[28.444192,36.872915],[28.444448,36.872697],[28.444677,36.872439],[28.444728,36.87221],[28.444751,36.872014],[28.444695,36.871838],[28.444615,36.871721],[28.444586,36.871526],[28.444609,36.871388],[28.444684,36.87125],[28.444763,36.871158],[28.445263,36.870575],[28.445295,36.870538],[28.445396,36.87038],[28.44539,36.870086],[28.445349,36.869971],[28.445308,36.869852],[28.445148,36.869619],[28.444699,36.869272],[28.444566,36.869117],[28.444536,36.868882],[28.444532,36.868706],[28.444555,36.868529],[28.444684,36.868449],[28.444784,36.868272],[28.445068,36.86817],[28.445196,36.868162],[28.445432,36.868146],[28.445457,36.868107],[28.445453,36.867891],[28.445424,36.867735],[28.445264,36.867541],[28.44508,36.867387],[28.444882,36.8673],[28.444817,36.867272],[28.444501,36.867041],[28.444286,36.866691],[28.444222,36.866391],[28.444173,36.866163],[28.444067,36.866067],[28.443888,36.866084],[28.443833,36.866089],[28.443626,36.866151],[28.443343,36.866272],[28.443163,36.866411],[28.443035,36.866491],[28.442724,36.866534],[28.442391,36.866832],[28.441874,36.866955],[28.441747,36.867153],[28.441653,36.867243],[28.441518,36.867371],[28.441336,36.867373],[28.441023,36.867338],[28.440621,36.867254],[28.438932,36.866736],[28.438772,36.866542],[28.43861,36.866067],[28.438392,36.865516],[28.438388,36.86532],[28.438411,36.865183],[28.43887,36.864707],[28.438879,36.864641],[28.438893,36.86453],[28.438889,36.864295],[28.438807,36.864081],[28.438595,36.863868],[28.438227,36.863677],[28.437636,36.8635],[28.437129,36.863357],[28.436918,36.863164],[28.436654,36.862971],[28.436287,36.862799],[28.435892,36.862529],[28.43568,36.862336],[28.435702,36.86212],[28.435699,36.861964],[28.435654,36.861909],[28.43562,36.861867],[28.435473,36.861849],[28.435124,36.861794],[28.435004,36.861693],[28.434781,36.861505],[28.43433,36.861001],[28.434218,36.860591],[28.434164,36.860474],[28.433624,36.860189],[28.433412,36.859976],[28.433389,36.859931],[28.433196,36.859547],[28.433063,36.859373],[28.432853,36.859258],[28.432542,36.85932],[28.432363,36.859479],[28.4323,36.859547],[28.432032,36.859836],[28.431774,36.859976],[28.431048,36.860063],[28.430816,36.860144],[28.430564,36.860598],[28.430334,36.860796],[28.430024,36.860878],[28.42953,36.860904],[28.428117,36.860684],[28.427523,36.860634],[28.427163,36.860619],[28.42682,36.860545],[28.42627,36.860356],[28.426058,36.860123],[28.426081,36.859946],[28.426148,36.859831],[28.426282,36.859591],[28.426278,36.859337],[28.426221,36.859083],[28.42619,36.858829],[28.425978,36.858596],[28.425662,36.858384],[28.425402,36.858368],[28.425065,36.858411],[28.424729,36.858533],[28.4245,36.858552],[28.424469,36.858555],[28.423428,36.85847],[28.423169,36.858512],[28.423066,36.858592],[28.42294,36.85877],[28.422707,36.858851],[28.421725,36.85863],[28.421619,36.858533],[28.421643,36.858435],[28.421636,36.858063],[28.421608,36.857926],[28.421501,36.857751],[28.421133,36.85754],[28.420975,36.857424],[28.420892,36.85717],[28.420862,36.856936],[28.420857,36.856681],[28.420837,36.856631],[28.420817,36.856583],[28.420802,36.856545],[28.420383,36.856334],[28.420275,36.856159],[28.420093,36.856142],[28.419678,36.856206],[28.419574,36.856277],[28.419473,36.856345],[28.41919,36.856486],[28.419118,36.856549],[28.41878,36.856843],[28.418444,36.856945],[28.418131,36.85687],[28.417999,36.856755],[28.417893,36.856638],[28.41771,36.856582],[28.416955,36.856532],[28.415625,36.856293],[28.415315,36.856162],[28.41494,36.855831],[28.414651,36.855658],[28.414443,36.855622],[28.414083,36.855861],[28.413771,36.855865],[28.413198,36.855793],[28.412704,36.855799],[28.412628,36.855859],[28.412527,36.856056],[28.412453,36.856253],[28.412222,36.856412],[28.411884,36.856416],[28.411492,36.856323],[28.41123,36.856169],[28.410812,36.856076],[28.410629,36.856],[28.408933,36.854614],[28.408597,36.854339],[28.408308,36.854186],[28.4081,36.854169],[28.407971,36.854229],[28.407845,36.854446],[28.407826,36.854819],[28.407777,36.855015],[28.407573,36.855194],[28.4075,36.855488],[28.407534,36.855939],[28.407513,36.856126],[28.407512,36.856135],[28.407372,36.856579],[28.407222,36.856913],[28.407007,36.857196],[28.406816,36.857447],[28.406717,36.857722],[28.40672,36.857922],[28.406721,36.857958],[28.40683,36.85823],[28.406835,36.858485],[28.406709,36.858722],[28.406374,36.85908],[28.405893,36.859593],[28.40567,36.860183],[28.405623,36.860439],[28.405631,36.86087],[28.405687,36.861124],[28.40582,36.861298],[28.405954,36.861512],[28.405983,36.861669],[28.406038,36.861844],[28.406222,36.86194],[28.406509,36.861995],[28.40672,36.86215],[28.406853,36.862344],[28.407144,36.862615],[28.407413,36.862729],[28.407672,36.862817],[28.407694,36.862824],[28.407931,36.862997],[28.408119,36.863328],[28.408149,36.863543],[28.408048,36.86372],[28.408026,36.863936],[28.407953,36.864151],[28.407929,36.86427],[28.407933,36.864525],[28.408019,36.864935],[28.407619,36.865802],[28.407545,36.866018],[28.407372,36.866249],[28.407367,36.866256],[28.406726,36.866733],[28.406135,36.867093],[28.405128,36.867497],[28.404419,36.867568],[28.403778,36.867571],[28.403439,36.867516],[28.402678,36.867153],[28.40244,36.866941],[28.402384,36.866726],[28.402172,36.866493],[28.401749,36.866126],[28.401459,36.86576],[28.401457,36.865757],[28.401434,36.865738],[28.400981,36.865371],[28.40077,36.865158],[28.400752,36.865128],[28.400582,36.864847],[28.400395,36.864594],[28.39986,36.86405],[28.399391,36.863573],[28.399383,36.863559],[28.399122,36.863087],[28.39904,36.862892],[28.398619,36.862583],[28.397443,36.86197],[28.397333,36.861913],[28.396725,36.861371],[28.396712,36.861269],[28.396695,36.861137],[28.396821,36.860939],[28.396896,36.860782],[28.396893,36.860625],[28.396839,36.860528],[28.396178,36.859909],[28.395911,36.859481],[28.395802,36.859247],[28.395823,36.858972],[28.396022,36.85848],[28.395991,36.858207],[28.395936,36.857992],[28.395775,36.857739],[28.39564,36.857466],[28.395609,36.857212],[28.395553,36.856958],[28.395316,36.85654],[28.39507,36.855896],[28.394898,36.854823],[28.394894,36.854801],[28.394915,36.854546],[28.394963,36.85433],[28.395372,36.853953],[28.395552,36.853834],[28.395494,36.853502],[28.395337,36.853405],[28.395181,36.853446],[28.394844,36.85347],[28.394583,36.853434],[28.394375,36.853785],[28.394108,36.854151],[28.393742,36.854684],[28.393278,36.855],[28.393041,36.855356],[28.392725,36.855929],[28.392261,36.856274],[28.391859,36.856668],[28.391777,36.857161],[28.389875,36.859927],[28.387713,36.862521],[28.388145,36.863386],[28.38901,36.86598],[28.390307,36.867363],[28.390653,36.868228],[28.39022,36.869784],[28.389356,36.871254],[28.387972,36.872551],[28.386243,36.873415],[28.385897,36.874367],[28.386675,36.876787],[28.386935,36.879122],[28.387454,36.880505],[28.389183,36.88258],[28.389615,36.885261],[28.390307,36.889065],[28.390134,36.891572],[28.390047,36.893475],[28.39048,36.895463],[28.39169,36.897625],[28.392901,36.899095],[28.394284,36.900737],[28.39584,36.904455],[28.398694,36.907568],[28.400077,36.909384],[28.402066,36.911026],[28.404487,36.91388],[28.405956,36.914917],[28.407426,36.91656],[28.40801,36.917079],[28.408983,36.917943],[28.410712,36.918376],[28.413306,36.918894],[28.413738,36.921748],[28.413392,36.924601],[28.41296,36.930394],[28.413219,36.935149],[28.413738,36.938003],[28.414603,36.94051],[28.414862,36.942412],[28.414862,36.94466],[28.415294,36.947686],[28.416072,36.949675],[28.416591,36.95175],[28.417975,36.953998],[28.420741,36.954949],[28.422903,36.956073],[28.42541,36.957456],[28.426903,36.957896],[28.42835,36.958321],[28.43103,36.959877],[28.433019,36.961088],[28.436564,36.962558],[28.438466,36.963595],[28.440541,36.965065],[28.444346,36.96714],[28.446161,36.968783],[28.447372,36.970858],[28.449187,36.973182],[28.449533,36.973625],[28.450311,36.974662],[28.452127,36.976132],[28.454202,36.977689],[28.456277,36.978813],[28.459044,36.980109],[28.462589,36.980542],[28.466826,36.980109],[28.46942,36.980109],[28.473137,36.97985],[28.476942,36.979764],[28.481178,36.980888],[28.484377,36.982012],[28.487404,36.982098],[28.491294,36.983741],[28.496223,36.984519],[28.500892,36.985557],[28.502794,36.986162],[28.506598,36.986681],[28.509106,36.987026],[28.510489,36.987199],[28.517838,36.989015],[28.521297,36.991782],[28.524409,36.994462],[28.526225,36.996451],[28.527063,36.997229],[28.529856,36.999823],[28.530193,37.000082],[28.532883,37.002157],[28.534958,37.004838],[28.537897,37.009074],[28.53954,37.012187],[28.542912,37.015559],[28.545852,37.018326],[28.549224,37.02092],[28.552509,37.024292],[28.554585,37.026799],[28.557178,37.030344],[28.560637,37.032851],[28.563577,37.034926],[28.565046,37.036915],[28.566776,37.041843],[28.568591,37.046685],[28.570061,37.049625],[28.571099,37.053256],[28.570234,37.056801],[28.569456,37.058963],[28.568678,37.061816],[28.56937,37.066571],[28.569283,37.072624],[28.569456,37.077811],[28.570321,37.081875],[28.571618,37.084815],[28.571704,37.086285],[28.573952,37.088014],[28.575681,37.088965],[28.579745,37.089397],[28.582166,37.08957],[28.584846,37.089743],[28.587959,37.090089],[28.591417,37.090608],[28.59453,37.090781],[28.597815,37.090435],[28.603608,37.090348],[28.605856,37.089916],[28.611217,37.087236],[28.615972,37.086198],[28.622371,37.085939],[28.629374,37.086631],[28.635859,37.087668],[28.64537,37.088533],[28.647877,37.088273],[28.650471,37.088619],[28.652805,37.090348],[28.656177,37.091213],[28.65929,37.091732],[28.66076,37.09251],[28.662143,37.094499],[28.663527,37.09813],[28.663613,37.099686],[28.664305,37.101329],[28.666726,37.102799],[28.66932,37.10375],[28.672605,37.104528],[28.676755,37.105739],[28.679781,37.106776],[28.681941,37.108678],[28.683413,37.109975],[28.685315,37.11084],[28.686439,37.112915],[28.686698,37.117411],[28.687822,37.120091],[28.690676,37.123896],[28.694134,37.128132],[28.696901,37.130121],[28.701051,37.133147],[28.704855,37.135395],[28.707968,37.138162],[28.710735,37.141015],[28.713329,37.14309],[28.717479,37.144906],[28.721283,37.145338],[28.724331,37.147968],[28.725693,37.149143],[28.7282,37.151045],[28.731918,37.153033],[28.733301,37.155195],[28.73529,37.156838],[28.737279,37.157962],[28.740218,37.158653],[28.747308,37.160556],[28.749902,37.161074],[28.753274,37.162804],[28.756905,37.164619],[28.76045,37.165311],[28.761334,37.165257],[28.763474,37.165257],[28.765371,37.165792],[28.768629,37.167543],[28.770477,37.168661],[28.772131,37.169294],[28.773784,37.169634],[28.775049,37.169829],[28.777675,37.170072],[28.779426,37.170315],[28.781177,37.170558],[28.782037,37.171288],[28.782782,37.17192],[28.785408,37.17299],[28.788375,37.174254],[28.790661,37.174546],[28.792266,37.175081],[28.793968,37.176735],[28.794843,37.177853],[28.795962,37.179653],[28.796983,37.180966],[28.798588,37.182717],[28.798774,37.182892],[28.799631,37.183701],[28.808216,37.186492],[28.813209,37.186101],[28.817369,37.184417],[28.817491,37.183991],[28.817758,37.183122],[28.818039,37.182256],[28.820055,37.176203],[28.820498,37.17491],[28.820819,37.174058],[28.820996,37.173639],[28.82119,37.173225],[28.821408,37.172821],[28.821609,37.172496],[28.82183,37.172179],[28.822066,37.171869],[28.822317,37.171565],[28.822582,37.171268],[28.822918,37.170922],[28.823269,37.170584],[28.823631,37.170252],[28.825489,37.168613],[28.826062,37.168091],[28.82612,37.168038],[28.827192,37.167032],[28.828034,37.166222],[28.828114,37.166146]]],[[[28.445547,36.86279],[28.445167,36.862706],[28.444972,36.862718],[28.444726,36.86279],[28.444599,36.862939],[28.444499,36.863156],[28.444491,36.863411],[28.44439,36.863608],[28.444381,36.863794],[28.444488,36.863979],[28.444595,36.864096],[28.444664,36.864321],[28.444628,36.864498],[28.444587,36.865057],[28.444607,36.86543],[28.444767,36.865634],[28.444936,36.865641],[28.445039,36.865562],[28.445165,36.865354],[28.445212,36.865049],[28.445285,36.864813],[28.445449,36.864507],[28.445628,36.864358],[28.445937,36.864187],[28.446143,36.864038],[28.446279,36.863663],[28.446274,36.863379],[28.446165,36.863165],[28.445547,36.86279]]],[[[28.461535,36.870852],[28.46143,36.870795],[28.461339,36.870796],[28.461235,36.870846],[28.461133,36.870926],[28.461095,36.871015],[28.461125,36.87122],[28.46127,36.871297],[28.461465,36.871285],[28.461554,36.871186],[28.461553,36.871097],[28.461576,36.87095],[28.461535,36.870852]]]]}},{"type":"Feature","properties":{"id":"TR-D-48-007","parent_id":"TR-P-48","region_id":"TR-R-EGE","level":"district","municipality_type":null,"municipality_type_label":null,"is_metropolitan_municipality":null,"name":"Marmaris","name_ascii":"marmaris","slug":"marmaris-mugla"},"geometry":{"type":"MultiPolygon","coordinates":[[[[28.324182,37.025543],[28.326087,37.023154],[28.327467,37.019745],[28.327548,37.017554],[28.328522,37.015281],[28.329901,37.013252],[28.333878,37.010899],[28.339235,37.008951],[28.344429,37.007571],[28.346539,37.006516],[28.349055,37.006272],[28.353681,37.005461],[28.357739,37.003351],[28.362122,37.003107],[28.367478,37.004325],[28.371699,37.004893],[28.37389,37.00473],[28.376244,37.003269],[28.378841,37.001727],[28.380789,37.000835],[28.383548,36.999049],[28.385171,36.997994],[28.387281,36.996858],[28.389392,36.996046],[28.390934,36.995722],[28.393125,36.995803],[28.394992,36.996127],[28.397589,36.996209],[28.401484,36.996777],[28.405137,36.99702],[28.407571,36.996371],[28.409844,36.995397],[28.411873,36.994261],[28.413658,36.992719],[28.415687,36.990771],[28.416905,36.988661],[28.416986,36.986551],[28.417148,36.984765],[28.417879,36.983142],[28.419421,36.981437],[28.419908,36.979814],[28.420882,36.977217],[28.421693,36.975269],[28.421774,36.973646],[28.422424,36.971374],[28.422911,36.969913],[28.424128,36.967965],[28.424777,36.965936],[28.425021,36.964962],[28.425102,36.963663],[28.425508,36.961797],[28.426319,36.959605],[28.426903,36.957896],[28.42541,36.957456],[28.422903,36.956073],[28.420741,36.954949],[28.417975,36.953998],[28.416591,36.95175],[28.416072,36.949675],[28.415294,36.947686],[28.414862,36.94466],[28.414862,36.942412],[28.414603,36.94051],[28.413738,36.938003],[28.413219,36.935149],[28.41296,36.930394],[28.413392,36.924601],[28.413738,36.921748],[28.413306,36.918894],[28.410712,36.918376],[28.408983,36.917943],[28.40801,36.917079],[28.407426,36.91656],[28.405956,36.914917],[28.404487,36.91388],[28.402066,36.911026],[28.400077,36.909384],[28.398694,36.907568],[28.39584,36.904455],[28.394284,36.900737],[28.392901,36.899095],[28.39169,36.897625],[28.39048,36.895463],[28.390047,36.893475],[28.390134,36.891572],[28.390307,36.889065],[28.389615,36.885261],[28.389183,36.88258],[28.387454,36.880505],[28.386935,36.879122],[28.386675,36.876787],[28.385897,36.874367],[28.386243,36.873415],[28.387972,36.872551],[28.389356,36.871254],[28.39022,36.869784],[28.390653,36.868228],[28.390307,36.867363],[28.38901,36.86598],[28.388145,36.863386],[28.387713,36.862521],[28.389875,36.859927],[28.391777,36.857161],[28.391859,36.856668],[28.392261,36.856274],[28.392725,36.855929],[28.393041,36.855356],[28.393278,36.855],[28.393742,36.854684],[28.394108,36.854151],[28.394375,36.853785],[28.394583,36.853434],[28.394267,36.853222],[28.394032,36.853107],[28.39372,36.853111],[28.393438,36.853349],[28.393388,36.853448],[28.393155,36.85349],[28.392791,36.853494],[28.392002,36.85339],[28.390733,36.853224],[28.390212,36.853211],[28.389672,36.853302],[28.389461,36.853337],[28.389022,36.853479],[28.388347,36.85347],[28.388242,36.853469],[28.38819,36.853434],[28.387926,36.853257],[28.387768,36.853026],[28.387766,36.853024],[28.387739,36.85278],[28.387641,36.851889],[28.387578,36.851243],[28.387311,36.850894],[28.386765,36.850861],[28.386584,36.850902],[28.386405,36.851061],[28.386202,36.851338],[28.386193,36.852004],[28.386189,36.852348],[28.38618,36.853003],[28.386131,36.85318],[28.386001,36.853201],[28.385931,36.852203],[28.385924,36.851842],[28.385911,36.851106],[28.385884,36.851048],[28.385806,36.85101],[28.385625,36.85107],[28.38534,36.851113],[28.385106,36.851096],[28.384128,36.850802],[28.383224,36.85053],[28.383301,36.850451],[28.383365,36.850363],[28.383584,36.850063],[28.383628,36.849651],[28.383516,36.849183],[28.383357,36.849008],[28.383093,36.848815],[28.382697,36.848448],[28.382538,36.848273],[28.382428,36.848244],[28.382305,36.848306],[28.382065,36.848429],[28.381991,36.848466],[28.381893,36.848535],[28.381814,36.848556],[28.381582,36.848617],[28.381401,36.84862],[28.381116,36.848701],[28.381145,36.848858],[28.381181,36.848878],[28.381355,36.848973],[28.381355,36.848985],[28.381358,36.849147],[28.381358,36.849149],[28.381228,36.84917],[28.380941,36.849056],[28.3809,36.84902],[28.380605,36.848764],[28.380284,36.848484],[28.380096,36.848321],[28.38005,36.848285],[28.379674,36.847993],[28.379492,36.847828],[28.379462,36.8478],[28.379437,36.847789],[28.379122,36.847647],[28.378809,36.847611],[28.378599,36.847477],[28.378542,36.847184],[28.378538,36.846999],[28.378537,36.846949],[28.378664,36.846751],[28.378931,36.846669],[28.379258,36.846568],[28.379255,36.846372],[28.378823,36.846449],[28.378426,36.846519],[28.378295,36.846501],[28.378163,36.846346],[28.378129,36.845915],[28.378154,36.8457],[28.378214,36.845509],[28.378301,36.845424],[28.378353,36.845384],[28.378674,36.845068],[28.378912,36.844835],[28.379324,36.844595],[28.379501,36.844358],[28.379549,36.844102],[28.37967,36.843611],[28.379924,36.843295],[28.380154,36.843057],[28.380287,36.842884],[28.380306,36.842864],[28.38033,36.84285],[28.380513,36.842779],[28.381483,36.843277],[28.381585,36.843178],[28.38069,36.842597],[28.380673,36.842578],[28.38067,36.842551],[28.380707,36.842335],[28.380716,36.842307],[28.380733,36.842286],[28.380891,36.842128],[28.381121,36.84189],[28.381221,36.841693],[28.381297,36.841594],[28.381452,36.841534],[28.381631,36.841375],[28.381733,36.841276],[28.382198,36.841114],[28.382613,36.84107],[28.383549,36.841078],[28.383837,36.841212],[28.384017,36.841073],[28.383727,36.84088],[28.383333,36.84063],[28.383063,36.840205],[28.382717,36.839797],[28.382558,36.839603],[28.382527,36.839349],[28.3827,36.838857],[28.383006,36.838481],[28.383363,36.838144],[28.383518,36.838064],[28.383675,36.838141],[28.383884,36.838217],[28.384119,36.838253],[28.384379,36.838289],[28.384616,36.838424],[28.384801,36.838578],[28.384938,36.838628],[28.385114,36.838692],[28.385542,36.838337],[28.386622,36.839088],[28.386828,36.838988],[28.385722,36.838197],[28.385876,36.838098],[28.386029,36.837939],[28.385896,36.837745],[28.38571,36.837551],[28.385602,36.837298],[28.385622,36.837004],[28.385724,36.836885],[28.386986,36.837693],[28.387218,36.837592],[28.386376,36.836995],[28.386137,36.836743],[28.38608,36.83645],[28.385862,36.836262],[28.38579,36.836199],[28.386019,36.835961],[28.386173,36.835861],[28.386303,36.835966],[28.387228,36.836711],[28.387562,36.836491],[28.386665,36.835722],[28.386638,36.835699],[28.386532,36.835544],[28.386582,36.835465],[28.386684,36.835346],[28.386516,36.835177],[28.386472,36.835133],[28.386727,36.834856],[28.386857,36.834975],[28.38715,36.835242],[28.38751,36.835023],[28.387243,36.834783],[28.387166,36.834713],[28.387499,36.834455],[28.387703,36.834604],[28.387789,36.834667],[28.387868,36.834705],[28.388101,36.834663],[28.388205,36.834682],[28.38821,36.834685],[28.388389,36.834797],[28.388601,36.83499],[28.388837,36.835144],[28.389074,36.835279],[28.38936,36.835315],[28.389727,36.835467],[28.390039,36.835522],[28.390112,36.835444],[28.390243,36.835304],[28.390319,36.835166],[28.390683,36.835182],[28.390692,36.835704],[28.390699,36.836082],[28.390959,36.836079],[28.390947,36.835819],[28.390916,36.83514],[28.391175,36.835097],[28.39117,36.835919],[28.391168,36.836116],[28.391272,36.836115],[28.391269,36.835963],[28.391254,36.835155],[28.391514,36.835152],[28.391555,36.836092],[28.391558,36.836151],[28.391636,36.83615],[28.391636,36.836128],[28.391618,36.835151],[28.391851,36.835129],[28.391843,36.836108],[28.391947,36.836107],[28.391929,36.835128],[28.392136,36.835086],[28.392154,36.836065],[28.392206,36.836065],[28.392214,36.835046],[28.393462,36.835071],[28.393566,36.835089],[28.393585,36.836147],[28.393819,36.836163],[28.393772,36.835008],[28.393981,36.835045],[28.394193,36.835297],[28.394297,36.835296],[28.3944,36.835236],[28.394266,36.834983],[28.394262,36.834807],[28.394269,36.834683],[28.394282,36.834434],[28.39433,36.834218],[28.394408,36.834217],[28.394519,36.834647],[28.394541,36.834739],[28.394547,36.834764],[28.394653,36.83488],[28.394994,36.835033],[28.395599,36.835437],[28.395915,36.835688],[28.396206,36.83592],[28.396442,36.836035],[28.396625,36.836131],[28.397071,36.83636],[28.39744,36.83663],[28.397808,36.836841],[28.397321,36.837239],[28.39735,36.837395],[28.398061,36.837896],[28.398551,36.838281],[28.398836,36.838218],[28.399041,36.838079],[28.399272,36.837919],[28.399401,36.837898],[28.39974,36.837914],[28.399871,36.837991],[28.400157,36.838027],[28.400524,36.838179],[28.400788,36.838391],[28.401104,36.838642],[28.401395,36.838933],[28.401634,36.839185],[28.402003,36.839454],[28.40237,36.839666],[28.402762,36.839759],[28.403021,36.839736],[28.403176,36.839695],[28.40341,36.839692],[28.403489,36.839711],[28.403881,36.839844],[28.404169,36.839977],[28.404589,36.840188],[28.404981,36.840301],[28.405708,36.840292],[28.405915,36.840211],[28.406356,36.840187],[28.406773,36.84026],[28.40727,36.840411],[28.407634,36.840446],[28.40805,36.840421],[28.408308,36.840359],[28.408643,36.840179],[28.408899,36.83998],[28.409206,36.839722],[28.409514,36.839503],[28.409746,36.839363],[28.410056,36.8393],[28.410446,36.839296],[28.410807,36.839154],[28.411013,36.839015],[28.411323,36.838913],[28.411921,36.838926],[28.412077,36.838963],[28.41234,36.839097],[28.412603,36.839309],[28.413232,36.839556],[28.413648,36.839571],[28.414011,36.839528],[28.414192,36.839486],[28.414397,36.839327],[28.414549,36.83911],[28.414619,36.838678],[28.414707,36.838552],[28.414923,36.838243],[28.415371,36.837866],[28.416276,36.837601],[28.417104,36.837454],[28.417467,36.837371],[28.417933,36.837307],[28.418428,36.83734],[28.418715,36.837434],[28.419057,36.837665],[28.419269,36.837878],[28.419454,36.838053],[28.41982,36.838166],[28.420028,36.838163],[28.420365,36.8381],[28.420807,36.838134],[28.421173,36.838228],[28.421382,36.838284],[28.421616,36.83832],[28.42189,36.838331],[28.422371,36.83837],[28.422658,36.838445],[28.422833,36.838538],[28.422947,36.838598],[28.423211,36.83883],[28.423527,36.839062],[28.42379,36.839196],[28.424023,36.839193],[28.424282,36.839131],[28.424463,36.83909],[28.424772,36.83891],[28.424872,36.838712],[28.424972,36.838496],[28.425124,36.838259],[28.425454,36.837863],[28.42558,36.837666],[28.425628,36.837411],[28.42565,36.837214],[28.425748,36.8369],[28.425822,36.836683],[28.425895,36.836428],[28.426074,36.836269],[28.426434,36.836049],[28.426614,36.835969],[28.42677,36.835928],[28.426845,36.83577],[28.426867,36.835554],[28.426837,36.835339],[28.42625,36.835277],[28.426213,36.835273],[28.426029,36.835177],[28.425817,36.834965],[28.425683,36.834711],[28.425627,36.834602],[28.425521,36.8344],[28.425411,36.834088],[28.42538,36.833814],[28.425373,36.833442],[28.425394,36.833148],[28.425414,36.832854],[28.425408,36.832521],[28.42535,36.832189],[28.425372,36.831992],[28.425563,36.831899],[28.425578,36.831892],[28.425812,36.831889],[28.426021,36.831926],[28.426149,36.831846],[28.426146,36.831689],[28.426066,36.831553],[28.425905,36.831281],[28.425691,36.83097],[28.425686,36.830715],[28.425737,36.830611],[28.425913,36.830249],[28.425963,36.83017],[28.42622,36.829971],[28.426374,36.829871],[28.426635,36.829736],[28.42676,36.829671],[28.42699,36.829492],[28.426987,36.829335],[28.426906,36.829179],[28.426673,36.829201],[28.426617,36.829221],[28.426441,36.829283],[28.426051,36.829268],[28.425735,36.829076],[28.425072,36.828575],[28.424314,36.828074],[28.423442,36.82734],[28.42294,36.826876],[28.422794,36.826624],[28.422722,36.826323],[28.422716,36.826006],[28.422712,36.825895],[28.422769,36.825734],[28.422813,36.825604],[28.42286,36.825329],[28.422804,36.825134],[28.422539,36.824843],[28.422404,36.824571],[28.422321,36.824266],[28.42228,36.823483],[28.422334,36.823205],[28.422395,36.823004],[28.422534,36.822842],[28.422835,36.822556],[28.42353,36.822234],[28.424455,36.821635],[28.424518,36.82159],[28.425044,36.821217],[28.42517,36.821],[28.425165,36.820726],[28.425033,36.82059],[28.425005,36.820473],[28.425079,36.820257],[28.424999,36.82014],[28.424421,36.819585],[28.424271,36.819411],[28.424189,36.819256],[28.424152,36.819098],[28.424156,36.819067],[28.424198,36.818745],[28.424254,36.818588],[28.424296,36.81847],[28.424319,36.818293],[28.424264,36.818137],[28.424131,36.817982],[28.423845,36.817946],[28.423721,36.817948],[28.423118,36.817955],[28.422805,36.817919],[28.422595,36.817765],[28.422305,36.817592],[28.421906,36.817049],[28.421823,36.816795],[28.421793,36.81658],[28.421738,36.816404],[28.421502,36.81627],[28.420899,36.815983],[28.419798,36.815448],[28.4193,36.815219],[28.419142,36.815084],[28.419147,36.814968],[28.419159,36.814652],[28.418898,36.814577],[28.418795,36.814779],[28.418752,36.814866],[28.418648,36.81507],[28.417569,36.814262],[28.417252,36.813972],[28.417066,36.81372],[28.416958,36.813506],[28.416955,36.813371],[28.416947,36.812938],[28.41684,36.812763],[28.416629,36.812589],[28.415453,36.811537],[28.414861,36.811008],[28.41441,36.810504],[28.414249,36.810232],[28.414085,36.809803],[28.414052,36.809392],[28.414101,36.809156],[28.414267,36.80837],[28.414458,36.807453],[28.414605,36.806962],[28.414703,36.806647],[28.414769,36.806],[28.414868,36.805724],[28.414967,36.805488],[28.415066,36.805232],[28.415064,36.805095],[28.415008,36.804861],[28.414769,36.804629],[28.414505,36.804397],[28.414386,36.804259],[28.41432,36.804183],[28.414158,36.803892],[28.414025,36.803678],[28.413788,36.803543],[28.413215,36.803433],[28.412325,36.803091],[28.411548,36.802538],[28.411404,36.802436],[28.410953,36.801912],[28.410738,36.801523],[28.410655,36.801249],[28.410647,36.800337],[28.410719,36.800197],[28.410798,36.800041],[28.410951,36.799902],[28.41113,36.799783],[28.411363,36.799702],[28.41144,36.799661],[28.411541,36.799504],[28.411615,36.799307],[28.411715,36.79909],[28.411789,36.798874],[28.411785,36.798678],[28.411808,36.798501],[28.411884,36.798402],[28.412037,36.798244],[28.412138,36.798066],[28.412135,36.797929],[28.412081,36.797793],[28.411505,36.797545],[28.410508,36.796989],[28.410112,36.79666],[28.409926,36.796408],[28.409735,36.79594],[28.409417,36.795572],[28.409196,36.795385],[28.408785,36.795036],[28.408101,36.794535],[28.407781,36.794088],[28.407564,36.793601],[28.407553,36.792974],[28.407795,36.792031],[28.407879,36.790927],[28.4079,36.790659],[28.407889,36.790071],[28.407889,36.790066],[28.407884,36.789919],[28.407729,36.789799],[28.407719,36.789793],[28.407492,36.789665],[28.407359,36.78949],[28.407277,36.789256],[28.407222,36.789061],[28.407141,36.788924],[28.406982,36.78877],[28.406642,36.788597],[28.406536,36.788481],[28.406481,36.788305],[28.406374,36.788169],[28.406139,36.788074],[28.405866,36.788042],[28.403437,36.787757],[28.402941,36.787645],[28.402472,36.787533],[28.402157,36.78738],[28.401867,36.787129],[28.401681,36.786896],[28.401444,36.786722],[28.401028,36.786668],[28.400612,36.786673],[28.400326,36.786618],[28.400063,36.786464],[28.399693,36.786097],[28.399611,36.786068],[28.399588,36.786059],[28.399567,36.786061],[28.399329,36.786081],[28.399018,36.786144],[28.398836,36.786107],[28.398757,36.786049],[28.398681,36.785975],[28.398519,36.785817],[28.398416,36.785665],[28.398386,36.785622],[28.398201,36.785487],[28.397864,36.785491],[28.397632,36.785572],[28.397329,36.785844],[28.397282,36.785886],[28.397199,36.785976],[28.397155,36.786024],[28.396924,36.786183],[28.396768,36.786205],[28.396301,36.78621],[28.396131,36.786148],[28.396092,36.786134],[28.396086,36.786128],[28.39588,36.785941],[28.395746,36.785668],[28.395535,36.785514],[28.39538,36.785555],[28.395226,36.785655],[28.395177,36.785812],[28.39518,36.785969],[28.394979,36.786344],[28.394867,36.786463],[28.394775,36.786561],[28.394742,36.786587],[28.394647,36.786661],[28.394363,36.786782],[28.394236,36.786901],[28.394265,36.787077],[28.394268,36.787233],[28.394192,36.787371],[28.394144,36.787587],[28.394071,36.787823],[28.393815,36.788061],[28.393455,36.788262],[28.393064,36.788423],[28.392681,36.788545],[28.392064,36.789007],[28.392054,36.789192],[28.392044,36.789218],[28.39205,36.789373],[28.39191,36.78946],[28.391568,36.789673],[28.391207,36.789814],[28.390403,36.789902],[28.389829,36.789732],[28.388683,36.789589],[28.388341,36.789338],[28.388027,36.789205],[28.387961,36.789199],[28.387481,36.789152],[28.386337,36.789107],[28.385868,36.789014],[28.385084,36.78873],[28.384667,36.788656],[28.384355,36.78866],[28.383864,36.788764],[28.383528,36.788885],[28.383459,36.788892],[28.383062,36.78893],[28.382644,36.788836],[28.382562,36.788583],[28.382532,36.788387],[28.382452,36.788271],[28.382245,36.788273],[28.382116,36.788353],[28.382094,36.788549],[28.382022,36.788883],[28.381845,36.78914],[28.381744,36.789337],[28.381644,36.789514],[28.38162,36.789652],[28.381629,36.790161],[28.381709,36.790277],[28.381775,36.790333],[28.382105,36.790625],[28.38237,36.790897],[28.382583,36.791208],[28.382678,36.791324],[28.382822,36.791499],[28.382957,36.791752],[28.383038,36.791966],[28.383015,36.792123],[28.382947,36.792566],[28.382776,36.793175],[28.382779,36.793312],[28.38281,36.793586],[28.38284,36.793801],[28.38292,36.793957],[28.382898,36.794173],[28.382847,36.794232],[28.382747,36.794409],[28.382466,36.794667],[28.382236,36.794885],[28.382032,36.795123],[28.381852,36.795223],[28.38137,36.795285],[28.381101,36.79531],[28.380635,36.795413],[28.380482,36.795552],[28.380462,36.795603],[28.380308,36.796005],[28.380287,36.796279],[28.38032,36.79669],[28.380301,36.797043],[28.380174,36.79724],[28.379378,36.797759],[28.378865,36.798098],[28.378429,36.798397],[28.377914,36.798638],[28.377344,36.798762],[28.377084,36.798745],[28.376691,36.798554],[28.376324,36.798343],[28.375957,36.798171],[28.375725,36.798291],[28.375676,36.798429],[28.375756,36.798526],[28.375705,36.798605],[28.375394,36.798647],[28.374188,36.79878],[28.373824,36.798745],[28.373484,36.798612],[28.373219,36.798321],[28.373138,36.798126],[28.373106,36.797833],[28.372998,36.79758],[28.372865,36.797405],[28.372575,36.797173],[28.37239,36.796999],[28.372255,36.796726],[28.372044,36.796533],[28.371675,36.796243],[28.371411,36.795992],[28.371177,36.795955],[28.370763,36.796058],[28.370455,36.796257],[28.37012,36.796418],[28.369578,36.7966],[28.369007,36.796646],[28.368409,36.796575],[28.368145,36.796382],[28.368062,36.796089],[28.367908,36.79595],[28.367825,36.795876],[28.367616,36.79582],[28.367358,36.795921],[28.367297,36.795992],[28.367256,36.796039],[28.366971,36.796062],[28.366765,36.796047],[28.366737,36.796045],[28.366322,36.796089],[28.366084,36.796156],[28.365883,36.796212],[28.3656,36.796411],[28.365397,36.796668],[28.365192,36.796807],[28.364699,36.796813],[28.364154,36.796878],[28.363611,36.797022],[28.363146,36.797144],[28.363087,36.797173],[28.362605,36.797405],[28.36204,36.797764],[28.361874,36.797905],[28.361759,36.798003],[28.361426,36.79832],[28.361095,36.798657],[28.360919,36.79888],[28.360892,36.798914],[28.360585,36.799191],[28.360555,36.7992],[28.360249,36.799293],[28.359757,36.799416],[28.359218,36.799736],[28.358604,36.800174],[28.358281,36.800404],[28.358077,36.800602],[28.357952,36.800858],[28.357827,36.801173],[28.357701,36.80135],[28.357547,36.80147],[28.35729,36.801629],[28.357215,36.801807],[28.357141,36.802023],[28.357042,36.802279],[28.356996,36.802612],[28.356719,36.803125],[28.356637,36.8033],[28.356544,36.803499],[28.356444,36.803621],[28.356137,36.803993],[28.355959,36.80423],[28.355679,36.804527],[28.355501,36.804745],[28.355417,36.805155],[28.355405,36.805216],[28.355359,36.80553],[28.355286,36.805825],[28.355112,36.806297],[28.35496,36.806514],[28.354524,36.806793],[28.353958,36.807113],[28.353603,36.807188],[28.353466,36.807217],[28.352794,36.80744],[28.352199,36.807584],[28.351759,36.807647],[28.351215,36.807752],[28.350593,36.807817],[28.349945,36.807825],[28.349398,36.807792],[28.348876,36.8077],[28.348161,36.80758],[28.34739,36.807403],[28.346738,36.807254],[28.346061,36.807144],[28.345229,36.807114],[28.344659,36.807179],[28.344323,36.807281],[28.343178,36.8079],[28.342843,36.80808],[28.341912,36.808326],[28.341263,36.808333],[28.340789,36.808239],[28.340553,36.808169],[28.340485,36.808151],[28.340423,36.808121],[28.34022,36.807957],[28.340198,36.807933],[28.340187,36.807895],[28.340133,36.807365],[28.340133,36.807361],[28.340129,36.807327],[28.339818,36.80737],[28.339819,36.807401],[28.339819,36.807416],[28.339822,36.807644],[28.339788,36.807711],[28.339767,36.807734],[28.339735,36.807755],[28.339301,36.80789],[28.339102,36.807968],[28.339051,36.807981],[28.339009,36.807981],[28.338763,36.80795],[28.338371,36.807837],[28.33793,36.807861],[28.33749,36.807964],[28.337156,36.808164],[28.336874,36.808402],[28.33662,36.808738],[28.336274,36.809322],[28.336038,36.809646],[28.335472,36.809926],[28.334929,36.810109],[28.334129,36.810271],[28.333297,36.810362],[28.330863,36.810424],[28.330156,36.810515],[28.32951,36.810698],[28.328866,36.811039],[28.328246,36.811222],[28.326975,36.811354],[28.32512,36.811901],[28.324126,36.812273],[28.32389,36.812362],[28.323652,36.812515],[28.323581,36.812561],[28.32335,36.812681],[28.323241,36.812737],[28.322963,36.812881],[28.322841,36.812965],[28.322013,36.813538],[28.321478,36.814132],[28.321273,36.814272],[28.320526,36.814691],[28.319577,36.815093],[28.318616,36.815378],[28.317637,36.815859],[28.317523,36.81591],[28.317259,36.815999],[28.317066,36.816047],[28.316939,36.816063],[28.316576,36.816145],[28.316007,36.816289],[28.315516,36.816451],[28.314551,36.816895],[28.31455,36.816912],[28.314539,36.816941],[28.314511,36.816952],[28.313581,36.81714],[28.313447,36.817158],[28.313261,36.817256],[28.313098,36.817228],[28.312923,36.817206],[28.312828,36.817194],[28.311997,36.817401],[28.31163,36.817492],[28.310313,36.817706],[28.309902,36.817712],[28.309548,36.817639],[28.309205,36.817543],[28.30885,36.817413],[28.308575,36.817278],[28.308147,36.817098],[28.307787,36.816946],[28.307359,36.816766],[28.306774,36.816536],[28.306223,36.816311],[28.305846,36.816147],[28.30566,36.816063],[28.305581,36.816012],[28.305496,36.815889],[28.305478,36.815763],[28.305632,36.815566],[28.305795,36.815489],[28.30589,36.815445],[28.305992,36.815346],[28.305939,36.815249],[28.305781,36.815133],[28.305316,36.814873],[28.304784,36.814576],[28.304755,36.81438],[28.304831,36.814282],[28.304931,36.814251],[28.305219,36.81416],[28.305347,36.814041],[28.305292,36.813865],[28.30508,36.813613],[28.304866,36.813302],[28.304834,36.81293],[28.304856,36.812675],[28.304905,36.812537],[28.305549,36.812178],[28.305649,36.811981],[28.305618,36.811687],[28.305533,36.811277],[28.305501,36.810866],[28.30539,36.810495],[28.30518,36.81036],[28.304762,36.810227],[28.304655,36.810033],[28.304704,36.809876],[28.304935,36.809677],[28.304958,36.809501],[28.304877,36.809306],[28.304719,36.809229],[28.304586,36.809034],[28.304677,36.808765],[28.304712,36.808651],[28.304657,36.808475],[28.304499,36.808359],[28.304193,36.808239],[28.304107,36.808207],[28.303974,36.808012],[28.303974,36.808],[28.30397,36.807816],[28.303993,36.80764],[28.304146,36.807462],[28.304221,36.807265],[28.304165,36.807031],[28.304033,36.806895],[28.303719,36.8068],[28.303653,36.806787],[28.302833,36.806634],[28.302152,36.806289],[28.301916,36.806174],[28.301759,36.806006],[28.301625,36.805863],[28.301597,36.805746],[28.301593,36.805511],[28.301409,36.805356],[28.301328,36.805201],[28.301428,36.804964],[28.301592,36.804765],[28.301606,36.804747],[28.301603,36.804551],[28.301601,36.804544],[28.301548,36.804395],[28.301338,36.804241],[28.30131,36.804143],[28.301357,36.803849],[28.301457,36.803613],[28.301662,36.803434],[28.30174,36.803414],[28.301843,36.803373],[28.301913,36.803292],[28.301945,36.803255],[28.301961,36.803185],[28.302017,36.80294],[28.302341,36.802357],[28.302494,36.802179],[28.302673,36.80204],[28.302757,36.80203],[28.303036,36.801997],[28.303322,36.802013],[28.303764,36.802008],[28.304097,36.801966],[28.304385,36.801904],[28.30472,36.801704],[28.305105,36.801445],[28.305412,36.801168],[28.305693,36.80089],[28.30582,36.800713],[28.305834,36.800615],[28.305843,36.800556],[28.305918,36.800398],[28.306075,36.800416],[28.306155,36.800415],[28.306256,36.800414],[28.306567,36.800371],[28.306774,36.800291],[28.307033,36.800288],[28.307267,36.800246],[28.307291,36.800167],[28.307288,36.799972],[28.307339,36.799912],[28.307625,36.799929],[28.307781,36.799966],[28.307963,36.799945],[28.307961,36.799866],[28.307829,36.799711],[28.307826,36.799548],[28.307825,36.799496],[28.308084,36.799414],[28.308176,36.799403],[28.308421,36.799372],[28.308652,36.799251],[28.308785,36.799149],[28.308883,36.799073],[28.308981,36.799067],[28.309609,36.799025],[28.309738,36.798926],[28.309787,36.798749],[28.310045,36.798688],[28.310384,36.798743],[28.310852,36.798777],[28.311167,36.798949],[28.311299,36.799066],[28.31148,36.799064],[28.311738,36.798943],[28.311809,36.798551],[28.311937,36.798432],[28.312144,36.798351],[28.312401,36.798211],[28.312475,36.798014],[28.312447,36.797877],[28.312419,36.797721],[28.312495,36.797622],[28.312651,36.797621],[28.312807,36.797658],[28.313066,36.797596],[28.313062,36.797401],[28.312953,36.797108],[28.312926,36.796991],[28.31289,36.796896],[28.312844,36.796776],[28.312826,36.796766],[28.312582,36.796622],[28.312191,36.796548],[28.312111,36.796432],[28.312213,36.796352],[28.312692,36.796292],[28.313057,36.796286],[28.313251,36.796282],[28.313587,36.7962],[28.313845,36.79606],[28.313946,36.795902],[28.31389,36.795687],[28.313654,36.795553],[28.313236,36.795381],[28.313234,36.795263],[28.31318,36.795166],[28.312868,36.79513],[28.312855,36.795127],[28.312503,36.795056],[28.311773,36.794907],[28.311333,36.794971],[28.310712,36.795135],[28.310591,36.795205],[28.309952,36.795574],[28.309824,36.795712],[28.309566,36.795793],[28.309047,36.795819],[28.308686,36.795979],[28.308558,36.796118],[28.308324,36.79612],[28.30801,36.795948],[28.307775,36.795892],[28.30741,36.795817],[28.307252,36.795662],[28.306862,36.795666],[28.30645,36.795847],[28.306245,36.796006],[28.305961,36.796127],[28.305546,36.79619],[28.30508,36.796274],[28.304797,36.796394],[28.304591,36.796514],[28.304359,36.796615],[28.303996,36.796677],[28.303506,36.796859],[28.303249,36.797038],[28.302836,36.797199],[28.302396,36.797302],[28.301953,36.797209],[28.301639,36.797056],[28.301454,36.796882],[28.301322,36.796765],[28.300879,36.796653],[28.300436,36.796599],[28.299993,36.796506],[28.299809,36.796351],[28.299804,36.796096],[28.299854,36.795978],[28.299893,36.795936],[28.299982,36.79584],[28.300137,36.795799],[28.300291,36.795699],[28.30047,36.795501],[28.300442,36.795384],[28.300283,36.795229],[28.300034,36.795182],[28.299892,36.795155],[28.299554,36.795081],[28.299268,36.795084],[28.299062,36.795164],[28.298985,36.795263],[28.298968,36.795332],[28.298937,36.795459],[28.298783,36.795598],[28.298603,36.795679],[28.298449,36.795798],[28.298451,36.795935],[28.298406,36.796115],[28.298402,36.796131],[28.2983,36.796211],[28.298066,36.796174],[28.298034,36.79616],[28.297673,36.796002],[28.297383,36.79577],[28.297331,36.795751],[28.296917,36.795814],[28.296815,36.795972],[28.296871,36.796187],[28.296873,36.796292],[28.296874,36.796344],[28.296719,36.796444],[28.296332,36.796546],[28.295811,36.796473],[28.295636,36.796404],[28.295471,36.79634],[28.295064,36.79609],[28.294545,36.796135],[28.294467,36.796155],[28.294287,36.796255],[28.29429,36.796412],[28.294284,36.79643],[28.294215,36.796628],[28.294036,36.796748],[28.293621,36.796792],[28.293464,36.796734],[28.293253,36.796521],[28.292835,36.796428],[28.292601,36.796391],[28.292339,36.796277],[28.292103,36.796103],[28.292047,36.795868],[28.291966,36.795693],[28.292015,36.795536],[28.29208,36.79537],[28.292115,36.79528],[28.292112,36.795123],[28.292084,36.794986],[28.291978,36.79485],[28.291741,36.794696],[28.291714,36.794618],[28.291738,36.7945],[28.291813,36.794343],[28.291786,36.794265],[28.291603,36.794208],[28.291498,36.794111],[28.291652,36.793992],[28.291781,36.793932],[28.291882,36.793813],[28.29188,36.793676],[28.291774,36.79356],[28.291722,36.79356],[28.291464,36.793641],[28.291414,36.79374],[28.291284,36.793781],[28.291009,36.79369],[28.290997,36.793686],[28.290839,36.79355],[28.290498,36.793358],[28.290029,36.793226],[28.288756,36.793259],[28.288264,36.793324],[28.28785,36.793406],[28.287537,36.793351],[28.287432,36.793293],[28.287431,36.793235],[28.287533,36.793077],[28.287632,36.792801],[28.287733,36.792624],[28.287726,36.792193],[28.287544,36.792215],[28.287184,36.792415],[28.287002,36.792417],[28.286922,36.79228],[28.286998,36.792181],[28.287048,36.792063],[28.287046,36.791926],[28.286972,36.791807],[28.286912,36.791712],[28.286673,36.791611],[28.286598,36.791579],[28.286103,36.791447],[28.285921,36.791468],[28.28587,36.791488],[28.285871,36.791567],[28.285873,36.791571],[28.285898,36.791625],[28.285927,36.791801],[28.285774,36.79196],[28.285204,36.792064],[28.284843,36.792244],[28.284716,36.792402],[28.284226,36.792584],[28.283889,36.792666],[28.283397,36.79271],[28.283217,36.79281],[28.283193,36.792928],[28.28322,36.793025],[28.283611,36.7931],[28.284001,36.793135],[28.284095,36.793204],[28.284212,36.793289],[28.284422,36.793463],[28.284657,36.7935],[28.284762,36.793557],[28.284791,36.793773],[28.284767,36.79391],[28.284641,36.794107],[28.284386,36.794423],[28.28416,36.794837],[28.283903,36.795016],[28.283435,36.795002],[28.283228,36.795024],[28.28323,36.79518],[28.283388,36.795316],[28.283366,36.795551],[28.283213,36.795709],[28.282383,36.795757],[28.282096,36.795702],[28.281834,36.795587],[28.281496,36.795551],[28.28043,36.795465],[28.278854,36.795589],[28.278414,36.795731],[28.277952,36.796049],[28.27777,36.796124],[28.277514,36.796189],[28.277311,36.796135],[28.277147,36.796058],[28.276702,36.795867],[28.276209,36.795892],[28.275589,36.796075],[28.275126,36.796334],[28.274633,36.796398],[28.274244,36.796402],[28.27391,36.796661],[28.27381,36.796916],[28.273322,36.797215],[28.273046,36.797264],[28.272726,36.79732],[28.272393,36.797578],[28.27198,36.797739],[28.271331,36.797766],[28.271023,36.798004],[28.270665,36.798321],[28.270649,36.798327],[28.270226,36.798483],[28.270033,36.798673],[28.269961,36.798792],[28.269999,36.798896],[28.270223,36.79901],[28.27034,36.799069],[28.270576,36.799204],[28.270528,36.799498],[28.270432,36.799969],[28.270388,36.80042],[28.270547,36.800614],[28.270883,36.800532],[28.270984,36.800375],[28.271061,36.800276],[28.271399,36.800331],[28.271713,36.800445],[28.272028,36.800638],[28.272318,36.800929],[28.272558,36.801259],[28.272668,36.80165],[28.272831,36.802059],[28.273014,36.802175],[28.273178,36.802156],[28.273377,36.802132],[28.273719,36.802363],[28.273801,36.802636],[28.273833,36.802969],[28.273837,36.803204],[28.273999,36.803575],[28.274082,36.803868],[28.274073,36.803909],[28.274009,36.804182],[28.273887,36.804692],[28.273859,36.805126],[28.273846,36.80532],[28.273727,36.805617],[28.273711,36.805632],[28.273465,36.805872],[28.273289,36.806188],[28.27332,36.806501],[28.273283,36.806639],[28.273214,36.806773],[28.273135,36.806836],[28.272783,36.807023],[28.272475,36.807262],[28.272144,36.807638],[28.271914,36.807875],[28.27109,36.808315],[28.270886,36.808533],[28.27086,36.808689],[28.27089,36.808826],[28.271018,36.809103],[28.271025,36.809119],[28.270976,36.809315],[28.2708,36.80963],[28.27057,36.809868],[28.269667,36.81025],[28.269359,36.810488],[28.269105,36.810844],[28.268808,36.811709],[28.268578,36.811927],[28.268268,36.812087],[28.268141,36.812225],[28.268085,36.812515],[28.268069,36.812598],[28.267867,36.812972],[28.266505,36.813868],[28.266016,36.814148],[28.265902,36.814236],[28.265825,36.814296],[28.265676,36.814399],[28.265746,36.814521],[28.26579,36.814601],[28.266078,36.814735],[28.266441,36.814731],[28.266854,36.81455],[28.267372,36.814135],[28.267897,36.813716],[28.268233,36.813575],[28.268492,36.813513],[28.268752,36.81355],[28.268844,36.813684],[28.268944,36.813819],[28.269187,36.813714],[28.269583,36.813541],[28.269972,36.813497],[28.270285,36.813572],[28.270643,36.813702],[28.270913,36.813801],[28.271279,36.813954],[28.271669,36.813989],[28.272085,36.813984],[28.272706,36.81386],[28.273223,36.813717],[28.273542,36.813541],[28.273584,36.813518],[28.273842,36.813417],[28.274076,36.813414],[28.274857,36.813524],[28.274942,36.813553],[28.275249,36.813656],[28.275668,36.813887],[28.276063,36.814196],[28.276069,36.814529],[28.275911,36.814801],[28.275864,36.814928],[28.275879,36.815055],[28.275897,36.815119],[28.276027,36.815176],[28.276363,36.815016],[28.276695,36.814679],[28.277515,36.814024],[28.277642,36.813807],[28.277894,36.813526],[28.278101,36.813293],[28.278382,36.813035],[28.278611,36.812758],[28.278634,36.812582],[28.278761,36.812404],[28.279093,36.812196],[28.27943,36.811986],[28.279765,36.811825],[28.280024,36.811783],[28.280284,36.8118],[28.280413,36.811885],[28.281282,36.812455],[28.281676,36.812686],[28.282484,36.812834],[28.28272,36.812969],[28.283088,36.813239],[28.283376,36.813354],[28.283636,36.81339],[28.284081,36.813561],[28.284631,36.813869],[28.285,36.814198],[28.285266,36.814567],[28.285374,36.814662],[28.285741,36.815013],[28.285901,36.815207],[28.286164,36.815439],[28.286426,36.815554],[28.286534,36.815807],[28.286747,36.816079],[28.28701,36.816292],[28.286909,36.816489],[28.286913,36.816704],[28.287094,36.816644],[28.287169,36.816466],[28.287403,36.816464],[28.287663,36.8165],[28.288151,36.816677],[28.289439,36.817049],[28.290318,36.817118],[28.290768,36.81727],[28.291033,36.81758],[28.291035,36.817705],[28.29103,36.817887],[28.291121,36.818089],[28.291254,36.818401],[28.291359,36.818597],[28.291441,36.818757],[28.291661,36.818812],[28.2921,36.818912],[28.292259,36.81908],[28.292339,36.819167],[28.292554,36.819206],[28.292625,36.81922],[28.292885,36.819237],[28.293068,36.819294],[28.293148,36.81943],[28.293411,36.819584],[28.293748,36.81958],[28.293931,36.819617],[28.294219,36.819771],[28.29448,36.819827],[28.294815,36.819666],[28.294861,36.819313],[28.294649,36.819081],[28.294621,36.818963],[28.295033,36.818743],[28.295421,36.818602],[28.295834,36.81848],[28.296327,36.818416],[28.297133,36.818485],[28.297444,36.818423],[28.297696,36.818169],[28.297797,36.817792],[28.297896,36.817498],[28.29823,36.817259],[28.299011,36.817368],[28.299534,36.817578],[28.29985,36.817809],[28.300796,36.818503],[28.301008,36.818658],[28.301168,36.818911],[28.301015,36.819109],[28.300759,36.819347],[28.300712,36.819641],[28.300793,36.819817],[28.300876,36.82009],[28.300879,36.820266],[28.300908,36.820442],[28.301193,36.820419],[28.301475,36.820162],[28.302035,36.81947],[28.302343,36.819251],[28.302601,36.81917],[28.302731,36.819169],[28.302989,36.819068],[28.302965,36.818922],[28.30296,36.818892],[28.30288,36.818736],[28.302928,36.81852],[28.30308,36.818303],[28.304007,36.817879],[28.304245,36.817847],[28.304475,36.817815],[28.304787,36.817851],[28.305181,36.818003],[28.305215,36.818033],[28.305471,36.818256],[28.305555,36.818569],[28.305512,36.818744],[28.305458,36.818963],[28.30523,36.819358],[28.305159,36.819729],[28.307119,36.820529],[28.307295,36.820354],[28.305805,36.819724],[28.305799,36.81939],[28.3059,36.819211],[28.306162,36.819227],[28.306371,36.819283],[28.306276,36.819677],[28.306481,36.819733],[28.306734,36.819359],[28.306996,36.819394],[28.30685,36.819867],[28.307082,36.819941],[28.307334,36.819509],[28.307492,36.819526],[28.307676,36.819622],[28.307728,36.819665],[28.307887,36.819796],[28.30802,36.819951],[28.308149,36.819969],[28.308381,36.819947],[28.308861,36.819139],[28.309003,36.819036],[28.309221,36.81888],[28.309358,36.818847],[28.309558,36.818798],[28.310285,36.818809],[28.310439,36.81869],[28.310905,36.818626],[28.311345,36.818504],[28.312196,36.818142],[28.31261,36.818039],[28.312766,36.818018],[28.312898,36.818056],[28.312977,36.818134],[28.312957,36.818429],[28.312859,36.818764],[28.312484,36.819474],[28.312381,36.819656],[28.312469,36.819862],[28.312478,36.819883],[28.312653,36.820268],[28.312927,36.82087],[28.312997,36.821028],[28.312885,36.821151],[28.312312,36.821728],[28.312213,36.821983],[28.312216,36.822198],[28.312585,36.822566],[28.312588,36.822683],[28.312667,36.822799],[28.312872,36.822777],[28.313097,36.822266],[28.313328,36.822048],[28.313666,36.822024],[28.314175,36.822735],[28.314262,36.822824],[28.314439,36.823005],[28.314832,36.823216],[28.315152,36.823625],[28.315421,36.824171],[28.315479,36.824504],[28.315516,36.82513],[28.315652,36.825539],[28.315732,36.825713],[28.315841,36.825948],[28.316028,36.826201],[28.316084,36.826437],[28.315936,36.826909],[28.315659,36.827461],[28.315356,36.827954],[28.315024,36.828271],[28.314662,36.828472],[28.314221,36.828575],[28.313755,36.828599],[28.313161,36.828782],[28.313049,36.828991],[28.313035,36.829018],[28.312937,36.829136],[28.312796,36.829104],[28.312619,36.829063],[28.312408,36.828928],[28.312325,36.828946],[28.311944,36.829031],[28.311938,36.82911],[28.311923,36.829302],[28.312083,36.829516],[28.312162,36.829737],[28.311905,36.829854],[28.311335,36.829919],[28.311001,36.830138],[28.310663,36.830181],[28.310554,36.830044],[28.310552,36.829894],[28.31055,36.82979],[28.310549,36.829711],[28.310443,36.829537],[28.310239,36.829617],[28.310268,36.829792],[28.310246,36.830007],[28.310064,36.83009],[28.309517,36.830037],[28.309255,36.82993],[28.30877,36.829429],[28.308716,36.829374],[28.308515,36.829168],[28.308507,36.828832],[28.308442,36.828587],[28.308424,36.82852],[28.308318,36.828385],[28.307825,36.828351],[28.307542,36.828433],[28.307313,36.828669],[28.307224,36.828938],[28.307094,36.828977],[28.306658,36.828984],[28.306358,36.828987],[28.305841,36.828973],[28.305148,36.828977],[28.304437,36.829033],[28.303043,36.829164],[28.302527,36.829228],[28.30223,36.829323],[28.301901,36.829482],[28.301536,36.829672],[28.301377,36.829783],[28.301128,36.829998],[28.300925,36.830194],[28.300684,36.830427],[28.300564,36.830508],[28.300423,36.830604],[28.29998,36.830863],[28.299139,36.831343],[28.29835,36.831817],[28.298265,36.831892],[28.298251,36.831941],[28.298141,36.832185],[28.298044,36.832338],[28.297957,36.83244],[28.297876,36.832525],[28.297762,36.832602],[28.297524,36.832767],[28.296978,36.832989],[28.29654,36.833229],[28.296026,36.8335],[28.295973,36.833529],[28.295641,36.833825],[28.295561,36.83395],[28.29555,36.833968],[28.295537,36.83403],[28.295561,36.834059],[28.295725,36.834193],[28.295934,36.834289],[28.296121,36.834393],[28.29613,36.834435],[28.296134,36.834627],[28.296117,36.834664],[28.295992,36.834902],[28.295737,36.835261],[28.295491,36.835595],[28.29547,36.835632],[28.295449,36.835758],[28.295195,36.835888],[28.295132,36.835904],[28.295099,36.835904],[28.294662,36.835874],[28.294401,36.836042],[28.294369,36.836075],[28.294344,36.83611],[28.294292,36.836322],[28.294285,36.836367],[28.2943,36.836395],[28.294441,36.836618],[28.294681,36.836988],[28.294844,36.837378],[28.29484,36.838191],[28.294777,36.838426],[28.294766,36.838467],[28.294697,36.838642],[28.294551,36.838799],[28.294485,36.839037],[28.294377,36.839234],[28.294122,36.839601],[28.293767,36.839826],[28.293458,36.839893],[28.293162,36.84001],[28.293062,36.840077],[28.292982,36.840213],[28.29286,36.840308],[28.292759,36.840372],[28.292643,36.840414],[28.292468,36.840584],[28.292262,36.840822],[28.291848,36.841013],[28.291271,36.841304],[28.290906,36.841558],[28.290377,36.841728],[28.289778,36.841722],[28.289389,36.841837],[28.288874,36.842058],[28.288593,36.842334],[28.288343,36.842553],[28.288121,36.842749],[28.287978,36.842882],[28.287347,36.843342],[28.287171,36.843517],[28.287037,36.843771],[28.287007,36.843801],[28.286672,36.844001],[28.286437,36.844004],[28.2861,36.844047],[28.285934,36.844097],[28.285765,36.844148],[28.285483,36.844307],[28.285536,36.84446],[28.285756,36.844397],[28.285819,36.844379],[28.286082,36.844454],[28.286083,36.844476],[28.285593,36.844797],[28.285569,36.844818],[28.285184,36.845153],[28.284723,36.845549],[28.284623,36.845745],[28.284678,36.845958],[28.285043,36.846111],[28.285251,36.846148],[28.28537,36.846141],[28.285667,36.846124],[28.286056,36.846061],[28.286366,36.845999],[28.286578,36.846153],[28.286268,36.846298],[28.286038,36.846456],[28.286202,36.846922],[28.285974,36.84726],[28.285287,36.847735],[28.284956,36.848071],[28.284727,36.848347],[28.284419,36.848645],[28.284188,36.848844],[28.283722,36.848966],[28.283644,36.848994],[28.283283,36.849128],[28.282866,36.849132],[28.282501,36.849019],[28.282113,36.849082],[28.281803,36.849242],[28.281593,36.849146],[28.281335,36.849208],[28.281052,36.849407],[28.280897,36.849467],[28.280452,36.849296],[28.279958,36.849281],[28.279674,36.849363],[28.278389,36.850258],[28.27767,36.850755],[28.277387,36.850953],[28.27716,36.85121],[28.277316,36.851363],[28.277498,36.851439],[28.277782,36.851358],[28.279912,36.849709],[28.280069,36.849707],[28.280099,36.849846],[28.278842,36.85076],[28.278971,36.850913],[28.28023,36.850097],[28.280311,36.850155],[28.278978,36.851151],[28.27916,36.851322],[28.280443,36.850389],[28.280604,36.850545],[28.279426,36.851479],[28.279607,36.851611],[28.28076,36.850718],[28.280921,36.850835],[28.280024,36.851512],[28.280284,36.851721],[28.281,36.851068],[28.28126,36.851026],[28.28122,36.851485],[28.281177,36.851981],[28.281153,36.852264],[28.280976,36.852326],[28.28092,36.852346],[28.280806,36.851897],[28.280732,36.851907],[28.280654,36.851918],[28.28066,36.851967],[28.280743,36.852621],[28.280482,36.852665],[28.280365,36.852191],[28.280313,36.851981],[28.280083,36.851983],[28.280143,36.852349],[28.28021,36.852757],[28.280227,36.852861],[28.280018,36.852905],[28.279976,36.85272],[28.279924,36.852488],[28.279819,36.852025],[28.279565,36.852048],[28.279684,36.852625],[28.279695,36.852677],[28.279762,36.853003],[28.27963,36.853026],[28.279552,36.852694],[28.279542,36.852653],[28.279404,36.852069],[28.279072,36.852092],[28.279213,36.852602],[28.279275,36.852824],[28.279347,36.853086],[28.279165,36.853129],[28.279085,36.852902],[28.278966,36.852564],[28.278836,36.852193],[28.27858,36.852195],[28.278687,36.85252],[28.278842,36.852988],[28.278934,36.853267],[28.278674,36.85335],[28.278578,36.853073],[28.27837,36.852471],[28.278262,36.852159],[28.278672,36.851819],[28.27859,36.851491],[28.277767,36.851792],[28.278012,36.852415],[28.278119,36.852687],[28.278175,36.852941],[28.278179,36.853174],[28.278179,36.853177],[28.27813,36.853375],[28.278021,36.853487],[28.277929,36.853451],[28.277746,36.853384],[28.277625,36.85328],[28.27753,36.8532],[28.277038,36.852969],[28.27655,36.852756],[28.276147,36.852577],[28.275961,36.852437],[28.276055,36.852278],[28.276264,36.852216],[28.276471,36.852253],[28.27653,36.852213],[28.276677,36.852114],[28.276831,36.852034],[28.276933,36.851975],[28.276932,36.851859],[28.276697,36.851765],[28.276694,36.851645],[28.27664,36.851472],[28.276461,36.851454],[28.276388,36.851767],[28.276179,36.85181],[28.27598,36.851694],[28.275973,36.851458],[28.275961,36.85134],[28.275958,36.851144],[28.275877,36.85095],[28.275719,36.850757],[28.275267,36.85023],[28.275264,36.850075],[28.275029,36.849922],[28.27466,36.849612],[28.27448,36.849634],[28.274171,36.849773],[28.273734,36.850092],[28.273373,36.850253],[28.273114,36.850315],[28.27304,36.85049],[28.273071,36.850803],[28.273058,36.850975],[28.272558,36.851281],[28.272389,36.851398],[28.272355,36.851421],[28.272211,36.851612],[28.272151,36.851713],[28.272281,36.851808],[28.272461,36.851806],[28.270832,36.853037],[28.270737,36.853061],[28.270609,36.853075],[28.27022,36.85301],[28.270135,36.852986],[28.269489,36.852802],[28.269119,36.852806],[28.269021,36.852807],[28.268361,36.852661],[28.267164,36.852161],[28.265481,36.851124],[28.265229,36.850989],[28.264388,36.850352],[28.264153,36.850191],[28.263703,36.84991],[28.263085,36.849472],[28.262401,36.848981],[28.261716,36.848479],[28.260928,36.847859],[28.260461,36.847485],[28.259662,36.846837],[28.259129,36.84642],[28.258742,36.84611],[28.25779,36.845257],[28.257799,36.845246],[28.25791,36.845117],[28.258201,36.845329],[28.25831,36.845261],[28.258326,36.845251],[28.258012,36.844944],[28.257979,36.844963],[28.257673,36.845147],[28.257638,36.845168],[28.25749,36.845056],[28.257463,36.845036],[28.257492,36.845006],[28.257739,36.844747],[28.257754,36.844732],[28.257771,36.844743],[28.257847,36.84464],[28.257801,36.844599],[28.257716,36.844688],[28.257733,36.844711],[28.257717,36.844727],[28.257461,36.844981],[28.257436,36.845005],[28.257295,36.844905],[28.256654,36.84444],[28.255576,36.84352],[28.2549,36.84296],[28.254691,36.842734],[28.254647,36.842685],[28.254367,36.842063],[28.254293,36.841978],[28.253898,36.841526],[28.254043,36.84142],[28.254054,36.841431],[28.254115,36.841382],[28.254086,36.841343],[28.25402,36.841397],[28.254025,36.841409],[28.253881,36.841508],[28.253718,36.841318],[28.252703,36.84029],[28.251814,36.83955],[28.25104,36.838967],[28.250772,36.838765],[28.250217,36.838332],[28.249572,36.837886],[28.249098,36.837493],[28.248927,36.83738],[28.249276,36.837099],[28.24959,36.836848],[28.249461,36.836696],[28.249151,36.836913],[28.248755,36.83719],[28.248521,36.836885],[28.248174,36.836606],[28.248067,36.83652],[28.247485,36.836052],[28.247395,36.835897],[28.247356,36.835669],[28.247338,36.835566],[28.247203,36.835273],[28.24707,36.83504],[28.247003,36.834917],[28.246254,36.834053],[28.246375,36.833967],[28.246324,36.833894],[28.246137,36.834001],[28.24556,36.833291],[28.245118,36.832881],[28.245019,36.832767],[28.244606,36.832293],[28.244662,36.832266],[28.245046,36.832081],[28.245019,36.831948],[28.244551,36.832094],[28.244548,36.832095],[28.244532,36.832065],[28.243814,36.830713],[28.243787,36.830697],[28.243662,36.830624],[28.243634,36.83035],[28.243611,36.830119],[28.243607,36.830072],[28.243517,36.82913],[28.243542,36.82905],[28.243669,36.828892],[28.243823,36.828714],[28.243845,36.82852],[28.243714,36.828385],[28.243503,36.82823],[28.243526,36.828032],[28.244174,36.827945],[28.244196,36.827732],[28.244168,36.827597],[28.243884,36.8276],[28.243625,36.827642],[28.243391,36.827605],[28.243176,36.827369],[28.243227,36.827212],[28.243409,36.82717],[28.243482,36.827015],[28.243327,36.82694],[28.243067,36.826883],[28.242855,36.82665],[28.242901,36.826354],[28.242942,36.825688],[28.243067,36.825392],[28.243262,36.824567],[28.243364,36.824409],[28.243496,36.824446],[28.243502,36.824702],[28.243658,36.824836],[28.243837,36.824795],[28.243912,36.82462],[28.243882,36.824347],[28.243695,36.824055],[28.24351,36.823822],[28.243584,36.823584],[28.243789,36.823425],[28.243812,36.82327],[28.243604,36.823176],[28.243522,36.822979],[28.24346,36.822372],[28.243875,36.822346],[28.243899,36.822232],[28.243434,36.822217],[28.24348,36.821998],[28.243555,36.821674],[28.243526,36.821479],[28.24342,36.821323],[28.243412,36.821304],[28.243365,36.821186],[28.243388,36.82097],[28.243461,36.820674],[28.24347,36.820662],[28.243614,36.820457],[28.243903,36.820591],[28.244002,36.820513],[28.243665,36.820362],[28.243764,36.820162],[28.243857,36.819476],[28.243881,36.819319],[28.243985,36.819277],[28.244116,36.819295],[28.244195,36.819314],[28.244328,36.819431],[28.244312,36.820038],[28.244516,36.820036],[28.244531,36.819353],[28.244399,36.819198],[28.244031,36.818927],[28.244027,36.818711],[28.243997,36.818477],[28.243837,36.818243],[28.243679,36.81807],[28.243411,36.817882],[28.243154,36.817702],[28.243046,36.817527],[28.243322,36.817522],[28.24354,36.817519],[28.243511,36.817366],[28.243272,36.817348],[28.243045,36.817332],[28.242797,36.816608],[28.242968,36.816519],[28.243339,36.816327],[28.243258,36.816136],[28.242864,36.816282],[28.242718,36.816336],[28.242608,36.816141],[28.242394,36.815771],[28.24215,36.814976],[28.242148,36.814832],[28.242147,36.814756],[28.242146,36.814723],[28.24204,36.814528],[28.241905,36.814418],[28.241829,36.814355],[28.241643,36.814101],[28.241588,36.81393],[28.241368,36.813242],[28.241353,36.813223],[28.240679,36.812408],[28.239829,36.811797],[28.23955,36.811597],[28.239272,36.811436],[28.238576,36.811023],[28.236953,36.809907],[28.236112,36.809288],[28.236024,36.809186],[28.235742,36.808861],[28.235505,36.808687],[28.235298,36.80865],[28.235216,36.808658],[28.235064,36.808672],[28.234883,36.808713],[28.234814,36.808712],[28.234698,36.808678],[28.234484,36.808611],[28.234202,36.808427],[28.233888,36.808179],[28.233543,36.807884],[28.233408,36.807592],[28.23319,36.806966],[28.233468,36.806874],[28.234043,36.806682],[28.233989,36.806509],[28.23338,36.80667],[28.233137,36.806734],[28.233155,36.806398],[28.233087,36.805425],[28.233155,36.805151],[28.233185,36.805031],[28.23344,36.804715],[28.233515,36.804539],[28.233512,36.804343],[28.233692,36.804163],[28.233956,36.804336],[28.234267,36.804353],[28.234576,36.804232],[28.234726,36.803979],[28.234521,36.803923],[28.234342,36.804121],[28.234185,36.804123],[28.233818,36.80395],[28.234225,36.803473],[28.234249,36.803336],[28.234246,36.803199],[28.234681,36.802665],[28.234806,36.802468],[28.235037,36.80223],[28.235294,36.802031],[28.235575,36.801833],[28.235728,36.801635],[28.23575,36.801444],[28.235751,36.801439],[28.235853,36.801321],[28.236034,36.80122],[28.236321,36.801217],[28.236733,36.801075],[28.23699,36.800877],[28.237298,36.800678],[28.237532,36.800597],[28.237639,36.800733],[28.237843,36.800672],[28.237892,36.800536],[28.237891,36.800458],[28.238048,36.800396],[28.238204,36.800414],[28.238444,36.800667],[28.238656,36.800939],[28.238893,36.80119],[28.239207,36.801343],[28.239598,36.801476],[28.239858,36.801513],[28.240089,36.801452],[28.240164,36.801276],[28.240291,36.801059],[28.240701,36.800681],[28.240982,36.800405],[28.241424,36.800321],[28.242012,36.80055],[28.242557,36.800584],[28.243077,36.800617],[28.243243,36.800666],[28.243547,36.800752],[28.243914,36.800924],[28.244226,36.80096],[28.244334,36.800966],[28.244798,36.800993],[28.245086,36.801166],[28.245321,36.801223],[28.245604,36.801043],[28.245573,36.800711],[28.245463,36.800379],[28.245462,36.800354],[28.245458,36.800046],[28.245479,36.799771],[28.245658,36.799554],[28.245862,36.799336],[28.246094,36.799197],[28.24635,36.798998],[28.246536,36.79879],[28.24658,36.798741],[28.24681,36.798504],[28.247088,36.79843],[28.24712,36.798422],[28.247145,36.798416],[28.247379,36.798361],[28.24748,36.798164],[28.247486,36.798136],[28.247528,36.797948],[28.24763,36.797849],[28.247802,36.797887],[28.247969,36.797924],[28.248231,36.798038],[28.248491,36.798094],[28.248671,36.797975],[28.248591,36.797839],[28.248276,36.797607],[28.248217,36.797544],[28.247942,36.797247],[28.247906,36.797209],[28.247848,36.796876],[28.247844,36.796582],[28.247864,36.79623],[28.247991,36.796072],[28.248275,36.795951],[28.248585,36.79583],[28.248971,36.79565],[28.249254,36.795431],[28.249795,36.795191],[28.250183,36.795069],[28.250489,36.794772],[28.250772,36.794554],[28.250951,36.794395],[28.250922,36.794239],[28.250713,36.794123],[28.250398,36.793911],[28.250265,36.793716],[28.250312,36.793461],[28.250413,36.793284],[28.250595,36.793243],[28.250727,36.793418],[28.250832,36.793495],[28.250908,36.793357],[28.251009,36.79316],[28.251004,36.792886],[28.251002,36.792749],[28.251258,36.792531],[28.251857,36.792603],[28.252171,36.792737],[28.252773,36.793063],[28.253007,36.793041],[28.253109,36.792923],[28.253079,36.792688],[28.252789,36.792456],[28.25263,36.792242],[28.252678,36.792006],[28.252936,36.791886],[28.253195,36.791864],[28.253949,36.791895],[28.254262,36.79197],[28.254426,36.791975],[28.25473,36.791985],[28.254991,36.79208],[28.255667,36.792092],[28.255857,36.792203],[28.255929,36.792246],[28.256136,36.792244],[28.256342,36.792124],[28.2563,36.791976],[28.256287,36.791929],[28.256153,36.791676],[28.255917,36.791541],[28.255863,36.791424],[28.256041,36.791168],[28.256038,36.790992],[28.25601,36.790855],[28.255486,36.790456],[28.255377,36.790323],[28.255248,36.790165],[28.25514,36.789892],[28.255137,36.789735],[28.255341,36.789517],[28.255347,36.789505],[28.255417,36.78936],[28.255413,36.789164],[28.255385,36.789008],[28.255435,36.78887],[28.255639,36.788652],[28.255688,36.788475],[28.255633,36.7883],[28.25542,36.787969],[28.255338,36.787735],[28.255153,36.787541],[28.254708,36.78731],[28.25455,36.787267],[28.254082,36.787141],[28.253715,36.786929],[28.252898,36.786193],[28.252606,36.785844],[28.252601,36.78553],[28.252848,36.784673],[28.252871,36.784496],[28.252764,36.784341],[28.25271,36.784204],[28.252393,36.783855],[28.252103,36.783603],[28.25197,36.783389],[28.252045,36.783251],[28.252224,36.783073],[28.252414,36.782937],[28.252584,36.782815],[28.253273,36.782082],[28.253607,36.781863],[28.253811,36.781626],[28.253912,36.781449],[28.253987,36.781272],[28.254296,36.781112],[28.25471,36.781029],[28.254942,36.78089],[28.255371,36.780121],[28.255367,36.779906],[28.255312,36.77973],[28.255102,36.779595],[28.254946,36.779557],[28.254764,36.77954],[28.254525,36.779248],[28.254288,36.779035],[28.253762,36.778649],[28.253425,36.778633],[28.252875,36.778384],[28.252615,36.778367],[28.252176,36.77849],[28.251841,36.77865],[28.251143,36.778873],[28.250661,36.778973],[28.250442,36.778921],[28.250076,36.778788],[28.249774,36.778492],[28.249759,36.778477],[28.249122,36.777641],[28.248719,36.776753],[28.248548,36.775833],[28.248578,36.774938],[28.248583,36.774775],[28.248649,36.77403],[28.24865,36.77402],[28.248718,36.77352],[28.248818,36.773243],[28.248971,36.773026],[28.249256,36.772944],[28.249568,36.772941],[28.250058,36.772798],[28.250393,36.772619],[28.250672,36.772323],[28.250823,36.771988],[28.250975,36.771752],[28.251467,36.771589],[28.251881,36.771525],[28.252317,36.771227],[28.252548,36.771049],[28.252727,36.770851],[28.252935,36.770829],[28.253146,36.770944],[28.253383,36.771137],[28.253541,36.771274],[28.253649,36.771469],[28.253599,36.771589],[28.252907,36.772164],[28.253178,36.772902],[28.253604,36.772588],[28.254529,36.771971],[28.255298,36.771435],[28.2555,36.77112],[28.255701,36.770686],[28.255749,36.770451],[28.255927,36.770234],[28.256289,36.770033],[28.256829,36.769733],[28.257086,36.769574],[28.257395,36.769394],[28.257496,36.769257],[28.257676,36.769156],[28.257803,36.76902],[28.257749,36.768923],[28.257853,36.768841],[28.258164,36.768759],[28.258398,36.768757],[28.258655,36.768695],[28.258892,36.768752],[28.259074,36.768828],[28.259279,36.768728],[28.259432,36.76857],[28.259641,36.768587],[28.259824,36.768644],[28.260079,36.768505],[28.260102,36.76829],[28.260176,36.768093],[28.26028,36.768032],[28.260568,36.768107],[28.260673,36.768184],[28.260931,36.768103],[28.261005,36.767947],[28.261367,36.767785],[28.262066,36.767699],[28.262221,36.767619],[28.263598,36.767605],[28.263856,36.767563],[28.264294,36.767343],[28.264455,36.767308],[28.264864,36.767219],[28.265331,36.767234],[28.265567,36.767329],[28.265697,36.767347],[28.26585,36.767268],[28.265976,36.76711],[28.266261,36.766969],[28.267222,36.76692],[28.26746,36.766845],[28.27078,36.765356],[28.271009,36.765253],[28.271017,36.764996],[28.271097,36.762395],[28.270653,36.759759],[28.270634,36.759646],[28.270632,36.759535],[28.270673,36.759448],[28.270728,36.759356],[28.272233,36.756845],[28.272237,36.756775],[28.272226,36.756702],[28.270711,36.753934],[28.270673,36.753855],[28.270643,36.753788],[28.270594,36.753604],[28.269884,36.750865],[28.27054,36.747882],[28.273635,36.746016],[28.277614,36.745738],[28.280806,36.746636],[28.281159,36.746735],[28.285141,36.747763],[28.285446,36.747799],[28.285746,36.747833],[28.288952,36.747984],[28.289176,36.747973],[28.289431,36.747909],[28.292274,36.746915],[28.292542,36.746798],[28.292756,36.746648],[28.295065,36.744624],[28.295265,36.744439],[28.297474,36.742402],[28.29943,36.740237],[28.299528,36.740067],[28.299628,36.739785],[28.300161,36.737256],[28.300226,36.736975],[28.300061,36.736775],[28.298666,36.734778],[28.298314,36.734275],[28.296036,36.731937],[28.296042,36.731886],[28.296291,36.7318],[28.298686,36.730962],[28.299384,36.730718],[28.303084,36.730459],[28.303368,36.730444],[28.303102,36.730247],[28.300476,36.728303],[28.297791,36.726882],[28.297313,36.72663],[28.294707,36.72426],[28.29396,36.723317],[28.292374,36.721317],[28.290003,36.719266],[28.289792,36.719074],[28.289525,36.719076],[28.286573,36.719208],[28.286234,36.719209],[28.286071,36.719298],[28.283233,36.720734],[28.282989,36.720867],[28.282867,36.721046],[28.281322,36.723626],[28.280081,36.726343],[28.279967,36.726641],[28.280006,36.726909],[28.280437,36.729468],[28.280236,36.73222],[28.280217,36.732544],[28.279991,36.732667],[28.277347,36.733967],[28.277122,36.734087],[28.276834,36.734012],[28.272823,36.733065],[28.269929,36.732224],[28.269521,36.732144],[28.269155,36.732102],[28.265828,36.731934],[28.262542,36.732296],[28.262246,36.732304],[28.262046,36.73225],[28.258508,36.731123],[28.255316,36.730337],[28.255098,36.730254],[28.254844,36.730098],[28.252988,36.728168],[28.252812,36.727984],[28.252837,36.727728],[28.253176,36.724889],[28.25127,36.722559],[28.251147,36.722385],[28.251043,36.722172],[28.249798,36.719216],[28.24736,36.717205],[28.247209,36.717072],[28.247035,36.717084],[28.246627,36.717112],[28.243528,36.717328],[28.243243,36.717344],[28.242977,36.717215],[28.242419,36.716907],[28.240001,36.715575],[28.239777,36.715457],[28.239657,36.715273],[28.23795,36.712647],[28.235949,36.710064],[28.235769,36.709893],[28.235632,36.709828],[28.232526,36.708773],[28.232282,36.708664],[28.232079,36.708553],[28.229707,36.706798],[28.229366,36.706546],[28.2273,36.704289],[28.227193,36.704195],[28.227215,36.704112],[28.227252,36.703974],[28.228094,36.701304],[28.228129,36.701186],[28.228317,36.701234],[28.231425,36.702028],[28.231581,36.702065],[28.231478,36.70197],[28.228657,36.698777],[28.22579,36.696861],[28.225621,36.696749],[28.225567,36.696535],[28.224787,36.693899],[28.224737,36.693699],[28.224706,36.693415],[28.22452,36.69037],[28.222194,36.687597],[28.222055,36.687423],[28.221877,36.68744],[28.217079,36.687831],[28.212685,36.688566],[28.208552,36.688042],[28.205551,36.689562],[28.205298,36.689674],[28.205093,36.689504],[28.202857,36.687653],[28.199708,36.686432],[28.196404,36.684643],[28.193293,36.683438],[28.193029,36.683326],[28.192791,36.683295],[28.188838,36.682902],[28.185116,36.682096],[28.18486,36.68207],[28.184734,36.681884],[28.183191,36.679683],[28.183068,36.67953],[28.182941,36.679484],[28.179512,36.67821],[28.176097,36.678459],[28.175841,36.678513],[28.175619,36.67861],[28.173772,36.679804],[28.170354,36.682014],[28.170075,36.682227],[28.169789,36.682209],[28.167085,36.68224],[28.166294,36.682249],[28.165991,36.68223],[28.16575,36.682155],[28.162776,36.680576],[28.159748,36.678005],[28.156866,36.675953],[28.156733,36.675839],[28.156676,36.675584],[28.156135,36.672639],[28.15609,36.67243],[28.156243,36.672309],[28.159042,36.670217],[28.161305,36.667901],[28.1614,36.667742],[28.161318,36.667644],[28.160804,36.666906],[28.159522,36.665063],[28.158984,36.664435],[28.157201,36.662349],[28.154319,36.660095],[28.151677,36.658445],[28.151452,36.658309],[28.151314,36.658127],[28.149091,36.655171],[28.148962,36.655018],[28.148797,36.654918],[28.147259,36.654087],[28.145242,36.652996],[28.143182,36.650002],[28.143063,36.649841],[28.143141,36.649598],[28.145089,36.644573],[28.14528,36.64408],[28.145385,36.643874],[28.145365,36.643597],[28.145321,36.641038],[28.145277,36.640864],[28.145215,36.640672],[28.143995,36.638261],[28.139063,36.632374],[28.13727,36.629633],[28.135556,36.627238],[28.135443,36.627043],[28.135349,36.626815],[28.134219,36.623283],[28.132869,36.620871],[28.132711,36.620673],[28.132561,36.620524],[28.130165,36.618753],[28.128089,36.616591],[28.125487,36.614124],[28.125309,36.613938],[28.125157,36.613722],[28.123788,36.611281],[28.121974,36.609155],[28.121767,36.608909],[28.121676,36.608608],[28.120853,36.605714],[28.118462,36.602865],[28.115785,36.599939],[28.113241,36.597842],[28.113061,36.597702],[28.11287,36.597593],[28.110015,36.596139],[28.109804,36.596034],[28.109634,36.595819],[28.108004,36.593281],[28.106003,36.590984],[28.105865,36.59084],[28.105654,36.590769],[28.10256,36.590418],[28.102144,36.590386],[28.101965,36.59016],[28.099669,36.587314],[28.095529,36.585987],[28.093903,36.585696],[28.091837,36.585327],[28.088188,36.584406],[28.087993,36.58439],[28.087873,36.584539],[28.086466,36.587083],[28.086323,36.587327],[28.08614,36.587464],[28.083703,36.589074],[28.083561,36.589156],[28.083492,36.589348],[28.083133,36.592064],[28.080386,36.59412],[28.080184,36.594266],[28.080025,36.594198],[28.079195,36.593827],[28.076373,36.592569],[28.07619,36.592508],[28.076029,36.592471],[28.072058,36.592181],[28.068629,36.591267],[28.068422,36.591189],[28.068199,36.591063],[28.065756,36.588936],[28.062885,36.587021],[28.060735,36.584287],[28.06059,36.58412],[28.060423,36.583992],[28.056411,36.581717],[28.055572,36.581876],[28.052555,36.582448],[28.052488,36.58493],[28.05249,36.585309],[28.052298,36.585185],[28.04776,36.58238],[28.045017,36.579551],[28.046959,36.576674],[28.048945,36.575779],[28.050343,36.57515],[28.050296,36.572178],[28.047355,36.570186],[28.047148,36.570079],[28.046951,36.569985],[28.043792,36.569048],[28.043547,36.568965],[28.040983,36.567725],[28.04078,36.567607],[28.040532,36.56743],[28.038119,36.565218],[28.036427,36.564292],[28.034333,36.563145],[28.034059,36.562995],[28.033823,36.562892],[28.033592,36.562854],[28.031636,36.562751],[28.030129,36.562672],[28.026444,36.563055],[28.027526,36.565563],[28.027586,36.565774],[28.027602,36.565935],[28.027268,36.568443],[28.027209,36.568606],[28.027113,36.568739],[28.024151,36.570853],[28.02105,36.572253],[28.018956,36.574562],[28.016453,36.576738],[28.016225,36.576856],[28.016105,36.57683],[28.013503,36.57621],[28.012351,36.575935],[28.012214,36.575874],[28.012169,36.575743],[28.01228,36.574137],[28.012386,36.572866],[28.012407,36.572559],[28.014457,36.570047],[28.017551,36.568622],[28.0176,36.568541],[28.017961,36.566429],[28.018108,36.565856],[28.018164,36.565627],[28.017458,36.565748],[28.014343,36.566281],[28.01061,36.566641],[28.008082,36.565383],[28.00694,36.564815],[28.006927,36.564808],[28.006714,36.564726],[28.006482,36.564691],[28.00308,36.564334],[27.999616,36.564972],[27.999397,36.564988],[27.999152,36.56492],[27.996598,36.563597],[27.992603,36.561158],[27.988643,36.558485],[27.985384,36.556558],[27.982323,36.553464],[27.982257,36.55348],[27.980931,36.55605],[27.980931,36.55623],[27.981652,36.558784],[27.981687,36.55957],[27.981753,36.560413],[27.981848,36.561616],[27.981898,36.564627],[27.981209,36.567392],[27.980013,36.570134],[27.9779,36.572915],[27.975767,36.574884],[27.975562,36.57504],[27.975352,36.575148],[27.971709,36.575893],[27.971503,36.57594],[27.971298,36.576049],[27.970086,36.577049],[27.968748,36.578153],[27.966818,36.580597],[27.966677,36.5808],[27.966807,36.580913],[27.969398,36.58285],[27.969571,36.582963],[27.969851,36.582958],[27.974367,36.58312],[27.974482,36.583127],[27.974663,36.583185],[27.977903,36.584399],[27.978018,36.584437],[27.978059,36.584602],[27.977876,36.586771],[27.977852,36.587055],[27.977789,36.587285],[27.977711,36.587501],[27.976149,36.589892],[27.975988,36.590068],[27.975849,36.590256],[27.971426,36.594657],[27.971224,36.594799],[27.971066,36.594934],[27.967756,36.596875],[27.964775,36.598056],[27.961736,36.599083],[27.961533,36.599153],[27.961467,36.599296],[27.960801,36.601803],[27.960738,36.602023],[27.960879,36.602132],[27.963056,36.604294],[27.965692,36.6058],[27.9698,36.607977],[27.973172,36.609297],[27.973433,36.609722],[27.974744,36.611857],[27.974859,36.611889],[27.978044,36.610865],[27.978984,36.610834],[27.985345,36.610631],[27.985479,36.610624],[27.986692,36.610562],[27.986777,36.610505],[27.986897,36.610428],[27.989497,36.609114],[27.989674,36.608975],[27.989841,36.608848],[27.990654,36.608063],[27.991957,36.606806],[27.992129,36.606716],[27.992277,36.606725],[27.995731,36.606691],[27.999201,36.607068],[27.999573,36.607109],[28.001016,36.606893],[28.003683,36.606495],[28.007231,36.606344],[28.011496,36.606648],[28.014817,36.606514],[28.01533,36.606493],[28.01889,36.605421],[28.022501,36.604087],[28.023609,36.603647],[28.025924,36.602728],[28.027182,36.60287],[28.029624,36.603145],[28.034046,36.604356],[28.04257,36.604498],[28.046129,36.605033],[28.049418,36.606367],[28.052988,36.607588],[28.056813,36.606977],[28.058266,36.606233],[28.059772,36.605462],[28.06178,36.60675],[28.06278,36.607391],[28.062939,36.607533],[28.063032,36.607694],[28.064284,36.610211],[28.064384,36.61036],[28.064605,36.610595],[28.06756,36.612809],[28.068919,36.613581],[28.070715,36.614602],[28.07347,36.617143],[28.075767,36.619578],[28.076821,36.62231],[28.076953,36.622654],[28.078559,36.625265],[28.080736,36.628099],[28.083895,36.630123],[28.084938,36.630701],[28.086371,36.631495],[28.087387,36.632077],[28.089919,36.633604],[28.092836,36.636112],[28.0954,36.638574],[28.096734,36.641872],[28.096219,36.644702],[28.096213,36.644735],[28.094906,36.646421],[28.094122,36.647432],[28.091865,36.650138],[28.091765,36.650245],[28.091613,36.650314],[28.088552,36.651169],[28.088399,36.651229],[28.088326,36.651342],[28.087607,36.653791],[28.085653,36.656378],[28.085478,36.656564],[28.085242,36.65667],[28.081524,36.65739],[28.074369,36.659097],[28.074205,36.659105],[28.074035,36.659037],[28.071986,36.656736],[28.071855,36.656548],[28.071707,36.656328],[28.0706,36.654135],[28.070505,36.653944],[28.070439,36.653707],[28.069738,36.650968],[28.06782,36.648667],[28.064923,36.650131],[28.064821,36.650229],[28.064796,36.650359],[28.0656,36.652928],[28.066619,36.6556],[28.066673,36.655794],[28.066536,36.655869],[28.066347,36.655954],[28.063478,36.657241],[28.063272,36.657309],[28.063149,36.657288],[28.06001,36.656617],[28.059852,36.656596],[28.059645,36.65656],[28.055692,36.656612],[28.05569,36.656709],[28.057252,36.658945],[28.057438,36.659137],[28.057629,36.659232],[28.060799,36.66078],[28.063533,36.662805],[28.06585,36.665525],[28.067344,36.668267],[28.067505,36.66852],[28.067645,36.668697],[28.06949,36.670862],[28.071942,36.673005],[28.071481,36.673432],[28.070719,36.674184],[28.069427,36.675444],[28.066758,36.674205],[28.065506,36.674149],[28.062766,36.674025],[28.058309,36.67395],[28.056609,36.674291],[28.0513,36.675355],[28.051147,36.67541],[28.051021,36.675519],[28.050083,36.677394],[28.049806,36.677948],[28.049723,36.678095],[28.049731,36.678216],[28.049768,36.67832],[28.049963,36.678876],[28.050665,36.679979],[28.051286,36.680909],[28.05153,36.681576],[28.051924,36.68233],[28.052134,36.68273],[28.052208,36.683408],[28.052102,36.683863],[28.051466,36.684351],[28.050555,36.685051],[28.048559,36.686264],[28.047678,36.686336],[28.045388,36.687434],[28.045294,36.687957],[28.045508,36.688671],[28.045443,36.688907],[28.044786,36.689645],[28.044751,36.690052],[28.044156,36.691054],[28.044104,36.691142],[28.044044,36.691143],[28.043676,36.691146],[28.043022,36.690964],[28.042783,36.690938],[28.042751,36.691012],[28.043249,36.691171],[28.043259,36.691478],[28.043202,36.691748],[28.043069,36.692378],[28.042942,36.692452],[28.041978,36.692537],[28.041968,36.692352],[28.041936,36.691796],[28.042402,36.691457],[28.042412,36.691319],[28.042328,36.691288],[28.042031,36.691404],[28.041618,36.691711],[28.04165,36.692061],[28.041625,36.692445],[28.041607,36.692728],[28.040654,36.692781],[28.039987,36.692696],[28.039172,36.692389],[28.038695,36.692188],[28.038569,36.691861],[28.036334,36.686077],[28.036432,36.685973],[28.038705,36.683988],[28.040942,36.681565],[28.041835,36.678869],[28.041848,36.678682],[28.04179,36.678489],[28.040569,36.675967],[28.039812,36.673],[28.036626,36.672118],[28.03635,36.672067],[28.036049,36.672013],[28.033383,36.672038],[28.032968,36.672042],[28.032619,36.672004],[28.032335,36.671966],[28.02961,36.671359],[28.029253,36.671226],[28.029065,36.671067],[28.028754,36.670732],[28.027145,36.668996],[28.026955,36.668784],[28.026744,36.668785],[28.023283,36.668722],[28.022982,36.668765],[28.022706,36.668836],[28.021721,36.669318],[28.019965,36.670178],[28.017104,36.671366],[28.016821,36.671448],[28.016516,36.671502],[28.013057,36.671218],[28.012053,36.671051],[28.009329,36.670597],[28.009248,36.670606],[28.009167,36.670632],[28.008199,36.672049],[28.007496,36.673079],[28.007411,36.673174],[28.007322,36.673233],[28.003858,36.673942],[28.000436,36.674081],[28.000165,36.67407],[27.999969,36.673986],[27.99922,36.67358],[27.996438,36.67207],[27.992774,36.670783],[27.99267,36.670747],[27.992606,36.670755],[27.989613,36.671812],[27.98937,36.671908],[27.989139,36.672047],[27.986784,36.673697],[27.98656,36.67383],[27.986288,36.673864],[27.982526,36.673469],[27.978621,36.673508],[27.978398,36.673492],[27.978243,36.673643],[27.97781,36.673999],[27.975588,36.67583],[27.973757,36.677667],[27.973672,36.677743],[27.973509,36.677847],[27.973332,36.677876],[27.973296,36.67787],[27.97003,36.677318],[27.969945,36.677304],[27.969682,36.677212],[27.969497,36.67708],[27.969474,36.677052],[27.967864,36.675154],[27.967692,36.674951],[27.967615,36.67488],[27.967517,36.674889],[27.963935,36.675656],[27.963855,36.675719],[27.963807,36.675923],[27.963854,36.676655],[27.96396,36.678291],[27.963966,36.678434],[27.964026,36.678658],[27.96678,36.683901],[27.9669,36.684154],[27.967176,36.684185],[27.970379,36.684747],[27.970635,36.684801],[27.970866,36.68487],[27.973794,36.685817],[27.973985,36.685912],[27.974163,36.686091],[27.975541,36.688241],[27.975652,36.688469],[27.975707,36.68865],[27.976365,36.691135],[27.976446,36.691231],[27.976525,36.691265],[27.979593,36.691752],[27.979637,36.691757],[27.979827,36.691778],[27.979881,36.691604],[27.979917,36.691488],[27.980679,36.689292],[27.98077,36.689013],[27.98065,36.688788],[27.979556,36.686525],[27.979455,36.686297],[27.979472,36.68602],[27.979674,36.683629],[27.979698,36.683446],[27.979899,36.683415],[27.983169,36.682977],[27.983393,36.68296],[27.983597,36.68316],[27.985581,36.685082],[27.985829,36.685354],[27.985859,36.685583],[27.986139,36.688189],[27.986131,36.688453],[27.986097,36.688687],[27.9857,36.690392],[27.985552,36.691027],[27.985528,36.691247],[27.985497,36.691439],[27.985533,36.693835],[27.985522,36.694136],[27.985688,36.694237],[27.988072,36.695907],[27.988354,36.696058],[27.988766,36.696156],[27.989037,36.696217],[27.991477,36.696764],[27.991696,36.696809],[27.991839,36.696669],[27.993784,36.694756],[27.99394,36.694608],[27.994081,36.694778],[27.996104,36.696999],[27.996588,36.69734],[27.998844,36.69893],[27.999024,36.699075],[27.999155,36.699246],[28.001294,36.701933],[28.00307,36.704312],[28.003231,36.704457],[28.003411,36.704537],[28.00629,36.705412],[28.00646,36.705469],[28.00655,36.705273],[28.007519,36.702835],[28.007566,36.702695],[28.007608,36.702485],[28.008072,36.699837],[28.008125,36.699787],[28.008202,36.699784],[28.011678,36.701409],[28.013571,36.70283],[28.01467,36.703655],[28.014822,36.703822],[28.01498,36.704002],[28.016319,36.70609],[28.016425,36.706236],[28.016642,36.706374],[28.019812,36.707858],[28.019998,36.707919],[28.020273,36.707851],[28.023273,36.706551],[28.026446,36.705561],[28.026666,36.705506],[28.026825,36.705494],[28.030159,36.705563],[28.03027,36.705569],[28.030612,36.705654],[28.031936,36.706125],[28.033593,36.706714],[28.033859,36.70676],[28.034049,36.706785],[28.03786,36.706748],[28.037876,36.706747],[28.03805,36.706712],[28.038194,36.706619],[28.038204,36.706612],[28.040202,36.704647],[28.040323,36.704532],[28.042759,36.70658],[28.042995,36.707386],[28.04366,36.709656],[28.043989,36.712539],[28.044567,36.715539],[28.044671,36.715842],[28.044795,36.715958],[28.047006,36.717593],[28.047259,36.717731],[28.047541,36.717813],[28.051403,36.718668],[28.051737,36.7187],[28.052038,36.718737],[28.055245,36.718895],[28.055563,36.718938],[28.055846,36.719011],[28.059818,36.720129],[28.06301,36.72124],[28.066048,36.722431],[28.072164,36.724469],[28.075092,36.725702],[28.081262,36.727501],[28.0816,36.727614],[28.082075,36.727772],[28.085414,36.729331],[28.085651,36.729417],[28.085952,36.729452],[28.089016,36.72952],[28.089233,36.729509],[28.089294,36.729197],[28.089517,36.728231],[28.089827,36.726893],[28.08989,36.726623],[28.089908,36.726305],[28.090103,36.723734],[28.090101,36.723547],[28.090335,36.723766],[28.092542,36.725782],[28.092728,36.725941],[28.093046,36.726047],[28.096091,36.727021],[28.096681,36.72721],[28.096868,36.727275],[28.09689,36.727049],[28.096938,36.726654],[28.097159,36.724831],[28.097216,36.724367],[28.097239,36.724183],[28.097097,36.724096],[28.093935,36.722268],[28.093193,36.722013],[28.090321,36.721026],[28.090112,36.720939],[28.089815,36.720932],[28.088587,36.720868],[28.087835,36.720826],[28.087676,36.720455],[28.08612,36.718994],[28.085675,36.718443],[28.085527,36.717903],[28.085527,36.717469],[28.085654,36.717215],[28.085763,36.717021],[28.086395,36.715901],[28.086649,36.715181],[28.086871,36.714345],[28.088375,36.713021],[28.088492,36.712671],[28.088216,36.712576],[28.087549,36.712407],[28.087369,36.712068],[28.087314,36.711737],[28.087285,36.711559],[28.08751,36.711318],[28.087581,36.711242],[28.087941,36.710966],[28.08829,36.710532],[28.088873,36.709886],[28.089021,36.709494],[28.089138,36.709018],[28.089126,36.708938],[28.089053,36.708446],[28.089403,36.708202],[28.089678,36.707895],[28.090514,36.707599],[28.09062,36.70744],[28.090875,36.707154],[28.09116,36.707112],[28.091382,36.707184],[28.091616,36.70726],[28.092696,36.70727],[28.093543,36.707038],[28.093861,36.707006],[28.093946,36.707154],[28.093978,36.707398],[28.094105,36.707504],[28.094973,36.707684],[28.095291,36.707631],[28.095757,36.707546],[28.095555,36.707218],[28.095111,36.706974],[28.094952,36.7069],[28.095143,36.706593],[28.095238,36.706127],[28.095492,36.705888],[28.096032,36.705629],[28.096435,36.705343],[28.096449,36.705337],[28.097271,36.704973],[28.098019,36.704754],[28.098785,36.704909],[28.098997,36.705184],[28.0992,36.705337],[28.099463,36.705534],[28.100957,36.706169],[28.101602,36.706214],[28.103683,36.70959],[28.104021,36.709983],[28.105704,36.711937],[28.107451,36.713461],[28.109181,36.715065],[28.110624,36.716372],[28.111326,36.716866],[28.113278,36.718237],[28.113454,36.718362],[28.113596,36.718541],[28.115324,36.721226],[28.115357,36.721384],[28.114629,36.721907],[28.114489,36.722009],[28.113157,36.722987],[28.112278,36.723611],[28.112648,36.72574],[28.113083,36.727932],[28.117583,36.728059],[28.118573,36.728054],[28.118981,36.728029],[28.122477,36.727556],[28.126333,36.726763],[28.126658,36.726718],[28.126912,36.726697],[28.129783,36.726577],[28.130132,36.726562],[28.130288,36.726547],[28.13027,36.726735],[28.130072,36.729141],[28.130038,36.72942],[28.129861,36.72954],[28.127318,36.731245],[28.127102,36.731365],[28.126824,36.731514],[28.12595,36.7319],[28.120837,36.734156],[28.120377,36.734315],[28.120105,36.734399],[28.117053,36.735051],[28.113217,36.735318],[28.109987,36.736158],[28.109561,36.736265],[28.109372,36.736365],[28.108993,36.736574],[28.106396,36.738007],[28.10612,36.738121],[28.105858,36.738242],[28.102501,36.739383],[28.102281,36.739406],[28.102076,36.739437],[28.098802,36.739379],[28.094747,36.739306],[28.0947,36.739305],[28.094367,36.739342],[28.094111,36.739362],[28.094021,36.739384],[28.090106,36.740375],[28.087051,36.741698],[28.086898,36.741769],[28.08672,36.741937],[28.084862,36.744046],[28.084618,36.744325],[28.084557,36.74472],[28.08449,36.745137],[28.084289,36.746386],[28.084169,36.747129],[28.084118,36.747527],[28.084202,36.747733],[28.085415,36.750355],[28.085629,36.750698],[28.085983,36.750896],[28.089739,36.752608],[28.091568,36.754113],[28.092241,36.754668],[28.092479,36.754858],[28.092551,36.755094],[28.092671,36.755483],[28.093533,36.758285],[28.09375,36.760217],[28.093828,36.760914],[28.093876,36.761182],[28.093951,36.761484],[28.094825,36.763873],[28.094955,36.7641],[28.095109,36.764309],[28.097082,36.766361],[28.098372,36.767225],[28.098915,36.767589],[28.099923,36.768264],[28.10011,36.768392],[28.100425,36.768299],[28.101286,36.768068],[28.103538,36.767462],[28.103648,36.767432],[28.105072,36.766957],[28.107186,36.766252],[28.110149,36.764617],[28.112987,36.766495],[28.112971,36.766685],[28.112935,36.766811],[28.112079,36.7694],[28.111886,36.770084],[28.111215,36.772452],[28.11115,36.772736],[28.111284,36.772777],[28.11201,36.773049],[28.114128,36.77384],[28.114813,36.774097],[28.115023,36.774165],[28.11515,36.773981],[28.116822,36.771806],[28.116968,36.771649],[28.117075,36.771557],[28.119915,36.769769],[28.122601,36.767773],[28.122719,36.76767],[28.122699,36.767498],[28.122245,36.764486],[28.122587,36.761905],[28.122619,36.761617],[28.122855,36.761472],[28.128431,36.757829],[28.128593,36.757709],[28.128765,36.757493],[28.129944,36.755133],[28.130037,36.754965],[28.130242,36.755025],[28.131858,36.756],[28.132028,36.756155],[28.131202,36.75776],[28.130533,36.758977],[28.129963,36.760144],[28.129708,36.760621],[28.129818,36.760871],[28.130328,36.762035],[28.131186,36.764037],[28.131679,36.76515],[28.132394,36.767518],[28.13167,36.769064],[28.131591,36.769191],[28.130846,36.769445],[28.130449,36.769588],[28.127484,36.771713],[28.126594,36.772412],[28.126339,36.772523],[28.125434,36.772825],[28.124772,36.773046],[28.124766,36.773048],[28.124767,36.77306],[28.124851,36.774584],[28.124993,36.776915],[28.125025,36.777454],[28.124962,36.777661],[28.123988,36.779267],[28.123423,36.780198],[28.12336,36.780357],[28.123376,36.78061],[28.123566,36.784623],[28.123661,36.784845],[28.126183,36.787827],[28.126546,36.788383],[28.129661,36.793485],[28.129066,36.797739],[28.124969,36.799323],[28.121589,36.801531],[28.118342,36.803284],[28.116271,36.803959],[28.115395,36.804245],[28.115077,36.804347],[28.114671,36.804228],[28.114262,36.804104],[28.11113,36.803156],[28.107636,36.803013],[28.105201,36.802925],[28.103978,36.802855],[28.103619,36.802846],[28.103329,36.802753],[28.100802,36.801875],[28.098199,36.799501],[28.09588,36.797013],[28.092848,36.795938],[28.092782,36.796455],[28.091981,36.79769],[28.090649,36.799378],[28.090575,36.799487],[28.090427,36.799704],[28.088467,36.801842],[28.086774,36.804159],[28.085081,36.805495],[28.082854,36.806921],[28.080359,36.807901],[28.077419,36.80799],[28.07439,36.80799],[28.070826,36.80799],[28.068153,36.808792],[28.065213,36.809772],[28.062272,36.810306],[28.056565,36.811543],[28.056546,36.811547],[28.056333,36.811926],[28.056247,36.812117],[28.056192,36.812238],[28.056161,36.812309],[28.05611,36.812479],[28.056044,36.812699],[28.05602,36.812893],[28.056019,36.8129],[28.055996,36.813088],[28.056003,36.813439],[28.056004,36.813482],[28.05603,36.81368],[28.056057,36.813878],[28.056143,36.814264],[28.056146,36.814274],[28.056204,36.814464],[28.056237,36.814575],[28.058714,36.816729],[28.059611,36.817521],[28.05974,36.817721],[28.061254,36.820076],[28.061379,36.82021],[28.061495,36.820311],[28.064105,36.821609],[28.064362,36.821737],[28.064537,36.821815],[28.064526,36.822035],[28.064566,36.824496],[28.064594,36.824667],[28.064377,36.824815],[28.061465,36.827007],[28.061284,36.827083],[28.061264,36.827077],[28.061148,36.82704],[28.060283,36.826672],[28.055468,36.824551],[28.05298,36.826877],[28.054668,36.828706],[28.056405,36.830751],[28.056505,36.830924],[28.056599,36.831179],[28.05696,36.833031],[28.057124,36.833877],[28.057176,36.834027],[28.056913,36.833946],[28.056041,36.833732],[28.053592,36.833133],[28.050161,36.832367],[28.046607,36.829907],[28.045098,36.831267],[28.044275,36.832008],[28.043544,36.832251],[28.043346,36.83229],[28.043103,36.832292],[28.042269,36.832167],[28.039751,36.83179],[28.036467,36.83067],[28.036186,36.830591],[28.035945,36.830527],[28.032962,36.829963],[28.032805,36.829908],[28.032611,36.829801],[28.031759,36.829017],[28.030437,36.8278],[28.030265,36.827702],[28.030073,36.827649],[28.026292,36.827469],[28.023658,36.827753],[28.022736,36.827852],[28.018949,36.828541],[28.018788,36.828607],[28.018652,36.828738],[28.017088,36.831111],[28.015126,36.833371],[28.014978,36.833512],[28.014783,36.833611],[28.011966,36.834728],[28.011724,36.834813],[28.011457,36.834768],[28.008627,36.834233],[28.008311,36.834194],[28.008097,36.834256],[28.005128,36.835483],[28.004909,36.835578],[28.005071,36.835674],[28.007542,36.837122],[28.007724,36.83721],[28.007996,36.837332],[28.008274,36.837423],[28.011503,36.838483],[28.015794,36.839582],[28.016778,36.839717],[28.019361,36.840073],[28.019661,36.840147],[28.019771,36.840255],[28.020824,36.841489],[28.021622,36.842424],[28.021667,36.842502],[28.021555,36.842593],[28.019046,36.844553],[28.018852,36.844655],[28.018626,36.844753],[28.015664,36.84548],[28.015518,36.845528],[28.015423,36.845724],[28.014973,36.848175],[28.014883,36.848417],[28.014763,36.848617],[28.012987,36.85096],[28.012855,36.851156],[28.012603,36.851184],[28.010715,36.851406],[28.008833,36.851627],[28.008613,36.851671],[28.008391,36.851776],[28.005909,36.853411],[28.005759,36.853499],[28.005902,36.853618],[28.008629,36.855429],[28.011936,36.857342],[28.015384,36.859136],[28.016769,36.861867],[28.019647,36.864042],[28.019836,36.864196],[28.019972,36.864176],[28.022845,36.862374],[28.024771,36.860258],[28.024995,36.860085],[28.025279,36.859955],[28.028492,36.858887],[28.032633,36.859417],[28.035413,36.859881],[28.036221,36.860016],[28.036503,36.8601],[28.036633,36.860288],[28.03872,36.863932],[28.039446,36.8652],[28.040528,36.865741],[28.042281,36.867281],[28.042488,36.867371],[28.042708,36.867241],[28.044987,36.865564],[28.045146,36.865492],[28.045202,36.865466],[28.045441,36.865457],[28.048361,36.865426],[28.048679,36.86545],[28.048972,36.86562],[28.051407,36.867335],[28.051552,36.867402],[28.051771,36.867363],[28.054477,36.866141],[28.054711,36.866085],[28.054989,36.866091],[28.058015,36.866544],[28.058267,36.866583],[28.058348,36.866861],[28.059088,36.869203],[28.059189,36.869413],[28.058906,36.869497],[28.055612,36.870381],[28.05466,36.870482],[28.052427,36.87072],[28.052108,36.870752],[28.051861,36.870862],[28.049177,36.872271],[28.048956,36.8724],[28.049195,36.872486],[28.051987,36.873523],[28.052234,36.873609],[28.052537,36.873589],[28.055676,36.873275],[28.055836,36.873259],[28.056073,36.873228],[28.05605,36.873446],[28.055949,36.874046],[28.055604,36.876089],[28.055566,36.876337],[28.055688,36.876496],[28.057332,36.878762],[28.057453,36.87892],[28.057467,36.878938],[28.057491,36.87923],[28.057769,36.881787],[28.057795,36.882011],[28.057566,36.881933],[28.054853,36.880929],[28.054457,36.8808],[28.054218,36.880782],[28.051235,36.88062],[28.050901,36.880626],[28.050628,36.880728],[28.04744,36.882006],[28.043846,36.883538],[28.041279,36.885544],[28.041045,36.885748],[28.041096,36.885978],[28.041585,36.887745],[28.041719,36.888231],[28.04181,36.888499],[28.041978,36.888673],[28.042714,36.889439],[28.043961,36.890736],[28.046504,36.892436],[28.04963,36.894309],[28.049856,36.894444],[28.049919,36.894705],[28.050431,36.897161],[28.050463,36.89741],[28.05016,36.897468],[28.046928,36.898024],[28.043219,36.897948],[28.035389,36.898715],[28.031924,36.899448],[28.031502,36.899531],[28.031183,36.899654],[28.028464,36.900827],[28.028248,36.900944],[28.02803,36.901078],[28.025673,36.903321],[28.025466,36.903519],[28.025217,36.903537],[28.020883,36.90404],[28.020477,36.904097],[28.017717,36.904488],[28.017649,36.904585],[28.017574,36.907754],[28.017577,36.908043],[28.018113,36.908128],[28.021216,36.908453],[28.024849,36.908652],[28.028613,36.909405],[28.03229,36.910295],[28.035848,36.909798],[28.039258,36.908965],[28.042686,36.909147],[28.042826,36.909154],[28.04286,36.909338],[28.043275,36.91161],[28.043451,36.912576],[28.042591,36.913086],[28.040196,36.914508],[28.039947,36.914675],[28.039751,36.914937],[28.038428,36.917033],[28.038217,36.91731],[28.03786,36.917447],[28.034701,36.918501],[28.033428,36.918702],[28.030883,36.919104],[28.02939,36.919217],[28.027298,36.919376],[28.02366,36.92039],[28.023479,36.920448],[28.02348,36.920693],[28.023568,36.922044],[28.023631,36.922992],[28.02365,36.923313],[28.023526,36.923515],[28.022389,36.925483],[28.022267,36.925694],[28.022128,36.925957],[28.022336,36.926034],[28.025281,36.927275],[28.025558,36.9274],[28.025848,36.927281],[28.028482,36.92619],[28.028692,36.926057],[28.02888,36.925897],[28.030828,36.923795],[28.031026,36.923676],[28.031221,36.923645],[28.034775,36.923186],[28.038353,36.923948],[28.042201,36.923591],[28.042405,36.923545],[28.042625,36.923471],[28.045163,36.921799],[28.045374,36.921735],[28.045614,36.921693],[28.049505,36.921551],[28.049725,36.921592],[28.049951,36.921719],[28.051641,36.923038],[28.052471,36.923687],[28.053817,36.926086],[28.053949,36.926314],[28.054198,36.92636],[28.061348,36.927912],[28.068259,36.929694],[28.07105,36.930864],[28.071946,36.93124],[28.071916,36.931263],[28.071782,36.93128],[28.068205,36.93162],[28.068005,36.931639],[28.063555,36.931215],[28.059744,36.930945],[28.055866,36.930856],[28.051933,36.931209],[28.051614,36.931246],[28.04831,36.93163],[28.046036,36.931912],[28.046119,36.934093],[28.046174,36.935528],[28.046188,36.935894],[28.051884,36.936057],[28.05515,36.936312],[28.059585,36.936963],[28.06397,36.937972],[28.068418,36.939523],[28.071939,36.941377],[28.074792,36.943072],[28.07486,36.943106],[28.075035,36.943171],[28.075261,36.943175],[28.075487,36.943145],[28.07856,36.942488],[28.081878,36.941647],[28.086402,36.940018],[28.088353,36.939636],[28.089827,36.939347],[28.090071,36.939249],[28.090384,36.93906],[28.092425,36.937381],[28.092627,36.937169],[28.092783,36.936891],[28.093875,36.934564],[28.093536,36.931369],[28.096993,36.931544],[28.097267,36.931551],[28.097413,36.931717],[28.099424,36.933677],[28.099535,36.933867],[28.099561,36.934057],[28.099474,36.936676],[28.098609,36.939175],[28.098524,36.939433],[28.098763,36.939572],[28.100253,36.940443],[28.101194,36.940993],[28.101397,36.941105],[28.101622,36.940967],[28.104226,36.939231],[28.104365,36.939139],[28.106521,36.938481],[28.107854,36.938075],[28.108009,36.938016],[28.1116,36.93666],[28.113193,36.933904],[28.113312,36.933801],[28.113438,36.933712],[28.116807,36.932369],[28.120403,36.93416],[28.122927,36.936018],[28.123004,36.936075],[28.124927,36.938319],[28.125021,36.938454],[28.125224,36.938353],[28.12801,36.936819],[28.130682,36.934502],[28.132155,36.932589],[28.132636,36.931964],[28.135336,36.930076],[28.13545,36.93003],[28.135533,36.930074],[28.135871,36.930425],[28.137541,36.932157],[28.137591,36.932248],[28.137655,36.932391],[28.138089,36.935171],[28.138113,36.93533],[28.138308,36.93528],[28.141414,36.934415],[28.14149,36.934324],[28.141504,36.934201],[28.141176,36.93084],[28.141805,36.927657],[28.141863,36.927519],[28.141945,36.927393],[28.144352,36.924747],[28.146581,36.921636],[28.14917,36.923653],[28.149273,36.92379],[28.14928,36.92393],[28.148381,36.926759],[28.148834,36.929851],[28.148853,36.930085],[28.149092,36.930018],[28.152418,36.92923],[28.155699,36.9279],[28.159068,36.92669],[28.1592,36.926619],[28.159241,36.926485],[28.159256,36.926435],[28.159703,36.923868],[28.159765,36.923668],[28.1596,36.923631],[28.156028,36.92296],[28.155727,36.922903],[28.155858,36.922759],[28.157656,36.920766],[28.158651,36.919846],[28.160218,36.918394],[28.161018,36.915185],[28.160966,36.91217],[28.160984,36.912027],[28.161029,36.911827],[28.162139,36.909244],[28.162205,36.909143],[28.162334,36.909038],[28.165306,36.907434],[28.165422,36.9074],[28.165573,36.907474],[28.167929,36.909616],[28.167973,36.909682],[28.167983,36.909831],[28.166106,36.912496],[28.165077,36.915202],[28.16503,36.915302],[28.165122,36.915419],[28.169044,36.917377],[28.171509,36.918948],[28.172079,36.91931],[28.172186,36.919395],[28.172264,36.91955],[28.172377,36.920162],[28.172521,36.920814],[28.172722,36.921801],[28.172118,36.921801],[28.171994,36.921772],[28.171802,36.921638],[28.171477,36.921351],[28.171285,36.921188],[28.171093,36.921159],[28.170873,36.92114],[28.170528,36.921082],[28.169647,36.920536],[28.169474,36.920335],[28.169417,36.920115],[28.169329,36.919922],[28.168995,36.919683],[28.168698,36.919616],[28.168535,36.919568],[28.168343,36.919396],[28.168047,36.9193],[28.16773,36.9193],[28.167309,36.919147],[28.16704,36.919108],[28.166686,36.919262],[28.166418,36.919482],[28.166408,36.919702],[28.166561,36.919923],[28.166849,36.920316],[28.16706,36.920728],[28.166916,36.920929],[28.166849,36.921293],[28.166916,36.921523],[28.167088,36.92159],[28.167242,36.921523],[28.167338,36.921322],[28.167663,36.921111],[28.168027,36.921015],[28.168401,36.921063],[28.168717,36.92113],[28.169091,36.921149],[28.169417,36.921293],[28.16979,36.921542],[28.170174,36.922069],[28.170193,36.922385],[28.170087,36.922596],[28.169723,36.922941],[28.169714,36.923056],[28.16956,36.9232],[28.169705,36.923351],[28.171595,36.925509],[28.171732,36.925675],[28.171837,36.925958],[28.172289,36.927461],[28.172733,36.928939],[28.172813,36.929234],[28.172719,36.929382],[28.171011,36.932117],[28.170874,36.932296],[28.170663,36.932446],[28.16789,36.933905],[28.167775,36.934009],[28.167709,36.934141],[28.166892,36.936613],[28.166845,36.936823],[28.166413,36.936785],[28.163725,36.936424],[28.162288,36.936231],[28.1621,36.936194],[28.162154,36.93634],[28.162573,36.937342],[28.163216,36.938881],[28.163298,36.939],[28.163442,36.939041],[28.170552,36.938521],[28.170704,36.938523],[28.170701,36.938644],[28.170751,36.94153],[28.170727,36.941673],[28.170616,36.941757],[28.167351,36.942891],[28.163362,36.943279],[28.160003,36.945059],[28.159821,36.945154],[28.15991,36.945313],[28.161048,36.947546],[28.161157,36.947784],[28.161314,36.947873],[28.163905,36.94969],[28.164047,36.94979],[28.166962,36.951188],[28.167143,36.951207],[28.167287,36.951172],[28.16818,36.950892],[28.170257,36.950243],[28.170497,36.950178],[28.1705,36.949985],[28.170853,36.947312],[28.173513,36.945229],[28.173677,36.945119],[28.173716,36.945283],[28.174429,36.947843],[28.173268,36.950321],[28.173186,36.950448],[28.173218,36.950528],[28.173703,36.951144],[28.175141,36.952969],[28.175256,36.953108],[28.17735,36.951443],[28.180074,36.949214],[28.180274,36.949079],[28.180577,36.948993],[28.183926,36.948508],[28.187932,36.947828],[28.188118,36.94782],[28.188032,36.947604],[28.186855,36.945193],[28.186827,36.945126],[28.186829,36.945062],[28.186827,36.945025],[28.186882,36.944952],[28.188606,36.942648],[28.192165,36.942146],[28.194659,36.94398],[28.194719,36.944117],[28.19476,36.944292],[28.194676,36.946918],[28.195634,36.94942],[28.195723,36.949619],[28.195928,36.94972],[28.199491,36.950893],[28.199773,36.951001],[28.199994,36.951136],[28.202767,36.952902],[28.202948,36.953017],[28.203113,36.953187],[28.205045,36.955065],[28.205219,36.955256],[28.205376,36.955519],[28.206326,36.957385],[28.206432,36.957595],[28.206583,36.957895],[28.206591,36.958164],[28.206761,36.960878],[28.206754,36.961003],[28.206711,36.961274],[28.206702,36.961378],[28.206684,36.961457],[28.206191,36.963589],[28.206108,36.963894],[28.205991,36.964144],[28.204746,36.966309],[28.204615,36.966498],[28.204431,36.966743],[28.202206,36.969013],[28.202156,36.969723],[28.201992,36.972025],[28.201988,36.972223],[28.202217,36.972267],[28.205309,36.97292],[28.205584,36.972992],[28.205738,36.973137],[28.207728,36.974976],[28.207891,36.97511],[28.208201,36.975169],[28.211738,36.975732],[28.2119,36.97576],[28.211912,36.975928],[28.212198,36.978344],[28.212243,36.978597],[28.212075,36.978674],[28.211291,36.979],[28.209299,36.979829],[28.208828,36.980025],[28.208346,36.980108],[28.201828,36.981232],[28.198358,36.982036],[28.198233,36.982074],[28.198266,36.982216],[28.200117,36.984369],[28.200155,36.984415],[28.200456,36.984458],[28.204001,36.984342],[28.207441,36.984271],[28.20768,36.984281],[28.207935,36.984389],[28.210783,36.985488],[28.214486,36.986357],[28.214933,36.989571],[28.21501,36.99013],[28.213471,36.992906],[28.213314,36.993188],[28.213035,36.993396],[28.212907,36.993481],[28.212835,36.993646],[28.211549,36.996233],[28.211634,36.996301],[28.215172,36.998935],[28.215333,36.999111],[28.215522,36.999303],[28.217103,37.001281],[28.217237,37.001428],[28.217587,37.001361],[28.220998,37.000847],[28.221319,37.000794],[28.22158,37.000638],[28.224164,36.998931],[28.226553,36.996845],[28.229458,36.994886],[28.229671,36.994761],[28.229985,36.99466],[28.231092,36.99435],[28.233133,36.993778],[28.233355,36.993745],[28.233688,36.99368],[28.237134,36.993736],[28.237499,36.993713],[28.237865,36.993637],[28.240656,36.992857],[28.240992,36.992808],[28.241423,36.992769],[28.245162,36.992625],[28.248895,36.992803],[28.25273,36.991731],[28.256539,36.992244],[28.256603,36.992292],[28.256887,36.994041],[28.257078,36.99518],[28.257047,36.995243],[28.254603,36.997258],[28.252113,36.998705],[28.25152,36.999049],[28.251265,36.999207],[28.251086,36.999405],[28.249478,37.001241],[28.249224,37.001559],[28.246685,37.003558],[28.24667,37.003637],[28.246777,37.003769],[28.248422,37.005784],[28.248614,37.005955],[28.248859,37.006075],[28.25259,37.007459],[28.253239,37.007699],[28.253402,37.007927],[28.254383,37.009299],[28.257514,37.010879],[28.259676,37.011599],[28.26082,37.01198],[28.263992,37.013541],[28.265742,37.015151],[28.266343,37.015704],[28.268387,37.018284],[28.271805,37.018994],[28.275395,37.019916],[28.278976,37.020444],[28.279863,37.020376],[28.282542,37.020171],[28.286465,37.020603],[28.289703,37.021225],[28.293008,37.022212],[28.297017,37.022738],[28.300473,37.024179],[28.304755,37.024008],[28.30833,37.024194],[28.31136,37.025758],[28.316512,37.026261],[28.31962,37.024508],[28.320276,37.024855],[28.323379,37.026398],[28.324182,37.025543]]],[[[28.251094,36.774253],[28.250925,36.774235],[28.250756,36.774257],[28.25075,36.774301],[28.250745,36.774335],[28.25081,36.774374],[28.250953,36.774392],[28.251083,36.774381],[28.25116,36.774341],[28.25116,36.774292],[28.251094,36.774253]]],[[[28.442926,36.779601],[28.442752,36.779368],[28.442399,36.779274],[28.442202,36.779129],[28.442159,36.778934],[28.442129,36.77883],[28.442103,36.778738],[28.441865,36.778535],[28.441628,36.778342],[28.441457,36.778217],[28.441116,36.778103],[28.440659,36.777991],[28.440489,36.777915],[28.440461,36.777807],[28.440601,36.777648],[28.440715,36.77751],[28.440777,36.777342],[28.440995,36.777173],[28.440966,36.776997],[28.440754,36.776793],[28.440633,36.776618],[28.44063,36.776442],[28.440876,36.77635],[28.441004,36.77628],[28.441053,36.776133],[28.440958,36.775898],[28.440914,36.775605],[28.440985,36.77528],[28.441113,36.775141],[28.44116,36.774886],[28.4413,36.774707],[28.441412,36.774471],[28.441485,36.774166],[28.441503,36.774145],[28.441612,36.774017],[28.441751,36.773839],[28.441985,36.773797],[28.442181,36.773883],[28.44256,36.773947],[28.442756,36.774013],[28.442942,36.774227],[28.443075,36.774382],[28.44326,36.774537],[28.44352,36.774582],[28.443622,36.774473],[28.443409,36.774172],[28.443329,36.774055],[28.443246,36.773811],[28.443231,36.773684],[28.443176,36.773518],[28.443109,36.773411],[28.442999,36.773151],[28.442903,36.772868],[28.44277,36.772712],[28.44248,36.77249],[28.442153,36.772416],[28.441764,36.77243],[28.441606,36.772324],[28.441537,36.772109],[28.441623,36.771863],[28.44179,36.771753],[28.441865,36.771576],[28.441862,36.771409],[28.441651,36.771255],[28.441494,36.771217],[28.441288,36.771298],[28.44116,36.771437],[28.44094,36.771499],[28.440796,36.771422],[28.440454,36.771201],[28.440075,36.771088],[28.439528,36.771055],[28.43932,36.771077],[28.43905,36.771218],[28.438844,36.771328],[28.438534,36.77144],[28.438341,36.77156],[28.438173,36.771591],[28.438071,36.771585],[28.438043,36.771583],[28.438024,36.77156],[28.43787,36.771379],[28.437738,36.771243],[28.437463,36.771139],[28.437057,36.771149],[28.436631,36.771159],[28.436539,36.771091],[28.436368,36.771024],[28.436148,36.771027],[28.435979,36.771068],[28.435812,36.771159],[28.435567,36.77124],[28.435385,36.771282],[28.434555,36.77136],[28.434426,36.77143],[28.43426,36.771609],[28.434132,36.771689],[28.433909,36.771584],[28.43366,36.771459],[28.433463,36.771364],[28.432377,36.770781],[28.431986,36.770697],[28.431576,36.770683],[28.43157,36.770683],[28.431337,36.770735],[28.431066,36.770875],[28.431096,36.7711],[28.431228,36.771197],[28.431295,36.771275],[28.431192,36.771354],[28.430999,36.771455],[28.431028,36.771641],[28.431239,36.771776],[28.431526,36.771841],[28.431985,36.772051],[28.432522,36.77227],[28.432737,36.772312],[28.433044,36.772372],[28.433764,36.772647],[28.433896,36.772754],[28.433834,36.772882],[28.433863,36.773058],[28.434166,36.77327],[28.434324,36.773376],[28.434446,36.773659],[28.434657,36.773823],[28.435102,36.773975],[28.435352,36.774119],[28.435511,36.774313],[28.435633,36.774567],[28.435951,36.774916],[28.436252,36.775001],[28.436487,36.775057],[28.436632,36.775143],[28.436742,36.775264],[28.436924,36.775463],[28.436996,36.775919],[28.436999,36.776086],[28.436872,36.776224],[28.436771,36.776382],[28.436631,36.77658],[28.436427,36.776789],[28.436389,36.776848],[28.436366,36.776995],[28.436497,36.777072],[28.436667,36.77709],[28.437114,36.777359],[28.437297,36.777445],[28.4373,36.777573],[28.437171,36.777662],[28.437056,36.777697],[28.436835,36.777765],[28.436433,36.777809],[28.43633,36.777859],[28.436346,36.778006],[28.436505,36.77818],[28.436689,36.778266],[28.436768,36.778352],[28.437123,36.778573],[28.437544,36.778823],[28.438054,36.778994],[28.438455,36.778891],[28.438793,36.778887],[28.439174,36.779108],[28.439512,36.779094],[28.439652,36.778925],[28.439767,36.77886],[28.439793,36.778845],[28.440106,36.77891],[28.440124,36.778931],[28.440279,36.779104],[28.440428,36.779416],[28.440666,36.779619],[28.440938,36.779596],[28.44117,36.779456],[28.44135,36.779375],[28.441546,36.779422],[28.441848,36.779595],[28.442475,36.779862],[28.442736,36.779898],[28.44289,36.779798],[28.442926,36.779601]]],[[[28.249973,36.799473],[28.249764,36.799417],[28.249493,36.799508],[28.249469,36.799665],[28.249497,36.799772],[28.249641,36.799849],[28.249811,36.799906],[28.250463,36.800007],[28.250711,36.800073],[28.250932,36.80011],[28.251062,36.800099],[28.2511,36.800001],[28.251059,36.799903],[28.251006,36.799815],[28.250887,36.799738],[28.250678,36.799652],[28.250507,36.799546],[28.250353,36.799534],[28.250182,36.79952],[28.249973,36.799473]]],[[[28.236596,36.801297],[28.236453,36.801289],[28.236389,36.801348],[28.236377,36.801407],[28.236404,36.801475],[28.236419,36.801573],[28.236424,36.801606],[28.236433,36.801652],[28.236539,36.801797],[28.236605,36.801826],[28.236812,36.801804],[28.236954,36.801744],[28.236956,36.801733],[28.236978,36.801607],[28.23695,36.801499],[28.236897,36.801411],[28.236792,36.801334],[28.236596,36.801297]]],[[[28.238949,36.802106],[28.238845,36.802068],[28.238793,36.802107],[28.238784,36.802172],[28.238782,36.802186],[28.238796,36.802274],[28.238928,36.80239],[28.239032,36.802399],[28.239135,36.802329],[28.239108,36.802271],[28.239003,36.802233],[28.238999,36.802224],[28.238949,36.802106]]],[[[28.253758,36.808288],[28.25351,36.808271],[28.253421,36.80839],[28.253346,36.808537],[28.253438,36.808605],[28.253568,36.808614],[28.25371,36.808583],[28.253813,36.808513],[28.25389,36.808443],[28.253889,36.808385],[28.253758,36.808288]]],[[[28.25909,36.810436],[28.259217,36.810258],[28.259267,36.810091],[28.259329,36.809943],[28.259444,36.809844],[28.259612,36.809773],[28.259663,36.809694],[28.259944,36.809348],[28.259994,36.80925],[28.260005,36.809122],[28.259978,36.809044],[28.259884,36.808918],[28.259871,36.808857],[28.259856,36.80879],[28.259932,36.808662],[28.260073,36.808553],[28.260157,36.80844],[28.260277,36.808276],[28.260276,36.808235],[28.260274,36.80809],[28.260336,36.807893],[28.260451,36.807794],[28.26048,36.807777],[28.260554,36.807734],[28.260732,36.807507],[28.260899,36.807348],[28.260999,36.807141],[28.261076,36.807052],[28.261256,36.806952],[28.261281,36.806864],[28.261277,36.806648],[28.261173,36.8066],[28.260962,36.806455],[28.260767,36.806467],[28.260688,36.806409],[28.26062,36.806214],[28.260553,36.806107],[28.2604,36.806056],[28.260383,36.80605],[28.26011,36.806033],[28.259822,36.805918],[28.259611,36.805734],[28.259466,36.805599],[28.259335,36.805521],[28.259165,36.805474],[28.258969,36.805388],[28.25881,36.805252],[28.258598,36.80501],[28.258386,36.804757],[28.258238,36.804441],[28.258209,36.804304],[28.258143,36.804197],[28.258115,36.804089],[28.258242,36.803941],[28.25845,36.803919],[28.258602,36.803793],[28.258642,36.80376],[28.258783,36.803602],[28.259015,36.803462],[28.259234,36.803352],[28.259427,36.803252],[28.259658,36.803053],[28.259721,36.802945],[28.25972,36.802856],[28.259679,36.802729],[28.259508,36.802604],[28.259232,36.80246],[28.259126,36.802324],[28.259033,36.802177],[28.25877,36.802023],[28.258456,36.80188],[28.258259,36.801744],[28.258187,36.801679],[28.258087,36.801589],[28.258032,36.801423],[28.258016,36.801218],[28.258012,36.800963],[28.258086,36.800727],[28.258187,36.800559],[28.258249,36.800372],[28.258313,36.800284],[28.258363,36.800214],[28.258556,36.800084],[28.258841,36.799983],[28.258956,36.799884],[28.258988,36.799495],[28.25905,36.799279],[28.259216,36.799101],[28.259434,36.798922],[28.259575,36.798773],[28.259625,36.798665],[28.259636,36.798557],[28.259531,36.798509],[28.259388,36.798481],[28.259219,36.798512],[28.259014,36.798671],[28.258771,36.798909],[28.258488,36.799128],[28.258257,36.799287],[28.258091,36.799465],[28.258055,36.799662],[28.258031,36.79979],[28.258006,36.799822],[28.257929,36.799918],[28.257712,36.800126],[28.257401,36.800228],[28.257182,36.800338],[28.257016,36.800487],[28.256864,36.800733],[28.256737,36.80096],[28.256649,36.801138],[28.256626,36.801285],[28.256629,36.801501],[28.256527,36.801619],[28.256335,36.801808],[28.256197,36.802113],[28.256162,36.802339],[28.256178,36.802554],[28.256245,36.802661],[28.256182,36.80275],[28.256029,36.802948],[28.256006,36.803154],[28.255983,36.803331],[28.255791,36.803529],[28.255585,36.803668],[28.255225,36.803858],[28.254812,36.804079],[28.254234,36.804375],[28.254016,36.804534],[28.253874,36.804604],[28.25368,36.804655],[28.2535,36.804775],[28.253307,36.804885],[28.253048,36.804986],[28.252789,36.805008],[28.25253,36.805069],[28.252311,36.805209],[28.252182,36.805279],[28.251584,36.805285],[28.251401,36.805228],[28.251231,36.805171],[28.250957,36.805125],[28.250866,36.805077],[28.250697,36.805098],[28.250451,36.80518],[28.250244,36.805221],[28.249906,36.805215],[28.249696,36.805099],[28.249474,36.805072],[28.249125,36.805194],[28.248969,36.805176],[28.248799,36.805099],[28.248668,36.805061],[28.248331,36.805104],[28.24806,36.805214],[28.247763,36.805345],[28.24727,36.805448],[28.247011,36.80549],[28.246816,36.805473],[28.246547,36.805367],[28.246247,36.805341],[28.246013,36.805343],[28.245652,36.805484],[28.245289,36.805596],[28.244953,36.805707],[28.244668,36.805759],[28.244485,36.805693],[28.244417,36.805647],[28.244327,36.805587],[28.244119,36.80555],[28.243949,36.805541],[28.243847,36.805621],[28.243824,36.805817],[28.24417,36.806098],[28.244325,36.806224],[28.244458,36.806468],[28.244553,36.806702],[28.244596,36.806927],[28.244482,36.807105],[28.244342,36.807292],[28.2443,36.807314],[28.244136,36.807402],[28.243746,36.807465],[28.243553,36.807526],[28.243489,36.807605],[28.243491,36.807752],[28.243876,36.808274],[28.243931,36.80844],[28.243894,36.808529],[28.243731,36.808805],[28.243736,36.809128],[28.243844,36.809372],[28.244069,36.809634],[28.244317,36.809661],[28.244522,36.809522],[28.245035,36.809095],[28.245226,36.808818],[28.245441,36.808434],[28.245533,36.808382],[28.245634,36.808324],[28.245699,36.808304],[28.24583,36.8084],[28.245882,36.808536],[28.245898,36.808576],[28.246003,36.808614],[28.246024,36.808595],[28.246131,36.808495],[28.246206,36.808298],[28.24636,36.808199],[28.246673,36.808284],[28.246948,36.808408],[28.247317,36.808659],[28.247529,36.808931],[28.247736,36.809112],[28.247885,36.809241],[28.248264,36.809355],[28.248498,36.809382],[28.248838,36.809477],[28.249168,36.809767],[28.249301,36.809972],[28.249679,36.810036],[28.249912,36.809955],[28.250156,36.809796],[28.250276,36.809582],[28.2507,36.808829],[28.250775,36.808652],[28.250928,36.808484],[28.251095,36.808355],[28.251185,36.808256],[28.251337,36.808038],[28.251452,36.8079],[28.251605,36.807722],[28.25181,36.807533],[28.252068,36.807423],[28.252301,36.807352],[28.252794,36.807288],[28.253309,36.807411],[28.25339,36.807567],[28.253664,36.807652],[28.254041,36.807668],[28.254225,36.807784],[28.254437,36.807978],[28.25462,36.808093],[28.254869,36.808159],[28.255012,36.808217],[28.255106,36.808353],[28.255643,36.808622],[28.256185,36.809185],[28.25624,36.80937],[28.256261,36.809841],[28.256329,36.809997],[28.25636,36.810024],[28.256764,36.810384],[28.257078,36.810489],[28.257364,36.810486],[28.257582,36.810413],[28.257856,36.810478],[28.258027,36.810584],[28.258248,36.810621],[28.258599,36.810627],[28.258897,36.810546],[28.25909,36.810436]]],[[[28.290074,36.817887],[28.289905,36.817879],[28.289854,36.817968],[28.289856,36.818066],[28.289987,36.818153],[28.290131,36.818161],[28.290233,36.818081],[28.290258,36.817983],[28.290191,36.817905],[28.290074,36.817887]]],[[[28.28787,36.821401],[28.288375,36.821248],[28.288632,36.821079],[28.288977,36.820742],[28.288976,36.820634],[28.288739,36.82049],[28.288464,36.820385],[28.288254,36.820289],[28.287863,36.820205],[28.287252,36.820202],[28.28699,36.820126],[28.286727,36.819972],[28.286505,36.819906],[28.286324,36.819947],[28.286144,36.820086],[28.285936,36.820098],[28.285766,36.820012],[28.285646,36.819866],[28.285358,36.819732],[28.28511,36.819715],[28.2848,36.819807],[28.284516,36.819927],[28.284348,36.820027],[28.284077,36.820148],[28.283817,36.820121],[28.283594,36.820006],[28.283489,36.819978],[28.283335,36.820077],[28.283204,36.82004],[28.283125,36.820001],[28.282879,36.820024],[28.282802,36.820093],[28.282607,36.820115],[28.282359,36.820039],[28.28202,36.820023],[28.281863,36.819976],[28.281718,36.819869],[28.281443,36.819716],[28.281103,36.819631],[28.280661,36.819636],[28.280426,36.81956],[28.280203,36.819445],[28.279759,36.819332],[28.279369,36.819356],[28.27902,36.819506],[28.278751,36.819735],[28.278651,36.82001],[28.278525,36.820257],[28.278438,36.820493],[28.278584,36.820658],[28.278819,36.820685],[28.279106,36.82077],[28.27951,36.820785],[28.279925,36.820712],[28.280079,36.820593],[28.280288,36.820649],[28.280655,36.820822],[28.281113,36.820974],[28.281581,36.821008],[28.282244,36.820991],[28.282493,36.821096],[28.282705,36.821339],[28.282943,36.821532],[28.283152,36.821628],[28.28479,36.821552],[28.285244,36.821488],[28.285515,36.821387],[28.286361,36.821368],[28.28679,36.821403],[28.286935,36.821509],[28.286939,36.821754],[28.286994,36.821891],[28.28732,36.821956],[28.28754,36.821875],[28.28776,36.821823],[28.287888,36.821724],[28.28787,36.821401]]],[[[28.385225,36.841539],[28.385121,36.84151],[28.385004,36.841522],[28.384933,36.841599],[28.384914,36.841621],[28.384878,36.841778],[28.38488,36.841896],[28.384961,36.842022],[28.385053,36.84208],[28.385276,36.842185],[28.385355,36.842243],[28.385655,36.842289],[28.386032,36.842245],[28.386148,36.842185],[28.386155,36.842149],[28.386184,36.842018],[28.386117,36.841901],[28.38592,36.841805],[28.385672,36.841798],[28.385529,36.84178],[28.385331,36.841645],[28.385225,36.841539]]]]}},{"type":"Feature","properties":{"id":"TR-D-48-008","parent_id":"TR-P-48","region_id":"TR-R-EGE","level":"district","municipality_type":null,"municipality_type_label":null,"is_metropolitan_municipality":null,"name":"Menteşe","name_ascii":"mentese","slug":"mentese-mugla"},"geometry":{"type":"Polygon","coordinates":[[[28.301742,37.042038],[28.300093,37.041998],[28.296525,37.04195],[28.292134,37.041823],[28.288849,37.04176],[28.285413,37.0416],[28.283684,37.041581],[28.282156,37.041522],[28.278918,37.041443],[28.276772,37.041383],[28.270833,37.041204],[28.267535,37.041085],[28.26384,37.040986],[28.260562,37.040886],[28.257305,37.040767],[28.253526,37.040664],[28.252954,37.040648],[28.246478,37.040469],[28.244194,37.04039],[28.24179,37.04033],[28.239227,37.040251],[28.232885,37.040807],[28.230626,37.041005],[28.227755,37.041239],[28.22697,37.041303],[28.226618,37.041248],[28.22256,37.040608],[28.220792,37.04033],[28.219958,37.04025],[28.217991,37.040052],[28.214674,37.039853],[28.212588,37.039674],[28.210582,37.039833],[28.208079,37.040012],[28.205437,37.040191],[28.20196,37.039853],[28.198941,37.039694],[28.195515,37.039038],[28.19469,37.03888],[28.193398,37.038641],[28.187618,37.035602],[28.185353,37.03439],[28.184001,37.03374],[28.182975,37.033246],[28.180961,37.03292],[28.180347,37.032821],[28.179135,37.032662],[28.174964,37.032205],[28.172103,37.032006],[28.169779,37.030298],[28.165587,37.029464],[28.159806,37.029464],[28.159091,37.029483],[28.158039,37.029483],[28.156489,37.029483],[28.151721,37.029498],[28.149914,37.029503],[28.148682,37.029503],[28.146358,37.0299],[28.143279,37.029801],[28.14038,37.029803],[28.135776,37.030001],[28.132474,37.030757],[28.129534,37.031273],[28.126614,37.03208],[28.124727,37.032425],[28.122144,37.032902],[28.120277,37.03326],[28.118461,37.033574],[28.114212,37.034772],[28.114079,37.034809],[28.109292,37.037189],[28.100393,37.037272],[28.100287,37.037273],[28.096656,37.033654],[28.09783,37.031041],[28.097896,37.030895],[28.097901,37.030893],[28.101017,37.029606],[28.104715,37.028652],[28.107577,37.027242],[28.109749,37.026347],[28.114502,37.024543],[28.114531,37.02005],[28.114541,37.018368],[28.113637,37.015519],[28.109764,37.014533],[28.105615,37.014123],[28.102046,37.014159],[28.099797,37.016356],[28.101126,37.018972],[28.101004,37.019291],[28.100031,37.02184],[28.096626,37.023252],[28.093208,37.02386],[28.092003,37.026887],[28.091974,37.02696],[28.088854,37.028367],[28.08813,37.027991],[28.085396,37.026575],[28.083952,37.026637],[28.081828,37.026727],[28.078794,37.024585],[28.074779,37.023597],[28.074241,37.023729],[28.074349,37.024971],[28.073786,37.027899],[28.071195,37.031278],[28.068267,37.034545],[28.063311,37.038938],[28.060495,37.043218],[28.058918,37.045808],[28.057341,37.048624],[28.055314,37.050989],[28.052047,37.051778],[28.049344,37.052566],[28.046641,37.053355],[28.044388,37.054819],[28.042699,37.057184],[28.040446,37.059212],[28.038644,37.061014],[28.036729,37.063717],[28.036279,37.067096],[28.035715,37.07025],[28.034434,37.073516],[28.033421,37.075713],[28.032069,37.07774],[28.030802,37.079345],[28.028943,37.082809],[28.029112,37.084498],[28.03021,37.085934],[28.030971,37.087201],[28.031055,37.088722],[28.031055,37.089989],[28.03021,37.091594],[28.029535,37.093706],[28.029535,37.095227],[28.030295,37.096578],[28.032322,37.100211],[28.033252,37.106124],[28.035026,37.110939],[28.036546,37.115163],[28.038151,37.117782],[28.039165,37.119978],[28.038996,37.123357],[28.039503,37.126736],[28.040179,37.130368],[28.040094,37.133494],[28.039249,37.136873],[28.037898,37.139323],[28.036968,37.141773],[28.035195,37.144983],[28.034519,37.147686],[28.034265,37.149629],[28.034012,37.153261],[28.03511,37.15909],[28.036039,37.164835],[28.035701,37.167622],[28.03511,37.169312],[28.033421,37.171508],[28.031224,37.174127],[28.027761,37.176999],[28.022608,37.180632],[28.020665,37.183166],[28.017201,37.186714],[28.015343,37.188741],[28.017699,37.188659],[28.021065,37.188386],[28.021201,37.188375],[28.022873,37.187933],[28.026217,37.18705],[28.035777,37.186861],[28.038664,37.187217],[28.043444,37.187807],[28.049975,37.187715],[28.050164,37.187713],[28.057263,37.186955],[28.062658,37.186955],[28.067394,37.187527],[28.068148,37.187618],[28.069106,37.187925],[28.073164,37.189227],[28.07714,37.191593],[28.081872,37.193486],[28.084963,37.194877],[28.085658,37.19519],[28.087074,37.195861],[28.093041,37.198692],[28.096922,37.201153],[28.09891,37.201816],[28.101276,37.202857],[28.103264,37.20617],[28.104589,37.208441],[28.106671,37.210807],[28.108753,37.213268],[28.111877,37.215919],[28.115095,37.21838],[28.116893,37.22084],[28.120395,37.224248],[28.121626,37.227277],[28.121781,37.22769],[28.122194,37.228791],[28.123093,37.230105],[28.123424,37.23059],[28.123927,37.231068],[28.125317,37.232388],[28.126832,37.233997],[28.128062,37.235795],[28.128441,37.23996],[28.128768,37.241707],[28.129293,37.244503],[28.129143,37.245368],[28.128819,37.247248],[28.128914,37.248952],[28.129103,37.250088],[28.129387,37.251791],[28.130618,37.254158],[28.131943,37.255483],[28.134688,37.256903],[28.137433,37.25766],[28.141408,37.258701],[28.143112,37.259553],[28.144815,37.260405],[28.148412,37.26296],[28.153145,37.264664],[28.156647,37.265516],[28.160149,37.264948],[28.161594,37.264535],[28.164124,37.263812],[28.166866,37.263333],[28.170087,37.262771],[28.174347,37.262203],[28.177849,37.262771],[28.181729,37.264001],[28.185137,37.265326],[28.186178,37.266178],[28.202741,37.268455],[28.211627,37.27208],[28.217208,37.274356],[28.226405,37.289084],[28.22915,37.29022],[28.232368,37.290504],[28.235302,37.290977],[28.238993,37.292113],[28.241549,37.293438],[28.246849,37.296467],[28.249689,37.299306],[28.251238,37.300597],[28.253096,37.302146],[28.257734,37.306026],[28.260479,37.308393],[28.268524,37.312463],[28.273446,37.313977],[28.279155,37.316281],[28.283763,37.318142],[28.28654,37.319656],[28.287928,37.320413],[28.291241,37.323348],[28.291998,37.32666],[28.292282,37.329784],[28.292945,37.33234],[28.294364,37.335463],[28.298056,37.339438],[28.301558,37.342467],[28.303321,37.343295],[28.306196,37.344644],[28.308657,37.345685],[28.311496,37.348146],[28.313578,37.349187],[28.314605,37.34988],[28.317648,37.351932],[28.320551,37.352374],[28.322002,37.352595],[28.327303,37.352595],[28.334307,37.352595],[28.337328,37.353108],[28.339324,37.353447],[28.347748,37.355529],[28.348398,37.355671],[28.34854,37.355701],[28.352101,37.356476],[28.353711,37.35676],[28.35413,37.356908],[28.35532,37.357327],[28.358065,37.357233],[28.360809,37.357233],[28.365258,37.356665],[28.368287,37.356192],[28.372073,37.354393],[28.375102,37.3525],[28.377657,37.35108],[28.380686,37.350323],[28.385419,37.348809],[28.38769,37.348714],[28.391192,37.34843],[28.395546,37.347578],[28.397439,37.347005],[28.39867,37.346632],[28.399011,37.346499],[28.402077,37.345307],[28.405011,37.344644],[28.410028,37.344455],[28.414193,37.345212],[28.417884,37.345591],[28.420629,37.346348],[28.424226,37.347673],[28.426876,37.348903],[28.427517,37.349282],[28.428958,37.350134],[28.432176,37.351459],[28.434637,37.352406],[28.43672,37.3525],[28.439275,37.3525],[28.441642,37.3525],[28.445238,37.3525],[28.448646,37.35392],[28.450633,37.355624],[28.452337,37.358274],[28.45423,37.364994],[28.454707,37.367175],[28.454893,37.368023],[28.455136,37.368469],[28.456028,37.370105],[28.456826,37.370593],[28.457732,37.371147],[28.462749,37.372472],[28.466819,37.374081],[28.469192,37.376728],[28.46928,37.376826],[28.469912,37.378435],[28.470321,37.379476],[28.470503,37.379949],[28.470794,37.380706],[28.470936,37.3817],[28.470983,37.382031],[28.470983,37.383546],[28.47111,37.383924],[28.471362,37.384682],[28.471507,37.38514],[28.47193,37.38648],[28.472284,37.387443],[28.472592,37.388278],[28.474296,37.389698],[28.476946,37.392064],[28.478934,37.393484],[28.480245,37.394497],[28.481016,37.395093],[28.483477,37.396412],[28.483667,37.396513],[28.484992,37.398501],[28.48679,37.39992],[28.487737,37.400867],[28.487831,37.401719],[28.487926,37.402855],[28.488588,37.403896],[28.489819,37.405221],[28.491239,37.406451],[28.493132,37.407777],[28.49443,37.408912],[28.494646,37.409102],[28.496255,37.410521],[28.49675,37.411541],[28.499284,37.416768],[28.499568,37.418093],[28.500089,37.41904],[28.500609,37.419987],[28.50065,37.420223],[28.501082,37.422731],[28.501272,37.425571],[28.501272,37.4286],[28.500988,37.430493],[28.499379,37.432764],[28.497296,37.436456],[28.496445,37.438538],[28.496539,37.441378],[28.497012,37.444028],[28.497107,37.445921],[28.497202,37.449802],[28.497486,37.452641],[28.497617,37.454392],[28.49777,37.456427],[28.498338,37.459172],[28.499593,37.460567],[28.500041,37.461065],[28.501934,37.463242],[28.503449,37.464851],[28.505058,37.467785],[28.507329,37.470057],[28.508124,37.470625],[28.50998,37.47195],[28.514902,37.473938],[28.515564,37.474189],[28.517646,37.474979],[28.519723,37.476988],[28.523271,37.476123],[28.529156,37.475171],[28.53556,37.475171],[28.541705,37.475171],[28.544128,37.475863],[28.546984,37.476382],[28.550877,37.476467],[28.550965,37.476469],[28.551052,37.476471],[28.554254,37.476555],[28.558668,37.47543],[28.564639,37.474825],[28.57113,37.474651],[28.575976,37.474651],[28.579611,37.474651],[28.582544,37.475262],[28.583765,37.475517],[28.58541,37.47569],[28.588352,37.474825],[28.593458,37.4737],[28.597007,37.473353],[28.599776,37.472055],[28.602113,37.472055],[28.603584,37.472488],[28.604969,37.473007],[28.606267,37.474305],[28.608344,37.475517],[28.608686,37.475769],[28.609479,37.476353],[28.609989,37.476729],[28.610052,37.476765],[28.6112,37.477421],[28.612844,37.477507],[28.614229,37.477661],[28.614402,37.477681],[28.615626,37.478014],[28.617258,37.478459],[28.617327,37.478546],[28.617604,37.478892],[28.61773,37.4791],[28.617938,37.479446],[28.617966,37.479428],[28.618011,37.4794],[28.618096,37.479345],[28.618237,37.479256],[28.618664,37.479014],[28.618693,37.478999],[28.619106,37.478785],[28.619677,37.478515],[28.620017,37.478354],[28.62078,37.478018],[28.622817,37.477121],[28.62306,37.477008],[28.623173,37.476955],[28.623189,37.476947],[28.623224,37.476931],[28.623723,37.476686],[28.624158,37.476454],[28.624577,37.476206],[28.624774,37.476072],[28.624971,37.475938],[28.62525,37.475716],[28.625307,37.475671],[28.625622,37.475385],[28.625623,37.475384],[28.625776,37.47523],[28.625848,37.475157],[28.626205,37.474774],[28.626477,37.474453],[28.626738,37.474126],[28.62701,37.473762],[28.62731,37.473339],[28.627347,37.473285],[28.627781,37.472644],[28.628507,37.471508],[28.628961,37.470749],[28.629085,37.470525],[28.629171,37.47037],[28.629268,37.470181],[28.629365,37.469991],[28.629536,37.469613],[28.629674,37.469236],[28.62977,37.468859],[28.629809,37.468484],[28.629783,37.468125],[28.629712,37.467767],[28.629518,37.467048],[28.629434,37.466685],[28.629427,37.466639],[28.629384,37.466319],[28.629387,37.465927],[28.629413,37.465729],[28.629439,37.465531],[28.629529,37.465133],[28.629604,37.464885],[28.629649,37.464735],[28.629792,37.464338],[28.629954,37.463942],[28.630131,37.463551],[28.630511,37.46276],[28.630677,37.462364],[28.630802,37.461963],[28.630869,37.461559],[28.630889,37.461148],[28.630874,37.460747],[28.630874,37.460732],[28.630872,37.460713],[28.630833,37.460311],[28.630793,37.460022],[28.63079,37.460003],[28.630782,37.459946],[28.630674,37.459341],[28.630618,37.459038],[28.630431,37.458184],[28.63022,37.457333],[28.629976,37.456488],[28.629835,37.45607],[28.629677,37.455658],[28.629494,37.455248],[28.629293,37.454842],[28.629079,37.454441],[28.628625,37.453644],[28.627672,37.452065],[28.625382,37.448323],[28.623575,37.445372],[28.623212,37.444782],[28.622397,37.443462],[28.622391,37.443452],[28.622381,37.443436],[28.620179,37.439898],[28.619438,37.438707],[28.618698,37.437533],[28.61843,37.437116],[28.617945,37.436363],[28.617429,37.435589],[28.616893,37.434825],[28.616614,37.434448],[28.615737,37.433299],[28.61547,37.432909],[28.615393,37.432781],[28.615265,37.432567],[28.615145,37.432339],[28.615082,37.432219],[28.615006,37.432052],[28.614922,37.431866],[28.614789,37.431507],[28.614685,37.431145],[28.614606,37.430681],[28.614598,37.430592],[28.61458,37.430392],[28.61458,37.430015],[28.614617,37.42964],[28.614696,37.429271],[28.614841,37.42886],[28.61508,37.428373],[28.615127,37.428291],[28.615259,37.428057],[28.615508,37.427661],[28.61605,37.426879],[28.616623,37.426102],[28.617212,37.425332],[28.617817,37.42457],[28.618072,37.424261],[28.6186,37.423654],[28.618875,37.423359],[28.619161,37.423071],[28.61952,37.422738],[28.619896,37.422418],[28.619964,37.422364],[28.620287,37.422109],[28.620396,37.42203],[28.620693,37.421814],[28.621102,37.421541],[28.621523,37.42128],[28.621862,37.421083],[28.621909,37.421056],[28.622398,37.420789],[28.622838,37.420565],[28.624001,37.420007],[28.624631,37.419704],[28.624855,37.419593],[28.625076,37.419482],[28.625514,37.419252],[28.625942,37.419011],[28.626375,37.418743],[28.626795,37.418461],[28.627205,37.418169],[28.627605,37.417867],[28.627998,37.417554],[28.628382,37.417234],[28.628755,37.416908],[28.629114,37.416576],[28.629456,37.416237],[28.629773,37.415891],[28.629995,37.415611],[28.630057,37.415534],[28.630123,37.415432],[28.630296,37.415163],[28.630457,37.414827],[28.630573,37.414481],[28.630593,37.414387],[28.630648,37.414129],[28.630657,37.414022],[28.630678,37.413774],[28.630658,37.413419],[28.630587,37.413072],[28.630558,37.412986],[28.630472,37.412728],[28.630423,37.412614],[28.630324,37.412386],[28.630208,37.412163],[28.630148,37.412047],[28.630031,37.41185],[28.62995,37.411711],[28.62984,37.411542],[28.62974,37.411387],[28.629518,37.411064],[28.628834,37.410095],[28.628683,37.409871],[28.628607,37.409759],[28.628394,37.409418],[28.62818,37.409077],[28.628108,37.408951],[28.627982,37.408731],[28.627796,37.408381],[28.627621,37.408017],[28.627461,37.407648],[28.627316,37.407276],[28.62724,37.407054],[28.627188,37.406901],[28.627147,37.406761],[28.627077,37.406523],[28.626984,37.406134],[28.626941,37.405908],[28.626909,37.405741],[28.62687,37.405484],[28.62686,37.405416],[28.626812,37.405033],[28.626805,37.404948],[28.62677,37.404556],[28.62675,37.404157],[28.626743,37.403765],[28.626743,37.403758],[28.626747,37.403492],[28.626749,37.40336],[28.626768,37.402962],[28.626803,37.402566],[28.626819,37.402448],[28.626856,37.402176],[28.626927,37.401788],[28.627017,37.401404],[28.627082,37.401181],[28.627127,37.401025],[28.627195,37.400838],[28.627263,37.400651],[28.627292,37.400585],[28.627416,37.400305],[28.62759,37.399963],[28.627692,37.399784],[28.627782,37.399627],[28.627838,37.399535],[28.627986,37.399294],[28.628202,37.398965],[28.628754,37.398187],[28.629628,37.397038],[28.630007,37.396551],[28.632195,37.393739],[28.632888,37.392849],[28.636662,37.387959],[28.639657,37.384078],[28.639895,37.383773],[28.64008,37.383536],[28.640404,37.383119],[28.641145,37.382169],[28.642609,37.380314],[28.643254,37.379495],[28.643548,37.379116],[28.643842,37.378737],[28.644123,37.37836],[28.644349,37.378041],[28.644388,37.377986],[28.644441,37.377903],[28.644625,37.377613],[28.644818,37.377241],[28.644948,37.376866],[28.644993,37.376551],[28.644981,37.37624],[28.644915,37.375938],[28.644794,37.375652],[28.644602,37.375377],[28.644596,37.375371],[28.64459,37.375365],[28.644322,37.37511],[28.643968,37.374861],[28.64319,37.374401],[28.64301,37.374288],[28.642859,37.374194],[28.642839,37.374181],[28.642493,37.373918],[28.642407,37.373821],[28.642246,37.373638],[28.642172,37.373483],[28.64212,37.373373],[28.64206,37.373086],[28.642059,37.372784],[28.642059,37.372782],[28.642109,37.372468],[28.642207,37.372149],[28.642351,37.371838],[28.642371,37.371793],[28.642581,37.371438],[28.642823,37.371084],[28.64309,37.370732],[28.643376,37.370382],[28.643675,37.370035],[28.643986,37.369692],[28.644228,37.369439],[28.644306,37.369357],[28.644636,37.369033],[28.644978,37.368723],[28.645057,37.368658],[28.645332,37.368434],[28.645704,37.368176],[28.646076,37.367965],[28.646463,37.367795],[28.646861,37.367672],[28.647265,37.367608],[28.647678,37.367611],[28.648086,37.367678],[28.648481,37.3678],[28.648759,37.367932],[28.648806,37.367954],[28.649166,37.368181],[28.649455,37.368421],[28.649588,37.368554],[28.649723,37.368689],[28.649973,37.368978],[28.650205,37.369285],[28.650431,37.369624],[28.650548,37.369816],[28.650643,37.369973],[28.651036,37.37065],[28.651263,37.371042],[28.651329,37.371148],[28.651475,37.371383],[28.651556,37.371504],[28.651698,37.371716],[28.651934,37.372041],[28.652036,37.372167],[28.652186,37.372353],[28.652458,37.372651],[28.652805,37.372973],[28.652957,37.373093],[28.653181,37.373268],[28.653514,37.373484],[28.653585,37.37353],[28.653706,37.373593],[28.653967,37.373728],[28.653984,37.373737],[28.653992,37.373742],[28.654441,37.373921],[28.654885,37.374053],[28.655146,37.374109],[28.655344,37.374152],[28.655817,37.37422],[28.656102,37.37424],[28.65635,37.374257],[28.656892,37.374264],[28.657177,37.374257],[28.65744,37.37425],[28.657607,37.374241],[28.657991,37.374221],[28.659101,37.374135],[28.661328,37.373922],[28.662117,37.37384],[28.663548,37.373692],[28.664647,37.373558],[28.66529,37.373463],[28.665828,37.373368],[28.665862,37.373361],[28.665928,37.373347],[28.666051,37.373322],[28.666207,37.373291],[28.666584,37.373199],[28.666676,37.373177],[28.666779,37.373147],[28.667134,37.373043],[28.667577,37.372886],[28.668034,37.372686],[28.668473,37.372459],[28.668897,37.37221],[28.66924,37.371988],[28.669307,37.371944],[28.669401,37.371878],[28.669721,37.371653],[28.670933,37.370742],[28.671336,37.370449],[28.671748,37.370164],[28.672169,37.369892],[28.672604,37.369635],[28.673032,37.36941],[28.673473,37.369203],[28.673925,37.369012],[28.67439,37.368841],[28.674901,37.368678],[28.675422,37.368532],[28.675951,37.3684],[28.676485,37.368276],[28.677234,37.368115],[28.677562,37.368045],[28.678645,37.367825],[28.680292,37.367496],[28.68139,37.367277],[28.683444,37.366866],[28.685155,37.366524],[28.686057,37.366349],[28.686784,37.366208],[28.687328,37.366113],[28.687873,37.366018],[28.688366,37.365943],[28.688859,37.365876],[28.689354,37.365818],[28.68985,37.365773],[28.690345,37.365742],[28.690841,37.365725],[28.691337,37.365723],[28.691832,37.365737],[28.692329,37.365767],[28.692825,37.365812],[28.693815,37.365931],[28.695309,37.36615],[28.696305,37.366283],[28.697303,37.366389],[28.698304,37.366465],[28.698804,37.366491],[28.699303,37.366509],[28.6998,37.366515],[28.700293,37.366508],[28.700781,37.366485],[28.701262,37.366443],[28.701702,37.36638],[28.701733,37.366376],[28.701793,37.366363],[28.702195,37.366278],[28.70264,37.366149],[28.703064,37.365989],[28.703462,37.365793],[28.703871,37.36553],[28.704248,37.365229],[28.704603,37.364901],[28.704942,37.364554],[28.705269,37.364194],[28.705904,37.363452],[28.708996,37.359655],[28.712114,37.35589],[28.713039,37.354758],[28.713635,37.353996],[28.713921,37.35361],[28.714193,37.353219],[28.714447,37.352821],[28.714673,37.352426],[28.714881,37.352024],[28.715264,37.351207],[28.715793,37.349964],[28.716471,37.348296],[28.717137,37.346625],[28.717458,37.345787],[28.71776,37.344945],[28.717897,37.344522],[28.718021,37.344096],[28.718127,37.343668],[28.718207,37.343262],[28.718326,37.342442],[28.718515,37.340795],[28.718576,37.340387],[28.718651,37.339983],[28.718747,37.339585],[28.718863,37.339221],[28.719004,37.338866],[28.719172,37.338521],[28.71937,37.33819],[28.719602,37.337877],[28.719908,37.337551],[28.720256,37.337249],[28.720638,37.336971],[28.721048,37.336714],[28.721469,37.33649],[28.721909,37.336285],[28.722364,37.3361],[28.722833,37.335933],[28.723301,37.33579],[28.723778,37.335663],[28.72426,37.33555],[28.724747,37.335451],[28.726185,37.335193],[28.726655,37.335088],[28.726969,37.335],[28.727126,37.334956],[28.727279,37.334904],[28.727586,37.3348],[28.727961,37.334652],[28.728035,37.334623],[28.728119,37.334585],[28.728473,37.334425],[28.728925,37.334194],[28.729367,37.333947],[28.7298,37.333687],[28.730227,37.333418],[28.731488,37.332583],[28.734218,37.330717],[28.734851,37.330285],[28.734896,37.330254],[28.735237,37.330021],[28.739014,37.327474],[28.73984,37.326901],[28.740243,37.32661],[28.740636,37.326314],[28.741012,37.326011],[28.741346,37.325717],[28.741653,37.325413],[28.741928,37.325095],[28.742159,37.324761],[28.742254,37.324569],[28.74235,37.324377],[28.742493,37.323975],[28.742599,37.323559],[28.742679,37.323133],[28.742739,37.322701],[28.742783,37.322264],[28.742815,37.321824],[28.742836,37.321383],[28.742845,37.32094],[28.742827,37.320157],[28.742827,37.32014],[28.742825,37.320115],[28.742802,37.31974],[28.742765,37.319341],[28.742713,37.318944],[28.742647,37.318554],[28.742567,37.318165],[28.742379,37.31739],[28.742273,37.317005],[28.742014,37.316137],[28.741701,37.315155],[28.7416,37.314841],[28.73879,37.306222],[28.738516,37.305359],[28.738254,37.304495],[28.738016,37.303627],[28.737975,37.303459],[28.737911,37.303191],[28.737823,37.302753],[28.737753,37.302317],[28.737698,37.301879],[28.737632,37.301145],[28.737619,37.301],[28.737488,37.298789],[28.737481,37.298679],[28.737426,37.297909],[28.737382,37.297473],[28.737326,37.297041],[28.73725,37.296615],[28.737191,37.296378],[28.737146,37.296199],[28.737005,37.295797],[28.736813,37.295407],[28.736573,37.295039],[28.736285,37.294698],[28.735875,37.294343],[28.735805,37.294296],[28.735584,37.294144],[28.73534,37.294008],[28.735187,37.293923],[28.734984,37.293826],[28.734764,37.293721],[28.734326,37.293529],[28.733435,37.293156],[28.733148,37.293029],[28.733073,37.292996],[28.732578,37.292757],[28.732173,37.292525],[28.731805,37.292272],[28.731488,37.291998],[28.731255,37.291721],[28.731235,37.291697],[28.731073,37.291397],[28.730974,37.29108],[28.730933,37.290752],[28.730947,37.290418],[28.731019,37.290085],[28.731178,37.289705],[28.731401,37.289333],[28.731669,37.288965],[28.73197,37.288602],[28.732292,37.288244],[28.732629,37.287889],[28.73438,37.286121],[28.735051,37.28541],[28.73569,37.284696],[28.736317,37.283976],[28.737856,37.282163],[28.73875,37.281066],[28.739034,37.280698],[28.739304,37.280327],[28.739555,37.279953],[28.739779,37.279575],[28.739945,37.279241],[28.74008,37.278904],[28.740178,37.278565],[28.740232,37.278227],[28.740232,37.27789],[28.740151,37.277493],[28.739998,37.277099],[28.739954,37.277017],[28.73979,37.27671],[28.739632,37.276468],[28.73954,37.276332],[28.739517,37.276297],[28.739513,37.276291],[28.739494,37.276266],[28.739262,37.275955],[28.739104,37.275754],[28.738676,37.275212],[28.738638,37.275158],[28.738402,37.274832],[28.738195,37.274502],[28.73802,37.274176],[28.738014,37.274165],[28.737865,37.273823],[28.737753,37.273477],[28.737684,37.273129],[28.737669,37.272767],[28.737704,37.272407],[28.737788,37.272052],[28.737918,37.271707],[28.738097,37.271377],[28.738358,37.271032],[28.738673,37.270709],[28.73903,37.270409],[28.739424,37.270133],[28.739833,37.269894],[28.740266,37.269678],[28.740719,37.269487],[28.74119,37.269322],[28.741657,37.269193],[28.742135,37.269089],[28.742622,37.269007],[28.743116,37.268948],[28.743612,37.268911],[28.744112,37.268892],[28.744613,37.268888],[28.745116,37.268895],[28.746573,37.268946],[28.746626,37.268947],[28.74663,37.268948],[28.747127,37.268957],[28.747621,37.268952],[28.748112,37.268932],[28.748599,37.268893],[28.74908,37.26883],[28.749569,37.268738],[28.750051,37.268621],[28.750527,37.268486],[28.750997,37.268335],[28.751461,37.268171],[28.751918,37.267994],[28.752365,37.267805],[28.752802,37.267601],[28.753234,37.267376],[28.753649,37.267134],[28.753791,37.267041],[28.7539,37.26697],[28.753944,37.266941],[28.753973,37.266922],[28.754418,37.266594],[28.754782,37.266275],[28.755026,37.266033],[28.755118,37.265942],[28.75512,37.265939],[28.755446,37.265584],[28.755756,37.265222],[28.756354,37.26448],[28.756935,37.263725],[28.76038,37.25917],[28.760946,37.25841],[28.761499,37.257645],[28.761988,37.256934],[28.762408,37.256275],[28.762792,37.25561],[28.762981,37.255249],[28.763346,37.254551],[28.76355,37.254212],[28.763687,37.25402],[28.763734,37.253954],[28.764084,37.25355],[28.764426,37.253232],[28.764797,37.252929],[28.765189,37.252636],[28.765595,37.25235],[28.766437,37.251793],[28.767734,37.250973],[28.769145,37.250096],[28.769474,37.249891],[28.769683,37.249761],[28.770788,37.249074],[28.773397,37.24744],[28.775128,37.246344],[28.776414,37.24551],[28.778073,37.244385],[28.781361,37.242106],[28.782192,37.241545],[28.782612,37.241271],[28.782936,37.241067],[28.783038,37.241002],[28.783219,37.240895],[28.783835,37.240532],[28.784244,37.240311],[28.784355,37.240251],[28.784425,37.239902],[28.784594,37.239064],[28.784849,37.236813],[28.78502,37.235291],[28.785145,37.23419],[28.781476,37.228698],[28.780541,37.227108],[28.780694,37.226521],[28.781118,37.225037],[28.781966,37.223553],[28.782426,37.223232],[28.782477,37.223196],[28.782575,37.223127],[28.782673,37.223059],[28.78292,37.222917],[28.783167,37.222776],[28.78345,37.222281],[28.783238,37.22108],[28.783042,37.220754],[28.782602,37.22002],[28.782107,37.21896],[28.781472,37.218748],[28.781048,37.218607],[28.780906,37.21783],[28.781895,37.217759],[28.782885,37.217141],[28.783026,37.217053],[28.784157,37.216063],[28.784157,37.214155],[28.784722,37.212954],[28.785428,37.21253],[28.785676,37.212283],[28.785923,37.212036],[28.786064,37.210976],[28.786005,37.210784],[28.785953,37.210613],[28.785848,37.210271],[28.785782,37.210057],[28.785578,37.209421],[28.785216,37.208291],[28.785141,37.208008],[28.784934,37.207231],[28.784813,37.2071],[28.784086,37.206312],[28.784086,37.205252],[28.784722,37.204334],[28.785165,37.204027],[28.78564,37.203698],[28.786032,37.203399],[28.786842,37.202779],[28.787407,37.20179],[28.787415,37.201649],[28.787478,37.200518],[28.787054,37.199882],[28.78665,37.199559],[28.786347,37.199317],[28.786479,37.197868],[28.786488,37.197762],[28.786206,37.195925],[28.785876,37.195266],[28.785711,37.194936],[28.785358,37.193876],[28.785923,37.19317],[28.786338,37.192981],[28.7867,37.192816],[28.787902,37.191544],[28.789103,37.190555],[28.790021,37.189566],[28.790537,37.188879],[28.791081,37.188153],[28.792848,37.186386],[28.793272,37.185256],[28.794891,37.184547],[28.795533,37.184266],[28.795968,37.184206],[28.799631,37.183701],[28.798774,37.182892],[28.798588,37.182717],[28.796983,37.180966],[28.795962,37.179653],[28.794843,37.177853],[28.793968,37.176735],[28.792266,37.175081],[28.790661,37.174546],[28.788375,37.174254],[28.785408,37.17299],[28.782782,37.17192],[28.782037,37.171288],[28.781177,37.170558],[28.779426,37.170315],[28.777675,37.170072],[28.775049,37.169829],[28.773784,37.169634],[28.772131,37.169294],[28.770477,37.168661],[28.768629,37.167543],[28.765371,37.165792],[28.763474,37.165257],[28.761334,37.165257],[28.76045,37.165311],[28.756905,37.164619],[28.753274,37.162804],[28.749902,37.161074],[28.747308,37.160556],[28.740218,37.158653],[28.737279,37.157962],[28.73529,37.156838],[28.733301,37.155195],[28.731918,37.153033],[28.7282,37.151045],[28.725693,37.149143],[28.724331,37.147968],[28.723946,37.149051],[28.722371,37.152383],[28.721644,37.154806],[28.721099,37.157471],[28.720251,37.160318],[28.718494,37.163347],[28.716253,37.165164],[28.714557,37.166254],[28.710438,37.168677],[28.706259,37.171706],[28.701776,37.174129],[28.698323,37.176006],[28.696022,37.178914],[28.69481,37.182669],[28.694083,37.185638],[28.691721,37.187031],[28.690752,37.188242],[28.688813,37.189575],[28.686633,37.189999],[28.683483,37.189514],[28.68209,37.188908],[28.679788,37.187576],[28.675487,37.184911],[28.671914,37.184002],[28.668764,37.182972],[28.666401,37.182306],[28.663918,37.182003],[28.660162,37.182124],[28.657194,37.182185],[28.652288,37.182791],[28.649744,37.182851],[28.645625,37.18376],[28.642414,37.183941],[28.63981,37.184063],[28.636418,37.183275],[28.633026,37.182912],[28.6303,37.182912],[28.627392,37.18376],[28.624303,37.184487],[28.619942,37.184547],[28.615883,37.185153],[28.611219,37.185638],[28.608675,37.18594],[28.601952,37.185819],[28.59862,37.185335],[28.592563,37.183941],[28.59014,37.182851],[28.588141,37.181882],[28.586384,37.179822],[28.582992,37.177036],[28.58069,37.175825],[28.575481,37.17431],[28.57118,37.173402],[28.567607,37.171645],[28.56482,37.170191],[28.55955,37.168192],[28.556643,37.167647],[28.553735,37.166496],[28.551131,37.165224],[28.549495,37.164134],[28.547738,37.162983],[28.546588,37.161408],[28.546103,37.158864],[28.545073,37.157229],[28.543074,37.155472],[28.540106,37.153958],[28.538229,37.152867],[28.53417,37.150808],[28.527022,37.146386],[28.522782,37.144024],[28.514666,37.143539],[28.511273,37.143963],[28.505095,37.142691],[28.497705,37.142994],[28.491042,37.143539],[28.485954,37.14366],[28.47814,37.144932],[28.4739,37.145962],[28.469841,37.14681],[28.464511,37.145841],[28.459786,37.145962],[28.457363,37.14681],[28.454335,37.149354],[28.451851,37.15311],[28.44967,37.155109],[28.446278,37.15529],[28.443068,37.154927],[28.440948,37.154806],[28.438586,37.154806],[28.435012,37.154261],[28.433376,37.153473],[28.430408,37.152019],[28.428167,37.151474],[28.425259,37.15208],[28.423139,37.152383],[28.42108,37.152443],[28.417748,37.152807],[28.41478,37.153049],[28.41163,37.153291],[28.409632,37.152807],[28.406966,37.152262],[28.405513,37.151959],[28.403453,37.15208],[28.401878,37.151717],[28.39995,37.15107],[28.398254,37.149697],[28.396477,37.14784],[28.394781,37.14574],[28.392923,37.142509],[28.389854,37.14041],[28.387108,37.138875],[28.382989,37.136452],[28.377417,37.134191],[28.372894,37.132575],[28.368452,37.130233],[28.363929,37.128295],[28.360456,37.126518],[28.358841,37.125064],[28.35553,37.122318],[28.35448,37.121026],[28.352945,37.118442],[28.350441,37.113515],[28.347776,37.110769],[28.342042,37.105519],[28.339296,37.10245],[28.337035,37.10035],[28.334773,37.098331],[28.333966,37.09607],[28.3313,37.093809],[28.326131,37.090255],[28.322174,37.085894],[28.320801,37.083794],[28.320155,37.080967],[28.318863,37.076767],[28.311998,37.069418],[28.309332,37.066591],[28.306586,37.063603],[28.305133,37.060291],[28.303114,37.057303],[28.302387,37.055042],[28.30271,37.051003],[28.302468,37.049102],[28.301742,37.042038]]]}},{"type":"Feature","properties":{"id":"TR-D-48-009","parent_id":"TR-P-48","region_id":"TR-R-EGE","level":"district","municipality_type":null,"municipality_type_label":null,"is_metropolitan_municipality":null,"name":"Milas","name_ascii":"milas","slug":"milas-mugla"},"geometry":{"type":"MultiPolygon","coordinates":[[[[27.536587,37.547998],[27.541779,37.547479],[27.545479,37.547024],[27.549179,37.546765],[27.553723,37.54631],[27.554956,37.546116],[27.557293,37.545726],[27.558071,37.545012],[27.558656,37.543519],[27.559175,37.540923],[27.560408,37.539106],[27.564952,37.538392],[27.569301,37.537548],[27.573195,37.536834],[27.575921,37.536639],[27.579686,37.535795],[27.583905,37.535146],[27.587605,37.534432],[27.59085,37.534237],[27.593966,37.535016],[27.594886,37.535837],[27.596367,37.537158],[27.598942,37.539021],[27.599927,37.539733],[27.602315,37.540701],[27.603129,37.541031],[27.604946,37.542262],[27.605812,37.542849],[27.607543,37.542935],[27.609879,37.542589],[27.612562,37.54181],[27.616716,37.539733],[27.617668,37.538608],[27.618073,37.538203],[27.61862,37.537656],[27.622774,37.535752],[27.627881,37.533415],[27.632208,37.530905],[27.636275,37.528482],[27.64493,37.525626],[27.64943,37.524328],[27.657121,37.525517],[27.657825,37.525626],[27.663277,37.52554],[27.669162,37.524934],[27.675653,37.523895],[27.680846,37.523463],[27.690625,37.52329],[27.696078,37.523116],[27.704213,37.52277],[27.706893,37.524504],[27.708627,37.525626],[27.709212,37.525733],[27.712435,37.526319],[27.716935,37.526665],[27.72308,37.526751],[27.729484,37.526578],[27.736234,37.526492],[27.744023,37.526059],[27.747399,37.526059],[27.750687,37.524415],[27.752678,37.523203],[27.754582,37.52078],[27.756919,37.518183],[27.759688,37.514549],[27.762977,37.512298],[27.766871,37.509096],[27.768775,37.507538],[27.769641,37.505981],[27.769814,37.503211],[27.769467,37.500355],[27.769467,37.495941],[27.769384,37.49204],[27.769381,37.491874],[27.768948,37.487893],[27.769035,37.48547],[27.770419,37.482094],[27.771545,37.480969],[27.77492,37.478373],[27.778122,37.475777],[27.782363,37.47318],[27.788507,37.47067],[27.791277,37.469892],[27.794046,37.468766],[27.795171,37.46842],[27.795431,37.468491],[27.797075,37.46894],[27.798893,37.468593],[27.800537,37.467814],[27.802095,37.467641],[27.803912,37.468161],[27.805643,37.468507],[27.809624,37.469755],[27.811442,37.470324],[27.812628,37.470769],[27.814211,37.471363],[27.815855,37.472661],[27.817586,37.474046],[27.819404,37.474911],[27.822,37.47569],[27.823644,37.476123],[27.8265,37.475517],[27.829183,37.474738],[27.832039,37.474738],[27.833597,37.474132],[27.835068,37.47344],[27.837318,37.47344],[27.839222,37.473586],[27.839569,37.473613],[27.841923,37.474201],[27.845454,37.475084],[27.846925,37.475603],[27.849088,37.476988],[27.852031,37.479931],[27.856012,37.483912],[27.85956,37.487893],[27.863282,37.489451],[27.867609,37.49023],[27.870205,37.490662],[27.876437,37.490576],[27.876604,37.490587],[27.88137,37.490922],[27.888466,37.490403],[27.89314,37.491787],[27.895217,37.491874],[27.898765,37.491874],[27.90266,37.491701],[27.902743,37.491704],[27.905169,37.491787],[27.908718,37.490489],[27.908929,37.490454],[27.909016,37.490439],[27.909166,37.490414],[27.910276,37.49023],[27.91391,37.490662],[27.917026,37.490143],[27.920401,37.490143],[27.923084,37.490403],[27.924902,37.491701],[27.925854,37.492826],[27.927723,37.493864],[27.92819,37.494124],[27.929662,37.494643],[27.931998,37.494557],[27.934075,37.494037],[27.935373,37.493172],[27.936239,37.488239],[27.938316,37.486854],[27.939874,37.485296],[27.940999,37.483392],[27.942297,37.481056],[27.942124,37.476988],[27.940826,37.471536],[27.941258,37.467122],[27.944374,37.464526],[27.948182,37.463401],[27.951644,37.462103],[27.953413,37.461724],[27.953332,37.461527],[27.953084,37.460922],[27.950633,37.45912],[27.950212,37.45881],[27.948945,37.457966],[27.947678,37.457121],[27.945481,37.455431],[27.943285,37.453573],[27.94244,37.451292],[27.941674,37.448803],[27.941088,37.446899],[27.940477,37.445757],[27.939821,37.444534],[27.939062,37.443433],[27.938132,37.442084],[27.936611,37.436593],[27.936388,37.434762],[27.936189,37.43313],[27.934097,37.430018],[27.932725,37.427977],[27.93036,37.423584],[27.9296,37.41936],[27.929515,37.417248],[27.930022,37.415052],[27.929769,37.41218],[27.929177,37.408716],[27.928924,37.404492],[27.928502,37.400776],[27.928164,37.39765],[27.928031,37.396455],[27.927826,37.394609],[27.926493,37.390681],[27.926221,37.389878],[27.92394,37.386668],[27.92318,37.384753],[27.921659,37.380924],[27.921178,37.376349],[27.921152,37.376109],[27.921152,37.372476],[27.922039,37.370744],[27.922926,37.369013],[27.926221,37.364451],[27.929008,37.358791],[27.929853,37.357017],[27.931712,37.353891],[27.933401,37.350597],[27.934246,37.348401],[27.934246,37.345866],[27.934753,37.342572],[27.935766,37.338686],[27.93602,37.336658],[27.937456,37.333871],[27.938554,37.331843],[27.939314,37.330238],[27.939568,37.327957],[27.939652,37.323987],[27.939146,37.322129],[27.938723,37.318496],[27.938565,37.316125],[27.938554,37.315962],[27.938398,37.31543],[27.938132,37.314526],[27.937723,37.314246],[27.936527,37.313428],[27.934816,37.312287],[27.934246,37.311907],[27.932472,37.310555],[27.929853,37.30743],[27.927403,37.302953],[27.926305,37.299574],[27.925896,37.298279],[27.925798,37.297968],[27.925438,37.296848],[27.925038,37.295603],[27.925291,37.293069],[27.925545,37.290873],[27.925629,37.288676],[27.926052,37.285382],[27.926263,37.284621],[27.926474,37.283861],[27.927266,37.282541],[27.927741,37.281749],[27.929346,37.278961],[27.931275,37.276535],[27.931965,37.275667],[27.932263,37.275049],[27.933148,37.273217],[27.934584,37.271274],[27.93678,37.266459],[27.938554,37.26232],[27.939146,37.259448],[27.939652,37.255815],[27.938977,37.251169],[27.93923,37.248635],[27.940751,37.245678],[27.942525,37.242637],[27.944496,37.241792],[27.945481,37.24137],[27.945855,37.241309],[27.951226,37.24044],[27.954689,37.239765],[27.959335,37.238751],[27.960793,37.23835],[27.962714,37.237822],[27.965626,37.237564],[27.969388,37.23723],[27.972682,37.235957],[27.973105,37.235794],[27.97623,37.233936],[27.977237,37.232996],[27.977498,37.232753],[27.978422,37.232072],[27.979103,37.23157],[27.981046,37.230134],[27.982228,37.228952],[27.983495,37.22684],[27.985607,37.222194],[27.985784,37.221709],[27.986621,37.219406],[27.98831,37.216872],[27.98924,37.213493],[27.991352,37.21062],[27.992534,37.20834],[27.993041,37.205214],[27.992788,37.201497],[27.992619,37.198372],[27.992703,37.195753],[27.993382,37.193647],[27.993548,37.193134],[27.995406,37.192543],[27.999546,37.192289],[28.003263,37.192289],[28.006726,37.191529],[28.015343,37.188741],[28.017201,37.186714],[28.020665,37.183166],[28.022608,37.180632],[28.027761,37.176999],[28.031224,37.174127],[28.033421,37.171508],[28.03511,37.169312],[28.035701,37.167622],[28.036039,37.164835],[28.03511,37.15909],[28.034012,37.153261],[28.034265,37.149629],[28.034519,37.147686],[28.035195,37.144983],[28.036968,37.141773],[28.037898,37.139323],[28.039249,37.136873],[28.040094,37.133494],[28.040179,37.130368],[28.039503,37.126736],[28.038996,37.123357],[28.039165,37.119978],[28.038151,37.117782],[28.036546,37.115163],[28.035026,37.110939],[28.033252,37.106124],[28.032322,37.100211],[28.030295,37.096578],[28.029535,37.095227],[28.029535,37.093706],[28.03021,37.091594],[28.031055,37.089989],[28.031055,37.088722],[28.030971,37.087201],[28.03021,37.085934],[28.029112,37.084498],[28.028943,37.082809],[28.030802,37.079345],[28.032069,37.07774],[28.033421,37.075713],[28.034434,37.073516],[28.035715,37.07025],[28.036279,37.067096],[28.036729,37.063717],[28.038644,37.061014],[28.040446,37.059212],[28.042699,37.057184],[28.044388,37.054819],[28.046641,37.053355],[28.049344,37.052566],[28.052047,37.051778],[28.055314,37.050989],[28.057341,37.048624],[28.058918,37.045808],[28.060495,37.043218],[28.063311,37.038938],[28.068267,37.034545],[28.071195,37.031278],[28.073786,37.027899],[28.074349,37.024971],[28.074241,37.023729],[28.0718,37.024327],[28.067955,37.025615],[28.063984,37.024757],[28.062353,37.024529],[28.060076,37.024211],[28.057945,37.024384],[28.055226,37.024605],[28.051053,37.024424],[28.046404,37.0239],[28.045167,37.023742],[28.044391,37.023636],[28.041771,37.023282],[28.036614,37.023034],[28.033521,37.022885],[28.029199,37.022703],[28.020065,37.023142],[28.012768,37.024677],[28.009055,37.025725],[28.005403,37.026376],[28.002043,37.027724],[27.997878,37.029308],[27.995141,37.030056],[27.99119,37.031278],[27.987491,37.032039],[27.984558,37.032436],[27.980076,37.032916],[27.976211,37.032379],[27.973465,37.030233],[27.970515,37.023975],[27.968314,37.021834],[27.968255,37.021772],[27.968186,37.02172],[27.967786,37.021629],[27.964456,37.020933],[27.960894,37.020524],[27.956205,37.020314],[27.94902,37.019153],[27.945457,37.01976],[27.942656,37.021614],[27.939944,37.023698],[27.93684,37.02636],[27.93459,37.028781],[27.930758,37.030533],[27.926629,37.031485],[27.922617,37.030605],[27.914826,37.028024],[27.911479,37.02658],[27.908116,37.02537],[27.904696,37.025972],[27.897306,37.02867],[27.893166,37.028821],[27.889446,37.028395],[27.886975,37.027507],[27.885807,37.027088],[27.880838,37.025615],[27.873224,37.022368],[27.864844,37.01962],[27.862636,37.019369],[27.857096,37.018747],[27.854373,37.018469],[27.851305,37.018139],[27.846426,37.017623],[27.841455,37.017081],[27.840701,37.017004],[27.839009,37.01683],[27.83818,37.016199],[27.836994,37.015254],[27.833551,37.014027],[27.833006,37.013855],[27.832028,37.013604],[27.829819,37.01293],[27.825879,37.013631],[27.818964,37.011198],[27.818814,37.010884],[27.81748,37.008106],[27.815731,37.005377],[27.812713,37.003732],[27.809251,37.001988],[27.808831,37.001776],[27.805396,37.001116],[27.802652,36.998626],[27.798983,36.997756],[27.798946,36.997761],[27.798929,36.997807],[27.79895,36.999474],[27.798964,37.000601],[27.798572,37.003459],[27.797341,37.004314],[27.795741,37.005426],[27.791467,37.006264],[27.790894,37.006022],[27.788083,37.00483],[27.788042,37.004806],[27.788034,37.004738],[27.78869,37.001143],[27.787511,36.998178],[27.785628,36.995461],[27.785596,36.995449],[27.782045,36.99491],[27.781131,36.995479],[27.779108,36.996739],[27.779065,36.996749],[27.779038,36.996723],[27.776749,36.99381],[27.7729,36.994298],[27.769744,36.993065],[27.766203,36.993887],[27.76617,36.993887],[27.762882,36.99232],[27.760698,36.990949],[27.760005,36.990515],[27.756513,36.990877],[27.756463,36.990892],[27.756463,36.990933],[27.75708,36.993124],[27.757292,36.993879],[27.758088,36.997386],[27.756035,36.997667],[27.754946,36.997441],[27.754878,37.000847],[27.754811,37.004334],[27.754284,37.008346],[27.754153,37.011307],[27.7531,37.013872],[27.752311,37.016569],[27.751225,37.018521],[27.751664,37.02124],[27.751664,37.022468],[27.751313,37.023959],[27.74991,37.025362],[27.749734,37.027292],[27.74991,37.029836],[27.749033,37.03352],[27.748068,37.035712],[27.74605,37.039922],[27.744647,37.042641],[27.743682,37.045361],[27.743595,37.048957],[27.74377,37.051588],[27.744296,37.055272],[27.745524,37.058605],[27.746138,37.062289],[27.746928,37.069393],[27.748243,37.075007],[27.748331,37.078165],[27.747278,37.08141],[27.745787,37.08562],[27.745086,37.089392],[27.744209,37.094303],[27.743331,37.096321],[27.739998,37.098075],[27.736841,37.099391],[27.734648,37.100092],[27.730175,37.100092],[27.727368,37.100092],[27.723421,37.100092],[27.720351,37.099917],[27.71658,37.100443],[27.714124,37.10132],[27.712808,37.102987],[27.712194,37.104566],[27.711668,37.105794],[27.711229,37.108249],[27.710264,37.110267],[27.7093,37.112021],[27.708773,37.113688],[27.708861,37.115003],[27.70851,37.118161],[27.708072,37.120529],[27.706668,37.12281],[27.70544,37.124651],[27.704037,37.126669],[27.702721,37.128862],[27.701318,37.131142],[27.699651,37.133598],[27.698423,37.134475],[27.697897,37.138685],[27.696669,37.142281],[27.695266,37.144562],[27.693775,37.147807],[27.692634,37.151666],[27.691757,37.153859],[27.69088,37.156052],[27.690792,37.15842],[27.692459,37.160964],[27.694301,37.162718],[27.694739,37.164297],[27.69395,37.166227],[27.692547,37.168244],[27.690178,37.168682],[27.687196,37.169384],[27.685354,37.169647],[27.683162,37.169735],[27.680443,37.16991],[27.677636,37.170524],[27.676408,37.171489],[27.674215,37.173156],[27.671233,37.173857],[27.667812,37.172542],[27.665619,37.172366],[27.662725,37.170963],[27.661409,37.16956],[27.661409,37.167191],[27.661409,37.16456],[27.661321,37.162455],[27.658778,37.157806],[27.656322,37.154824],[27.654743,37.152807],[27.653778,37.150526],[27.653252,37.147193],[27.653691,37.143948],[27.653515,37.142369],[27.652989,37.140527],[27.651322,37.139475],[27.649305,37.137984],[27.647288,37.137984],[27.64527,37.137984],[27.643341,37.138247],[27.639394,37.139124],[27.635798,37.140703],[27.633429,37.141317],[27.631675,37.142106],[27.630009,37.143158],[27.627904,37.144562],[27.624834,37.145527],[27.623079,37.145351],[27.621062,37.144474],[27.61729,37.143685],[27.611063,37.142369],[27.605625,37.142106],[27.599222,37.142457],[27.596941,37.142281],[27.593433,37.141931],[27.591416,37.141843],[27.587556,37.142194],[27.584837,37.142106],[27.583434,37.14158],[27.579325,37.139308],[27.576599,37.140705],[27.574701,37.140335],[27.572105,37.139581],[27.571396,37.139376],[27.568583,37.138419],[27.567958,37.138207],[27.564231,37.137429],[27.56051,37.137338],[27.556923,37.136103],[27.553934,37.137836],[27.55525,37.1408],[27.554417,37.143546],[27.554733,37.146633],[27.555477,37.149831],[27.558499,37.151523],[27.562055,37.151989],[27.561135,37.153829],[27.559104,37.154241],[27.552811,37.152661],[27.55222,37.152512],[27.551961,37.152512],[27.549872,37.152512],[27.548873,37.152592],[27.547223,37.154115],[27.546034,37.15413],[27.543543,37.154115],[27.54348,37.154225],[27.543369,37.154797],[27.542956,37.157222],[27.541706,37.16005],[27.541693,37.160089],[27.54172,37.160125],[27.543863,37.162588],[27.547255,37.16368],[27.550467,37.164949],[27.551351,37.167688],[27.548938,37.16976],[27.54522,37.17001],[27.5418,37.171633],[27.540827,37.174842],[27.544128,37.17585],[27.545035,37.181102],[27.547773,37.183144],[27.549789,37.185969],[27.549789,37.185983],[27.549782,37.185991],[27.546944,37.186349],[27.543226,37.186717],[27.539467,37.187791],[27.536147,37.188956],[27.535798,37.189292],[27.535423,37.189667],[27.535126,37.189951],[27.534777,37.190235],[27.534002,37.190959],[27.529192,37.191574],[27.526415,37.191928],[27.526196,37.193337],[27.526041,37.19441],[27.525782,37.196168],[27.528742,37.195483],[27.529491,37.195289],[27.530241,37.195134],[27.534275,37.194198],[27.537643,37.192867],[27.540982,37.191871],[27.544842,37.191276],[27.547153,37.193435],[27.550739,37.194212],[27.554601,37.193849],[27.558175,37.194639],[27.558618,37.194737],[27.560075,37.197587],[27.560104,37.200673],[27.562705,37.203173],[27.566302,37.205095],[27.567758,37.207713],[27.569189,37.211051],[27.569223,37.211131],[27.570012,37.211824],[27.571057,37.212598],[27.572449,37.213719],[27.57415,37.215111],[27.575388,37.216194],[27.576587,37.217123],[27.577476,37.217857],[27.578559,37.218747],[27.579139,37.21894],[27.580725,37.219636],[27.581686,37.220091],[27.581912,37.220197],[27.584794,37.222007],[27.585763,37.222924],[27.587264,37.224308],[27.587727,37.225696],[27.587773,37.225824],[27.588402,37.227567],[27.589694,37.229766],[27.589727,37.232748],[27.589772,37.233913],[27.589849,37.2348],[27.589907,37.235919],[27.589907,37.236787],[27.59116,37.237173],[27.593412,37.239101],[27.596861,37.240222],[27.599343,37.243126],[27.600596,37.245173],[27.601374,37.246363],[27.602136,37.249711],[27.6055,37.251679],[27.606806,37.252957],[27.608898,37.255004],[27.611072,37.257506],[27.614664,37.258513],[27.618682,37.259171],[27.622833,37.258685],[27.62435,37.252959],[27.627779,37.25202],[27.630482,37.250174],[27.632319,37.247762],[27.635165,37.245799],[27.638589,37.2444],[27.642156,37.24312],[27.646165,37.242978],[27.647201,37.246057],[27.646801,37.248919],[27.646402,37.251895],[27.643558,37.253858],[27.641289,37.25616],[27.638011,37.257668],[27.633863,37.258496],[27.632901,37.261333],[27.630624,37.26389],[27.627025,37.262315],[27.623594,37.263022],[27.619873,37.263506],[27.615708,37.262506],[27.612572,37.264241],[27.613034,37.26721],[27.612919,37.270068],[27.613186,37.271795],[27.613379,37.273038],[27.616403,37.274506],[27.613845,37.276693],[27.612155,37.279564],[27.612146,37.279779],[27.61204,37.282422],[27.608319,37.282905],[27.607403,37.282514],[27.605152,37.281554],[27.601423,37.281346],[27.601596,37.284205],[27.601324,37.28569],[27.601052,37.28718],[27.598058,37.288801],[27.594599,37.288288],[27.593488,37.28797],[27.592136,37.287069],[27.591727,37.286796],[27.589349,37.286042],[27.588125,37.285654],[27.58797,37.284819],[27.587533,37.282467],[27.58908,37.279486],[27.588145,37.277465],[27.587763,37.276637],[27.584044,37.277041],[27.583581,37.276211],[27.582722,37.274152],[27.578874,37.274419],[27.575605,37.27591],[27.574526,37.275863],[27.571035,37.275688],[27.569607,37.275942],[27.566342,37.276565],[27.565195,37.276783],[27.562022,37.276767],[27.559277,37.277259],[27.556499,37.274879],[27.555024,37.272324],[27.554869,37.272278],[27.5535,37.271864],[27.553016,37.269768],[27.552782,37.268982],[27.55213,37.266797],[27.550386,37.264295],[27.547106,37.263073],[27.544624,37.260783],[27.543027,37.257948],[27.541561,37.255086],[27.544118,37.252787],[27.547401,37.251282],[27.54861,37.251534],[27.551021,37.252038],[27.551178,37.252052],[27.551312,37.251985],[27.552243,37.248962],[27.552666,37.247589],[27.551175,37.246125],[27.550354,37.245317],[27.546783,37.246481],[27.545805,37.249231],[27.5445,37.249573],[27.542055,37.2489],[27.539238,37.251673],[27.53589,37.250362],[27.53581,37.250322],[27.535822,37.250231],[27.536551,37.248445],[27.536909,37.24757],[27.534253,37.245507],[27.531422,37.242917],[27.52784,37.242939],[27.524652,37.24135],[27.523478,37.238493],[27.524049,37.235299],[27.525311,37.232436],[27.525722,37.231405],[27.526402,37.229699],[27.526402,37.229572],[27.526342,37.229534],[27.523109,37.228713],[27.520543,37.228132],[27.520489,37.227665],[27.519298,37.217406],[27.519276,37.217183],[27.517898,37.216085],[27.51782,37.216063],[27.517753,37.216107],[27.516782,37.217421],[27.517415,37.228048],[27.517496,37.229417],[27.515957,37.230401],[27.512701,37.231594],[27.508834,37.231501],[27.504824,37.231639],[27.504992,37.234498],[27.50156,37.235202],[27.50088,37.237537],[27.500726,37.238066],[27.503739,37.239509],[27.507054,37.241001],[27.511514,37.241779],[27.513942,37.244302],[27.513736,37.24819],[27.513783,37.248221],[27.5161,37.246904],[27.518591,37.249888],[27.518488,37.252496],[27.518475,37.252823],[27.516633,37.255237],[27.519088,37.257392],[27.522392,37.258401],[27.524406,37.260764],[27.52441,37.260787],[27.524408,37.260798],[27.521427,37.262637],[27.51973,37.265279],[27.517701,37.26769],[27.517603,37.267807],[27.521668,37.273726],[27.521421,37.274923],[27.520982,37.277046],[27.517558,37.278781],[27.513898,37.27791],[27.513896,37.277909],[27.513892,37.277912],[27.512067,37.278977],[27.51054,37.279393],[27.507463,37.280759],[27.507405,37.280777],[27.507364,37.280759],[27.505064,37.279312],[27.504518,37.278969],[27.503332,37.278731],[27.50064,37.278193],[27.498045,37.276265],[27.497965,37.275501],[27.497733,37.273291],[27.497562,37.272971],[27.496276,37.270558],[27.492699,37.271147],[27.489536,37.269907],[27.485667,37.269931],[27.48238,37.271094],[27.478818,37.27168],[27.478805,37.271673],[27.478796,37.271667],[27.477491,37.269059],[27.478763,37.266518],[27.479289,37.265636],[27.480598,37.263442],[27.478285,37.261055],[27.477074,37.260149],[27.475401,37.258897],[27.47197,37.259832],[27.468524,37.258935],[27.465787,37.257005],[27.46319,37.254848],[27.460452,37.252918],[27.456728,37.253169],[27.456181,37.255429],[27.456036,37.256029],[27.455282,37.258504],[27.455198,37.258779],[27.456509,37.261398],[27.458395,37.264247],[27.460943,37.267058],[27.465761,37.271524],[27.468501,37.273568],[27.469826,37.275068],[27.470815,37.276187],[27.470828,37.277748],[27.470839,37.279159],[27.471943,37.280706],[27.472869,37.282004],[27.47447,37.284851],[27.475944,37.288369],[27.476956,37.290784],[27.480207,37.291749],[27.483999,37.29326],[27.487024,37.294959],[27.488626,37.298038],[27.489081,37.300894],[27.490108,37.303743],[27.48999,37.306719],[27.490736,37.310144],[27.49205,37.312763],[27.493222,37.315731],[27.496546,37.318799],[27.49729,37.321879],[27.497231,37.323525],[27.497203,37.324311],[27.497107,37.325835],[27.496914,37.328399],[27.496223,37.331377],[27.493523,37.334133],[27.48922,37.334274],[27.486051,37.332688],[27.483084,37.33429],[27.483087,37.334328],[27.483128,37.334371],[27.485799,37.33669],[27.487643,37.339362],[27.487649,37.339398],[27.487615,37.339407],[27.484237,37.338529],[27.480656,37.339122],[27.479387,37.34187],[27.474459,37.346307],[27.474392,37.346331],[27.474323,37.346305],[27.471392,37.34444],[27.471383,37.344425],[27.471387,37.344403],[27.4715,37.344125],[27.472642,37.341336],[27.474654,37.33853],[27.476325,37.335717],[27.47673,37.332744],[27.47673,37.332742],[27.476419,37.329769],[27.473782,37.327375],[27.471074,37.325228],[27.467446,37.319872],[27.46428,37.318517],[27.461385,37.315105],[27.460523,37.313268],[27.45978,37.311684],[27.456612,37.309984],[27.454858,37.309726],[27.45288,37.309435],[27.447402,37.305806],[27.443383,37.305137],[27.4398,37.305388],[27.435782,37.304951],[27.432206,37.305884],[27.429496,37.307725],[27.426351,37.309],[27.422628,37.309473],[27.418755,37.309381],[27.414737,37.30883],[27.411451,37.310015],[27.408016,37.311146],[27.406316,37.3139],[27.403174,37.315743],[27.402922,37.315752],[27.399303,37.315878],[27.398176,37.318626],[27.399153,37.319395],[27.400773,37.320671],[27.40022,37.323531],[27.396912,37.322292],[27.390772,37.325864],[27.389653,37.326212],[27.387256,37.326959],[27.385674,37.329177],[27.385751,37.331723],[27.385794,37.334084],[27.38582,37.335491],[27.384552,37.33858],[27.384574,37.341784],[27.385459,37.345324],[27.385626,37.348524],[27.385503,37.351382],[27.385134,37.35263],[27.384961,37.353171],[27.385055,37.354109],[27.385076,37.354308],[27.384768,37.356449],[27.384903,37.356835],[27.385096,37.357196],[27.385123,37.357265],[27.386569,37.360063],[27.388882,37.362683],[27.391538,37.36538],[27.392468,37.364519],[27.393293,37.363785],[27.394053,37.363162],[27.3962,37.36085],[27.399421,37.359776],[27.403055,37.360189],[27.405862,37.361098],[27.409991,37.361428],[27.414781,37.361924],[27.419323,37.36341],[27.422213,37.364401],[27.424856,37.366135],[27.427416,37.367209],[27.429976,37.368035],[27.431215,37.369273],[27.434353,37.371007],[27.437739,37.372907],[27.442198,37.374311],[27.44451,37.375136],[27.446657,37.375302],[27.44897,37.375549],[27.451447,37.375467],[27.453924,37.376127],[27.455824,37.377944],[27.457888,37.379761],[27.459292,37.381578],[27.461109,37.382899],[27.46243,37.382982],[27.463917,37.384386],[27.464082,37.386863],[27.46433,37.388762],[27.46433,37.391405],[27.463339,37.39413],[27.462017,37.395699],[27.461935,37.398094],[27.462926,37.400406],[27.463586,37.403131],[27.463917,37.405444],[27.463504,37.411224],[27.463834,37.414115],[27.463421,37.416757],[27.463586,37.419235],[27.463751,37.422042],[27.464412,37.426089],[27.465321,37.430548],[27.467798,37.433273],[27.470028,37.434842],[27.471184,37.435668],[27.471679,37.437072],[27.471679,37.438228],[27.471266,37.440045],[27.469862,37.441944],[27.468376,37.443844],[27.466642,37.445991],[27.46433,37.449542],[27.463586,37.451193],[27.463586,37.452763],[27.46499,37.454166],[27.467468,37.455405],[27.46945,37.455735],[27.470853,37.456644],[27.471101,37.458378],[27.471019,37.460608],[27.470853,37.463415],[27.470441,37.467544],[27.469862,37.470435],[27.46945,37.475555],[27.46945,37.476959],[27.469862,37.479106],[27.471886,37.488382],[27.471555,37.493668],[27.471163,37.496078],[27.470785,37.498402],[27.470124,37.503137],[27.468822,37.510027],[27.468108,37.516777],[27.468547,37.518026],[27.468952,37.519179],[27.469385,37.521153],[27.469536,37.52184],[27.469926,37.523982],[27.470575,37.52567],[27.471884,37.527038],[27.472003,37.527162],[27.471645,37.528833],[27.471613,37.52898],[27.472369,37.530014],[27.472847,37.530667],[27.474015,37.53242],[27.474859,37.534173],[27.475313,37.536379],[27.477196,37.537418],[27.477455,37.537431],[27.479857,37.537548],[27.482518,37.537548],[27.484985,37.537807],[27.487256,37.537937],[27.491346,37.538132],[27.494331,37.538262],[27.496408,37.538002],[27.49868,37.537353],[27.501017,37.537418],[27.501471,37.537486],[27.504068,37.537872],[27.506729,37.538109],[27.506989,37.538132],[27.509022,37.539214],[27.510039,37.539755],[27.510039,37.541248],[27.509978,37.543267],[27.509974,37.54339],[27.511597,37.545532],[27.513637,37.546056],[27.513869,37.546116],[27.516141,37.546375],[27.51997,37.546181],[27.523475,37.5467],[27.525682,37.547219],[27.528084,37.547544],[27.5296,37.54791],[27.529966,37.547998],[27.534055,37.547738],[27.536587,37.547998]]],[[[27.506209,37.153327],[27.506158,37.145736],[27.505619,37.145711],[27.505574,37.145407],[27.50591,37.145033],[27.505824,37.144797],[27.5043,37.144714],[27.503414,37.14457],[27.503369,37.14413],[27.50362,37.143824],[27.503703,37.143553],[27.50294,37.142803],[27.502348,37.142704],[27.502092,37.142748],[27.502046,37.14224],[27.501902,37.141694],[27.501743,37.141091],[27.501066,37.140891],[27.50039,37.140928],[27.500119,37.140974],[27.499377,37.141101],[27.497561,37.141176],[27.497223,37.141279],[27.496253,37.141487],[27.495662,37.14159],[27.495158,37.142032],[27.494569,37.142373],[27.493806,37.142106],[27.493337,37.141363],[27.492997,37.141026],[27.492424,37.140876],[27.492362,37.14086],[27.491897,37.140828],[27.491306,37.141],[27.49059,37.141341],[27.490037,37.141879],[27.490271,37.142833],[27.490542,37.143177],[27.490909,37.143642],[27.493163,37.145764],[27.493589,37.146337],[27.49397,37.146505],[27.494689,37.146502],[27.495027,37.146568],[27.494778,37.147279],[27.494825,37.14799],[27.494955,37.148463],[27.495424,37.14907],[27.495512,37.149712],[27.495981,37.150285],[27.496323,37.150892],[27.496791,37.15133],[27.497767,37.151935],[27.497641,37.152138],[27.496839,37.152311],[27.496208,37.152618],[27.495618,37.152992],[27.494486,37.154384],[27.494283,37.155569],[27.494294,37.155618],[27.494631,37.157056],[27.494886,37.157325],[27.495225,37.157459],[27.496987,37.157926],[27.498151,37.158235],[27.498866,37.158425],[27.499669,37.158455],[27.500176,37.158521],[27.501021,37.158416],[27.502368,37.157598],[27.502874,37.157359],[27.502945,37.157273],[27.503125,37.157054],[27.503627,37.15624],[27.504088,37.155697],[27.504292,37.154647],[27.504835,37.153596],[27.505087,37.153426],[27.505763,37.153423],[27.506209,37.153327]]]]}},{"type":"Feature","properties":{"id":"TR-D-48-010","parent_id":"TR-P-48","region_id":"TR-R-EGE","level":"district","municipality_type":null,"municipality_type_label":null,"is_metropolitan_municipality":null,"name":"Ortaca","name_ascii":"ortaca","slug":"ortaca-mugla"},"geometry":{"type":"Polygon","coordinates":[[[28.749769,36.699873],[28.749739,36.69988],[28.749212,36.700008],[28.748834,36.70011],[28.748558,36.700182],[28.748211,36.700264],[28.747818,36.700344],[28.7475,36.700423],[28.746994,36.700543],[28.74686,36.700569],[28.746599,36.700622],[28.746384,36.700651],[28.746079,36.700688],[28.74585,36.700725],[28.74552,36.700797],[28.745318,36.700871],[28.74499,36.700962],[28.744637,36.701078],[28.744301,36.701187],[28.743762,36.701364],[28.743606,36.701436],[28.743147,36.701566],[28.742766,36.701722],[28.742753,36.701728],[28.742432,36.701871],[28.742251,36.701945],[28.742124,36.701977],[28.741883,36.702083],[28.741639,36.702128],[28.741361,36.702181],[28.741249,36.702178],[28.740984,36.702258],[28.740616,36.70239],[28.740202,36.702512],[28.740019,36.702544],[28.739704,36.702632],[28.739566,36.702674],[28.739206,36.702775],[28.739049,36.702854],[28.738962,36.70287],[28.738781,36.702889],[28.738445,36.702942],[28.738164,36.702963],[28.737912,36.702989],[28.737795,36.703006],[28.737775,36.703009],[28.737554,36.703053],[28.737416,36.703072],[28.737024,36.703093],[28.736703,36.70309],[28.736562,36.703109],[28.73634,36.703104],[28.736078,36.703104],[28.73586,36.703109],[28.735685,36.703133],[28.735515,36.703157],[28.735285,36.703276],[28.735144,36.703273],[28.734884,36.7033],[28.734656,36.703342],[28.734291,36.703438],[28.734126,36.703454],[28.733909,36.703501],[28.733715,36.703501],[28.73331,36.703576],[28.733024,36.703589],[28.732747,36.703605],[28.732011,36.703608],[28.731804,36.7036],[28.731576,36.703634],[28.731404,36.70369],[28.731165,36.703774],[28.730956,36.703804],[28.730882,36.703849],[28.730773,36.703899],[28.730566,36.703918],[28.730423,36.703939],[28.730267,36.704008],[28.730166,36.704037],[28.730065,36.704114],[28.729991,36.704178],[28.729816,36.704299],[28.729644,36.704379],[28.729466,36.704419],[28.72936,36.704459],[28.729106,36.704512],[28.728872,36.70457],[28.728554,36.704703],[28.728416,36.70474],[28.728292,36.704755],[28.728037,36.704803],[28.72773,36.704859],[28.727451,36.704862],[28.727269,36.70485],[28.727239,36.704854],[28.727099,36.704867],[28.726889,36.704965],[28.726603,36.705095],[28.726481,36.705156],[28.726343,36.70519],[28.726163,36.705294],[28.725956,36.705405],[28.725699,36.705506],[28.725524,36.70554],[28.725256,36.705612],[28.72515,36.705622],[28.724949,36.705667],[28.724763,36.705668],[28.724609,36.705668],[28.724286,36.705668],[28.724034,36.70567],[28.723934,36.705646],[28.723645,36.705583],[28.723427,36.705519],[28.72321,36.705474],[28.722995,36.705448],[28.72274,36.705418],[28.72247,36.705394],[28.722229,36.705408],[28.722004,36.705469],[28.721882,36.705509],[28.721747,36.70553],[28.721654,36.705542],[28.721595,36.705559],[28.721447,36.705583],[28.721344,36.705578],[28.721092,36.705583],[28.720636,36.705562],[28.720265,36.705559],[28.720082,36.705546],[28.719856,36.705554],[28.719673,36.705509],[28.719575,36.705479],[28.719519,36.705472],[28.719404,36.705468],[28.719276,36.705485],[28.71918,36.705485],[28.719021,36.705493],[28.718857,36.705506],[28.718589,36.705506],[28.718295,36.705509],[28.718059,36.705501],[28.717899,36.705468],[28.717675,36.705469],[28.717545,36.705448],[28.717407,36.705432],[28.717237,36.705376],[28.71707,36.705373],[28.71702,36.705384],[28.716967,36.705401],[28.716824,36.705384],[28.716694,36.705347],[28.716524,36.705331],[28.716437,36.70532],[28.716307,36.705305],[28.716214,36.705294],[28.716084,36.705275],[28.715885,36.705238],[28.71558,36.705233],[28.715214,36.705241],[28.715061,36.705241],[28.714968,36.705241],[28.714806,36.705229],[28.714727,36.705209],[28.714673,36.705196],[28.714599,36.705177],[28.714467,36.705156],[28.714362,36.705159],[28.714292,36.705161],[28.71412,36.705159],[28.714093,36.705156],[28.71399,36.705138],[28.713889,36.705095],[28.713817,36.705081],[28.713709,36.705061],[28.713685,36.705061],[28.713484,36.705059],[28.713364,36.705055],[28.71316,36.705058],[28.71299,36.705039],[28.712723,36.704981],[28.712683,36.704957],[28.712619,36.704939],[28.712487,36.704928],[28.712357,36.704925],[28.711932,36.704817],[28.711667,36.704806],[28.711442,36.704745],[28.71119,36.704695],[28.711029,36.704674],[28.710885,36.70468],[28.710618,36.704642],[28.710521,36.704616],[28.710316,36.704566],[28.710044,36.704544],[28.709856,36.704537],[28.709716,36.704493],[28.709565,36.704465],[28.709455,36.70442],[28.709352,36.704361],[28.709265,36.704285],[28.709226,36.70424],[28.709208,36.704219],[28.709167,36.704193],[28.709087,36.704194],[28.709001,36.704187],[28.708932,36.70415],[28.708887,36.70415],[28.708829,36.704163],[28.708821,36.704165],[28.708789,36.704187],[28.70874,36.704206],[28.708699,36.704193],[28.708682,36.704165],[28.708706,36.704139],[28.708709,36.704136],[28.708734,36.704104],[28.708765,36.704078],[28.708829,36.704062],[28.708887,36.704034],[28.708963,36.704007],[28.709013,36.703969],[28.70905,36.703916],[28.70909,36.703874],[28.709131,36.703834],[28.709155,36.703809],[28.709241,36.703733],[28.709254,36.703668],[28.709251,36.703633],[28.709213,36.703615],[28.709192,36.703601],[28.709191,36.703528],[28.709202,36.703467],[28.709228,36.703433],[28.709286,36.703388],[28.709353,36.703351],[28.70938,36.703328],[28.709377,36.703291],[28.709329,36.703274],[28.709262,36.703241],[28.709234,36.703246],[28.709185,36.703254],[28.709161,36.703238],[28.709131,36.703212],[28.709065,36.703206],[28.709033,36.703215],[28.709025,36.703231],[28.709017,36.703263],[28.708988,36.703273],[28.708941,36.703288],[28.708894,36.703296],[28.708866,36.703284],[28.708846,36.703273],[28.708779,36.703272],[28.708771,36.703274],[28.708661,36.703292],[28.708589,36.703264],[28.708545,36.703248],[28.70851,36.703215],[28.708454,36.703215],[28.708438,36.703228],[28.708437,36.703253],[28.70846,36.703285],[28.70847,36.70331],[28.708416,36.703353],[28.708369,36.703375],[28.708296,36.703378],[28.708207,36.703396],[28.708108,36.703411],[28.708071,36.703396],[28.708035,36.703379],[28.707943,36.703384],[28.707915,36.703361],[28.707831,36.703351],[28.707742,36.703367],[28.707721,36.703381],[28.707709,36.703383],[28.707684,36.703379],[28.70767,36.70337],[28.707654,36.703382],[28.707642,36.703394],[28.707613,36.703421],[28.707586,36.703458],[28.707571,36.703489],[28.707573,36.703613],[28.707491,36.703624],[28.70729,36.703631],[28.707137,36.703608],[28.707272,36.703039],[28.707234,36.703032],[28.707086,36.703603],[28.706882,36.703534],[28.706463,36.703463],[28.706264,36.70343],[28.705892,36.703345],[28.705273,36.703268],[28.704884,36.703205],[28.704626,36.703132],[28.703632,36.702838],[28.703414,36.702746],[28.703216,36.702689],[28.702904,36.702676],[28.702714,36.702612],[28.702524,36.702526],[28.702213,36.702442],[28.701968,36.70236],[28.702154,36.701889],[28.702111,36.701874],[28.701943,36.702349],[28.701908,36.702366],[28.701892,36.702339],[28.701751,36.70226],[28.701331,36.702056],[28.701032,36.70198],[28.700843,36.701921],[28.70065,36.701835],[28.700445,36.701695],[28.700341,36.701613],[28.700042,36.701297],[28.69988,36.701202],[28.699685,36.701062],[28.699477,36.701035],[28.699333,36.700981],[28.699098,36.700944],[28.698777,36.700855],[28.698126,36.700718],[28.697204,36.700696],[28.696589,36.700646],[28.695312,36.700536],[28.695364,36.699904],[28.695334,36.699909],[28.695263,36.700552],[28.693863,36.700718],[28.693179,36.700696],[28.693162,36.700696],[28.692358,36.700596],[28.691146,36.700307],[28.690916,36.700239],[28.690903,36.700165],[28.690857,36.700108],[28.690816,36.700068],[28.690712,36.699986],[28.69055,36.699914],[28.690441,36.699825],[28.690274,36.699742],[28.690256,36.699692],[28.690258,36.699689],[28.690283,36.699647],[28.690206,36.699557],[28.690052,36.699516],[28.689953,36.699344],[28.689944,36.699271],[28.689772,36.699082],[28.689749,36.69891],[28.689722,36.698788],[28.689704,36.69872],[28.689736,36.698666],[28.690102,36.698666],[28.690305,36.698635],[28.690423,36.698549],[28.690486,36.698454],[28.690586,36.698368],[28.690595,36.698291],[28.690676,36.698241],[28.690728,36.698171],[28.690651,36.698109],[28.690346,36.69797],[28.690138,36.69783],[28.689998,36.697789],[28.689917,36.697712],[28.689768,36.697685],[28.689704,36.697536],[28.68956,36.697405],[28.689442,36.697374],[28.689374,36.697324],[28.689338,36.697229],[28.689338,36.697048],[28.689121,36.697043],[28.689031,36.697057],[28.688992,36.697091],[28.688907,36.6971],[28.688866,36.697097],[28.688818,36.697084],[28.688782,36.697025],[28.688796,36.696935],[28.688769,36.696872],[28.688732,36.696835],[28.688565,36.696822],[28.688475,36.696876],[28.688411,36.69689],[28.688303,36.69684],[28.688195,36.696835],[28.688181,36.69693],[28.688213,36.696994],[28.688185,36.697057],[28.688104,36.697111],[28.688027,36.697089],[28.687964,36.697003],[28.687901,36.69694],[28.687801,36.696926],[28.687792,36.696989],[28.687855,36.697012],[28.687851,36.69708],[28.687765,36.697143],[28.687742,36.697369],[28.687656,36.697459],[28.68758,36.697455],[28.687462,36.69736],[28.687304,36.697333],[28.687186,36.69727],[28.686988,36.697274],[28.686906,36.697238],[28.686965,36.697157],[28.686902,36.697075],[28.68682,36.697043],[28.686771,36.697089],[28.686626,36.697089],[28.686621,36.697129],[28.686694,36.697179],[28.686644,36.697224],[28.686563,36.697179],[28.686524,36.697101],[28.686366,36.697053],[28.686203,36.697047],[28.686064,36.696956],[28.685678,36.69695],[28.685615,36.696958],[28.685468,36.696888],[28.684835,36.696613],[28.684862,36.696581],[28.684862,36.696455],[28.684789,36.6964],[28.684572,36.696394],[28.684452,36.696448],[28.684306,36.696406],[28.684095,36.696406],[28.683968,36.696473],[28.683853,36.696418],[28.683714,36.696412],[28.683617,36.696442],[28.683569,36.696491],[28.683581,36.696563],[28.683702,36.696624],[28.683762,36.696672],[28.68375,36.696727],[28.683611,36.696799],[28.683587,36.696926],[28.683521,36.696968],[28.68343,36.69695],[28.683345,36.696817],[28.683339,36.696684],[28.683297,36.696618],[28.68323,36.696594],[28.68311,36.696666],[28.682977,36.696624],[28.682928,36.696557],[28.68291,36.696455],[28.68265,36.696328],[28.682596,36.696249],[28.68256,36.69611],[28.682493,36.696013],[28.682372,36.695965],[28.68227,36.69585],[28.682167,36.695826],[28.68207,36.695838],[28.682022,36.695881],[28.682028,36.695935],[28.681943,36.695959],[28.681569,36.695832],[28.681454,36.695705],[28.68143,36.695584],[28.681321,36.695506],[28.680946,36.695524],[28.680916,36.695597],[28.681007,36.695705],[28.68114,36.695965],[28.681067,36.696038],[28.680983,36.695929],[28.680457,36.695935],[28.680306,36.69582],[28.680167,36.695784],[28.680125,36.69553],[28.679895,36.695379],[28.679702,36.695373],[28.679496,36.695252],[28.679478,36.695156],[28.679182,36.694974],[28.679049,36.694823],[28.679043,36.694684],[28.678814,36.694394],[28.678427,36.694165],[28.678258,36.694052],[28.677877,36.693796],[28.677804,36.693621],[28.677466,36.693446],[28.6772,36.693385],[28.676982,36.693099],[28.676686,36.693043],[28.676324,36.692997],[28.676056,36.692904],[28.675852,36.692932],[28.675704,36.693025],[28.67563,36.69317],[28.675454,36.693515],[28.67538,36.69358],[28.675186,36.693534],[28.674686,36.693451],[28.674482,36.693386],[28.674353,36.693321],[28.674195,36.693395],[28.673862,36.693376],[28.673548,36.693228],[28.673131,36.692932],[28.672733,36.692873],[28.672224,36.692682],[28.67194,36.69254],[28.67189,36.692516],[28.6714,36.692256],[28.670715,36.69196],[28.670058,36.691729],[28.669928,36.692053],[28.669872,36.692904],[28.669937,36.693552],[28.670178,36.693797],[28.672233,36.695876],[28.673131,36.698348],[28.671137,36.698546],[28.668198,36.698839],[28.667993,36.698866],[28.668132,36.699018],[28.670107,36.70118],[28.670279,36.701374],[28.670427,36.701689],[28.671834,36.705397],[28.671865,36.70553],[28.671904,36.705863],[28.671958,36.708636],[28.672011,36.711308],[28.668456,36.711975],[28.667872,36.712081],[28.665318,36.712549],[28.663772,36.712854],[28.658384,36.713872],[28.656792,36.714169],[28.652571,36.714965],[28.644684,36.716465],[28.64379,36.716631],[28.641928,36.716979],[28.637548,36.711633],[28.634484,36.706258],[28.634454,36.706214],[28.634403,36.706184],[28.628538,36.704252],[28.623081,36.705746],[28.61644,36.714242],[28.616425,36.714261],[28.616401,36.714297],[28.616404,36.714323],[28.619243,36.722174],[28.619274,36.722233],[28.619323,36.722257],[28.622996,36.723288],[28.623202,36.723346],[28.623208,36.723359],[28.623214,36.72338],[28.622962,36.726773],[28.622128,36.730529],[28.622154,36.734073],[28.61875,36.737389],[28.618478,36.737654],[28.613337,36.738124],[28.60808,36.73779],[28.608255,36.741107],[28.611018,36.743678],[28.619053,36.745295],[28.619203,36.745346],[28.619317,36.745433],[28.622412,36.748816],[28.622511,36.748974],[28.622578,36.749145],[28.623986,36.754348],[28.624063,36.75453],[28.62417,36.754653],[28.628241,36.757431],[28.62842,36.757527],[28.628589,36.757589],[28.629852,36.758003],[28.634169,36.75942],[28.634258,36.759458],[28.634156,36.759537],[28.631155,36.761734],[28.631042,36.761777],[28.630893,36.761805],[28.622032,36.762323],[28.617126,36.762204],[28.616956,36.762216],[28.61681,36.762283],[28.613472,36.764111],[28.613402,36.764207],[28.613391,36.764346],[28.614284,36.766899],[28.615027,36.769022],[28.614305,36.774214],[28.614334,36.774397],[28.614412,36.774453],[28.617626,36.776302],[28.617802,36.776409],[28.618006,36.77646],[28.625333,36.77877],[28.62552,36.77884],[28.62568,36.778969],[28.629127,36.782104],[28.627384,36.785644],[28.626228,36.787991],[28.623726,36.790454],[28.619642,36.792587],[28.618293,36.793292],[28.618097,36.793583],[28.615664,36.797199],[28.615374,36.797487],[28.610412,36.801047],[28.608661,36.802423],[28.606316,36.804266],[28.610611,36.804491],[28.610834,36.804466],[28.611031,36.804389],[28.612919,36.803504],[28.613949,36.803021],[28.62049,36.799875],[28.620704,36.799767],[28.620862,36.799638],[28.625702,36.795406],[28.63016,36.794126],[28.633629,36.792592],[28.637702,36.79256],[28.637927,36.79251],[28.638056,36.792414],[28.641438,36.789106],[28.641793,36.788973],[28.649059,36.787062],[28.651299,36.787618],[28.657019,36.789],[28.657241,36.789079],[28.657273,36.789191],[28.657718,36.791431],[28.657845,36.792201],[28.657804,36.792262],[28.657419,36.792296],[28.652236,36.79267],[28.650711,36.793576],[28.64944,36.795403],[28.647264,36.79777],[28.640845,36.801377],[28.640686,36.801409],[28.637032,36.800376],[28.636015,36.80009],[28.635951,36.800137],[28.635539,36.804252],[28.635487,36.804381],[28.635426,36.804429],[28.63082,36.805508],[28.630661,36.805555],[28.630677,36.805651],[28.632399,36.808459],[28.63387,36.813865],[28.633901,36.813984],[28.633926,36.814089],[28.633562,36.814083],[28.633272,36.814094],[28.632837,36.813863],[28.632559,36.813779],[28.6323,36.813789],[28.631874,36.813668],[28.631411,36.81302],[28.63131,36.812752],[28.630708,36.811084],[28.630401,36.810131],[28.630391,36.810099],[28.630328,36.810044],[28.630211,36.810015],[28.626338,36.810354],[28.62358,36.810586],[28.623009,36.810618],[28.622876,36.810631],[28.622834,36.810549],[28.622786,36.810453],[28.622515,36.80991],[28.622321,36.80954],[28.620913,36.806741],[28.618278,36.804518],[28.617347,36.804779],[28.618664,36.805437],[28.619859,36.806633],[28.61971,36.807978],[28.618514,36.809249],[28.617169,36.809473],[28.616795,36.810669],[28.616795,36.813061],[28.617617,36.813808],[28.617841,36.814929],[28.617094,36.815976],[28.617318,36.817246],[28.617841,36.818891],[28.619112,36.819489],[28.623746,36.821058],[28.625615,36.821955],[28.626586,36.821058],[28.627035,36.819937],[28.627408,36.818517],[28.627408,36.817172],[28.627558,36.816125],[28.628679,36.815751],[28.629875,36.815004],[28.631145,36.814481],[28.633089,36.814481],[28.633761,36.815976],[28.633911,36.816873],[28.634733,36.817769],[28.636004,36.818592],[28.636004,36.819787],[28.635256,36.822179],[28.634733,36.823674],[28.63406,36.82487],[28.631968,36.82614],[28.631669,36.826664],[28.631893,36.827486],[28.632715,36.828607],[28.633836,36.829429],[28.634658,36.829653],[28.635854,36.82928],[28.636601,36.82928],[28.637723,36.830102],[28.638246,36.830999],[28.637125,36.831821],[28.636975,36.832269],[28.637872,36.832792],[28.639292,36.833615],[28.640936,36.835259],[28.640637,36.835857],[28.639068,36.83623],[28.637797,36.836754],[28.636676,36.837576],[28.63563,36.83922],[28.634135,36.839968],[28.633462,36.841089],[28.633014,36.842285],[28.63279,36.844153],[28.632042,36.845573],[28.631818,36.846769],[28.632042,36.847815],[28.632864,36.848488],[28.633089,36.849684],[28.633163,36.851253],[28.633163,36.853122],[28.633313,36.855065],[28.633537,36.859027],[28.634363,36.863868],[28.633965,36.867456],[28.632503,36.871176],[28.631042,36.878085],[28.62958,36.88433],[28.62958,36.890044],[28.631174,36.895758],[28.634363,36.900408],[28.637685,36.903464],[28.64114,36.905856],[28.644196,36.907583],[28.648049,36.907849],[28.653098,36.908248],[28.660539,36.907583],[28.674898,36.905952],[28.683127,36.904171],[28.691417,36.900917],[28.693873,36.899688],[28.69547,36.899504],[28.696514,36.899627],[28.699154,36.89889],[28.69983,36.897723],[28.70026,36.896311],[28.701488,36.894714],[28.702777,36.8941],[28.709102,36.891767],[28.711743,36.889741],[28.715734,36.886547],[28.720892,36.884521],[28.724392,36.884337],[28.728322,36.88317],[28.731393,36.882986],[28.734893,36.882187],[28.738086,36.88188],[28.741218,36.881635],[28.743306,36.882372],[28.744657,36.8836],[28.748771,36.883845],[28.751227,36.884705],[28.753929,36.884828],[28.754973,36.884644],[28.758412,36.883293],[28.759701,36.883293],[28.760868,36.883538],[28.76271,36.884275],[28.764737,36.88581],[28.766825,36.886118],[28.769588,36.885074],[28.772965,36.884214],[28.775422,36.88317],[28.777018,36.881758],[28.778369,36.880591],[28.780641,36.8801],[28.782545,36.880038],[28.78451,36.879363],[28.786598,36.878257],[28.788378,36.877459],[28.789668,36.876906],[28.791572,36.87574],[28.793045,36.875371],[28.796668,36.874757],[28.799247,36.874327],[28.800721,36.87402],[28.802625,36.874143],[28.804344,36.874266],[28.807476,36.87531],[28.809502,36.875924],[28.811099,36.876538],[28.812818,36.876415],[28.814538,36.875801],[28.816626,36.874634],[28.819205,36.873345],[28.82074,36.871625],[28.821784,36.869845],[28.822951,36.867818],[28.82381,36.866774],[28.824056,36.865915],[28.824205,36.865351],[28.824347,36.864811],[28.823783,36.864372],[28.822924,36.863747],[28.822555,36.863499],[28.822132,36.863239],[28.821699,36.863007],[28.821301,36.862831],[28.820894,36.862689],[28.82048,36.862588],[28.820061,36.862538],[28.819618,36.862549],[28.819176,36.862616],[28.818739,36.862732],[28.818313,36.862892],[28.817883,36.863101],[28.81747,36.863345],[28.817072,36.863615],[28.816691,36.863907],[28.816379,36.864169],[28.815997,36.864511],[28.815483,36.864971],[28.815185,36.865224],[28.814813,36.865511],[28.814432,36.865757],[28.814037,36.865948],[28.813625,36.866063],[28.813234,36.866086],[28.81283,36.866042],[28.812506,36.865968],[28.812002,36.865812],[28.811548,36.865628],[28.811094,36.865416],[28.81064,36.865184],[28.809733,36.864686],[28.805657,36.862327],[28.80203,36.860262],[28.800689,36.859479],[28.800253,36.859211],[28.799827,36.858936],[28.799415,36.858651],[28.799023,36.858353],[28.798658,36.858037],[28.798323,36.857693],[28.798016,36.857329],[28.79773,36.856952],[28.797461,36.856564],[28.797204,36.856168],[28.796719,36.855361],[28.796492,36.85495],[28.796276,36.854535],[28.796074,36.85412],[28.795698,36.853281],[28.795341,36.852435],[28.794759,36.851009],[28.794475,36.850313],[28.79401,36.84914],[28.79369,36.84829],[28.793435,36.847539],[28.793321,36.847161],[28.793219,36.846776],[28.793132,36.846389],[28.793059,36.846001],[28.793004,36.845612],[28.792971,36.845221],[28.792961,36.844831],[28.792971,36.844439],[28.792996,36.844054],[28.793079,36.843261],[28.79316,36.842699],[28.793267,36.841957],[28.793839,36.838475],[28.794,36.83761],[28.794091,36.837182],[28.794195,36.836758],[28.794299,36.836398],[28.794462,36.835935],[28.794642,36.835542],[28.794827,36.835226],[28.795042,36.834923],[28.795283,36.834636],[28.795551,36.834364],[28.795847,36.834112],[28.796216,36.833852],[28.796614,36.833615],[28.797035,36.833397],[28.797472,36.833193],[28.798814,36.832632],[28.79926,36.832439],[28.799716,36.832224],[28.800163,36.831996],[28.800601,36.831756],[28.801029,36.831505],[28.801469,36.831231],[28.802444,36.830577],[28.803169,36.830067],[28.80442,36.829166],[28.805603,36.828301],[28.80608,36.827953],[28.806901,36.827338],[28.8077,36.82671],[28.808083,36.826387],[28.808449,36.826053],[28.808791,36.825706],[28.809052,36.825402],[28.80929,36.825087],[28.809508,36.824762],[28.809702,36.824429],[28.809871,36.824087],[28.810034,36.823678],[28.810165,36.823262],[28.810272,36.82284],[28.810357,36.822415],[28.810422,36.82199],[28.810464,36.821567],[28.810479,36.821149],[28.810461,36.820738],[28.810397,36.820338],[28.810272,36.819955],[28.810079,36.819598],[28.809827,36.819258],[28.809532,36.81893],[28.809204,36.818614],[28.808852,36.818306],[28.80848,36.818007],[28.808092,36.817718],[28.80769,36.81744],[28.807272,36.817177],[28.806843,36.816934],[28.806503,36.816761],[28.805945,36.816498],[28.805478,36.816306],[28.805015,36.816138],[28.804542,36.815987],[28.804063,36.815851],[28.803577,36.81573],[28.80309,36.815626],[28.802599,36.815537],[28.802105,36.815463],[28.801607,36.815407],[28.801112,36.815369],[28.800615,36.815348],[28.800116,36.815341],[28.799617,36.815346],[28.799075,36.815365],[28.797991,36.815431],[28.796367,36.815564],[28.791501,36.816004],[28.789886,36.816168],[28.788818,36.816302],[28.788289,36.816384],[28.787766,36.81648],[28.787285,36.816586],[28.786811,36.816709],[28.786346,36.816847],[28.78589,36.817004],[28.785415,36.817191],[28.78448,36.817586],[28.784007,36.81777],[28.783559,36.81792],[28.783102,36.818047],[28.782637,36.818147],[28.782166,36.818215],[28.782534,36.809501],[28.782082,36.799249],[28.780122,36.788092],[28.77786,36.781609],[28.774544,36.770755],[28.773337,36.765327],[28.770775,36.757638],[28.769568,36.752211],[28.768965,36.74814],[28.767307,36.743768],[28.764542,36.737938],[28.756525,36.718202],[28.754492,36.711053],[28.75208,36.70472],[28.749769,36.699873]]]}},{"type":"Feature","properties":{"id":"TR-D-48-011","parent_id":"TR-P-48","region_id":"TR-R-EGE","level":"district","municipality_type":null,"municipality_type_label":null,"is_metropolitan_municipality":null,"name":"Seydikemer","name_ascii":"seydikemer","slug":"seydikemer-mugla"},"geometry":{"type":"Polygon","coordinates":[[[29.267921,36.2962],[29.263338,36.306761],[29.260338,36.304287],[29.259828,36.302459],[29.255921,36.305484],[29.251825,36.311113],[29.249183,36.314263],[29.247511,36.316099],[29.247447,36.316349],[29.244684,36.319031],[29.242427,36.321495],[29.239911,36.323646],[29.236606,36.325884],[29.233436,36.327892],[29.228816,36.328327],[29.228281,36.328599],[29.227955,36.328753],[29.226327,36.328776],[29.226125,36.328963],[29.22603,36.329217],[29.230129,36.329443],[29.226574,36.330645],[29.222723,36.331735],[29.218753,36.332016],[29.214518,36.331496],[29.210443,36.330536],[29.207817,36.330015],[29.206631,36.32978],[29.202667,36.33119],[29.197672,36.332929],[29.186501,36.336866],[29.183259,36.341539],[29.180085,36.34389],[29.179983,36.34403],[29.178031,36.346714],[29.174452,36.34826],[29.171534,36.346044],[29.169061,36.343036],[29.166034,36.345159],[29.163534,36.348778],[29.16315,36.350277],[29.162748,36.35185],[29.163508,36.354621],[29.163622,36.355038],[29.164697,36.358741],[29.160996,36.359483],[29.157456,36.360928],[29.153732,36.361084],[29.149917,36.360684],[29.146086,36.360966],[29.142648,36.36251],[29.140314,36.365105],[29.141654,36.368097],[29.142138,36.37203],[29.142611,36.374966],[29.145393,36.376955],[29.144326,36.379908],[29.141143,36.382488],[29.136808,36.381957],[29.132817,36.381215],[29.128285,36.381142],[29.124622,36.381477],[29.124024,36.381531],[29.122254,36.384247],[29.122734,36.387569],[29.120258,36.39016],[29.119888,36.391862],[29.119614,36.393122],[29.11728,36.395712],[29.11288,36.395985],[29.109678,36.393765],[29.105622,36.391757],[29.1026,36.393535],[29.101512,36.397175],[29.102555,36.400622],[29.103755,36.403499],[29.103717,36.40407],[29.103524,36.406922],[29.104296,36.409907],[29.106919,36.412575],[29.111158,36.4131],[29.114664,36.414526],[29.116152,36.417291],[29.120404,36.417813],[29.124493,36.418109],[29.128576,36.419204],[29.130911,36.422096],[29.129547,36.425503],[29.125788,36.426935],[29.121659,36.429024],[29.121286,36.432581],[29.125122,36.431827],[29.128925,36.43166],[29.13334,36.432637],[29.13454,36.43552],[29.133383,36.436779],[29.133465,36.436777],[29.137244,36.436822],[29.138184,36.437004],[29.138656,36.437095],[29.140568,36.438006],[29.141661,36.438871],[29.14412,36.440874],[29.144571,36.441347],[29.145075,36.441876],[29.146362,36.442993],[29.146806,36.443379],[29.147762,36.444289],[29.149174,36.445018],[29.150722,36.4457],[29.152406,36.445928],[29.153639,36.446144],[29.154227,36.446247],[29.155438,36.446395],[29.156094,36.446475],[29.157779,36.446702],[29.159473,36.447104],[29.160066,36.44746],[29.160966,36.448023],[29.161875,36.448841],[29.162879,36.449616],[29.163374,36.450112],[29.163652,36.45039],[29.165109,36.45121],[29.166208,36.451942],[29.166475,36.452121],[29.167841,36.452712],[29.168478,36.452858],[29.169435,36.453077],[29.170573,36.453077],[29.171575,36.45294],[29.172531,36.453031],[29.172853,36.453112],[29.173624,36.453304],[29.175308,36.453577],[29.176265,36.453623],[29.178041,36.453714],[29.179771,36.453851],[29.180774,36.453987],[29.181774,36.454124],[29.182274,36.454385],[29.182821,36.45467],[29.183919,36.455583],[29.184216,36.45583],[29.190071,36.460334],[29.1922,36.46167],[29.193945,36.462766],[29.1989,36.465559],[29.200882,36.467271],[29.201684,36.467993],[29.202684,36.468893],[29.203945,36.470424],[29.204576,36.471415],[29.204734,36.472102],[29.204846,36.472586],[29.204846,36.474298],[29.204936,36.47673],[29.205206,36.478172],[29.205988,36.480762],[29.206648,36.482947],[29.207342,36.489303],[29.207819,36.493667],[29.208449,36.497541],[29.20854,36.501145],[29.20854,36.502676],[29.207639,36.504838],[29.207188,36.50682],[29.207008,36.509433],[29.207459,36.512135],[29.20854,36.515559],[29.209531,36.517451],[29.21016,36.5188],[29.210792,36.520153],[29.211963,36.522226],[29.213585,36.523847],[29.214846,36.524838],[29.218089,36.527361],[29.221186,36.529298],[29.224091,36.530717],[29.224608,36.530872],[29.225443,36.531122],[29.227534,36.531645],[29.230037,36.532271],[29.233213,36.533284],[29.23441,36.533577],[29.236254,36.534028],[29.239497,36.535514],[29.240833,36.536339],[29.241794,36.536933],[29.243551,36.537946],[29.246186,36.540176],[29.246508,36.540489],[29.248551,36.542473],[29.249429,36.543622],[29.25023,36.54509],[29.251659,36.547203],[29.252808,36.548352],[29.253385,36.548976],[29.254497,36.550176],[29.257199,36.551527],[29.258213,36.552068],[29.259401,36.552443],[29.260781,36.552879],[29.26326,36.553536],[29.264091,36.553757],[29.269227,36.555176],[29.271524,36.556055],[29.273483,36.557001],[29.277335,36.559568],[29.278348,36.560649],[29.2797,36.564298],[29.280781,36.566459],[29.282334,36.569703],[29.282692,36.570697],[29.282943,36.571392],[29.284294,36.573554],[29.285848,36.575649],[29.288078,36.577676],[29.292402,36.580716],[29.292781,36.581319],[29.2947,36.584365],[29.295915,36.587473],[29.297402,36.591392],[29.297672,36.592563],[29.29801,36.594027],[29.299023,36.597406],[29.299249,36.598621],[29.299361,36.59923],[29.299361,36.60146],[29.299361,36.602676],[29.299024,36.603626],[29.298618,36.604771],[29.297672,36.609027],[29.297408,36.610347],[29.2972,36.611392],[29.296862,36.614095],[29.296794,36.616595],[29.297378,36.618134],[29.297537,36.618554],[29.297943,36.619838],[29.298145,36.622068],[29.297931,36.623834],[29.297875,36.624297],[29.297677,36.625253],[29.297132,36.627878],[29.296909,36.630551],[29.296862,36.631122],[29.296794,36.635379],[29.296727,36.637541],[29.296727,36.6395],[29.296653,36.640749],[29.296591,36.641797],[29.296524,36.643824],[29.296249,36.644675],[29.295848,36.645919],[29.295628,36.6464],[29.295105,36.647541],[29.294564,36.650041],[29.294159,36.652608],[29.294024,36.655243],[29.294091,36.658351],[29.294429,36.661122],[29.294414,36.661773],[29.294361,36.663959],[29.294411,36.665694],[29.294429,36.666324],[29.294091,36.6695],[29.293891,36.670368],[29.293686,36.671256],[29.292957,36.672229],[29.292064,36.673419],[29.290983,36.674702],[29.290578,36.675581],[29.29013,36.676338],[29.289699,36.677068],[29.289159,36.678824],[29.289294,36.680851],[29.289429,36.682203],[29.290172,36.68423],[29.290781,36.688081],[29.290733,36.688912],[29.290645,36.690446],[29.29042,36.692528],[29.290375,36.692946],[29.290375,36.694838],[29.290258,36.695609],[29.290037,36.697067],[29.289533,36.699265],[29.289294,36.700311],[29.289294,36.703689],[29.289416,36.704956],[29.289496,36.705784],[29.290645,36.710243],[29.29107,36.711423],[29.291253,36.711932],[29.292943,36.713824],[29.293569,36.714431],[29.295105,36.715919],[29.296159,36.71677],[29.296862,36.717337],[29.301017,36.719883],[29.302083,36.720843],[29.302819,36.721504],[29.305341,36.723036],[29.307413,36.724567],[29.308765,36.725919],[29.309146,36.726809],[29.309576,36.727811],[29.309486,36.731414],[29.309239,36.734456],[29.309215,36.734748],[29.308945,36.73673],[29.308419,36.737781],[29.307954,36.738712],[29.307053,36.740063],[29.304417,36.740808],[29.302909,36.741234],[29.298224,36.742225],[29.290206,36.744297],[29.282729,36.746189],[29.280837,36.74691],[29.278224,36.747901],[29.275995,36.749154],[29.275341,36.749522],[29.272459,36.751324],[29.270026,36.753486],[29.267684,36.756549],[29.265612,36.761504],[29.264891,36.763577],[29.264846,36.76493],[29.264801,36.766279],[29.265266,36.768313],[29.265522,36.769432],[29.266099,36.772238],[29.266152,36.772495],[29.267954,36.775829],[29.268386,36.777233],[29.268675,36.778171],[29.271738,36.785919],[29.272188,36.788801],[29.272174,36.789915],[29.272132,36.793261],[29.270699,36.79541],[29.270375,36.795896],[29.268551,36.797856],[29.265916,36.799544],[29.264805,36.800378],[29.264294,36.800761],[29.261456,36.80218],[29.260735,36.802523],[29.260037,36.802856],[29.258686,36.803599],[29.257149,36.804367],[29.256524,36.80468],[29.255937,36.804961],[29.254835,36.805491],[29.253544,36.80632],[29.252943,36.806707],[29.252447,36.806982],[29.25051,36.808058],[29.248393,36.808626],[29.24774,36.808801],[29.245127,36.810199],[29.244835,36.810355],[29.24328,36.811301],[29.24299,36.811467],[29.241862,36.812112],[29.240357,36.812972],[29.239887,36.813262],[29.238416,36.814477],[29.237928,36.815372],[29.237605,36.815964],[29.237426,36.816989],[29.237335,36.817518],[29.23747,36.819747],[29.237685,36.821148],[29.23774,36.821504],[29.238231,36.823831],[29.238483,36.82522],[29.238821,36.827382],[29.239024,36.829882],[29.239362,36.832653],[29.238956,36.83495],[29.239024,36.838058],[29.239538,36.84058],[29.2397,36.841369],[29.240038,36.843666],[29.240173,36.845964],[29.240029,36.847434],[29.239902,36.848734],[29.239724,36.849131],[29.238753,36.851301],[29.238066,36.852642],[29.237402,36.853936],[29.236752,36.85577],[29.236458,36.856598],[29.237133,36.856748],[29.240358,36.857979],[29.242703,36.85921],[29.244227,36.859679],[29.246982,36.859391],[29.248155,36.859269],[29.250852,36.859269],[29.25179,36.859289],[29.253549,36.859327],[29.257184,36.860969],[29.259705,36.861231],[29.259998,36.861262],[29.260057,36.861263],[29.262871,36.861321],[29.266916,36.862259],[29.268792,36.862376],[29.271079,36.862962],[29.274127,36.863314],[29.276033,36.864296],[29.276062,36.864311],[29.276418,36.864543],[29.278759,36.866069],[29.280987,36.867242],[29.282218,36.86818],[29.282848,36.868877],[29.283859,36.869998],[29.284943,36.870995],[29.285325,36.871346],[29.285794,36.871815],[29.286263,36.872284],[29.28685,36.874688],[29.288608,36.876329],[29.290367,36.877529],[29.291188,36.878088],[29.29154,36.879378],[29.292595,36.882134],[29.293506,36.883335],[29.294061,36.884068],[29.29565,36.885293],[29.296875,36.886238],[29.297771,36.886632],[29.299806,36.887527],[29.303089,36.887996],[29.303859,36.888165],[29.304966,36.888407],[29.307311,36.888524],[29.30907,36.888583],[29.31206,36.888641],[29.31505,36.888641],[29.318684,36.888876],[29.319935,36.888954],[29.322437,36.88911],[29.326775,36.889052],[29.327962,36.888893],[29.330293,36.888583],[29.331265,36.888324],[29.334924,36.887351],[29.336097,36.886296],[29.339556,36.882778],[29.341667,36.880609],[29.344481,36.879378],[29.346064,36.878616],[29.348233,36.878088],[29.35263,36.87803],[29.352744,36.878031],[29.3582,36.878088],[29.363594,36.87844],[29.366232,36.879788],[29.368577,36.881606],[29.371684,36.882134],[29.375554,36.882368],[29.379658,36.882368],[29.38253,36.881723],[29.388335,36.878088],[29.389331,36.877561],[29.38994,36.876465],[29.390211,36.875978],[29.390109,36.875303],[29.390035,36.874805],[29.389859,36.87246],[29.38939,36.870408],[29.389566,36.869529],[29.390504,36.86859],[29.391735,36.867594],[29.393377,36.866421],[29.395429,36.8656],[29.396367,36.864076],[29.396654,36.863167],[29.396718,36.862962],[29.396806,36.862728],[29.397422,36.861086],[29.399708,36.858331],[29.402464,36.85751],[29.40563,36.856455],[29.408972,36.855575],[29.41372,36.854403],[29.415245,36.853758],[29.415948,36.850123],[29.415667,36.849185],[29.415245,36.847778],[29.415245,36.845726],[29.416066,36.843439],[29.417707,36.842384],[29.421047,36.840972],[29.423394,36.83998],[29.426059,36.839361],[29.426677,36.839218],[29.43213,36.839042],[29.434211,36.839365],[29.438168,36.83998],[29.440338,36.84072],[29.440748,36.840859],[29.444324,36.842032],[29.446599,36.842934],[29.447725,36.84338],[29.448145,36.843608],[29.449132,36.844143],[29.450316,36.845683],[29.450891,36.846429],[29.451829,36.847836],[29.454115,36.849009],[29.455562,36.849089],[29.457281,36.849185],[29.458004,36.849185],[29.45945,36.849185],[29.46203,36.848481],[29.465665,36.847074],[29.4676,36.846781],[29.468889,36.847074],[29.470157,36.847877],[29.470648,36.848188],[29.471147,36.84884],[29.47141,36.849185],[29.472055,36.850181],[29.47358,36.851178],[29.478094,36.852468],[29.479911,36.853464],[29.48126,36.855282],[29.484309,36.857393],[29.486126,36.858858],[29.486859,36.859753],[29.48853,36.86179],[29.490171,36.863021],[29.491082,36.86372],[29.492692,36.864956],[29.494222,36.866294],[29.495037,36.867008],[29.496445,36.868766],[29.497678,36.870112],[29.497734,36.870173],[29.499317,36.871932],[29.501487,36.87375],[29.503421,36.876329],[29.504477,36.879554],[29.504066,36.880199],[29.504008,36.882368],[29.503947,36.883629],[29.50389,36.88483],[29.503972,36.885878],[29.504125,36.88782],[29.505004,36.890341],[29.505356,36.892804],[29.505708,36.897142],[29.506059,36.898374],[29.506939,36.900077],[29.506998,36.900191],[29.508932,36.902126],[29.510053,36.902976],[29.510632,36.903416],[29.512037,36.904764],[29.512098,36.904823],[29.513798,36.905728],[29.515733,36.906757],[29.517248,36.907587],[29.520013,36.909102],[29.521397,36.910298],[29.522593,36.91133],[29.525465,36.91391],[29.5257,36.91649],[29.526052,36.917838],[29.527224,36.920007],[29.528045,36.921473],[29.530038,36.922939],[29.530714,36.923466],[29.532442,36.924815],[29.534025,36.926222],[29.534787,36.927922],[29.534904,36.929564],[29.534885,36.930365],[29.534846,36.931967],[29.535095,36.93314],[29.535432,36.934723],[29.535698,36.935618],[29.536546,36.938475],[29.539302,36.941993],[29.541529,36.943224],[29.543417,36.943887],[29.543699,36.943986],[29.545927,36.944572],[29.550148,36.946976],[29.553372,36.948794],[29.55431,36.950259],[29.555072,36.953425],[29.556011,36.955536],[29.558532,36.957881],[29.561991,36.959992],[29.563925,36.960636],[29.567502,36.96093],[29.570433,36.962043],[29.572083,36.962965],[29.572426,36.963157],[29.572602,36.963314],[29.574068,36.964623],[29.57612,36.966851],[29.576628,36.967105],[29.577644,36.967613],[29.581162,36.968024],[29.583214,36.968727],[29.585187,36.970251],[29.585794,36.97072],[29.585735,36.9716],[29.585618,36.972597],[29.585805,36.973066],[29.586087,36.973769],[29.586145,36.974648],[29.585618,36.975821],[29.585149,36.977052],[29.585149,36.978108],[29.585149,36.979339],[29.585207,36.980511],[29.585325,36.980746],[29.585676,36.981449],[29.585953,36.981625],[29.586966,36.98227],[29.588842,36.984029],[29.588959,36.984908],[29.588881,36.986091],[29.588784,36.987547],[29.588959,36.98913],[29.590308,36.990244],[29.593884,36.990612],[29.594295,36.990654],[29.594982,36.991098],[29.597109,36.992471],[29.598559,36.994144],[29.599395,36.99511],[29.601154,36.996869],[29.60262,36.997316],[29.603265,36.997513],[29.605258,36.997103],[29.606841,36.996106],[29.608011,36.994756],[29.608365,36.994347],[29.608701,36.994124],[29.609596,36.993527],[29.612235,36.992589],[29.613817,36.992157],[29.613993,36.992109],[29.614169,36.992061],[29.616632,36.992178],[29.619563,36.99253],[29.623843,36.993175],[29.627126,36.993175],[29.629999,36.992471],[29.632755,36.992061],[29.634279,36.991299],[29.635803,36.990537],[29.636741,36.990135],[29.637445,36.989833],[29.639233,36.989775],[29.641021,36.989716],[29.642096,36.989911],[29.644246,36.990302],[29.648232,36.990302],[29.651281,36.990302],[29.656792,36.990244],[29.662948,36.990419],[29.666055,36.990068],[29.669221,36.989833],[29.672211,36.989247],[29.674791,36.987781],[29.677253,36.986491],[29.680185,36.985905],[29.685754,36.985319],[29.68851,36.985377],[29.692086,36.985905],[29.693423,36.986233],[29.695193,36.986667],[29.698476,36.988074],[29.699093,36.987929],[29.701701,36.987312],[29.702258,36.987034],[29.703929,36.986198],[29.706157,36.984439],[29.708267,36.981625],[29.710378,36.979984],[29.714365,36.977639],[29.718527,36.975645],[29.720579,36.974355],[29.72269,36.973652],[29.724273,36.972069],[29.726032,36.970017],[29.72908,36.967144],[29.732012,36.96392],[29.734033,36.962425],[29.734709,36.961926],[29.737933,36.961164],[29.743913,36.959757],[29.746649,36.958975],[29.748017,36.958584],[29.748669,36.958218],[29.752297,36.956181],[29.755463,36.954305],[29.760505,36.95149],[29.764726,36.948794],[29.768713,36.946448],[29.772406,36.944455],[29.778621,36.940996],[29.780145,36.939179],[29.782021,36.93654],[29.783839,36.934957],[29.78723,36.932066],[29.787415,36.931909],[29.790698,36.927922],[29.792223,36.925342],[29.794802,36.92159],[29.795916,36.919538],[29.795916,36.917779],[29.795916,36.9169],[29.796327,36.912327],[29.796356,36.912122],[29.796796,36.909102],[29.797206,36.907168],[29.797968,36.905526],[29.798379,36.904471],[29.799213,36.903716],[29.79961,36.903357],[29.800152,36.902917],[29.801486,36.901833],[29.803303,36.899018],[29.804534,36.896204],[29.806117,36.893918],[29.807818,36.892042],[29.808043,36.891794],[29.808268,36.891547],[29.808134,36.887969],[29.807685,36.885143],[29.807656,36.884122],[29.807655,36.884107],[29.807621,36.882894],[29.808777,36.880389],[29.810826,36.878533],[29.811731,36.876022],[29.811924,36.873195],[29.811603,36.869919],[29.811277,36.866069],[29.811221,36.865598],[29.810749,36.861614],[29.809577,36.857979],[29.808932,36.857105],[29.807759,36.855516],[29.805942,36.852937],[29.804476,36.85024],[29.802424,36.848071],[29.800275,36.846319],[29.798613,36.844963],[29.79808,36.844201],[29.797382,36.843205],[29.795711,36.842074],[29.795389,36.841856],[29.794284,36.840521],[29.792076,36.83785],[29.786917,36.832691],[29.78293,36.828704],[29.778396,36.823545],[29.776051,36.819323],[29.776207,36.816197],[29.776989,36.813852],[29.777067,36.812288],[29.777045,36.812121],[29.776755,36.809943],[29.776357,36.809431],[29.77566,36.808536],[29.773784,36.806816],[29.773171,36.806641],[29.77269,36.806503],[29.769641,36.804784],[29.767147,36.80401],[29.765107,36.803377],[29.764237,36.802966],[29.762293,36.802048],[29.760886,36.80123],[29.758932,36.800093],[29.755727,36.798921],[29.75471,36.797279],[29.75518,36.795325],[29.75643,36.792042],[29.758385,36.788837],[29.760495,36.783443],[29.759948,36.780082],[29.759479,36.775939],[29.757836,36.768083],[29.757681,36.76734],[29.757678,36.767262],[29.757603,36.765151],[29.757603,36.762181],[29.757525,36.759836],[29.75686,36.758809],[29.756665,36.758507],[29.753929,36.757881],[29.75217,36.757764],[29.750411,36.757647],[29.748222,36.75624],[29.746893,36.754598],[29.746633,36.753165],[29.746581,36.752878],[29.746576,36.752722],[29.746503,36.750221],[29.74619,36.746312],[29.746737,36.740762],[29.746972,36.736932],[29.746815,36.733023],[29.746112,36.729349],[29.745849,36.728685],[29.744783,36.725988],[29.743454,36.722079],[29.742594,36.718483],[29.742595,36.718444],[29.742672,36.713011],[29.74275,36.709455],[29.74275,36.709416],[29.74262,36.708191],[29.74236,36.705742],[29.742059,36.704479],[29.741578,36.702458],[29.741109,36.70066],[29.741969,36.698472],[29.742154,36.697426],[29.742829,36.693625],[29.743063,36.692453],[29.743845,36.688544],[29.744939,36.684635],[29.744861,36.682056],[29.74483,36.681696],[29.74447,36.677522],[29.743767,36.67463],[29.741578,36.66861],[29.739389,36.661731],[29.737591,36.658214],[29.737044,36.653524],[29.737044,36.650553],[29.736829,36.647973],[29.736809,36.647739],[29.735715,36.646019],[29.734342,36.644699],[29.733683,36.644065],[29.732556,36.642533],[29.731728,36.641407],[29.72954,36.638593],[29.727507,36.636092],[29.725553,36.635466],[29.723599,36.634841],[29.719299,36.633356],[29.712498,36.631479],[29.707417,36.630229],[29.703665,36.630385],[29.700616,36.629994],[29.696239,36.628822],[29.691236,36.627415],[29.687015,36.62632],[29.681152,36.624288],[29.674685,36.623138],[29.674495,36.623104],[29.674117,36.623037],[29.668254,36.621395],[29.662156,36.621943],[29.658561,36.622099],[29.65473,36.62077],[29.651056,36.618112],[29.643943,36.613422],[29.638393,36.608654],[29.633781,36.604589],[29.63081,36.603416],[29.627605,36.599899],[29.622602,36.592238],[29.620023,36.586609],[29.618772,36.583717],[29.617834,36.579027],[29.615645,36.574649],[29.613222,36.569803],[29.611424,36.568474],[29.608375,36.566285],[29.604857,36.564487],[29.60134,36.561595],[29.597978,36.558312],[29.594773,36.555029],[29.590865,36.553621],[29.585706,36.550651],[29.581719,36.547759],[29.578279,36.545101],[29.572338,36.543459],[29.569446,36.541505],[29.567101,36.538847],[29.563427,36.535017],[29.560378,36.530717],[29.559206,36.527825],[29.553968,36.525715],[29.54834,36.525167],[29.543415,36.523526],[29.540288,36.521103],[29.538178,36.517819],[29.536458,36.513911],[29.534035,36.51094],[29.529188,36.506875],[29.526296,36.503983],[29.52528,36.501873],[29.524029,36.498355],[29.522935,36.495932],[29.521762,36.492727],[29.520589,36.490929],[29.517932,36.489912],[29.514492,36.488271],[29.509255,36.487176],[29.505659,36.486473],[29.502532,36.486317],[29.499718,36.485613],[29.49706,36.483581],[29.489243,36.48061],[29.485882,36.479985],[29.482142,36.479686],[29.481973,36.479672],[29.47869,36.47889],[29.47572,36.478343],[29.473843,36.477483],[29.466652,36.475373],[29.46415,36.474435],[29.46037,36.473853],[29.460085,36.473809],[29.454457,36.473262],[29.449063,36.472949],[29.448408,36.473225],[29.446632,36.473973],[29.446093,36.4742],[29.442262,36.474669],[29.437963,36.47334],[29.433976,36.471542],[29.431709,36.470917],[29.429833,36.470917],[29.426576,36.471305],[29.42655,36.471308],[29.423713,36.471249],[29.419454,36.470476],[29.418761,36.470376],[29.41874,36.470373],[29.418719,36.470369],[29.412201,36.469422],[29.411379,36.469442],[29.408335,36.469515],[29.407569,36.469534],[29.406978,36.470235],[29.406711,36.47054],[29.406384,36.470879],[29.406035,36.471198],[29.405662,36.471489],[29.40526,36.471745],[29.404859,36.471942],[29.404433,36.472104],[29.403987,36.47223],[29.403526,36.47232],[29.403013,36.472377],[29.402489,36.4724],[29.401957,36.472399],[29.401419,36.472381],[29.400878,36.472351],[29.399244,36.472223],[29.393243,36.471687],[29.391616,36.471525],[29.39054,36.471389],[29.390006,36.471305],[29.389514,36.471213],[29.389025,36.471111],[29.388054,36.47088],[29.387001,36.470597],[29.385953,36.470297],[29.384614,36.469899],[29.380735,36.468745],[29.378656,36.468109],[29.377628,36.467771],[29.377119,36.467593],[29.376114,36.46721],[29.374987,36.466746],[29.374627,36.466598],[29.367737,36.463649],[29.366756,36.463224],[29.365783,36.462789],[29.364826,36.462334],[29.36436,36.462093],[29.363922,36.46185],[29.363494,36.461595],[29.363075,36.461331],[29.362666,36.461057],[29.362255,36.460763],[29.361457,36.460153],[29.360291,36.459207],[29.358759,36.457925],[29.357469,36.456812],[29.357369,36.456726],[29.352549,36.452465],[29.351832,36.451818],[29.35113,36.451164],[29.350789,36.450832],[29.350459,36.450494],[29.350145,36.450148],[29.34985,36.449792],[29.349617,36.449477],[29.3494,36.449153],[29.349196,36.448822],[29.349005,36.448487],[29.348824,36.448148],[29.348284,36.447069],[29.348094,36.446714],[29.347886,36.446367],[29.347624,36.445987],[29.347338,36.445617],[29.347033,36.445255],[29.346713,36.4449],[29.346053,36.44421],[29.345026,36.443191],[29.343313,36.441527],[29.34224,36.440486],[29.341534,36.439818],[29.341175,36.43949],[29.340809,36.439171],[29.340435,36.438862],[29.340047,36.438569],[29.33964,36.4383],[29.339232,36.43807],[29.338805,36.437868],[29.338361,36.437695],[29.3379,36.437556],[29.337438,36.437455],[29.336964,36.437384],[29.336481,36.437334],[29.335992,36.437302],[29.335498,36.437283],[29.335002,36.437276],[29.334504,36.437279],[29.334006,36.437292],[29.333507,36.437315],[29.33301,36.437349],[29.332515,36.437397],[29.332055,36.437456],[29.332039,36.437458],[29.331529,36.437543],[29.331039,36.437643],[29.330554,36.437758],[29.330073,36.437886],[29.329591,36.438029],[29.329114,36.438184],[29.328641,36.438349],[29.328173,36.438523],[29.327676,36.43872],[29.326527,36.439211],[29.325203,36.439807],[29.325158,36.439828],[29.323183,36.440737],[29.322839,36.440889],[29.319566,36.437422],[29.318174,36.435948],[29.317518,36.435233],[29.317197,36.434872],[29.316886,36.434506],[29.316588,36.434134],[29.316308,36.433755],[29.316087,36.433421],[29.315885,36.433081],[29.315701,36.432734],[29.315536,36.432382],[29.315394,36.432025],[29.315273,36.431646],[29.315179,36.431263],[29.315111,36.430878],[29.31507,36.430491],[29.315061,36.430106],[29.315087,36.429726],[29.315147,36.42935],[29.31524,36.428981],[29.315368,36.42862],[29.315536,36.428272],[29.315781,36.427895],[29.316072,36.427535],[29.316402,36.427193],[29.316765,36.426867],[29.317142,36.426569],[29.317538,36.426284],[29.317948,36.426008],[29.320056,36.424654],[29.320893,36.424077],[29.321705,36.423478],[29.322108,36.423167],[29.322895,36.422531],[29.323661,36.421881],[29.324032,36.421551],[29.324391,36.421216],[29.324735,36.420874],[29.325054,36.420527],[29.325345,36.420171],[29.3256,36.419803],[29.325825,36.419373],[29.325842,36.419326],[29.325943,36.41906],[29.326038,36.418689],[29.3261,36.418309],[29.326134,36.417922],[29.326146,36.417531],[29.326135,36.417104],[29.326105,36.416674],[29.326012,36.415809],[29.32563,36.413084],[29.325614,36.412959],[29.325537,36.412343],[29.325494,36.411912],[29.325462,36.411481],[29.325446,36.411052],[29.325457,36.410564],[29.325462,36.410503],[29.325487,36.410201],[29.32556,36.409771],[29.325663,36.409343],[29.325788,36.408917],[29.325929,36.408492],[29.326241,36.407646],[29.326576,36.406802],[29.326924,36.40596],[29.327468,36.404706],[29.327876,36.40386],[29.327889,36.403836],[29.328078,36.403482],[29.32831,36.403088],[29.328568,36.402706],[29.328853,36.402339],[29.329159,36.401981],[29.329461,36.401641],[29.330062,36.400968],[29.33058,36.400348],[29.330831,36.400033],[29.331012,36.399793],[29.331019,36.399785],[29.331319,36.399386],[29.331555,36.399054],[29.332012,36.398384],[29.332474,36.397667],[29.332477,36.397663],[29.332494,36.397635],[29.332702,36.397295],[29.33292,36.39692],[29.33295,36.396865],[29.333076,36.396633],[29.3331,36.396589],[29.333306,36.396173],[29.333458,36.395805],[29.333568,36.395442],[29.333623,36.395087],[29.333602,36.394741],[29.333491,36.394414],[29.333304,36.394099],[29.333057,36.393796],[29.332762,36.393505],[29.332414,36.393218],[29.332036,36.392943],[29.331635,36.392675],[29.330794,36.392156],[29.329488,36.391396],[29.325982,36.389398],[29.325105,36.388912],[29.324663,36.388676],[29.324219,36.388448],[29.323771,36.388228],[29.323346,36.388035],[29.322917,36.387855],[29.322481,36.387693],[29.322038,36.38755],[29.321584,36.38743],[29.320673,36.387209],[29.320226,36.387079],[29.319756,36.386907],[29.319298,36.386705],[29.31885,36.38648],[29.31841,36.386239],[29.317978,36.385985],[29.317553,36.38572],[29.317138,36.385446],[29.316733,36.385162],[29.316344,36.384869],[29.315974,36.384564],[29.315631,36.384243],[29.315326,36.383903],[29.315062,36.383533],[29.314835,36.383144],[29.314636,36.38274],[29.314456,36.382326],[29.31429,36.381904],[29.313982,36.381049],[29.312676,36.37715],[29.311481,36.373685],[29.311202,36.372821],[29.311076,36.37239],[29.310966,36.37196],[29.31088,36.371533],[29.310826,36.37111],[29.310815,36.370742],[29.310843,36.37038],[29.310915,36.370029],[29.311041,36.369693],[29.311252,36.369336],[29.311525,36.368997],[29.311842,36.368672],[29.31219,36.368357],[29.31256,36.36805],[29.312943,36.36775],[29.314093,36.366887],[29.314445,36.366607],[29.314769,36.366316],[29.315051,36.366005],[29.315284,36.365655],[29.315469,36.365282],[29.315616,36.36489],[29.315735,36.364485],[29.315832,36.364071],[29.315912,36.36365],[29.315977,36.363224],[29.316021,36.36286],[29.316025,36.362827],[29.316068,36.362353],[29.316098,36.361911],[29.316138,36.361023],[29.316187,36.359256],[29.31625,36.357021],[29.316282,36.356154],[29.316387,36.353237],[29.316391,36.35313],[29.316428,36.351696],[29.316417,36.350818],[29.316391,36.350384],[29.316344,36.349955],[29.316266,36.349533],[29.316147,36.34912],[29.316008,36.348783],[29.315838,36.348453],[29.315644,36.34813],[29.31543,36.347811],[29.315201,36.347496],[29.314711,36.34688],[29.313417,36.345371],[29.313168,36.345069],[29.312969,36.344814],[29.312949,36.344789],[29.312741,36.344502],[29.312487,36.344112],[29.31229,36.343765],[29.312113,36.343413],[29.311954,36.343054],[29.311816,36.34269],[29.311696,36.342305],[29.3116,36.341915],[29.311528,36.341521],[29.31148,36.341125],[29.311459,36.340741],[29.31146,36.340355],[29.311477,36.339968],[29.31151,36.339581],[29.311555,36.339195],[29.311614,36.338808],[29.311696,36.33837],[29.311791,36.337933],[29.312119,36.336625],[29.31342,36.331845],[29.313678,36.330865],[29.313763,36.330541],[29.313981,36.329669],[29.314278,36.328386],[29.314657,36.326671],[29.315027,36.324952],[29.315198,36.324093],[29.315343,36.323235],[29.315395,36.322807],[29.315428,36.322381],[29.315432,36.321957],[29.315406,36.321582],[29.315351,36.32121],[29.315269,36.320844],[29.315158,36.320483],[29.315014,36.320131],[29.314805,36.319738],[29.31456,36.319356],[29.314288,36.318982],[29.313997,36.318613],[29.313694,36.318248],[29.312741,36.317165],[29.309827,36.313928],[29.307271,36.31102],[29.306668,36.310343],[29.306649,36.310321],[29.305974,36.3096],[29.305637,36.309266],[29.305288,36.30895],[29.304925,36.308658],[29.304441,36.308351],[29.304385,36.308323],[29.304342,36.308301],[29.304126,36.308192],[29.303721,36.308055],[29.303292,36.307962],[29.302845,36.307906],[29.302385,36.307884],[29.301909,36.307893],[29.301425,36.307925],[29.300445,36.308028],[29.297693,36.308354],[29.296034,36.308543],[29.292716,36.308907],[29.287736,36.309452],[29.286999,36.309528],[29.286629,36.309565],[29.286079,36.309614],[29.285532,36.309655],[29.28499,36.309682],[29.284457,36.30969],[29.283936,36.309671],[29.283432,36.309614],[29.282951,36.309504],[29.282672,36.309397],[29.282601,36.30937],[29.282131,36.309136],[29.281749,36.308893],[29.28138,36.308624],[29.281023,36.308336],[29.280677,36.308034],[29.280343,36.30772],[29.280023,36.307398],[29.279722,36.307069],[29.279445,36.306732],[29.279283,36.306503],[29.279243,36.306446],[29.279006,36.306036],[29.278873,36.305702],[29.278788,36.305365],[29.278745,36.305032],[29.278747,36.30471],[29.278795,36.304406],[29.278897,36.304127],[29.279063,36.303884],[29.279309,36.303677],[29.279612,36.303497],[29.280304,36.303141],[29.280578,36.302976],[29.280638,36.302939],[29.281084,36.302633],[29.281457,36.302334],[29.28181,36.30201],[29.282085,36.301722],[29.282342,36.30142],[29.282579,36.301106],[29.282795,36.300781],[29.282986,36.300445],[29.283157,36.300079],[29.283298,36.299705],[29.283411,36.299324],[29.283495,36.298939],[29.283547,36.298552],[29.283562,36.29816],[29.283543,36.297771],[29.283489,36.297389],[29.283398,36.297018],[29.283265,36.296663],[29.283101,36.296356],[29.2829,36.296072],[29.282668,36.295814],[29.282407,36.29559],[29.282115,36.295407],[29.28177,36.295266],[29.281402,36.295183],[29.281025,36.29516],[29.28065,36.295204],[29.280279,36.29532],[29.279919,36.295494],[29.279569,36.295713],[29.279225,36.295963],[29.278888,36.296234],[29.278557,36.29652],[29.277584,36.297393],[29.277288,36.297648],[29.276989,36.297886],[29.276684,36.298097],[29.276368,36.298271],[29.276034,36.298393],[29.275617,36.298461],[29.275176,36.29846],[29.274717,36.298409],[29.274245,36.298322],[29.273764,36.298207],[29.273275,36.298074],[29.272783,36.297928],[29.27179,36.297611],[29.270296,36.297104],[29.269307,36.296751],[29.268336,36.296377],[29.267921,36.2962]]]}},{"type":"Feature","properties":{"id":"TR-D-48-012","parent_id":"TR-P-48","region_id":"TR-R-EGE","level":"district","municipality_type":null,"municipality_type_label":null,"is_metropolitan_municipality":null,"name":"Ula","name_ascii":"ula","slug":"ula-mugla"},"geometry":{"type":"Polygon","coordinates":[[[28.323379,37.026398],[28.324268,37.02684],[28.326982,37.028413],[28.328888,37.030907],[28.328721,37.036969],[28.328066,37.039948],[28.327672,37.040673],[28.327067,37.041789],[28.326546,37.042696],[28.325211,37.042686],[28.32325,37.042623],[28.321895,37.042571],[28.320862,37.04256],[28.320252,37.042544],[28.315866,37.042435],[28.314336,37.042395],[28.311372,37.042329],[28.309588,37.042256],[28.307423,37.042203],[28.306067,37.042158],[28.304075,37.042108],[28.301742,37.042038],[28.302468,37.049102],[28.30271,37.051003],[28.302387,37.055042],[28.303114,37.057303],[28.305133,37.060291],[28.306586,37.063603],[28.309332,37.066591],[28.311998,37.069418],[28.318863,37.076767],[28.320155,37.080967],[28.320801,37.083794],[28.322174,37.085894],[28.326131,37.090255],[28.3313,37.093809],[28.333966,37.09607],[28.334773,37.098331],[28.337035,37.10035],[28.339296,37.10245],[28.342042,37.105519],[28.347776,37.110769],[28.350441,37.113515],[28.352945,37.118442],[28.35448,37.121026],[28.35553,37.122318],[28.358841,37.125064],[28.360456,37.126518],[28.363929,37.128295],[28.368452,37.130233],[28.372894,37.132575],[28.377417,37.134191],[28.382989,37.136452],[28.387108,37.138875],[28.389854,37.14041],[28.392923,37.142509],[28.394781,37.14574],[28.396477,37.14784],[28.398254,37.149697],[28.39995,37.15107],[28.401878,37.151717],[28.403453,37.15208],[28.405513,37.151959],[28.406966,37.152262],[28.409632,37.152807],[28.41163,37.153291],[28.41478,37.153049],[28.417748,37.152807],[28.42108,37.152443],[28.423139,37.152383],[28.425259,37.15208],[28.428167,37.151474],[28.430408,37.152019],[28.433376,37.153473],[28.435012,37.154261],[28.438586,37.154806],[28.440948,37.154806],[28.443068,37.154927],[28.446278,37.15529],[28.44967,37.155109],[28.451851,37.15311],[28.454335,37.149354],[28.457363,37.14681],[28.459786,37.145962],[28.464511,37.145841],[28.469841,37.14681],[28.4739,37.145962],[28.47814,37.144932],[28.485954,37.14366],[28.491042,37.143539],[28.497705,37.142994],[28.505095,37.142691],[28.511273,37.143963],[28.514666,37.143539],[28.522782,37.144024],[28.527022,37.146386],[28.53417,37.150808],[28.538229,37.152867],[28.540106,37.153958],[28.543074,37.155472],[28.545073,37.157229],[28.546103,37.158864],[28.546588,37.161408],[28.547738,37.162983],[28.549495,37.164134],[28.551131,37.165224],[28.553735,37.166496],[28.556643,37.167647],[28.55955,37.168192],[28.56482,37.170191],[28.567607,37.171645],[28.57118,37.173402],[28.575481,37.17431],[28.58069,37.175825],[28.582992,37.177036],[28.586384,37.179822],[28.588141,37.181882],[28.59014,37.182851],[28.592563,37.183941],[28.59862,37.185335],[28.601952,37.185819],[28.608675,37.18594],[28.611219,37.185638],[28.615883,37.185153],[28.619942,37.184547],[28.624303,37.184487],[28.627392,37.18376],[28.6303,37.182912],[28.633026,37.182912],[28.636418,37.183275],[28.63981,37.184063],[28.642414,37.183941],[28.645625,37.18376],[28.649744,37.182851],[28.652288,37.182791],[28.657194,37.182185],[28.660162,37.182124],[28.663918,37.182003],[28.666401,37.182306],[28.668764,37.182972],[28.671914,37.184002],[28.675487,37.184911],[28.679788,37.187576],[28.68209,37.188908],[28.683483,37.189514],[28.686633,37.189999],[28.688813,37.189575],[28.690752,37.188242],[28.691721,37.187031],[28.694083,37.185638],[28.69481,37.182669],[28.696022,37.178914],[28.698323,37.176006],[28.701776,37.174129],[28.706259,37.171706],[28.710438,37.168677],[28.714557,37.166254],[28.716253,37.165164],[28.718494,37.163347],[28.720251,37.160318],[28.721099,37.157471],[28.721644,37.154806],[28.722371,37.152383],[28.723946,37.149051],[28.724331,37.147968],[28.721283,37.145338],[28.717479,37.144906],[28.713329,37.14309],[28.710735,37.141015],[28.707968,37.138162],[28.704855,37.135395],[28.701051,37.133147],[28.696901,37.130121],[28.694134,37.128132],[28.690676,37.123896],[28.687822,37.120091],[28.686698,37.117411],[28.686439,37.112915],[28.685315,37.11084],[28.683413,37.109975],[28.681941,37.108678],[28.679781,37.106776],[28.676755,37.105739],[28.672605,37.104528],[28.66932,37.10375],[28.666726,37.102799],[28.664305,37.101329],[28.663613,37.099686],[28.663527,37.09813],[28.662143,37.094499],[28.66076,37.09251],[28.65929,37.091732],[28.656177,37.091213],[28.652805,37.090348],[28.650471,37.088619],[28.647877,37.088273],[28.64537,37.088533],[28.635859,37.087668],[28.629374,37.086631],[28.622371,37.085939],[28.615972,37.086198],[28.611217,37.087236],[28.605856,37.089916],[28.603608,37.090348],[28.597815,37.090435],[28.59453,37.090781],[28.591417,37.090608],[28.587959,37.090089],[28.584846,37.089743],[28.582166,37.08957],[28.579745,37.089397],[28.575681,37.088965],[28.573952,37.088014],[28.571704,37.086285],[28.571618,37.084815],[28.570321,37.081875],[28.569456,37.077811],[28.569283,37.072624],[28.56937,37.066571],[28.568678,37.061816],[28.569456,37.058963],[28.570234,37.056801],[28.571099,37.053256],[28.570061,37.049625],[28.568591,37.046685],[28.566776,37.041843],[28.565046,37.036915],[28.563577,37.034926],[28.560637,37.032851],[28.557178,37.030344],[28.554585,37.026799],[28.552509,37.024292],[28.549224,37.02092],[28.545852,37.018326],[28.542912,37.015559],[28.53954,37.012187],[28.537897,37.009074],[28.534958,37.004838],[28.532883,37.002157],[28.530193,37.000082],[28.529856,36.999823],[28.527063,36.997229],[28.526225,36.996451],[28.524409,36.994462],[28.521297,36.991782],[28.517838,36.989015],[28.510489,36.987199],[28.509106,36.987026],[28.506598,36.986681],[28.502794,36.986162],[28.500892,36.985557],[28.496223,36.984519],[28.491294,36.983741],[28.487404,36.982098],[28.484377,36.982012],[28.481178,36.980888],[28.476942,36.979764],[28.473137,36.97985],[28.46942,36.980109],[28.466826,36.980109],[28.462589,36.980542],[28.459044,36.980109],[28.456277,36.978813],[28.454202,36.977689],[28.452127,36.976132],[28.450311,36.974662],[28.449533,36.973625],[28.449187,36.973182],[28.447372,36.970858],[28.446161,36.968783],[28.444346,36.96714],[28.440541,36.965065],[28.438466,36.963595],[28.436564,36.962558],[28.433019,36.961088],[28.43103,36.959877],[28.42835,36.958321],[28.426903,36.957896],[28.426319,36.959605],[28.425508,36.961797],[28.425102,36.963663],[28.425021,36.964962],[28.424777,36.965936],[28.424128,36.967965],[28.422911,36.969913],[28.422424,36.971374],[28.421774,36.973646],[28.421693,36.975269],[28.420882,36.977217],[28.419908,36.979814],[28.419421,36.981437],[28.417879,36.983142],[28.417148,36.984765],[28.416986,36.986551],[28.416905,36.988661],[28.415687,36.990771],[28.413658,36.992719],[28.411873,36.994261],[28.409844,36.995397],[28.407571,36.996371],[28.405137,36.99702],[28.401484,36.996777],[28.397589,36.996209],[28.394992,36.996127],[28.393125,36.995803],[28.390934,36.995722],[28.389392,36.996046],[28.387281,36.996858],[28.385171,36.997994],[28.383548,36.999049],[28.380789,37.000835],[28.378841,37.001727],[28.376244,37.003269],[28.37389,37.00473],[28.371699,37.004893],[28.367478,37.004325],[28.362122,37.003107],[28.357739,37.003351],[28.353681,37.005461],[28.349055,37.006272],[28.346539,37.006516],[28.344429,37.007571],[28.339235,37.008951],[28.333878,37.010899],[28.329901,37.013252],[28.328522,37.015281],[28.327548,37.017554],[28.327467,37.019745],[28.326087,37.023154],[28.324182,37.025543],[28.323379,37.026398]]]}},{"type":"Feature","properties":{"id":"TR-D-48-013","parent_id":"TR-P-48","region_id":"TR-R-EGE","level":"district","municipality_type":null,"municipality_type_label":null,"is_metropolitan_municipality":null,"name":"Yatağan","name_ascii":"yatagan","slug":"yatagan-mugla"},"geometry":{"type":"Polygon","coordinates":[[[28.235554,37.521553],[28.237182,37.520906],[28.238868,37.519782],[28.240714,37.518819],[28.243604,37.517294],[28.247457,37.516331],[28.249304,37.515367],[28.25115,37.513441],[28.251792,37.511113],[28.253157,37.508464],[28.2542,37.506216],[28.255565,37.50429],[28.256368,37.503166],[28.257331,37.501721],[28.257973,37.499955],[28.258937,37.49867],[28.260382,37.497868],[28.264315,37.497145],[28.267847,37.495941],[28.270817,37.494898],[28.272663,37.494175],[28.274831,37.493212],[28.2774,37.491847],[28.280129,37.491205],[28.282216,37.490402],[28.289922,37.486469],[28.292571,37.484623],[28.294016,37.483017],[28.295943,37.480448],[28.297388,37.479003],[28.301321,37.477157],[28.304211,37.475953],[28.307663,37.47515],[28.310071,37.474588],[28.310633,37.474267],[28.311676,37.471699],[28.311757,37.470093],[28.312238,37.466882],[28.3128,37.46343],[28.311435,37.459979],[28.307984,37.455804],[28.306218,37.453637],[28.304371,37.451871],[28.302846,37.450827],[28.301241,37.449704],[28.299876,37.448419],[28.298351,37.446332],[28.295943,37.444967],[28.294257,37.443844],[28.292571,37.441837],[28.289922,37.43991],[28.287032,37.437823],[28.284624,37.435977],[28.282858,37.434131],[28.279888,37.430197],[28.278283,37.428592],[28.276516,37.425702],[28.275633,37.424337],[28.274991,37.422651],[28.275633,37.421287],[28.280129,37.420163],[28.284785,37.419762],[28.287434,37.419119],[28.289842,37.417755],[28.289842,37.416069],[28.291207,37.414303],[28.29217,37.412858],[28.292973,37.411734],[28.294177,37.409085],[28.295381,37.406436],[28.298351,37.402422],[28.298833,37.400978],[28.300599,37.400175],[28.30381,37.399131],[28.305254,37.398248],[28.308305,37.39584],[28.30975,37.394636],[28.311757,37.390863],[28.312479,37.388696],[28.314727,37.385003],[28.318821,37.381872],[28.322112,37.379625],[28.325403,37.376815],[28.327249,37.374889],[28.329176,37.371357],[28.330862,37.367343],[28.331745,37.364533],[28.334474,37.363811],[28.337444,37.363811],[28.341779,37.362928],[28.344428,37.362366],[28.345712,37.3606],[28.346595,37.358272],[28.34854,37.355701],[28.348398,37.355671],[28.347748,37.355529],[28.339324,37.353447],[28.337328,37.353108],[28.334307,37.352595],[28.327303,37.352595],[28.322002,37.352595],[28.320551,37.352374],[28.317648,37.351932],[28.314605,37.34988],[28.313578,37.349187],[28.311496,37.348146],[28.308657,37.345685],[28.306196,37.344644],[28.303321,37.343295],[28.301558,37.342467],[28.298056,37.339438],[28.294364,37.335463],[28.292945,37.33234],[28.292282,37.329784],[28.291998,37.32666],[28.291241,37.323348],[28.287928,37.320413],[28.28654,37.319656],[28.283763,37.318142],[28.279155,37.316281],[28.273446,37.313977],[28.268524,37.312463],[28.260479,37.308393],[28.257734,37.306026],[28.253096,37.302146],[28.251238,37.300597],[28.249689,37.299306],[28.246849,37.296467],[28.241549,37.293438],[28.238993,37.292113],[28.235302,37.290977],[28.232368,37.290504],[28.22915,37.29022],[28.226405,37.289084],[28.217208,37.274356],[28.211627,37.27208],[28.202741,37.268455],[28.186178,37.266178],[28.185137,37.265326],[28.181729,37.264001],[28.177849,37.262771],[28.174347,37.262203],[28.170087,37.262771],[28.166866,37.263333],[28.164124,37.263812],[28.161594,37.264535],[28.160149,37.264948],[28.156647,37.265516],[28.153145,37.264664],[28.148412,37.26296],[28.144815,37.260405],[28.143112,37.259553],[28.141408,37.258701],[28.137433,37.25766],[28.134688,37.256903],[28.131943,37.255483],[28.130618,37.254158],[28.129387,37.251791],[28.129103,37.250088],[28.128914,37.248952],[28.128819,37.247248],[28.129143,37.245368],[28.129293,37.244503],[28.128768,37.241707],[28.128441,37.23996],[28.128062,37.235795],[28.126832,37.233997],[28.125317,37.232388],[28.123927,37.231068],[28.123424,37.23059],[28.123093,37.230105],[28.122194,37.228791],[28.121781,37.22769],[28.121626,37.227277],[28.120395,37.224248],[28.116893,37.22084],[28.115095,37.21838],[28.111877,37.215919],[28.108753,37.213268],[28.106671,37.210807],[28.104589,37.208441],[28.103264,37.20617],[28.101276,37.202857],[28.09891,37.201816],[28.096922,37.201153],[28.093041,37.198692],[28.087074,37.195861],[28.085658,37.19519],[28.084963,37.194877],[28.081872,37.193486],[28.07714,37.191593],[28.073164,37.189227],[28.069106,37.187925],[28.068148,37.187618],[28.067394,37.187527],[28.062658,37.186955],[28.057263,37.186955],[28.050164,37.187713],[28.049975,37.187715],[28.043444,37.187807],[28.038664,37.187217],[28.035777,37.186861],[28.026217,37.18705],[28.022873,37.187933],[28.021201,37.188375],[28.021065,37.188386],[28.017699,37.188659],[28.015343,37.188741],[28.006726,37.191529],[28.003263,37.192289],[27.999546,37.192289],[27.995406,37.192543],[27.993548,37.193134],[27.993382,37.193647],[27.992703,37.195753],[27.992619,37.198372],[27.992788,37.201497],[27.993041,37.205214],[27.992534,37.20834],[27.991352,37.21062],[27.98924,37.213493],[27.98831,37.216872],[27.986621,37.219406],[27.985784,37.221709],[27.985607,37.222194],[27.983495,37.22684],[27.982228,37.228952],[27.981046,37.230134],[27.979103,37.23157],[27.978422,37.232072],[27.977498,37.232753],[27.977237,37.232996],[27.97623,37.233936],[27.973105,37.235794],[27.972682,37.235957],[27.969388,37.23723],[27.965626,37.237564],[27.962714,37.237822],[27.960793,37.23835],[27.959335,37.238751],[27.954689,37.239765],[27.951226,37.24044],[27.945855,37.241309],[27.945481,37.24137],[27.944496,37.241792],[27.942525,37.242637],[27.940751,37.245678],[27.93923,37.248635],[27.938977,37.251169],[27.939652,37.255815],[27.939146,37.259448],[27.938554,37.26232],[27.93678,37.266459],[27.934584,37.271274],[27.933148,37.273217],[27.932263,37.275049],[27.931965,37.275667],[27.931275,37.276535],[27.929346,37.278961],[27.927741,37.281749],[27.927266,37.282541],[27.926474,37.283861],[27.926263,37.284621],[27.926052,37.285382],[27.925629,37.288676],[27.925545,37.290873],[27.925291,37.293069],[27.925038,37.295603],[27.925438,37.296848],[27.925798,37.297968],[27.925896,37.298279],[27.926305,37.299574],[27.927403,37.302953],[27.929853,37.30743],[27.932472,37.310555],[27.934246,37.311907],[27.934816,37.312287],[27.936527,37.313428],[27.937723,37.314246],[27.938132,37.314526],[27.938398,37.31543],[27.938554,37.315962],[27.938565,37.316125],[27.938723,37.318496],[27.939146,37.322129],[27.939652,37.323987],[27.939568,37.327957],[27.939314,37.330238],[27.938554,37.331843],[27.937456,37.333871],[27.93602,37.336658],[27.935766,37.338686],[27.934753,37.342572],[27.934246,37.345866],[27.934246,37.348401],[27.933401,37.350597],[27.931712,37.353891],[27.929853,37.357017],[27.929008,37.358791],[27.926221,37.364451],[27.922926,37.369013],[27.922039,37.370744],[27.921152,37.372476],[27.921152,37.376109],[27.921178,37.376349],[27.921659,37.380924],[27.92318,37.384753],[27.92394,37.386668],[27.926221,37.389878],[27.926493,37.390681],[27.927826,37.394609],[27.928031,37.396455],[27.928164,37.39765],[27.928502,37.400776],[27.928924,37.404492],[27.929177,37.408716],[27.929769,37.41218],[27.930022,37.415052],[27.929515,37.417248],[27.9296,37.41936],[27.93036,37.423584],[27.932725,37.427977],[27.934097,37.430018],[27.936189,37.43313],[27.936388,37.434762],[27.936611,37.436593],[27.938132,37.442084],[27.939062,37.443433],[27.939821,37.444534],[27.940477,37.445757],[27.941088,37.446899],[27.941674,37.448803],[27.94244,37.451292],[27.943285,37.453573],[27.945481,37.455431],[27.947678,37.457121],[27.948945,37.457966],[27.950212,37.45881],[27.950633,37.45912],[27.953084,37.460922],[27.953332,37.461527],[27.953413,37.461724],[27.954067,37.461583],[27.959519,37.462016],[27.965751,37.462622],[27.970337,37.462622],[27.977607,37.464872],[27.981502,37.465305],[27.985483,37.465651],[27.992233,37.467122],[27.99483,37.467728],[27.998464,37.469545],[28.000628,37.472661],[28.002792,37.4737],[28.004436,37.473526],[28.007984,37.472748],[28.012917,37.472921],[28.018024,37.474565],[28.02036,37.474132],[28.022783,37.473786],[28.026851,37.47344],[28.033515,37.474046],[28.038015,37.474219],[28.0439,37.474046],[28.049093,37.473786],[28.054286,37.47318],[28.05818,37.472574],[28.062334,37.472055],[28.064585,37.471103],[28.067527,37.469199],[28.069864,37.467814],[28.0722,37.465305],[28.075835,37.463747],[28.083019,37.461497],[28.089423,37.460545],[28.095048,37.460545],[28.100847,37.459593],[28.108549,37.458035],[28.111319,37.457948],[28.114261,37.457256],[28.118156,37.456564],[28.123002,37.454919],[28.124993,37.453621],[28.128108,37.451977],[28.131743,37.450506],[28.135032,37.450246],[28.137628,37.450679],[28.141696,37.452669],[28.143773,37.455612],[28.143859,37.457602],[28.145071,37.460112],[28.146715,37.462362],[28.147494,37.464785],[28.148706,37.468074],[28.149312,37.470757],[28.150091,37.474132],[28.150696,37.478286],[28.151302,37.480363],[28.152254,37.482008],[28.153552,37.484864],[28.154937,37.488412],[28.156235,37.490922],[28.156841,37.492047],[28.158832,37.492739],[28.162899,37.493864],[28.167832,37.494124],[28.171034,37.494037],[28.175621,37.494384],[28.177179,37.493864],[28.180641,37.493864],[28.182891,37.493778],[28.186612,37.49196],[28.189728,37.490316],[28.192151,37.489451],[28.195007,37.488066],[28.197777,37.4872],[28.199421,37.486941],[28.200979,37.48746],[28.202277,37.488585],[28.204354,37.490749],[28.211191,37.493085],[28.214826,37.494211],[28.220624,37.494816],[28.222875,37.496115],[28.225644,37.499749],[28.227461,37.50425],[28.228933,37.507452],[28.23049,37.509789],[28.232568,37.511952],[28.23352,37.515068],[28.234991,37.52052],[28.235554,37.521553]]]}}]}