{"type":"FeatureCollection","province":"Samsun","province_id":"TR-P-55","features":[{"type":"Feature","properties":{"id":"TR-D-55-001","parent_id":"TR-P-55","region_id":"TR-R-KAR","level":"district","municipality_type":null,"municipality_type_label":null,"is_metropolitan_municipality":null,"name":"19 Mayıs","name_ascii":"19 mayis","slug":"19-mayis-samsun"},"geometry":{"type":"Polygon","coordinates":[[[36.114991,41.630525],[36.118716,41.622252],[36.120051,41.618938],[36.122427,41.612821],[36.123634,41.609385],[36.125346,41.603082],[36.126138,41.600002],[36.128646,41.588297],[36.129941,41.584271],[36.131702,41.580166],[36.133005,41.57606],[36.133386,41.572287],[36.133929,41.56806],[36.13488,41.564331],[36.136387,41.559614],[36.136921,41.55584],[36.13678,41.553314],[36.136697,41.551833],[36.135722,41.547359],[36.133044,41.544127],[36.132731,41.543873],[36.126108,41.538506],[36.123012,41.535548],[36.120488,41.532319],[36.118426,41.528863],[36.117266,41.524991],[36.115599,41.517089],[36.113187,41.509576],[36.113722,41.505806],[36.11502,41.501924],[36.117097,41.497139],[36.1197,41.489042],[36.11972,41.488991],[36.120657,41.486596],[36.121306,41.484938],[36.122903,41.481287],[36.125413,41.477654],[36.12976,41.473325],[36.135343,41.468368],[36.139971,41.465327],[36.15199,41.457219],[36.152005,41.457209],[36.156027,41.453929],[36.154703,41.45122],[36.151309,41.449201],[36.149274,41.445438],[36.148784,41.44504],[36.148449,41.444748],[36.14824,41.444455],[36.148198,41.44412],[36.148198,41.443702],[36.148156,41.443367],[36.147822,41.443241],[36.147487,41.4432],[36.147027,41.443032],[36.146692,41.442865],[36.146148,41.442488],[36.144935,41.441903],[36.144098,41.441401],[36.143387,41.441233],[36.142718,41.441024],[36.141212,41.440229],[36.139831,41.438221],[36.138911,41.437259],[36.13845,41.436715],[36.138367,41.436422],[36.138492,41.435962],[36.138409,41.435502],[36.138158,41.435209],[36.137656,41.434916],[36.136903,41.434749],[36.134936,41.434665],[36.1341,41.434498],[36.133472,41.433954],[36.13297,41.433745],[36.130502,41.433578],[36.128661,41.433243],[36.127699,41.433201],[36.126528,41.433243],[36.125272,41.433243],[36.124227,41.433159],[36.12339,41.432866],[36.122637,41.43249],[36.122009,41.431946],[36.121507,41.431528],[36.120671,41.431402],[36.118663,41.431193],[36.115274,41.432281],[36.11109,41.433034],[36.107451,41.434038],[36.104481,41.435126],[36.101217,41.436297],[36.099167,41.436757],[36.095848,41.436607],[36.091821,41.436006],[36.085931,41.434203],[36.081122,41.433001],[36.073669,41.429815],[36.072167,41.428493],[36.070965,41.427291],[36.070363,41.426089],[36.069822,41.424586],[36.069702,41.423805],[36.069402,41.421641],[36.069221,41.418335],[36.06916,41.417563],[36.068918,41.416163],[36.068569,41.415447],[36.067951,41.414147],[36.067527,41.413861],[36.06712,41.413572],[36.066725,41.413274],[36.066345,41.412967],[36.065962,41.41263],[36.065598,41.412282],[36.065251,41.411924],[36.064922,41.411556],[36.064663,41.41124],[36.064175,41.410594],[36.063713,41.409935],[36.062916,41.408734],[36.059787,41.403906],[36.055618,41.397523],[36.05558,41.396773],[36.055401,41.39614],[36.054997,41.395424],[36.054511,41.394928],[36.054183,41.394617],[36.053053,41.394052],[36.051009,41.393571],[36.048725,41.394112],[36.044999,41.395795],[36.041933,41.396817],[36.037726,41.397478],[36.032557,41.398079],[36.02859,41.398079],[36.024502,41.398139],[36.021978,41.397719],[36.019574,41.396156],[36.019153,41.394172],[36.019453,41.39309],[36.021557,41.390746],[36.025464,41.388342],[36.030453,41.385998],[36.035141,41.383293],[36.038928,41.380829],[36.041332,41.378965],[36.043496,41.377042],[36.044468,41.375095],[36.044758,41.373015],[36.044518,41.367064],[36.042654,41.362136],[36.038327,41.356305],[36.037545,41.354923],[36.034119,41.351677],[36.029852,41.350114],[36.027147,41.349574],[36.01759,41.349513],[36.013142,41.350175],[36.007012,41.351317],[36.003285,41.352278],[35.994029,41.354743],[35.988379,41.356065],[35.985854,41.356125],[35.98357,41.355584],[35.982128,41.354622],[35.981166,41.353901],[35.980865,41.35312],[35.977732,41.351588],[35.974976,41.350022],[35.971343,41.347893],[35.967146,41.346076],[35.963638,41.345387],[35.960255,41.345262],[35.955996,41.345826],[35.954242,41.346452],[35.952989,41.348895],[35.94992,41.352841],[35.947665,41.354971],[35.946725,41.355911],[35.944282,41.35992],[35.942153,41.363866],[35.941276,41.367562],[35.940837,41.372385],[35.940837,41.375266],[35.941338,41.377271],[35.942403,41.380277],[35.944408,41.384036],[35.946537,41.387042],[35.949106,41.390801],[35.950484,41.393244],[35.951298,41.395373],[35.951862,41.397315],[35.952363,41.400071],[35.952551,41.401951],[35.953302,41.40408],[35.955432,41.408027],[35.957437,41.40978],[35.959378,41.41072],[35.96107,41.412223],[35.963638,41.413414],[35.965893,41.414478],[35.967897,41.415731],[35.96915,41.417235],[35.96915,41.418362],[35.969463,41.419615],[35.969714,41.420304],[35.97034,41.421369],[35.971217,41.422308],[35.971844,41.423185],[35.97222,41.424062],[35.972533,41.425127],[35.972533,41.426067],[35.972658,41.427507],[35.972721,41.42851],[35.972721,41.429575],[35.973096,41.430514],[35.973598,41.431141],[35.973535,41.432268],[35.974161,41.43302],[35.974537,41.433458],[35.974788,41.434085],[35.975352,41.435463],[35.975978,41.436152],[35.976792,41.436277],[35.978483,41.436152],[35.981052,41.435525],[35.983933,41.434899],[35.986501,41.434711],[35.990322,41.434586],[35.992452,41.434774],[35.993767,41.435525],[35.994644,41.43659],[35.99477,41.437843],[35.99477,41.439409],[35.993955,41.441288],[35.991387,41.444232],[35.989383,41.446111],[35.987378,41.449556],[35.986564,41.450621],[35.983557,41.451937],[35.981114,41.452563],[35.978922,41.45344],[35.975727,41.455131],[35.974349,41.456509],[35.97341,41.457762],[35.973284,41.459266],[35.973911,41.460644],[35.9746,41.461709],[35.976228,41.463525],[35.97673,41.464402],[35.977231,41.46697],[35.976792,41.469538],[35.976291,41.47148],[35.976166,41.472858],[35.976103,41.474612],[35.976542,41.475928],[35.977607,41.477556],[35.978358,41.478371],[35.980363,41.479373],[35.983369,41.481189],[35.985186,41.482567],[35.986439,41.483883],[35.987879,41.486702],[35.988005,41.489145],[35.988255,41.49165],[35.988381,41.49378],[35.988443,41.495346],[35.988819,41.496536],[35.990009,41.497851],[35.99264,41.499042],[35.995647,41.501986],[35.997714,41.505493],[35.999342,41.509189],[36.000219,41.511507],[36.00141,41.512446],[36.003477,41.514138],[36.004729,41.51514],[36.007047,41.51752],[36.007861,41.517771],[36.009741,41.518397],[36.012873,41.520088],[36.01638,41.521279],[36.018573,41.521467],[36.020515,41.521905],[36.023333,41.522281],[36.026841,41.522594],[36.029848,41.523095],[36.033731,41.524285],[36.038555,41.526039],[36.041937,41.527292],[36.044944,41.52867],[36.049266,41.531301],[36.054966,41.534809],[36.060416,41.538818],[36.064174,41.542513],[36.066732,41.545409],[36.071186,41.548749],[36.073191,41.550754],[36.074861,41.553315],[36.07642,41.557992],[36.079761,41.567458],[36.081988,41.576589],[36.085106,41.586055],[36.091342,41.594963],[36.094015,41.599084],[36.094906,41.602313],[36.09524,41.603983],[36.095797,41.604874],[36.096465,41.60532],[36.09769,41.605877],[36.098803,41.607102],[36.10103,41.608326],[36.106487,41.616678],[36.110607,41.624585],[36.112457,41.628309],[36.112479,41.628352],[36.112491,41.628338],[36.114991,41.630525]]]}},{"type":"Feature","properties":{"id":"TR-D-55-002","parent_id":"TR-P-55","region_id":"TR-R-KAR","level":"district","municipality_type":null,"municipality_type_label":null,"is_metropolitan_municipality":null,"name":"Alaçam","name_ascii":"alacam","slug":"alacam-samsun"},"geometry":{"type":"Polygon","coordinates":[[[35.545361,41.63235],[35.546227,41.632378],[35.547451,41.632249],[35.552003,41.632146],[35.553262,41.632008],[35.556332,41.631963],[35.561878,41.631971],[35.564508,41.631949],[35.566262,41.631934],[35.569413,41.63192],[35.574486,41.631956],[35.579931,41.632167],[35.58393,41.632508],[35.589984,41.633031],[35.593991,41.633386],[35.599392,41.634018],[35.601221,41.634345],[35.607202,41.634911],[35.609743,41.635136],[35.615303,41.635738],[35.616726,41.63592],[35.619201,41.636232],[35.623585,41.636798],[35.63104,41.637851],[35.638676,41.639019],[35.644149,41.639854],[35.647634,41.640703],[35.649644,41.640986],[35.650856,41.641364],[35.65265,41.641749],[35.656714,41.642656],[35.65964,41.643339],[35.664191,41.644486],[35.668561,41.645313],[35.675304,41.647135],[35.683071,41.649175],[35.689974,41.650917],[35.695912,41.652376],[35.700645,41.65361],[35.703142,41.654242],[35.707185,41.655301],[35.707936,41.655494],[35.716764,41.657692],[35.717813,41.657955],[35.725557,41.65986],[35.731945,41.661472],[35.734253,41.66211],[35.736257,41.662662],[35.73773,41.663061],[35.739443,41.663511],[35.74165,41.664099],[35.743631,41.6646],[35.745548,41.665079],[35.747464,41.665566],[35.749736,41.666154],[35.752981,41.666988],[35.755108,41.667518],[35.757583,41.668172],[35.759376,41.668622],[35.762969,41.669696],[35.765655,41.670502],[35.767801,41.671136],[35.770392,41.660995],[35.771684,41.65269],[35.775006,41.641247],[35.777036,41.632203],[35.776852,41.62482],[35.776852,41.618361],[35.773899,41.609501],[35.771869,41.600642],[35.768177,41.593998],[35.764117,41.588461],[35.761469,41.58515],[35.760639,41.58297],[35.759393,41.58079],[35.75794,41.576844],[35.756278,41.573003],[35.755448,41.569162],[35.754098,41.567293],[35.752956,41.565113],[35.752126,41.562829],[35.750776,41.559922],[35.750049,41.556704],[35.749219,41.554627],[35.749426,41.552966],[35.750672,41.550371],[35.751607,41.546529],[35.752852,41.542688],[35.752749,41.539366],[35.75171,41.534798],[35.749323,41.530541],[35.747454,41.527115],[35.744962,41.524416],[35.74164,41.52099],[35.737902,41.520471],[35.732712,41.51964],[35.728559,41.519121],[35.725029,41.520471],[35.719734,41.523482],[35.715166,41.527115],[35.710598,41.52888],[35.707899,41.529503],[35.70385,41.529192],[35.700424,41.528257],[35.697517,41.526077],[35.694818,41.523793],[35.692326,41.52099],[35.69108,41.518914],[35.689834,41.513619],[35.689834,41.510089],[35.688173,41.506248],[35.68537,41.502925],[35.680698,41.499499],[35.675923,41.494724],[35.67177,41.491817],[35.669486,41.490363],[35.666475,41.488702],[35.663776,41.486833],[35.658792,41.482888],[35.654744,41.480604],[35.651629,41.478528],[35.649241,41.476867],[35.646957,41.475517],[35.643843,41.473545],[35.642181,41.471572],[35.641351,41.469392],[35.640209,41.466485],[35.63969,41.464824],[35.638859,41.463267],[35.637406,41.460463],[35.635018,41.457972],[35.630865,41.455065],[35.626712,41.452469],[35.622767,41.44977],[35.615708,41.445929],[35.608336,41.441672],[35.602004,41.438558],[35.597747,41.43617],[35.592867,41.434509],[35.587884,41.432536],[35.580617,41.42911],[35.577295,41.425996],[35.573661,41.423712],[35.568678,41.422466],[35.563071,41.421324],[35.558711,41.421739],[35.554454,41.422466],[35.550509,41.423192],[35.54075,41.424023],[35.536078,41.424334],[35.530991,41.424646],[35.524658,41.424438],[35.520921,41.42475],[35.516353,41.425788],[35.5122,41.426826],[35.510331,41.428383],[35.507944,41.429733],[35.504725,41.429733],[35.501403,41.427864],[35.498081,41.426411],[35.494655,41.42475],[35.493513,41.423192],[35.492682,41.420389],[35.492371,41.417171],[35.492786,41.41416],[35.494655,41.411876],[35.49642,41.410734],[35.498911,41.407827],[35.500884,41.404609],[35.502545,41.401598],[35.504206,41.39703],[35.504102,41.391735],[35.503376,41.385506],[35.502753,41.380108],[35.503687,41.374605],[35.504102,41.370037],[35.505348,41.365158],[35.506386,41.359655],[35.507424,41.355191],[35.507424,41.351454],[35.507944,41.348443],[35.511681,41.343667],[35.512823,41.342837],[35.513135,41.340345],[35.512304,41.336711],[35.511681,41.333285],[35.511473,41.328198],[35.511577,41.322073],[35.51137,41.315636],[35.51085,41.312106],[35.51085,41.309822],[35.510643,41.307019],[35.510435,41.30297],[35.510539,41.299336],[35.511681,41.296949],[35.513342,41.293315],[35.515211,41.291135],[35.516542,41.289582],[35.515727,41.289098],[35.515479,41.288921],[35.515132,41.288608],[35.514821,41.288269],[35.514537,41.287912],[35.514492,41.287848],[35.514274,41.28754],[35.514027,41.287159],[35.513934,41.287005],[35.513793,41.28677],[35.513569,41.286376],[35.513357,41.285977],[35.513156,41.285573],[35.51297,41.285166],[35.512796,41.284744],[35.512635,41.284319],[35.512339,41.283462],[35.511929,41.28217],[35.511004,41.27915],[35.510584,41.277864],[35.51027,41.27702],[35.510091,41.276605],[35.509891,41.276198],[35.509662,41.275801],[35.50948,41.275538],[35.509411,41.275438],[35.509322,41.275324],[35.509133,41.275085],[35.508964,41.274888],[35.508835,41.274739],[35.508564,41.274447],[35.508521,41.274399],[35.508504,41.274383],[35.508194,41.274065],[35.507959,41.273839],[35.507514,41.27341],[35.507374,41.273283],[35.507161,41.27309],[35.506799,41.272777],[35.506426,41.272473],[35.50604,41.272181],[35.505635,41.271905],[35.505214,41.271651],[35.504895,41.271478],[35.504776,41.271413],[35.504625,41.271338],[35.504324,41.271188],[35.503863,41.270972],[35.503601,41.270857],[35.503394,41.270766],[35.503286,41.27072],[35.502918,41.270567],[35.502544,41.270418],[35.502438,41.270376],[35.502257,41.270309],[35.501951,41.270196],[35.501459,41.270027],[35.50096,41.269874],[35.500745,41.269817],[35.500452,41.269741],[35.499894,41.269624],[35.499327,41.269529],[35.49929,41.269524],[35.498752,41.269451],[35.497591,41.269326],[35.495835,41.269179],[35.494188,41.269072],[35.494073,41.269065],[35.494048,41.269064],[35.492898,41.269014],[35.492311,41.269003],[35.491748,41.269004],[35.491727,41.269005],[35.491185,41.269015],[35.490633,41.269035],[35.49006,41.269055],[35.488372,41.269141],[35.486124,41.269276],[35.484444,41.269401],[35.483424,41.269504],[35.483331,41.269513],[35.483267,41.269522],[35.482778,41.269585],[35.48221,41.269674],[35.481644,41.269775],[35.480519,41.270001],[35.479399,41.270246],[35.474912,41.271273],[35.471466,41.274161],[35.468701,41.27658],[35.468169,41.277112],[35.466502,41.280028],[35.465753,41.28411],[35.465892,41.284774],[35.466419,41.287276],[35.467335,41.290691],[35.467086,41.292108],[35.466336,41.293524],[35.465253,41.29494],[35.46292,41.296606],[35.461171,41.298106],[35.459421,41.300189],[35.457838,41.304021],[35.456672,41.30702],[35.454173,41.310519],[35.45209,41.312602],[35.448258,41.314268],[35.445425,41.316517],[35.444502,41.318635],[35.444009,41.319766],[35.443004,41.321511],[35.440843,41.325265],[35.439594,41.328181],[35.440754,41.328425],[35.441176,41.328514],[35.443343,41.329264],[35.444592,41.331013],[35.446008,41.334012],[35.447508,41.337011],[35.447841,41.339011],[35.447841,41.340177],[35.447518,41.341686],[35.447341,41.34251],[35.445925,41.344759],[35.445819,41.345157],[35.445592,41.346009],[35.445096,41.349433],[35.44583,41.353407],[35.446563,41.355924],[35.446763,41.356613],[35.446763,41.360013],[35.446701,41.362299],[35.446744,41.362434],[35.446786,41.36257],[35.447093,41.363724],[35.447247,41.365108],[35.447247,41.367185],[35.44717,41.369261],[35.44717,41.371261],[35.447478,41.372645],[35.448102,41.373837],[35.448324,41.37426],[35.448478,41.375029],[35.448632,41.375798],[35.44917,41.377875],[35.44925,41.378788],[35.449331,41.379702],[35.449414,41.380496],[35.449471,41.380926],[35.449901,41.384201],[35.450685,41.38902],[35.450241,41.391464],[35.449797,41.393796],[35.449089,41.395017],[35.448575,41.395906],[35.44826,41.396368],[35.446909,41.398349],[35.446021,41.40057],[35.445354,41.403569],[35.445132,41.405901],[35.445021,41.408344],[35.444688,41.411898],[35.44461,41.413369],[35.443803,41.414636],[35.443111,41.416867],[35.441958,41.417943],[35.440343,41.419405],[35.438881,41.420943],[35.436882,41.422404],[35.435805,41.423942],[35.43519,41.425865],[35.434344,41.427172],[35.433882,41.428326],[35.43319,41.429326],[35.432575,41.430479],[35.432652,41.431787],[35.432654,41.431861],[35.432729,41.434017],[35.432159,41.435347],[35.432037,41.435632],[35.432014,41.435863],[35.431806,41.437939],[35.431191,41.439401],[35.43096,41.440785],[35.430729,41.443246],[35.430268,41.446015],[35.430027,41.449841],[35.430085,41.454801],[35.429854,41.457166],[35.429105,41.457743],[35.426855,41.458204],[35.424686,41.458678],[35.423683,41.458897],[35.422515,41.458925],[35.421318,41.458954],[35.418434,41.458897],[35.415665,41.459935],[35.413646,41.461031],[35.413242,41.462242],[35.411916,41.465991],[35.410705,41.468471],[35.410705,41.470548],[35.410243,41.471817],[35.410243,41.473778],[35.408916,41.474759],[35.406378,41.474759],[35.404417,41.474413],[35.403494,41.474989],[35.402168,41.475047],[35.400207,41.475421],[35.399745,41.475508],[35.39963,41.475489],[35.399399,41.475451],[35.399053,41.475393],[35.397669,41.475797],[35.396783,41.47975],[35.394579,41.487392],[35.393547,41.493588],[35.39396,41.496549],[35.394992,41.500335],[35.396645,41.503158],[35.398435,41.505086],[35.4005,41.506325],[35.402015,41.50667],[35.405458,41.506257],[35.4089,41.505293],[35.411792,41.503847],[35.416542,41.498821],[35.421706,41.495654],[35.426043,41.493451],[35.432446,41.49111],[35.435407,41.490834],[35.436646,41.49111],[35.43761,41.492762],[35.438299,41.494828],[35.438299,41.497995],[35.437748,41.501024],[35.435889,41.507358],[35.432515,41.520646],[35.431551,41.523331],[35.428178,41.530354],[35.426319,41.534347],[35.425906,41.53655],[35.426112,41.543504],[35.427283,41.547704],[35.428797,41.551009],[35.431827,41.551628],[35.435614,41.552592],[35.439676,41.553074],[35.445115,41.553625],[35.450278,41.553694],[35.452413,41.553694],[35.455236,41.55452],[35.456681,41.554726],[35.457576,41.555277],[35.45799,41.556654],[35.459298,41.558995],[35.45978,41.560923],[35.460193,41.562162],[35.460675,41.562782],[35.461845,41.564228],[35.462602,41.564641],[35.464255,41.565123],[35.465356,41.566293],[35.46756,41.567739],[35.468386,41.569116],[35.469832,41.571044],[35.471691,41.57249],[35.473136,41.573591],[35.479815,41.579306],[35.486424,41.585227],[35.490349,41.588807],[35.493034,41.589564],[35.496752,41.589564],[35.502466,41.59101],[35.507355,41.59218],[35.513551,41.5928],[35.5172,41.594039],[35.520642,41.595898],[35.524223,41.597826],[35.526219,41.599203],[35.528285,41.602026],[35.529386,41.604298],[35.529593,41.606639],[35.531994,41.610477],[35.533285,41.612439],[35.536693,41.617861],[35.537777,41.620598],[35.53912,41.62256],[35.539636,41.624213],[35.539843,41.625245],[35.540927,41.625658],[35.543767,41.627724],[35.54449,41.628912],[35.545058,41.630925],[35.545317,41.63214],[35.545361,41.63235]]]}},{"type":"Feature","properties":{"id":"TR-D-55-003","parent_id":"TR-P-55","region_id":"TR-R-KAR","level":"district","municipality_type":null,"municipality_type_label":null,"is_metropolitan_municipality":null,"name":"Asarcık","name_ascii":"asarcik","slug":"asarcik-samsun"},"geometry":{"type":"Polygon","coordinates":[[[36.177683,40.979468],[36.176928,40.981624],[36.173813,40.9837],[36.167896,40.984946],[36.15876,40.985569],[36.149416,40.987438],[36.14163,40.989099],[36.135919,40.989618],[36.12751,40.989307],[36.121832,40.98912],[36.121678,40.990481],[36.12269,40.995231],[36.124092,40.998189],[36.124948,41.000447],[36.126428,41.00364],[36.130788,41.009246],[36.134526,41.013996],[36.13764,41.01711],[36.142234,41.021315],[36.147373,41.027388],[36.149631,41.030114],[36.15259,41.031982],[36.155549,41.034085],[36.157573,41.035331],[36.160299,41.037667],[36.162479,41.039847],[36.164971,41.041871],[36.167073,41.044129],[36.168708,41.045842],[36.170577,41.047322],[36.17338,41.048178],[36.17774,41.049502],[36.180777,41.050203],[36.184203,41.05067],[36.187006,41.051059],[36.189031,41.051604],[36.190666,41.052227],[36.194559,41.054719],[36.197284,41.057755],[36.199309,41.062038],[36.200477,41.065853],[36.202968,41.070681],[36.205226,41.074886],[36.206784,41.078545],[36.208419,41.082516],[36.2113,41.087577],[36.213947,41.091315],[36.217918,41.094819],[36.220566,41.097622],[36.222746,41.099179],[36.225574,41.101199],[36.226366,41.100551],[36.226744,41.100228],[36.227491,41.09956],[36.227874,41.099199],[36.228215,41.098878],[36.228571,41.098523],[36.228926,41.09817],[36.229961,41.097086],[36.230975,41.095976],[36.235381,41.091018],[36.236316,41.089951],[36.236836,41.089339],[36.237338,41.088719],[36.237579,41.088406],[36.238035,41.087766],[36.238156,41.087579],[36.238246,41.087441],[36.238329,41.087304],[36.238445,41.087112],[36.238628,41.086778],[36.2388,41.086426],[36.238954,41.086069],[36.239093,41.085709],[36.239219,41.085345],[36.239331,41.084978],[36.239438,41.08458],[36.239728,41.083379],[36.239836,41.082981],[36.239949,41.082612],[36.240208,41.081881],[36.240499,41.081155],[36.241055,41.079895],[36.241839,41.078223],[36.242453,41.076976],[36.24289,41.076154],[36.243124,41.075748],[36.24333,41.075415],[36.243768,41.074761],[36.244241,41.07412],[36.244487,41.07381],[36.245002,41.073202],[36.245542,41.072607],[36.245888,41.072247],[36.246242,41.071894],[36.246605,41.071551],[36.246979,41.07122],[36.247367,41.070906],[36.247771,41.070616],[36.248209,41.07036],[36.248757,41.070151],[36.249381,41.070016],[36.250068,41.069938],[36.250781,41.069904],[36.251484,41.069902],[36.2521,41.069922],[36.252139,41.069923],[36.25271,41.069955],[36.253505,41.070013],[36.256035,41.072656],[36.257191,41.073864],[36.262503,41.075442],[36.265175,41.075236],[36.268955,41.074858],[36.272924,41.073441],[36.275854,41.072401],[36.278406,41.071645],[36.281619,41.072117],[36.284926,41.073346],[36.290219,41.075047],[36.291761,41.075773],[36.295038,41.077315],[36.298252,41.079016],[36.30065,41.079784],[36.302977,41.080528],[36.306096,41.08119],[36.308458,41.081001],[36.31101,41.08015],[36.314696,41.078638],[36.321216,41.078166],[36.323481,41.077966],[36.32443,41.077882],[36.325126,41.077683],[36.327076,41.077126],[36.329092,41.076307],[36.3301,41.075898],[36.33078,41.075444],[36.332368,41.074386],[36.335676,41.073063],[36.3387,41.072779],[36.340684,41.072117],[36.343803,41.071834],[36.344501,41.071892],[36.348339,41.072212],[36.350985,41.072023],[36.354482,41.070889],[36.357412,41.070605],[36.358924,41.071361],[36.360625,41.073913],[36.361776,41.075283],[36.36261,41.076276],[36.36347,41.077227],[36.364421,41.078279],[36.365165,41.073878],[36.366647,41.07004],[36.368217,41.067773],[36.371182,41.065331],[36.373537,41.063936],[36.377548,41.062889],[36.38156,41.062628],[36.384961,41.06254],[36.387403,41.061494],[36.390978,41.05975],[36.39281,41.059139],[36.395077,41.05879],[36.39717,41.058965],[36.398304,41.058965],[36.399089,41.058442],[36.399263,41.058006],[36.399176,41.057482],[36.398478,41.056872],[36.397606,41.056],[36.397221,41.055339],[36.396996,41.054953],[36.396734,41.053558],[36.397083,41.052686],[36.398478,41.051901],[36.399438,41.051465],[36.399786,41.050942],[36.399786,41.049982],[36.399002,41.049197],[36.398669,41.048256],[36.398478,41.047715],[36.398203,41.046668],[36.398042,41.046058],[36.397926,41.045477],[36.397868,41.045186],[36.398042,41.044401],[36.399002,41.04379],[36.400397,41.043965],[36.401879,41.04379],[36.402752,41.043354],[36.403013,41.042831],[36.402958,41.042446],[36.402926,41.042221],[36.403406,41.041741],[36.403885,41.041261],[36.404845,41.041087],[36.406153,41.041697],[36.406859,41.041854],[36.406938,41.041872],[36.407875,41.041076],[36.407746,41.040342],[36.407816,41.040055],[36.408388,41.037688],[36.408865,41.035644],[36.409103,41.034622],[36.409494,41.033971],[36.410119,41.032928],[36.412536,41.030229],[36.414546,41.028077],[36.416411,41.026726],[36.416911,41.026409],[36.419489,41.024776],[36.424032,41.022001],[36.425979,41.020595],[36.428467,41.018756],[36.43074,41.017024],[36.432525,41.015709],[36.432795,41.01551],[36.434635,41.013995],[36.437664,41.012805],[36.440477,41.011507],[36.444913,41.009992],[36.446644,41.008477],[36.448375,41.006421],[36.447807,41.004717],[36.447618,41.004149],[36.447293,41.002635],[36.446536,41.000038],[36.445129,40.99874],[36.443615,40.997117],[36.441667,40.995927],[36.43972,40.99452],[36.437556,40.993546],[36.435825,40.992789],[36.432903,40.992032],[36.43009,40.989759],[36.429991,40.987462],[36.429982,40.987271],[36.43009,40.984566],[36.430956,40.981969],[36.431713,40.979048],[36.432385,40.977466],[36.432771,40.976555],[36.429136,40.975109],[36.426436,40.974029],[36.423351,40.972024],[36.420266,40.969401],[36.416332,40.967242],[36.413556,40.965391],[36.411473,40.964079],[36.410316,40.963231],[36.409082,40.963],[36.406923,40.962922],[36.405689,40.963],[36.403992,40.963231],[36.402835,40.963231],[36.402218,40.962922],[36.401292,40.962537],[36.399133,40.962305],[36.39759,40.961457],[36.396587,40.9603],[36.395353,40.958526],[36.394813,40.956752],[36.394196,40.955441],[36.393271,40.954438],[36.392808,40.953436],[36.392268,40.951739],[36.391651,40.950273],[36.390726,40.949733],[36.389414,40.948654],[36.387255,40.947034],[36.384864,40.946417],[36.38201,40.946263],[36.375531,40.9458],[36.371598,40.945106],[36.366746,40.942942],[36.365944,40.943194],[36.359107,40.944578],[36.349665,40.946857],[36.345351,40.949543],[36.340224,40.954426],[36.33827,40.957682],[36.335991,40.961426],[36.33355,40.965333],[36.330945,40.967937],[36.328015,40.969809],[36.324434,40.970867],[36.320038,40.972088],[36.316132,40.972333],[36.312834,40.972973],[36.310875,40.974083],[36.308399,40.975606],[36.305258,40.977891],[36.302021,40.981604],[36.301735,40.983699],[36.300878,40.987412],[36.299116,40.989046],[36.298486,40.989816],[36.29672,40.990307],[36.290932,40.990601],[36.287989,40.98962],[36.28642,40.98962],[36.282896,40.987995],[36.277507,40.984938],[36.276518,40.984492],[36.271507,40.984842],[36.266316,40.985465],[36.263305,40.986296],[36.258322,40.985361],[36.254065,40.985258],[36.250536,40.983389],[36.245656,40.981209],[36.239635,40.980171],[36.234755,40.980586],[36.228111,40.981209],[36.222401,40.981416],[36.217314,40.981832],[36.21233,40.981935],[36.206413,40.982247],[36.19956,40.981105],[36.193747,40.98069],[36.187933,40.979859],[36.180337,40.979468],[36.177683,40.979468]]]}},{"type":"Feature","properties":{"id":"TR-D-55-004","parent_id":"TR-P-55","region_id":"TR-R-KAR","level":"district","municipality_type":null,"municipality_type_label":null,"is_metropolitan_municipality":null,"name":"Atakum","name_ascii":"atakum","slug":"atakum-samsun"},"geometry":{"type":"Polygon","coordinates":[[[36.156027,41.453929],[36.159147,41.45007],[36.161361,41.445853],[36.164495,41.441307],[36.167305,41.437675],[36.170457,41.43445],[36.176882,41.420514],[36.180464,41.416833],[36.182367,41.414841],[36.184182,41.413174],[36.185716,41.411764],[36.186742,41.410857],[36.187285,41.410272],[36.187546,41.409979],[36.188299,41.409364],[36.188422,41.409328],[36.188493,41.409285],[36.18855,41.409215],[36.188573,41.409142],[36.188599,41.409007],[36.18861,41.408853],[36.188688,41.408668],[36.189223,41.408036],[36.189342,41.407925],[36.189412,41.407884],[36.189802,41.407452],[36.190145,41.407095],[36.190283,41.406958],[36.190695,41.406567],[36.190783,41.406365],[36.19091,41.406284],[36.191292,41.405902],[36.191511,41.405684],[36.191647,41.405595],[36.192064,41.40511],[36.192808,41.404451],[36.192959,41.404291],[36.193138,41.404058],[36.193325,41.403862],[36.193525,41.403724],[36.193747,41.403487],[36.194292,41.40309],[36.194933,41.402399],[36.195186,41.402159],[36.195283,41.402042],[36.195437,41.401875],[36.196004,41.401275],[36.196165,41.401145],[36.196338,41.401],[36.196671,41.400648],[36.197394,41.399977],[36.197947,41.399443],[36.198215,41.399222],[36.1985,41.39898],[36.198987,41.398394],[36.19904,41.39826],[36.199223,41.39809],[36.199335,41.398019],[36.199459,41.397912],[36.19981,41.397596],[36.200053,41.397446],[36.200268,41.39726],[36.200428,41.397149],[36.201117,41.396557],[36.201733,41.395964],[36.202228,41.395481],[36.202841,41.394942],[36.20338,41.394425],[36.203961,41.393967],[36.204302,41.393634],[36.204728,41.393215],[36.205118,41.392808],[36.205383,41.392608],[36.205471,41.392524],[36.205717,41.392338],[36.205909,41.392223],[36.206004,41.392139],[36.206053,41.392061],[36.206489,41.391725],[36.207229,41.391137],[36.207482,41.390892],[36.208033,41.390405],[36.208064,41.390304],[36.208339,41.390077],[36.208503,41.389893],[36.208812,41.389655],[36.209099,41.389369],[36.209445,41.389116],[36.209562,41.388996],[36.209657,41.388861],[36.209864,41.388719],[36.209971,41.388687],[36.210326,41.388381],[36.210606,41.388148],[36.211071,41.387815],[36.211269,41.38757],[36.21151,41.387323],[36.21176,41.387161],[36.211921,41.387016],[36.212089,41.386916],[36.212515,41.386458],[36.212812,41.386218],[36.212919,41.386152],[36.213185,41.385919],[36.213455,41.38572],[36.214091,41.385198],[36.214139,41.385115],[36.21478,41.38464],[36.215082,41.384424],[36.215742,41.383946],[36.2158,41.38387],[36.215878,41.383841],[36.215961,41.38374],[36.216253,41.383503],[36.216973,41.383959],[36.216937,41.383993],[36.216976,41.384038],[36.217107,41.383949],[36.217068,41.383905],[36.217017,41.383932],[36.216331,41.383493],[36.217161,41.382807],[36.217232,41.382711],[36.218018,41.382069],[36.218289,41.381866],[36.218384,41.381763],[36.218419,41.381736],[36.218446,41.381717],[36.21856,41.381615],[36.218834,41.381485],[36.219138,41.381257],[36.219324,41.381121],[36.220879,41.379991],[36.221747,41.379364],[36.222669,41.378718],[36.222966,41.378535],[36.224507,41.37743],[36.225152,41.377062],[36.225209,41.377029],[36.225485,41.37681],[36.225995,41.376467],[36.226076,41.376529],[36.226108,41.376506],[36.226028,41.376448],[36.226117,41.376374],[36.226501,41.376099],[36.227228,41.375566],[36.227274,41.375522],[36.227353,41.37549],[36.227454,41.37542],[36.22758,41.37536],[36.227677,41.375279],[36.228195,41.374938],[36.228273,41.374862],[36.228438,41.374746],[36.228597,41.374665],[36.228839,41.374496],[36.228899,41.374441],[36.229062,41.37436],[36.229113,41.374318],[36.230171,41.373845],[36.230182,41.373808],[36.230428,41.37354],[36.230523,41.373331],[36.231132,41.372217],[36.231185,41.372064],[36.231183,41.371958],[36.231194,41.371814],[36.231172,41.371281],[36.231197,41.371098],[36.231231,41.370844],[36.231254,41.370797],[36.231353,41.370596],[36.23142,41.370478],[36.231404,41.370416],[36.231358,41.370358],[36.231225,41.370106],[36.231116,41.370002],[36.230986,41.36976],[36.230926,41.369701],[36.230921,41.369501],[36.230995,41.369439],[36.230926,41.36946],[36.230907,41.369454],[36.230816,41.369425],[36.230751,41.369372],[36.230696,41.369169],[36.230657,41.369116],[36.230624,41.369083],[36.230627,41.368996],[36.230569,41.368739],[36.230537,41.368691],[36.230526,41.368614],[36.23042,41.368203],[36.2304,41.367972],[36.230404,41.367764],[36.230396,41.367677],[36.230406,41.367563],[36.230393,41.367454],[36.230393,41.367406],[36.230407,41.367052],[36.230474,41.366525],[36.230506,41.366527],[36.230505,41.366506],[36.230475,41.366507],[36.230485,41.366336],[36.230521,41.366334],[36.230523,41.366314],[36.230487,41.366313],[36.230501,41.36625],[36.230513,41.366181],[36.230834,41.365534],[36.230878,41.365479],[36.230928,41.365398],[36.231051,41.365182],[36.231151,41.365006],[36.231301,41.364799],[36.231391,41.364692],[36.231763,41.364274],[36.231828,41.364125],[36.231849,41.364058],[36.231938,41.363913],[36.232324,41.363501],[36.232767,41.363092],[36.233259,41.362628],[36.233348,41.362556],[36.233404,41.362463],[36.233627,41.362287],[36.233939,41.362015],[36.234,41.361981],[36.234198,41.361803],[36.234758,41.361393],[36.234859,41.361275],[36.235317,41.360948],[36.235815,41.360559],[36.236162,41.360309],[36.236333,41.36021],[36.236393,41.360151],[36.236393,41.360105],[36.236431,41.360081],[36.23656,41.359843],[36.236585,41.359779],[36.236619,41.359688],[36.236719,41.359651],[36.236735,41.359626],[36.236725,41.35956],[36.236735,41.359539],[36.236818,41.359483],[36.236883,41.359253],[36.236968,41.359125],[36.237002,41.359108],[36.237041,41.358938],[36.237041,41.358618],[36.237041,41.358513],[36.237074,41.358381],[36.237197,41.358171],[36.23726,41.358064],[36.237295,41.358022],[36.237481,41.357729],[36.237545,41.357612],[36.237605,41.357481],[36.237641,41.357401],[36.23782,41.357122],[36.237856,41.357015],[36.238608,41.356507],[36.23869,41.356435],[36.238857,41.35629],[36.239061,41.35612],[36.239818,41.355512],[36.240038,41.355369],[36.24037,41.355132],[36.240995,41.35467],[36.241169,41.354559],[36.241696,41.354154],[36.241794,41.354114],[36.241907,41.354031],[36.242097,41.353936],[36.242223,41.353829],[36.242572,41.353603],[36.242813,41.35337],[36.242892,41.353247],[36.243234,41.35304],[36.243821,41.352712],[36.244044,41.352528],[36.244254,41.352339],[36.244454,41.35223],[36.244551,41.352144],[36.245417,41.35169],[36.245794,41.351301],[36.245955,41.351187],[36.246081,41.351099],[36.246301,41.351039],[36.246546,41.350906],[36.246943,41.350644],[36.24725,41.350496],[36.247898,41.350092],[36.248503,41.349716],[36.24924,41.349226],[36.249495,41.349145],[36.249739,41.348947],[36.249999,41.348798],[36.250315,41.348597],[36.250619,41.348488],[36.251011,41.348253],[36.251286,41.348203],[36.251498,41.348107],[36.251938,41.347812],[36.252391,41.347565],[36.253025,41.347213],[36.253228,41.347175],[36.253417,41.347307],[36.253502,41.347179],[36.253431,41.347146],[36.253426,41.347065],[36.253596,41.346941],[36.254324,41.346554],[36.255053,41.346124],[36.255314,41.346047],[36.255668,41.345841],[36.256939,41.34522],[36.257149,41.345073],[36.257948,41.344694],[36.258292,41.344555],[36.258534,41.344411],[36.258585,41.344362],[36.258796,41.344289],[36.259892,41.343673],[36.260186,41.343518],[36.260773,41.343306],[36.261048,41.343225],[36.26181,41.342774],[36.262201,41.342611],[36.26261,41.342416],[36.262796,41.342353],[36.263871,41.341781],[36.264109,41.341713],[36.26458,41.341498],[36.265154,41.341276],[36.265526,41.341086],[36.265911,41.340955],[36.266536,41.340616],[36.266741,41.340524],[36.267522,41.340233],[36.268069,41.339948],[36.268357,41.33985],[36.268697,41.339662],[36.269163,41.339495],[36.270515,41.338972],[36.270745,41.338838],[36.271148,41.338669],[36.271482,41.338563],[36.271886,41.338343],[36.272741,41.338082],[36.273303,41.337839],[36.273656,41.337707],[36.273861,41.337657],[36.274023,41.337555],[36.274304,41.337486],[36.274848,41.337261],[36.275464,41.337043],[36.276005,41.33688],[36.276246,41.336807],[36.276404,41.336698],[36.276628,41.336987],[36.276653,41.33694],[36.276595,41.336893],[36.276437,41.336684],[36.276595,41.336622],[36.276938,41.336404],[36.277435,41.336248],[36.277914,41.33607],[36.278411,41.335874],[36.278717,41.335779],[36.279045,41.335627],[36.279322,41.335583],[36.279592,41.335485],[36.27986,41.335345],[36.280187,41.335231],[36.280482,41.335183],[36.280936,41.335045],[36.281469,41.334863],[36.281883,41.334733],[36.282359,41.3345],[36.28272,41.334281],[36.283501,41.334162],[36.284088,41.333948],[36.2847,41.333759],[36.285273,41.333527],[36.285713,41.333363],[36.285965,41.333272],[36.286664,41.333083],[36.286991,41.333007],[36.287312,41.332894],[36.287888,41.333855],[36.287985,41.334019],[36.288029,41.33399],[36.287944,41.333845],[36.287377,41.332869],[36.287542,41.332821],[36.287827,41.332723],[36.288274,41.332563],[36.28854,41.332473],[36.288936,41.332389],[36.289653,41.33216],[36.290111,41.332023],[36.290565,41.331887],[36.291076,41.33172],[36.291461,41.331546],[36.29178,41.33146],[36.292067,41.33144],[36.292621,41.33128],[36.293032,41.331138],[36.2934,41.330982],[36.293926,41.330865],[36.294206,41.330829],[36.294877,41.330665],[36.295456,41.330523],[36.295813,41.330374],[36.296065,41.33024],[36.296364,41.330218],[36.29733,41.329996],[36.297938,41.329825],[36.298457,41.329716],[36.298994,41.329519],[36.299217,41.329385],[36.300773,41.329032],[36.30167,41.328828],[36.302272,41.328657],[36.302293,41.32865],[36.302749,41.328503],[36.302967,41.328432],[36.303655,41.328326],[36.303954,41.328264],[36.304584,41.32809],[36.305146,41.32793],[36.305542,41.32781],[36.305917,41.327733],[36.306158,41.327646],[36.308377,41.327198],[36.308625,41.327149],[36.309026,41.32707],[36.309328,41.327063],[36.309678,41.327601],[36.31235,41.326932],[36.312084,41.326568],[36.312251,41.326511],[36.312473,41.326408],[36.31281,41.326334],[36.313726,41.326093],[36.313918,41.326063],[36.31403,41.326078],[36.31409,41.326127],[36.314225,41.326165],[36.31438,41.326175],[36.314745,41.326116],[36.314878,41.32613],[36.315463,41.326272],[36.31565,41.326361],[36.316255,41.326459],[36.31686,41.326491],[36.317168,41.326399],[36.310139,41.319734],[36.3089,41.318233],[36.307996,41.317097],[36.307424,41.316327],[36.306896,41.315545],[36.306148,41.314353],[36.304218,41.311148],[36.303023,41.309141],[36.302559,41.308335],[36.302116,41.307522],[36.301908,41.307112],[36.301522,41.306274],[36.301167,41.305427],[36.300827,41.304576],[36.299469,41.30104],[36.295941,41.301414],[36.295568,41.301613],[36.295265,41.302371],[36.295113,41.303028],[36.29481,41.304039],[36.294305,41.304746],[36.293547,41.305454],[36.292587,41.305504],[36.291374,41.305504],[36.290616,41.305302],[36.289504,41.304847],[36.288696,41.304544],[36.287786,41.304342],[36.286725,41.30419],[36.285462,41.30419],[36.284805,41.303887],[36.284502,41.303331],[36.283946,41.30318],[36.28142,41.304746],[36.280257,41.305757],[36.279398,41.306211],[36.278135,41.30611],[36.275255,41.305959],[36.272779,41.305757],[36.265958,41.306313],[36.26146,41.306515],[36.253477,41.306818],[36.250041,41.307323],[36.246655,41.306969],[36.243421,41.306414],[36.240945,41.305352],[36.234629,41.302876],[36.230334,41.301209],[36.223765,41.298581],[36.220632,41.297167],[36.214619,41.296308],[36.208303,41.296661],[36.205423,41.296813],[36.203503,41.296257],[36.201886,41.294792],[36.201027,41.293478],[36.200926,41.29176],[36.201077,41.289385],[36.20138,41.286353],[36.20138,41.284484],[36.201279,41.282412],[36.200471,41.277662],[36.197085,41.272811],[36.196176,41.272306],[36.189758,41.270992],[36.186322,41.270689],[36.184289,41.27058],[36.182257,41.270318],[36.179677,41.269617],[36.17943,41.269274],[36.178755,41.268283],[36.177744,41.266723],[36.176962,41.265468],[36.175452,41.263026],[36.17472,41.261799],[36.174266,41.260973],[36.174059,41.260556],[36.173871,41.260134],[36.17373,41.259765],[36.173605,41.259393],[36.173494,41.259019],[36.173395,41.258642],[36.173229,41.257871],[36.173098,41.257086],[36.172993,41.256296],[36.172909,41.255496],[36.172805,41.254293],[36.172656,41.252272],[36.172556,41.251061],[36.172477,41.250255],[36.172381,41.249461],[36.172264,41.248669],[36.172121,41.247884],[36.171945,41.247108],[36.171732,41.246338],[36.171605,41.245952],[36.171467,41.24557],[36.171315,41.24519],[36.171151,41.244814],[36.170971,41.244442],[36.170785,41.244094],[36.170583,41.24375],[36.170368,41.243411],[36.170139,41.243078],[36.169895,41.242751],[36.169593,41.242382],[36.169273,41.242021],[36.168938,41.241668],[36.168588,41.241322],[36.168231,41.240988],[36.167862,41.240661],[36.167101,41.240021],[36.166315,41.239402],[36.165511,41.238796],[36.16429,41.237904],[36.160194,41.234952],[36.158543,41.233785],[36.157702,41.233221],[36.157273,41.232947],[36.15685,41.23269],[36.156419,41.232441],[36.15598,41.232202],[36.155531,41.231974],[36.155094,41.23177],[36.154648,41.231578],[36.154194,41.231397],[36.153732,41.231227],[36.153191,41.231047],[36.152642,41.230879],[36.15153,41.230567],[36.149843,41.230128],[36.146452,41.229275],[36.144752,41.228863],[36.143611,41.228608],[36.143037,41.228493],[36.141959,41.228304],[36.141417,41.228221],[36.14033,41.228077],[36.139243,41.227963],[36.138702,41.22792],[36.138164,41.22789],[36.137158,41.227856],[36.136663,41.227828],[36.136176,41.227777],[36.135713,41.227693],[36.135259,41.22758],[36.134813,41.227443],[36.134375,41.227284],[36.133947,41.227106],[36.13353,41.226909],[36.133075,41.226665],[36.132635,41.226401],[36.132209,41.226122],[36.131798,41.225828],[36.131388,41.22551],[36.130995,41.22518],[36.130616,41.224839],[36.130254,41.224488],[36.12991,41.224127],[36.129585,41.223757],[36.129276,41.223379],[36.128986,41.222993],[36.128759,41.222663],[36.12834,41.221988],[36.127956,41.221301],[36.127129,41.219761],[36.125105,41.221908],[36.123122,41.224072],[36.119712,41.226328],[36.119215,41.226656],[36.118091,41.227115],[36.114647,41.22852],[36.112543,41.229481],[36.108937,41.232306],[36.106292,41.235492],[36.10515,41.237656],[36.10367,41.24027],[36.101145,41.24275],[36.097764,41.244192],[36.095555,41.244733],[36.092806,41.244733],[36.089425,41.244733],[36.08681,41.24559],[36.083339,41.246491],[36.077884,41.248745],[36.073196,41.250503],[36.070085,41.251585],[36.064713,41.252322],[36.060326,41.252502],[36.055818,41.252021],[36.049566,41.251962],[36.049446,41.251961],[36.049386,41.251961],[36.035742,41.251901],[36.032136,41.252382],[36.028049,41.254065],[36.024683,41.258092],[36.022819,41.26284],[36.020415,41.269452],[36.018672,41.27426],[36.018372,41.282134],[36.018534,41.283174],[36.018973,41.285981],[36.019088,41.288746],[36.019093,41.288866],[36.019093,41.288886],[36.019133,41.291361],[36.019153,41.292593],[36.019093,41.297041],[36.018552,41.301489],[36.016328,41.305636],[36.013202,41.309122],[36.010798,41.310264],[36.007793,41.311707],[36.005088,41.313931],[36.002203,41.318318],[35.998056,41.323788],[35.99505,41.328416],[35.993428,41.3307],[35.991865,41.332624],[35.989761,41.335509],[35.988318,41.337192],[35.986816,41.338634],[35.985133,41.340558],[35.984953,41.34176],[35.984412,41.343383],[35.984231,41.344645],[35.98363,41.345607],[35.982789,41.347169],[35.981647,41.350114],[35.980986,41.351918],[35.980865,41.35312],[35.981166,41.353901],[35.982128,41.354622],[35.98357,41.355584],[35.985854,41.356125],[35.988379,41.356065],[35.994029,41.354743],[36.003285,41.352278],[36.007012,41.351317],[36.013142,41.350175],[36.01759,41.349513],[36.027147,41.349574],[36.029852,41.350114],[36.034119,41.351677],[36.037545,41.354923],[36.038327,41.356305],[36.042654,41.362136],[36.044518,41.367064],[36.044758,41.373015],[36.044468,41.375095],[36.043496,41.377042],[36.041332,41.378965],[36.038928,41.380829],[36.035141,41.383293],[36.030453,41.385998],[36.025464,41.388342],[36.021557,41.390746],[36.019453,41.39309],[36.019153,41.394172],[36.019574,41.396156],[36.021978,41.397719],[36.024502,41.398139],[36.02859,41.398079],[36.032557,41.398079],[36.037726,41.397478],[36.041933,41.396817],[36.044999,41.395795],[36.048725,41.394112],[36.051009,41.393571],[36.053053,41.394052],[36.054183,41.394617],[36.054511,41.394928],[36.054997,41.395424],[36.055401,41.39614],[36.05558,41.396773],[36.055618,41.397523],[36.059787,41.403906],[36.062916,41.408734],[36.063713,41.409935],[36.064175,41.410594],[36.064663,41.41124],[36.064922,41.411556],[36.065251,41.411924],[36.065598,41.412282],[36.065962,41.41263],[36.066345,41.412967],[36.066725,41.413274],[36.06712,41.413572],[36.067527,41.413861],[36.067951,41.414147],[36.068569,41.415447],[36.068918,41.416163],[36.06916,41.417563],[36.069221,41.418335],[36.069402,41.421641],[36.069702,41.423805],[36.069822,41.424586],[36.070363,41.426089],[36.070965,41.427291],[36.072167,41.428493],[36.073669,41.429815],[36.081122,41.433001],[36.085931,41.434203],[36.091821,41.436006],[36.095848,41.436607],[36.099167,41.436757],[36.101217,41.436297],[36.104481,41.435126],[36.107451,41.434038],[36.11109,41.433034],[36.115274,41.432281],[36.118663,41.431193],[36.120671,41.431402],[36.121507,41.431528],[36.122009,41.431946],[36.122637,41.43249],[36.12339,41.432866],[36.124227,41.433159],[36.125272,41.433243],[36.126528,41.433243],[36.127699,41.433201],[36.128661,41.433243],[36.130502,41.433578],[36.13297,41.433745],[36.133472,41.433954],[36.1341,41.434498],[36.134936,41.434665],[36.136903,41.434749],[36.137656,41.434916],[36.138158,41.435209],[36.138409,41.435502],[36.138492,41.435962],[36.138367,41.436422],[36.13845,41.436715],[36.138911,41.437259],[36.139831,41.438221],[36.141212,41.440229],[36.142718,41.441024],[36.143387,41.441233],[36.144098,41.441401],[36.144935,41.441903],[36.146148,41.442488],[36.146692,41.442865],[36.147027,41.443032],[36.147487,41.4432],[36.147822,41.443241],[36.148156,41.443367],[36.148198,41.443702],[36.148198,41.44412],[36.14824,41.444455],[36.148449,41.444748],[36.148784,41.44504],[36.149274,41.445438],[36.151309,41.449201],[36.154703,41.45122],[36.156027,41.453929]]]}},{"type":"Feature","properties":{"id":"TR-D-55-005","parent_id":"TR-P-55","region_id":"TR-R-KAR","level":"district","municipality_type":null,"municipality_type_label":null,"is_metropolitan_municipality":null,"name":"Ayvacık","name_ascii":"ayvacik","slug":"ayvacik-samsun"},"geometry":{"type":"Polygon","coordinates":[[[36.708495,40.904857],[36.705078,40.903305],[36.704833,40.903195],[36.70375,40.902709],[36.703554,40.902622],[36.702556,40.90215],[36.702069,40.901904],[36.701593,40.901647],[36.701194,40.901411],[36.701134,40.901375],[36.70071,40.901094],[36.700303,40.900799],[36.699913,40.90049],[36.699537,40.90017],[36.699164,40.899828],[36.698803,40.899477],[36.698108,40.898757],[36.697565,40.898165],[36.69712,40.897666],[36.695692,40.896064],[36.695064,40.895405],[36.694705,40.895047],[36.694684,40.895026],[36.69434,40.894692],[36.694211,40.89457],[36.693596,40.893992],[36.692833,40.893306],[36.692442,40.892971],[36.692042,40.892644],[36.691629,40.892329],[36.691197,40.892031],[36.690749,40.891756],[36.690281,40.891499],[36.689743,40.891229],[36.689127,40.890942],[36.688347,40.890598],[36.685172,40.889245],[36.684848,40.889537],[36.684461,40.889861],[36.68406,40.890176],[36.683231,40.890788],[36.682313,40.891432],[36.681953,40.891684],[36.679855,40.893124],[36.678939,40.893753],[36.678071,40.894335],[36.677191,40.894898],[36.676743,40.895167],[36.676285,40.895423],[36.675815,40.89566],[36.675327,40.895872],[36.674806,40.896056],[36.674267,40.896215],[36.673715,40.896354],[36.673154,40.89648],[36.672014,40.896708],[36.669716,40.897142],[36.669146,40.897259],[36.668581,40.897385],[36.668023,40.897524],[36.667475,40.897681],[36.666942,40.897858],[36.666419,40.898053],[36.665903,40.898261],[36.665392,40.898478],[36.663876,40.899162],[36.655845,40.902946],[36.654613,40.903543],[36.654412,40.903643],[36.650352,40.905783],[36.649992,40.905774],[36.649571,40.905823],[36.649106,40.905914],[36.64861,40.906034],[36.648094,40.906176],[36.647025,40.906501],[36.64594,40.90686],[36.645399,40.90705],[36.64437,40.907439],[36.641953,40.908428],[36.641471,40.908619],[36.640986,40.908801],[36.640956,40.908812],[36.640498,40.908973],[36.640005,40.909128],[36.639504,40.909262],[36.638969,40.909374],[36.638425,40.909459],[36.637875,40.909521],[36.63732,40.909562],[36.636762,40.90958],[36.636214,40.909575],[36.635663,40.909552],[36.635113,40.909516],[36.634561,40.909471],[36.634535,40.909469],[36.634009,40.909418],[36.632907,40.909297],[36.631809,40.909154],[36.631265,40.909071],[36.630725,40.908979],[36.630191,40.908873],[36.629667,40.908748],[36.629146,40.908597],[36.628636,40.908425],[36.628137,40.908237],[36.627649,40.908034],[36.627174,40.907816],[36.626715,40.907584],[36.626278,40.907333],[36.625868,40.907061],[36.625521,40.906787],[36.625202,40.906493],[36.624911,40.906182],[36.62465,40.905856],[36.62442,40.905516],[36.624217,40.905144],[36.624044,40.90476],[36.623896,40.904367],[36.623765,40.903967],[36.623647,40.903562],[36.623442,40.902744],[36.623266,40.901912],[36.622942,40.900232],[36.622851,40.899816],[36.622747,40.899403],[36.622627,40.898995],[36.622483,40.898595],[36.622327,40.898251],[36.622306,40.898206],[36.62209,40.897831],[36.62184,40.897468],[36.621559,40.897118],[36.621253,40.896781],[36.620921,40.89646],[36.620562,40.896158],[36.620173,40.89588],[36.619737,40.895624],[36.61927,40.895398],[36.618778,40.895198],[36.618267,40.895025],[36.617775,40.894889],[36.617272,40.894774],[36.616761,40.894677],[36.616245,40.894596],[36.615726,40.894533],[36.615208,40.894489],[36.614692,40.894469],[36.614173,40.894477],[36.613664,40.894514],[36.613168,40.894583],[36.612692,40.894687],[36.612242,40.894833],[36.611819,40.89503],[36.611425,40.895269],[36.611056,40.89554],[36.610709,40.895835],[36.610382,40.896149],[36.610076,40.89648],[36.609794,40.896826],[36.609516,40.897215],[36.609263,40.897618],[36.609248,40.897643],[36.609026,40.898028],[36.608583,40.898864],[36.607536,40.900978],[36.607106,40.901819],[36.606647,40.902649],[36.606401,40.903059],[36.60626,40.903281],[36.606143,40.903464],[36.605603,40.904264],[36.605321,40.904657],[36.60503,40.905044],[36.604729,40.905423],[36.604413,40.905791],[36.604077,40.906141],[36.60386,40.906337],[36.603715,40.906469],[36.603316,40.906764],[36.602881,40.907015],[36.602411,40.907234],[36.601915,40.90743],[36.601401,40.907607],[36.600872,40.907768],[36.600335,40.907916],[36.599791,40.908049],[36.599242,40.908166],[36.59869,40.908263],[36.598135,40.908332],[36.59758,40.908365],[36.597024,40.908353],[36.596469,40.908304],[36.595917,40.908225],[36.59537,40.90812],[36.594832,40.907993],[36.594306,40.907843],[36.593798,40.907666],[36.593313,40.907458],[36.592864,40.907217],[36.59244,40.906946],[36.592036,40.906653],[36.59165,40.906343],[36.59128,40.90602],[36.590928,40.905684],[36.590596,40.905337],[36.590287,40.904977],[36.590197,40.904856],[36.590002,40.904596],[36.589739,40.904204],[36.589493,40.903804],[36.589259,40.903399],[36.588598,40.902165],[36.587328,40.899671],[36.586678,40.898427],[36.586218,40.897607],[36.585972,40.897204],[36.58571,40.896809],[36.585434,40.896433],[36.585138,40.896069],[36.584945,40.895852],[36.584825,40.895718],[36.584493,40.895384],[36.58414,40.895071],[36.583761,40.894788],[36.583351,40.894545],[36.582951,40.894369],[36.582526,40.89423],[36.582083,40.894125],[36.581629,40.894055],[36.581167,40.89402],[36.580702,40.894026],[36.580201,40.894083],[36.579703,40.894182],[36.579207,40.894313],[36.578715,40.894469],[36.578227,40.894645],[36.577746,40.894838],[36.577271,40.895047],[36.576813,40.895266],[36.57636,40.895495],[36.574567,40.89643],[36.57411,40.896651],[36.573645,40.896858],[36.573121,40.897067],[36.572586,40.897258],[36.572043,40.897435],[36.571494,40.8976],[36.57094,40.897752],[36.570383,40.897892],[36.569823,40.898017],[36.56926,40.898122],[36.568695,40.898202],[36.568127,40.898247],[36.567564,40.898251],[36.566998,40.898222],[36.56643,40.898169],[36.565861,40.898099],[36.564721,40.897927],[36.563358,40.897691],[36.563009,40.897631],[36.560731,40.897207],[36.559598,40.896981],[36.559035,40.896861],[36.558475,40.896732],[36.557351,40.896445],[36.555683,40.895975],[36.544625,40.892703],[36.542424,40.892032],[36.541335,40.891677],[36.540799,40.891492],[36.539737,40.891107],[36.53763,40.890309],[36.5374,40.89022],[36.537366,40.890207],[36.535008,40.889292],[36.533451,40.888662],[36.532431,40.888219],[36.531487,40.88777],[36.530559,40.887302],[36.528722,40.886341],[36.525983,40.884881],[36.520035,40.881659],[36.51911,40.881175],[36.51817,40.880709],[36.517691,40.880488],[36.517182,40.880268],[36.516144,40.879852],[36.514563,40.879262],[36.512436,40.8785],[36.512399,40.878487],[36.511082,40.878033],[36.510831,40.877947],[36.50975,40.8776],[36.509203,40.877438],[36.508149,40.87716],[36.506547,40.876785],[36.504933,40.876432],[36.503621,40.876155],[36.503315,40.87609],[36.502233,40.875871],[36.501147,40.875665],[36.500614,40.875572],[36.499544,40.8754],[36.49847,40.875243],[36.497394,40.875101],[36.496315,40.874984],[36.495775,40.874939],[36.495233,40.874909],[36.495081,40.874905],[36.494687,40.874895],[36.494139,40.874896],[36.493591,40.874908],[36.492494,40.87496],[36.491401,40.875044],[36.490856,40.8751],[36.490314,40.875166],[36.489298,40.875324],[36.48778,40.875593],[36.486766,40.875759],[36.486257,40.875829],[36.485705,40.87589],[36.48515,40.875937],[36.484594,40.875974],[36.484254,40.875988],[36.483481,40.87602],[36.482925,40.876029],[36.482371,40.876028],[36.481819,40.876015],[36.481271,40.875985],[36.480728,40.875934],[36.480194,40.875855],[36.479662,40.875741],[36.479138,40.8756],[36.47862,40.875439],[36.478105,40.875265],[36.476567,40.874718],[36.476053,40.874543],[36.475537,40.874383],[36.475018,40.874243],[36.474789,40.874196],[36.474495,40.874134],[36.47397,40.874065],[36.473446,40.874034],[36.472926,40.874042],[36.472417,40.874092],[36.471926,40.874192],[36.471505,40.874329],[36.471101,40.874504],[36.470712,40.87471],[36.470338,40.87494],[36.469977,40.87519],[36.469631,40.875458],[36.469261,40.875776],[36.468906,40.876109],[36.468224,40.876803],[36.466561,40.878577],[36.466219,40.878926],[36.465868,40.879267],[36.465504,40.8796],[36.46513,40.879915],[36.464742,40.88022],[36.464343,40.880514],[36.463932,40.880798],[36.46351,40.881069],[36.463076,40.881325],[36.462627,40.881562],[36.462159,40.881774],[36.462134,40.881783],[36.461928,40.881858],[36.461641,40.881964],[36.461104,40.882124],[36.460553,40.88226],[36.459991,40.882375],[36.459421,40.882468],[36.458845,40.882538],[36.458265,40.882581],[36.457728,40.882591],[36.45719,40.882578],[36.456652,40.882545],[36.456115,40.882496],[36.455582,40.882431],[36.455054,40.882348],[36.454535,40.882247],[36.454029,40.882122],[36.453545,40.881972],[36.453078,40.881798],[36.452627,40.881605],[36.452197,40.881394],[36.451876,40.881213],[36.45179,40.881165],[36.451413,40.880918],[36.451076,40.880648],[36.45079,40.880353],[36.450569,40.880036],[36.450398,40.879695],[36.450264,40.879336],[36.450159,40.878963],[36.450079,40.878581],[36.450017,40.878192],[36.449971,40.877798],[36.449887,40.876625],[36.449876,40.876497],[36.449852,40.876235],[36.449802,40.875849],[36.449729,40.875466],[36.449632,40.875091],[36.449512,40.874724],[36.449366,40.87437],[36.44919,40.874032],[36.448979,40.873716],[36.448725,40.873429],[36.448371,40.873142],[36.447962,40.872901],[36.447512,40.872704],[36.44703,40.872556],[36.446524,40.872464],[36.446008,40.872436],[36.445481,40.872462],[36.444949,40.872535],[36.444419,40.872649],[36.443922,40.872792],[36.44343,40.872962],[36.443142,40.873073],[36.442942,40.873149],[36.44148,40.87374],[36.440987,40.873927],[36.440486,40.874096],[36.439948,40.87425],[36.439402,40.874378],[36.438849,40.87448],[36.438291,40.874552],[36.437731,40.874588],[36.437158,40.874584],[36.436585,40.874546],[36.436014,40.87448],[36.435444,40.874393],[36.43488,40.874285],[36.434324,40.874159],[36.43378,40.87401],[36.433253,40.873834],[36.433144,40.87379],[36.4328,40.873651],[36.432365,40.873445],[36.43195,40.873219],[36.431556,40.872974],[36.431188,40.872709],[36.43085,40.872423],[36.430517,40.872076],[36.430219,40.871706],[36.429947,40.87132],[36.429693,40.870923],[36.429453,40.870517],[36.429223,40.870106],[36.428783,40.869275],[36.428371,40.86844],[36.42837,40.868438],[36.428176,40.868017],[36.427995,40.867595],[36.427915,40.867386],[36.427833,40.86717],[36.427695,40.866743],[36.427591,40.866312],[36.427533,40.865917],[36.427503,40.865519],[36.427499,40.865325],[36.426718,40.865332],[36.424508,40.865351],[36.423504,40.865123],[36.42289,40.864984],[36.421522,40.864414],[36.421124,40.864248],[36.419873,40.863659],[36.418549,40.863071],[36.416489,40.862776],[36.41487,40.86285],[36.41281,40.86285],[36.410823,40.863365],[36.410566,40.863549],[36.410308,40.863733],[36.40994,40.864248],[36.40983,40.864542],[36.40972,40.864836],[36.408322,40.865499],[36.407439,40.86594],[36.406924,40.866897],[36.407071,40.868221],[36.406777,40.870207],[36.406262,40.871164],[36.404349,40.871753],[36.402804,40.872562],[36.4017,40.873224],[36.400511,40.873862],[36.400216,40.874941],[36.400805,40.877491],[36.401688,40.878374],[36.402571,40.879355],[36.403355,40.881023],[36.403883,40.882079],[36.404704,40.88372],[36.405121,40.884555],[36.406495,40.887301],[36.408064,40.888381],[36.40974,40.88988],[36.409928,40.890048],[36.410811,40.891912],[36.410713,40.893384],[36.409732,40.894757],[36.408457,40.895836],[36.40777,40.897013],[36.406397,40.898387],[36.406004,40.900054],[36.405514,40.901232],[36.40414,40.902507],[36.403454,40.903782],[36.402865,40.905058],[36.402571,40.906823],[36.401884,40.908785],[36.400903,40.910061],[36.399628,40.912415],[36.39796,40.915947],[36.39796,40.91732],[36.39796,40.918105],[36.393987,40.923263],[36.385722,40.930822],[36.381164,40.934892],[36.378478,40.937415],[36.375874,40.939124],[36.370339,40.94181],[36.366746,40.942942],[36.371598,40.945106],[36.375531,40.9458],[36.38201,40.946263],[36.384864,40.946417],[36.387255,40.947034],[36.389414,40.948654],[36.390726,40.949733],[36.391651,40.950273],[36.392268,40.951739],[36.392808,40.953436],[36.393271,40.954438],[36.394196,40.955441],[36.394813,40.956752],[36.395353,40.958526],[36.396587,40.9603],[36.39759,40.961457],[36.399133,40.962305],[36.401292,40.962537],[36.402218,40.962922],[36.402835,40.963231],[36.403992,40.963231],[36.405689,40.963],[36.406923,40.962922],[36.409082,40.963],[36.410316,40.963231],[36.411473,40.964079],[36.413556,40.965391],[36.416332,40.967242],[36.420266,40.969401],[36.423351,40.972024],[36.426436,40.974029],[36.429136,40.975109],[36.432771,40.976555],[36.433228,40.975478],[36.434526,40.972665],[36.4355,40.970934],[36.438421,40.968472],[36.440369,40.967066],[36.4421,40.964685],[36.444913,40.961764],[36.447402,40.958626],[36.449349,40.956138],[36.451729,40.954407],[36.454218,40.952243],[36.455624,40.950404],[36.456923,40.949646],[36.459087,40.949538],[36.463847,40.951702],[36.467526,40.954731],[36.470014,40.956463],[36.472503,40.958194],[36.4742,40.959492],[36.478021,40.962413],[36.481591,40.966633],[36.482565,40.96858],[36.483538,40.970528],[36.48587,40.972307],[36.48765,40.973666],[36.489027,40.974157],[36.492194,40.975288],[36.493168,40.975613],[36.492843,40.978534],[36.491978,40.982537],[36.491004,40.986108],[36.490463,40.988055],[36.488407,40.989895],[36.484837,40.993357],[36.484296,40.996386],[36.484296,40.997576],[36.484343,40.997871],[36.484837,41.000931],[36.485594,41.002986],[36.486035,41.004434],[36.486352,41.005475],[36.487109,41.00818],[36.486986,41.008998],[36.486784,41.010343],[36.48697,41.010498],[36.488083,41.011425],[36.489381,41.011966],[36.490679,41.012507],[36.494633,41.012989],[36.495115,41.013048],[36.495656,41.013177],[36.497387,41.013589],[36.499227,41.013914],[36.499447,41.01388],[36.502797,41.013373],[36.508531,41.010884],[36.513184,41.009911],[36.514829,41.009541],[36.518485,41.008721],[36.522921,41.007963],[36.525951,41.007206],[36.528115,41.005799],[36.530495,41.004285],[36.532875,41.002445],[36.535905,41.002337],[36.540016,41.002445],[36.541531,41.002869],[36.545426,41.00396],[36.550078,41.005691],[36.55271,41.007711],[36.55473,41.009261],[36.556245,41.011425],[36.557435,41.013265],[36.561222,41.015861],[36.563494,41.018458],[36.565334,41.019432],[36.565651,41.020939],[36.565766,41.021487],[36.565658,41.023651],[36.565874,41.027438],[36.567085,41.028933],[36.567714,41.02971],[36.569661,41.031117],[36.569774,41.03122],[36.57215,41.033389],[36.572929,41.033908],[36.574097,41.034687],[36.577451,41.035877],[36.579291,41.0375],[36.581346,41.037608],[36.584051,41.0375],[36.584754,41.03755],[36.585566,41.037608],[36.586537,41.038371],[36.587081,41.038799],[36.58892,41.040638],[36.590651,41.043235],[36.593789,41.043884],[36.596602,41.044425],[36.598116,41.044966],[36.598177,41.04529],[36.598441,41.046697],[36.598549,41.049185],[36.597143,41.052107],[36.595844,41.055785],[36.595736,41.058274],[36.59671,41.061195],[36.59909,41.06271],[36.60212,41.064441],[36.603418,41.0647],[36.604284,41.064873],[36.604679,41.064949],[36.606556,41.065306],[36.607529,41.066628],[36.60807,41.067362],[36.610775,41.068877],[36.616077,41.070608],[36.621811,41.071798],[36.62668,41.072447],[36.633712,41.073637],[36.637283,41.076667],[36.642801,41.079047],[36.646479,41.080453],[36.648535,41.081644],[36.650915,41.082942],[36.653187,41.084024],[36.654919,41.086296],[36.658164,41.08608],[36.661843,41.085539],[36.66444,41.084781],[36.667361,41.084781],[36.670066,41.084673],[36.672338,41.084132],[36.674069,41.082401],[36.674935,41.081535],[36.675662,41.080979],[36.676774,41.080129],[36.681102,41.077099],[36.684672,41.07407],[36.685429,41.072663],[36.686295,41.068444],[36.688459,41.065198],[36.691056,41.062385],[36.692137,41.060005],[36.693219,41.057516],[36.693325,41.055728],[36.693328,41.055677],[36.692354,41.049077],[36.690695,41.045543],[36.689865,41.043776],[36.685862,41.037392],[36.682508,41.026897],[36.682508,41.023002],[36.683157,41.01835],[36.687052,41.015104],[36.690406,41.013589],[36.693003,41.012075],[36.695708,41.009153],[36.698737,41.005258],[36.701442,41.004285],[36.709124,41.00158],[36.711612,40.999632],[36.716589,40.996062],[36.719294,40.993465],[36.722022,40.992177],[36.721428,40.991386],[36.719996,40.988903],[36.718659,40.986994],[36.717036,40.98432],[36.717036,40.982315],[36.717132,40.979832],[36.7178,40.977923],[36.719614,40.975726],[36.720283,40.973244],[36.719232,40.971812],[36.71675,40.969615],[36.711498,40.966465],[36.711021,40.964746],[36.711116,40.963123],[36.711021,40.960545],[36.71188,40.958539],[36.714553,40.957489],[36.715699,40.956152],[36.715699,40.954338],[36.715986,40.948609],[36.715986,40.946126],[36.715795,40.94393],[36.715508,40.941161],[36.71484,40.939252],[36.71379,40.936674],[36.713026,40.934955],[36.711975,40.933523],[36.711307,40.932281],[36.711462,40.931159],[36.711677,40.928868],[36.711534,40.927077],[36.710531,40.925072],[36.709457,40.923855],[36.70781,40.922423],[36.706306,40.92142],[36.705375,40.920131],[36.704731,40.918484],[36.703728,40.916335],[36.703592,40.914805],[36.7048,40.913032],[36.705606,40.910696],[36.706049,40.909125],[36.70625,40.908078],[36.707378,40.906507],[36.708495,40.904857]]]}},{"type":"Feature","properties":{"id":"TR-D-55-006","parent_id":"TR-P-55","region_id":"TR-R-KAR","level":"district","municipality_type":null,"municipality_type_label":null,"is_metropolitan_municipality":null,"name":"Bafra","name_ascii":"bafra","slug":"bafra-samsun"},"geometry":{"type":"Polygon","coordinates":[[[35.767801,41.671136],[35.769044,41.671503],[35.771033,41.672077],[35.77769,41.674022],[35.783562,41.675358],[35.785565,41.67596],[35.791264,41.67771],[35.793841,41.678494],[35.797107,41.679495],[35.798551,41.679967],[35.80123,41.680802],[35.804504,41.681789],[35.808503,41.68298],[35.810253,41.683495],[35.815668,41.685114],[35.819725,41.686232],[35.821707,41.686805],[35.824371,41.687582],[35.827863,41.688656],[35.832697,41.690181],[35.838337,41.692017],[35.840566,41.692772],[35.843237,41.693658],[35.845407,41.694384],[35.849087,41.695588],[35.84937,41.69561],[35.849828,41.695857],[35.852296,41.696619],[35.854764,41.697447],[35.858379,41.698652],[35.864135,41.700677],[35.867409,41.701795],[35.871452,41.703232],[35.876395,41.704844],[35.881556,41.706709],[35.887175,41.708684],[35.890448,41.709889],[35.895043,41.711507],[35.897177,41.712393],[35.901329,41.713932],[35.902396,41.714201],[35.904313,41.715144],[35.907456,41.716378],[35.910635,41.717648],[35.911528,41.717953],[35.914678,41.719137],[35.917168,41.720116],[35.920805,41.721481],[35.922416,41.722084],[35.925037,41.723013],[35.926275,41.723583],[35.926881,41.723862],[35.927225,41.72394],[35.927846,41.72408],[35.929189,41.724624],[35.930176,41.724849],[35.932448,41.725691],[35.933864,41.72633],[35.934822,41.726708],[35.93562,41.726998],[35.938807,41.728268],[35.940469,41.728885],[35.941856,41.729466],[35.942523,41.72972],[35.942825,41.729844],[35.945275,41.730853],[35.949927,41.732711],[35.952744,41.73388],[35.953811,41.734605],[35.954544,41.735106],[35.954566,41.735288],[35.954203,41.735825],[35.953971,41.736311],[35.953963,41.736471],[35.954087,41.736652],[35.954442,41.737015],[35.954638,41.737102],[35.954776,41.737044],[35.954726,41.736761],[35.954551,41.736565],[35.954399,41.736369],[35.954392,41.736057],[35.954595,41.735818],[35.955045,41.734925],[35.956889,41.734801],[35.956707,41.734932],[35.956519,41.735019],[35.956294,41.735114],[35.955495,41.735687],[35.955284,41.735796],[35.955219,41.735873],[35.955226,41.735963],[35.955357,41.735992],[35.955676,41.736006],[35.955916,41.735948],[35.956096,41.735834],[35.95633,41.735571],[35.956598,41.735477],[35.956998,41.735469],[35.957542,41.7356],[35.957557,41.735723],[35.957527,41.736043],[35.957411,41.736217],[35.957433,41.736326],[35.957557,41.736362],[35.957673,41.736289],[35.95776,41.736152],[35.95789,41.735999],[35.958007,41.735738],[35.958014,41.735622],[35.957919,41.735513],[35.958021,41.735382],[35.958141,41.735348],[35.959585,41.73527],[35.96058,41.735419],[35.960622,41.735423],[35.9607,41.735498],[35.960823,41.735452],[35.960937,41.735371],[35.960979,41.735274],[35.960973,41.735144],[35.961018,41.73505],[35.961096,41.734985],[35.961233,41.734946],[35.961957,41.734959],[35.962058,41.7349],[35.962052,41.734799],[35.961935,41.734715],[35.961704,41.73464],[35.961551,41.734647],[35.961425,41.734595],[35.9612,41.734449],[35.961145,41.734364],[35.961105,41.734203],[35.961094,41.734097],[35.96109,41.734055],[35.96119,41.733832],[35.961381,41.733621],[35.961756,41.733324],[35.962354,41.733102],[35.962814,41.733086],[35.963095,41.733123],[35.963226,41.733217],[35.963354,41.733309],[35.963343,41.733478],[35.963168,41.733755],[35.963068,41.733855],[35.963074,41.733975],[35.963211,41.733961],[35.963329,41.733801],[35.963413,41.733537],[35.963747,41.733311],[35.964331,41.733335],[35.964806,41.733302],[35.964773,41.733203],[35.964434,41.733146],[35.963969,41.733137],[35.963832,41.73309],[35.963834,41.732863],[35.963837,41.732662],[35.963903,41.73253],[35.964293,41.732149],[35.964496,41.73197],[35.964835,41.731744],[35.965234,41.731579],[35.965465,41.731485],[35.965983,41.731471],[35.966004,41.731472],[35.966293,41.731476],[35.966378,41.731551],[35.966486,41.731843],[35.966524,41.732168],[35.966613,41.732342],[35.966665,41.732408],[35.966721,41.732473],[35.966864,41.732482],[35.966915,41.732389],[35.966763,41.731915],[35.966653,41.731864],[35.966345,41.731248],[35.966204,41.730967],[35.966196,41.730714],[35.966712,41.730434],[35.967143,41.730071],[35.967592,41.729834],[35.967795,41.729851],[35.968059,41.730122],[35.968404,41.730477],[35.968895,41.73122],[35.969055,41.731284],[35.969161,41.73114],[35.968233,41.730008],[35.968045,41.729778],[35.968112,41.729596],[35.96859,41.729156],[35.969288,41.728818],[35.969783,41.728708],[35.96993,41.728893],[35.970418,41.729503],[35.970862,41.730097],[35.970985,41.730146],[35.971097,41.73001],[35.970049,41.728815],[35.970047,41.728812],[35.970763,41.728207],[35.971331,41.727948],[35.971382,41.727944],[35.971887,41.72791],[35.972925,41.729232],[35.973086,41.729088],[35.97229,41.728206],[35.972179,41.727928],[35.972771,41.727397],[35.973296,41.727113],[35.973832,41.727077],[35.974814,41.728101],[35.974931,41.728008],[35.97411,41.727107],[35.97445,41.726811],[35.97498,41.726484],[35.975375,41.726318],[35.976011,41.726256],[35.976727,41.727262],[35.976887,41.72712],[35.976165,41.726225],[35.976332,41.726046],[35.978411,41.724911],[35.980342,41.72409],[35.981654,41.723332],[35.985145,41.721953],[35.990161,41.720105],[35.991936,41.718669],[35.993344,41.716938],[35.993677,41.716617],[35.994136,41.716176],[36.000267,41.712773],[36.000832,41.71319],[36.003288,41.715002],[36.008451,41.714448],[36.013826,41.713139],[36.022863,41.709597],[36.027586,41.707324],[36.037565,41.703107],[36.046067,41.698655],[36.053949,41.694015],[36.060941,41.688372],[36.06515,41.685777],[36.069148,41.682969],[36.073039,41.679464],[36.075931,41.675774],[36.083572,41.665345],[36.090612,41.656876],[36.09297,41.653582],[36.094729,41.649712],[36.097099,41.645846],[36.105471,41.640293],[36.109791,41.637169],[36.112903,41.634224],[36.114991,41.630525],[36.112491,41.628338],[36.112479,41.628352],[36.112457,41.628309],[36.110607,41.624585],[36.106487,41.616678],[36.10103,41.608326],[36.098803,41.607102],[36.09769,41.605877],[36.096465,41.60532],[36.095797,41.604874],[36.09524,41.603983],[36.094906,41.602313],[36.094015,41.599084],[36.091342,41.594963],[36.085106,41.586055],[36.081988,41.576589],[36.079761,41.567458],[36.07642,41.557992],[36.074861,41.553315],[36.073191,41.550754],[36.071186,41.548749],[36.066732,41.545409],[36.064174,41.542513],[36.060416,41.538818],[36.054966,41.534809],[36.049266,41.531301],[36.044944,41.52867],[36.041937,41.527292],[36.038555,41.526039],[36.033731,41.524285],[36.029848,41.523095],[36.026841,41.522594],[36.023333,41.522281],[36.020515,41.521905],[36.018573,41.521467],[36.01638,41.521279],[36.012873,41.520088],[36.009741,41.518397],[36.007861,41.517771],[36.007047,41.51752],[36.004729,41.51514],[36.003477,41.514138],[36.00141,41.512446],[36.000219,41.511507],[35.999342,41.509189],[35.997714,41.505493],[35.995647,41.501986],[35.99264,41.499042],[35.990009,41.497851],[35.988819,41.496536],[35.988443,41.495346],[35.988381,41.49378],[35.988255,41.49165],[35.988005,41.489145],[35.987879,41.486702],[35.986439,41.483883],[35.985186,41.482567],[35.983369,41.481189],[35.980363,41.479373],[35.978358,41.478371],[35.977607,41.477556],[35.976542,41.475928],[35.976103,41.474612],[35.976166,41.472858],[35.976291,41.47148],[35.976792,41.469538],[35.977231,41.46697],[35.97673,41.464402],[35.976228,41.463525],[35.9746,41.461709],[35.973911,41.460644],[35.973284,41.459266],[35.97341,41.457762],[35.974349,41.456509],[35.975727,41.455131],[35.978922,41.45344],[35.981114,41.452563],[35.983557,41.451937],[35.986564,41.450621],[35.987378,41.449556],[35.989383,41.446111],[35.991387,41.444232],[35.993955,41.441288],[35.99477,41.439409],[35.99477,41.437843],[35.994644,41.43659],[35.993767,41.435525],[35.992452,41.434774],[35.990322,41.434586],[35.986501,41.434711],[35.983933,41.434899],[35.981052,41.435525],[35.978483,41.436152],[35.976792,41.436277],[35.975978,41.436152],[35.975352,41.435463],[35.974788,41.434085],[35.974537,41.433458],[35.974161,41.43302],[35.973535,41.432268],[35.973598,41.431141],[35.973096,41.430514],[35.972721,41.429575],[35.972721,41.42851],[35.972658,41.427507],[35.972533,41.426067],[35.972533,41.425127],[35.97222,41.424062],[35.971844,41.423185],[35.971217,41.422308],[35.97034,41.421369],[35.969714,41.420304],[35.969463,41.419615],[35.96915,41.418362],[35.96915,41.417235],[35.967897,41.415731],[35.965893,41.414478],[35.963638,41.413414],[35.96107,41.412223],[35.959378,41.41072],[35.957437,41.40978],[35.955432,41.408027],[35.953302,41.40408],[35.952551,41.401951],[35.952363,41.400071],[35.951862,41.397315],[35.951298,41.395373],[35.950484,41.393244],[35.949106,41.390801],[35.946537,41.387042],[35.944408,41.384036],[35.942403,41.380277],[35.941338,41.377271],[35.940837,41.375266],[35.940837,41.372385],[35.941276,41.367562],[35.942153,41.363866],[35.944282,41.35992],[35.946725,41.355911],[35.947665,41.354971],[35.94992,41.352841],[35.952989,41.348895],[35.954242,41.346452],[35.955996,41.345826],[35.960255,41.345262],[35.963638,41.345387],[35.967146,41.346076],[35.971343,41.347893],[35.974976,41.350022],[35.977732,41.351588],[35.980865,41.35312],[35.980986,41.351918],[35.981647,41.350114],[35.982789,41.347169],[35.98363,41.345607],[35.984231,41.344645],[35.984412,41.343383],[35.984953,41.34176],[35.985133,41.340558],[35.986816,41.338634],[35.988318,41.337192],[35.989761,41.335509],[35.991865,41.332624],[35.993428,41.3307],[35.99505,41.328416],[35.998056,41.323788],[36.002203,41.318318],[36.005088,41.313931],[36.007793,41.311707],[36.010798,41.310264],[36.013202,41.309122],[36.016328,41.305636],[36.018552,41.301489],[36.019093,41.297041],[36.019153,41.292593],[36.019133,41.291361],[36.017516,41.290925],[36.016466,41.290641],[36.013602,41.289996],[36.012314,41.289707],[36.011942,41.289685],[36.008784,41.289499],[36.003977,41.289114],[36.003593,41.289084],[36.002658,41.288939],[35.997571,41.288149],[35.990927,41.286592],[35.987443,41.285483],[35.984075,41.284412],[35.980753,41.282128],[35.978728,41.280103],[35.978053,41.279428],[35.974939,41.276937],[35.971097,41.273822],[35.966633,41.2705],[35.960923,41.267801],[35.955421,41.265828],[35.950541,41.263129],[35.945973,41.260326],[35.945454,41.260014],[35.941821,41.257834],[35.939121,41.25555],[35.935695,41.25202],[35.934141,41.250418],[35.933881,41.250763],[35.931006,41.254591],[35.927164,41.258224],[35.923219,41.260612],[35.91917,41.261339],[35.916056,41.262169],[35.912111,41.262169],[35.91117,41.262017],[35.908269,41.261546],[35.906789,41.260781],[35.905259,41.259989],[35.902784,41.257895],[35.902559,41.257705],[35.9023,41.257394],[35.901002,41.255836],[35.900068,41.255058],[35.89851,41.25376],[35.894669,41.250749],[35.894485,41.250611],[35.893008,41.249503],[35.891035,41.247323],[35.890289,41.246117],[35.889686,41.245143],[35.88626,41.241925],[35.881899,41.239121],[35.878785,41.238395],[35.873594,41.239329],[35.869545,41.240056],[35.867572,41.240056],[35.860409,41.242028],[35.851584,41.243067],[35.845459,41.245039],[35.842033,41.248673],[35.839437,41.252514],[35.83788,41.254694],[35.835596,41.259159],[35.835492,41.261443],[35.836011,41.264349],[35.835993,41.264521],[35.835804,41.266322],[35.834454,41.267879],[35.831236,41.270475],[35.829782,41.273693],[35.829229,41.275008],[35.828952,41.275666],[35.827498,41.276496],[35.826045,41.277327],[35.823138,41.279715],[35.821684,41.280563],[35.820646,41.281168],[35.819247,41.28106],[35.817947,41.280961],[35.81396,41.279964],[35.812964,41.279715],[35.808603,41.277431],[35.805073,41.27525],[35.802686,41.272447],[35.799882,41.268814],[35.797079,41.266011],[35.794899,41.263],[35.793824,41.260786],[35.793134,41.259366],[35.792237,41.257423],[35.791265,41.255317],[35.790182,41.252144],[35.789812,41.251061],[35.786386,41.242755],[35.785846,41.241136],[35.785036,41.238706],[35.783993,41.23747],[35.782233,41.235384],[35.77974,41.234036],[35.778392,41.233308],[35.766764,41.228221],[35.761573,41.226456],[35.75742,41.224379],[35.755759,41.224379],[35.753994,41.22604],[35.75223,41.227598],[35.750257,41.231231],[35.749115,41.23445],[35.748492,41.238291],[35.74762,41.241198],[35.747246,41.242444],[35.746897,41.243162],[35.745481,41.246077],[35.743924,41.248984],[35.741951,41.250853],[35.739771,41.251787],[35.736449,41.251592],[35.736241,41.25158],[35.732919,41.252099],[35.729493,41.253656],[35.726586,41.254694],[35.724979,41.254802],[35.723472,41.254902],[35.720461,41.256355],[35.718904,41.257809],[35.716931,41.257705],[35.714128,41.257705],[35.712559,41.258443],[35.712363,41.258536],[35.711532,41.260612],[35.711013,41.263623],[35.709041,41.265907],[35.704764,41.267502],[35.700388,41.26835],[35.691809,41.269488],[35.684893,41.272464],[35.679028,41.27474],[35.675264,41.275878],[35.673251,41.277629],[35.670187,41.281393],[35.667298,41.285332],[35.664935,41.286383],[35.663018,41.286443],[35.662134,41.28647],[35.661267,41.286637],[35.659858,41.286908],[35.656969,41.289009],[35.651895,41.29316],[35.650591,41.293938],[35.644569,41.296741],[35.64097,41.297433],[35.639171,41.297779],[35.638017,41.298022],[35.635226,41.29861],[35.630658,41.300375],[35.627629,41.30157],[35.626712,41.301932],[35.62557,41.302655],[35.623598,41.303905],[35.620172,41.3065],[35.617784,41.30785],[35.613631,41.310134],[35.609271,41.312625],[35.606312,41.313883],[35.605118,41.31439],[35.60175,41.314656],[35.601173,41.314702],[35.597643,41.314183],[35.595732,41.313999],[35.592245,41.313663],[35.588299,41.314286],[35.58425,41.31657],[35.58124,41.318335],[35.577377,41.320493],[35.574256,41.322535],[35.574121,41.322433],[35.573915,41.322277],[35.572661,41.321345],[35.572058,41.320914],[35.571809,41.320737],[35.571375,41.320441],[35.571219,41.32034],[35.570931,41.320154],[35.570805,41.320077],[35.570471,41.319873],[35.570002,41.3196],[35.569046,41.319071],[35.568054,41.318546],[35.567588,41.318299],[35.565957,41.31745],[35.562695,41.315754],[35.561246,41.314972],[35.560302,41.31443],[35.559851,41.314154],[35.55931,41.313808],[35.558964,41.313586],[35.557657,41.312712],[35.552044,41.308878],[35.55076,41.307985],[35.549919,41.30738],[35.549507,41.30707],[35.549104,41.306755],[35.548725,41.306443],[35.547991,41.305803],[35.547274,41.30515],[35.546567,41.30449],[35.545984,41.303937],[35.544818,41.302829],[35.543437,41.301489],[35.542394,41.300428],[35.541013,41.298966],[35.538281,41.296021],[35.537589,41.295293],[35.537237,41.294935],[35.536877,41.294585],[35.536558,41.29429],[35.536508,41.294244],[35.536391,41.294145],[35.536123,41.293917],[35.535718,41.293612],[35.535284,41.293334],[35.535055,41.293215],[35.534844,41.293105],[35.534378,41.292901],[35.533892,41.292716],[35.533393,41.292546],[35.532883,41.292387],[35.531843,41.292092],[35.530786,41.291826],[35.530253,41.291704],[35.529717,41.291592],[35.529177,41.291494],[35.528673,41.291419],[35.528632,41.291413],[35.528057,41.29135],[35.527477,41.291306],[35.526894,41.291275],[35.525722,41.291238],[35.523372,41.291191],[35.522751,41.291166],[35.522204,41.291143],[35.521626,41.291102],[35.521114,41.291048],[35.521054,41.291042],[35.520975,41.29103],[35.520491,41.290956],[35.519994,41.290851],[35.519935,41.290838],[35.519871,41.290821],[35.519388,41.290693],[35.51885,41.290527],[35.518321,41.290345],[35.517944,41.290202],[35.517802,41.290149],[35.517672,41.290095],[35.517294,41.289939],[35.516801,41.289715],[35.516542,41.289582],[35.515211,41.291135],[35.513342,41.293315],[35.511681,41.296949],[35.510539,41.299336],[35.510435,41.30297],[35.510643,41.307019],[35.51085,41.309822],[35.51085,41.312106],[35.51137,41.315636],[35.511577,41.322073],[35.511473,41.328198],[35.511681,41.333285],[35.512304,41.336711],[35.513135,41.340345],[35.512823,41.342837],[35.511681,41.343667],[35.507944,41.348443],[35.507424,41.351454],[35.507424,41.355191],[35.506386,41.359655],[35.505348,41.365158],[35.504102,41.370037],[35.503687,41.374605],[35.502753,41.380108],[35.503376,41.385506],[35.504102,41.391735],[35.504206,41.39703],[35.502545,41.401598],[35.500884,41.404609],[35.498911,41.407827],[35.49642,41.410734],[35.494655,41.411876],[35.492786,41.41416],[35.492371,41.417171],[35.492682,41.420389],[35.493513,41.423192],[35.494655,41.42475],[35.498081,41.426411],[35.501403,41.427864],[35.504725,41.429733],[35.507944,41.429733],[35.510331,41.428383],[35.5122,41.426826],[35.516353,41.425788],[35.520921,41.42475],[35.524658,41.424438],[35.530991,41.424646],[35.536078,41.424334],[35.54075,41.424023],[35.550509,41.423192],[35.554454,41.422466],[35.558711,41.421739],[35.563071,41.421324],[35.568678,41.422466],[35.573661,41.423712],[35.577295,41.425996],[35.580617,41.42911],[35.587884,41.432536],[35.592867,41.434509],[35.597747,41.43617],[35.602004,41.438558],[35.608336,41.441672],[35.615708,41.445929],[35.622767,41.44977],[35.626712,41.452469],[35.630865,41.455065],[35.635018,41.457972],[35.637406,41.460463],[35.638859,41.463267],[35.63969,41.464824],[35.640209,41.466485],[35.641351,41.469392],[35.642181,41.471572],[35.643843,41.473545],[35.646957,41.475517],[35.649241,41.476867],[35.651629,41.478528],[35.654744,41.480604],[35.658792,41.482888],[35.663776,41.486833],[35.666475,41.488702],[35.669486,41.490363],[35.67177,41.491817],[35.675923,41.494724],[35.680698,41.499499],[35.68537,41.502925],[35.688173,41.506248],[35.689834,41.510089],[35.689834,41.513619],[35.69108,41.518914],[35.692326,41.52099],[35.694818,41.523793],[35.697517,41.526077],[35.700424,41.528257],[35.70385,41.529192],[35.707899,41.529503],[35.710598,41.52888],[35.715166,41.527115],[35.719734,41.523482],[35.725029,41.520471],[35.728559,41.519121],[35.732712,41.51964],[35.737902,41.520471],[35.74164,41.52099],[35.744962,41.524416],[35.747454,41.527115],[35.749323,41.530541],[35.75171,41.534798],[35.752749,41.539366],[35.752852,41.542688],[35.751607,41.546529],[35.750672,41.550371],[35.749426,41.552966],[35.749219,41.554627],[35.750049,41.556704],[35.750776,41.559922],[35.752126,41.562829],[35.752956,41.565113],[35.754098,41.567293],[35.755448,41.569162],[35.756278,41.573003],[35.75794,41.576844],[35.759393,41.58079],[35.760639,41.58297],[35.761469,41.58515],[35.764117,41.588461],[35.768177,41.593998],[35.771869,41.600642],[35.773899,41.609501],[35.776852,41.618361],[35.776852,41.62482],[35.777036,41.632203],[35.775006,41.641247],[35.771684,41.65269],[35.770392,41.660995],[35.767801,41.671136]]]}},{"type":"Feature","properties":{"id":"TR-D-55-007","parent_id":"TR-P-55","region_id":"TR-R-KAR","level":"district","municipality_type":null,"municipality_type_label":null,"is_metropolitan_municipality":null,"name":"Canik","name_ascii":"canik","slug":"canik-samsun"},"geometry":{"type":"Polygon","coordinates":[[[36.352634,41.278941],[36.352645,41.278931],[36.352738,41.278972],[36.353119,41.279082],[36.353471,41.279184],[36.353689,41.279246],[36.355541,41.279777],[36.355808,41.279893],[36.355921,41.2799],[36.35599,41.279893],[36.356421,41.279686],[36.357191,41.279314],[36.357842,41.279038],[36.357883,41.279024],[36.358099,41.27913],[36.358239,41.27912],[36.358297,41.279099],[36.358263,41.279037],[36.358243,41.278982],[36.358147,41.279009],[36.358091,41.278985],[36.358058,41.278958],[36.358051,41.278934],[36.358078,41.278907],[36.358174,41.278941],[36.35826,41.27892],[36.358314,41.278889],[36.358879,41.278647],[36.359715,41.27832],[36.360694,41.277926],[36.361598,41.277512],[36.362419,41.277181],[36.363392,41.276753],[36.364172,41.276401],[36.364898,41.276073],[36.366089,41.275573],[36.36688,41.275221],[36.367517,41.274966],[36.367866,41.274821],[36.367943,41.274791],[36.368094,41.274733],[36.368424,41.274607],[36.368865,41.274427],[36.369113,41.27433],[36.370444,41.274016],[36.371081,41.273929],[36.371054,41.273712],[36.370513,41.273785],[36.370105,41.273896],[36.369671,41.273927],[36.369548,41.2739],[36.369281,41.273904],[36.369178,41.273928],[36.369007,41.274069],[36.368921,41.274107],[36.368623,41.2742],[36.368476,41.274176],[36.368263,41.274085],[36.368102,41.273994],[36.368014,41.273933],[36.367757,41.273627],[36.367706,41.273504],[36.367671,41.273372],[36.367669,41.273363],[36.367655,41.273121],[36.367689,41.273042],[36.36772,41.273008],[36.368397,41.272832],[36.369312,41.272538],[36.370115,41.272299],[36.370777,41.272103],[36.371492,41.271902],[36.372136,41.271674],[36.372533,41.271495],[36.373947,41.270867],[36.374331,41.270712],[36.374461,41.270677],[36.374539,41.270677],[36.374642,41.270708],[36.37546,41.271223],[36.376562,41.271906],[36.377377,41.27242],[36.377651,41.272527],[36.377822,41.272585],[36.378226,41.272646],[36.378603,41.272625],[36.378726,41.272604],[36.380092,41.272307],[36.381078,41.27212],[36.38181,41.271971],[36.38393,41.271531],[36.384399,41.271465],[36.384604,41.271355],[36.384652,41.271258],[36.384659,41.271172],[36.384655,41.271069],[36.384638,41.271017],[36.384164,41.270922],[36.38406,41.270984],[36.383837,41.271101],[36.383789,41.271153],[36.383745,41.271215],[36.38367,41.271253],[36.38268,41.27144],[36.381457,41.271675],[36.38019,41.271909],[36.37927,41.272098],[36.378507,41.272254],[36.37824,41.272264],[36.378062,41.272234],[36.377842,41.272186],[36.377507,41.271976],[36.376419,41.271319],[36.376046,41.271105],[36.375101,41.270514],[36.375142,41.270466],[36.375279,41.270377],[36.376337,41.269663],[36.377183,41.26906],[36.378234,41.268353],[36.379544,41.267492],[36.37961,41.267375],[36.379727,41.267251],[36.379829,41.267185],[36.379925,41.267151],[36.380151,41.267044],[36.38033,41.266877],[36.380391,41.266802],[36.380482,41.266753],[36.380637,41.266713],[36.380788,41.266699],[36.381096,41.26674],[36.381192,41.266819],[36.381361,41.266931],[36.381883,41.267447],[36.382677,41.268323],[36.382835,41.268509],[36.382958,41.268746],[36.38303,41.269011],[36.383067,41.269241],[36.38304,41.269465],[36.382999,41.269623],[36.382944,41.269778],[36.382927,41.269843],[36.382937,41.269909],[36.382982,41.269929],[36.383047,41.269902],[36.383136,41.26975],[36.383242,41.269489],[36.383286,41.269268],[36.383293,41.269107],[36.383218,41.268753],[36.383098,41.268464],[36.382931,41.268237],[36.382653,41.267917],[36.38226,41.267509],[36.381438,41.266664],[36.381182,41.266427],[36.381072,41.266261],[36.381035,41.266134],[36.381011,41.26601],[36.381002,41.265952],[36.380998,41.265926],[36.381018,41.26582],[36.381093,41.265716],[36.381623,41.265313],[36.381674,41.265275],[36.382322,41.26471],[36.383036,41.2641],[36.383298,41.263809],[36.383776,41.263187],[36.383958,41.262882],[36.384247,41.262233],[36.384388,41.261733],[36.384498,41.260966],[36.384582,41.259602],[36.384627,41.258684],[36.384721,41.257543],[36.384858,41.257036],[36.384877,41.256966],[36.384988,41.256639],[36.385021,41.256588],[36.385093,41.256412],[36.385089,41.256319],[36.38484,41.25093],[36.384273,41.246961],[36.384556,41.243062],[36.384981,41.238526],[36.385407,41.235691],[36.386895,41.233068],[36.388738,41.230091],[36.391361,41.22676],[36.393416,41.224067],[36.393905,41.2222],[36.393929,41.220378],[36.394224,41.21894],[36.393884,41.218601],[36.393569,41.218246],[36.393289,41.217876],[36.393043,41.217494],[36.392831,41.2171],[36.392656,41.216696],[36.392531,41.21632],[36.392433,41.215938],[36.392355,41.215551],[36.392292,41.215161],[36.392241,41.214768],[36.392195,41.214325],[36.392123,41.213434],[36.392041,41.212094],[36.392,41.211203],[36.391984,41.210316],[36.391992,41.209875],[36.392018,41.209438],[36.392069,41.209007],[36.392156,41.208581],[36.392283,41.208177],[36.39245,41.207783],[36.392657,41.207402],[36.392906,41.207035],[36.393207,41.206674],[36.394203,41.205623],[36.394452,41.205324],[36.394681,41.205017],[36.394888,41.204702],[36.39507,41.204379],[36.395221,41.204049],[36.395352,41.203664],[36.395441,41.203272],[36.39549,41.202876],[36.3955,41.202478],[36.395466,41.202081],[36.395397,41.201732],[36.395295,41.201386],[36.395164,41.201043],[36.395008,41.200705],[36.394827,41.200372],[36.394617,41.200036],[36.394386,41.199707],[36.394139,41.199382],[36.39361,41.198744],[36.393276,41.19837],[36.392578,41.197636],[36.392216,41.197276],[36.39148,41.196586],[36.390712,41.195917],[36.390316,41.195591],[36.389506,41.194952],[36.388683,41.194322],[36.38537,41.191821],[36.382482,41.189621],[36.38165,41.188999],[36.380803,41.188394],[36.380369,41.188103],[36.379924,41.187826],[36.379464,41.187566],[36.379053,41.187362],[36.378629,41.187174],[36.378194,41.187004],[36.377749,41.186852],[36.377294,41.186719],[36.376829,41.18661],[36.376356,41.186527],[36.375799,41.18646],[36.375884,41.184724],[36.37525,41.182616],[36.375058,41.182107],[36.373783,41.180547],[36.372578,41.178704],[36.370239,41.177287],[36.367545,41.17516],[36.365206,41.17353],[36.363009,41.171049],[36.360316,41.168073],[36.357693,41.165804],[36.356134,41.163253],[36.352235,41.160347],[36.349046,41.158858],[36.347557,41.157299],[36.346282,41.155669],[36.34536,41.152479],[36.344864,41.149644],[36.344226,41.147872],[36.343943,41.144824],[36.344368,41.142981],[36.34692,41.141068],[36.349117,41.139792],[36.352661,41.139721],[36.354574,41.140501],[36.357764,41.141918],[36.359536,41.144186],[36.360954,41.147022],[36.361733,41.149998],[36.361875,41.154039],[36.362584,41.157724],[36.363505,41.159709],[36.365348,41.161623],[36.368041,41.162828],[36.370593,41.162544],[36.374208,41.161268],[36.378319,41.159213],[36.382642,41.155669],[36.385123,41.153684],[36.388384,41.151345],[36.389659,41.149786],[36.390794,41.145817],[36.391928,41.143548],[36.393345,41.140075],[36.393595,41.135883],[36.392984,41.132133],[36.39281,41.128645],[36.391938,41.126028],[36.390542,41.124459],[36.387839,41.123412],[36.38313,41.122366],[36.378071,41.120621],[36.373624,41.120098],[36.37092,41.118877],[36.365165,41.115738],[36.362984,41.113819],[36.359758,41.11129],[36.356444,41.108412],[36.355136,41.106581],[36.354612,41.104575],[36.353915,41.101697],[36.35313,41.099517],[36.352345,41.096988],[36.351996,41.095069],[36.352083,41.093499],[36.352606,41.092366],[36.353827,41.09036],[36.354263,41.088616],[36.355136,41.087744],[36.35592,41.086872],[36.356008,41.086174],[36.357926,41.084691],[36.359758,41.084779],[36.360979,41.085476],[36.362025,41.085127],[36.36281,41.084343],[36.363333,41.083122],[36.364031,41.080593],[36.364421,41.078279],[36.36347,41.077227],[36.36261,41.076276],[36.361776,41.075283],[36.360625,41.073913],[36.358924,41.071361],[36.357412,41.070605],[36.354482,41.070889],[36.350985,41.072023],[36.348339,41.072212],[36.344501,41.071892],[36.343803,41.071834],[36.340684,41.072117],[36.3387,41.072779],[36.335676,41.073063],[36.332368,41.074386],[36.33078,41.075444],[36.3301,41.075898],[36.329092,41.076307],[36.327076,41.077126],[36.325126,41.077683],[36.32443,41.077882],[36.323481,41.077966],[36.321216,41.078166],[36.314696,41.078638],[36.31101,41.08015],[36.308458,41.081001],[36.306096,41.08119],[36.302977,41.080528],[36.30065,41.079784],[36.298252,41.079016],[36.295038,41.077315],[36.291761,41.075773],[36.290219,41.075047],[36.284926,41.073346],[36.281619,41.072117],[36.278406,41.071645],[36.275854,41.072401],[36.272924,41.073441],[36.268955,41.074858],[36.265175,41.075236],[36.262503,41.075442],[36.257191,41.073864],[36.256035,41.072656],[36.253505,41.070013],[36.25271,41.069955],[36.252139,41.069923],[36.2521,41.069922],[36.251484,41.069902],[36.250781,41.069904],[36.250068,41.069938],[36.249381,41.070016],[36.248757,41.070151],[36.248209,41.07036],[36.247771,41.070616],[36.247367,41.070906],[36.246979,41.07122],[36.246605,41.071551],[36.246242,41.071894],[36.245888,41.072247],[36.245542,41.072607],[36.245002,41.073202],[36.244487,41.07381],[36.244241,41.07412],[36.243768,41.074761],[36.24333,41.075415],[36.243124,41.075748],[36.24289,41.076154],[36.242453,41.076976],[36.241839,41.078223],[36.241055,41.079895],[36.240499,41.081155],[36.240208,41.081881],[36.239949,41.082612],[36.239836,41.082981],[36.239728,41.083379],[36.239438,41.08458],[36.239331,41.084978],[36.239219,41.085345],[36.239093,41.085709],[36.238954,41.086069],[36.2388,41.086426],[36.238628,41.086778],[36.238445,41.087112],[36.238329,41.087304],[36.238246,41.087441],[36.238156,41.087579],[36.238035,41.087766],[36.237579,41.088406],[36.237338,41.088719],[36.236836,41.089339],[36.236316,41.089951],[36.235381,41.091018],[36.230975,41.095976],[36.229961,41.097086],[36.228926,41.09817],[36.228571,41.098523],[36.228215,41.098878],[36.227874,41.099199],[36.227491,41.09956],[36.226744,41.100228],[36.226366,41.100551],[36.225574,41.101199],[36.225491,41.101267],[36.225205,41.101501],[36.223227,41.103046],[36.222443,41.103668],[36.221676,41.104304],[36.221302,41.10463],[36.220938,41.104961],[36.220587,41.105299],[36.220306,41.105588],[36.220036,41.105882],[36.219778,41.106182],[36.219531,41.106486],[36.219298,41.106797],[36.219069,41.107129],[36.218856,41.107467],[36.218657,41.10781],[36.218472,41.108158],[36.218303,41.10851],[36.218128,41.108922],[36.21797,41.109339],[36.217824,41.109759],[36.217426,41.11103],[36.216567,41.114014],[36.216297,41.115009],[36.21622,41.115294],[36.216063,41.115944],[36.216013,41.11615],[36.215934,41.116528],[36.215803,41.117286],[36.215754,41.117667],[36.215717,41.118048],[36.215695,41.11845],[36.215686,41.119256],[36.215735,41.121677],[36.215742,41.122487],[36.215723,41.123703],[36.21569,41.124237],[36.215673,41.124504],[36.215645,41.124748],[36.215583,41.125293],[36.21552,41.125686],[36.215441,41.126076],[36.215345,41.126461],[36.215231,41.126844],[36.215099,41.127222],[36.214948,41.127594],[36.214775,41.127961],[36.214616,41.128251],[36.214588,41.128302],[36.214554,41.128356],[36.214379,41.128636],[36.214149,41.128962],[36.213982,41.129172],[36.213898,41.129277],[36.213845,41.129335],[36.213624,41.129581],[36.213291,41.129901],[36.212933,41.130207],[36.212554,41.1305],[36.212157,41.130782],[36.211747,41.131055],[36.21073,41.131698],[36.210485,41.131852],[36.210207,41.132037],[36.210066,41.132131],[36.209657,41.132417],[36.20926,41.132712],[36.20888,41.133018],[36.208497,41.133355],[36.208136,41.133705],[36.207799,41.134067],[36.207488,41.134442],[36.207321,41.134669],[36.207253,41.13476],[36.207203,41.134836],[36.207036,41.135087],[36.206865,41.135366],[36.206833,41.135419],[36.206646,41.135759],[36.206459,41.136098],[36.206254,41.136506],[36.205869,41.137331],[36.205595,41.137955],[36.205321,41.138579],[36.204583,41.140294],[36.203527,41.142748],[36.20043,41.14988],[36.200589,41.150613],[36.202093,41.157523],[36.201716,41.165268],[36.201874,41.174368],[36.201687,41.180969],[36.204199,41.18686],[36.210025,41.192718],[36.211872,41.194975],[36.212249,41.199294],[36.21026,41.20614],[36.208853,41.211843],[36.208945,41.217075],[36.211141,41.222059],[36.213318,41.225905],[36.217585,41.228592],[36.22515,41.230336],[36.2336,41.230933],[36.234735,41.230922],[36.244374,41.241072],[36.252107,41.249043],[36.255319,41.249519],[36.257342,41.246366],[36.261328,41.24244],[36.26109,41.241369],[36.262934,41.240537],[36.263707,41.239942],[36.263707,41.239049],[36.263053,41.238098],[36.262993,41.237205],[36.263469,41.236135],[36.263469,41.235599],[36.26335,41.235064],[36.26448,41.235421],[36.265075,41.235064],[36.265849,41.235302],[36.267098,41.235956],[36.267553,41.235396],[36.271143,41.231733],[36.273165,41.231733],[36.274355,41.233101],[36.275247,41.233101],[36.275069,41.234469],[36.273998,41.23554],[36.274117,41.236016],[36.275069,41.235421],[36.275723,41.235242],[36.276199,41.235064],[36.278222,41.235004],[36.278043,41.236313],[36.280006,41.23667],[36.28078,41.235064],[36.28185,41.234766],[36.282445,41.235897],[36.282267,41.23661],[36.282207,41.237622],[36.282326,41.238336],[36.28185,41.239406],[36.282207,41.24012],[36.282954,41.241514],[36.299889,41.247422],[36.303111,41.248538],[36.327958,41.257065],[36.331214,41.25816],[36.334645,41.259269],[36.335615,41.25959],[36.336571,41.259927],[36.337039,41.260106],[36.337496,41.260296],[36.337944,41.260501],[36.338376,41.260722],[36.338787,41.260961],[36.339173,41.26122],[36.339563,41.261531],[36.339924,41.261864],[36.340264,41.262214],[36.34059,41.262575],[36.340905,41.262945],[36.341817,41.26408],[36.344195,41.267147],[36.34537,41.268685],[36.345936,41.269461],[36.346208,41.269853],[36.346703,41.270617],[36.347175,41.27139],[36.34856,41.273718],[36.349046,41.274484],[36.349331,41.274893],[36.349655,41.275323],[36.350392,41.276234],[36.351139,41.277106],[36.352634,41.278941]]]}},{"type":"Feature","properties":{"id":"TR-D-55-008","parent_id":"TR-P-55","region_id":"TR-R-KAR","level":"district","municipality_type":null,"municipality_type_label":null,"is_metropolitan_municipality":null,"name":"Çarşamba","name_ascii":"carsamba","slug":"carsamba-samsun"},"geometry":{"type":"Polygon","coordinates":[[[36.5162,41.261337],[36.516491,41.261475],[36.516544,41.261535],[36.516701,41.261615],[36.516968,41.261692],[36.517091,41.261779],[36.517274,41.261857],[36.517424,41.261957],[36.517496,41.262035],[36.51764,41.262102],[36.517818,41.262135],[36.518045,41.262224],[36.51819,41.26233],[36.518295,41.262391],[36.518606,41.262452],[36.518883,41.262569],[36.518994,41.262635],[36.519039,41.262708],[36.519133,41.262819],[36.519266,41.262897],[36.519444,41.262947],[36.51971,41.263058],[36.519799,41.263108],[36.51991,41.263197],[36.520715,41.263637],[36.520848,41.26367],[36.521841,41.26421],[36.522329,41.264538],[36.52259,41.264577],[36.523836,41.265243],[36.525404,41.266012],[36.52567,41.266145],[36.526796,41.266735],[36.527623,41.267018],[36.528084,41.267246],[36.528278,41.267313],[36.528478,41.267418],[36.52865,41.267541],[36.529332,41.267768],[36.529532,41.267835],[36.529709,41.267957],[36.529987,41.26808],[36.530242,41.268224],[36.530547,41.268347],[36.531047,41.268446],[36.531652,41.268657],[36.532123,41.268886],[36.53244,41.269125],[36.533,41.269425],[36.533821,41.269736],[36.534071,41.269876],[36.534781,41.270226],[36.534926,41.270315],[36.535331,41.270437],[36.535486,41.270526],[36.535647,41.270576],[36.535791,41.270648],[36.535958,41.270765],[36.536368,41.27092],[36.536457,41.270954],[36.536668,41.27106],[36.536808,41.271158],[36.53704,41.271321],[36.537362,41.271477],[36.537409,41.271492],[36.537695,41.271582],[36.539148,41.272395],[36.539298,41.272456],[36.539443,41.272584],[36.540475,41.273257],[36.541662,41.273802],[36.542034,41.274036],[36.542273,41.27427],[36.542578,41.274381],[36.542977,41.274587],[36.543182,41.27477],[36.543343,41.27482],[36.54341,41.274893],[36.543615,41.275043],[36.543865,41.275126],[36.544098,41.275265],[36.544542,41.275605],[36.544858,41.275744],[36.545446,41.276184],[36.545602,41.276261],[36.545647,41.276305],[36.545818,41.276473],[36.546018,41.276551],[36.546193,41.276644],[36.546247,41.276681],[36.546552,41.276844],[36.546606,41.27692],[36.546719,41.276991],[36.546827,41.27702],[36.546952,41.277113],[36.547136,41.277313],[36.547207,41.277414],[36.547274,41.277464],[36.547411,41.277531],[36.547687,41.277623],[36.547942,41.27777],[36.548288,41.278021],[36.548505,41.278125],[36.548668,41.278268],[36.549194,41.278498],[36.549415,41.278544],[36.54954,41.278602],[36.549632,41.278661],[36.549803,41.278746],[36.55118,41.27943],[36.552115,41.280058],[36.552871,41.28038],[36.553172,41.280552],[36.553424,41.280713],[36.553793,41.28095],[36.55404,41.281193],[36.554515,41.281494],[36.555621,41.281975],[36.555789,41.282084],[36.555868,41.282184],[36.555889,41.282285],[36.555872,41.282335],[36.55588,41.28236],[36.556014,41.282427],[36.556198,41.282544],[36.556381,41.282687],[36.556728,41.283022],[36.557011,41.283156],[36.557086,41.283206],[36.557182,41.283298],[36.557316,41.283474],[36.55737,41.28352],[36.557763,41.283687],[36.557904,41.28378],[36.558172,41.283997],[36.558272,41.284081],[36.558405,41.28416],[36.558689,41.284298],[36.558806,41.284374],[36.558915,41.284474],[36.559048,41.284697],[36.559399,41.285053],[36.560138,41.285597],[36.560288,41.285748],[36.5604,41.285773],[36.560414,41.285851],[36.56064,41.286041],[36.560771,41.286259],[36.560816,41.286409],[36.561002,41.286595],[36.562024,41.287171],[36.562743,41.287738],[36.562788,41.287838],[36.563091,41.288133],[36.563326,41.288241],[36.563448,41.288368],[36.563493,41.288446],[36.563819,41.288659],[36.564027,41.288877],[36.564642,41.28933],[36.566564,41.291873],[36.569247,41.295821],[36.569878,41.297344],[36.570863,41.299725],[36.571942,41.303634],[36.57359,41.310964],[36.576117,41.314876],[36.577832,41.316726],[36.578744,41.317828],[36.583114,41.321894],[36.586158,41.324562],[36.590449,41.327747],[36.59347,41.330369],[36.59743,41.333336],[36.604049,41.337406],[36.605715,41.33843],[36.608705,41.342],[36.611083,41.345909],[36.609816,41.34957],[36.609661,41.350019],[36.60779,41.353558],[36.606061,41.357783],[36.605703,41.361788],[36.606414,41.365453],[36.608798,41.368903],[36.612256,41.371677],[36.616797,41.373078],[36.622109,41.373684],[36.627434,41.37326],[36.630516,41.372493],[36.63265,41.371962],[36.637348,41.370577],[36.641808,41.367877],[36.645922,41.365709],[36.65078,41.366085],[36.655629,41.367144],[36.661246,41.367637],[36.666376,41.366661],[36.671297,41.365983],[36.676612,41.366241],[36.686063,41.368322],[36.686767,41.368477],[36.692389,41.369017],[36.702307,41.369492],[36.707424,41.369402],[36.726419,41.368143],[36.739644,41.366471],[36.753135,41.364514],[36.768203,41.362158],[36.774587,41.361512],[36.787109,41.359935],[36.800695,41.358225],[36.805654,41.357275],[36.810595,41.356907],[36.815454,41.35716],[36.818738,41.35617],[36.818557,41.354043],[36.816876,41.351885],[36.810344,41.346286],[36.81082,41.333973],[36.814988,41.329677],[36.81552,41.328797],[36.816531,41.325169],[36.815579,41.320886],[36.810761,41.317971],[36.807331,41.316871],[36.801302,41.314164],[36.797138,41.310654],[36.79458,41.303218],[36.790714,41.297151],[36.785895,41.284004],[36.786966,41.279245],[36.787918,41.277639],[36.789894,41.272158],[36.791734,41.261118],[36.792539,41.250997],[36.793114,41.244327],[36.793919,41.239612],[36.796449,41.236737],[36.798404,41.234092],[36.802889,41.231447],[36.808639,41.232482],[36.816114,41.233057],[36.81945,41.232942],[36.822555,41.231217],[36.82267,41.228917],[36.82198,41.227422],[36.820025,41.224432],[36.818645,41.220521],[36.8183,41.214541],[36.815539,41.207526],[36.813239,41.201891],[36.812664,41.197061],[36.815194,41.195681],[36.820715,41.19407],[36.824855,41.195796],[36.82796,41.198211],[36.833825,41.201891],[36.836585,41.203501],[36.84038,41.203501],[36.84498,41.202811],[36.847281,41.200511],[36.849926,41.193265],[36.851536,41.187515],[36.851649,41.178666],[36.844889,41.179489],[36.839064,41.17968],[36.830662,41.176816],[36.828199,41.175156],[36.821877,41.170896],[36.814298,41.165328],[36.811088,41.16297],[36.808481,41.160168],[36.803449,41.154759],[36.800514,41.151367],[36.799152,41.149794],[36.795592,41.146002],[36.7918,41.141964],[36.778814,41.129169],[36.766974,41.122581],[36.764916,41.120724],[36.762104,41.118188],[36.758381,41.115582],[36.756375,41.114178],[36.752079,41.107494],[36.749883,41.102816],[36.748529,41.097572],[36.748355,41.096896],[36.747782,41.090976],[36.747869,41.088939],[36.748068,41.084292],[36.7474,41.079136],[36.74635,41.071592],[36.745952,41.069783],[36.745299,41.066818],[36.742721,41.060516],[36.7414,41.057556],[36.740334,41.055169],[36.739729,41.05396],[36.73852,41.051541],[36.737947,41.048199],[36.738043,41.044952],[36.738043,41.042374],[36.736037,41.040465],[36.735273,41.038459],[36.735266,41.03836],[36.735083,41.035977],[36.735178,41.032921],[36.734701,41.029388],[36.733746,41.025951],[36.734319,41.023182],[36.733459,41.021559],[36.732623,41.019794],[36.731741,41.01793],[36.730595,41.016212],[36.729108,41.013552],[36.728781,41.012965],[36.728462,41.012201],[36.727826,41.010674],[36.726871,41.008573],[36.726871,41.00609],[36.726871,41.004372],[36.727348,41.002557],[36.727221,41.001221],[36.727157,41.000552],[36.726107,40.997974],[36.724388,40.995205],[36.724249,40.995032],[36.722861,40.993296],[36.722022,40.992177],[36.719294,40.993465],[36.716589,40.996062],[36.711612,40.999632],[36.709124,41.00158],[36.701442,41.004285],[36.698737,41.005258],[36.695708,41.009153],[36.693003,41.012075],[36.690406,41.013589],[36.687052,41.015104],[36.683157,41.01835],[36.682508,41.023002],[36.682508,41.026897],[36.685862,41.037392],[36.689865,41.043776],[36.690695,41.045543],[36.692354,41.049077],[36.693328,41.055677],[36.693325,41.055728],[36.693219,41.057516],[36.692137,41.060005],[36.691056,41.062385],[36.688459,41.065198],[36.686295,41.068444],[36.685429,41.072663],[36.684672,41.07407],[36.681102,41.077099],[36.676774,41.080129],[36.675662,41.080979],[36.674935,41.081535],[36.674069,41.082401],[36.672338,41.084132],[36.670066,41.084673],[36.667361,41.084781],[36.66444,41.084781],[36.661843,41.085539],[36.658164,41.08608],[36.654919,41.086296],[36.653187,41.084024],[36.650915,41.082942],[36.648535,41.081644],[36.646479,41.080453],[36.642801,41.079047],[36.637283,41.076667],[36.633712,41.073637],[36.62668,41.072447],[36.621811,41.071798],[36.616077,41.070608],[36.610775,41.068877],[36.60807,41.067362],[36.607529,41.066628],[36.606556,41.065306],[36.604679,41.064949],[36.604284,41.064873],[36.603418,41.0647],[36.60212,41.064441],[36.59909,41.06271],[36.59671,41.061195],[36.595736,41.058274],[36.595844,41.055785],[36.597143,41.052107],[36.598549,41.049185],[36.598441,41.046697],[36.598177,41.04529],[36.598116,41.044966],[36.596602,41.044425],[36.593789,41.043884],[36.590651,41.043235],[36.58892,41.040638],[36.587081,41.038799],[36.586537,41.038371],[36.585566,41.037608],[36.584754,41.03755],[36.584051,41.0375],[36.581346,41.037608],[36.579291,41.0375],[36.577451,41.035877],[36.574097,41.034687],[36.572929,41.033908],[36.57215,41.033389],[36.569774,41.03122],[36.569661,41.031117],[36.567714,41.02971],[36.567085,41.028933],[36.565874,41.027438],[36.565658,41.023651],[36.565766,41.021487],[36.565651,41.020939],[36.565334,41.019432],[36.563494,41.018458],[36.561222,41.015861],[36.557435,41.013265],[36.556245,41.011425],[36.55473,41.009261],[36.55271,41.007711],[36.550078,41.005691],[36.545426,41.00396],[36.541531,41.002869],[36.540016,41.002445],[36.535905,41.002337],[36.532875,41.002445],[36.530495,41.004285],[36.528115,41.005799],[36.525951,41.007206],[36.522921,41.007963],[36.518485,41.008721],[36.514829,41.009541],[36.513184,41.009911],[36.508531,41.010884],[36.502797,41.013373],[36.499447,41.01388],[36.499227,41.013914],[36.497387,41.013589],[36.495656,41.013177],[36.495115,41.013048],[36.494633,41.012989],[36.490679,41.012507],[36.489381,41.011966],[36.488083,41.011425],[36.48697,41.010498],[36.486784,41.010343],[36.486986,41.008998],[36.487109,41.00818],[36.486352,41.005475],[36.486035,41.004434],[36.485594,41.002986],[36.484837,41.000931],[36.484343,40.997871],[36.484296,40.997576],[36.484296,40.996386],[36.484837,40.993357],[36.488407,40.989895],[36.490463,40.988055],[36.491004,40.986108],[36.491978,40.982537],[36.492843,40.978534],[36.493168,40.975613],[36.492194,40.975288],[36.489027,40.974157],[36.48765,40.973666],[36.48587,40.972307],[36.483538,40.970528],[36.482565,40.96858],[36.481591,40.966633],[36.478021,40.962413],[36.4742,40.959492],[36.472503,40.958194],[36.470014,40.956463],[36.467526,40.954731],[36.463847,40.951702],[36.459087,40.949538],[36.456923,40.949646],[36.455624,40.950404],[36.454218,40.952243],[36.451729,40.954407],[36.449349,40.956138],[36.447402,40.958626],[36.444913,40.961764],[36.4421,40.964685],[36.440369,40.967066],[36.438421,40.968472],[36.4355,40.970934],[36.434526,40.972665],[36.433228,40.975478],[36.432771,40.976555],[36.432385,40.977466],[36.431713,40.979048],[36.430956,40.981969],[36.43009,40.984566],[36.429982,40.987271],[36.429991,40.987462],[36.43009,40.989759],[36.432903,40.992032],[36.435825,40.992789],[36.437556,40.993546],[36.43972,40.99452],[36.441667,40.995927],[36.443615,40.997117],[36.445129,40.99874],[36.446536,41.000038],[36.447293,41.002635],[36.447618,41.004149],[36.447807,41.004717],[36.448375,41.006421],[36.446644,41.008477],[36.444913,41.009992],[36.440477,41.011507],[36.437664,41.012805],[36.434635,41.013995],[36.432795,41.01551],[36.432525,41.015709],[36.43074,41.017024],[36.428467,41.018756],[36.425979,41.020595],[36.424032,41.022001],[36.419489,41.024776],[36.416911,41.026409],[36.416411,41.026726],[36.414546,41.028077],[36.412536,41.030229],[36.410119,41.032928],[36.409494,41.033971],[36.409103,41.034622],[36.408865,41.035644],[36.408388,41.037688],[36.407816,41.040055],[36.407746,41.040342],[36.407875,41.041076],[36.407984,41.041699],[36.408952,41.043338],[36.410523,41.045638],[36.41155,41.047308],[36.412578,41.048183],[36.414724,41.048809],[36.417874,41.048533],[36.421563,41.047351],[36.424759,41.046869],[36.427709,41.04707],[36.431129,41.047987],[36.435246,41.04842],[36.442717,41.04922],[36.446487,41.049927],[36.451621,41.050889],[36.454867,41.052404],[36.459736,41.054676],[36.463307,41.055265],[36.468244,41.058299],[36.475204,41.065616],[36.476275,41.067995],[36.480379,41.070137],[36.484547,41.071879],[36.485199,41.071566],[36.494775,41.071743],[36.500843,41.072576],[36.50584,41.074777],[36.52083,41.08138],[36.525587,41.083678],[36.535166,41.088221],[36.544208,41.092206],[36.555451,41.097322],[36.564731,41.101546],[36.571283,41.104842],[36.572353,41.105292],[36.57307,41.10571],[36.577613,41.109177],[36.57845,41.110791],[36.579287,41.112226],[36.580183,41.11378],[36.580064,41.114616],[36.578868,41.115931],[36.576178,41.117426],[36.572712,41.119338],[36.571516,41.121132],[36.571994,41.122746],[36.573309,41.124359],[36.575879,41.124957],[36.581319,41.125376],[36.584367,41.125794],[36.586878,41.126571],[36.587954,41.128364],[36.589328,41.131413],[36.589926,41.13464],[36.590105,41.140737],[36.590046,41.144682],[36.590225,41.149165],[36.590105,41.155322],[36.590584,41.164048],[36.589508,41.16883],[36.585622,41.175405],[36.577075,41.182757],[36.572771,41.185029],[36.562431,41.188615],[36.556274,41.191902],[36.550416,41.198657],[36.54946,41.201526],[36.549221,41.20308],[36.549221,41.203797],[36.549759,41.204216],[36.550895,41.204574],[36.552269,41.20571],[36.553704,41.205889],[36.55478,41.206128],[36.556155,41.206367],[36.556991,41.206487],[36.557709,41.206367],[36.559024,41.206846],[36.559562,41.206965],[36.560817,41.206965],[36.561534,41.206905],[36.562192,41.206905],[36.563507,41.207802],[36.568199,41.208101],[36.57306,41.208579],[36.574096,41.209456],[36.574893,41.211289],[36.575053,41.212723],[36.574734,41.215194],[36.574017,41.215831],[36.568677,41.217107],[36.558555,41.219497],[36.547318,41.221888],[36.535921,41.224439],[36.533521,41.227029],[36.53358,41.229181],[36.534118,41.23456],[36.534597,41.23725],[36.533939,41.240896],[36.533461,41.243287],[36.532983,41.244363],[36.53107,41.246634],[36.530532,41.247172],[36.529874,41.247292],[36.528978,41.247172],[36.527663,41.247351],[36.526109,41.248188],[36.523837,41.249981],[36.520311,41.254524],[36.519534,41.255779],[36.518757,41.257035],[36.51786,41.258708],[36.516375,41.260961],[36.5162,41.261337]]]}},{"type":"Feature","properties":{"id":"TR-D-55-009","parent_id":"TR-P-55","region_id":"TR-R-KAR","level":"district","municipality_type":null,"municipality_type_label":null,"is_metropolitan_municipality":null,"name":"Havza","name_ascii":"havza","slug":"havza-samsun"},"geometry":{"type":"Polygon","coordinates":[[[35.858196,40.998533],[35.845737,40.997599],[35.838185,40.996898],[35.82596,40.997054],[35.82339,40.996976],[35.819264,40.995107],[35.81685,40.992849],[35.813657,40.990435],[35.810076,40.988255],[35.806572,40.986464],[35.799642,40.984128],[35.793257,40.982882],[35.788351,40.981948],[35.785548,40.981247],[35.782901,40.980157],[35.780176,40.979067],[35.778696,40.977743],[35.778151,40.976809],[35.777918,40.973928],[35.777996,40.97019],[35.779475,40.96692],[35.783446,40.963261],[35.787106,40.958355],[35.79061,40.953995],[35.793646,40.950491],[35.795126,40.947143],[35.795904,40.944573],[35.795982,40.942081],[35.795515,40.937955],[35.794736,40.936475],[35.792089,40.934918],[35.787573,40.93266],[35.782823,40.929467],[35.778307,40.927599],[35.775582,40.927054],[35.771766,40.927287],[35.760243,40.926664],[35.754948,40.926119],[35.748485,40.926431],[35.738596,40.928144],[35.735015,40.928689],[35.731588,40.928066],[35.727384,40.927677],[35.723491,40.926664],[35.718974,40.924251],[35.715003,40.920513],[35.711967,40.916698],[35.709787,40.913038],[35.707295,40.907043],[35.706205,40.903461],[35.705738,40.900113],[35.705738,40.896998],[35.706516,40.89365],[35.70784,40.890613],[35.710332,40.888044],[35.713758,40.885318],[35.717184,40.882905],[35.721077,40.879167],[35.722323,40.877376],[35.722556,40.874885],[35.722011,40.872782],[35.720087,40.867606],[35.716535,40.866602],[35.710551,40.865719],[35.704273,40.865523],[35.698191,40.86464],[35.694659,40.865033],[35.690333,40.867093],[35.681406,40.871507],[35.676991,40.874843],[35.674146,40.877393],[35.668162,40.8822],[35.664434,40.885339],[35.660608,40.889656],[35.656096,40.892991],[35.651485,40.895934],[35.646874,40.898779],[35.642754,40.900545],[35.634317,40.902115],[35.633668,40.90309],[35.633288,40.903851],[35.632907,40.905184],[35.632716,40.907563],[35.631955,40.909372],[35.631098,40.910894],[35.629766,40.912227],[35.628338,40.914321],[35.627941,40.916339],[35.627647,40.919675],[35.628235,40.922716],[35.627745,40.928896],[35.625783,40.932526],[35.623821,40.935469],[35.62284,40.937136],[35.62078,40.937627],[35.618916,40.937921],[35.616463,40.937823],[35.614501,40.937725],[35.611362,40.937431],[35.606437,40.937136],[35.601925,40.937725],[35.598099,40.939589],[35.594175,40.939785],[35.591036,40.939589],[35.587995,40.939295],[35.584267,40.939098],[35.579362,40.939981],[35.576222,40.940079],[35.572691,40.940962],[35.57014,40.940766],[35.566118,40.939197],[35.562783,40.937627],[35.559349,40.935567],[35.554248,40.933311],[35.549814,40.931839],[35.548048,40.93125],[35.545399,40.929877],[35.543241,40.929681],[35.539611,40.930858],[35.536767,40.932428],[35.534706,40.932624],[35.532254,40.932231],[35.528134,40.931349],[35.525485,40.930956],[35.521757,40.931545],[35.519697,40.932624],[35.516852,40.934782],[35.515675,40.93645],[35.514007,40.938019],[35.511653,40.938902],[35.507631,40.939373],[35.501058,40.94055],[35.497036,40.942218],[35.49321,40.943984],[35.490267,40.945161],[35.487128,40.947123],[35.483694,40.949772],[35.481732,40.952126],[35.478789,40.955167],[35.474473,40.957659],[35.472217,40.960112],[35.468881,40.963839],[35.466232,40.967371],[35.463976,40.970216],[35.462603,40.973355],[35.462603,40.977083],[35.463191,40.980516],[35.462603,40.983067],[35.461425,40.985225],[35.46172,40.987285],[35.46378,40.989051],[35.465742,40.991307],[35.468587,40.993073],[35.471137,40.995231],[35.471922,40.997782],[35.471824,41.001314],[35.47153,41.005238],[35.471628,41.008181],[35.471334,41.009946],[35.469862,41.011124],[35.467802,41.012105],[35.464761,41.012595],[35.460131,41.012281],[35.458659,41.012674],[35.461935,41.014579],[35.467625,41.01738],[35.472878,41.021057],[35.477517,41.023945],[35.482594,41.026922],[35.487496,41.030861],[35.490035,41.033575],[35.49126,41.034888],[35.495112,41.036638],[35.498701,41.038827],[35.502815,41.039965],[35.509643,41.041628],[35.514983,41.041365],[35.521724,41.041278],[35.529864,41.040665],[35.531448,41.04071],[35.537554,41.041086],[35.541845,41.042339],[35.542927,41.042129],[35.544048,41.041925],[35.545174,41.041742],[35.545667,41.041674],[35.546656,41.041555],[35.54765,41.041457],[35.548149,41.041416],[35.548646,41.041382],[35.549644,41.041328],[35.551143,41.041271],[35.553426,41.041224],[35.559706,41.041141],[35.561417,41.041139],[35.562554,41.041164],[35.563122,41.04119],[35.563696,41.04123],[35.56427,41.04128],[35.564843,41.041338],[35.565986,41.04147],[35.567701,41.041685],[35.57227,41.04228],[35.574972,41.042646],[35.575959,41.042794],[35.576942,41.042956],[35.57749,41.043058],[35.578582,41.043276],[35.580214,41.043627],[35.581841,41.043995],[35.582919,41.044253],[35.583986,41.044532],[35.584512,41.044685],[35.585033,41.044851],[35.585547,41.045029],[35.586054,41.045216],[35.586554,41.045413],[35.587044,41.04562],[35.587536,41.045845],[35.588013,41.046084],[35.58847,41.04634],[35.588901,41.046619],[35.589305,41.046927],[35.589682,41.047256],[35.590041,41.047601],[35.590386,41.047957],[35.590722,41.048321],[35.5917,41.049436],[35.5933,41.051319],[35.594567,41.052828],[35.595184,41.053589],[35.59577,41.054361],[35.596045,41.054754],[35.596267,41.055096],[35.596683,41.05579],[35.597477,41.057185],[35.598086,41.058219],[35.598512,41.058896],[35.598962,41.059563],[35.5992,41.059891],[35.59944,41.060202],[35.599949,41.060812],[35.600495,41.061403],[35.600842,41.061748],[35.601202,41.062087],[35.601573,41.062419],[35.601952,41.062746],[35.602722,41.06337],[35.603519,41.063975],[35.604334,41.064551],[35.60475,41.064829],[35.605174,41.065098],[35.605605,41.065358],[35.606046,41.065603],[35.606501,41.065831],[35.606972,41.066035],[35.607485,41.066219],[35.608014,41.066382],[35.60909,41.066685],[35.609625,41.066846],[35.610157,41.067027],[35.610676,41.067228],[35.611177,41.06745],[35.611656,41.067693],[35.612105,41.067964],[35.612518,41.068265],[35.612898,41.068592],[35.613248,41.068941],[35.613569,41.069307],[35.613814,41.069627],[35.614038,41.069955],[35.614242,41.070293],[35.614424,41.070637],[35.614584,41.070989],[35.614723,41.071365],[35.614836,41.071747],[35.614928,41.072134],[35.614999,41.072524],[35.61505,41.072917],[35.615079,41.073317],[35.61509,41.073719],[35.615084,41.074121],[35.615063,41.074522],[35.615027,41.074921],[35.614973,41.075319],[35.614899,41.075713],[35.614805,41.0761],[35.614683,41.076479],[35.614528,41.076845],[35.61435,41.077169],[35.614138,41.077479],[35.613895,41.077771],[35.613619,41.078043],[35.613308,41.07829],[35.612907,41.078538],[35.612467,41.078756],[35.611998,41.078951],[35.611509,41.079129],[35.611004,41.079294],[35.610489,41.079448],[35.609966,41.079592],[35.609437,41.079729],[35.608904,41.079856],[35.608368,41.079974],[35.607829,41.080081],[35.606389,41.080331],[35.605919,41.080423],[35.60546,41.080529],[35.605018,41.080658],[35.604592,41.080819],[35.604186,41.081006],[35.6038,41.081217],[35.603434,41.081448],[35.603091,41.0817],[35.602776,41.081972],[35.602465,41.082293],[35.602184,41.082632],[35.601925,41.082987],[35.601683,41.083352],[35.601456,41.083725],[35.601241,41.084104],[35.601039,41.084487],[35.600849,41.084874],[35.600676,41.085266],[35.600534,41.085624],[35.60041,41.085986],[35.600304,41.086349],[35.60022,41.086715],[35.600162,41.087082],[35.600134,41.087478],[35.600136,41.087875],[35.600165,41.088273],[35.600218,41.08867],[35.600294,41.089066],[35.600403,41.089493],[35.600533,41.089918],[35.600678,41.090342],[35.600995,41.091185],[35.601332,41.092026],[35.601852,41.093284],[35.602206,41.09412],[35.602575,41.09495],[35.602973,41.09577],[35.603192,41.096173],[35.603417,41.096554],[35.603657,41.096931],[35.603905,41.097304],[35.604423,41.098045],[35.604957,41.09878],[35.605776,41.099875],[35.606617,41.100961],[35.607212,41.101691],[35.607819,41.102415],[35.60906,41.103851],[35.609698,41.104559],[35.610025,41.10491],[35.610358,41.105256],[35.611057,41.105944],[35.612839,41.107638],[35.613181,41.107981],[35.61351,41.108329],[35.61382,41.108684],[35.614103,41.109047],[35.614348,41.109422],[35.614529,41.10977],[35.614677,41.110128],[35.614795,41.110494],[35.614886,41.110866],[35.61495,41.111243],[35.61499,41.111636],[35.61501,41.112032],[35.615037,41.113231],[35.615062,41.113665],[35.615099,41.114099],[35.615204,41.114966],[35.615347,41.115829],[35.615531,41.116679],[35.61564,41.117095],[35.615962,41.118196],[35.616038,41.118542],[35.616076,41.118872],[35.616056,41.119184],[35.616795,41.119699],[35.617668,41.119758],[35.618288,41.119794],[35.618987,41.119822],[35.619717,41.119829],[35.620434,41.119805],[35.621088,41.119738],[35.621632,41.119614],[35.622015,41.119423],[35.623417,41.122159],[35.623605,41.122577],[35.623836,41.123049],[35.624077,41.123495],[35.624312,41.123881],[35.624542,41.124218],[35.62478,41.124536],[35.62503,41.12485],[35.625293,41.125157],[35.625615,41.125506],[35.625952,41.125849],[35.626298,41.126186],[35.627009,41.126854],[35.631008,41.130486],[35.632116,41.131463],[35.632493,41.13178],[35.632877,41.132088],[35.633271,41.132385],[35.633679,41.132667],[35.634106,41.132928],[35.634527,41.133148],[35.634966,41.133346],[35.635422,41.133521],[35.635893,41.133674],[35.636355,41.133796],[35.636828,41.133899],[35.637309,41.133989],[35.638287,41.134139],[35.638781,41.134204],[35.63921,41.134254],[35.641147,41.138089],[35.6427,41.141333],[35.644626,41.145448],[35.647427,41.152188],[35.647953,41.153676],[35.649353,41.154989],[35.652855,41.157965],[35.658982,41.159103],[35.664497,41.160592],[35.669749,41.16208],[35.673251,41.164093],[35.676752,41.16917],[35.679291,41.175298],[35.679554,41.177311],[35.679554,41.178799],[35.67789,41.182739],[35.675264,41.186415],[35.673514,41.188954],[35.67115,41.194469],[35.670275,41.198758],[35.667999,41.20436],[35.667649,41.207337],[35.667211,41.210488],[35.665985,41.212676],[35.664497,41.214515],[35.663972,41.216003],[35.663447,41.223706],[35.663447,41.227645],[35.664585,41.233948],[35.66546,41.240688],[35.666598,41.24349],[35.669924,41.246378],[35.673076,41.248217],[35.676665,41.250405],[35.67754,41.251193],[35.678065,41.253469],[35.678853,41.256095],[35.679379,41.260559],[35.678853,41.264849],[35.67684,41.272202],[35.675264,41.275878],[35.679028,41.27474],[35.684893,41.272464],[35.691809,41.269488],[35.700388,41.26835],[35.704764,41.267502],[35.709041,41.265907],[35.711013,41.263623],[35.711532,41.260612],[35.712363,41.258536],[35.712559,41.258443],[35.714128,41.257705],[35.716931,41.257705],[35.718904,41.257809],[35.720461,41.256355],[35.723472,41.254902],[35.724979,41.254802],[35.726586,41.254694],[35.729493,41.253656],[35.732919,41.252099],[35.736241,41.25158],[35.736449,41.251592],[35.739771,41.251787],[35.741951,41.250853],[35.743924,41.248984],[35.745481,41.246077],[35.746897,41.243162],[35.747246,41.242444],[35.74762,41.241198],[35.748492,41.238291],[35.749115,41.23445],[35.750257,41.231231],[35.75223,41.227598],[35.753994,41.22604],[35.755759,41.224379],[35.75742,41.224379],[35.761573,41.226456],[35.766764,41.228221],[35.778392,41.233308],[35.77974,41.234036],[35.782233,41.235384],[35.783993,41.23747],[35.785036,41.238706],[35.785846,41.241136],[35.786386,41.242755],[35.789812,41.251061],[35.790182,41.252144],[35.791265,41.255317],[35.792237,41.257423],[35.793134,41.259366],[35.793824,41.260786],[35.794899,41.263],[35.797079,41.266011],[35.799882,41.268814],[35.802686,41.272447],[35.805073,41.27525],[35.808603,41.277431],[35.812964,41.279715],[35.81396,41.279964],[35.817947,41.280961],[35.819247,41.28106],[35.820646,41.281168],[35.821684,41.280563],[35.823138,41.279715],[35.826045,41.277327],[35.827498,41.276496],[35.828952,41.275666],[35.829229,41.275008],[35.829782,41.273693],[35.831236,41.270475],[35.834454,41.267879],[35.835804,41.266322],[35.835993,41.264521],[35.836011,41.264349],[35.835492,41.261443],[35.835596,41.259159],[35.83788,41.254694],[35.839437,41.252514],[35.842033,41.248673],[35.845459,41.245039],[35.851584,41.243067],[35.860409,41.242028],[35.867572,41.240056],[35.869545,41.240056],[35.873594,41.239329],[35.878785,41.238395],[35.881899,41.239121],[35.88626,41.241925],[35.889686,41.245143],[35.890289,41.246117],[35.891035,41.247323],[35.893008,41.249503],[35.894485,41.250611],[35.894669,41.250749],[35.89851,41.25376],[35.900068,41.255058],[35.901002,41.255836],[35.9023,41.257394],[35.902559,41.257705],[35.902784,41.257895],[35.905259,41.259989],[35.906789,41.260781],[35.908269,41.261546],[35.91117,41.262017],[35.912111,41.262169],[35.916056,41.262169],[35.91917,41.261339],[35.923219,41.260612],[35.927164,41.258224],[35.931006,41.254591],[35.933881,41.250763],[35.934141,41.250418],[35.932373,41.248594],[35.931023,41.247141],[35.928636,41.243819],[35.925832,41.240912],[35.921783,41.235098],[35.919292,41.232087],[35.916177,41.228246],[35.913063,41.22212],[35.910882,41.217345],[35.909118,41.21205],[35.906937,41.204679],[35.904446,41.195854],[35.902785,41.188172],[35.89967,41.182046],[35.896036,41.177582],[35.89261,41.173222],[35.887523,41.168757],[35.881709,41.165124],[35.873715,41.158791],[35.868213,41.154223],[35.866137,41.151524],[35.864372,41.148824],[35.862814,41.145606],[35.860011,41.142284],[35.857312,41.138131],[35.856274,41.13377],[35.85617,41.129618],[35.856378,41.127022],[35.857831,41.123804],[35.859284,41.120689],[35.860738,41.116952],[35.862295,41.112072],[35.863645,41.108646],[35.863645,41.10657],[35.863541,41.104182],[35.862814,41.101794],[35.861672,41.099718],[35.860011,41.097745],[35.85752,41.094735],[35.855132,41.090374],[35.853367,41.084353],[35.854094,41.080823],[35.85482,41.077916],[35.85617,41.071479],[35.856585,41.067845],[35.858246,41.062655],[35.860946,41.05518],[35.862711,41.051754],[35.864164,41.047808],[35.864164,41.045732],[35.863126,41.041995],[35.859907,41.036492],[35.855028,41.026629],[35.854197,41.020089],[35.854613,41.014483],[35.855236,41.00898],[35.857416,41.002647],[35.858196,40.998533]]]}},{"type":"Feature","properties":{"id":"TR-D-55-010","parent_id":"TR-P-55","region_id":"TR-R-KAR","level":"district","municipality_type":null,"municipality_type_label":null,"is_metropolitan_municipality":null,"name":"İlkadım","name_ascii":"ilkadim","slug":"ilkadim-samsun"},"geometry":{"type":"Polygon","coordinates":[[[36.317168,41.326399],[36.317337,41.326348],[36.317743,41.326227],[36.318315,41.325865],[36.318487,41.325673],[36.318753,41.325502],[36.323984,41.324324],[36.329729,41.322954],[36.329791,41.322831],[36.329678,41.322686],[36.329043,41.322857],[36.329011,41.322765],[36.330089,41.322419],[36.33089,41.322144],[36.331011,41.322204],[36.330864,41.322436],[36.330587,41.322365],[36.330546,41.322489],[36.330335,41.322534],[36.330417,41.322781],[36.331709,41.322481],[36.332421,41.322213],[36.334898,41.320671],[36.336833,41.319387],[36.338523,41.318338],[36.338742,41.318181],[36.338483,41.31789],[36.337306,41.318743],[36.335743,41.319686],[36.335709,41.319656],[36.333452,41.31769],[36.333738,41.317277],[36.334941,41.316494],[36.33556,41.3171],[36.335808,41.316861],[36.335302,41.316384],[36.335819,41.31577],[36.337148,41.316881],[36.337292,41.317054],[36.337336,41.317329],[36.33736,41.317583],[36.337378,41.317771],[36.337568,41.31777],[36.337533,41.317344],[36.337512,41.317095],[36.337427,41.316931],[36.337249,41.316752],[36.335948,41.315619],[36.335954,41.315529],[36.336557,41.315052],[36.336899,41.314976],[36.336534,41.314779],[36.336521,41.314708],[36.336528,41.314641],[36.336538,41.314619],[36.336563,41.314559],[36.336937,41.31417],[36.337128,41.314052],[36.337249,41.314019],[36.337481,41.314019],[36.337804,41.314141],[36.33813,41.314139],[36.338309,41.314203],[36.338341,41.314149],[36.338354,41.314091],[36.338495,41.313898],[36.338693,41.313753],[36.339496,41.31354],[36.339705,41.313448],[36.340265,41.313334],[36.34103,41.313179],[36.344205,41.312588],[36.345032,41.312334],[36.349219,41.311145],[36.350702,41.310715],[36.351714,41.310422],[36.35313,41.310031],[36.354037,41.309771],[36.355019,41.309494],[36.35563,41.309385],[36.355702,41.309352],[36.35571,41.309285],[36.355677,41.309235],[36.355622,41.309227],[36.355544,41.309244],[36.35545,41.309291],[36.355177,41.309375],[36.354397,41.309598],[36.352239,41.310218],[36.349429,41.310991],[36.34735,41.311606],[36.344991,41.312273],[36.344919,41.312212],[36.344755,41.311854],[36.344631,41.311361],[36.3444,41.310911],[36.34409,41.310543],[36.343741,41.310211],[36.343688,41.310261],[36.34367,41.310318],[36.3442,41.310807],[36.344396,41.311075],[36.344478,41.311354],[36.344428,41.311418],[36.344195,41.311501],[36.343791,41.311576],[36.343809,41.31163],[36.344104,41.31158],[36.344169,41.311627],[36.344318,41.31184],[36.344332,41.311962],[36.344311,41.312051],[36.344282,41.31208],[36.344285,41.312293],[36.344243,41.312405],[36.344122,41.312469],[36.342885,41.312684],[36.341609,41.312938],[36.341556,41.312878],[36.341486,41.312853],[36.340406,41.31308],[36.340065,41.313151],[36.339651,41.311908],[36.339879,41.311645],[36.339968,41.311595],[36.340073,41.311327],[36.341124,41.311537],[36.341321,41.311577],[36.341543,41.311309],[36.341504,41.311169],[36.341454,41.311153],[36.341254,41.311149],[36.340839,41.311142],[36.340783,41.311115],[36.340778,41.311042],[36.340905,41.310903],[36.341088,41.310607],[36.341405,41.310367],[36.341437,41.310344],[36.341893,41.310026],[36.342065,41.30987],[36.342043,41.309781],[36.341815,41.309396],[36.341566,41.309062],[36.341566,41.308923],[36.341571,41.308811],[36.341317,41.308413],[36.341205,41.308238],[36.341028,41.308115],[36.340989,41.307942],[36.341038,41.307925],[36.341877,41.307623],[36.342182,41.3075],[36.341905,41.307055],[36.340839,41.307485],[36.34074,41.307491],[36.34061,41.30746],[36.34049,41.30743],[36.340371,41.307262],[36.340046,41.306801],[36.34054,41.306036],[36.34094,41.305478],[36.341345,41.30564],[36.341517,41.305361],[36.341178,41.305205],[36.342233,41.30362],[36.341706,41.30337],[36.33993,41.305814],[36.339425,41.306517],[36.338793,41.306253],[36.338682,41.306206],[36.337977,41.305889],[36.337383,41.305662],[36.33712,41.304156],[36.336979,41.303349],[36.336824,41.302301],[36.33676,41.301922],[36.336475,41.300216],[36.336364,41.299681],[36.33634,41.299509],[36.336242,41.298784],[36.336209,41.298695],[36.336075,41.298623],[36.336081,41.298483],[36.336109,41.298366],[36.33607,41.298071],[36.336092,41.297736],[36.336103,41.297463],[36.336486,41.296297],[36.336519,41.296086],[36.336711,41.296063],[36.336856,41.296003],[36.336987,41.295942],[36.33701,41.29591],[36.337066,41.295834],[36.337089,41.295767],[36.337099,41.295739],[36.337099,41.295612],[36.337061,41.295538],[36.336951,41.295402],[36.336951,41.295384],[36.33723,41.295016],[36.337655,41.294417],[36.338077,41.294005],[36.338141,41.293956],[36.338276,41.293876],[36.338402,41.293807],[36.338684,41.2937],[36.338709,41.29369],[36.339074,41.293566],[36.339085,41.293528],[36.339064,41.293488],[36.338998,41.293461],[36.339214,41.293376],[36.339213,41.293448],[36.339228,41.293482],[36.339288,41.29349],[36.339505,41.293394],[36.3397,41.293257],[36.339943,41.293067],[36.341649,41.291184],[36.341925,41.290926],[36.341979,41.290875],[36.342016,41.290844],[36.342035,41.290829],[36.342069,41.290808],[36.342135,41.290775],[36.342293,41.290723],[36.342337,41.290693],[36.342354,41.290658],[36.342349,41.290608],[36.342337,41.290549],[36.342297,41.290529],[36.342293,41.290504],[36.342412,41.290478],[36.342418,41.29045],[36.342412,41.290406],[36.342406,41.290382],[36.342439,41.290339],[36.343095,41.289613],[36.343385,41.289302],[36.343412,41.289297],[36.343498,41.289294],[36.343537,41.289261],[36.343551,41.289228],[36.343531,41.289174],[36.343537,41.289165],[36.343566,41.289151],[36.343642,41.289138],[36.343693,41.289117],[36.343708,41.289091],[36.343708,41.289067],[36.343712,41.289038],[36.343683,41.288987],[36.343669,41.288966],[36.343661,41.288957],[36.343676,41.288942],[36.343718,41.28892],[36.343749,41.288892],[36.343749,41.288843],[36.34374,41.288785],[36.343806,41.288657],[36.343827,41.288617],[36.344044,41.288206],[36.344108,41.288066],[36.344109,41.287872],[36.344252,41.287444],[36.344808,41.28703],[36.345342,41.286837],[36.345675,41.286809],[36.345776,41.286821],[36.345846,41.28688],[36.345938,41.286941],[36.346012,41.286969],[36.346082,41.28695],[36.346168,41.286901],[36.346266,41.286845],[36.346349,41.286824],[36.346545,41.286817],[36.347311,41.286871],[36.347547,41.286893],[36.347602,41.286948],[36.347498,41.287452],[36.347328,41.289068],[36.347206,41.290215],[36.347327,41.292894],[36.347388,41.294155],[36.348285,41.294154],[36.348494,41.297954],[36.350505,41.304658],[36.350601,41.30486],[36.350723,41.307329],[36.350705,41.307425],[36.350697,41.307644],[36.350766,41.307758],[36.350941,41.307758],[36.351028,41.307626],[36.351036,41.307521],[36.350949,41.307346],[36.350871,41.304763],[36.350715,41.304448],[36.348737,41.297968],[36.348704,41.297798],[36.348555,41.29446],[36.348434,41.291973],[36.348295,41.288725],[36.348173,41.287237],[36.348165,41.286729],[36.348208,41.286606],[36.34821,41.286524],[36.34827,41.286358],[36.348412,41.286072],[36.34895,41.284958],[36.349134,41.284579],[36.349856,41.283216],[36.350391,41.282271],[36.350538,41.281862],[36.350945,41.281677],[36.351674,41.281386],[36.352097,41.281369],[36.352829,41.281249],[36.353551,41.281153],[36.354358,41.281211],[36.354778,41.281253],[36.354896,41.28123],[36.355017,41.281134],[36.355017,41.281019],[36.354919,41.280926],[36.354617,41.280792],[36.353948,41.28043],[36.353088,41.279946],[36.352736,41.279733],[36.352716,41.279721],[36.35237,41.279512],[36.3522,41.279419],[36.352174,41.279404],[36.352167,41.279398],[36.35216,41.279385],[36.352156,41.279373],[36.352164,41.279351],[36.35217,41.279344],[36.352634,41.278941],[36.351139,41.277106],[36.350392,41.276234],[36.349655,41.275323],[36.349331,41.274893],[36.349046,41.274484],[36.34856,41.273718],[36.347175,41.27139],[36.346703,41.270617],[36.346208,41.269853],[36.345936,41.269461],[36.34537,41.268685],[36.344195,41.267147],[36.341817,41.26408],[36.340905,41.262945],[36.34059,41.262575],[36.340264,41.262214],[36.339924,41.261864],[36.339563,41.261531],[36.339173,41.26122],[36.338787,41.260961],[36.338376,41.260722],[36.337944,41.260501],[36.337496,41.260296],[36.337039,41.260106],[36.336571,41.259927],[36.335615,41.25959],[36.334645,41.259269],[36.331214,41.25816],[36.327958,41.257065],[36.303111,41.248538],[36.299889,41.247422],[36.282954,41.241514],[36.282207,41.24012],[36.28185,41.239406],[36.282326,41.238336],[36.282207,41.237622],[36.282267,41.23661],[36.282445,41.235897],[36.28185,41.234766],[36.28078,41.235064],[36.280006,41.23667],[36.278043,41.236313],[36.278222,41.235004],[36.276199,41.235064],[36.275723,41.235242],[36.275069,41.235421],[36.274117,41.236016],[36.273998,41.23554],[36.275069,41.234469],[36.275247,41.233101],[36.274355,41.233101],[36.273165,41.231733],[36.271143,41.231733],[36.267553,41.235396],[36.267098,41.235956],[36.265849,41.235302],[36.265075,41.235064],[36.26448,41.235421],[36.26335,41.235064],[36.263469,41.235599],[36.263469,41.236135],[36.262993,41.237205],[36.263053,41.238098],[36.263707,41.239049],[36.263707,41.239942],[36.262934,41.240537],[36.26109,41.241369],[36.261328,41.24244],[36.257342,41.246366],[36.255319,41.249519],[36.252107,41.249043],[36.244374,41.241072],[36.234735,41.230922],[36.2336,41.230933],[36.22515,41.230336],[36.217585,41.228592],[36.213318,41.225905],[36.211141,41.222059],[36.208945,41.217075],[36.208853,41.211843],[36.21026,41.20614],[36.212249,41.199294],[36.211872,41.194975],[36.210025,41.192718],[36.204199,41.18686],[36.201687,41.180969],[36.201874,41.174368],[36.201716,41.165268],[36.202093,41.157523],[36.200589,41.150613],[36.200198,41.150491],[36.199522,41.15022],[36.199184,41.14995],[36.198846,41.149273],[36.198835,41.149253],[36.198643,41.148901],[36.198426,41.148728],[36.198305,41.148631],[36.198083,41.148517],[36.197747,41.148344],[36.197088,41.148293],[36.196716,41.148373],[36.196615,41.148394],[36.196209,41.148665],[36.195674,41.148873],[36.1956,41.148901],[36.195348,41.148917],[36.195059,41.148935],[36.194782,41.148891],[36.194417,41.148834],[36.19391,41.14853],[36.19347,41.14809],[36.193166,41.147718],[36.192727,41.147684],[36.191983,41.14765],[36.191207,41.147586],[36.191171,41.147583],[36.191,41.147551],[36.190089,41.14738],[36.189007,41.147346],[36.188399,41.147346],[36.188128,41.147515],[36.187858,41.147684],[36.187249,41.148124],[36.186708,41.148259],[36.186648,41.148252],[36.186134,41.148191],[36.185828,41.147922],[36.185559,41.147684],[36.185221,41.147279],[36.185127,41.147118],[36.184984,41.146873],[36.184443,41.14667],[36.184071,41.146738],[36.183927,41.146818],[36.183767,41.146907],[36.183598,41.146942],[36.183361,41.146991],[36.18312,41.146938],[36.18282,41.146873],[36.18255,41.146548],[36.182482,41.146467],[36.182468,41.14645],[36.182279,41.14623],[36.182242,41.146131],[36.182178,41.14596],[36.182144,41.14552],[36.182009,41.14525],[36.181878,41.145178],[36.181637,41.145047],[36.18113,41.14481],[36.180386,41.144472],[36.180105,41.144399],[36.179676,41.144286],[36.179946,41.143931],[36.180285,41.143661],[36.180826,41.143221],[36.181265,41.142883],[36.182043,41.142579],[36.182939,41.142325],[36.183294,41.142072],[36.183226,41.141599],[36.183057,41.141294],[36.182651,41.141091],[36.182375,41.140914],[36.182178,41.140787],[36.181502,41.140179],[36.180656,41.13984],[36.17998,41.139536],[36.179608,41.139367],[36.178695,41.139367],[36.177918,41.139333],[36.177478,41.138995],[36.177242,41.138623],[36.176836,41.138522],[36.175213,41.139097],[36.173556,41.139942],[36.170885,41.141396],[36.168891,41.142241],[36.166558,41.14285],[36.163819,41.14268],[36.162016,41.141983],[36.161723,41.141869],[36.160916,41.141188],[36.159559,41.140043],[36.158004,41.138015],[36.157086,41.137295],[36.15628,41.136662],[36.154106,41.135455],[36.153237,41.134972],[36.151715,41.134532],[36.150667,41.134566],[36.149011,41.135107],[36.146711,41.136595],[36.143635,41.139773],[36.142959,41.141328],[36.142181,41.143188],[36.14191,41.145487],[36.141505,41.147684],[36.141702,41.149735],[36.142288,41.150998],[36.143054,41.152711],[36.143595,41.154739],[36.143956,41.156227],[36.144362,41.157399],[36.144812,41.158842],[36.144812,41.160825],[36.144521,41.161366],[36.144181,41.161997],[36.143856,41.162528],[36.142468,41.164792],[36.1408,41.166505],[36.139831,41.168293],[36.139891,41.171599],[36.140432,41.174304],[36.140952,41.176903],[36.141694,41.180615],[36.143148,41.185773],[36.143558,41.187227],[36.143438,41.190533],[36.143377,41.194139],[36.142897,41.197445],[36.140432,41.203696],[36.138629,41.206881],[36.134121,41.21169],[36.130935,41.214515],[36.12793,41.218843],[36.127129,41.219761],[36.127956,41.221301],[36.12834,41.221988],[36.128759,41.222663],[36.128986,41.222993],[36.129276,41.223379],[36.129585,41.223757],[36.12991,41.224127],[36.130254,41.224488],[36.130616,41.224839],[36.130995,41.22518],[36.131388,41.22551],[36.131798,41.225828],[36.132209,41.226122],[36.132635,41.226401],[36.133075,41.226665],[36.13353,41.226909],[36.133947,41.227106],[36.134375,41.227284],[36.134813,41.227443],[36.135259,41.22758],[36.135713,41.227693],[36.136176,41.227777],[36.136663,41.227828],[36.137158,41.227856],[36.138164,41.22789],[36.138702,41.22792],[36.139243,41.227963],[36.14033,41.228077],[36.141417,41.228221],[36.141959,41.228304],[36.143037,41.228493],[36.143611,41.228608],[36.144752,41.228863],[36.146452,41.229275],[36.149843,41.230128],[36.15153,41.230567],[36.152642,41.230879],[36.153191,41.231047],[36.153732,41.231227],[36.154194,41.231397],[36.154648,41.231578],[36.155094,41.23177],[36.155531,41.231974],[36.15598,41.232202],[36.156419,41.232441],[36.15685,41.23269],[36.157273,41.232947],[36.157702,41.233221],[36.158543,41.233785],[36.160194,41.234952],[36.16429,41.237904],[36.165511,41.238796],[36.166315,41.239402],[36.167101,41.240021],[36.167862,41.240661],[36.168231,41.240988],[36.168588,41.241322],[36.168938,41.241668],[36.169273,41.242021],[36.169593,41.242382],[36.169895,41.242751],[36.170139,41.243078],[36.170368,41.243411],[36.170583,41.24375],[36.170785,41.244094],[36.170971,41.244442],[36.171151,41.244814],[36.171315,41.24519],[36.171467,41.24557],[36.171605,41.245952],[36.171732,41.246338],[36.171945,41.247108],[36.172121,41.247884],[36.172264,41.248669],[36.172381,41.249461],[36.172477,41.250255],[36.172556,41.251061],[36.172656,41.252272],[36.172805,41.254293],[36.172909,41.255496],[36.172993,41.256296],[36.173098,41.257086],[36.173229,41.257871],[36.173395,41.258642],[36.173494,41.259019],[36.173605,41.259393],[36.17373,41.259765],[36.173871,41.260134],[36.174059,41.260556],[36.174266,41.260973],[36.17472,41.261799],[36.175452,41.263026],[36.176962,41.265468],[36.177744,41.266723],[36.178755,41.268283],[36.17943,41.269274],[36.179677,41.269617],[36.182257,41.270318],[36.184289,41.27058],[36.186322,41.270689],[36.189758,41.270992],[36.196176,41.272306],[36.197085,41.272811],[36.200471,41.277662],[36.201279,41.282412],[36.20138,41.284484],[36.20138,41.286353],[36.201077,41.289385],[36.200926,41.29176],[36.201027,41.293478],[36.201886,41.294792],[36.203503,41.296257],[36.205423,41.296813],[36.208303,41.296661],[36.214619,41.296308],[36.220632,41.297167],[36.223765,41.298581],[36.230334,41.301209],[36.234629,41.302876],[36.240945,41.305352],[36.243421,41.306414],[36.246655,41.306969],[36.250041,41.307323],[36.253477,41.306818],[36.26146,41.306515],[36.265958,41.306313],[36.272779,41.305757],[36.275255,41.305959],[36.278135,41.30611],[36.279398,41.306211],[36.280257,41.305757],[36.28142,41.304746],[36.283946,41.30318],[36.284502,41.303331],[36.284805,41.303887],[36.285462,41.30419],[36.286725,41.30419],[36.287786,41.304342],[36.288696,41.304544],[36.289504,41.304847],[36.290616,41.305302],[36.291374,41.305504],[36.292587,41.305504],[36.293547,41.305454],[36.294305,41.304746],[36.29481,41.304039],[36.295113,41.303028],[36.295265,41.302371],[36.295568,41.301613],[36.295941,41.301414],[36.299469,41.30104],[36.300827,41.304576],[36.301167,41.305427],[36.301522,41.306274],[36.301908,41.307112],[36.302116,41.307522],[36.302559,41.308335],[36.303023,41.309141],[36.304218,41.311148],[36.306148,41.314353],[36.306896,41.315545],[36.307424,41.316327],[36.307996,41.317097],[36.3089,41.318233],[36.310139,41.319734],[36.317168,41.326399]]]}},{"type":"Feature","properties":{"id":"TR-D-55-011","parent_id":"TR-P-55","region_id":"TR-R-KAR","level":"district","municipality_type":null,"municipality_type_label":null,"is_metropolitan_municipality":null,"name":"Kavak","name_ascii":"kavak","slug":"kavak-samsun"},"geometry":{"type":"Polygon","coordinates":[[[36.019133,41.291361],[36.019093,41.288886],[36.019093,41.288866],[36.019088,41.288746],[36.018973,41.285981],[36.018534,41.283174],[36.018372,41.282134],[36.018672,41.27426],[36.020415,41.269452],[36.022819,41.26284],[36.024683,41.258092],[36.028049,41.254065],[36.032136,41.252382],[36.035742,41.251901],[36.049386,41.251961],[36.049446,41.251961],[36.049566,41.251962],[36.055818,41.252021],[36.060326,41.252502],[36.064713,41.252322],[36.070085,41.251585],[36.073196,41.250503],[36.077884,41.248745],[36.083339,41.246491],[36.08681,41.24559],[36.089425,41.244733],[36.092806,41.244733],[36.095555,41.244733],[36.097764,41.244192],[36.101145,41.24275],[36.10367,41.24027],[36.10515,41.237656],[36.106292,41.235492],[36.108937,41.232306],[36.112543,41.229481],[36.114647,41.22852],[36.118091,41.227115],[36.119215,41.226656],[36.119712,41.226328],[36.123122,41.224072],[36.125105,41.221908],[36.127129,41.219761],[36.12793,41.218843],[36.130935,41.214515],[36.134121,41.21169],[36.138629,41.206881],[36.140432,41.203696],[36.142897,41.197445],[36.143377,41.194139],[36.143438,41.190533],[36.143558,41.187227],[36.143148,41.185773],[36.141694,41.180615],[36.140952,41.176903],[36.140432,41.174304],[36.139891,41.171599],[36.139831,41.168293],[36.1408,41.166505],[36.142468,41.164792],[36.143856,41.162528],[36.144181,41.161997],[36.144521,41.161366],[36.144812,41.160825],[36.144812,41.158842],[36.144362,41.157399],[36.143956,41.156227],[36.143595,41.154739],[36.143054,41.152711],[36.142288,41.150998],[36.141702,41.149735],[36.141505,41.147684],[36.14191,41.145487],[36.142181,41.143188],[36.142959,41.141328],[36.143635,41.139773],[36.146711,41.136595],[36.149011,41.135107],[36.150667,41.134566],[36.151715,41.134532],[36.153237,41.134972],[36.154106,41.135455],[36.15628,41.136662],[36.157086,41.137295],[36.158004,41.138015],[36.159559,41.140043],[36.160916,41.141188],[36.161723,41.141869],[36.162016,41.141983],[36.163819,41.14268],[36.166558,41.14285],[36.168891,41.142241],[36.170885,41.141396],[36.173556,41.139942],[36.175213,41.139097],[36.176836,41.138522],[36.177242,41.138623],[36.177478,41.138995],[36.177918,41.139333],[36.178695,41.139367],[36.179608,41.139367],[36.17998,41.139536],[36.180656,41.13984],[36.181502,41.140179],[36.182178,41.140787],[36.182375,41.140914],[36.182651,41.141091],[36.183057,41.141294],[36.183226,41.141599],[36.183294,41.142072],[36.182939,41.142325],[36.182043,41.142579],[36.181265,41.142883],[36.180826,41.143221],[36.180285,41.143661],[36.179946,41.143931],[36.179676,41.144286],[36.180105,41.144399],[36.180386,41.144472],[36.18113,41.14481],[36.181637,41.145047],[36.181878,41.145178],[36.182009,41.14525],[36.182144,41.14552],[36.182178,41.14596],[36.182242,41.146131],[36.182279,41.14623],[36.182468,41.14645],[36.182482,41.146467],[36.18255,41.146548],[36.18282,41.146873],[36.18312,41.146938],[36.183361,41.146991],[36.183598,41.146942],[36.183767,41.146907],[36.183927,41.146818],[36.184071,41.146738],[36.184443,41.14667],[36.184984,41.146873],[36.185127,41.147118],[36.185221,41.147279],[36.185559,41.147684],[36.185828,41.147922],[36.186134,41.148191],[36.186648,41.148252],[36.186708,41.148259],[36.187249,41.148124],[36.187858,41.147684],[36.188128,41.147515],[36.188399,41.147346],[36.189007,41.147346],[36.190089,41.14738],[36.191,41.147551],[36.191171,41.147583],[36.191207,41.147586],[36.191983,41.14765],[36.192727,41.147684],[36.193166,41.147718],[36.19347,41.14809],[36.19391,41.14853],[36.194417,41.148834],[36.194782,41.148891],[36.195059,41.148935],[36.195348,41.148917],[36.1956,41.148901],[36.195674,41.148873],[36.196209,41.148665],[36.196615,41.148394],[36.196716,41.148373],[36.197088,41.148293],[36.197747,41.148344],[36.198083,41.148517],[36.198305,41.148631],[36.198426,41.148728],[36.198643,41.148901],[36.198835,41.149253],[36.198846,41.149273],[36.199184,41.14995],[36.199522,41.15022],[36.200198,41.150491],[36.200589,41.150613],[36.20043,41.14988],[36.203527,41.142748],[36.204583,41.140294],[36.205321,41.138579],[36.205595,41.137955],[36.205869,41.137331],[36.206254,41.136506],[36.206459,41.136098],[36.206646,41.135759],[36.206833,41.135419],[36.206865,41.135366],[36.207036,41.135087],[36.207203,41.134836],[36.207253,41.13476],[36.207321,41.134669],[36.207488,41.134442],[36.207799,41.134067],[36.208136,41.133705],[36.208497,41.133355],[36.20888,41.133018],[36.20926,41.132712],[36.209657,41.132417],[36.210066,41.132131],[36.210207,41.132037],[36.210485,41.131852],[36.21073,41.131698],[36.211747,41.131055],[36.212157,41.130782],[36.212554,41.1305],[36.212933,41.130207],[36.213291,41.129901],[36.213624,41.129581],[36.213845,41.129335],[36.213898,41.129277],[36.213982,41.129172],[36.214149,41.128962],[36.214379,41.128636],[36.214554,41.128356],[36.214588,41.128302],[36.214616,41.128251],[36.214775,41.127961],[36.214948,41.127594],[36.215099,41.127222],[36.215231,41.126844],[36.215345,41.126461],[36.215441,41.126076],[36.21552,41.125686],[36.215583,41.125293],[36.215645,41.124748],[36.215673,41.124504],[36.21569,41.124237],[36.215723,41.123703],[36.215742,41.122487],[36.215735,41.121677],[36.215686,41.119256],[36.215695,41.11845],[36.215717,41.118048],[36.215754,41.117667],[36.215803,41.117286],[36.215934,41.116528],[36.216013,41.11615],[36.216063,41.115944],[36.21622,41.115294],[36.216297,41.115009],[36.216567,41.114014],[36.217426,41.11103],[36.217824,41.109759],[36.21797,41.109339],[36.218128,41.108922],[36.218303,41.10851],[36.218472,41.108158],[36.218657,41.10781],[36.218856,41.107467],[36.219069,41.107129],[36.219298,41.106797],[36.219531,41.106486],[36.219778,41.106182],[36.220036,41.105882],[36.220306,41.105588],[36.220587,41.105299],[36.220938,41.104961],[36.221302,41.10463],[36.221676,41.104304],[36.222443,41.103668],[36.223227,41.103046],[36.225205,41.101501],[36.225491,41.101267],[36.225574,41.101199],[36.222746,41.099179],[36.220566,41.097622],[36.217918,41.094819],[36.213947,41.091315],[36.2113,41.087577],[36.208419,41.082516],[36.206784,41.078545],[36.205226,41.074886],[36.202968,41.070681],[36.200477,41.065853],[36.199309,41.062038],[36.197284,41.057755],[36.194559,41.054719],[36.190666,41.052227],[36.189031,41.051604],[36.187006,41.051059],[36.184203,41.05067],[36.180777,41.050203],[36.17774,41.049502],[36.17338,41.048178],[36.170577,41.047322],[36.168708,41.045842],[36.167073,41.044129],[36.164971,41.041871],[36.162479,41.039847],[36.160299,41.037667],[36.157573,41.035331],[36.155549,41.034085],[36.15259,41.031982],[36.149631,41.030114],[36.147373,41.027388],[36.142234,41.021315],[36.13764,41.01711],[36.134526,41.013996],[36.130788,41.009246],[36.126428,41.00364],[36.124948,41.000447],[36.124092,40.998189],[36.12269,40.995231],[36.121678,40.990481],[36.121832,40.98912],[36.121177,40.989099],[36.117375,40.989132],[36.112951,40.988891],[36.108607,40.989534],[36.104264,40.990821],[36.101126,40.992189],[36.097265,40.9942],[36.09445,40.995889],[36.092439,40.996532],[36.088819,40.997417],[36.083913,40.997819],[36.079167,40.997659],[36.075708,40.997337],[36.068227,40.99613],[36.057368,40.993556],[36.047394,40.991143],[36.036937,40.988247],[36.02656,40.986719],[36.018355,40.985352],[36.011759,40.984547],[36.007094,40.984386],[35.997183,40.983791],[35.991421,40.983479],[35.980053,40.986282],[35.969386,40.990721],[35.962534,40.994614],[35.957083,40.999],[35.952489,41.001959],[35.946572,41.00593],[35.943457,41.007955],[35.939252,41.011381],[35.935748,41.013327],[35.929597,41.015663],[35.924302,41.017298],[35.918151,41.017843],[35.914258,41.018388],[35.908885,41.017843],[35.905148,41.016208],[35.895103,41.012782],[35.890899,41.011692],[35.884358,41.008422],[35.877428,41.004762],[35.870498,41.001648],[35.864191,40.999467],[35.858196,40.998533],[35.857416,41.002647],[35.855236,41.00898],[35.854613,41.014483],[35.854197,41.020089],[35.855028,41.026629],[35.859907,41.036492],[35.863126,41.041995],[35.864164,41.045732],[35.864164,41.047808],[35.862711,41.051754],[35.860946,41.05518],[35.858246,41.062655],[35.856585,41.067845],[35.85617,41.071479],[35.85482,41.077916],[35.854094,41.080823],[35.853367,41.084353],[35.855132,41.090374],[35.85752,41.094735],[35.860011,41.097745],[35.861672,41.099718],[35.862814,41.101794],[35.863541,41.104182],[35.863645,41.10657],[35.863645,41.108646],[35.862295,41.112072],[35.860738,41.116952],[35.859284,41.120689],[35.857831,41.123804],[35.856378,41.127022],[35.85617,41.129618],[35.856274,41.13377],[35.857312,41.138131],[35.860011,41.142284],[35.862814,41.145606],[35.864372,41.148824],[35.866137,41.151524],[35.868213,41.154223],[35.873715,41.158791],[35.881709,41.165124],[35.887523,41.168757],[35.89261,41.173222],[35.896036,41.177582],[35.89967,41.182046],[35.902785,41.188172],[35.904446,41.195854],[35.906937,41.204679],[35.909118,41.21205],[35.910882,41.217345],[35.913063,41.22212],[35.916177,41.228246],[35.919292,41.232087],[35.921783,41.235098],[35.925832,41.240912],[35.928636,41.243819],[35.931023,41.247141],[35.932373,41.248594],[35.934141,41.250418],[35.935695,41.25202],[35.939121,41.25555],[35.941821,41.257834],[35.945454,41.260014],[35.945973,41.260326],[35.950541,41.263129],[35.955421,41.265828],[35.960923,41.267801],[35.966633,41.2705],[35.971097,41.273822],[35.974939,41.276937],[35.978053,41.279428],[35.978728,41.280103],[35.980753,41.282128],[35.984075,41.284412],[35.987443,41.285483],[35.990927,41.286592],[35.997571,41.288149],[36.002658,41.288939],[36.003593,41.289084],[36.003977,41.289114],[36.008784,41.289499],[36.011942,41.289685],[36.012314,41.289707],[36.013602,41.289996],[36.016466,41.290641],[36.017516,41.290925],[36.019133,41.291361]]]}},{"type":"Feature","properties":{"id":"TR-D-55-012","parent_id":"TR-P-55","region_id":"TR-R-KAR","level":"district","municipality_type":null,"municipality_type_label":null,"is_metropolitan_municipality":null,"name":"Ladik","name_ascii":"ladik","slug":"ladik-samsun"},"geometry":{"type":"Polygon","coordinates":[[[36.121832,40.98912],[36.12751,40.989307],[36.135919,40.989618],[36.14163,40.989099],[36.149416,40.987438],[36.15876,40.985569],[36.167896,40.984946],[36.173813,40.9837],[36.176928,40.981624],[36.177683,40.979468],[36.175189,40.978664],[36.173661,40.977457],[36.173178,40.975527],[36.173259,40.974079],[36.174707,40.971826],[36.176396,40.969896],[36.17897,40.968207],[36.181785,40.966678],[36.18629,40.965391],[36.189105,40.964104],[36.190312,40.962013],[36.190473,40.960565],[36.190478,40.959405],[36.189104,40.956855],[36.188123,40.953617],[36.187339,40.95087],[36.186554,40.948516],[36.185769,40.945965],[36.185082,40.942924],[36.184396,40.939981],[36.184101,40.938608],[36.184003,40.937136],[36.183218,40.935174],[36.181158,40.933311],[36.179883,40.931937],[36.178019,40.930662],[36.177823,40.929288],[36.176253,40.926542],[36.174684,40.924383],[36.172623,40.922225],[36.170563,40.920263],[36.16968,40.918399],[36.169975,40.916633],[36.169092,40.912906],[36.16919,40.909472],[36.168209,40.906627],[36.166934,40.903096],[36.165168,40.899858],[36.163108,40.896327],[36.161832,40.891422],[36.16144,40.890244],[36.15938,40.888184],[36.15732,40.885536],[36.15575,40.883377],[36.154769,40.880925],[36.152317,40.878276],[36.148589,40.874843],[36.147019,40.872783],[36.14594,40.871017],[36.146038,40.868662],[36.144959,40.865817],[36.144076,40.864052],[36.142605,40.861893],[36.140447,40.860226],[36.139073,40.85895],[36.137994,40.856007],[36.135738,40.853947],[36.13201,40.851887],[36.128871,40.849729],[36.126222,40.847375],[36.123966,40.845511],[36.121121,40.844039],[36.118864,40.842764],[36.114842,40.840704],[36.112292,40.839232],[36.108073,40.838447],[36.103855,40.837368],[36.100127,40.836878],[36.096694,40.836289],[36.0912,40.835799],[36.088453,40.834622],[36.083941,40.832954],[36.079036,40.831679],[36.075504,40.830403],[36.071678,40.829226],[36.069128,40.828539],[36.065988,40.828539],[36.063242,40.828245],[36.060397,40.829913],[36.058337,40.830305],[36.053235,40.830992],[36.047938,40.832954],[36.044014,40.83678],[36.041856,40.838349],[36.039992,40.839527],[36.037147,40.840802],[36.032634,40.841489],[36.027239,40.842077],[36.024688,40.841783],[36.022039,40.840606],[36.019685,40.840115],[36.015761,40.841096],[36.013014,40.841881],[36.009973,40.843647],[36.00654,40.84502],[36.003106,40.845413],[35.999673,40.846688],[35.995749,40.846786],[35.991236,40.847669],[35.989568,40.84865],[35.986821,40.851102],[35.983584,40.853163],[35.980935,40.853849],[35.978287,40.853849],[35.976129,40.853849],[35.972793,40.854536],[35.968869,40.855615],[35.964553,40.857087],[35.959844,40.859049],[35.95386,40.86052],[35.947679,40.862286],[35.944736,40.86209],[35.940224,40.862973],[35.935319,40.863365],[35.931689,40.864248],[35.928844,40.865425],[35.925901,40.866504],[35.925235,40.866618],[35.92129,40.867289],[35.911873,40.867191],[35.904515,40.868466],[35.900395,40.868564],[35.896373,40.868662],[35.892253,40.86876],[35.888623,40.869055],[35.884012,40.869643],[35.883129,40.870232],[35.878028,40.872881],[35.874987,40.873862],[35.869788,40.874548],[35.868709,40.874254],[35.865471,40.873273],[35.860763,40.873077],[35.858408,40.8719],[35.854484,40.871213],[35.85056,40.871213],[35.847715,40.871213],[35.846047,40.871213],[35.844674,40.871998],[35.840848,40.872979],[35.837415,40.873273],[35.834177,40.873175],[35.832019,40.872586],[35.829567,40.871311],[35.82731,40.869545],[35.825643,40.867681],[35.823681,40.864836],[35.822111,40.864444],[35.818285,40.865131],[35.816323,40.865719],[35.811516,40.867191],[35.808867,40.867289],[35.805434,40.867093],[35.800136,40.868564],[35.794447,40.868859],[35.78964,40.870036],[35.788463,40.871017],[35.786501,40.871703],[35.78395,40.872979],[35.780615,40.873077],[35.776396,40.87239],[35.771393,40.871998],[35.765703,40.871703],[35.757169,40.8719],[35.754618,40.871703],[35.749321,40.871507],[35.743925,40.870722],[35.737548,40.87033],[35.733428,40.870134],[35.72715,40.869349],[35.721048,40.867878],[35.720087,40.867606],[35.722011,40.872782],[35.722556,40.874885],[35.722323,40.877376],[35.721077,40.879167],[35.717184,40.882905],[35.713758,40.885318],[35.710332,40.888044],[35.70784,40.890613],[35.706516,40.89365],[35.705738,40.896998],[35.705738,40.900113],[35.706205,40.903461],[35.707295,40.907043],[35.709787,40.913038],[35.711967,40.916698],[35.715003,40.920513],[35.718974,40.924251],[35.723491,40.926664],[35.727384,40.927677],[35.731588,40.928066],[35.735015,40.928689],[35.738596,40.928144],[35.748485,40.926431],[35.754948,40.926119],[35.760243,40.926664],[35.771766,40.927287],[35.775582,40.927054],[35.778307,40.927599],[35.782823,40.929467],[35.787573,40.93266],[35.792089,40.934918],[35.794736,40.936475],[35.795515,40.937955],[35.795982,40.942081],[35.795904,40.944573],[35.795126,40.947143],[35.793646,40.950491],[35.79061,40.953995],[35.787106,40.958355],[35.783446,40.963261],[35.779475,40.96692],[35.777996,40.97019],[35.777918,40.973928],[35.778151,40.976809],[35.778696,40.977743],[35.780176,40.979067],[35.782901,40.980157],[35.785548,40.981247],[35.788351,40.981948],[35.793257,40.982882],[35.799642,40.984128],[35.806572,40.986464],[35.810076,40.988255],[35.813657,40.990435],[35.81685,40.992849],[35.819264,40.995107],[35.82339,40.996976],[35.82596,40.997054],[35.838185,40.996898],[35.845737,40.997599],[35.858196,40.998533],[35.864191,40.999467],[35.870498,41.001648],[35.877428,41.004762],[35.884358,41.008422],[35.890899,41.011692],[35.895103,41.012782],[35.905148,41.016208],[35.908885,41.017843],[35.914258,41.018388],[35.918151,41.017843],[35.924302,41.017298],[35.929597,41.015663],[35.935748,41.013327],[35.939252,41.011381],[35.943457,41.007955],[35.946572,41.00593],[35.952489,41.001959],[35.957083,40.999],[35.962534,40.994614],[35.969386,40.990721],[35.980053,40.986282],[35.991421,40.983479],[35.997183,40.983791],[36.007094,40.984386],[36.011759,40.984547],[36.018355,40.985352],[36.02656,40.986719],[36.036937,40.988247],[36.047394,40.991143],[36.057368,40.993556],[36.068227,40.99613],[36.075708,40.997337],[36.079167,40.997659],[36.083913,40.997819],[36.088819,40.997417],[36.092439,40.996532],[36.09445,40.995889],[36.097265,40.9942],[36.101126,40.992189],[36.104264,40.990821],[36.108607,40.989534],[36.112951,40.988891],[36.117375,40.989132],[36.121177,40.989099],[36.121832,40.98912]]]}},{"type":"Feature","properties":{"id":"TR-D-55-013","parent_id":"TR-P-55","region_id":"TR-R-KAR","level":"district","municipality_type":null,"municipality_type_label":null,"is_metropolitan_municipality":null,"name":"Salıpazarı","name_ascii":"salipazari","slug":"salipazari-samsun"},"geometry":{"type":"Polygon","coordinates":[[[36.906919,40.945255],[36.906287,40.945567],[36.904545,40.946115],[36.902803,40.946364],[36.901211,40.946314],[36.898025,40.945667],[36.891356,40.945418],[36.88822,40.945319],[36.880904,40.945269],[36.877221,40.94497],[36.871796,40.943278],[36.869058,40.942382],[36.862737,40.939894],[36.85786,40.9385],[36.854624,40.937753],[36.853629,40.937305],[36.853306,40.937106],[36.852982,40.936907],[36.852186,40.936609],[36.851812,40.936584],[36.851439,40.936559],[36.850792,40.93636],[36.850742,40.936136],[36.850693,40.935912],[36.850892,40.935464],[36.852036,40.934767],[36.852534,40.93417],[36.852509,40.933946],[36.852484,40.933722],[36.851921,40.933202],[36.851837,40.933125],[36.851663,40.932876],[36.851489,40.932627],[36.851887,40.932079],[36.852385,40.931482],[36.85353,40.930935],[36.854127,40.930387],[36.854077,40.929093],[36.854077,40.927699],[36.854376,40.925858],[36.854475,40.924614],[36.854276,40.923568],[36.854624,40.922872],[36.854724,40.922075],[36.854724,40.920931],[36.854525,40.920284],[36.853579,40.919836],[36.852584,40.919786],[36.851539,40.919985],[36.849498,40.920084],[36.848254,40.920084],[36.847457,40.920333],[36.847283,40.920557],[36.847109,40.920781],[36.847097,40.920841],[36.847009,40.921279],[36.846761,40.921354],[36.846512,40.921428],[36.845914,40.921378],[36.845118,40.920831],[36.844272,40.920682],[36.843376,40.920731],[36.84248,40.920781],[36.842256,40.920955],[36.842032,40.92113],[36.841634,40.921578],[36.840838,40.922026],[36.840241,40.922374],[36.839942,40.922449],[36.839643,40.922523],[36.839083,40.922553],[36.838698,40.922573],[36.838299,40.922648],[36.837901,40.922722],[36.837641,40.922871],[36.837204,40.92312],[36.836906,40.92312],[36.836607,40.92312],[36.834965,40.923369],[36.833073,40.92327],[36.831978,40.922971],[36.831033,40.922573],[36.830087,40.922623],[36.82949,40.922623],[36.82939,40.922424],[36.829291,40.922225],[36.829291,40.921578],[36.829291,40.921279],[36.829291,40.92098],[36.829241,40.920134],[36.828843,40.919537],[36.828619,40.919437],[36.828395,40.919338],[36.82735,40.919338],[36.826404,40.919388],[36.825508,40.919587],[36.824662,40.919487],[36.823816,40.919189],[36.822621,40.918989],[36.821427,40.919139],[36.820431,40.919686],[36.819536,40.919736],[36.815504,40.919139],[36.813364,40.918492],[36.81046,40.916162],[36.808835,40.914858],[36.808494,40.914617],[36.808407,40.914555],[36.80823,40.914429],[36.805749,40.912668],[36.801867,40.910628],[36.796591,40.908886],[36.791912,40.907841],[36.785293,40.90804],[36.783302,40.908139],[36.780365,40.908537],[36.778872,40.908886],[36.77723,40.91008],[36.775338,40.911872],[36.773773,40.912847],[36.77068,40.915522],[36.768712,40.918274],[36.767979,40.91785],[36.766108,40.916789],[36.764699,40.915999],[36.763754,40.915479],[36.762796,40.914975],[36.762555,40.914855],[36.762309,40.914733],[36.761814,40.914503],[36.761369,40.914311],[36.760916,40.914129],[36.760457,40.913957],[36.759992,40.913793],[36.759573,40.913656],[36.759522,40.91364],[36.759046,40.913497],[36.758941,40.913468],[36.758581,40.913371],[36.758112,40.913255],[36.757638,40.91315],[36.757161,40.913055],[36.75668,40.91297],[36.756196,40.912899],[36.755617,40.912832],[36.755034,40.912782],[36.754449,40.912745],[36.753861,40.912719],[36.753273,40.912702],[36.753118,40.9127],[36.752728,40.912695],[36.751639,40.912696],[36.75121,40.912703],[36.750003,40.91272],[36.74313,40.912851],[36.741353,40.912871],[36.740348,40.912869],[36.74017,40.912869],[36.739085,40.912843],[36.7381,40.912792],[36.737609,40.912757],[36.737119,40.912714],[36.736631,40.912662],[36.736134,40.912598],[36.735638,40.912524],[36.734653,40.912355],[36.733674,40.912161],[36.732541,40.911908],[36.731474,40.911652],[36.731413,40.911637],[36.72523,40.910093],[36.71792,40.908279],[36.716678,40.907952],[36.716245,40.907837],[36.715692,40.90768],[36.714739,40.907385],[36.713802,40.907063],[36.713276,40.906864],[36.712237,40.906443],[36.710697,40.90578],[36.708495,40.904857],[36.707378,40.906507],[36.70625,40.908078],[36.706049,40.909125],[36.705606,40.910696],[36.7048,40.913032],[36.703592,40.914805],[36.703728,40.916335],[36.704731,40.918484],[36.705375,40.920131],[36.706306,40.92142],[36.70781,40.922423],[36.709457,40.923855],[36.710531,40.925072],[36.711534,40.927077],[36.711677,40.928868],[36.711462,40.931159],[36.711307,40.932281],[36.711975,40.933523],[36.713026,40.934955],[36.71379,40.936674],[36.71484,40.939252],[36.715508,40.941161],[36.715795,40.94393],[36.715986,40.946126],[36.715986,40.948609],[36.715699,40.954338],[36.715699,40.956152],[36.714553,40.957489],[36.71188,40.958539],[36.711021,40.960545],[36.711116,40.963123],[36.711021,40.964746],[36.711498,40.966465],[36.71675,40.969615],[36.719232,40.971812],[36.720283,40.973244],[36.719614,40.975726],[36.7178,40.977923],[36.717132,40.979832],[36.717036,40.982315],[36.717036,40.98432],[36.718659,40.986994],[36.719996,40.988903],[36.721428,40.991386],[36.722022,40.992177],[36.722861,40.993296],[36.724249,40.995032],[36.724388,40.995205],[36.726107,40.997974],[36.727157,41.000552],[36.727221,41.001221],[36.727348,41.002557],[36.726871,41.004372],[36.726871,41.00609],[36.726871,41.008573],[36.727826,41.010674],[36.728462,41.012201],[36.728781,41.012965],[36.729108,41.013552],[36.730595,41.016212],[36.731741,41.01793],[36.732623,41.019794],[36.733459,41.021559],[36.734319,41.023182],[36.733746,41.025951],[36.734701,41.029388],[36.735178,41.032921],[36.735083,41.035977],[36.735266,41.03836],[36.735273,41.038459],[36.736037,41.040465],[36.738043,41.042374],[36.738043,41.044952],[36.737947,41.048199],[36.73852,41.051541],[36.739729,41.05396],[36.740334,41.055169],[36.7414,41.057556],[36.742721,41.060516],[36.745299,41.066818],[36.745952,41.069783],[36.74635,41.071592],[36.7474,41.079136],[36.748068,41.084292],[36.747869,41.088939],[36.747782,41.090976],[36.748355,41.096896],[36.748529,41.097572],[36.749883,41.102816],[36.752079,41.107494],[36.756375,41.114178],[36.758381,41.115582],[36.762104,41.118188],[36.764916,41.120724],[36.766974,41.122581],[36.778814,41.129169],[36.7918,41.141964],[36.795592,41.146002],[36.799152,41.149794],[36.800514,41.151367],[36.803449,41.154759],[36.808481,41.160168],[36.811088,41.16297],[36.814298,41.165328],[36.821877,41.170896],[36.828199,41.175156],[36.830662,41.176816],[36.839064,41.17968],[36.844889,41.179489],[36.851649,41.178666],[36.853491,41.163019],[36.854641,41.150829],[36.856251,41.135073],[36.856751,41.133491],[36.856924,41.129494],[36.85724,41.127083],[36.856607,41.126604],[36.856149,41.12625],[36.855796,41.125977],[36.855306,41.125584],[36.855,41.12534],[36.854613,41.125014],[36.854238,41.124681],[36.853889,41.124353],[36.85372,41.124185],[36.853552,41.124018],[36.853384,41.123845],[36.853222,41.123678],[36.852583,41.122988],[36.852098,41.122437],[36.851967,41.122288],[36.85167,41.121935],[36.851639,41.121897],[36.851383,41.12158],[36.85111,41.121221],[36.850963,41.121013],[36.850856,41.12086],[36.850627,41.120493],[36.850434,41.120119],[36.850288,41.119737],[36.850199,41.119357],[36.850154,41.118968],[36.850147,41.118763],[36.85014,41.118573],[36.850147,41.118174],[36.850216,41.11696],[36.850231,41.116554],[36.850229,41.116148],[36.850194,41.115672],[36.850191,41.115634],[36.85278,41.114727],[36.853187,41.114485],[36.854871,41.113471],[36.855758,41.112915],[36.855965,41.112779],[36.856173,41.112643],[36.856577,41.112367],[36.856966,41.112086],[36.857173,41.111924],[36.857335,41.111797],[36.857641,41.111532],[36.85778,41.111397],[36.85792,41.11126],[36.858081,41.111076],[36.858166,41.110978],[36.858369,41.110685],[36.858519,41.110379],[36.858617,41.109994],[36.858646,41.109592],[36.858627,41.109178],[36.858577,41.108755],[36.858368,41.107458],[36.858315,41.107021],[36.858289,41.106583],[36.858297,41.106173],[36.858333,41.105763],[36.858389,41.105353],[36.858463,41.104943],[36.858552,41.104535],[36.858654,41.104128],[36.858768,41.103723],[36.858897,41.10332],[36.859043,41.102921],[36.85913,41.102713],[36.859217,41.102505],[36.859282,41.102368],[36.859413,41.102094],[36.859563,41.101812],[36.859628,41.101689],[36.859724,41.101529],[36.859866,41.101291],[36.860126,41.100905],[36.860403,41.100526],[36.860694,41.100151],[36.860994,41.099779],[36.861612,41.099042],[36.863069,41.097348],[36.864764,41.095377],[36.865112,41.094982],[36.865723,41.094286],[36.866389,41.09358],[36.866737,41.09324],[36.867102,41.092913],[36.867457,41.092629],[36.867831,41.092361],[36.868224,41.092114],[36.86864,41.09189],[36.869133,41.091673],[36.869649,41.091482],[36.870183,41.091312],[36.870729,41.091157],[36.871284,41.091013],[36.871845,41.090877],[36.872981,41.090629],[36.873555,41.090517],[36.874132,41.090414],[36.874709,41.090322],[36.875289,41.09024],[36.876454,41.090091],[36.880535,41.08962],[36.881507,41.089488],[36.881985,41.089411],[36.882457,41.089321],[36.88292,41.089215],[36.88337,41.089088],[36.883847,41.088917],[36.884308,41.08872],[36.884756,41.088502],[36.885192,41.088266],[36.885631,41.088008],[36.886061,41.087738],[36.886485,41.08746],[36.887321,41.086889],[36.888554,41.086011],[36.889363,41.085415],[36.89015,41.084808],[36.89053,41.084497],[36.890896,41.084178],[36.891245,41.083849],[36.891528,41.083555],[36.891797,41.083252],[36.892301,41.082631],[36.893277,41.081319],[36.893538,41.080997],[36.893816,41.080685],[36.894136,41.080371],[36.894478,41.080071],[36.894838,41.079781],[36.895213,41.079499],[36.895636,41.079197],[36.896509,41.078609],[36.897401,41.078033],[36.898753,41.077177],[36.901921,41.075189],[36.907317,41.071839],[36.912259,41.068757],[36.913168,41.068208],[36.913627,41.067941],[36.914091,41.067682],[36.914563,41.067433],[36.91484,41.067299],[36.915045,41.0672],[36.915261,41.067108],[36.915541,41.066988],[36.91606,41.0668],[36.916593,41.066638],[36.917139,41.066499],[36.917695,41.066383],[36.918259,41.066292],[36.918761,41.066233],[36.920281,41.066109],[36.920782,41.06606],[36.920832,41.066054],[36.921275,41.065996],[36.921756,41.065912],[36.921995,41.065854],[36.92222,41.065799],[36.922648,41.065658],[36.923054,41.065487],[36.923438,41.06529],[36.923797,41.06507],[36.924007,41.064915],[36.924128,41.064826],[36.92423,41.064734],[36.924424,41.064558],[36.92471,41.064226],[36.924956,41.063869],[36.925064,41.063682],[36.925172,41.063494],[36.925269,41.0633],[36.925367,41.063106],[36.925546,41.062709],[36.925714,41.062305],[36.926028,41.061487],[36.926325,41.060638],[36.926462,41.060247],[36.926495,41.060142],[36.92672,41.059417],[36.926833,41.059001],[36.92693,41.058584],[36.927006,41.058165],[36.927055,41.057727],[36.927082,41.057288],[36.927092,41.056848],[36.927089,41.056406],[36.927041,41.05508],[36.92694,41.053346],[36.926886,41.052425],[36.926757,41.050659],[36.926666,41.049779],[36.926659,41.049727],[36.926607,41.04934],[36.926535,41.048903],[36.926448,41.048463],[36.926255,41.047585],[36.926181,41.047219],[36.926166,41.047145],[36.926098,41.04674],[36.926045,41.046334],[36.925992,41.045928],[36.925918,41.045114],[36.925891,41.044706],[36.925863,41.043892],[36.925866,41.043487],[36.925879,41.043209],[36.925884,41.043083],[36.925895,41.042968],[36.925921,41.042702],[36.925977,41.042325],[36.926056,41.041952],[36.926162,41.041584],[36.926299,41.041225],[36.926501,41.040826],[36.926742,41.040436],[36.92701,41.040054],[36.927299,41.039676],[36.927631,41.039274],[36.927914,41.038931],[36.928235,41.038562],[36.928556,41.038193],[36.930182,41.036352],[36.930818,41.03561],[36.931126,41.035236],[36.931426,41.034858],[36.931713,41.034476],[36.931983,41.034087],[36.932234,41.03369],[36.932467,41.033286],[36.932688,41.032877],[36.933106,41.032051],[36.933898,41.030382],[36.935059,41.027866],[36.93694,41.023699],[36.937296,41.022865],[36.937461,41.022449],[36.937612,41.022034],[36.937743,41.021619],[36.937846,41.021205],[36.937909,41.020792],[36.937917,41.020381],[36.937861,41.01998],[36.937765,41.019628],[36.937752,41.01958],[36.937729,41.019518],[36.937604,41.019181],[36.937513,41.018977],[36.937428,41.018784],[36.937232,41.018387],[36.937022,41.017991],[36.936576,41.017199],[36.934019,41.012847],[36.93084,41.007317],[36.93071,41.007084],[36.930398,41.006525],[36.930151,41.006061],[36.929976,41.005731],[36.929779,41.005331],[36.929631,41.005004],[36.929598,41.00493],[36.929559,41.004831],[36.929439,41.004525],[36.929312,41.004116],[36.929224,41.003707],[36.92917,41.003279],[36.929146,41.002813],[36.929145,41.002789],[36.929143,41.002251],[36.929148,41.00207],[36.929159,41.001689],[36.929187,41.001127],[36.92926,41.000093],[36.929344,40.999084],[36.928129,40.995696],[36.927914,40.995121],[36.927573,40.994267],[36.927373,40.993811],[36.927216,40.993453],[36.927138,40.993294],[36.92702,40.993052],[36.926806,40.992656],[36.926563,40.992252],[36.926302,40.991852],[36.926028,40.991457],[36.925459,40.990674],[36.923984,40.988731],[36.922486,40.986798],[36.921867,40.986036],[36.921548,40.98566],[36.921217,40.985291],[36.920872,40.98493],[36.920506,40.984579],[36.920475,40.98455],[36.920125,40.984235],[36.919733,40.983899],[36.918926,40.983237],[36.917682,40.982266],[36.916833,40.981632],[36.916483,40.981387],[36.915992,40.981043],[36.915161,40.9805],[36.914308,40.97998],[36.914199,40.979918],[36.913874,40.979732],[36.913436,40.979495],[36.912994,40.979271],[36.912631,40.979104],[36.912547,40.979066],[36.912095,40.978885],[36.911923,40.97883],[36.911635,40.978736],[36.911219,40.978642],[36.911166,40.97863],[36.91066,40.97857],[36.910148,40.978544],[36.90964,40.97853],[36.909633,40.97853],[36.90962,40.978529],[36.909122,40.978503],[36.90862,40.97844],[36.908186,40.978338],[36.907762,40.978196],[36.907348,40.978023],[36.906943,40.977824],[36.906497,40.977577],[36.90606,40.97731],[36.905629,40.97703],[36.905201,40.976741],[36.90393,40.975841],[36.903232,40.975334],[36.90056,40.973396],[36.899725,40.972781],[36.898908,40.972158],[36.898511,40.97184],[36.898128,40.971515],[36.897871,40.971279],[36.897764,40.971181],[36.89759,40.971003],[36.897425,40.970833],[36.897125,40.97048],[36.896849,40.970113],[36.89668,40.969867],[36.896591,40.969738],[36.896346,40.969356],[36.89588,40.968578],[36.895642,40.968159],[36.895433,40.967789],[36.894785,40.966597],[36.894379,40.965795],[36.89419,40.965392],[36.894016,40.964986],[36.893887,40.964641],[36.893863,40.964577],[36.893733,40.964149],[36.893721,40.964097],[36.893629,40.963719],[36.893549,40.963288],[36.893492,40.962857],[36.893462,40.962429],[36.893463,40.962288],[36.893464,40.962004],[36.893507,40.961586],[36.893605,40.961177],[36.893769,40.960777],[36.893986,40.960387],[36.894114,40.960195],[36.894242,40.960004],[36.894404,40.959788],[36.894525,40.959626],[36.894829,40.959252],[36.895474,40.958512],[36.89615,40.957782],[36.896497,40.957421],[36.89685,40.957064],[36.897545,40.956393],[36.89826,40.955737],[36.898626,40.955415],[36.899378,40.954787],[36.899768,40.954485],[36.900156,40.954201],[36.901334,40.95336],[36.901602,40.953155],[36.901736,40.953052],[36.901829,40.952977],[36.902127,40.952735],[36.902507,40.952409],[36.902873,40.952075],[36.903234,40.951725],[36.903584,40.951367],[36.904259,40.950637],[36.90491,40.949894],[36.905296,40.949424],[36.905531,40.949138],[36.905677,40.948947],[36.905824,40.948755],[36.906098,40.948367],[36.906346,40.947973],[36.906557,40.947569],[36.906707,40.947201],[36.906821,40.946825],[36.906902,40.946445],[36.906932,40.946205],[36.90695,40.946061],[36.906954,40.945938],[36.906961,40.945677],[36.906919,40.945255]]]}},{"type":"Feature","properties":{"id":"TR-D-55-014","parent_id":"TR-P-55","region_id":"TR-R-KAR","level":"district","municipality_type":null,"municipality_type_label":null,"is_metropolitan_municipality":null,"name":"Tekkeköy","name_ascii":"tekkekoy","slug":"tekkekoy-samsun"},"geometry":{"type":"Polygon","coordinates":[[[36.385021,41.256588],[36.385311,41.256131],[36.385493,41.256001],[36.386073,41.25582],[36.38639,41.255707],[36.386481,41.255673],[36.386887,41.255553],[36.387121,41.255452],[36.387688,41.256019],[36.387717,41.255992],[36.387145,41.255414],[36.387135,41.255371],[36.387291,41.255292],[36.387526,41.255173],[36.387747,41.25506],[36.388232,41.254804],[36.388285,41.254774],[36.388464,41.254758],[36.388748,41.254861],[36.388978,41.25485],[36.389063,41.25472],[36.388831,41.254657],[36.388785,41.254492],[36.390088,41.253843],[36.392537,41.252772],[36.392623,41.252679],[36.392817,41.252468],[36.393156,41.252473],[36.393412,41.252358],[36.39359,41.252331],[36.393681,41.252317],[36.393719,41.252285],[36.393856,41.252168],[36.394031,41.252032],[36.395496,41.251645],[36.396108,41.251483],[36.396379,41.251482],[36.396493,41.251523],[36.396601,41.251502],[36.396701,41.251238],[36.397276,41.25109],[36.398111,41.250858],[36.399139,41.250632],[36.401557,41.250092],[36.402551,41.249891],[36.403848,41.249661],[36.405807,41.249225],[36.406928,41.249116],[36.407533,41.248973],[36.407868,41.248859],[36.408468,41.24885],[36.409213,41.248586],[36.410022,41.248523],[36.410307,41.248452],[36.410903,41.2484],[36.411664,41.248197],[36.412895,41.248073],[36.4132,41.247979],[36.41344,41.247971],[36.413783,41.247869],[36.414489,41.24774],[36.415331,41.247668],[36.41852,41.247198],[36.418569,41.247066],[36.41857,41.247063],[36.418572,41.247065],[36.418658,41.247163],[36.41908,41.247228],[36.419335,41.247335],[36.419434,41.247396],[36.419402,41.247502],[36.419308,41.247539],[36.419271,41.247568],[36.419249,41.247625],[36.419252,41.247741],[36.419327,41.247813],[36.419415,41.247841],[36.419521,41.247816],[36.419596,41.247775],[36.419637,41.247706],[36.419631,41.247621],[36.41959,41.247576],[36.419734,41.247396],[36.41981,41.247264],[36.4199,41.247064],[36.419927,41.246981],[36.419948,41.246891],[36.419954,41.246881],[36.420026,41.24677],[36.420173,41.246706],[36.420352,41.246658],[36.420554,41.246638],[36.421063,41.246506],[36.421172,41.246448],[36.421246,41.246501],[36.421373,41.246549],[36.421647,41.246571],[36.421892,41.24656],[36.422651,41.246418],[36.422953,41.24641],[36.423007,41.246401],[36.423785,41.246271],[36.426704,41.24595],[36.427748,41.245885],[36.427883,41.245878],[36.428032,41.245843],[36.431879,41.245496],[36.432609,41.24543],[36.43569,41.245239],[36.435766,41.245242],[36.436235,41.245264],[36.436426,41.245183],[36.437026,41.245162],[36.437433,41.245194],[36.439708,41.245167],[36.441068,41.24508],[36.441736,41.245123],[36.442616,41.245109],[36.443764,41.245048],[36.444143,41.245041],[36.444376,41.245102],[36.445776,41.245109],[36.446149,41.245147],[36.446313,41.245116],[36.446509,41.245127],[36.446653,41.245093],[36.447313,41.245085],[36.447478,41.24514],[36.449225,41.245138],[36.449491,41.245224],[36.449808,41.245239],[36.450532,41.245184],[36.450655,41.245198],[36.451034,41.245197],[36.451089,41.245204],[36.451161,41.245295],[36.451245,41.245317],[36.451313,41.245291],[36.451528,41.245276],[36.45192,41.245305],[36.452102,41.245265],[36.452549,41.245268],[36.453178,41.245358],[36.453541,41.245365],[36.453785,41.245339],[36.454919,41.245429],[36.455082,41.245421],[36.45521,41.245439],[36.455395,41.24549],[36.457107,41.245656],[36.457139,41.24565],[36.457005,41.246887],[36.456964,41.247311],[36.456884,41.248044],[36.456829,41.248047],[36.456811,41.248296],[36.456859,41.248305],[36.456831,41.248729],[36.456784,41.248735],[36.45659,41.250577],[36.456809,41.250591],[36.456998,41.248744],[36.456956,41.24874],[36.457004,41.248313],[36.457067,41.248323],[36.45709,41.248061],[36.457033,41.24806],[36.457057,41.247819],[36.457109,41.24731],[36.457274,41.245666],[36.457314,41.245644],[36.457645,41.245626],[36.457994,41.245702],[36.458063,41.245731],[36.458125,41.245742],[36.458266,41.245713],[36.45876,41.245668],[36.458993,41.245701],[36.459215,41.245693],[36.459829,41.245795],[36.460029,41.245802],[36.460407,41.245761],[36.46057,41.245808],[36.460701,41.245863],[36.460887,41.245895],[36.461761,41.24599],[36.461875,41.246033],[36.462043,41.246022],[36.462493,41.246083],[36.462602,41.246112],[36.462697,41.246163],[36.46286,41.246214],[36.463013,41.246214],[36.463358,41.246436],[36.463493,41.246414],[36.463714,41.246406],[36.464619,41.24627],[36.464765,41.246299],[36.464874,41.246339],[36.465135,41.246361],[36.465397,41.246434],[36.46551,41.246484],[36.465695,41.24651],[36.465833,41.246495],[36.465975,41.246462],[36.466124,41.246447],[36.466502,41.246491],[36.466655,41.24649],[36.467007,41.246581],[36.467138,41.246563],[36.467476,41.246588],[36.467869,41.246693],[36.468606,41.246791],[36.468875,41.246852],[36.46909,41.246878],[36.46925,41.246914],[36.469377,41.246969],[36.469573,41.247008],[36.469813,41.247023],[36.469977,41.247066],[36.470889,41.247054],[36.474625,41.247802],[36.474814,41.247863],[36.475015,41.247893],[36.475071,41.247914],[36.476035,41.248084],[36.47625,41.248168],[36.476475,41.248211],[36.47723,41.248256],[36.477252,41.248259],[36.47727,41.248281],[36.477706,41.248326],[36.47903,41.248675],[36.479457,41.248746],[36.48017,41.248918],[36.480384,41.248914],[36.480939,41.249091],[36.481415,41.249158],[36.481558,41.249195],[36.48176,41.249293],[36.482405,41.249386],[36.482705,41.24948],[36.48284,41.24954],[36.483111,41.249623],[36.483313,41.24966],[36.483988,41.249723],[36.484221,41.249791],[36.484367,41.249807],[36.485948,41.250231],[36.486411,41.250293],[36.486464,41.250334],[36.486457,41.250368],[36.486483,41.250402],[36.486625,41.250419],[36.486733,41.250406],[36.48706,41.25043],[36.487472,41.250502],[36.48828,41.250747],[36.488408,41.250812],[36.489033,41.250964],[36.489428,41.251108],[36.489551,41.25113],[36.490306,41.251407],[36.490383,41.251405],[36.490554,41.251433],[36.490847,41.251513],[36.491203,41.251657],[36.492012,41.251879],[36.492375,41.251941],[36.492491,41.251972],[36.492772,41.252129],[36.493821,41.252481],[36.494112,41.252548],[36.494326,41.25263],[36.494495,41.252649],[36.496241,41.253183],[36.497521,41.25368],[36.497692,41.253713],[36.499213,41.254212],[36.499505,41.254259],[36.49978,41.254414],[36.501948,41.255194],[36.502162,41.255235],[36.502304,41.255283],[36.502434,41.255358],[36.502995,41.255611],[36.503319,41.255807],[36.505539,41.256638],[36.506935,41.257154],[36.507106,41.257206],[36.507917,41.257631],[36.508711,41.257915],[36.509089,41.258081],[36.509238,41.258117],[36.509527,41.258242],[36.509746,41.258377],[36.510005,41.258493],[36.510116,41.258527],[36.511345,41.259045],[36.511487,41.25913],[36.511648,41.259226],[36.511834,41.25932],[36.51282,41.259691],[36.513001,41.259783],[36.513188,41.259908],[36.515014,41.260774],[36.5162,41.261337],[36.516375,41.260961],[36.51786,41.258708],[36.518757,41.257035],[36.519534,41.255779],[36.520311,41.254524],[36.523837,41.249981],[36.526109,41.248188],[36.527663,41.247351],[36.528978,41.247172],[36.529874,41.247292],[36.530532,41.247172],[36.53107,41.246634],[36.532983,41.244363],[36.533461,41.243287],[36.533939,41.240896],[36.534597,41.23725],[36.534118,41.23456],[36.53358,41.229181],[36.533521,41.227029],[36.535921,41.224439],[36.547318,41.221888],[36.558555,41.219497],[36.568677,41.217107],[36.574017,41.215831],[36.574734,41.215194],[36.575053,41.212723],[36.574893,41.211289],[36.574096,41.209456],[36.57306,41.208579],[36.568199,41.208101],[36.563507,41.207802],[36.562192,41.206905],[36.561534,41.206905],[36.560817,41.206965],[36.559562,41.206965],[36.559024,41.206846],[36.557709,41.206367],[36.556991,41.206487],[36.556155,41.206367],[36.55478,41.206128],[36.553704,41.205889],[36.552269,41.20571],[36.550895,41.204574],[36.549759,41.204216],[36.549221,41.203797],[36.549221,41.20308],[36.54946,41.201526],[36.550416,41.198657],[36.556274,41.191902],[36.562431,41.188615],[36.572771,41.185029],[36.577075,41.182757],[36.585622,41.175405],[36.589508,41.16883],[36.590584,41.164048],[36.590105,41.155322],[36.590225,41.149165],[36.590046,41.144682],[36.590105,41.140737],[36.589926,41.13464],[36.589328,41.131413],[36.587954,41.128364],[36.586878,41.126571],[36.584367,41.125794],[36.581319,41.125376],[36.575879,41.124957],[36.573309,41.124359],[36.571994,41.122746],[36.571516,41.121132],[36.572712,41.119338],[36.576178,41.117426],[36.578868,41.115931],[36.580064,41.114616],[36.580183,41.11378],[36.579287,41.112226],[36.57845,41.110791],[36.577613,41.109177],[36.57307,41.10571],[36.572353,41.105292],[36.571283,41.104842],[36.564731,41.101546],[36.555451,41.097322],[36.544208,41.092206],[36.535166,41.088221],[36.525587,41.083678],[36.52083,41.08138],[36.50584,41.074777],[36.500843,41.072576],[36.494775,41.071743],[36.485199,41.071566],[36.484547,41.071879],[36.480379,41.070137],[36.476275,41.067995],[36.475204,41.065616],[36.468244,41.058299],[36.463307,41.055265],[36.459736,41.054676],[36.454867,41.052404],[36.451621,41.050889],[36.446487,41.049927],[36.442717,41.04922],[36.435246,41.04842],[36.431129,41.047987],[36.427709,41.04707],[36.424759,41.046869],[36.421563,41.047351],[36.417874,41.048533],[36.414724,41.048809],[36.412578,41.048183],[36.41155,41.047308],[36.410523,41.045638],[36.408952,41.043338],[36.407984,41.041699],[36.407875,41.041076],[36.406938,41.041872],[36.406859,41.041854],[36.406153,41.041697],[36.404845,41.041087],[36.403885,41.041261],[36.403406,41.041741],[36.402926,41.042221],[36.402958,41.042446],[36.403013,41.042831],[36.402752,41.043354],[36.401879,41.04379],[36.400397,41.043965],[36.399002,41.04379],[36.398042,41.044401],[36.397868,41.045186],[36.397926,41.045477],[36.398042,41.046058],[36.398203,41.046668],[36.398478,41.047715],[36.398669,41.048256],[36.399002,41.049197],[36.399786,41.049982],[36.399786,41.050942],[36.399438,41.051465],[36.398478,41.051901],[36.397083,41.052686],[36.396734,41.053558],[36.396996,41.054953],[36.397221,41.055339],[36.397606,41.056],[36.398478,41.056872],[36.399176,41.057482],[36.399263,41.058006],[36.399089,41.058442],[36.398304,41.058965],[36.39717,41.058965],[36.395077,41.05879],[36.39281,41.059139],[36.390978,41.05975],[36.387403,41.061494],[36.384961,41.06254],[36.38156,41.062628],[36.377548,41.062889],[36.373537,41.063936],[36.371182,41.065331],[36.368217,41.067773],[36.366647,41.07004],[36.365165,41.073878],[36.364421,41.078279],[36.364031,41.080593],[36.363333,41.083122],[36.36281,41.084343],[36.362025,41.085127],[36.360979,41.085476],[36.359758,41.084779],[36.357926,41.084691],[36.356008,41.086174],[36.35592,41.086872],[36.355136,41.087744],[36.354263,41.088616],[36.353827,41.09036],[36.352606,41.092366],[36.352083,41.093499],[36.351996,41.095069],[36.352345,41.096988],[36.35313,41.099517],[36.353915,41.101697],[36.354612,41.104575],[36.355136,41.106581],[36.356444,41.108412],[36.359758,41.11129],[36.362984,41.113819],[36.365165,41.115738],[36.37092,41.118877],[36.373624,41.120098],[36.378071,41.120621],[36.38313,41.122366],[36.387839,41.123412],[36.390542,41.124459],[36.391938,41.126028],[36.39281,41.128645],[36.392984,41.132133],[36.393595,41.135883],[36.393345,41.140075],[36.391928,41.143548],[36.390794,41.145817],[36.389659,41.149786],[36.388384,41.151345],[36.385123,41.153684],[36.382642,41.155669],[36.378319,41.159213],[36.374208,41.161268],[36.370593,41.162544],[36.368041,41.162828],[36.365348,41.161623],[36.363505,41.159709],[36.362584,41.157724],[36.361875,41.154039],[36.361733,41.149998],[36.360954,41.147022],[36.359536,41.144186],[36.357764,41.141918],[36.354574,41.140501],[36.352661,41.139721],[36.349117,41.139792],[36.34692,41.141068],[36.344368,41.142981],[36.343943,41.144824],[36.344226,41.147872],[36.344864,41.149644],[36.34536,41.152479],[36.346282,41.155669],[36.347557,41.157299],[36.349046,41.158858],[36.352235,41.160347],[36.356134,41.163253],[36.357693,41.165804],[36.360316,41.168073],[36.363009,41.171049],[36.365206,41.17353],[36.367545,41.17516],[36.370239,41.177287],[36.372578,41.178704],[36.373783,41.180547],[36.375058,41.182107],[36.37525,41.182616],[36.375884,41.184724],[36.375799,41.18646],[36.376356,41.186527],[36.376829,41.18661],[36.377294,41.186719],[36.377749,41.186852],[36.378194,41.187004],[36.378629,41.187174],[36.379053,41.187362],[36.379464,41.187566],[36.379924,41.187826],[36.380369,41.188103],[36.380803,41.188394],[36.38165,41.188999],[36.382482,41.189621],[36.38537,41.191821],[36.388683,41.194322],[36.389506,41.194952],[36.390316,41.195591],[36.390712,41.195917],[36.39148,41.196586],[36.392216,41.197276],[36.392578,41.197636],[36.393276,41.19837],[36.39361,41.198744],[36.394139,41.199382],[36.394386,41.199707],[36.394617,41.200036],[36.394827,41.200372],[36.395008,41.200705],[36.395164,41.201043],[36.395295,41.201386],[36.395397,41.201732],[36.395466,41.202081],[36.3955,41.202478],[36.39549,41.202876],[36.395441,41.203272],[36.395352,41.203664],[36.395221,41.204049],[36.39507,41.204379],[36.394888,41.204702],[36.394681,41.205017],[36.394452,41.205324],[36.394203,41.205623],[36.393207,41.206674],[36.392906,41.207035],[36.392657,41.207402],[36.39245,41.207783],[36.392283,41.208177],[36.392156,41.208581],[36.392069,41.209007],[36.392018,41.209438],[36.391992,41.209875],[36.391984,41.210316],[36.392,41.211203],[36.392041,41.212094],[36.392123,41.213434],[36.392195,41.214325],[36.392241,41.214768],[36.392292,41.215161],[36.392355,41.215551],[36.392433,41.215938],[36.392531,41.21632],[36.392656,41.216696],[36.392831,41.2171],[36.393043,41.217494],[36.393289,41.217876],[36.393569,41.218246],[36.393884,41.218601],[36.394224,41.21894],[36.393929,41.220378],[36.393905,41.2222],[36.393416,41.224067],[36.391361,41.22676],[36.388738,41.230091],[36.386895,41.233068],[36.385407,41.235691],[36.384981,41.238526],[36.384556,41.243062],[36.384273,41.246961],[36.38484,41.25093],[36.385089,41.256319],[36.385093,41.256412],[36.385021,41.256588]]]}},{"type":"Feature","properties":{"id":"TR-D-55-015","parent_id":"TR-P-55","region_id":"TR-R-KAR","level":"district","municipality_type":null,"municipality_type_label":null,"is_metropolitan_municipality":null,"name":"Terme","name_ascii":"terme","slug":"terme-samsun"},"geometry":{"type":"Polygon","coordinates":[[[36.915456,40.941182],[36.91445,40.941436],[36.911912,40.942531],[36.90783,40.944771],[36.906919,40.945255],[36.906961,40.945677],[36.906954,40.945938],[36.90695,40.946061],[36.906932,40.946205],[36.906902,40.946445],[36.906821,40.946825],[36.906707,40.947201],[36.906557,40.947569],[36.906346,40.947973],[36.906098,40.948367],[36.905824,40.948755],[36.905677,40.948947],[36.905531,40.949138],[36.905296,40.949424],[36.90491,40.949894],[36.904259,40.950637],[36.903584,40.951367],[36.903234,40.951725],[36.902873,40.952075],[36.902507,40.952409],[36.902127,40.952735],[36.901829,40.952977],[36.901736,40.953052],[36.901602,40.953155],[36.901334,40.95336],[36.900156,40.954201],[36.899768,40.954485],[36.899378,40.954787],[36.898626,40.955415],[36.89826,40.955737],[36.897545,40.956393],[36.89685,40.957064],[36.896497,40.957421],[36.89615,40.957782],[36.895474,40.958512],[36.894829,40.959252],[36.894525,40.959626],[36.894404,40.959788],[36.894242,40.960004],[36.894114,40.960195],[36.893986,40.960387],[36.893769,40.960777],[36.893605,40.961177],[36.893507,40.961586],[36.893464,40.962004],[36.893463,40.962288],[36.893462,40.962429],[36.893492,40.962857],[36.893549,40.963288],[36.893629,40.963719],[36.893721,40.964097],[36.893733,40.964149],[36.893863,40.964577],[36.893887,40.964641],[36.894016,40.964986],[36.89419,40.965392],[36.894379,40.965795],[36.894785,40.966597],[36.895433,40.967789],[36.895642,40.968159],[36.89588,40.968578],[36.896346,40.969356],[36.896591,40.969738],[36.89668,40.969867],[36.896849,40.970113],[36.897125,40.97048],[36.897425,40.970833],[36.89759,40.971003],[36.897764,40.971181],[36.897871,40.971279],[36.898128,40.971515],[36.898511,40.97184],[36.898908,40.972158],[36.899725,40.972781],[36.90056,40.973396],[36.903232,40.975334],[36.90393,40.975841],[36.905201,40.976741],[36.905629,40.97703],[36.90606,40.97731],[36.906497,40.977577],[36.906943,40.977824],[36.907348,40.978023],[36.907762,40.978196],[36.908186,40.978338],[36.90862,40.97844],[36.909122,40.978503],[36.90962,40.978529],[36.909633,40.97853],[36.90964,40.97853],[36.910148,40.978544],[36.91066,40.97857],[36.911166,40.97863],[36.911219,40.978642],[36.911635,40.978736],[36.911923,40.97883],[36.912095,40.978885],[36.912547,40.979066],[36.912631,40.979104],[36.912994,40.979271],[36.913436,40.979495],[36.913874,40.979732],[36.914199,40.979918],[36.914308,40.97998],[36.915161,40.9805],[36.915992,40.981043],[36.916483,40.981387],[36.916833,40.981632],[36.917682,40.982266],[36.918926,40.983237],[36.919733,40.983899],[36.920125,40.984235],[36.920475,40.98455],[36.920506,40.984579],[36.920872,40.98493],[36.921217,40.985291],[36.921548,40.98566],[36.921867,40.986036],[36.922486,40.986798],[36.923984,40.988731],[36.925459,40.990674],[36.926028,40.991457],[36.926302,40.991852],[36.926563,40.992252],[36.926806,40.992656],[36.92702,40.993052],[36.927138,40.993294],[36.927216,40.993453],[36.927373,40.993811],[36.927573,40.994267],[36.927914,40.995121],[36.928129,40.995696],[36.929344,40.999084],[36.92926,41.000093],[36.929187,41.001127],[36.929159,41.001689],[36.929148,41.00207],[36.929143,41.002251],[36.929145,41.002789],[36.929146,41.002813],[36.92917,41.003279],[36.929224,41.003707],[36.929312,41.004116],[36.929439,41.004525],[36.929559,41.004831],[36.929598,41.00493],[36.929631,41.005004],[36.929779,41.005331],[36.929976,41.005731],[36.930151,41.006061],[36.930398,41.006525],[36.93071,41.007084],[36.93084,41.007317],[36.934019,41.012847],[36.936576,41.017199],[36.937022,41.017991],[36.937232,41.018387],[36.937428,41.018784],[36.937513,41.018977],[36.937604,41.019181],[36.937729,41.019518],[36.937752,41.01958],[36.937765,41.019628],[36.937861,41.01998],[36.937917,41.020381],[36.937909,41.020792],[36.937846,41.021205],[36.937743,41.021619],[36.937612,41.022034],[36.937461,41.022449],[36.937296,41.022865],[36.93694,41.023699],[36.935059,41.027866],[36.933898,41.030382],[36.933106,41.032051],[36.932688,41.032877],[36.932467,41.033286],[36.932234,41.03369],[36.931983,41.034087],[36.931713,41.034476],[36.931426,41.034858],[36.931126,41.035236],[36.930818,41.03561],[36.930182,41.036352],[36.928556,41.038193],[36.928235,41.038562],[36.927914,41.038931],[36.927631,41.039274],[36.927299,41.039676],[36.92701,41.040054],[36.926742,41.040436],[36.926501,41.040826],[36.926299,41.041225],[36.926162,41.041584],[36.926056,41.041952],[36.925977,41.042325],[36.925921,41.042702],[36.925895,41.042968],[36.925884,41.043083],[36.925879,41.043209],[36.925866,41.043487],[36.925863,41.043892],[36.925891,41.044706],[36.925918,41.045114],[36.925992,41.045928],[36.926045,41.046334],[36.926098,41.04674],[36.926166,41.047145],[36.926181,41.047219],[36.926255,41.047585],[36.926448,41.048463],[36.926535,41.048903],[36.926607,41.04934],[36.926659,41.049727],[36.926666,41.049779],[36.926757,41.050659],[36.926886,41.052425],[36.92694,41.053346],[36.927041,41.05508],[36.927089,41.056406],[36.927092,41.056848],[36.927082,41.057288],[36.927055,41.057727],[36.927006,41.058165],[36.92693,41.058584],[36.926833,41.059001],[36.92672,41.059417],[36.926495,41.060142],[36.926462,41.060247],[36.926325,41.060638],[36.926028,41.061487],[36.925714,41.062305],[36.925546,41.062709],[36.925367,41.063106],[36.925269,41.0633],[36.925172,41.063494],[36.925064,41.063682],[36.924956,41.063869],[36.92471,41.064226],[36.924424,41.064558],[36.92423,41.064734],[36.924128,41.064826],[36.924007,41.064915],[36.923797,41.06507],[36.923438,41.06529],[36.923054,41.065487],[36.922648,41.065658],[36.92222,41.065799],[36.921995,41.065854],[36.921756,41.065912],[36.921275,41.065996],[36.920832,41.066054],[36.920782,41.06606],[36.920281,41.066109],[36.918761,41.066233],[36.918259,41.066292],[36.917695,41.066383],[36.917139,41.066499],[36.916593,41.066638],[36.91606,41.0668],[36.915541,41.066988],[36.915261,41.067108],[36.915045,41.0672],[36.91484,41.067299],[36.914563,41.067433],[36.914091,41.067682],[36.913627,41.067941],[36.913168,41.068208],[36.912259,41.068757],[36.907317,41.071839],[36.901921,41.075189],[36.898753,41.077177],[36.897401,41.078033],[36.896509,41.078609],[36.895636,41.079197],[36.895213,41.079499],[36.894838,41.079781],[36.894478,41.080071],[36.894136,41.080371],[36.893816,41.080685],[36.893538,41.080997],[36.893277,41.081319],[36.892301,41.082631],[36.891797,41.083252],[36.891528,41.083555],[36.891245,41.083849],[36.890896,41.084178],[36.89053,41.084497],[36.89015,41.084808],[36.889363,41.085415],[36.888554,41.086011],[36.887321,41.086889],[36.886485,41.08746],[36.886061,41.087738],[36.885631,41.088008],[36.885192,41.088266],[36.884756,41.088502],[36.884308,41.08872],[36.883847,41.088917],[36.88337,41.089088],[36.88292,41.089215],[36.882457,41.089321],[36.881985,41.089411],[36.881507,41.089488],[36.880535,41.08962],[36.876454,41.090091],[36.875289,41.09024],[36.874709,41.090322],[36.874132,41.090414],[36.873555,41.090517],[36.872981,41.090629],[36.871845,41.090877],[36.871284,41.091013],[36.870729,41.091157],[36.870183,41.091312],[36.869649,41.091482],[36.869133,41.091673],[36.86864,41.09189],[36.868224,41.092114],[36.867831,41.092361],[36.867457,41.092629],[36.867102,41.092913],[36.866737,41.09324],[36.866389,41.09358],[36.865723,41.094286],[36.865112,41.094982],[36.864764,41.095377],[36.863069,41.097348],[36.861612,41.099042],[36.860994,41.099779],[36.860694,41.100151],[36.860403,41.100526],[36.860126,41.100905],[36.859866,41.101291],[36.859724,41.101529],[36.859628,41.101689],[36.859563,41.101812],[36.859413,41.102094],[36.859282,41.102368],[36.859217,41.102505],[36.85913,41.102713],[36.859043,41.102921],[36.858897,41.10332],[36.858768,41.103723],[36.858654,41.104128],[36.858552,41.104535],[36.858463,41.104943],[36.858389,41.105353],[36.858333,41.105763],[36.858297,41.106173],[36.858289,41.106583],[36.858315,41.107021],[36.858368,41.107458],[36.858577,41.108755],[36.858627,41.109178],[36.858646,41.109592],[36.858617,41.109994],[36.858519,41.110379],[36.858369,41.110685],[36.858166,41.110978],[36.858081,41.111076],[36.85792,41.11126],[36.85778,41.111397],[36.857641,41.111532],[36.857335,41.111797],[36.857173,41.111924],[36.856966,41.112086],[36.856577,41.112367],[36.856173,41.112643],[36.855965,41.112779],[36.855758,41.112915],[36.854871,41.113471],[36.853187,41.114485],[36.85278,41.114727],[36.850191,41.115634],[36.850194,41.115672],[36.850229,41.116148],[36.850231,41.116554],[36.850216,41.11696],[36.850147,41.118174],[36.85014,41.118573],[36.850147,41.118763],[36.850154,41.118968],[36.850199,41.119357],[36.850288,41.119737],[36.850434,41.120119],[36.850627,41.120493],[36.850856,41.12086],[36.850963,41.121013],[36.85111,41.121221],[36.851383,41.12158],[36.851639,41.121897],[36.85167,41.121935],[36.851967,41.122288],[36.852098,41.122437],[36.852583,41.122988],[36.853222,41.123678],[36.853384,41.123845],[36.853552,41.124018],[36.85372,41.124185],[36.853889,41.124353],[36.854238,41.124681],[36.854613,41.125014],[36.855,41.12534],[36.855306,41.125584],[36.855796,41.125977],[36.856149,41.12625],[36.856607,41.126604],[36.85724,41.127083],[36.856924,41.129494],[36.856751,41.133491],[36.856251,41.135073],[36.854641,41.150829],[36.853491,41.163019],[36.851649,41.178666],[36.851536,41.187515],[36.849926,41.193265],[36.847281,41.200511],[36.84498,41.202811],[36.84038,41.203501],[36.836585,41.203501],[36.833825,41.201891],[36.82796,41.198211],[36.824855,41.195796],[36.820715,41.19407],[36.815194,41.195681],[36.812664,41.197061],[36.813239,41.201891],[36.815539,41.207526],[36.8183,41.214541],[36.818645,41.220521],[36.820025,41.224432],[36.82198,41.227422],[36.82267,41.228917],[36.822555,41.231217],[36.81945,41.232942],[36.816114,41.233057],[36.808639,41.232482],[36.802889,41.231447],[36.798404,41.234092],[36.796449,41.236737],[36.793919,41.239612],[36.793114,41.244327],[36.792539,41.250997],[36.791734,41.261118],[36.789894,41.272158],[36.787918,41.277639],[36.786966,41.279245],[36.785895,41.284004],[36.790714,41.297151],[36.79458,41.303218],[36.797138,41.310654],[36.801302,41.314164],[36.807331,41.316871],[36.810761,41.317971],[36.815579,41.320886],[36.816531,41.325169],[36.81552,41.328797],[36.814988,41.329677],[36.81082,41.333973],[36.810344,41.346286],[36.816876,41.351885],[36.818557,41.354043],[36.818738,41.35617],[36.818895,41.356123],[36.825225,41.354216],[36.830621,41.352943],[36.841907,41.349904],[36.846354,41.34901],[36.856129,41.34659],[36.861991,41.344925],[36.874304,41.34236],[36.87943,41.340742],[36.889343,41.336663],[36.898435,41.331625],[36.903623,41.329078],[36.909969,41.32638],[36.913883,41.324499],[36.919253,41.32145],[36.923042,41.318989],[36.9275,41.316327],[36.932048,41.314429],[36.937178,41.312947],[36.941719,41.31099],[36.946793,41.309014],[36.951068,41.307019],[36.956027,41.305727],[36.970126,41.300919],[36.975323,41.299341],[36.984163,41.29502],[36.9923,41.289918],[36.997133,41.286705],[37.001247,41.284775],[37.005967,41.282846],[37.010235,41.280568],[37.01398,41.277036],[37.019874,41.270411],[37.025242,41.262987],[37.027088,41.259558],[37.02773,41.254865],[37.027623,41.250511],[37.027187,41.246388],[37.026152,41.242837],[37.025929,41.242356],[37.02592,41.227301],[37.026122,41.226579],[37.025932,41.221939],[37.025738,41.217187],[37.026222,41.213296],[37.026558,41.208948],[37.027345,41.205169],[37.028242,41.203988],[37.029948,41.201743],[37.033763,41.198319],[37.038191,41.193982],[37.041097,41.190556],[37.044724,41.187181],[37.048448,41.184236],[37.052386,41.180513],[37.05544,41.177201],[37.05955,41.174698],[37.065967,41.173006],[37.073836,41.17014],[37.081529,41.167192],[37.091657,41.163677],[37.101165,41.160726],[37.111323,41.158053],[37.116643,41.156875],[37.122258,41.155401],[37.131969,41.153133],[37.13743,41.151884],[37.139634,41.151555],[37.143662,41.150928],[37.148888,41.15032],[37.155167,41.149862],[37.165923,41.149771],[37.169318,41.149401],[37.168933,41.147611],[37.168895,41.146811],[37.168932,41.145944],[37.168849,41.144029],[37.168474,41.141617],[37.167683,41.140357],[37.166142,41.139968],[37.164386,41.139794],[37.162202,41.139459],[37.161384,41.13915],[37.160084,41.138427],[37.159052,41.137931],[37.157672,41.137006],[37.157618,41.136202],[37.157685,41.134996],[37.157135,41.134205],[37.157283,41.132959],[37.157645,41.130814],[37.158328,41.129702],[37.160245,41.128616],[37.162416,41.127759],[37.163488,41.126633],[37.163662,41.12552],[37.163153,41.124555],[37.16314,41.123041],[37.162537,41.121848],[37.161625,41.120642],[37.160767,41.119891],[37.159521,41.11898],[37.158945,41.117787],[37.158194,41.117291],[37.156921,41.11709],[37.155353,41.117506],[37.153619,41.117794],[37.151761,41.118502],[37.150257,41.118413],[37.149372,41.117882],[37.149018,41.116289],[37.149018,41.115139],[37.149283,41.1139],[37.149991,41.112219],[37.149991,41.111069],[37.149372,41.110361],[37.147691,41.109653],[37.14539,41.109299],[37.143266,41.109211],[37.140966,41.108415],[37.139816,41.107353],[37.138046,41.106202],[37.136099,41.104787],[37.134949,41.103459],[37.133799,41.101513],[37.132825,41.098504],[37.130171,41.094788],[37.127605,41.093549],[37.124066,41.092134],[37.121146,41.091514],[37.118137,41.091072],[37.117577,41.091223],[37.115837,41.091691],[37.114156,41.092665],[37.111767,41.094877],[37.110174,41.096558],[37.109466,41.097266],[37.107165,41.098239],[37.104157,41.099655],[37.101591,41.100097],[37.099114,41.100097],[37.094424,41.101424],[37.091592,41.10284],[37.08969,41.104084],[37.089292,41.104344],[37.088761,41.10467],[37.086549,41.106025],[37.082302,41.108591],[37.078055,41.110981],[37.074958,41.11275],[37.071507,41.113723],[37.07018,41.113812],[37.066729,41.11337],[37.063013,41.113104],[37.05965,41.112927],[37.05443,41.1116],[37.053766,41.111334],[37.050448,41.110007],[37.049825,41.10973],[37.048855,41.109299],[37.045316,41.107707],[37.039919,41.105052],[37.038705,41.104597],[37.037795,41.104256],[37.03669,41.104122],[37.032663,41.103636],[37.029124,41.103371],[37.026469,41.103283],[37.022753,41.103194],[37.020718,41.103194],[37.018683,41.102575],[37.017739,41.102125],[37.016825,41.10169],[37.016028,41.100805],[37.015143,41.100001],[37.015055,41.09992],[37.013551,41.099481],[37.012931,41.099301],[37.009569,41.097531],[37.008617,41.09711],[37.004968,41.095496],[37.0028,41.091702],[37.00249,41.09116],[37.002313,41.089656],[37.002756,41.086294],[37.002579,41.082489],[37.001252,41.078065],[36.999393,41.074614],[36.997004,41.072491],[36.992138,41.069394],[36.991106,41.068671],[36.985944,41.065058],[36.981697,41.062227],[36.979396,41.060899],[36.978127,41.060399],[36.976476,41.059749],[36.973645,41.058557],[36.973114,41.058333],[36.969752,41.057094],[36.967643,41.055296],[36.966743,41.054528],[36.964885,41.052316],[36.964089,41.050193],[36.964266,41.047627],[36.965328,41.045149],[36.966876,41.04161],[36.969464,41.036434],[36.97172,41.034642],[36.974972,41.032187],[36.977693,41.030129],[36.979817,41.027807],[36.981675,41.025285],[36.983267,41.022166],[36.98486,41.018715],[36.985922,41.015662],[36.986652,41.012411],[36.986386,41.010088],[36.984661,41.007765],[36.982895,41.006147],[36.982272,41.005575],[36.979817,41.003385],[36.975968,41.001726],[36.974316,41.000922],[36.970924,40.999271],[36.968941,40.997756],[36.966957,40.996242],[36.964903,40.994991],[36.962046,40.993252],[36.958382,40.990312],[36.955395,40.987193],[36.950949,40.984738],[36.947764,40.984008],[36.947425,40.984077],[36.947087,40.984146],[36.944844,40.984605],[36.943118,40.984804],[36.940862,40.984804],[36.939804,40.984403],[36.938938,40.984074],[36.935487,40.983477],[36.932434,40.981221],[36.929514,40.978301],[36.927523,40.976177],[36.925731,40.974053],[36.921219,40.968413],[36.919278,40.965177],[36.918432,40.964132],[36.918407,40.964107],[36.916242,40.961893],[36.914798,40.96025],[36.914683,40.959884],[36.9145,40.959304],[36.91457,40.958693],[36.914649,40.95801],[36.915744,40.956069],[36.917237,40.953531],[36.918309,40.951517],[36.91888,40.950445],[36.919209,40.949714],[36.920671,40.946463],[36.920821,40.944672],[36.920323,40.94283],[36.919394,40.942598],[36.918929,40.942482],[36.916939,40.941785],[36.915456,40.941182]]]}},{"type":"Feature","properties":{"id":"TR-D-55-016","parent_id":"TR-P-55","region_id":"TR-R-KAR","level":"district","municipality_type":null,"municipality_type_label":null,"is_metropolitan_municipality":null,"name":"Vezirköprü","name_ascii":"vezirkopru","slug":"vezirkopru-samsun"},"geometry":{"type":"Polygon","coordinates":[[[34.929523,41.314642],[34.929569,41.314687],[34.929939,41.314979],[34.930348,41.315247],[34.930786,41.315482],[34.93125,41.315696],[34.931734,41.315892],[34.932231,41.316077],[34.932328,41.31611],[34.932737,41.316251],[34.933251,41.316418],[34.93429,41.316734],[34.935361,41.317031],[34.936894,41.317421],[34.937011,41.317451],[34.943594,41.319061],[34.945785,41.319584],[34.946887,41.319829],[34.947027,41.319858],[34.947455,41.319947],[34.949168,41.320278],[34.952033,41.320799],[34.958345,41.321925],[34.959213,41.322075],[34.96007,41.322224],[34.961222,41.322414],[34.962377,41.322593],[34.965079,41.322979],[34.965613,41.323067],[34.966142,41.323165],[34.966663,41.323277],[34.967174,41.323409],[34.967699,41.323575],[34.968212,41.323762],[34.968718,41.323965],[34.969218,41.32418],[34.970207,41.324631],[34.971677,41.325334],[34.973291,41.326121],[34.97412,41.326525],[34.97509,41.327007],[34.976049,41.327499],[34.976519,41.327752],[34.97698,41.328013],[34.977428,41.328284],[34.977859,41.328569],[34.978262,41.328868],[34.978645,41.329182],[34.97901,41.32951],[34.979358,41.329849],[34.979639,41.330145],[34.980721,41.331355],[34.981057,41.331708],[34.981409,41.332047],[34.981783,41.332367],[34.982185,41.332662],[34.982579,41.3329],[34.982998,41.333111],[34.98344,41.333298],[34.983881,41.333452],[34.983901,41.333459],[34.984356,41.333588],[34.984824,41.333698],[34.985301,41.333791],[34.985786,41.333871],[34.986277,41.333939],[34.986772,41.333997],[34.987767,41.334085],[34.98877,41.33415],[34.991788,41.334314],[34.992002,41.33433],[34.992789,41.334389],[34.993287,41.334437],[34.993782,41.334493],[34.994273,41.334559],[34.994759,41.334638],[34.995237,41.33473],[34.995429,41.334776],[34.995706,41.334841],[34.995953,41.334913],[34.996182,41.33498],[34.996644,41.335142],[34.996958,41.33527],[34.997092,41.335324],[34.997524,41.335529],[34.997967,41.335773],[34.998391,41.336038],[34.9988,41.33632],[34.999194,41.336616],[34.999584,41.336932],[34.99996,41.337258],[35.000324,41.337593],[35.000674,41.337937],[35.001021,41.338302],[35.001355,41.338675],[35.001676,41.339054],[35.001986,41.339437],[35.002005,41.339461],[35.002738,41.340404],[35.002998,41.340716],[35.003273,41.341016],[35.003611,41.341338],[35.003977,41.341634],[35.004373,41.341901],[35.004803,41.34213],[35.005266,41.342313],[35.005759,41.342461],[35.006274,41.342583],[35.006806,41.342685],[35.007349,41.342773],[35.00752,41.342797],[35.0079,41.342851],[35.00902,41.342984],[35.010476,41.343126],[35.010721,41.34315],[35.01186,41.343238],[35.012428,41.343274],[35.014153,41.343365],[35.014708,41.343406],[35.015242,41.343465],[35.015406,41.343492],[35.015748,41.343549],[35.016214,41.34367],[35.016624,41.343844],[35.016956,41.344075],[35.017227,41.344356],[35.017443,41.344675],[35.017605,41.345024],[35.01771,41.345396],[35.017753,41.345772],[35.017753,41.346161],[35.017723,41.346558],[35.017561,41.347777],[35.017553,41.347847],[35.017516,41.348187],[35.017489,41.3486],[35.017484,41.349011],[35.017505,41.349419],[35.017555,41.349823],[35.017643,41.35022],[35.017778,41.350616],[35.017954,41.351003],[35.018164,41.35138],[35.018405,41.351746],[35.018679,41.352099],[35.018986,41.352436],[35.01934,41.352763],[35.019724,41.353075],[35.02013,41.353376],[35.020552,41.353668],[35.020985,41.353954],[35.021869,41.354517],[35.023248,41.35537],[35.023664,41.355628],[35.024782,41.35631],[35.029808,41.35596],[35.034251,41.349778],[35.03486,41.348884],[35.035965,41.346991],[35.036675,41.345807],[35.037779,41.345176],[35.038568,41.343993],[35.039988,41.343598],[35.041014,41.343914],[35.042276,41.344781],[35.043696,41.345649],[35.045274,41.346202],[35.046931,41.346438],[35.050008,41.346991],[35.052532,41.347385],[35.05553,41.347385],[35.058292,41.347543],[35.06058,41.347701],[35.062394,41.347701],[35.064209,41.346991],[35.065056,41.346356],[35.065471,41.346044],[35.067207,41.345018],[35.06981,41.344466],[35.073755,41.343835],[35.076516,41.34344],[35.078647,41.342967],[35.079988,41.342257],[35.080974,41.341147],[35.08125,41.340837],[35.082355,41.340127],[35.083538,41.340127],[35.086773,41.340363],[35.088193,41.340442],[35.089534,41.340758],[35.091427,41.341073],[35.093479,41.340679],[35.095846,41.340363],[35.097187,41.340284],[35.098212,41.340442],[35.098607,41.340442],[35.099001,41.340442],[35.100421,41.340127],[35.10192,41.339732],[35.102608,41.339437],[35.104129,41.338785],[35.105786,41.337997],[35.107759,41.33705],[35.109415,41.336892],[35.11052,41.337208],[35.112413,41.337523],[35.115096,41.337602],[35.118347,41.337569],[35.119353,41.337865],[35.125092,41.338516],[35.128406,41.338516],[35.129493,41.338388],[35.130418,41.338279],[35.133376,41.337392],[35.136631,41.336741],[35.139589,41.336208],[35.142789,41.335568],[35.149152,41.335665],[35.154576,41.32832],[35.164507,41.322575],[35.172688,41.319477],[35.180949,41.318899],[35.185554,41.318576],[35.193144,41.313714],[35.19664,41.309298],[35.19662,41.302243],[35.19776,41.291658],[35.194795,41.277111],[35.197703,41.271814],[35.204714,41.270921],[35.217559,41.266489],[35.227489,41.264706],[35.237411,41.260719],[35.247178,41.251001],[35.249554,41.250263],[35.254469,41.248736],[35.271489,41.243525],[35.273129,41.243008],[35.274213,41.242649],[35.274738,41.242466],[35.275781,41.242089],[35.277336,41.241507],[35.28509,41.23856],[35.287152,41.237767],[35.288685,41.237154],[35.289689,41.236723],[35.291168,41.236045],[35.295556,41.233942],[35.297028,41.233255],[35.298023,41.23282],[35.298528,41.232616],[35.299042,41.232424],[35.299555,41.232251],[35.300077,41.232091],[35.301135,41.231797],[35.302744,41.231388],[35.304363,41.230997],[35.305446,41.230744],[35.306533,41.230501],[35.307627,41.230278],[35.308199,41.230174],[35.309349,41.229986],[35.310506,41.229815],[35.311668,41.229657],[35.312833,41.229517],[35.313418,41.229458],[35.314005,41.229409],[35.314557,41.229376],[35.315111,41.229353],[35.316222,41.229334],[35.316777,41.229337],[35.317331,41.229349],[35.317884,41.229373],[35.318471,41.229414],[35.319053,41.229469],[35.319627,41.229537],[35.320192,41.229618],[35.320742,41.229715],[35.321272,41.229832],[35.321772,41.229974],[35.322231,41.230152],[35.322635,41.230377],[35.322879,41.230572],[35.323093,41.230793],[35.323282,41.231035],[35.32351,41.231391],[35.323713,41.23177],[35.323897,41.232165],[35.324068,41.23257],[35.324888,41.234653],[35.325069,41.235067],[35.325264,41.235477],[35.325465,41.235857],[35.32568,41.236232],[35.325807,41.236438],[35.325908,41.236602],[35.326147,41.236967],[35.326396,41.237328],[35.326657,41.237681],[35.326931,41.238027],[35.327221,41.238362],[35.327532,41.238684],[35.327869,41.238987],[35.328275,41.239295],[35.328713,41.239581],[35.329173,41.23985],[35.32965,41.240105],[35.330139,41.240347],[35.33064,41.240576],[35.331149,41.240791],[35.331668,41.240989],[35.332198,41.241163],[35.332741,41.241307],[35.333284,41.241411],[35.33384,41.241486],[35.334403,41.24154],[35.334973,41.241578],[35.336122,41.241623],[35.337277,41.24164],[35.338432,41.241632],[35.339008,41.241615],[35.339583,41.241587],[35.340155,41.241543],[35.340723,41.241481],[35.341289,41.241403],[35.341854,41.241314],[35.342979,41.241115],[35.34579,41.240589],[35.34692,41.240405],[35.347489,41.240329],[35.348029,41.240271],[35.348571,41.240224],[35.349114,41.240188],[35.349658,41.240161],[35.350201,41.240144],[35.350742,41.240137],[35.351281,41.240143],[35.351816,41.240165],[35.352345,41.240208],[35.352866,41.240278],[35.353088,41.240323],[35.353399,41.240387],[35.353923,41.240526],[35.354439,41.240687],[35.354949,41.240866],[35.355452,41.241058],[35.355947,41.241263],[35.356435,41.241479],[35.356911,41.241707],[35.357372,41.24195],[35.357813,41.242212],[35.358241,41.242503],[35.358407,41.242631],[35.358646,41.242814],[35.359032,41.243139],[35.359399,41.243476],[35.359747,41.243824],[35.360075,41.244182],[35.360376,41.244551],[35.360644,41.244934],[35.360867,41.245321],[35.361061,41.245719],[35.361236,41.246124],[35.361713,41.247359],[35.361878,41.247769],[35.362058,41.248175],[35.36226,41.248573],[35.362478,41.248943],[35.362719,41.249306],[35.362978,41.249661],[35.363252,41.250009],[35.36354,41.250351],[35.363841,41.250685],[35.364156,41.25101],[35.364486,41.251324],[35.364836,41.251622],[35.365211,41.2519],[35.365646,41.252172],[35.366107,41.252422],[35.366588,41.252656],[35.367083,41.252876],[35.367589,41.253087],[35.368623,41.253484],[35.369148,41.253671],[35.369679,41.253848],[35.370215,41.254014],[35.370759,41.254164],[35.371288,41.254291],[35.371823,41.254405],[35.372904,41.254606],[35.374536,41.254885],[35.375621,41.25508],[35.37616,41.255187],[35.376728,41.25531],[35.377855,41.255578],[35.378974,41.255868],[35.380638,41.256332],[35.381725,41.256661],[35.38216,41.256801],[35.385541,41.259147],[35.386538,41.259839],[35.387075,41.260813],[35.389007,41.264313],[35.389028,41.26436],[35.389259,41.26536],[35.389259,41.267282],[35.389259,41.268051],[35.388875,41.269436],[35.388336,41.271051],[35.38749,41.272127],[35.385798,41.274742],[35.384875,41.27705],[35.384722,41.278665],[35.385183,41.279741],[35.385491,41.28051],[35.385321,41.28123],[35.387576,41.284807],[35.388971,41.28741],[35.38925,41.288773],[35.389604,41.290504],[35.389808,41.291502],[35.389343,41.29457],[35.387549,41.296812],[35.387483,41.296895],[35.384322,41.299963],[35.381532,41.302567],[35.377813,41.303868],[35.374744,41.305914],[35.373616,41.306476],[35.371769,41.308704],[35.37025,41.309961],[35.369725,41.311273],[35.36811,41.313504],[35.366956,41.314349],[35.364803,41.315119],[35.361111,41.316195],[35.358036,41.317001],[35.357881,41.317041],[35.357497,41.318195],[35.356727,41.319195],[35.356574,41.320194],[35.356727,41.32104],[35.356727,41.322271],[35.355805,41.323348],[35.352728,41.324501],[35.350729,41.325116],[35.348421,41.326808],[35.347114,41.328039],[35.346883,41.329423],[35.34673,41.331346],[35.347806,41.333961],[35.351498,41.337114],[35.353344,41.338191],[35.355881,41.339191],[35.358342,41.339652],[35.359727,41.340267],[35.363034,41.341805],[35.364572,41.343113],[35.366264,41.344728],[35.36834,41.345958],[35.370186,41.346727],[35.372724,41.346804],[35.377646,41.346651],[35.379723,41.346804],[35.382722,41.345728],[35.384337,41.345189],[35.386875,41.345189],[35.389028,41.343959],[35.390874,41.342959],[35.393181,41.342498],[35.395719,41.342498],[35.398257,41.342651],[35.400795,41.342498],[35.403564,41.34219],[35.40864,41.341805],[35.412331,41.341805],[35.41685,41.339927],[35.420183,41.338344],[35.424515,41.335095],[35.427431,41.333096],[35.432179,41.330513],[35.436761,41.329014],[35.439594,41.328181],[35.440843,41.325265],[35.443004,41.321511],[35.444009,41.319766],[35.444502,41.318635],[35.445425,41.316517],[35.448258,41.314268],[35.45209,41.312602],[35.454173,41.310519],[35.456672,41.30702],[35.457838,41.304021],[35.459421,41.300189],[35.461171,41.298106],[35.46292,41.296606],[35.465253,41.29494],[35.466336,41.293524],[35.467086,41.292108],[35.467335,41.290691],[35.466419,41.287276],[35.465892,41.284774],[35.465753,41.28411],[35.466502,41.280028],[35.468169,41.277112],[35.468701,41.27658],[35.471466,41.274161],[35.474912,41.271273],[35.479399,41.270246],[35.480519,41.270001],[35.481644,41.269775],[35.48221,41.269674],[35.482778,41.269585],[35.483267,41.269522],[35.483331,41.269513],[35.483424,41.269504],[35.484444,41.269401],[35.486124,41.269276],[35.488372,41.269141],[35.49006,41.269055],[35.490633,41.269035],[35.491185,41.269015],[35.491727,41.269005],[35.491748,41.269004],[35.492311,41.269003],[35.492898,41.269014],[35.494048,41.269064],[35.494073,41.269065],[35.494188,41.269072],[35.495835,41.269179],[35.497591,41.269326],[35.498752,41.269451],[35.49929,41.269524],[35.499327,41.269529],[35.499894,41.269624],[35.500452,41.269741],[35.500745,41.269817],[35.50096,41.269874],[35.501459,41.270027],[35.501951,41.270196],[35.502257,41.270309],[35.502438,41.270376],[35.502544,41.270418],[35.502918,41.270567],[35.503286,41.27072],[35.503394,41.270766],[35.503601,41.270857],[35.503863,41.270972],[35.504324,41.271188],[35.504625,41.271338],[35.504776,41.271413],[35.504895,41.271478],[35.505214,41.271651],[35.505635,41.271905],[35.50604,41.272181],[35.506426,41.272473],[35.506799,41.272777],[35.507161,41.27309],[35.507374,41.273283],[35.507514,41.27341],[35.507959,41.273839],[35.508194,41.274065],[35.508504,41.274383],[35.508521,41.274399],[35.508564,41.274447],[35.508835,41.274739],[35.508964,41.274888],[35.509133,41.275085],[35.509322,41.275324],[35.509411,41.275438],[35.50948,41.275538],[35.509662,41.275801],[35.509891,41.276198],[35.510091,41.276605],[35.51027,41.27702],[35.510584,41.277864],[35.511004,41.27915],[35.511929,41.28217],[35.512339,41.283462],[35.512635,41.284319],[35.512796,41.284744],[35.51297,41.285166],[35.513156,41.285573],[35.513357,41.285977],[35.513569,41.286376],[35.513793,41.28677],[35.513934,41.287005],[35.514027,41.287159],[35.514274,41.28754],[35.514492,41.287848],[35.514537,41.287912],[35.514821,41.288269],[35.515132,41.288608],[35.515479,41.288921],[35.515727,41.289098],[35.516542,41.289582],[35.516801,41.289715],[35.517294,41.289939],[35.517672,41.290095],[35.517802,41.290149],[35.517944,41.290202],[35.518321,41.290345],[35.51885,41.290527],[35.519388,41.290693],[35.519871,41.290821],[35.519935,41.290838],[35.519994,41.290851],[35.520491,41.290956],[35.520975,41.29103],[35.521054,41.291042],[35.521114,41.291048],[35.521626,41.291102],[35.522204,41.291143],[35.522751,41.291166],[35.523372,41.291191],[35.525722,41.291238],[35.526894,41.291275],[35.527477,41.291306],[35.528057,41.29135],[35.528632,41.291413],[35.528673,41.291419],[35.529177,41.291494],[35.529717,41.291592],[35.530253,41.291704],[35.530786,41.291826],[35.531843,41.292092],[35.532883,41.292387],[35.533393,41.292546],[35.533892,41.292716],[35.534378,41.292901],[35.534844,41.293105],[35.535055,41.293215],[35.535284,41.293334],[35.535718,41.293612],[35.536123,41.293917],[35.536391,41.294145],[35.536508,41.294244],[35.536558,41.29429],[35.536877,41.294585],[35.537237,41.294935],[35.537589,41.295293],[35.538281,41.296021],[35.541013,41.298966],[35.542394,41.300428],[35.543437,41.301489],[35.544818,41.302829],[35.545984,41.303937],[35.546567,41.30449],[35.547274,41.30515],[35.547991,41.305803],[35.548725,41.306443],[35.549104,41.306755],[35.549507,41.30707],[35.549919,41.30738],[35.55076,41.307985],[35.552044,41.308878],[35.557657,41.312712],[35.558964,41.313586],[35.55931,41.313808],[35.559851,41.314154],[35.560302,41.31443],[35.561246,41.314972],[35.562695,41.315754],[35.565957,41.31745],[35.567588,41.318299],[35.568054,41.318546],[35.569046,41.319071],[35.570002,41.3196],[35.570471,41.319873],[35.570805,41.320077],[35.570931,41.320154],[35.571219,41.32034],[35.571375,41.320441],[35.571809,41.320737],[35.572058,41.320914],[35.572661,41.321345],[35.573915,41.322277],[35.574121,41.322433],[35.574256,41.322535],[35.577377,41.320493],[35.58124,41.318335],[35.58425,41.31657],[35.588299,41.314286],[35.592245,41.313663],[35.595732,41.313999],[35.597643,41.314183],[35.601173,41.314702],[35.60175,41.314656],[35.605118,41.31439],[35.606312,41.313883],[35.609271,41.312625],[35.613631,41.310134],[35.617784,41.30785],[35.620172,41.3065],[35.623598,41.303905],[35.62557,41.302655],[35.626712,41.301932],[35.627629,41.30157],[35.630658,41.300375],[35.635226,41.29861],[35.638017,41.298022],[35.639171,41.297779],[35.64097,41.297433],[35.644569,41.296741],[35.650591,41.293938],[35.651895,41.29316],[35.656969,41.289009],[35.659858,41.286908],[35.661267,41.286637],[35.662134,41.28647],[35.663018,41.286443],[35.664935,41.286383],[35.667298,41.285332],[35.670187,41.281393],[35.673251,41.277629],[35.675264,41.275878],[35.67684,41.272202],[35.678853,41.264849],[35.679379,41.260559],[35.678853,41.256095],[35.678065,41.253469],[35.67754,41.251193],[35.676665,41.250405],[35.673076,41.248217],[35.669924,41.246378],[35.666598,41.24349],[35.66546,41.240688],[35.664585,41.233948],[35.663447,41.227645],[35.663447,41.223706],[35.663972,41.216003],[35.664497,41.214515],[35.665985,41.212676],[35.667211,41.210488],[35.667649,41.207337],[35.667999,41.20436],[35.670275,41.198758],[35.67115,41.194469],[35.673514,41.188954],[35.675264,41.186415],[35.67789,41.182739],[35.679554,41.178799],[35.679554,41.177311],[35.679291,41.175298],[35.676752,41.16917],[35.673251,41.164093],[35.669749,41.16208],[35.664497,41.160592],[35.658982,41.159103],[35.652855,41.157965],[35.649353,41.154989],[35.647953,41.153676],[35.647427,41.152188],[35.644626,41.145448],[35.6427,41.141333],[35.641147,41.138089],[35.63921,41.134254],[35.638781,41.134204],[35.638287,41.134139],[35.637309,41.133989],[35.636828,41.133899],[35.636355,41.133796],[35.635893,41.133674],[35.635422,41.133521],[35.634966,41.133346],[35.634527,41.133148],[35.634106,41.132928],[35.633679,41.132667],[35.633271,41.132385],[35.632877,41.132088],[35.632493,41.13178],[35.632116,41.131463],[35.631008,41.130486],[35.627009,41.126854],[35.626298,41.126186],[35.625952,41.125849],[35.625615,41.125506],[35.625293,41.125157],[35.62503,41.12485],[35.62478,41.124536],[35.624542,41.124218],[35.624312,41.123881],[35.624077,41.123495],[35.623836,41.123049],[35.623605,41.122577],[35.623417,41.122159],[35.622015,41.119423],[35.621632,41.119614],[35.621088,41.119738],[35.620434,41.119805],[35.619717,41.119829],[35.618987,41.119822],[35.618288,41.119794],[35.617668,41.119758],[35.616795,41.119699],[35.616056,41.119184],[35.616076,41.118872],[35.616038,41.118542],[35.615962,41.118196],[35.61564,41.117095],[35.615531,41.116679],[35.615347,41.115829],[35.615204,41.114966],[35.615099,41.114099],[35.615062,41.113665],[35.615037,41.113231],[35.61501,41.112032],[35.61499,41.111636],[35.61495,41.111243],[35.614886,41.110866],[35.614795,41.110494],[35.614677,41.110128],[35.614529,41.10977],[35.614348,41.109422],[35.614103,41.109047],[35.61382,41.108684],[35.61351,41.108329],[35.613181,41.107981],[35.612839,41.107638],[35.611057,41.105944],[35.610358,41.105256],[35.610025,41.10491],[35.609698,41.104559],[35.60906,41.103851],[35.607819,41.102415],[35.607212,41.101691],[35.606617,41.100961],[35.605776,41.099875],[35.604957,41.09878],[35.604423,41.098045],[35.603905,41.097304],[35.603657,41.096931],[35.603417,41.096554],[35.603192,41.096173],[35.602973,41.09577],[35.602575,41.09495],[35.602206,41.09412],[35.601852,41.093284],[35.601332,41.092026],[35.600995,41.091185],[35.600678,41.090342],[35.600533,41.089918],[35.600403,41.089493],[35.600294,41.089066],[35.600218,41.08867],[35.600165,41.088273],[35.600136,41.087875],[35.600134,41.087478],[35.600162,41.087082],[35.60022,41.086715],[35.600304,41.086349],[35.60041,41.085986],[35.600534,41.085624],[35.600676,41.085266],[35.600849,41.084874],[35.601039,41.084487],[35.601241,41.084104],[35.601456,41.083725],[35.601683,41.083352],[35.601925,41.082987],[35.602184,41.082632],[35.602465,41.082293],[35.602776,41.081972],[35.603091,41.0817],[35.603434,41.081448],[35.6038,41.081217],[35.604186,41.081006],[35.604592,41.080819],[35.605018,41.080658],[35.60546,41.080529],[35.605919,41.080423],[35.606389,41.080331],[35.607829,41.080081],[35.608368,41.079974],[35.608904,41.079856],[35.609437,41.079729],[35.609966,41.079592],[35.610489,41.079448],[35.611004,41.079294],[35.611509,41.079129],[35.611998,41.078951],[35.612467,41.078756],[35.612907,41.078538],[35.613308,41.07829],[35.613619,41.078043],[35.613895,41.077771],[35.614138,41.077479],[35.61435,41.077169],[35.614528,41.076845],[35.614683,41.076479],[35.614805,41.0761],[35.614899,41.075713],[35.614973,41.075319],[35.615027,41.074921],[35.615063,41.074522],[35.615084,41.074121],[35.61509,41.073719],[35.615079,41.073317],[35.61505,41.072917],[35.614999,41.072524],[35.614928,41.072134],[35.614836,41.071747],[35.614723,41.071365],[35.614584,41.070989],[35.614424,41.070637],[35.614242,41.070293],[35.614038,41.069955],[35.613814,41.069627],[35.613569,41.069307],[35.613248,41.068941],[35.612898,41.068592],[35.612518,41.068265],[35.612105,41.067964],[35.611656,41.067693],[35.611177,41.06745],[35.610676,41.067228],[35.610157,41.067027],[35.609625,41.066846],[35.60909,41.066685],[35.608014,41.066382],[35.607485,41.066219],[35.606972,41.066035],[35.606501,41.065831],[35.606046,41.065603],[35.605605,41.065358],[35.605174,41.065098],[35.60475,41.064829],[35.604334,41.064551],[35.603519,41.063975],[35.602722,41.06337],[35.601952,41.062746],[35.601573,41.062419],[35.601202,41.062087],[35.600842,41.061748],[35.600495,41.061403],[35.599949,41.060812],[35.59944,41.060202],[35.5992,41.059891],[35.598962,41.059563],[35.598512,41.058896],[35.598086,41.058219],[35.597477,41.057185],[35.596683,41.05579],[35.596267,41.055096],[35.596045,41.054754],[35.59577,41.054361],[35.595184,41.053589],[35.594567,41.052828],[35.5933,41.051319],[35.5917,41.049436],[35.590722,41.048321],[35.590386,41.047957],[35.590041,41.047601],[35.589682,41.047256],[35.589305,41.046927],[35.588901,41.046619],[35.58847,41.04634],[35.588013,41.046084],[35.587536,41.045845],[35.587044,41.04562],[35.586554,41.045413],[35.586054,41.045216],[35.585547,41.045029],[35.585033,41.044851],[35.584512,41.044685],[35.583986,41.044532],[35.582919,41.044253],[35.581841,41.043995],[35.580214,41.043627],[35.578582,41.043276],[35.57749,41.043058],[35.576942,41.042956],[35.575959,41.042794],[35.574972,41.042646],[35.57227,41.04228],[35.567701,41.041685],[35.565986,41.04147],[35.564843,41.041338],[35.56427,41.04128],[35.563696,41.04123],[35.563122,41.04119],[35.562554,41.041164],[35.561417,41.041139],[35.559706,41.041141],[35.553426,41.041224],[35.551143,41.041271],[35.549644,41.041328],[35.548646,41.041382],[35.548149,41.041416],[35.54765,41.041457],[35.546656,41.041555],[35.545667,41.041674],[35.545174,41.041742],[35.544048,41.041925],[35.542927,41.042129],[35.541845,41.042339],[35.537554,41.041086],[35.531448,41.04071],[35.529864,41.040665],[35.521724,41.041278],[35.514983,41.041365],[35.509643,41.041628],[35.502815,41.039965],[35.498701,41.038827],[35.495112,41.036638],[35.49126,41.034888],[35.490035,41.033575],[35.487496,41.030861],[35.482594,41.026922],[35.477517,41.023945],[35.472878,41.021057],[35.467625,41.01738],[35.461935,41.014579],[35.458659,41.012674],[35.455814,41.012968],[35.452184,41.01287],[35.447574,41.013164],[35.443846,41.014145],[35.441099,41.014145],[35.438156,41.01336],[35.435998,41.012281],[35.434036,41.011791],[35.431289,41.011693],[35.429327,41.011104],[35.42658,41.010319],[35.424814,41.00924],[35.421381,41.007474],[35.418928,41.006493],[35.417457,41.005512],[35.415201,41.004924],[35.412061,41.005218],[35.409511,41.00512],[35.407058,41.004728],[35.405194,41.002569],[35.40284,41.001981],[35.399897,41.001883],[35.39509,41.001981],[35.392441,41.002177],[35.390283,41.003648],[35.388027,41.005905],[35.384495,41.007278],[35.380767,41.006493],[35.377726,41.005316],[35.375176,41.005807],[35.371644,41.005709],[35.366935,41.005218],[35.363894,41.006395],[35.361147,41.007769],[35.35997,41.010123],[35.357616,41.0113],[35.356733,41.012379],[35.354476,41.015224],[35.353692,41.016401],[35.354378,41.019639],[35.354869,41.021895],[35.353594,41.02317],[35.352416,41.024936],[35.351435,41.027094],[35.35016,41.028566],[35.349069,41.029596],[35.348303,41.029981],[35.34736,41.03023],[35.346695,41.030701],[35.346487,41.030923],[35.346279,41.031145],[35.345641,41.031422],[35.344948,41.032004],[35.344255,41.03267],[35.34402,41.032794],[35.343784,41.032919],[35.342949,41.034145],[35.342537,41.034749],[35.34237,41.034873],[35.342204,41.034998],[35.340818,41.03522],[35.340153,41.035747],[35.339931,41.03644],[35.340097,41.037299],[35.340125,41.03802],[35.339917,41.038228],[35.339709,41.038435],[35.33885,41.038962],[35.338587,41.039073],[35.338323,41.039184],[35.337658,41.03935],[35.337367,41.039392],[35.337076,41.039433],[35.336905,41.039448],[35.336106,41.039517],[35.335773,41.039586],[35.33544,41.039655],[35.334359,41.039877],[35.333029,41.040154],[35.331532,41.040431],[35.330367,41.040598],[35.330173,41.040598],[35.329979,41.040598],[35.329369,41.040653],[35.328316,41.040653],[35.327041,41.040653],[35.326154,41.040515],[35.325821,41.040515],[35.325489,41.040515],[35.324407,41.040625],[35.320824,41.040503],[35.318064,41.040218],[35.315399,41.040123],[35.312829,41.039837],[35.311211,41.039171],[35.306548,41.037267],[35.302675,41.03583],[35.295318,41.034284],[35.290463,41.032603],[35.286655,41.031081],[35.281546,41.027971],[35.277765,41.026927],[35.275149,41.026205],[35.272636,41.025511],[35.268572,41.024894],[35.261243,41.023276],[35.252391,41.022324],[35.246014,41.022515],[35.237258,41.0228],[35.228977,41.023942],[35.222505,41.025465],[35.220878,41.025697],[35.216028,41.026772],[35.209374,41.030583],[35.204971,41.0339],[35.201395,41.036595],[35.191782,41.044848],[35.18136,41.054251],[35.168117,41.06373],[35.158694,41.069346],[35.146511,41.074771],[35.140325,41.077626],[35.137089,41.078388],[35.129094,41.080101],[35.122804,41.081416],[35.118529,41.081909],[35.114912,41.082005],[35.11101,41.082005],[35.106632,41.081148],[35.099684,41.081148],[35.093211,41.080672],[35.089404,41.07972],[35.085978,41.078388],[35.084493,41.078136],[35.083287,41.077509],[35.082033,41.076786],[35.080827,41.076158],[35.079235,41.076062],[35.077836,41.07611],[35.076244,41.076207],[35.074025,41.076496],[35.070459,41.07741],[35.06465,41.078701],[35.058748,41.079615],[35.054841,41.079781],[35.050352,41.079948],[35.047027,41.080031],[35.042289,41.081028],[35.039296,41.081943],[35.034724,41.082192],[35.032231,41.082608],[35.029488,41.082524],[35.024999,41.080945],[35.02184,41.079532],[35.018266,41.078784],[35.015689,41.078618],[35.013694,41.079532],[35.0112,41.080031],[35.006046,41.079781],[35.000975,41.079781],[34.996487,41.080114],[34.991582,41.080613],[34.985764,41.080613],[34.981441,41.081693],[34.976952,41.081776],[34.972214,41.08294],[34.967476,41.084353],[34.961491,41.086099],[34.954675,41.088094],[34.946528,41.090089],[34.94337,41.092084],[34.940876,41.095825],[34.938798,41.100064],[34.937218,41.103805],[34.934808,41.106797],[34.934475,41.109125],[34.935971,41.112865],[34.939795,41.117603],[34.945115,41.12176],[34.950352,41.124004],[34.953926,41.126664],[34.955755,41.129407],[34.955755,41.133647],[34.956836,41.139632],[34.95775,41.143871],[34.959579,41.150937],[34.961408,41.155841],[34.963153,41.163156],[34.963237,41.166897],[34.96307,41.172466],[34.962821,41.176789],[34.961657,41.179033],[34.960078,41.182857],[34.958083,41.185018],[34.955589,41.186681],[34.953261,41.187761],[34.947775,41.188842],[34.943536,41.190588],[34.939296,41.192084],[34.936304,41.193913],[34.934059,41.195575],[34.930984,41.19782],[34.930319,41.199731],[34.930153,41.203472],[34.930295,41.206114],[34.929799,41.216198],[34.927547,41.223926],[34.927051,41.227893],[34.924943,41.230001],[34.922092,41.232232],[34.918992,41.233968],[34.914405,41.238431],[34.911429,41.241655],[34.909843,41.244081],[34.909124,41.245718],[34.908897,41.24705],[34.908745,41.247936],[34.909677,41.250518],[34.91147,41.253029],[34.912259,41.253961],[34.914698,41.254894],[34.917208,41.255037],[34.922092,41.255416],[34.926809,41.253479],[34.928093,41.252665],[34.929158,41.251697],[34.930894,41.249961],[34.932506,41.248225],[34.935853,41.245498],[34.938333,41.24401],[34.94168,41.24215],[34.944656,41.240787],[34.948375,41.238927],[34.948623,41.238927],[34.948871,41.238927],[34.952094,41.238679],[34.95507,41.236075],[34.958789,41.23372],[34.961641,41.231984],[34.965856,41.229753],[34.970443,41.228761],[34.97441,41.231736],[34.976642,41.23558],[34.97751,41.240043],[34.978502,41.244506],[34.978502,41.248721],[34.978626,41.252317],[34.981849,41.256904],[34.983461,41.260003],[34.983337,41.263723],[34.982097,41.267814],[34.978254,41.270665],[34.974906,41.271905],[34.972551,41.271037],[34.968212,41.268682],[34.963376,41.266822],[34.958913,41.265706],[34.954905,41.265225],[34.948659,41.267587],[34.94308,41.27019],[34.938152,41.273166],[34.936382,41.274255],[34.934944,41.27514],[34.934245,41.275865],[34.932202,41.277986],[34.932565,41.278699],[34.933791,41.281106],[34.938172,41.286071],[34.944008,41.299303],[34.940494,41.305915],[34.938072,41.306472],[34.938027,41.30656],[34.937821,41.306884],[34.937582,41.307192],[34.937306,41.307481],[34.937256,41.307522],[34.936974,41.307757],[34.936606,41.30801],[34.93621,41.308246],[34.935791,41.308466],[34.935354,41.308673],[34.934902,41.308865],[34.934728,41.308932],[34.934438,41.309044],[34.933961,41.309207],[34.93349,41.309349],[34.932053,41.309733],[34.931583,41.309867],[34.931125,41.310014],[34.930669,41.310186],[34.93024,41.31038],[34.929843,41.310598],[34.929488,41.310843],[34.929202,41.311101],[34.92897,41.311371],[34.928962,41.311381],[34.928768,41.311679],[34.928623,41.31199],[34.928534,41.312312],[34.928507,41.31266],[34.928543,41.313012],[34.928634,41.313361],[34.928777,41.313704],[34.928972,41.314034],[34.929244,41.314371],[34.929523,41.314642]]]}},{"type":"Feature","properties":{"id":"TR-D-55-017","parent_id":"TR-P-55","region_id":"TR-R-KAR","level":"district","municipality_type":null,"municipality_type_label":null,"is_metropolitan_municipality":null,"name":"Yakakent","name_ascii":"yakakent","slug":"yakakent-samsun"},"geometry":{"type":"Polygon","coordinates":[[[35.413061,41.683277],[35.413172,41.683235],[35.413322,41.683214],[35.413429,41.683243],[35.413429,41.683244],[35.413387,41.683361],[35.413225,41.683372],[35.413049,41.683436],[35.412839,41.683576],[35.412727,41.683687],[35.412626,41.683773],[35.412587,41.683888],[35.412593,41.684025],[35.41268,41.684119],[35.413645,41.684103],[35.414163,41.684012],[35.415246,41.68367],[35.415711,41.683414],[35.416139,41.683129],[35.416594,41.682768],[35.416699,41.68255],[35.416879,41.682217],[35.417079,41.682056],[35.417354,41.681989],[35.418275,41.681923],[35.418579,41.681875],[35.418712,41.68179],[35.41875,41.681467],[35.418665,41.681325],[35.41856,41.681211],[35.418437,41.681106],[35.418408,41.680821],[35.418342,41.680707],[35.41818,41.680631],[35.418048,41.680498],[35.418038,41.680261],[35.418086,41.680051],[35.418095,41.680014],[35.418166,41.67993],[35.418247,41.679834],[35.418293,41.679724],[35.418769,41.67859],[35.418969,41.67821],[35.419985,41.67632],[35.420318,41.67583],[35.420532,41.675516],[35.420754,41.67519],[35.421419,41.67442],[35.423395,41.672777],[35.427203,41.670878],[35.428964,41.670007],[35.432559,41.668228],[35.434725,41.667174],[35.437697,41.665731],[35.439976,41.664544],[35.44047,41.664297],[35.440651,41.66404],[35.441069,41.663537],[35.44256,41.662359],[35.443382,41.661645],[35.443794,41.661286],[35.445285,41.660299],[35.446311,41.659501],[35.447346,41.658941],[35.449369,41.657535],[35.454051,41.654629],[35.454773,41.654325],[35.455637,41.653632],[35.456596,41.652948],[35.457708,41.652264],[35.459142,41.651543],[35.462963,41.649898],[35.464415,41.649342],[35.465002,41.649064],[35.466207,41.648523],[35.468648,41.647643],[35.470085,41.647071],[35.470749,41.646793],[35.471552,41.646608],[35.473234,41.646097],[35.475573,41.64551],[35.47772,41.645179],[35.479941,41.644841],[35.480735,41.644675],[35.481854,41.644516],[35.482374,41.644437],[35.483232,41.644235],[35.483651,41.644206],[35.484329,41.644098],[35.484748,41.644025],[35.485217,41.643982],[35.485888,41.643867],[35.48635,41.643787],[35.488328,41.64352],[35.490247,41.643253],[35.491056,41.643109],[35.491814,41.64303],[35.49458,41.643001],[35.494607,41.643001],[35.495899,41.642777],[35.496945,41.642611],[35.497479,41.642358],[35.497717,41.642149],[35.498284,41.641719],[35.498374,41.641651],[35.498486,41.641603],[35.498728,41.6415],[35.499893,41.641254],[35.500565,41.641175],[35.502937,41.640926],[35.503895,41.640984],[35.504625,41.641037],[35.505409,41.641149],[35.507675,41.64144],[35.508437,41.641535],[35.508617,41.641641],[35.508919,41.641831],[35.509203,41.642077],[35.509385,41.642177],[35.509714,41.642337],[35.510028,41.642491],[35.510288,41.642676],[35.510392,41.642682],[35.51047,41.6426],[35.510511,41.642519],[35.510452,41.642441],[35.510357,41.642384],[35.51006,41.642295],[35.509019,41.641525],[35.508581,41.641222],[35.507414,41.641047],[35.506047,41.640835],[35.505367,41.640735],[35.504737,41.640673],[35.503851,41.64066],[35.502902,41.640617],[35.502622,41.640592],[35.502004,41.640473],[35.501155,41.640411],[35.500806,41.640367],[35.500593,41.640317],[35.500425,41.64018],[35.500368,41.640118],[35.500215,41.639951],[35.500178,41.639813],[35.50021,41.639633],[35.50031,41.639411],[35.5004,41.639168],[35.500554,41.638978],[35.500728,41.638734],[35.501062,41.638406],[35.501331,41.638311],[35.501728,41.638216],[35.502786,41.637957],[35.502968,41.637935],[35.503024,41.638035],[35.503027,41.638283],[35.502915,41.638363],[35.502577,41.638363],[35.502506,41.638456],[35.502506,41.638655],[35.502577,41.638678],[35.502627,41.638695],[35.50298,41.638679],[35.503042,41.638751],[35.502993,41.638841],[35.502909,41.638869],[35.502794,41.63889],[35.502558,41.638884],[35.502506,41.638968],[35.502509,41.639033],[35.50254,41.639135],[35.502633,41.639197],[35.5029,41.639172],[35.503086,41.639138],[35.503082,41.639318],[35.503061,41.639383],[35.502698,41.63939],[35.502596,41.639448],[35.50259,41.639613],[35.502622,41.639702],[35.503044,41.63968],[35.503153,41.639685],[35.503214,41.639759],[35.503323,41.639789],[35.503319,41.638975],[35.503258,41.638801],[35.503258,41.638359],[35.503258,41.638248],[35.503375,41.638039],[35.503497,41.637948],[35.503641,41.637957],[35.503833,41.637913],[35.503985,41.637839],[35.504455,41.637665],[35.504821,41.637487],[35.504964,41.637443],[35.505186,41.637421],[35.505617,41.637404],[35.505905,41.63736],[35.506266,41.637299],[35.506427,41.637313],[35.506507,41.637427],[35.506527,41.637456],[35.506671,41.637434],[35.506678,41.637388],[35.506688,41.637321],[35.506771,41.637217],[35.50695,41.637165],[35.507093,41.63716],[35.507402,41.637069],[35.507598,41.636986],[35.507872,41.636908],[35.508504,41.636742],[35.508839,41.636747],[35.509181,41.63685],[35.509213,41.63686],[35.509627,41.637896],[35.509531,41.637974],[35.509374,41.638005],[35.509065,41.638057],[35.508961,41.638131],[35.508948,41.638244],[35.508996,41.638366],[35.509283,41.638349],[35.509418,41.638262],[35.509583,41.63827],[35.509653,41.638384],[35.509574,41.638475],[35.5095,41.638492],[35.509315,41.638506],[35.509164,41.638593],[35.509172,41.638728],[35.509292,41.6388],[35.509601,41.638808],[35.509871,41.638681],[35.510046,41.638752],[35.509879,41.638903],[35.509689,41.639252],[35.509387,41.639578],[35.509093,41.639832],[35.508783,41.639856],[35.508704,41.639999],[35.508831,41.640213],[35.509133,41.640189],[35.50949,41.63984],[35.509712,41.639467],[35.510395,41.638712],[35.509522,41.636783],[35.509526,41.636777],[35.509665,41.636553],[35.510014,41.636298],[35.510665,41.636084],[35.51215,41.635941],[35.512873,41.635782],[35.513413,41.635592],[35.514207,41.63552],[35.515144,41.635417],[35.516128,41.635258],[35.518533,41.634972],[35.518859,41.634929],[35.519435,41.634854],[35.519536,41.634832],[35.519827,41.634767],[35.520167,41.634745],[35.520232,41.634741],[35.520344,41.634721],[35.52109,41.634588],[35.521374,41.634488],[35.521757,41.634484],[35.521911,41.634513],[35.522245,41.634575],[35.522541,41.634671],[35.522593,41.634776],[35.522593,41.634893],[35.52245,41.634959],[35.522271,41.634972],[35.522175,41.635068],[35.522293,41.635129],[35.522576,41.635085],[35.522829,41.635076],[35.523095,41.635037],[35.523217,41.634976],[35.52326,41.634898],[35.522964,41.63485],[35.522951,41.634728],[35.523051,41.63461],[35.523151,41.634514],[35.523369,41.634392],[35.52353,41.634301],[35.524306,41.634327],[35.524449,41.634414],[35.524532,41.634497],[35.524567,41.634606],[35.52448,41.634706],[35.52421,41.634754],[35.524258,41.63485],[35.524532,41.634863],[35.524933,41.63485],[35.525164,41.634758],[35.525077,41.634663],[35.524929,41.634663],[35.524902,41.634558],[35.524959,41.634445],[35.52519,41.634288],[35.525343,41.63421],[35.525682,41.634131],[35.526035,41.634131],[35.526257,41.634127],[35.526432,41.634192],[35.526558,41.634292],[35.526724,41.634427],[35.526693,41.634554],[35.526628,41.634576],[35.526558,41.634589],[35.526432,41.634689],[35.52658,41.63475],[35.526889,41.634724],[35.527085,41.634689],[35.527469,41.634671],[35.527591,41.634597],[35.527591,41.634488],[35.527425,41.634449],[35.527138,41.634445],[35.527198,41.634323],[35.527381,41.634223],[35.527617,41.634157],[35.528138,41.634021],[35.530285,41.633973],[35.531691,41.633918],[35.532686,41.634055],[35.532947,41.634213],[35.533578,41.634357],[35.53412,41.634275],[35.534353,41.634103],[35.534977,41.633856],[35.535608,41.633609],[35.536075,41.633349],[35.536452,41.633198],[35.537008,41.633074],[35.537435,41.632982],[35.537736,41.632887],[35.538503,41.632749],[35.53984,41.632775],[35.541141,41.632525],[35.542469,41.632413],[35.544132,41.632309],[35.545361,41.63235],[35.545317,41.63214],[35.545058,41.630925],[35.54449,41.628912],[35.543767,41.627724],[35.540927,41.625658],[35.539843,41.625245],[35.539636,41.624213],[35.53912,41.62256],[35.537777,41.620598],[35.536693,41.617861],[35.533285,41.612439],[35.531994,41.610477],[35.529593,41.606639],[35.529386,41.604298],[35.528285,41.602026],[35.526219,41.599203],[35.524223,41.597826],[35.520642,41.595898],[35.5172,41.594039],[35.513551,41.5928],[35.507355,41.59218],[35.502466,41.59101],[35.496752,41.589564],[35.493034,41.589564],[35.490349,41.588807],[35.486424,41.585227],[35.479815,41.579306],[35.473136,41.573591],[35.471691,41.57249],[35.469832,41.571044],[35.468386,41.569116],[35.46756,41.567739],[35.465356,41.566293],[35.464255,41.565123],[35.462602,41.564641],[35.461845,41.564228],[35.460675,41.562782],[35.460193,41.562162],[35.45978,41.560923],[35.459298,41.558995],[35.45799,41.556654],[35.457576,41.555277],[35.456681,41.554726],[35.455236,41.55452],[35.452413,41.553694],[35.450278,41.553694],[35.445115,41.553625],[35.439676,41.553074],[35.435614,41.552592],[35.431827,41.551628],[35.428797,41.551009],[35.427283,41.547704],[35.426112,41.543504],[35.425906,41.53655],[35.426319,41.534347],[35.428178,41.530354],[35.431551,41.523331],[35.432515,41.520646],[35.435889,41.507358],[35.437748,41.501024],[35.438299,41.497995],[35.438299,41.494828],[35.43761,41.492762],[35.436646,41.49111],[35.435407,41.490834],[35.432446,41.49111],[35.426043,41.493451],[35.421706,41.495654],[35.416542,41.498821],[35.411792,41.503847],[35.4089,41.505293],[35.405458,41.506257],[35.402015,41.50667],[35.4005,41.506325],[35.398435,41.505086],[35.396645,41.503158],[35.394992,41.500335],[35.39396,41.496549],[35.393547,41.493588],[35.394579,41.487392],[35.396783,41.47975],[35.397669,41.475797],[35.396573,41.475335],[35.395015,41.474528],[35.394462,41.474182],[35.393631,41.473663],[35.392939,41.472394],[35.391093,41.471529],[35.38942,41.471298],[35.387171,41.47199],[35.386421,41.472913],[35.38521,41.474355],[35.383537,41.474874],[35.382711,41.4752],[35.381345,41.475739],[35.380001,41.476197],[35.379086,41.476508],[35.377856,41.476893],[35.375702,41.477893],[35.374164,41.4792],[35.372549,41.479969],[35.371165,41.481738],[35.36978,41.483122],[35.367165,41.483968],[35.364551,41.485045],[35.363673,41.488321],[35.364157,41.490948],[35.364641,41.492399],[35.36471,41.494403],[35.364848,41.496822],[35.363742,41.499932],[35.361669,41.503872],[35.359388,41.506982],[35.357591,41.509331],[35.356347,41.511958],[35.355293,41.514525],[35.354965,41.518247],[35.35455,41.520804],[35.353997,41.523707],[35.353375,41.525987],[35.352548,41.527553],[35.351871,41.528113],[35.35014,41.528747],[35.348064,41.529959],[35.347141,41.531285],[35.34691,41.532381],[35.346795,41.534285],[35.346506,41.535208],[35.346449,41.536996],[35.346218,41.538092],[35.345756,41.539534],[35.344949,41.540918],[35.343622,41.542129],[35.342872,41.542879],[35.342526,41.544263],[35.342757,41.54634],[35.344084,41.548763],[35.343853,41.549801],[35.343103,41.550724],[35.342123,41.5513],[35.341084,41.552396],[35.340392,41.553723],[35.339239,41.553838],[35.337912,41.554011],[35.33572,41.554473],[35.333355,41.55505],[35.331106,41.55528],[35.330298,41.55603],[35.328914,41.556549],[35.32877,41.556809],[35.328625,41.557069],[35.329433,41.55828],[35.329721,41.559664],[35.329606,41.560299],[35.329375,41.561568],[35.328971,41.562664],[35.328856,41.563644],[35.328395,41.564394],[35.327299,41.564971],[35.326203,41.565086],[35.324991,41.565201],[35.324242,41.565836],[35.324184,41.566759],[35.32453,41.567912],[35.324991,41.569239],[35.324991,41.571143],[35.324011,41.572412],[35.322165,41.573623],[35.320146,41.573911],[35.318935,41.57443],[35.318762,41.57469],[35.318589,41.574949],[35.318704,41.576334],[35.319223,41.57841],[35.31905,41.580487],[35.31905,41.581352],[35.318647,41.581929],[35.317954,41.582563],[35.317781,41.582852],[35.317608,41.58314],[35.317608,41.583701],[35.317608,41.584121],[35.317464,41.584409],[35.31732,41.584697],[35.316224,41.586659],[35.315532,41.587754],[35.314609,41.589254],[35.315763,41.592196],[35.317147,41.594099],[35.319281,41.595484],[35.321646,41.597099],[35.323549,41.598368],[35.327299,41.599002],[35.329202,41.599867],[35.331971,41.600963],[35.334278,41.601828],[35.335595,41.602344],[35.336688,41.604408],[35.338388,41.605866],[35.339967,41.606716],[35.341303,41.60793],[35.343367,41.60963],[35.345068,41.610723],[35.347132,41.611574],[35.34859,41.612545],[35.351459,41.614488],[35.353918,41.616492],[35.356468,41.618041],[35.357015,41.619498],[35.357562,41.621138],[35.357744,41.623415],[35.356924,41.624781],[35.356377,41.626238],[35.356013,41.628242],[35.356013,41.629609],[35.355922,41.631339],[35.356104,41.633525],[35.356651,41.635347],[35.360021,41.638899],[35.362844,41.641085],[35.364848,41.64145],[35.366852,41.64318],[35.370222,41.645184],[35.372317,41.646459],[35.376598,41.647917],[35.378602,41.64819],[35.380333,41.648372],[35.382155,41.648828],[35.384887,41.650376],[35.385343,41.651287],[35.385889,41.652744],[35.386618,41.6532],[35.388075,41.653837],[35.388713,41.655477],[35.389715,41.657936],[35.390717,41.659576],[35.391628,41.660396],[35.391901,41.661762],[35.392083,41.663219],[35.393085,41.665496],[35.394633,41.666498],[35.395909,41.668229],[35.396182,41.669595],[35.397912,41.672237],[35.399461,41.675516],[35.400645,41.676518],[35.402102,41.67752],[35.404926,41.678613],[35.406839,41.678613],[35.407067,41.678476],[35.407294,41.678339],[35.408661,41.677611],[35.409936,41.677975],[35.411029,41.678339],[35.411484,41.67925],[35.411211,41.680434],[35.411393,41.681345],[35.412213,41.681527],[35.412759,41.682347],[35.413061,41.683277]]]}}]}