{"type":"FeatureCollection","province":"Şanlıurfa","province_id":"TR-P-63","features":[{"type":"Feature","properties":{"id":"TR-D-63-001","parent_id":"TR-P-63","region_id":"TR-R-GDA","level":"district","municipality_type":null,"municipality_type_label":null,"is_metropolitan_municipality":null,"name":"Akçakale","name_ascii":"akcakale","slug":"akcakale-sanliurfa"},"geometry":{"type":"Polygon","coordinates":[[[39.498707,36.701861],[39.497668,36.701601],[39.496456,36.701178],[39.494515,36.7005],[39.492976,36.700168],[39.489562,36.699803],[39.488434,36.69978],[39.487033,36.699751],[39.484792,36.699594],[39.482759,36.699386],[39.479761,36.699229],[39.47752,36.699151],[39.474679,36.698969],[39.472568,36.698813],[39.469518,36.69863],[39.468501,36.698604],[39.467693,36.698552],[39.466741,36.698392],[39.464826,36.698343],[39.464461,36.698187],[39.463132,36.698109],[39.462376,36.698161],[39.461334,36.698291],[39.460552,36.698056],[39.454674,36.697713],[39.449484,36.697358],[39.436677,36.696623],[39.428023,36.696102],[39.426616,36.696023],[39.421724,36.695675],[39.418353,36.695476],[39.416346,36.69545],[39.414913,36.695264],[39.408545,36.69486],[39.408307,36.694834],[39.407194,36.694712],[39.405478,36.694658],[39.405239,36.694651],[39.403793,36.694595],[39.403127,36.694512],[39.402716,36.694461],[39.402318,36.694462],[39.401604,36.694463],[39.401038,36.694429],[39.399404,36.694281],[39.399123,36.694255],[39.395831,36.693982],[39.393281,36.693851],[39.392497,36.693829],[39.391875,36.693741],[39.391795,36.69328],[39.39059,36.69326],[39.389348,36.69311],[39.389163,36.692762],[39.388803,36.692653],[39.388574,36.692664],[39.38815,36.692686],[39.387919,36.692958],[39.387474,36.692969],[39.385851,36.692838],[39.385012,36.692718],[39.384859,36.692805],[39.384794,36.692936],[39.384761,36.693317],[39.383635,36.693234],[39.380351,36.692999],[39.371463,36.692374],[39.365734,36.692066],[39.3632,36.691931],[39.355746,36.690706],[39.347927,36.689402],[39.347917,36.689401],[39.34188,36.688308],[39.336589,36.687369],[39.332445,36.68664],[39.327675,36.685753],[39.325229,36.6854],[39.322618,36.685024],[39.319621,36.684528],[39.314043,36.683486],[39.303122,36.681557],[39.29976,36.681062],[39.297649,36.680645],[39.295388,36.680155],[39.294156,36.679887],[39.293484,36.67982],[39.290769,36.679547],[39.27281,36.676244],[39.270552,36.675842],[39.265429,36.674928],[39.264336,36.674808],[39.263221,36.674651],[39.260124,36.674216],[39.2585,36.673988],[39.258164,36.673958],[39.257298,36.673879],[39.251145,36.673201],[39.245877,36.672622],[39.240675,36.672043],[39.239254,36.671824],[39.23815,36.671704],[39.234827,36.671409],[39.228827,36.670731],[39.22498,36.670272],[39.222463,36.669948],[39.222434,36.669944],[39.215854,36.669179],[39.212334,36.668911],[39.209797,36.668883],[39.203243,36.670485],[39.199929,36.671286],[39.193087,36.672826],[39.188894,36.67375],[39.18777,36.673998],[39.185673,36.674557],[39.181287,36.675564],[39.178611,36.676226],[39.174997,36.677074],[39.172811,36.67755],[39.171625,36.677805],[39.169597,36.678246],[39.169496,36.678269],[39.165039,36.679253],[39.16228,36.679929],[39.161859,36.680038],[39.160977,36.680267],[39.158728,36.680805],[39.156797,36.681302],[39.150887,36.682543],[39.148708,36.682936],[39.144894,36.68366],[39.143094,36.683963],[39.141715,36.684177],[39.136876,36.684923],[39.13666,36.684956],[39.136371,36.685011],[39.133977,36.68546],[39.132087,36.685763],[39.131101,36.685928],[39.130687,36.685998],[39.128294,36.68646],[39.126322,36.686991],[39.125904,36.68714],[39.124273,36.687722],[39.122583,36.688158],[39.121918,36.688356],[39.117038,36.689801],[39.114818,36.69047],[39.113584,36.6908],[39.11244,36.691105],[39.108599,36.69225],[39.103655,36.693771],[39.101407,36.694462],[39.095774,36.696126],[39.091651,36.697394],[39.087071,36.698751],[39.084252,36.699597],[39.081543,36.700368],[39.079425,36.700971],[39.076556,36.701855],[39.074051,36.702627],[39.072977,36.702962],[39.07102,36.703524],[39.069345,36.704037],[39.068792,36.704182],[39.068712,36.704201],[39.067913,36.704396],[39.066958,36.70468],[39.066038,36.704954],[39.065606,36.705078],[39.064239,36.705471],[39.063821,36.705602],[39.063164,36.70575],[39.062837,36.705777],[39.062041,36.70584],[39.060453,36.705994],[39.059226,36.706154],[39.058952,36.706191],[39.058587,36.706242],[39.058195,36.706309],[39.054372,36.70675],[39.048999,36.707349],[39.047484,36.707507],[39.046092,36.707626],[39.046039,36.707631],[39.045987,36.707638],[39.042903,36.708089],[39.039785,36.708371],[39.037371,36.708652],[39.035187,36.708952],[39.033249,36.709128],[39.031962,36.709265],[39.029109,36.709569],[39.026701,36.709881],[39.02585,36.709992],[39.025531,36.710018],[39.023313,36.710203],[39.022389,36.710355],[39.020808,36.710614],[39.01926,36.710626],[39.017798,36.710591],[39.012354,36.710115],[39.011919,36.710072],[39.006699,36.709551],[39.002452,36.70916],[39.001731,36.709093],[38.999793,36.708952],[38.997932,36.708698],[38.996305,36.708477],[38.994533,36.708371],[38.994226,36.708353],[38.993552,36.708279],[38.991988,36.708107],[38.989205,36.70786],[38.988982,36.707848],[38.988553,36.707825],[38.987778,36.707737],[38.987707,36.707728],[38.985276,36.70742],[38.983873,36.707366],[38.983426,36.707349],[38.981664,36.707208],[38.977947,36.706838],[38.974494,36.706486],[38.971675,36.706292],[38.968962,36.705993],[38.963747,36.70557],[38.957387,36.705147],[38.955009,36.705077],[38.953899,36.705024],[38.953723,36.704954],[38.953674,36.704625],[38.953652,36.704478],[38.953476,36.704355],[38.952366,36.704478],[38.951065,36.704534],[38.949521,36.704512],[38.948454,36.704445],[38.946125,36.704368],[38.945312,36.704368],[38.944526,36.704314],[38.944322,36.704693],[38.944192,36.704936],[38.929295,36.704531],[38.928098,36.70442],[38.922276,36.703881],[38.920325,36.703664],[38.918157,36.703393],[38.914444,36.702932],[38.909945,36.702282],[38.906879,36.702052],[38.905962,36.701984],[38.904303,36.701716],[38.903441,36.701577],[38.902686,36.701505],[38.901254,36.701369],[38.896808,36.700904],[38.894847,36.700671],[38.893368,36.700577],[38.893017,36.700555],[38.892743,36.700561],[38.889516,36.700628],[38.883531,36.700962],[38.878258,36.701136],[38.874147,36.701383],[38.873411,36.70141],[38.872563,36.701441],[38.869266,36.701601],[38.865765,36.701746],[38.863784,36.70186],[38.863731,36.701863],[38.861465,36.701979],[38.854812,36.702284],[38.851442,36.702429],[38.845193,36.702612],[38.843016,36.702676],[38.8403,36.702734],[38.837787,36.702912],[38.837017,36.702967],[38.834776,36.703034],[38.833632,36.703069],[38.832223,36.703127],[38.830058,36.703185],[38.824321,36.703446],[38.82354,36.703488],[38.820267,36.703664],[38.817246,36.703795],[38.810956,36.703984],[38.810313,36.704006],[38.802894,36.70426],[38.801541,36.704349],[38.798928,36.704521],[38.790561,36.704827],[38.784823,36.70503],[38.780959,36.705277],[38.778489,36.705321],[38.776746,36.705379],[38.775003,36.705524],[38.773318,36.705597],[38.767493,36.705713],[38.764733,36.705766],[38.763715,36.705786],[38.762242,36.705861],[38.758893,36.706033],[38.756017,36.706105],[38.754222,36.706171],[38.752443,36.706236],[38.752264,36.706254],[38.750845,36.706396],[38.749029,36.706483],[38.747882,36.706527],[38.745703,36.706788],[38.744958,36.706863],[38.743974,36.706963],[38.742471,36.707307],[38.740676,36.707718],[38.737112,36.708655],[38.736754,36.708749],[38.734517,36.709606],[38.733884,36.709897],[38.733094,36.71026],[38.730496,36.711646],[38.729949,36.71173],[38.728991,36.712084],[38.728898,36.712119],[38.728558,36.712288],[38.727678,36.712729],[38.726438,36.713433],[38.725796,36.713906],[38.723715,36.715557],[38.722359,36.716366],[38.719278,36.718153],[38.716461,36.719657],[38.715736,36.720088],[38.714558,36.720897],[38.713917,36.721297],[38.712718,36.722033],[38.712024,36.72239],[38.710879,36.723021],[38.709838,36.72361],[38.708755,36.72423],[38.708366,36.724493],[38.707378,36.725176],[38.706327,36.725818],[38.705349,36.726375],[38.704602,36.726743],[38.703499,36.727268],[38.701544,36.728283],[38.696833,36.731121],[38.694454,36.732496],[38.693406,36.733102],[38.691729,36.734048],[38.690926,36.734673],[38.689748,36.735404],[38.688713,36.736207],[38.683002,36.740651],[38.679968,36.742971],[38.675667,36.746416],[38.675441,36.74661],[38.67167,36.749842],[38.668957,36.751841],[38.667083,36.75334],[38.662193,36.757088],[38.660445,36.758515],[38.658932,36.759553],[38.65891,36.759568],[38.658374,36.759979],[38.657995,36.760287],[38.656072,36.761853],[38.653538,36.763834],[38.651486,36.765476],[38.650147,36.766475],[38.650004,36.766565],[38.649201,36.767064],[38.648041,36.768135],[38.646988,36.768991],[38.645275,36.770437],[38.643419,36.771793],[38.642598,36.772525],[38.64176,36.773507],[38.639779,36.775648],[38.638284,36.777018],[38.638279,36.777022],[38.636923,36.7782],[38.636078,36.778681],[38.634728,36.779449],[38.633068,36.780681],[38.631587,36.781627],[38.630231,36.782519],[38.629231,36.783144],[38.627322,36.784197],[38.625662,36.785374],[38.621576,36.787998],[38.618916,36.789747],[38.617774,36.790425],[38.616454,36.791157],[38.613991,36.792352],[38.612385,36.793209],[38.611403,36.793745],[38.610368,36.794566],[38.609636,36.795333],[38.608226,36.796796],[38.607691,36.79732],[38.606549,36.798438],[38.605318,36.799473],[38.604336,36.800098],[38.603676,36.800401],[38.602391,36.801026],[38.601338,36.80149],[38.600553,36.801865],[38.599607,36.802382],[38.598554,36.802882],[38.597796,36.80324],[38.597572,36.803346],[38.59693,36.803774],[38.596073,36.804363],[38.59486,36.805345],[38.594182,36.805952],[38.593343,36.807005],[38.593022,36.807397],[38.592379,36.809021],[38.592367,36.809052],[38.59179,36.810502],[38.59109,36.812306],[38.590862,36.812894],[38.590326,36.814407],[38.590129,36.815923],[38.590101,36.817158],[38.590354,36.818562],[38.590831,36.821005],[38.590887,36.821903],[38.590719,36.822605],[38.590719,36.823291],[38.590719,36.823391],[38.59055,36.823756],[38.590512,36.823815],[38.590139,36.824379],[38.589893,36.824652],[38.589524,36.825008],[38.589209,36.825268],[38.588813,36.825528],[38.588375,36.825774],[38.587965,36.82602],[38.587791,36.826101],[38.587554,36.826212],[38.587144,36.826348],[38.586433,36.826595],[38.585803,36.826704],[38.584955,36.826786],[38.584299,36.826813],[38.583574,36.826745],[38.582822,36.826649],[38.581659,36.826253],[38.580876,36.825899],[38.580387,36.825678],[38.579005,36.825049],[38.578185,36.824721],[38.577132,36.82431],[38.576106,36.824078],[38.575299,36.823914],[38.573425,36.823941],[38.571865,36.824119],[38.570717,36.824365],[38.569089,36.825049],[38.568419,36.825336],[38.568168,36.825521],[38.568289,36.825664],[38.568848,36.826088],[38.573265,36.829434],[38.574235,36.83018],[38.576548,36.832045],[38.577068,36.832774],[38.57804,36.834134],[38.57798,36.837663],[38.576463,36.843001],[38.576212,36.846606],[38.575876,36.850698],[38.575949,36.853386],[38.575951,36.853459],[38.577759,36.856931],[38.57917,36.858636],[38.580875,36.860696],[38.583561,36.864277],[38.587516,36.868088],[38.587665,36.868232],[38.592664,36.870694],[38.59908,36.873828],[38.606019,36.876365],[38.611018,36.877782],[38.612958,36.879274],[38.61363,36.88114],[38.614408,36.884315],[38.6146,36.885094],[38.613853,36.891063],[38.611093,36.897554],[38.607437,36.906955],[38.604378,36.914118],[38.594753,36.927249],[38.590425,36.931875],[38.596087,36.934144],[38.599105,36.935353],[38.60681,36.936736],[38.611255,36.937625],[38.618861,36.937328],[38.625594,36.936194],[38.627652,36.935847],[38.632235,36.934623],[38.642074,36.931994],[38.648494,36.930612],[38.65373,36.930019],[38.658668,36.929229],[38.671114,36.929031],[38.679412,36.92913],[38.686326,36.929229],[38.69413,36.929229],[38.699563,36.92978],[38.700945,36.92992],[38.704995,36.930118],[38.706586,36.930183],[38.709836,36.930315],[38.712996,36.930857],[38.713293,36.930908],[38.713496,36.93092],[38.719812,36.931303],[38.721458,36.931303],[38.722282,36.931303],[38.72324,36.931117],[38.725344,36.93071],[38.729097,36.927253],[38.734366,36.924519],[38.736901,36.923203],[38.738427,36.922349],[38.749248,36.916289],[38.757348,36.912041],[38.762435,36.910738],[38.765448,36.909967],[38.771275,36.909769],[38.779276,36.910263],[38.783425,36.910658],[38.791327,36.91135],[38.798835,36.909275],[38.803477,36.90809],[38.80891,36.907399],[38.813157,36.907399],[38.817701,36.909671],[38.818998,36.910448],[38.821158,36.911745],[38.824912,36.913523],[38.828666,36.917178],[38.832617,36.921524],[38.835679,36.92508],[38.838543,36.926957],[38.84526,36.930315],[38.850693,36.931994],[38.858497,36.933674],[38.865707,36.937822],[38.88082,36.939205],[38.88892,36.93881],[38.894452,36.938119],[38.901169,36.938316],[38.905378,36.938836],[38.90917,36.939304],[38.912609,36.939833],[38.91559,36.940292],[38.915717,36.939752],[38.91667,36.93568],[38.917477,36.931555],[38.918105,36.926712],[38.917388,36.923931],[38.91658,36.91837],[38.916042,36.914962],[38.91676,36.912989],[38.918464,36.912003],[38.922141,36.910657],[38.930841,36.907428],[38.937388,36.905904],[38.940079,36.903572],[38.940358,36.902765],[38.940886,36.90124],[38.940691,36.89984],[38.940348,36.897383],[38.937799,36.892795],[38.937657,36.89254],[38.933621,36.887428],[38.929096,36.884105],[38.927881,36.883212],[38.92715,36.881605],[38.926087,36.879266],[38.925994,36.877203],[38.925908,36.87532],[38.927164,36.872181],[38.928778,36.869042],[38.93111,36.865454],[38.934159,36.861149],[38.935594,36.858997],[38.936043,36.856934],[38.935931,36.856127],[38.935236,36.851104],[38.934877,36.842673],[38.935481,36.838939],[38.935863,36.836574],[38.936596,36.834975],[38.937837,36.832269],[38.938857,36.830184],[38.939899,36.828054],[38.944922,36.824018],[38.946477,36.823271],[38.949586,36.821776],[38.953173,36.819892],[38.9578,36.818928],[38.959631,36.818547],[38.961784,36.81756],[38.962077,36.817479],[38.963398,36.817112],[38.964564,36.816663],[38.966089,36.815946],[38.968062,36.815946],[38.969855,36.816036],[38.970752,36.814421],[38.971391,36.811738],[38.971649,36.810654],[38.972013,36.809849],[38.972905,36.807874],[38.975057,36.804645],[38.980618,36.796394],[38.985372,36.793883],[38.992009,36.790474],[38.999453,36.787963],[39.004519,36.786055],[39.006359,36.785362],[39.009991,36.784106],[39.013624,36.782851],[39.016025,36.782362],[39.018915,36.781775],[39.02331,36.781326],[39.028422,36.781236],[39.033983,36.781505],[39.042593,36.780519],[39.043984,36.780317],[39.048782,36.779622],[39.057033,36.779712],[39.064746,36.778456],[39.067885,36.776573],[39.070397,36.773254],[39.071204,36.769218],[39.071293,36.763388],[39.072998,36.756841],[39.07524,36.753254],[39.083043,36.750742],[39.09829,36.747244],[39.109232,36.744464],[39.126004,36.741863],[39.135331,36.7398],[39.141071,36.737917],[39.146542,36.736033],[39.156318,36.733881],[39.163224,36.731908],[39.17318,36.730024],[39.179368,36.729576],[39.186543,36.728858],[39.187546,36.728932],[39.193898,36.729396],[39.20197,36.730831],[39.209504,36.731728],[39.215938,36.73238],[39.216589,36.732446],[39.22215,36.731639],[39.223764,36.7311],[39.230581,36.72832],[39.234437,36.72554],[39.238473,36.721324],[39.244124,36.717199],[39.248787,36.714598],[39.254797,36.712894],[39.261434,36.712894],[39.265558,36.713704],[39.266456,36.71388],[39.268143,36.714203],[39.272555,36.715046],[39.278205,36.717019],[39.281613,36.718813],[39.28251,36.719262],[39.286098,36.721055],[39.2913,36.723836],[39.299551,36.728499],[39.309686,36.733343],[39.312367,36.734409],[39.317579,36.736482],[39.319113,36.73695],[39.326099,36.739083],[39.333812,36.741235],[39.339675,36.742031],[39.341077,36.742222],[39.349418,36.74285],[39.357131,36.743477],[39.364476,36.743737],[39.364755,36.743747],[39.373275,36.744554],[39.373853,36.744655],[39.38045,36.745809],[39.387177,36.748231],[39.391613,36.749744],[39.394801,36.750832],[39.395929,36.751124],[39.397222,36.75146],[39.402514,36.752177],[39.413366,36.754689],[39.419644,36.757469],[39.425923,36.760787],[39.433726,36.764106],[39.437582,36.765541],[39.442378,36.768136],[39.445206,36.769667],[39.451364,36.773208],[39.452381,36.773792],[39.455416,36.775765],[39.455968,36.776124],[39.456087,36.776185],[39.46117,36.778815],[39.4675,36.780167],[39.471477,36.780043],[39.477816,36.778054],[39.484403,36.775071],[39.489002,36.774698],[39.494596,36.776066],[39.501714,36.776405],[39.502426,36.776438],[39.508019,36.775071],[39.511127,36.773331],[39.51324,36.770597],[39.512998,36.770291],[39.511914,36.769312],[39.509759,36.767489],[39.508765,36.765501],[39.509096,36.763015],[39.509096,36.759203],[39.510588,36.754066],[39.512079,36.750751],[39.512411,36.748431],[39.512245,36.745448],[39.512079,36.742962],[39.510256,36.740145],[39.508931,36.736499],[39.507771,36.732356],[39.506445,36.728876],[39.504993,36.725482],[39.498707,36.701861]]]}},{"type":"Feature","properties":{"id":"TR-D-63-002","parent_id":"TR-P-63","region_id":"TR-R-GDA","level":"district","municipality_type":null,"municipality_type_label":null,"is_metropolitan_municipality":null,"name":"Birecik","name_ascii":"birecik","slug":"birecik-sanliurfa"},"geometry":{"type":"Polygon","coordinates":[[[38.236354,36.922215],[38.2355,36.9217],[38.233141,36.920298],[38.231094,36.918897],[38.23036,36.918162],[38.229893,36.917295],[38.229381,36.916694],[38.228202,36.916026],[38.225563,36.914815],[38.225058,36.914595],[38.224052,36.914158],[38.222049,36.913107],[38.220932,36.912253],[38.219596,36.910705],[38.219118,36.910312],[38.218494,36.909798],[38.217182,36.908955],[38.215967,36.908372],[38.215108,36.908145],[38.215075,36.907821],[38.214492,36.907854],[38.214249,36.907611],[38.214298,36.907157],[38.213472,36.907108],[38.212726,36.907141],[38.212694,36.907384],[38.212726,36.907578],[38.212095,36.907675],[38.211738,36.907627],[38.211603,36.907691],[38.21143,36.907773],[38.210685,36.907837],[38.208449,36.907821],[38.205922,36.90787],[38.203589,36.907902],[38.201409,36.907866],[38.20105,36.90786],[38.199879,36.907929],[38.198656,36.908002],[38.196672,36.908364],[38.195349,36.908868],[38.194341,36.909277],[38.193365,36.909372],[38.191821,36.909435],[38.190908,36.909387],[38.189381,36.909072],[38.188514,36.908868],[38.187538,36.908773],[38.186703,36.908684],[38.186656,36.908679],[38.18516,36.908679],[38.183569,36.90882],[38.182089,36.908868],[38.180971,36.909135],[38.179916,36.909498],[38.178499,36.910064],[38.17716,36.910726],[38.176404,36.911088],[38.176259,36.911166],[38.175758,36.911435],[38.174531,36.911641],[38.172995,36.911699],[38.17204,36.911467],[38.170837,36.911174],[38.169125,36.910727],[38.167063,36.91017],[38.166801,36.910099],[38.166053,36.909768],[38.165422,36.90934],[38.164738,36.908646],[38.16414,36.90762],[38.163841,36.906017],[38.163926,36.905462],[38.164289,36.904597],[38.164428,36.904265],[38.164653,36.903228],[38.1646,36.901946],[38.16383,36.900707],[38.163609,36.900485],[38.163275,36.900151],[38.162475,36.899326],[38.16227,36.899114],[38.161968,36.898978],[38.161704,36.898858],[38.160956,36.898548],[38.159684,36.898121],[38.158904,36.897993],[38.156329,36.897779],[38.153529,36.896903],[38.151659,36.89623],[38.150473,36.895802],[38.149362,36.895364],[38.148518,36.895054],[38.146872,36.894488],[38.14641,36.894318],[38.145066,36.893825],[38.14427,36.893633],[38.142478,36.893522],[38.142034,36.893558],[38.141171,36.893633],[38.140012,36.894049],[38.138502,36.894505],[38.137793,36.894752],[38.136705,36.89513],[38.136067,36.895234],[38.135168,36.895104],[38.134331,36.894844],[38.132863,36.894388],[38.13216,36.893893],[38.130988,36.892656],[38.130389,36.892239],[38.128306,36.89138],[38.126873,36.891145],[38.126322,36.891125],[38.126157,36.891119],[38.12479,36.89112],[38.124178,36.891015],[38.123462,36.890755],[38.122329,36.889882],[38.121508,36.889023],[38.12031,36.887161],[38.119217,36.886354],[38.118487,36.885976],[38.117172,36.885351],[38.116195,36.884921],[38.114763,36.883345],[38.114385,36.882668],[38.113697,36.881826],[38.113513,36.881601],[38.112725,36.88112],[38.111825,36.880571],[38.111742,36.88052],[38.111715,36.880512],[38.11001,36.880038],[38.108903,36.879986],[38.106663,36.880416],[38.105244,36.880285],[38.103759,36.880038],[38.102666,36.879439],[38.101871,36.878827],[38.100986,36.878254],[38.100113,36.877277],[38.099254,36.876678],[38.09844,36.87618],[38.098043,36.875936],[38.096402,36.875637],[38.094705,36.875658],[38.092946,36.876274],[38.092092,36.876638],[38.091457,36.876965],[38.090873,36.877266],[38.090283,36.877417],[38.089253,36.877542],[38.088617,36.877523],[38.088307,36.87749],[38.086793,36.877327],[38.085005,36.876826],[38.082681,36.876397],[38.082004,36.87637],[38.08134,36.876343],[38.080088,36.876182],[38.078085,36.875235],[38.076165,36.873827],[38.073431,36.871846],[38.072116,36.870697],[38.071831,36.870261],[38.071656,36.86988],[38.071474,36.869485],[38.071039,36.868757],[38.070801,36.86836],[38.070588,36.867766],[38.070246,36.866815],[38.069795,36.866022],[38.069248,36.865222],[38.06821,36.864493],[38.06774,36.864225],[38.067211,36.863924],[38.067189,36.863911],[38.067149,36.863894],[38.066272,36.863532],[38.066103,36.863462],[38.065686,36.86335],[38.06513,36.863214],[38.06504,36.863195],[38.064567,36.863225],[38.063579,36.863286],[38.06302,36.863353],[38.062514,36.863414],[38.062196,36.86345],[38.061609,36.8636],[38.060667,36.864105],[38.060139,36.864409],[38.058939,36.8651],[38.057981,36.865539],[38.057172,36.865749],[38.056234,36.865789],[38.055592,36.865675],[38.055275,36.865619],[38.054527,36.86541],[38.053106,36.864984],[38.052101,36.864751],[38.049635,36.864541],[38.048856,36.864551],[38.047608,36.864521],[38.046361,36.864435],[38.04617,36.864421],[38.045392,36.864212],[38.045132,36.864049],[38.044753,36.863812],[38.043215,36.862764],[38.042157,36.861946],[38.040819,36.861297],[38.038433,36.861017],[38.037525,36.860797],[38.037066,36.860662],[38.036477,36.860488],[38.035608,36.860149],[38.034999,36.859629],[38.03412,36.858761],[38.033794,36.858257],[38.032982,36.857004],[38.031954,36.856065],[38.030647,36.855055],[38.030197,36.854708],[38.029318,36.853979],[38.029029,36.853469],[38.028869,36.851353],[38.028779,36.849816],[38.02871,36.848618],[38.028698,36.84843],[38.02866,36.847799],[38.02868,36.846801],[38.029029,36.845593],[38.029408,36.844644],[38.029559,36.844349],[38.030027,36.843426],[38.030796,36.842158],[38.031934,36.840202],[38.032134,36.839253],[38.032204,36.838155],[38.031924,36.836917],[38.031235,36.835699],[38.030018,36.834002],[38.028869,36.832954],[38.028747,36.832865],[38.026943,36.831567],[38.022901,36.838239],[38.021744,36.84015],[38.02163,36.84058],[38.021544,36.841013],[38.021492,36.84145],[38.021467,36.841889],[38.021463,36.842331],[38.021474,36.842775],[38.021522,36.843664],[38.021592,36.844556],[38.021718,36.845892],[38.021823,36.846781],[38.021887,36.847224],[38.021961,36.847665],[38.022052,36.848104],[38.022161,36.848538],[38.022286,36.848969],[38.022422,36.849398],[38.022715,36.850255],[38.023169,36.8515],[38.023337,36.851962],[38.024293,36.854519],[38.024628,36.855365],[38.024805,36.855785],[38.024991,36.856201],[38.025191,36.856611],[38.025411,36.857014],[38.025642,36.857388],[38.025891,36.857755],[38.026155,36.858116],[38.026431,36.858472],[38.026718,36.858823],[38.027014,36.859169],[38.02732,36.859509],[38.027637,36.859843],[38.027969,36.860171],[38.02866,36.860809],[38.029734,36.861744],[38.030847,36.862676],[38.030923,36.862739],[38.031565,36.863277],[38.032133,36.86374],[38.0346,36.865753],[38.035336,36.866384],[38.035594,36.866621],[38.035686,36.866705],[38.036017,36.867033],[38.036321,36.867369],[38.036588,36.867716],[38.036804,36.86808],[38.036962,36.868473],[38.037067,36.868882],[38.037133,36.869303],[38.037172,36.869733],[38.037192,36.87017],[38.037199,36.87061],[38.037178,36.871946],[38.037103,36.874183],[38.03704,36.875523],[38.036972,36.876414],[38.036922,36.876858],[38.036788,36.877717],[38.036764,36.877837],[38.036621,36.878574],[38.036438,36.879429],[38.03615,36.880711],[38.035849,36.881989],[38.035707,36.882544],[38.035632,36.882835],[38.035512,36.883253],[38.03538,36.883667],[38.035232,36.884075],[38.035061,36.884474],[38.034858,36.884861],[38.034608,36.885246],[38.034324,36.885618],[38.034017,36.885981],[38.033692,36.886338],[38.033009,36.887039],[38.032304,36.887731],[38.028723,36.89117],[38.026691,36.893143],[38.026235,36.893586],[38.025532,36.894281],[38.024845,36.894977],[38.023503,36.896375],[38.018849,36.901292],[38.015175,36.905148],[38.01419,36.906207],[38.013562,36.906924],[38.013264,36.907289],[38.012984,36.907662],[38.012727,36.908043],[38.012498,36.908439],[38.012293,36.908844],[38.012105,36.909256],[38.011929,36.909673],[38.01184,36.909898],[38.011763,36.910094],[38.011445,36.910942],[38.008862,36.918195],[38.004561,36.930125],[38.004109,36.931404],[38.003821,36.93226],[38.003557,36.93312],[38.003438,36.933554],[38.003221,36.934426],[38.003005,36.935384],[38.002925,36.935739],[38.001325,36.943197],[38.001153,36.944075],[38.001076,36.944515],[38.001007,36.944954],[38.000952,36.945395],[38.000914,36.945836],[38.000898,36.946275],[38.000899,36.946716],[38.000912,36.947157],[38.000965,36.94804],[38.001117,36.949809],[38.001233,36.95101],[38.001502,36.953792],[38.001604,36.955117],[38.001624,36.955557],[38.001631,36.955995],[38.001621,36.956431],[38.001586,36.956863],[38.001516,36.957291],[38.001409,36.957702],[38.00127,36.958109],[38.001106,36.958513],[38.000926,36.958915],[38.000533,36.959715],[37.999904,36.960912],[37.998829,36.962901],[37.998384,36.963684],[37.998243,36.963919],[37.998194,36.964],[37.998154,36.964067],[37.998097,36.964155],[37.997913,36.964442],[37.997658,36.964804],[37.99752,36.964976],[37.997383,36.965148],[37.99708,36.965467],[37.996739,36.965753],[37.996342,36.966003],[37.995906,36.966219],[37.99544,36.966409],[37.994954,36.966581],[37.994453,36.96674],[37.993424,36.967033],[37.993075,36.967125],[37.992376,36.967309],[37.988178,36.968381],[37.987643,36.968518],[37.987641,36.968518],[37.987628,36.968521],[37.986581,36.968801],[37.985806,36.969021],[37.985546,36.969095],[37.985264,36.969182],[37.985036,36.969253],[37.984534,36.969422],[37.984043,36.969606],[37.983567,36.96981],[37.983338,36.969925],[37.983111,36.970039],[37.983036,36.970081],[37.982669,36.970288],[37.982238,36.970553],[37.981815,36.970828],[37.980984,36.971398],[37.980163,36.971983],[37.976899,36.974351],[37.975683,36.975245],[37.974885,36.97585],[37.974494,36.976159],[37.974246,36.976362],[37.97411,36.976473],[37.973736,36.976795],[37.973032,36.977434],[37.97301,36.977454],[37.972985,36.977478],[37.971949,36.978465],[37.970906,36.979488],[37.969885,36.980523],[37.969235,36.981228],[37.968927,36.981589],[37.968636,36.981958],[37.968365,36.982339],[37.968112,36.982729],[37.967639,36.983525],[37.966974,36.984741],[37.96606,36.986476],[37.965037,36.988418],[37.9633,36.991683],[37.962663,36.992912],[37.962264,36.993738],[37.961952,36.994459],[37.961929,36.994511],[37.961914,36.994549],[37.961776,36.994901],[37.961635,36.995292],[37.961508,36.995686],[37.961398,36.996081],[37.961311,36.99648],[37.961247,36.996917],[37.961209,36.997357],[37.961191,36.9978],[37.961186,36.998243],[37.961203,36.999117],[37.961204,36.999134],[37.961249,37.000026],[37.96132,37.000917],[37.961369,37.001362],[37.96148,37.002113],[37.961497,37.002232],[37.961544,37.002494],[37.961652,37.003099],[37.961908,37.004398],[37.962194,37.005689],[37.962417,37.006539],[37.962548,37.006958],[37.962698,37.007371],[37.962798,37.007599],[37.962876,37.007776],[37.962933,37.007883],[37.963091,37.008179],[37.963334,37.008574],[37.96348,37.008788],[37.963597,37.008962],[37.963714,37.009123],[37.963875,37.009346],[37.964163,37.009726],[37.964807,37.010541],[37.964856,37.010601],[37.966119,37.01215],[37.96751,37.013855],[37.968714,37.015362],[37.969292,37.016125],[37.969569,37.016512],[37.969675,37.01667],[37.969833,37.016904],[37.97008,37.017297],[37.970228,37.017547],[37.970315,37.017695],[37.97076,37.018501],[37.970773,37.018525],[37.971607,37.020132],[37.974093,37.025046],[37.974903,37.02669],[37.975672,37.028348],[37.978864,37.035421],[37.979407,37.036674],[37.979493,37.036891],[37.979738,37.037514],[37.979886,37.037938],[37.980017,37.038365],[37.980098,37.038687],[37.980125,37.038796],[37.980223,37.039268],[37.980229,37.039305],[37.980294,37.039667],[37.980324,37.039869],[37.980425,37.040545],[37.980645,37.042311],[37.980842,37.044078],[37.980916,37.044958],[37.980937,37.045351],[37.980939,37.045395],[37.98094,37.045409],[37.980947,37.045829],[37.980931,37.046259],[37.980885,37.046684],[37.980795,37.047101],[37.980652,37.04751],[37.980465,37.047911],[37.980247,37.048307],[37.980006,37.048699],[37.979482,37.049476],[37.978987,37.050168],[37.978929,37.050248],[37.978624,37.050664],[37.978079,37.051405],[37.977213,37.05255],[37.976613,37.053292],[37.976298,37.053649],[37.975968,37.05399],[37.975615,37.054311],[37.975232,37.054601],[37.974839,37.054839],[37.974419,37.055049],[37.973979,37.055238],[37.973522,37.055409],[37.973055,37.055565],[37.972578,37.055707],[37.972095,37.055834],[37.971606,37.055945],[37.971313,37.055998],[37.971111,37.056035],[37.970967,37.056054],[37.970612,37.0561],[37.970072,37.056137],[37.969528,37.056147],[37.968981,37.056136],[37.968617,37.05612],[37.968431,37.056112],[37.96786,37.056074],[37.967328,37.056039],[37.960693,37.055475],[37.959593,37.055373],[37.959102,37.055322],[37.959047,37.055316],[37.958505,37.055251],[37.95797,37.055174],[37.957443,37.055081],[37.956928,37.054966],[37.956544,37.054852],[37.95643,37.054819],[37.95597,37.054641],[37.95554,37.05444],[37.955526,37.054433],[37.9555,37.05442],[37.955093,37.054203],[37.954898,37.05409],[37.95467,37.053957],[37.954254,37.053699],[37.953844,37.053432],[37.953039,37.052877],[37.952896,37.052772],[37.952646,37.05259],[37.952432,37.052428],[37.95226,37.052297],[37.952126,37.05219],[37.951884,37.051996],[37.951621,37.051772],[37.951521,37.051686],[37.951355,37.051533],[37.95116,37.051353],[37.951044,37.051238],[37.950813,37.05101],[37.950583,37.050771],[37.950475,37.05066],[37.95028,37.050448],[37.949818,37.049948],[37.948197,37.048151],[37.947528,37.047447],[37.947181,37.047103],[37.947057,37.046987],[37.946818,37.046762],[37.946445,37.046428],[37.945679,37.045774],[37.944896,37.045133],[37.944096,37.044506],[37.943688,37.044201],[37.943273,37.043904],[37.942848,37.043617],[37.94241,37.043345],[37.941983,37.043107],[37.941544,37.042882],[37.941317,37.042773],[37.941095,37.042667],[37.940728,37.0425],[37.94064,37.04246],[37.939715,37.042066],[37.938776,37.041694],[37.938301,37.041518],[37.937822,37.041352],[37.937338,37.041198],[37.936847,37.04106],[37.936525,37.040984],[37.936342,37.040941],[37.935831,37.040838],[37.93572,37.040818],[37.935315,37.040747],[37.93496,37.04069],[37.934795,37.040664],[37.933748,37.040519],[37.933224,37.040447],[37.931908,37.040286],[37.930593,37.040125],[37.930487,37.040113],[37.929538,37.040008],[37.928482,37.039906],[37.927954,37.039865],[37.927398,37.039831],[37.926842,37.039806],[37.926779,37.039804],[37.925728,37.039772],[37.924077,37.03975],[37.924055,37.039749],[37.922941,37.039756],[37.922385,37.039769],[37.921829,37.039792],[37.921273,37.039828],[37.920717,37.039873],[37.919053,37.040044],[37.91684,37.040309],[37.915738,37.040456],[37.915191,37.040538],[37.914648,37.040627],[37.91411,37.040728],[37.913579,37.040844],[37.913058,37.040983],[37.912558,37.041146],[37.912068,37.041331],[37.911726,37.041472],[37.911584,37.041531],[37.911324,37.041649],[37.910632,37.041962],[37.909221,37.042646],[37.903605,37.045442],[37.895637,37.049377],[37.89377,37.050313],[37.892377,37.051038],[37.890991,37.051779],[37.888231,37.053274],[37.887315,37.053778],[37.8864,37.054282],[37.885942,37.054541],[37.884564,37.055321],[37.883597,37.055875],[37.88026,37.057788],[37.879534,37.058204],[37.878177,37.059003],[37.877291,37.059553],[37.87686,37.059838],[37.876441,37.060133],[37.876046,37.060433],[37.875662,37.060743],[37.874918,37.061382],[37.873829,37.062367],[37.868801,37.067013],[37.868089,37.067679],[37.867391,37.068352],[37.867052,37.068694],[37.866724,37.069041],[37.866411,37.069395],[37.866176,37.069687],[37.866118,37.069759],[37.866059,37.069842],[37.865854,37.070131],[37.86561,37.070512],[37.865381,37.070901],[37.865162,37.071295],[37.864744,37.072093],[37.86414,37.073301],[37.862951,37.075728],[37.862566,37.076537],[37.862204,37.077349],[37.862039,37.077757],[37.861892,37.078167],[37.861768,37.078579],[37.861677,37.078995],[37.861624,37.079418],[37.861605,37.079846],[37.861609,37.080276],[37.86163,37.080687],[37.861631,37.080708],[37.861634,37.080741],[37.861665,37.081141],[37.861756,37.08201],[37.862748,37.089852],[37.862867,37.090721],[37.863002,37.091589],[37.86308,37.092021],[37.863265,37.092906],[37.86343,37.093594],[37.863582,37.094228],[37.864395,37.097393],[37.865165,37.100386],[37.866397,37.105227],[37.86663,37.106104],[37.86688,37.106978],[37.867017,37.107411],[37.867165,37.107842],[37.86733,37.108268],[37.867512,37.108685],[37.867711,37.109098],[37.867922,37.109508],[37.868467,37.110494],[37.868596,37.110726],[37.868785,37.111054],[37.869296,37.111937],[37.870037,37.113204],[37.872125,37.116774],[37.874494,37.120805],[37.875193,37.122016],[37.875634,37.122828],[37.875668,37.122896],[37.875839,37.123236],[37.876028,37.123648],[37.876195,37.124063],[37.87633,37.124484],[37.876425,37.124904],[37.876491,37.125329],[37.876495,37.125368],[37.876534,37.125758],[37.876548,37.125967],[37.876562,37.126189],[37.87657,37.126419],[37.876578,37.126623],[37.87659,37.127931],[37.876559,37.133181],[37.87654,37.134285],[37.876536,37.134491],[37.876494,37.135314],[37.876492,37.135359],[37.876489,37.135393],[37.876451,37.13579],[37.876393,37.136218],[37.876309,37.136643],[37.876193,37.137066],[37.876051,37.137486],[37.875892,37.137902],[37.875718,37.138317],[37.875347,37.139142],[37.874583,37.140742],[37.874559,37.140791],[37.8783,37.143407],[37.878963,37.14387],[37.882767,37.146813],[37.885424,37.148368],[37.88571,37.148535],[37.888725,37.150689],[37.889299,37.151694],[37.890376,37.152268],[37.891022,37.153416],[37.891309,37.154206],[37.895831,37.159087],[37.896968,37.160669],[37.899133,37.16368],[37.902369,37.167767],[37.904875,37.17093],[37.908033,37.174519],[37.91033,37.178538],[37.912411,37.183204],[37.914636,37.186577],[37.916933,37.187798],[37.919545,37.190246],[37.920379,37.191028],[37.927915,37.193181],[37.929255,37.193396],[37.931935,37.193827],[37.935236,37.193396],[37.937354,37.192679],[37.939471,37.191961],[37.941427,37.191549],[37.944926,37.190812],[37.949592,37.189377],[37.959138,37.186506],[37.97012,37.18306],[37.981605,37.181194],[38.001343,37.180692],[38.011536,37.180046],[38.019647,37.18062],[38.020113,37.180697],[38.025317,37.181553],[38.02747,37.181768],[38.033141,37.182055],[38.049004,37.18184],[38.055607,37.182558],[38.060416,37.18263],[38.067307,37.181984],[38.0747,37.180979],[38.079868,37.181194],[38.087838,37.181335],[38.087979,37.181338],[38.090689,37.181967],[38.096951,37.183419],[38.099822,37.184711],[38.104192,37.186872],[38.106354,37.187941],[38.10944,37.191387],[38.110732,37.194329],[38.112239,37.199067],[38.112598,37.202584],[38.113962,37.206819],[38.116096,37.21016],[38.117766,37.212776],[38.119955,37.215396],[38.122145,37.218016],[38.124826,37.220872],[38.127671,37.223902],[38.128442,37.224404],[38.130973,37.226055],[38.135782,37.226916],[38.139012,37.227419],[38.145042,37.228483],[38.146334,37.228711],[38.153727,37.228998],[38.159469,37.228424],[38.165857,37.227419],[38.167723,37.226055],[38.169948,37.222538],[38.170451,37.217226],[38.172245,37.204163],[38.174542,37.198995],[38.17648,37.197344],[38.17892,37.197057],[38.186098,37.196985],[38.192917,37.197806],[38.19385,37.197918],[38.195429,37.19878],[38.1983,37.201651],[38.200167,37.206747],[38.200884,37.213207],[38.200597,37.217011],[38.199879,37.219595],[38.195429,37.227634],[38.195349,37.227828],[38.194209,37.230577],[38.191625,37.234812],[38.190764,37.240841],[38.19113,37.24259],[38.19141,37.243928],[38.193061,37.247516],[38.196362,37.250172],[38.201889,37.251105],[38.207631,37.250818],[38.212656,37.250818],[38.217537,37.249598],[38.222633,37.248808],[38.225719,37.248521],[38.228231,37.249095],[38.230887,37.250603],[38.232014,37.251578],[38.23462,37.253833],[38.237079,37.2561],[38.240474,37.253958],[38.243677,37.251682],[38.244457,37.250165],[38.245194,37.248732],[38.246627,37.242831],[38.247511,37.237782],[38.247437,37.225844],[38.247362,37.218085],[38.248258,37.21316],[38.248377,37.212086],[38.248854,37.207788],[38.249281,37.20695],[38.251018,37.203536],[38.25348,37.200476],[38.257584,37.199283],[38.263404,37.198537],[38.266537,37.198611],[38.270716,37.198238],[38.274894,37.197268],[38.275901,37.195888],[38.276908,37.194508],[38.278102,37.189882],[38.279967,37.185778],[38.283698,37.17966],[38.293547,37.171826],[38.301679,37.165558],[38.304738,37.163991],[38.307379,37.163536],[38.31302,37.163768],[38.318094,37.164663],[38.322794,37.165782],[38.327271,37.167498],[38.331375,37.168394],[38.335478,37.169289],[38.336639,37.169219],[38.33794,37.16914],[38.33891,37.168617],[38.341,37.166677],[38.343984,37.162947],[38.347341,37.158769],[38.349466,37.153936],[38.3484,37.152697],[38.346378,37.150347],[38.345145,37.147825],[38.344542,37.146592],[38.344101,37.146029],[38.343978,37.145872],[38.340035,37.140833],[38.337616,37.139321],[38.335361,37.137912],[38.330195,37.136318],[38.328601,37.135825],[38.319934,37.135755],[38.319921,37.135755],[38.318335,37.135742],[38.317439,37.135847],[38.311241,37.136577],[38.3064,37.137077],[38.300141,37.137161],[38.299443,37.137024],[38.295884,37.136326],[38.295215,37.135991],[38.29488,37.135824],[38.294645,37.135707],[38.294411,37.135589],[38.291878,37.134323],[38.286381,37.129892],[38.280361,37.122973],[38.277273,37.117631],[38.270346,37.108284],[38.266423,37.102358],[38.266301,37.102232],[38.260915,37.096683],[38.256639,37.093926],[38.254572,37.092593],[38.247311,37.089171],[38.241385,37.087919],[38.240984,37.087903],[38.231036,37.087502],[38.225945,37.087419],[38.218704,37.086184],[38.209086,37.079907],[38.206499,37.078071],[38.198069,37.070894],[38.194382,37.066971],[38.194147,37.066721],[38.192811,37.064801],[38.192394,37.058124],[38.191643,37.050196],[38.190233,37.047423],[38.189139,37.045271],[38.185467,37.039346],[38.181628,37.035757],[38.178122,37.032502],[38.172948,37.026994],[38.172651,37.026326],[38.17228,37.025491],[38.17228,37.023321],[38.174033,37.018147],[38.174784,37.015226],[38.176119,37.009801],[38.176119,37.005878],[38.176119,36.999201],[38.175869,36.992775],[38.176286,36.987267],[38.177288,36.982676],[38.178373,36.971159],[38.178623,36.965651],[38.180292,36.961311],[38.184883,36.9543],[38.188388,36.950044],[38.194564,36.945537],[38.201491,36.941781],[38.212591,36.936273],[38.224443,36.929763],[38.235133,36.923572],[38.236263,36.922301],[38.236272,36.922293],[38.236354,36.922215]]]}},{"type":"Feature","properties":{"id":"TR-D-63-003","parent_id":"TR-P-63","region_id":"TR-R-GDA","level":"district","municipality_type":null,"municipality_type_label":null,"is_metropolitan_municipality":null,"name":"Bozova","name_ascii":"bozova","slug":"bozova-sanliurfa"},"geometry":{"type":"Polygon","coordinates":[[[38.059436,37.430017],[38.059887,37.429864],[38.060409,37.429714],[38.060884,37.429604],[38.061367,37.429515],[38.061854,37.429444],[38.062345,37.42939],[38.062838,37.429353],[38.063331,37.429335],[38.063824,37.42934],[38.064311,37.429371],[38.064795,37.429424],[38.065276,37.429497],[38.06575,37.429587],[38.066216,37.429695],[38.066672,37.429823],[38.067113,37.429973],[38.067536,37.43015],[38.067944,37.430364],[38.068332,37.430605],[38.068702,37.430867],[38.069058,37.431146],[38.069401,37.431438],[38.06973,37.43174],[38.070044,37.432054],[38.070341,37.432378],[38.070617,37.432713],[38.070877,37.433076],[38.071115,37.43345],[38.071337,37.433831],[38.071548,37.434219],[38.071749,37.43461],[38.072136,37.4354],[38.072687,37.436595],[38.073191,37.437763],[38.073667,37.438919],[38.074591,37.441222],[38.074908,37.441975],[38.075077,37.442346],[38.075256,37.442714],[38.075451,37.443075],[38.075667,37.443427],[38.075918,37.443783],[38.076194,37.444129],[38.07649,37.444464],[38.076804,37.44479],[38.077135,37.445105],[38.077484,37.445406],[38.077878,37.445712],[38.078292,37.446002],[38.078722,37.446277],[38.079168,37.446534],[38.079631,37.44677],[38.080113,37.446984],[38.08061,37.447177],[38.081224,37.447386],[38.081278,37.447403],[38.081633,37.447512],[38.082156,37.447654],[38.082686,37.447776],[38.083222,37.447874],[38.083733,37.447939],[38.084249,37.447984],[38.084768,37.448013],[38.08529,37.44803],[38.085813,37.448038],[38.086862,37.448033],[38.087909,37.448],[38.08843,37.447971],[38.088949,37.447929],[38.089465,37.447871],[38.089997,37.447791],[38.090525,37.447693],[38.09105,37.447583],[38.092094,37.447336],[38.093128,37.447062],[38.09364,37.446915],[38.094147,37.44676],[38.094649,37.446595],[38.095142,37.446416],[38.095622,37.446222],[38.096093,37.446015],[38.096557,37.445798],[38.097471,37.445341],[38.098365,37.44486],[38.098803,37.44461],[38.099234,37.444352],[38.099654,37.444085],[38.10007,37.4438],[38.100476,37.443505],[38.100874,37.443202],[38.101654,37.442584],[38.102421,37.441953],[38.103178,37.441314],[38.103918,37.440665],[38.10428,37.440335],[38.104632,37.439999],[38.104975,37.439655],[38.105637,37.43895],[38.106281,37.438234],[38.108504,37.435708],[38.109155,37.434996],[38.109837,37.434293],[38.110909,37.433255],[38.112737,37.431548],[38.113475,37.43087],[38.11422,37.4302],[38.114982,37.429545],[38.115374,37.429229],[38.115777,37.428925],[38.116197,37.428636],[38.116634,37.428368],[38.117086,37.428116],[38.11755,37.427875],[38.1185,37.427415],[38.119467,37.426972],[38.120931,37.426321],[38.122402,37.425679],[38.123389,37.425261],[38.124386,37.424859],[38.125394,37.424472],[38.127929,37.423532],[38.131995,37.422043],[38.133038,37.421681],[38.133524,37.421501],[38.134549,37.42116],[38.135062,37.421],[38.136097,37.420694],[38.137659,37.420255],[38.140794,37.419396],[38.141841,37.419116],[38.142893,37.418846],[38.143951,37.418597],[38.144979,37.418388],[38.145496,37.418292],[38.146533,37.418117],[38.147573,37.417965],[38.148094,37.4179],[38.148615,37.417846],[38.149137,37.417808],[38.149659,37.417789],[38.150193,37.417795],[38.150727,37.417821],[38.151261,37.417863],[38.152328,37.417979],[38.153394,37.418125],[38.154453,37.418298],[38.154978,37.418397],[38.1555,37.418507],[38.156016,37.418632],[38.156541,37.418779],[38.15706,37.41894],[38.157576,37.419112],[38.159629,37.419826],[38.160146,37.419995],[38.160667,37.420152],[38.161194,37.420291],[38.16169,37.420399],[38.162192,37.420488],[38.162698,37.420557],[38.163205,37.420606],[38.163714,37.420632],[38.164223,37.420631],[38.164719,37.420598],[38.165213,37.420539],[38.165704,37.420458],[38.16619,37.420356],[38.166671,37.420235],[38.167143,37.420094],[38.167593,37.419935],[38.168032,37.419759],[38.168459,37.419566],[38.168874,37.419358],[38.169272,37.419135],[38.169649,37.418895],[38.170001,37.418635],[38.170325,37.418358],[38.170618,37.418066],[38.170876,37.417758],[38.171089,37.417434],[38.171262,37.417065],[38.171381,37.41667],[38.171383,37.416659],[38.171444,37.416289],[38.171454,37.415892],[38.171406,37.415495],[38.17131,37.415143],[38.171173,37.414794],[38.171008,37.414445],[38.170416,37.413342],[38.170204,37.412936],[38.170092,37.412703],[38.170051,37.412616],[38.16984,37.41212],[38.169709,37.411712],[38.169638,37.411363],[38.169606,37.411018],[38.169618,37.410683],[38.169679,37.410363],[38.169798,37.410063],[38.169955,37.409824],[38.170158,37.409607],[38.170401,37.409415],[38.170724,37.409229],[38.171086,37.409078],[38.171478,37.408962],[38.171961,37.408872],[38.172468,37.408818],[38.17299,37.408791],[38.173524,37.408785],[38.174063,37.408794],[38.174606,37.408816],[38.17515,37.40885],[38.175691,37.408896],[38.17623,37.408956],[38.176762,37.409033],[38.177287,37.409134],[38.177809,37.409264],[38.178323,37.409416],[38.178831,37.409585],[38.179333,37.409766],[38.180328,37.41015],[38.181798,37.41076],[38.182758,37.411189],[38.183229,37.411414],[38.18369,37.411649],[38.184137,37.411899],[38.184555,37.412157],[38.184961,37.412429],[38.185357,37.412711],[38.186132,37.413294],[38.187268,37.414194],[38.188378,37.415114],[38.18909,37.415743],[38.189429,37.416066],[38.189751,37.416398],[38.19005,37.416742],[38.190322,37.417101],[38.190569,37.417474],[38.190798,37.417855],[38.190955,37.418139],[38.190983,37.418191],[38.191212,37.418636],[38.1914,37.419033],[38.191574,37.419434],[38.191732,37.419838],[38.19187,37.420245],[38.191982,37.420657],[38.19206,37.421063],[38.192111,37.421473],[38.19214,37.421884],[38.192148,37.422296],[38.192137,37.422707],[38.192104,37.423116],[38.192047,37.423523],[38.191959,37.423926],[38.19183,37.42434],[38.191671,37.42475],[38.19149,37.425157],[38.191296,37.425561],[38.190681,37.42677],[38.190293,37.42758],[38.190121,37.427989],[38.189972,37.428403],[38.189852,37.428827],[38.189757,37.429257],[38.18968,37.42969],[38.189617,37.430125],[38.18952,37.431001],[38.18945,37.431879],[38.189425,37.432319],[38.1894,37.433198],[38.189406,37.433637],[38.189429,37.434075],[38.189474,37.434507],[38.189536,37.434938],[38.189693,37.435797],[38.189986,37.437138],[38.189999,37.437192],[38.190074,37.43751],[38.190381,37.438799],[38.190717,37.440079],[38.190843,37.440502],[38.19098,37.440924],[38.191126,37.441331],[38.191285,37.441736],[38.191628,37.44254],[38.192003,37.443333],[38.192203,37.443725],[38.192415,37.444112],[38.192642,37.444492],[38.192888,37.444864],[38.193154,37.445219],[38.193438,37.445565],[38.193737,37.445906],[38.194366,37.446571],[38.194881,37.44708],[38.194953,37.447151],[38.195364,37.44754],[38.195711,37.447853],[38.196067,37.448159],[38.19642,37.448444],[38.196782,37.448721],[38.197152,37.448991],[38.19753,37.449253],[38.197916,37.449505],[38.198312,37.449746],[38.198719,37.449972],[38.199122,37.450173],[38.199536,37.450359],[38.199959,37.45053],[38.20039,37.450686],[38.200829,37.450826],[38.201277,37.450946],[38.201797,37.451058],[38.202325,37.451147],[38.202859,37.451221],[38.203398,37.451284],[38.20394,37.451339],[38.20503,37.451436],[38.208857,37.451733],[38.210497,37.451837],[38.211043,37.45186],[38.21159,37.451872],[38.212112,37.451872],[38.212634,37.451861],[38.213154,37.451838],[38.213672,37.451804],[38.214188,37.451757],[38.214698,37.451694],[38.215203,37.45161],[38.215698,37.451504],[38.216186,37.451377],[38.216668,37.451234],[38.217144,37.451076],[38.217613,37.450906],[38.218074,37.450721],[38.218525,37.450522],[38.218979,37.4503],[38.219423,37.450064],[38.220291,37.449565],[38.221142,37.449043],[38.22319,37.44773],[38.224011,37.447216],[38.22485,37.446724],[38.225286,37.446487],[38.225729,37.446258],[38.226177,37.446035],[38.227084,37.445604],[38.228004,37.445191],[38.228469,37.444994],[38.228938,37.444803],[38.229413,37.444622],[38.229894,37.444454],[38.230376,37.444303],[38.230865,37.444164],[38.231855,37.443912],[38.23336,37.443571],[38.234878,37.443257],[38.235897,37.443066],[38.237437,37.442807],[38.238983,37.442571],[38.240017,37.442433],[38.240535,37.442375],[38.241054,37.442329],[38.241573,37.442298],[38.242098,37.442286],[38.242622,37.442292],[38.243146,37.442312],[38.243667,37.442347],[38.244184,37.442397],[38.244696,37.442464],[38.245198,37.442552],[38.245689,37.442666],[38.246147,37.442807],[38.246589,37.442975],[38.247015,37.443168],[38.247422,37.443385],[38.247806,37.443627],[38.248178,37.443907],[38.248527,37.44421],[38.248858,37.44453],[38.249175,37.444863],[38.24948,37.445205],[38.249776,37.445554],[38.250064,37.445909],[38.250341,37.44627],[38.250888,37.447033],[38.25141,37.447808],[38.254206,37.45209],[38.256754,37.455968],[38.258036,37.457903],[38.259082,37.459446],[38.260435,37.461372],[38.264793,37.467526],[38.265617,37.468678],[38.266177,37.469442],[38.266726,37.470161],[38.267571,37.47123],[38.268151,37.471933],[38.268754,37.472621],[38.269069,37.472955],[38.269399,37.473279],[38.269735,37.473581],[38.270087,37.473872],[38.270451,37.474151],[38.270828,37.474418],[38.271218,37.474671],[38.271621,37.474907],[38.272041,37.475121],[38.27248,37.475311],[38.272934,37.475478],[38.2734,37.475629],[38.273875,37.475764],[38.274393,37.475894],[38.274917,37.476011],[38.275445,37.476116],[38.275977,37.476207],[38.276513,37.476284],[38.277052,37.476342],[38.277551,37.476376],[38.278052,37.476394],[38.278555,37.476401],[38.279059,37.476398],[38.280067,37.476371],[38.281075,37.47632],[38.281578,37.476284],[38.282639,37.476184],[38.283697,37.476065],[38.284754,37.475935],[38.287389,37.475588],[38.288438,37.475435],[38.288961,37.475351],[38.290001,37.475163],[38.291035,37.474948],[38.292065,37.474718],[38.297201,37.473509],[38.298697,37.473166],[38.300175,37.472848],[38.301166,37.472659],[38.301664,37.472577],[38.302164,37.472507],[38.3027,37.47245],[38.303239,37.472409],[38.303779,37.472381],[38.304319,37.472367],[38.304858,37.472367],[38.305368,37.472383],[38.305874,37.472413],[38.306376,37.472459],[38.306871,37.472522],[38.307357,37.472607],[38.30783,37.47272],[38.30827,37.472859],[38.308694,37.473026],[38.309099,37.473219],[38.309485,37.473437],[38.309846,37.47368],[38.31022,37.473984],[38.310565,37.474316],[38.310888,37.474666],[38.311196,37.47503],[38.31149,37.475404],[38.311774,37.475785],[38.312047,37.476171],[38.31231,37.476562],[38.31256,37.476956],[38.312776,37.47732],[38.312885,37.477515],[38.312932,37.4776],[38.313168,37.47805],[38.313341,37.478416],[38.313666,37.479159],[38.313847,37.479512],[38.314087,37.479863],[38.314106,37.479884],[38.314364,37.480161],[38.314712,37.480452],[38.3151,37.480724],[38.315517,37.480982],[38.315955,37.481229],[38.316408,37.481467],[38.316871,37.481698],[38.31734,37.481921],[38.317814,37.482134],[38.318289,37.482336],[38.318766,37.48252],[38.319242,37.482681],[38.319717,37.482809],[38.32019,37.482891],[38.320659,37.482911],[38.32112,37.482855],[38.321578,37.482737],[38.322032,37.482574],[38.322485,37.482378],[38.322936,37.482159],[38.323385,37.481923],[38.323834,37.481677],[38.324729,37.481165],[38.327412,37.479599],[38.328314,37.4791],[38.328769,37.478862],[38.32923,37.478637],[38.329697,37.478429],[38.330174,37.478244],[38.330664,37.478092],[38.33118,37.477977],[38.33171,37.477896],[38.33225,37.477838],[38.332797,37.477798],[38.333904,37.47775],[38.33558,37.477717],[38.340625,37.477662],[38.342304,37.477661],[38.343421,37.477684],[38.343981,37.477709],[38.345098,37.477777],[38.34733,37.477953],[38.353934,37.478517],[38.358311,37.478891],[38.35908,37.478957],[38.377616,37.480518],[38.379861,37.480718],[38.380981,37.480832],[38.381539,37.480896],[38.382097,37.480967],[38.38321,37.481124],[38.385431,37.481465],[38.414277,37.486044],[38.415388,37.486214],[38.4165,37.486374],[38.417616,37.486513],[38.418171,37.48657],[38.419284,37.486666],[38.421517,37.486822],[38.431016,37.487424],[38.458393,37.48917],[38.463117,37.489465],[38.469306,37.483383],[38.489816,37.463215],[38.526069,37.432267],[38.548469,37.414583],[38.554585,37.410921],[38.562224,37.407233],[38.567361,37.401833],[38.5696,37.396829],[38.574604,37.392614],[38.581716,37.388926],[38.588433,37.389585],[38.59897,37.392746],[38.602723,37.394162],[38.605785,37.394359],[38.609934,37.393964],[38.613786,37.393075],[38.616552,37.392581],[38.619516,37.392976],[38.621491,37.393865],[38.625047,37.394952],[38.629393,37.398508],[38.635814,37.405818],[38.643914,37.413819],[38.648951,37.419745],[38.654285,37.424388],[38.660113,37.426561],[38.664953,37.427055],[38.674634,37.427746],[38.688561,37.427944],[38.698736,37.425968],[38.707626,37.422709],[38.715429,37.41935],[38.718788,37.416387],[38.719183,37.414411],[38.718689,37.410855],[38.717405,37.406114],[38.712861,37.403052],[38.705749,37.402064],[38.699921,37.403348],[38.694686,37.403447],[38.689846,37.402854],[38.6774,37.399792],[38.671769,37.396928],[38.665052,37.390309],[38.658928,37.382901],[38.655668,37.376283],[38.655174,37.370554],[38.655471,37.364034],[38.656557,37.360478],[38.659817,37.357318],[38.661793,37.352971],[38.663373,37.347835],[38.664163,37.343785],[38.664262,37.339439],[38.664125,37.338103],[38.655176,37.33522],[38.645896,37.332602],[38.634475,37.332602],[38.625909,37.337599],[38.624005,37.342596],[38.622815,37.351638],[38.627574,37.358776],[38.62924,37.369246],[38.625671,37.376622],[38.619246,37.37924],[38.616391,37.372815],[38.614725,37.364725],[38.610204,37.353541],[38.601876,37.349496],[38.598783,37.338075],[38.601876,37.328319],[38.619722,37.317612],[38.615915,37.308332],[38.611156,37.301907],[38.615915,37.299052],[38.630192,37.293817],[38.638996,37.289296],[38.646186,37.283925],[38.646186,37.278591],[38.64668,37.271084],[38.647272,37.263972],[38.647371,37.256169],[38.645791,37.251427],[38.64421,37.24876],[38.641938,37.24639],[38.6369,37.243229],[38.630184,37.240167],[38.62317,37.236611],[38.610329,37.230486],[38.594031,37.225152],[38.582177,37.221596],[38.576053,37.219522],[38.566077,37.213003],[38.558866,37.210435],[38.553137,37.210632],[38.546321,37.211324],[38.542864,37.212213],[38.533974,37.214188],[38.525281,37.214583],[38.518268,37.214188],[38.510267,37.21241],[38.505624,37.208854],[38.50029,37.203915],[38.493178,37.202335],[38.487054,37.202532],[38.484288,37.203816],[38.480732,37.207866],[38.478856,37.209447],[38.473324,37.212608],[38.467397,37.213694],[38.458606,37.213694],[38.447839,37.209743],[38.44537,37.207372],[38.442999,37.202335],[38.443394,37.199668],[38.44616,37.194729],[38.449123,37.191568],[38.453074,37.18732],[38.454062,37.185839],[38.455445,37.180801],[38.454852,37.175862],[38.454161,37.171516],[38.453766,37.168651],[38.452679,37.164503],[38.447444,37.154131],[38.446851,37.15018],[38.445567,37.145636],[38.444283,37.138425],[38.44053,37.133882],[38.435492,37.129634],[38.432134,37.126868],[38.426701,37.122028],[38.422774,37.118843],[38.420033,37.116398],[38.417514,37.113731],[38.415292,37.111138],[38.412847,37.108915],[38.41018,37.105878],[38.405587,37.101507],[38.402031,37.097877],[38.399882,37.094617],[38.398077,37.091096],[38.395764,37.092812],[38.39375,37.095424],[38.39181,37.101915],[38.390392,37.107511],[38.387557,37.111689],[38.380544,37.120269],[38.375694,37.12594],[38.372187,37.129596],[38.360018,37.143049],[38.352682,37.149347],[38.349466,37.153936],[38.347341,37.158769],[38.343984,37.162947],[38.341,37.166677],[38.33891,37.168617],[38.33794,37.16914],[38.336639,37.169219],[38.335478,37.169289],[38.331375,37.168394],[38.327271,37.167498],[38.322794,37.165782],[38.318094,37.164663],[38.31302,37.163768],[38.307379,37.163536],[38.304738,37.163991],[38.301679,37.165558],[38.293547,37.171826],[38.283698,37.17966],[38.279967,37.185778],[38.278102,37.189882],[38.276908,37.194508],[38.275901,37.195888],[38.274894,37.197268],[38.270716,37.198238],[38.266537,37.198611],[38.263404,37.198537],[38.257584,37.199283],[38.25348,37.200476],[38.251018,37.203536],[38.249281,37.20695],[38.248854,37.207788],[38.248377,37.212086],[38.248258,37.21316],[38.247362,37.218085],[38.247437,37.225844],[38.247511,37.237782],[38.246627,37.242831],[38.245194,37.248732],[38.244457,37.250165],[38.243677,37.251682],[38.240474,37.253958],[38.237079,37.2561],[38.231792,37.259437],[38.225638,37.262387],[38.219063,37.265422],[38.207852,37.272671],[38.194955,37.281269],[38.186273,37.285737],[38.179867,37.288603],[38.169162,37.293913],[38.166464,37.294419],[38.159552,37.296442],[38.155759,37.297369],[38.139912,37.302174],[38.133674,37.305883],[38.117742,37.318695],[38.098355,37.332435],[38.094562,37.334627],[38.091021,37.336397],[38.086891,37.337746],[38.083098,37.338252],[38.08099,37.33901],[38.077871,37.341202],[38.07627,37.344742],[38.074415,37.349715],[38.073235,37.35393],[38.073151,37.357386],[38.071802,37.361601],[38.068768,37.365816],[38.067166,37.368344],[38.065649,37.370873],[38.06076,37.38318],[38.057978,37.390345],[38.055365,37.399533],[38.052921,37.404085],[38.051825,37.409058],[38.053005,37.413779],[38.054691,37.419258],[38.055955,37.420522],[38.056882,37.422798],[38.057051,37.424063],[38.058315,37.425496],[38.058821,37.426676],[38.05899,37.427771],[38.059158,37.428614],[38.059436,37.430017]]]}},{"type":"Feature","properties":{"id":"TR-D-63-004","parent_id":"TR-P-63","region_id":"TR-R-GDA","level":"district","municipality_type":null,"municipality_type_label":null,"is_metropolitan_municipality":null,"name":"Ceylanpınar","name_ascii":"ceylanpinar","slug":"ceylanpinar-sanliurfa"},"geometry":{"type":"Polygon","coordinates":[[[40.235076,36.912465],[40.233493,36.911182],[40.229642,36.907931],[40.227972,36.906558],[40.225512,36.904372],[40.225144,36.904044],[40.223797,36.902922],[40.222556,36.901799],[40.221235,36.901074],[40.216749,36.898612],[40.214944,36.897504],[40.21419,36.897041],[40.208402,36.893935],[40.207188,36.893332],[40.204359,36.891924],[40.203289,36.891356],[40.201192,36.890242],[40.198317,36.888823],[40.197039,36.888192],[40.194654,36.886496],[40.194613,36.886465],[40.193063,36.885277],[40.191954,36.884175],[40.188104,36.880906],[40.186366,36.879268],[40.184599,36.877996],[40.183594,36.877619],[40.182443,36.877186],[40.181824,36.876954],[40.181574,36.876927],[40.18064,36.87683],[40.176619,36.875965],[40.16721,36.87395],[40.162227,36.872836],[40.153286,36.870822],[40.149875,36.870115],[40.148603,36.869797],[40.14702,36.869513],[40.145846,36.869302],[40.144698,36.869178],[40.144537,36.86917],[40.14028,36.868949],[40.135367,36.868701],[40.128622,36.868298],[40.122428,36.867952],[40.118244,36.867765],[40.113851,36.867475],[40.111035,36.867302],[40.109609,36.86692],[40.108278,36.866563],[40.106705,36.866121],[40.103825,36.865273],[40.102606,36.864902],[40.0983,36.863663],[40.092296,36.861995],[40.092062,36.86193],[40.086734,36.860501],[40.083268,36.859505],[40.08154,36.858929],[40.080588,36.858611],[40.078503,36.858075],[40.075211,36.857555],[40.065691,36.856367],[40.0633,36.855961],[40.062995,36.855909],[40.061436,36.855433],[40.060179,36.854566],[40.05901,36.85344],[40.058688,36.852573],[40.058447,36.851924],[40.057598,36.849334],[40.056714,36.847246],[40.055477,36.845711],[40.054514,36.844665],[40.055034,36.844071],[40.053667,36.842912],[40.053504,36.842971],[40.052588,36.842315],[40.052823,36.84202],[40.052113,36.841383],[40.05178,36.841632],[40.049251,36.839495],[40.049065,36.83961],[40.04871,36.839831],[40.048421,36.839573],[40.047591,36.838863],[40.044795,36.836482],[40.041588,36.833978],[40.039455,36.832279],[40.038896,36.831846],[40.037267,36.830535],[40.037002,36.830342],[40.036317,36.829789],[40.035782,36.829361],[40.034256,36.828137],[40.03297,36.827288],[40.031076,36.826317],[40.029693,36.825856],[40.028188,36.825589],[40.024848,36.825245],[40.022842,36.825052],[40.021368,36.824909],[40.018917,36.824666],[40.016198,36.824351],[40.01526,36.824226],[40.01365,36.824011],[40.012883,36.823954],[40.011279,36.823769],[40.009122,36.823528],[40.003703,36.822888],[40.003515,36.822866],[40.00004,36.822467],[39.997985,36.8217],[39.997722,36.821606],[39.994191,36.820349],[39.988605,36.818309],[39.98264,36.81618],[39.979768,36.815116],[39.972333,36.812386],[39.970005,36.81152],[39.966628,36.810342],[39.965506,36.809959],[39.964257,36.809462],[39.960014,36.807929],[39.952591,36.805166],[39.950885,36.804526],[39.945339,36.802444],[39.940958,36.800835],[39.934424,36.798483],[39.933128,36.797899],[39.932394,36.797568],[39.93123,36.797256],[39.929894,36.796899],[39.92581,36.795835],[39.919378,36.794092],[39.916677,36.79336],[39.899574,36.788979],[39.897321,36.788385],[39.890144,36.786627],[39.886752,36.785786],[39.884995,36.785266],[39.879401,36.783855],[39.877288,36.783407],[39.874501,36.782816],[39.870095,36.781306],[39.867437,36.780381],[39.86554,36.779722],[39.861358,36.778336],[39.859056,36.777568],[39.854877,36.776238],[39.854625,36.776158],[39.854645,36.776131],[39.854997,36.775663],[39.8522,36.773806],[39.851729,36.774103],[39.849229,36.772569],[39.848869,36.772831],[39.848685,36.772965],[39.847398,36.771777],[39.847015,36.771429],[39.844972,36.769574],[39.844192,36.768885],[39.842868,36.767717],[39.839849,36.765044],[39.838549,36.764052],[39.837547,36.763287],[39.836037,36.762495],[39.835815,36.762422],[39.833339,36.761604],[39.831285,36.760886],[39.828191,36.760045],[39.826359,36.759079],[39.821432,36.756552],[39.820617,36.756134],[39.818562,36.755738],[39.817812,36.755731],[39.815889,36.755713],[39.812647,36.755639],[39.806781,36.755293],[39.803835,36.755169],[39.800197,36.754971],[39.79589,36.754723],[39.788415,36.754401],[39.78396,36.754179],[39.781599,36.754027],[39.779727,36.753906],[39.772079,36.753535],[39.762649,36.752941],[39.75109,36.752322],[39.744036,36.752001],[39.743925,36.751996],[39.738665,36.751753],[39.732229,36.751481],[39.728987,36.751283],[39.719384,36.750714],[39.715498,36.750565],[39.712107,36.750219],[39.710894,36.749971],[39.709161,36.749402],[39.708418,36.748892],[39.707899,36.748535],[39.705052,36.747273],[39.696216,36.743511],[39.690994,36.741333],[39.687182,36.739823],[39.683964,36.738536],[39.682162,36.737993],[39.680598,36.737521],[39.680286,36.737365],[39.679856,36.73715],[39.678154,36.736526],[39.67712,36.736317],[39.676341,36.73616],[39.67347,36.735145],[39.671143,36.734427],[39.668965,36.73366],[39.665054,36.732571],[39.664559,36.732274],[39.660228,36.730814],[39.657134,36.729725],[39.650698,36.727893],[39.64659,36.72636],[39.644908,36.725829],[39.642182,36.72497],[39.640683,36.724434],[39.639672,36.724312],[39.637556,36.724252],[39.636365,36.724232],[39.63448,36.7242],[39.629476,36.7242],[39.629033,36.723809],[39.628251,36.723887],[39.626113,36.723757],[39.625045,36.723366],[39.623507,36.723366],[39.622595,36.723392],[39.621474,36.723418],[39.621005,36.723652],[39.617538,36.723548],[39.614619,36.723444],[39.61196,36.723496],[39.608127,36.723366],[39.608103,36.723366],[39.603377,36.723188],[39.599422,36.723134],[39.59726,36.723105],[39.595931,36.722844],[39.595583,36.72278],[39.589675,36.721697],[39.584176,36.720733],[39.581648,36.720238],[39.57849,36.719681],[39.576174,36.719273],[39.575373,36.719095],[39.570849,36.718085],[39.555235,36.715295],[39.552846,36.714868],[39.550917,36.71453],[39.548155,36.71393],[39.546121,36.713435],[39.542994,36.712783],[39.538968,36.711746],[39.537833,36.711454],[39.536635,36.711174],[39.530248,36.709682],[39.528658,36.709291],[39.522585,36.707753],[39.521017,36.707343],[39.517998,36.706554],[39.512577,36.70512],[39.503402,36.703009],[39.503266,36.702976],[39.500691,36.702357],[39.498707,36.701861],[39.504993,36.725482],[39.506445,36.728876],[39.507771,36.732356],[39.508931,36.736499],[39.510256,36.740145],[39.512079,36.742962],[39.512245,36.745448],[39.512411,36.748431],[39.512079,36.750751],[39.510588,36.754066],[39.509096,36.759203],[39.509096,36.763015],[39.508765,36.765501],[39.509759,36.767489],[39.511914,36.769312],[39.512998,36.770291],[39.51324,36.770597],[39.513862,36.770553],[39.51737,36.771002],[39.518087,36.771094],[39.522001,36.771216],[39.529923,36.771462],[39.538098,36.771715],[39.541496,36.771715],[39.54829,36.771715],[39.551725,36.7728],[39.553013,36.773207],[39.560968,36.778864],[39.5642,36.781162],[39.566089,36.787998],[39.56681,36.790608],[39.566945,36.792192],[39.567804,36.802291],[39.568923,36.817952],[39.569917,36.831998],[39.570663,36.838834],[39.569148,36.84605],[39.56855,36.848901],[39.567877,36.850037],[39.564573,36.855613],[39.559352,36.864687],[39.555499,36.874382],[39.554381,36.883206],[39.553883,36.887557],[39.553303,36.894186],[39.552861,36.901036],[39.552861,36.90899],[39.553745,36.916724],[39.554187,36.922027],[39.554874,36.925233],[39.556121,36.931059],[39.561584,36.940112],[39.563547,36.943364],[39.569234,36.949144],[39.571424,36.951382],[39.573522,36.953525],[39.577623,36.958839],[39.578735,36.961908],[39.579581,36.964246],[39.580234,36.969186],[39.5807,36.974313],[39.582471,36.981398],[39.58332,36.984129],[39.584615,36.988296],[39.585825,36.992213],[39.5862,36.993423],[39.586248,36.993851],[39.586651,36.99739],[39.592166,36.997898],[39.600183,36.998084],[39.60683,36.997647],[39.607267,36.997618],[39.616589,36.996873],[39.622462,36.996873],[39.624187,36.997665],[39.625911,36.998457],[39.628988,37.001813],[39.629944,37.003678],[39.630852,37.005449],[39.633183,37.008991],[39.635513,37.012067],[39.639335,37.01561],[39.642505,37.017459],[39.64381,37.01822],[39.645021,37.018382],[39.652852,37.019432],[39.656751,37.01856],[39.659937,37.017847],[39.665985,37.015878],[39.667954,37.015237],[39.674013,37.01505],[39.680259,37.014678],[39.685386,37.014491],[39.689487,37.015423],[39.694055,37.018593],[39.697318,37.019898],[39.703676,37.020604],[39.70403,37.020644],[39.708318,37.020084],[39.71186,37.018872],[39.717547,37.016356],[39.722255,37.014048],[39.722301,37.014025],[39.722441,37.013961],[39.725936,37.012347],[39.727801,37.010576],[39.730877,37.007966],[39.735445,37.005728],[39.742343,37.003118],[39.751459,37.001028],[39.752504,37.000788],[39.753336,37.000688],[39.760241,36.999856],[39.768646,37.000034],[39.769004,37.000042],[39.771055,37.000311],[39.776834,37.001067],[39.781495,37.00172],[39.790724,37.003584],[39.802526,37.008321],[39.804894,37.009271],[39.807559,37.01022],[39.817199,37.013652],[39.829317,37.016822],[39.842088,37.019898],[39.849732,37.021576],[39.854766,37.022135],[39.8598,37.022562],[39.865766,37.023067],[39.866874,37.023008],[39.869215,37.022881],[39.877605,37.024186],[39.887859,37.027076],[39.920114,37.04255],[39.946122,37.054762],[39.953067,37.057873],[39.955071,37.058771],[39.956288,37.059319],[39.96169,37.061754],[39.964766,37.065203],[39.968868,37.066415],[39.977351,37.06716],[39.984901,37.068932],[39.992266,37.071635],[39.996088,37.072008],[40.008,37.074299],[40.022749,37.077135],[40.044096,37.08133],[40.067028,37.088321],[40.080545,37.093448],[40.087537,37.096991],[40.092104,37.099042],[40.107486,37.107525],[40.11197,37.111553],[40.112986,37.112465],[40.113292,37.11275],[40.117445,37.116619],[40.117508,37.116585],[40.117696,37.116484],[40.119548,37.116237],[40.120721,37.116237],[40.122326,37.116669],[40.123005,37.116854],[40.123684,37.117039],[40.123931,37.117039],[40.124178,37.117039],[40.124487,37.116885],[40.125413,37.116422],[40.126187,37.115589],[40.126215,37.115558],[40.126301,37.115434],[40.126771,37.114755],[40.126956,37.113459],[40.126956,37.111668],[40.127018,37.110681],[40.127203,37.110434],[40.127388,37.110187],[40.127491,37.110152],[40.128314,37.109878],[40.129426,37.110001],[40.130352,37.11031],[40.131278,37.111051],[40.132327,37.1121],[40.132522,37.112243],[40.133253,37.11278],[40.134118,37.112656],[40.135167,37.112039],[40.136217,37.11136],[40.136587,37.110619],[40.136556,37.110495],[40.136525,37.110372],[40.136506,37.110296],[40.136463,37.110125],[40.135991,37.109712],[40.13597,37.109693],[40.135291,37.108952],[40.134858,37.108396],[40.135105,37.107594],[40.135537,37.106976],[40.135537,37.106668],[40.135537,37.106359],[40.135229,37.105618],[40.135103,37.105527],[40.13455,37.105124],[40.133504,37.104689],[40.133068,37.104507],[40.132648,37.104237],[40.132204,37.103951],[40.132111,37.103581],[40.132019,37.103211],[40.13208,37.102223],[40.13208,37.10105],[40.132204,37.09963],[40.131957,37.098704],[40.131833,37.098566],[40.130907,37.097531],[40.128932,37.095987],[40.127608,37.095154],[40.127265,37.094938],[40.126586,37.093518],[40.126771,37.091851],[40.127327,37.090863],[40.127574,37.090061],[40.127569,37.090004],[40.127512,37.08932],[40.127574,37.088394],[40.128191,37.08753],[40.129364,37.087406],[40.130352,37.087283],[40.13208,37.087406],[40.133075,37.087695],[40.133994,37.087962],[40.13499,37.088069],[40.135723,37.088147],[40.136538,37.088049],[40.137266,37.087962],[40.138151,37.087777],[40.139921,37.087406],[40.14239,37.086727],[40.143316,37.086295],[40.144427,37.084134],[40.145477,37.082653],[40.146773,37.082097],[40.148255,37.081541],[40.150292,37.080492],[40.151404,37.079566],[40.151774,37.076417],[40.151157,37.075738],[40.150832,37.07539],[40.150292,37.074812],[40.14949,37.073824],[40.14949,37.072713],[40.149737,37.072034],[40.150292,37.071231],[40.150971,37.070367],[40.152083,37.07012],[40.152201,37.07012],[40.153503,37.07012],[40.154552,37.070305],[40.154778,37.070346],[40.156281,37.070614],[40.158441,37.070738],[40.159553,37.070676],[40.160355,37.070182],[40.16054,37.069379],[40.160294,37.068763],[40.159738,37.067959],[40.158627,37.067589],[40.15696,37.066539],[40.155602,37.065613],[40.154737,37.063947],[40.154429,37.062588],[40.154305,37.061477],[40.155787,37.059872],[40.158318,37.057958],[40.158975,37.057619],[40.160807,37.056671],[40.161899,37.056106],[40.163072,37.055489],[40.16338,37.054624],[40.162886,37.05376],[40.161343,37.052834],[40.159923,37.051723],[40.159764,37.051448],[40.158945,37.050789],[40.157788,37.048231],[40.158517,37.046229],[40.158542,37.04616],[40.161056,37.044043],[40.16235,37.042962],[40.163074,37.042329],[40.163422,37.042008],[40.163754,37.041682],[40.164092,37.041316],[40.164152,37.041246],[40.164288,37.041086],[40.164517,37.040778],[40.16471,37.040462],[40.164857,37.040134],[40.164958,37.039749],[40.165004,37.039352],[40.165008,37.038946],[40.164981,37.038534],[40.164929,37.038119],[40.164857,37.037704],[40.164765,37.037289],[40.164653,37.036879],[40.164518,37.036475],[40.164361,37.036098],[40.164358,37.036089],[40.164152,37.035699],[40.163911,37.035342],[40.163568,37.034927],[40.163503,37.034855],[40.16333,37.034666],[40.163006,37.034343],[40.162666,37.034028],[40.162312,37.03372],[40.161947,37.033421],[40.16157,37.03313],[40.160361,37.032259],[40.159971,37.031965],[40.159603,37.031659],[40.159266,37.031336],[40.158977,37.030998],[40.158722,37.030642],[40.158493,37.030271],[40.158284,37.02989],[40.158093,37.0295],[40.157918,37.029104],[40.157759,37.028703],[40.157618,37.028297],[40.157499,37.027886],[40.157405,37.027464],[40.157333,37.02704],[40.15728,37.026612],[40.157245,37.026183],[40.157226,37.025754],[40.157225,37.025325],[40.157246,37.024896],[40.157293,37.024463],[40.15736,37.024032],[40.157533,37.023171],[40.157735,37.022312],[40.158279,37.020168],[40.158735,37.01846],[40.158988,37.017614],[40.159129,37.017196],[40.159285,37.016782],[40.159462,37.016374],[40.159666,37.01597],[40.15989,37.015572],[40.16013,37.015178],[40.16038,37.014788],[40.160901,37.014013],[40.16279,37.011319],[40.163335,37.010552],[40.163889,37.009792],[40.164466,37.009048],[40.16477,37.008687],[40.165089,37.008337],[40.165431,37.008003],[40.165768,37.007714],[40.166125,37.00744],[40.166498,37.007178],[40.166884,37.006926],[40.167281,37.006684],[40.167689,37.006452],[40.168145,37.00621],[40.168611,37.005976],[40.169559,37.005527],[40.172924,37.004009],[40.173879,37.003567],[40.174821,37.00311],[40.175185,37.002922],[40.175234,37.002897],[40.175738,37.002625],[40.176632,37.002112],[40.177953,37.001318],[40.181219,36.999313],[40.181341,36.999238],[40.182776,36.998341],[40.18363,36.997776],[40.184043,36.997482],[40.18444,36.997178],[40.184815,36.996859],[40.185139,36.996543],[40.185439,36.996214],[40.185714,36.995873],[40.185963,36.995523],[40.186182,36.995166],[40.186364,36.994801],[40.186498,36.994431],[40.186578,36.994022],[40.186597,36.993612],[40.186569,36.993296],[40.186565,36.993252],[40.186468,36.992818],[40.186313,36.99245],[40.186084,36.992115],[40.185798,36.991843],[40.185453,36.991602],[40.185065,36.991384],[40.184644,36.991184],[40.1842,36.990997],[40.18374,36.990821],[40.183267,36.990654],[40.182786,36.990496],[40.181809,36.990202],[40.181316,36.990068],[40.180822,36.989946],[40.179264,36.989605],[40.178779,36.989482],[40.178327,36.989338],[40.177922,36.989162],[40.177584,36.988939],[40.177347,36.988683],[40.177167,36.988386],[40.17703,36.988058],[40.176924,36.987706],[40.176841,36.987337],[40.176772,36.986939],[40.176716,36.986531],[40.176585,36.985276],[40.176354,36.982638],[40.176283,36.981731],[40.176235,36.980717],[40.176234,36.980606],[40.176232,36.98038],[40.176249,36.979936],[40.176289,36.979536],[40.176356,36.979144],[40.176453,36.978761],[40.176587,36.978391],[40.176766,36.97804],[40.177017,36.977689],[40.177319,36.977363],[40.177663,36.977059],[40.17804,36.976778],[40.178447,36.976522],[40.178884,36.976298],[40.17932,36.976119],[40.179776,36.975966],[40.180247,36.975832],[40.180729,36.97571],[40.181218,36.975599],[40.182208,36.975392],[40.184225,36.974991],[40.185266,36.974775],[40.186302,36.974548],[40.187331,36.974309],[40.187842,36.974183],[40.18887,36.97391],[40.189892,36.973622],[40.191418,36.973176],[40.198519,36.971062],[40.200037,36.970602],[40.201567,36.970125],[40.209271,36.967648],[40.213649,36.96624],[40.217388,36.965037],[40.218913,36.964534],[40.220015,36.964148],[40.220111,36.964112],[40.220416,36.963999],[40.220908,36.963805],[40.221393,36.9636],[40.221873,36.963386],[40.222348,36.963166],[40.22329,36.962713],[40.228434,36.960146],[40.232675,36.958053],[40.233611,36.957577],[40.234072,36.957333],[40.234525,36.957082],[40.234965,36.956821],[40.235388,36.956547],[40.235792,36.956251],[40.236167,36.955938],[40.236511,36.955607],[40.236814,36.955258],[40.237031,36.954948],[40.237213,36.954626],[40.23736,36.954295],[40.237467,36.953955],[40.237531,36.953609],[40.237545,36.953209],[40.237495,36.952733],[40.237483,36.952663],[40.237433,36.952393],[40.23733,36.951982],[40.237206,36.95157],[40.237066,36.951157],[40.236905,36.950728],[40.236559,36.949871],[40.23564,36.947738],[40.23526,36.946893],[40.235101,36.946557],[40.235099,36.946552],[40.235082,36.946516],[40.234856,36.946064],[40.234637,36.945662],[40.234398,36.945273],[40.234133,36.944902],[40.233889,36.944626],[40.233859,36.944592],[40.233491,36.944255],[40.233115,36.943981],[40.232709,36.943731],[40.232278,36.943506],[40.231823,36.943308],[40.231345,36.943136],[40.23085,36.942989],[40.230344,36.94286],[40.229828,36.942748],[40.229306,36.942651],[40.228779,36.942569],[40.228247,36.942504],[40.227691,36.942455],[40.226017,36.942356],[40.225462,36.942315],[40.224911,36.942257],[40.224386,36.942179],[40.223866,36.942081],[40.223351,36.941966],[40.222844,36.941836],[40.222344,36.941691],[40.221853,36.941529],[40.221376,36.941348],[40.220917,36.941143],[40.220468,36.940904],[40.220037,36.940641],[40.219618,36.940361],[40.219209,36.940068],[40.218408,36.93946],[40.217622,36.938833],[40.216851,36.938193],[40.216474,36.937867],[40.216107,36.937536],[40.215753,36.937198],[40.215417,36.93685],[40.215136,36.936527],[40.214874,36.936194],[40.214631,36.935855],[40.214407,36.935509],[40.214205,36.935156],[40.214029,36.934797],[40.213887,36.934431],[40.21377,36.933977],[40.213757,36.933898],[40.213718,36.933675],[40.213686,36.933289],[40.213687,36.932897],[40.213688,36.932893],[40.213726,36.932479],[40.213795,36.932057],[40.213885,36.931633],[40.213991,36.93121],[40.214231,36.930364],[40.214358,36.929946],[40.21462,36.929094],[40.215287,36.926982],[40.215568,36.926143],[40.215877,36.925314],[40.21605,36.924906],[40.216243,36.924505],[40.216463,36.92411],[40.216704,36.923722],[40.216963,36.923342],[40.217237,36.922968],[40.217526,36.922602],[40.21783,36.922246],[40.218176,36.921878],[40.218201,36.921855],[40.218496,36.921572],[40.218861,36.921265],[40.219246,36.920973],[40.219728,36.920637],[40.21981,36.920583],[40.220056,36.920419],[40.220475,36.920153],[40.22133,36.919637],[40.222204,36.919145],[40.222649,36.918911],[40.223101,36.918689],[40.223563,36.918483],[40.224037,36.918299],[40.224486,36.918152],[40.224946,36.918023],[40.225413,36.917908],[40.226363,36.917701],[40.228265,36.917316],[40.229206,36.917112],[40.229671,36.917002],[40.23013,36.916883],[40.2306,36.916749],[40.231059,36.916601],[40.231502,36.916438],[40.231926,36.916256],[40.232325,36.916051],[40.232689,36.915815],[40.233043,36.915516],[40.233357,36.915182],[40.233643,36.914823],[40.233908,36.914446],[40.234109,36.914134],[40.234134,36.914095],[40.234633,36.913255],[40.234779,36.912994],[40.235076,36.912465]]]}},{"type":"Feature","properties":{"id":"TR-D-63-005","parent_id":"TR-P-63","region_id":"TR-R-GDA","level":"district","municipality_type":null,"municipality_type_label":null,"is_metropolitan_municipality":null,"name":"Eyyübiye","name_ascii":"eyyubiye","slug":"eyyubiye-sanliurfa"},"geometry":{"type":"Polygon","coordinates":[[[39.586651,36.99739],[39.586248,36.993851],[39.5862,36.993423],[39.585825,36.992213],[39.584615,36.988296],[39.58332,36.984129],[39.582471,36.981398],[39.5807,36.974313],[39.580234,36.969186],[39.579581,36.964246],[39.578735,36.961908],[39.577623,36.958839],[39.573522,36.953525],[39.571424,36.951382],[39.569234,36.949144],[39.563547,36.943364],[39.561584,36.940112],[39.556121,36.931059],[39.554874,36.925233],[39.554187,36.922027],[39.553745,36.916724],[39.552861,36.90899],[39.552861,36.901036],[39.553303,36.894186],[39.553883,36.887557],[39.554381,36.883206],[39.555499,36.874382],[39.559352,36.864687],[39.564573,36.855613],[39.567877,36.850037],[39.56855,36.848901],[39.569148,36.84605],[39.570663,36.838834],[39.563476,36.833809],[39.556858,36.827092],[39.548659,36.820672],[39.539571,36.817116],[39.535917,36.817214],[39.533941,36.818103],[39.530187,36.820869],[39.529002,36.825314],[39.528805,36.829364],[39.529595,36.834402],[39.530681,36.839637],[39.532459,36.847045],[39.532262,36.853071],[39.528903,36.857219],[39.52189,36.859195],[39.516062,36.858504],[39.511222,36.854552],[39.508357,36.850799],[39.501147,36.846947],[39.494035,36.846255],[39.486528,36.848922],[39.480008,36.851589],[39.471513,36.855639],[39.452153,36.864628],[39.443109,36.867415],[39.436447,36.869468],[39.423211,36.872826],[39.416988,36.874604],[39.407703,36.877765],[39.402764,36.880136],[39.397133,36.882309],[39.387453,36.88389],[39.380242,36.885766],[39.373822,36.887446],[39.369574,36.887841],[39.362166,36.888532],[39.354066,36.889717],[39.348139,36.890409],[39.339249,36.890705],[39.331051,36.8911],[39.324828,36.890211],[39.314357,36.888631],[39.300133,36.884877],[39.28907,36.881618],[39.278797,36.879741],[39.270796,36.879247],[39.262696,36.879642],[39.254399,36.880333],[39.24541,36.882309],[39.23978,36.88626],[39.235532,36.890211],[39.232964,36.893471],[39.227927,36.90167],[39.222691,36.9073],[39.214789,36.91056],[39.207973,36.910856],[39.200071,36.910164],[39.195626,36.908288],[39.188909,36.907794],[39.180612,36.907497],[39.174191,36.909374],[39.169252,36.91135],[39.16214,36.915498],[39.156312,36.920042],[39.150089,36.925574],[39.143175,36.930118],[39.13468,36.932093],[39.123716,36.932093],[39.116604,36.931994],[39.108109,36.932192],[39.098824,36.933279],[39.09349,36.93397],[39.088551,36.935748],[39.081439,36.938711],[39.075117,36.941477],[39.069783,36.942662],[39.063362,36.944243],[39.059016,36.944539],[39.053682,36.945725],[39.044594,36.948688],[39.040248,36.951552],[39.032445,36.955405],[39.028296,36.956985],[39.023555,36.956887],[39.018319,36.955306],[39.01022,36.953133],[39.001922,36.951256],[38.990464,36.949281],[38.981278,36.947107],[38.975351,36.945231],[38.968338,36.94612],[38.961028,36.95096],[38.955497,36.954615],[38.949274,36.958467],[38.94394,36.959949],[38.938902,36.959257],[38.932086,36.957084],[38.926456,36.953726],[38.922603,36.949379],[38.920233,36.944342],[38.91559,36.940292],[38.912609,36.939833],[38.90917,36.939304],[38.905378,36.938836],[38.901169,36.938316],[38.894452,36.938119],[38.88892,36.93881],[38.88082,36.939205],[38.865707,36.937822],[38.858497,36.933674],[38.850693,36.931994],[38.84526,36.930315],[38.838543,36.926957],[38.835679,36.92508],[38.832617,36.921524],[38.828666,36.917178],[38.824912,36.913523],[38.821158,36.911745],[38.818998,36.910448],[38.817701,36.909671],[38.813157,36.907399],[38.80891,36.907399],[38.803477,36.90809],[38.798835,36.909275],[38.791327,36.91135],[38.783425,36.910658],[38.779276,36.910263],[38.771275,36.909769],[38.765448,36.909967],[38.762435,36.910738],[38.757348,36.912041],[38.749248,36.916289],[38.738427,36.922349],[38.736901,36.923203],[38.734366,36.924519],[38.729097,36.927253],[38.725344,36.93071],[38.72324,36.931117],[38.722282,36.931303],[38.721458,36.931303],[38.719812,36.931303],[38.713496,36.93092],[38.713293,36.930908],[38.712996,36.930857],[38.709836,36.930315],[38.706586,36.930183],[38.704995,36.930118],[38.700945,36.92992],[38.699563,36.92978],[38.69413,36.929229],[38.686326,36.929229],[38.679412,36.92913],[38.671114,36.929031],[38.658668,36.929229],[38.65373,36.930019],[38.648494,36.930612],[38.642074,36.931994],[38.632235,36.934623],[38.627652,36.935847],[38.625594,36.936194],[38.618861,36.937328],[38.611255,36.937625],[38.60681,36.936736],[38.599105,36.935353],[38.596087,36.934144],[38.590425,36.931875],[38.586098,36.9368],[38.58095,36.943142],[38.578562,36.945977],[38.567669,36.956348],[38.563326,36.960067],[38.561327,36.96463],[38.56073,36.971419],[38.561625,36.975672],[38.563118,36.979403],[38.564088,36.981119],[38.56752,36.985073],[38.570653,36.987834],[38.574906,36.991341],[38.575652,36.992161],[38.575802,36.993803],[38.576025,36.995817],[38.574459,36.999623],[38.573041,37.002234],[38.571176,37.004995],[38.56834,37.007531],[38.566251,37.009098],[38.562819,37.01074],[38.561103,37.011337],[38.547822,37.014769],[38.537004,37.017231],[38.516635,37.024468],[38.50313,37.029318],[38.490595,37.033198],[38.472241,37.039987],[38.463735,37.043793],[38.457998,37.046081],[38.461448,37.050076],[38.465326,37.053796],[38.466519,37.054587],[38.472133,37.058308],[38.477346,37.060584],[38.477753,37.060762],[38.483769,37.062899],[38.491288,37.065036],[38.495483,37.065906],[38.499203,37.066065],[38.504031,37.066065],[38.511788,37.065036],[38.515191,37.064798],[38.519861,37.063453],[38.524689,37.061474],[38.529042,37.057595],[38.531179,37.054983],[38.531965,37.054072],[38.533158,37.052688],[38.535207,37.051283],[38.535928,37.050788],[38.537967,37.05017],[38.538459,37.050038],[38.542166,37.049045],[38.542793,37.048907],[38.543908,37.048661],[38.544336,37.048837],[38.545567,37.049342],[38.547003,37.05073],[38.547837,37.052402],[38.548232,37.054129],[38.548211,37.054715],[38.548133,37.056844],[38.54764,37.059015],[38.546942,37.062209],[38.546702,37.063309],[38.546011,37.065431],[38.545711,37.066006],[38.545419,37.066566],[38.545365,37.067405],[38.54532,37.068096],[38.545558,37.068761],[38.54641,37.068872],[38.547541,37.068985],[38.549878,37.069065],[38.551835,37.069133],[38.553957,37.069479],[38.555339,37.069775],[38.555915,37.070062],[38.556524,37.070367],[38.55814,37.069994],[38.55909,37.069775],[38.559744,37.069175],[38.560275,37.068689],[38.56141,37.067159],[38.561564,37.066112],[38.561656,37.065481],[38.562199,37.062766],[38.563186,37.061285],[38.564371,37.060101],[38.564676,37.059975],[38.565802,37.059509],[38.567233,37.059065],[38.568538,37.058545],[38.569257,37.056893],[38.569454,37.055758],[38.569109,37.053142],[38.568871,37.052442],[38.568319,37.050823],[38.568171,37.048602],[38.567332,37.045246],[38.567312,37.044615],[38.567283,37.043666],[38.567561,37.043029],[38.567974,37.042087],[38.569849,37.04105],[38.573008,37.040261],[38.575377,37.040113],[38.577154,37.040261],[38.579177,37.04184],[38.580378,37.043077],[38.580806,37.043518],[38.582583,37.045788],[38.583243,37.046429],[38.58431,37.047466],[38.586121,37.048842],[38.586778,37.049342],[38.587864,37.050428],[38.588752,37.051563],[38.588927,37.052045],[38.589147,37.052649],[38.588999,37.054327],[38.588012,37.05635],[38.587313,37.057721],[38.586728,37.058867],[38.585495,37.060841],[38.584634,37.061874],[38.584261,37.062322],[38.58273,37.063605],[38.581849,37.064351],[38.581447,37.064691],[38.580256,37.065834],[38.579523,37.06706],[38.578684,37.068738],[38.578536,37.069162],[38.578289,37.069873],[38.577987,37.070597],[38.578213,37.071853],[38.578808,37.072926],[38.579136,37.073398],[38.57954,37.07398],[38.581823,37.076104],[38.585793,37.079916],[38.589197,37.083082],[38.591759,37.085787],[38.592046,37.08609],[38.593694,37.087254],[38.596637,37.089335],[38.598695,37.09068],[38.602098,37.09258],[38.605106,37.094638],[38.605632,37.095067],[38.607243,37.096379],[38.608902,37.098196],[38.610013,37.10002],[38.610804,37.102078],[38.611218,37.103834],[38.611438,37.104769],[38.612229,37.108331],[38.612538,37.109022],[38.613892,37.112051],[38.614506,37.11328],[38.615316,37.1149],[38.617691,37.117117],[38.619828,37.118779],[38.62213,37.120077],[38.622915,37.12052],[38.626081,37.122499],[38.627794,37.123831],[38.628218,37.124161],[38.633284,37.12709],[38.637004,37.130256],[38.639536,37.132788],[38.640144,37.133051],[38.642465,37.134055],[38.64666,37.134055],[38.651725,37.133422],[38.654015,37.13264],[38.654971,37.132313],[38.659957,37.128514],[38.663123,37.124399],[38.665023,37.121549],[38.666289,37.119254],[38.667827,37.117777],[38.668268,37.117354],[38.668549,37.117311],[38.671355,37.116879],[38.674679,37.116879],[38.677731,37.117289],[38.679982,37.117592],[38.687027,37.118937],[38.690905,37.119174],[38.69415,37.119649],[38.697237,37.121549],[38.700641,37.123211],[38.701662,37.123637],[38.702869,37.12414],[38.70349,37.124398],[38.704336,37.124761],[38.70626,37.125586],[38.708397,37.127169],[38.710851,37.128752],[38.712213,37.129432],[38.713542,37.130097],[38.715679,37.131126],[38.7175,37.132393],[38.720112,37.134529],[38.722555,37.137131],[38.723113,37.138496],[38.724069,37.140861],[38.725019,37.145611],[38.725098,37.147906],[38.725363,37.149431],[38.725415,37.149727],[38.726285,37.150676],[38.727253,37.151368],[38.727947,37.151864],[38.729501,37.153096],[38.730243,37.153684],[38.731512,37.154282],[38.732934,37.154951],[38.735625,37.155663],[38.738474,37.155979],[38.739065,37.15613],[38.742195,37.156929],[38.744422,37.157544],[38.748052,37.159462],[38.748856,37.159875],[38.749848,37.160385],[38.75098,37.160966],[38.752135,37.161632],[38.753038,37.162153],[38.755729,37.162945],[38.756763,37.163414],[38.758341,37.164132],[38.759415,37.164549],[38.761249,37.165262],[38.761795,37.165106],[38.762185,37.164794],[38.762575,37.164716],[38.763186,37.16469],[38.763771,37.164482],[38.764681,37.164118],[38.765729,37.163453],[38.766475,37.16287],[38.766928,37.162514],[38.767282,37.162258],[38.767646,37.162428],[38.767984,37.162636],[38.768426,37.162636],[38.76879,37.16248],[38.76918,37.162168],[38.76957,37.161648],[38.770116,37.161362],[38.77087,37.16118],[38.771524,37.161272],[38.771728,37.161713],[38.772248,37.162324],[38.772963,37.162887],[38.773601,37.16339],[38.774875,37.163],[38.775335,37.162821],[38.775811,37.162636],[38.776591,37.162246],[38.777306,37.161802],[38.779322,37.160711],[38.780713,37.159918],[38.78122,37.159983],[38.781974,37.160165],[38.782468,37.160269],[38.78278,37.160009],[38.783378,37.159359],[38.78369,37.158865],[38.78395,37.158319],[38.784002,37.157825],[38.784289,37.157695],[38.785225,37.157513],[38.785849,37.157331],[38.786479,37.157031],[38.786941,37.156811],[38.787591,37.156655],[38.789412,37.156707],[38.790946,37.156915],[38.79248,37.157019],[38.79287,37.156993],[38.793546,37.156785],[38.793936,37.156473],[38.794193,37.156023],[38.794639,37.155043],[38.79521,37.154315],[38.795824,37.153587],[38.796329,37.152988],[38.796636,37.152691],[38.797109,37.152234],[38.797577,37.151766],[38.797863,37.151506],[38.798054,37.151251],[38.798279,37.151064],[38.799111,37.15083],[38.800047,37.15044],[38.800826,37.150039],[38.801813,37.14963],[38.801703,37.149169],[38.801541,37.148813],[38.801391,37.148451],[38.80124,37.147984],[38.801033,37.14757],[38.800888,37.147259],[38.800823,37.146326],[38.801033,37.145848],[38.802365,37.144562],[38.803129,37.144022],[38.80417,37.143463],[38.80454,37.143254],[38.804809,37.142964],[38.805183,37.142661],[38.805681,37.142445],[38.80648,37.142127],[38.808129,37.14147],[38.80878,37.141243],[38.809437,37.141014],[38.809789,37.140972],[38.810287,37.141055],[38.810963,37.141242],[38.811387,37.141262],[38.811646,37.141202],[38.811781,37.141013],[38.811675,37.140613],[38.81147,37.140184],[38.811422,37.139776],[38.811553,37.139447],[38.811594,37.138814],[38.811752,37.138323],[38.812126,37.137598],[38.812507,37.137009],[38.812818,37.136677],[38.813314,37.136421],[38.815267,37.135577],[38.817508,37.134747],[38.8185,37.134391],[38.819707,37.133959],[38.820537,37.133751],[38.82146,37.133619],[38.821803,37.133611],[38.822612,37.133627],[38.823275,37.133627],[38.824147,37.133917],[38.825413,37.134353],[38.825757,37.134419],[38.826201,37.134332],[38.826803,37.133689],[38.827057,37.133399],[38.827674,37.132693],[38.828089,37.131843],[38.82838,37.131137],[38.828604,37.130894],[38.829251,37.13066],[38.829604,37.130577],[38.829992,37.130411],[38.830455,37.1301],[38.831063,37.129742],[38.831492,37.129457],[38.831701,37.129265],[38.831865,37.128792],[38.83199,37.128336],[38.832197,37.128087],[38.833069,37.127693],[38.833853,37.127398],[38.834335,37.127299],[38.834895,37.127257],[38.835849,37.127257],[38.836326,37.127174],[38.8367,37.126884],[38.836991,37.126365],[38.837412,37.125784],[38.837882,37.125431],[38.838186,37.125212],[38.838663,37.125006],[38.839335,37.124954],[38.839895,37.124829],[38.840298,37.124558],[38.840746,37.124207],[38.841202,37.123854],[38.841576,37.123605],[38.841887,37.123253],[38.84188,37.122802],[38.841825,37.122361],[38.841656,37.121573],[38.841514,37.120887],[38.841542,37.120571],[38.841825,37.120161],[38.842033,37.119887],[38.842219,37.119642],[38.842447,37.119184],[38.842572,37.118792],[38.842647,37.118197],[38.842717,37.117651],[38.842816,37.117183],[38.842869,37.116946],[38.842966,37.116675],[38.843222,37.116385],[38.843754,37.115822],[38.843879,37.115555],[38.843962,37.115036],[38.844014,37.114435],[38.844481,37.11404],[38.844998,37.113861],[38.849899,37.112227],[38.853931,37.112325],[38.858493,37.112383],[38.859587,37.111243],[38.861112,37.109424],[38.862784,37.107112],[38.86785,37.103473],[38.872424,37.101161],[38.877243,37.09944],[38.883522,37.097963],[38.886311,37.096962],[38.890029,37.096533],[38.894106,37.096819],[38.897967,37.097033],[38.901256,37.097105],[38.905118,37.096819],[38.908881,37.096342],[38.915272,37.095531],[38.922709,37.094316],[38.92584,37.094175],[38.929073,37.09403],[38.935437,37.09403],[38.93805,37.094287],[38.940514,37.094531],[38.946378,37.095889],[38.951955,37.097605],[38.960679,37.097462],[38.96547,37.096676],[38.966804,37.096404],[38.973909,37.09496],[38.977079,37.094565],[38.978452,37.094394],[38.983356,37.094394],[38.986319,37.0947],[38.990457,37.095058],[38.995464,37.094649],[38.997252,37.094394],[38.999551,37.093627],[39.001189,37.093318],[39.002259,37.093117],[39.003792,37.092248],[39.004169,37.09187],[39.00558,37.09046],[39.006653,37.088672],[39.006642,37.088073],[39.00655,37.083052],[39.007112,37.079987],[39.008147,37.078549],[39.008951,37.077432],[39.01217,37.07452],[39.013456,37.073708],[39.016053,37.072068],[39.018352,37.070995],[39.020891,37.069951],[39.022406,37.069328],[39.024197,37.068887],[39.024789,37.068742],[39.027683,37.067071],[39.029256,37.064997],[39.031401,37.062566],[39.033206,37.061663],[39.034548,37.060993],[39.039267,37.059062],[39.050207,37.05513],[39.054078,37.054325],[39.05743,37.053627],[39.06358,37.053199],[39.067459,37.053302],[39.068943,37.053342],[39.070773,37.054014],[39.073806,37.05513],[39.078024,37.056488],[39.079698,37.057641],[39.081242,37.058705],[39.082997,37.059699],[39.083387,37.05992],[39.086105,37.060707],[39.088965,37.060778],[39.090896,37.060135],[39.093256,37.057704],[39.09962,37.051769],[39.108558,37.042759],[39.113278,37.038111],[39.115418,37.036797],[39.11957,37.034249],[39.122731,37.033168],[39.127937,37.031389],[39.132871,37.031746],[39.136902,37.032172],[39.141666,37.032676],[39.147316,37.034106],[39.14827,37.034851],[39.150248,37.036394],[39.153385,37.039572],[39.155754,37.041972],[39.162387,37.046857],[39.163619,37.047764],[39.164482,37.048326],[39.168339,37.050839],[39.177349,37.058991],[39.178604,37.060309],[39.180209,37.061994],[39.181589,37.06365],[39.182355,37.064568],[39.183153,37.065202],[39.184429,37.066213],[39.187646,37.067143],[39.188586,37.067399],[39.190006,37.067787],[39.194011,37.068359],[39.19587,37.06843],[39.201948,37.069074],[39.205523,37.069145],[39.211316,37.068788],[39.216464,37.067858],[39.219043,37.067189],[39.220325,37.066857],[39.225545,37.065713],[39.228334,37.065713],[39.232196,37.065784],[39.236129,37.066571],[39.236799,37.066842],[39.23949,37.067929],[39.244277,37.070048],[39.244774,37.070287],[39.24666,37.071192],[39.250474,37.072813],[39.25109,37.072824],[39.255909,37.072909],[39.257637,37.072948],[39.260104,37.073004],[39.264108,37.073004],[39.268303,37.072718],[39.271708,37.072322],[39.272403,37.072241],[39.276503,37.071192],[39.280412,37.070334],[39.28394,37.068141],[39.287181,37.065281],[39.289194,37.062749],[39.290137,37.061562],[39.295,37.054984],[39.296811,37.052409],[39.299576,37.04974],[39.30339,37.046498],[39.304042,37.046004],[39.306155,37.044401],[39.30892,37.042208],[39.311208,37.040396],[39.31491,37.037774],[39.315785,37.037155],[39.319122,37.03458],[39.324461,37.032483],[39.327062,37.03232],[39.330563,37.032101],[39.331306,37.032199],[39.334186,37.032578],[39.338572,37.033817],[39.340751,37.034767],[39.34229,37.035438],[39.343859,37.036012],[39.3462,37.036868],[39.350395,37.037345],[39.355448,37.037441],[39.361264,37.036773],[39.365555,37.03582],[39.369654,37.035343],[39.373468,37.034962],[39.377663,37.034962],[39.379011,37.034992],[39.381858,37.035057],[39.386149,37.034866],[39.393014,37.033913],[39.39759,37.033245],[39.398842,37.032953],[39.40045,37.032578],[39.402876,37.031668],[39.404264,37.031147],[39.408947,37.027513],[39.412464,37.023806],[39.413512,37.022853],[39.417326,37.01923],[39.421903,37.016504],[39.425812,37.014176],[39.428581,37.013302],[39.431246,37.01246],[39.44183,37.009218],[39.447932,37.008551],[39.452699,37.007598],[39.454052,37.007675],[39.456036,37.007788],[39.458896,37.007788],[39.462425,37.006453],[39.46681,37.004451],[39.469171,37.003822],[39.46967,37.003689],[39.472395,37.003258],[39.473293,37.003116],[39.477107,37.002926],[39.48073,37.003498],[39.484162,37.004737],[39.487091,37.005453],[39.488453,37.005786],[39.492362,37.00674],[39.493754,37.00674],[39.495032,37.00674],[39.496939,37.006358],[39.499245,37.005853],[39.499833,37.006262],[39.501537,37.001329],[39.505931,36.995409],[39.510057,36.990745],[39.520042,36.987367],[39.529729,36.985215],[39.54085,36.984617],[39.55257,36.984258],[39.557353,36.985334],[39.575014,36.995036],[39.580732,36.996717],[39.586651,36.99739]]]}},{"type":"Feature","properties":{"id":"TR-D-63-006","parent_id":"TR-P-63","region_id":"TR-R-GDA","level":"district","municipality_type":null,"municipality_type_label":null,"is_metropolitan_municipality":null,"name":"Halfeti","name_ascii":"halfeti","slug":"halfeti-sanliurfa"},"geometry":{"type":"Polygon","coordinates":[[[38.237079,37.2561],[38.23462,37.253833],[38.232014,37.251578],[38.230887,37.250603],[38.228231,37.249095],[38.225719,37.248521],[38.222633,37.248808],[38.217537,37.249598],[38.212656,37.250818],[38.207631,37.250818],[38.201889,37.251105],[38.196362,37.250172],[38.193061,37.247516],[38.19141,37.243928],[38.19113,37.24259],[38.190764,37.240841],[38.191625,37.234812],[38.194209,37.230577],[38.195349,37.227828],[38.195429,37.227634],[38.199879,37.219595],[38.200597,37.217011],[38.200884,37.213207],[38.200167,37.206747],[38.1983,37.201651],[38.195429,37.19878],[38.19385,37.197918],[38.192917,37.197806],[38.186098,37.196985],[38.17892,37.197057],[38.17648,37.197344],[38.174542,37.198995],[38.172245,37.204163],[38.170451,37.217226],[38.169948,37.222538],[38.167723,37.226055],[38.165857,37.227419],[38.159469,37.228424],[38.153727,37.228998],[38.146334,37.228711],[38.145042,37.228483],[38.139012,37.227419],[38.135782,37.226916],[38.130973,37.226055],[38.128442,37.224404],[38.127671,37.223902],[38.124826,37.220872],[38.122145,37.218016],[38.119955,37.215396],[38.117766,37.212776],[38.116096,37.21016],[38.113962,37.206819],[38.112598,37.202584],[38.112239,37.199067],[38.110732,37.194329],[38.10944,37.191387],[38.106354,37.187941],[38.104192,37.186872],[38.099822,37.184711],[38.096951,37.183419],[38.090689,37.181967],[38.087979,37.181338],[38.087838,37.181335],[38.079868,37.181194],[38.0747,37.180979],[38.067307,37.181984],[38.060416,37.18263],[38.055607,37.182558],[38.049004,37.18184],[38.033141,37.182055],[38.02747,37.181768],[38.025317,37.181553],[38.020113,37.180697],[38.019647,37.18062],[38.011536,37.180046],[38.001343,37.180692],[37.981605,37.181194],[37.97012,37.18306],[37.959138,37.186506],[37.949592,37.189377],[37.944926,37.190812],[37.941427,37.191549],[37.939471,37.191961],[37.937354,37.192679],[37.935236,37.193396],[37.931935,37.193827],[37.929255,37.193396],[37.927915,37.193181],[37.920379,37.191028],[37.919545,37.190246],[37.916933,37.187798],[37.914636,37.186577],[37.912411,37.183204],[37.91033,37.178538],[37.908033,37.174519],[37.904875,37.17093],[37.902369,37.167767],[37.899133,37.16368],[37.896968,37.160669],[37.895831,37.159087],[37.891309,37.154206],[37.891022,37.153416],[37.890376,37.152268],[37.889299,37.151694],[37.888725,37.150689],[37.88571,37.148535],[37.885424,37.148368],[37.882767,37.146813],[37.878963,37.14387],[37.8783,37.143407],[37.874559,37.140791],[37.873608,37.142737],[37.872998,37.143921],[37.872782,37.144309],[37.872555,37.144692],[37.872313,37.145067],[37.872051,37.145433],[37.871755,37.145795],[37.871437,37.146147],[37.871104,37.146491],[37.870407,37.147164],[37.869322,37.148153],[37.86565,37.151425],[37.864493,37.152471],[37.864195,37.152741],[37.863482,37.153409],[37.863132,37.153747],[37.862791,37.154089],[37.862125,37.154798],[37.861481,37.155521],[37.860534,37.156617],[37.855532,37.162493],[37.851139,37.167626],[37.849898,37.169099],[37.849298,37.169845],[37.849008,37.170222],[37.84873,37.170605],[37.848463,37.170997],[37.848207,37.171394],[37.847717,37.172198],[37.847009,37.173417],[37.843536,37.179538],[37.839809,37.18606],[37.839358,37.186879],[37.838929,37.187704],[37.83873,37.188121],[37.838546,37.188542],[37.838382,37.188962],[37.838234,37.189387],[37.837966,37.190244],[37.837604,37.19154],[37.836338,37.196311],[37.83517,37.200645],[37.834946,37.201512],[37.834739,37.202381],[37.834648,37.202817],[37.83457,37.203253],[37.834509,37.203691],[37.834469,37.204123],[37.834447,37.204557],[37.834435,37.205427],[37.834461,37.206736],[37.834512,37.208045],[37.834558,37.208917],[37.834626,37.209786],[37.834673,37.210219],[37.834734,37.210649],[37.834815,37.211078],[37.834921,37.211511],[37.835047,37.211941],[37.835337,37.212797],[37.835657,37.213649],[37.836462,37.215695],[37.837669,37.21876],[37.838027,37.219599],[37.83822,37.22001],[37.838427,37.220412],[37.838655,37.220801],[37.838913,37.221172],[37.839212,37.221516],[37.839554,37.221825],[37.839936,37.222108],[37.840348,37.222374],[37.84078,37.222625],[37.841228,37.222866],[37.841688,37.223098],[37.842155,37.223324],[37.842629,37.223542],[37.843108,37.223751],[37.843593,37.223948],[37.843641,37.223966],[37.844084,37.224131],[37.844583,37.224293],[37.845092,37.224426],[37.845588,37.224521],[37.846092,37.224589],[37.846602,37.224636],[37.847116,37.224667],[37.847631,37.224683],[37.848146,37.224686],[37.848658,37.224675],[37.849167,37.224648],[37.849668,37.224601],[37.85016,37.224529],[37.850639,37.224424],[37.851123,37.224271],[37.851593,37.224083],[37.851785,37.223993],[37.852052,37.223869],[37.852503,37.223637],[37.852949,37.223393],[37.853831,37.22288],[37.85514,37.222084],[37.856439,37.221277],[37.857721,37.220457],[37.858551,37.21989],[37.858953,37.219596],[37.85935,37.219284],[37.859737,37.218964],[37.86049,37.218306],[37.861227,37.217634],[37.861713,37.217181],[37.863415,37.215599],[37.864158,37.214933],[37.864537,37.214607],[37.864925,37.214291],[37.865326,37.213986],[37.865744,37.213699],[37.866169,37.213439],[37.866612,37.213196],[37.867067,37.212967],[37.867531,37.21275],[37.868005,37.212543],[37.868485,37.212348],[37.868973,37.212165],[37.869468,37.211998],[37.869973,37.211852],[37.870494,37.211729],[37.871024,37.211626],[37.871561,37.21154],[37.872102,37.211465],[37.872646,37.211401],[37.873192,37.211347],[37.87374,37.211303],[37.874288,37.211272],[37.874836,37.211257],[37.875382,37.211264],[37.875915,37.211295],[37.876445,37.211348],[37.876972,37.211418],[37.877494,37.211503],[37.878009,37.211601],[37.878515,37.211715],[37.879007,37.211845],[37.879479,37.211998],[37.879925,37.212179],[37.880334,37.212398],[37.880683,37.212649],[37.880997,37.212935],[37.881283,37.213247],[37.881545,37.213578],[37.881786,37.213923],[37.882007,37.21428],[37.882207,37.214645],[37.882381,37.215017],[37.882523,37.215397],[37.882626,37.215783],[37.882683,37.21619],[37.8827,37.216603],[37.882686,37.217019],[37.88265,37.217439],[37.882598,37.21786],[37.882534,37.218282],[37.882461,37.218704],[37.882293,37.219548],[37.882093,37.220387],[37.881978,37.220803],[37.881846,37.221224],[37.881704,37.221644],[37.881397,37.222477],[37.880902,37.223732],[37.880897,37.223745],[37.880523,37.224638],[37.880392,37.224951],[37.880022,37.22576],[37.879821,37.226159],[37.879605,37.22655],[37.879368,37.226932],[37.879097,37.227315],[37.878804,37.227688],[37.878494,37.228054],[37.877805,37.228814],[37.877766,37.228855],[37.87717,37.229483],[37.872716,37.23406],[37.867947,37.239004],[37.867254,37.2397],[37.86654,37.240381],[37.86617,37.24071],[37.865786,37.241028],[37.865402,37.241321],[37.865005,37.241604],[37.864185,37.242149],[37.863345,37.242677],[37.862493,37.243195],[37.861633,37.243704],[37.860762,37.244199],[37.860321,37.244438],[37.859873,37.244668],[37.859417,37.244888],[37.85896,37.24509],[37.858496,37.245281],[37.858025,37.245465],[37.857072,37.245816],[37.85419,37.246839],[37.853242,37.2472],[37.852775,37.247391],[37.852316,37.247592],[37.851863,37.2478],[37.850972,37.248237],[37.8501,37.248695],[37.849673,37.248932],[37.849254,37.249177],[37.848846,37.249431],[37.848454,37.249696],[37.848081,37.249978],[37.847732,37.250279],[37.847403,37.250595],[37.847088,37.250923],[37.846785,37.25126],[37.846491,37.251603],[37.845921,37.252303],[37.845373,37.253016],[37.845108,37.253377],[37.844851,37.253741],[37.844604,37.25411],[37.844358,37.254503],[37.844123,37.2549],[37.843455,37.256107],[37.842503,37.257914],[37.842385,37.258136],[37.84155,37.259767],[37.841155,37.260588],[37.840971,37.261002],[37.8408,37.26142],[37.840644,37.261849],[37.840502,37.262282],[37.840372,37.262717],[37.840139,37.263592],[37.839944,37.264471],[37.839866,37.26491],[37.839807,37.265349],[37.839773,37.265787],[37.839776,37.266223],[37.839822,37.26666],[37.839906,37.267095],[37.840019,37.267527],[37.840156,37.267956],[37.840309,37.268368],[37.840311,37.268375],[37.840492,37.268801],[37.840693,37.269214],[37.840851,37.269493],[37.840887,37.269555],[37.841131,37.269937],[37.841357,37.270249],[37.841645,37.270615],[37.841694,37.270673],[37.84216,37.271227],[37.844117,37.273403],[37.845042,37.274476],[37.845928,37.275548],[37.846802,37.276625],[37.84773,37.277782],[37.84779,37.277859],[37.848524,37.27879],[37.849075,37.279521],[37.849341,37.27989],[37.849595,37.280264],[37.849836,37.280642],[37.85006,37.281031],[37.850271,37.281424],[37.85047,37.281822],[37.850848,37.282626],[37.851564,37.28425],[37.85243,37.286288],[37.852777,37.287152],[37.852923,37.287518],[37.853241,37.288378],[37.853985,37.290541],[37.857055,37.299636],[37.857627,37.301371],[37.857895,37.302241],[37.858019,37.302678],[37.858133,37.303117],[37.858233,37.303547],[37.858323,37.303979],[37.858485,37.304847],[37.85885,37.307022],[37.858908,37.307344],[37.859006,37.307891],[37.85919,37.308753],[37.859299,37.309181],[37.859427,37.309605],[37.859576,37.31002],[37.859743,37.310432],[37.859922,37.31084],[37.860309,37.311653],[37.860485,37.311997],[37.860929,37.312862],[37.861366,37.313659],[37.861595,37.314052],[37.861835,37.31444],[37.862089,37.31482],[37.862364,37.315189],[37.862671,37.31555],[37.863001,37.315898],[37.863351,37.316231],[37.863718,37.316549],[37.864105,37.316849],[37.864512,37.317127],[37.864945,37.317376],[37.865402,37.317589],[37.865882,37.317774],[37.866379,37.317939],[37.866888,37.318089],[37.867405,37.318227],[37.867928,37.318357],[37.868987,37.318597],[37.870056,37.318811],[37.870594,37.318905],[37.871125,37.318986],[37.871658,37.319059],[37.872729,37.319189],[37.87649,37.319585],[37.877561,37.319708],[37.878624,37.319852],[37.87915,37.319939],[37.87967,37.320041],[37.880181,37.320163],[37.880665,37.320306],[37.88114,37.320468],[37.881608,37.320648],[37.882068,37.320841],[37.882521,37.321046],[37.882965,37.321263],[37.883398,37.321493],[37.883817,37.321738],[37.88419,37.321982],[37.884549,37.322239],[37.884892,37.322508],[37.885218,37.322788],[37.885525,37.32308],[37.885807,37.323383],[37.886059,37.323701],[37.886317,37.324112],[37.886332,37.324142],[37.886502,37.32448],[37.886665,37.324888],[37.88679,37.325305],[37.886876,37.325728],[37.886913,37.326153],[37.886897,37.326571],[37.886835,37.326988],[37.886734,37.327401],[37.886598,37.32781],[37.886425,37.32821],[37.886242,37.328552],[37.886033,37.328885],[37.8858,37.329208],[37.885546,37.329519],[37.885268,37.329816],[37.884965,37.330097],[37.884595,37.330386],[37.884198,37.330654],[37.88378,37.330905],[37.883347,37.331143],[37.882901,37.331368],[37.882445,37.331581],[37.881979,37.331781],[37.881504,37.331965],[37.881017,37.33213],[37.880518,37.332274],[37.880009,37.3324],[37.879494,37.332515],[37.877941,37.332837],[37.87743,37.332951],[37.876928,37.333077],[37.876439,37.333221],[37.875968,37.333389],[37.875568,37.333567],[37.875188,37.333769],[37.87483,37.333992],[37.874495,37.334235],[37.874188,37.334497],[37.873915,37.33478],[37.873662,37.335114],[37.873449,37.33547],[37.87327,37.335841],[37.873122,37.336225],[37.873003,37.336618],[37.872915,37.337019],[37.872859,37.337436],[37.872833,37.337858],[37.872829,37.338282],[37.872843,37.338706],[37.872875,37.339131],[37.87291,37.339432],[37.872917,37.339493],[37.872992,37.339973],[37.873085,37.340388],[37.873207,37.340796],[37.873372,37.34121],[37.87357,37.341615],[37.873693,37.341832],[37.873795,37.342012],[37.874041,37.342401],[37.874308,37.342781],[37.874597,37.343151],[37.87491,37.343508],[37.875229,37.343828],[37.875568,37.344137],[37.875921,37.344436],[37.876285,37.344729],[37.876659,37.345014],[37.877427,37.345568],[37.877821,37.345835],[37.878224,37.346094],[37.878636,37.346342],[37.879085,37.346592],[37.879545,37.34683],[37.880012,37.34706],[37.880959,37.347506],[37.882395,37.348154],[37.887674,37.350508],[37.889107,37.351157],[37.890056,37.351597],[37.890995,37.35205],[37.891465,37.352287],[37.892397,37.352773],[37.893322,37.353267],[37.899764,37.356769],[37.90113,37.357532],[37.902021,37.35806],[37.902454,37.358334],[37.902876,37.358619],[37.903281,37.358915],[37.903674,37.359222],[37.904437,37.359857],[37.905551,37.360837],[37.910684,37.36547],[37.924415,37.377828],[37.931521,37.384198],[37.932254,37.384876],[37.932613,37.38522],[37.932962,37.385569],[37.933298,37.385924],[37.933617,37.386288],[37.933862,37.386597],[37.933882,37.386622],[37.934169,37.387013],[37.934476,37.387468],[37.934528,37.38755],[37.934907,37.388146],[37.935362,37.388919],[37.93558,37.389308],[37.93599,37.390096],[37.936177,37.390495],[37.936349,37.390899],[37.936509,37.391307],[37.936804,37.392129],[37.937212,37.393372],[37.937589,37.394559],[37.938004,37.395867],[37.938426,37.397107],[37.938578,37.397517],[37.938827,37.398124],[37.939013,37.39853],[37.939213,37.398931],[37.939424,37.399328],[37.939646,37.399721],[37.939879,37.400109],[37.940125,37.400491],[37.940387,37.400865],[37.940669,37.401229],[37.940971,37.401576],[37.941293,37.401912],[37.941629,37.402241],[37.941977,37.402563],[37.942335,37.402878],[37.942701,37.403188],[37.943076,37.403491],[37.94346,37.403787],[37.943856,37.404072],[37.944277,37.404355],[37.944708,37.404628],[37.945148,37.404894],[37.946002,37.40539],[37.946022,37.405401],[37.947399,37.406173],[37.948766,37.406923],[37.950143,37.40766],[37.950606,37.407899],[37.951543,37.408367],[37.954383,37.409733],[37.955794,37.410427],[37.95672,37.41091],[37.958085,37.411664],[37.959437,37.412435],[37.960779,37.413217],[37.96166,37.413746],[37.962525,37.414286],[37.962949,37.414563],[37.963362,37.414846],[37.963761,37.415139],[37.96414,37.415444],[37.964493,37.415766],[37.964815,37.416112],[37.965111,37.416475],[37.965386,37.416851],[37.965648,37.417237],[37.965898,37.417628],[37.966379,37.418424],[37.966838,37.41923],[37.967275,37.420044],[37.967481,37.420454],[37.967674,37.420868],[37.96785,37.421286],[37.968005,37.42171],[37.968144,37.422138],[37.968391,37.423002],[37.968521,37.423504],[37.968841,37.424742],[37.969083,37.425609],[37.969357,37.426465],[37.969658,37.427314],[37.969818,37.427736],[37.970161,37.428574],[37.970348,37.428988],[37.970542,37.429383],[37.970747,37.429774],[37.971182,37.430535],[37.971185,37.43054],[37.971423,37.430922],[37.971672,37.431294],[37.971935,37.431659],[37.972218,37.432013],[37.972524,37.432354],[37.972849,37.432686],[37.973188,37.433009],[37.973537,37.433327],[37.974257,37.433951],[37.974996,37.434562],[37.975754,37.435158],[37.976142,37.435446],[37.976538,37.435727],[37.976947,37.435995],[37.977378,37.436255],[37.977823,37.436502],[37.978276,37.436739],[37.978738,37.436967],[37.979206,37.437187],[37.97968,37.437397],[37.980161,37.437598],[37.980649,37.437786],[37.981133,37.437956],[37.981623,37.438114],[37.982118,37.438264],[37.983119,37.438546],[37.984128,37.43881],[37.985145,37.439054],[37.985657,37.439167],[37.986682,37.439364],[37.987714,37.439533],[37.988232,37.439606],[37.988751,37.43967],[37.989271,37.439723],[37.989792,37.439761],[37.990276,37.43978],[37.990761,37.439784],[37.991246,37.439774],[37.99173,37.439751],[37.992213,37.439714],[37.992737,37.439656],[37.993258,37.439582],[37.993776,37.439495],[37.99429,37.439396],[37.9948,37.439284],[37.995304,37.439158],[37.995801,37.439014],[37.996265,37.438859],[37.996722,37.438689],[37.997173,37.438508],[37.998063,37.438121],[37.998951,37.437705],[38.000733,37.436838],[38.001634,37.436422],[38.002111,37.436217],[38.002592,37.436022],[38.003079,37.435836],[38.003571,37.435662],[38.004069,37.435502],[38.004574,37.43536],[38.005026,37.435253],[38.005483,37.435162],[38.005944,37.435085],[38.006409,37.435023],[38.006876,37.434976],[38.007356,37.434944],[38.007838,37.434929],[38.008319,37.434931],[38.008799,37.43495],[38.009277,37.43499],[38.009725,37.435048],[38.010171,37.435125],[38.010614,37.435215],[38.011053,37.435319],[38.011576,37.435457],[38.012094,37.435608],[38.012609,37.435769],[38.013119,37.43594],[38.013625,37.43612],[38.014124,37.436311],[38.014594,37.436503],[38.015058,37.436704],[38.015978,37.437122],[38.017804,37.437978],[38.018722,37.438397],[38.019185,37.4386],[38.020119,37.438986],[38.021063,37.439357],[38.022013,37.439716],[38.02345,37.440234],[38.024418,37.440555],[38.024907,37.440703],[38.025401,37.440837],[38.025923,37.44096],[38.02645,37.441068],[38.026981,37.441164],[38.027515,37.441248],[38.028051,37.44132],[38.028589,37.44138],[38.029128,37.441425],[38.029669,37.44145],[38.030224,37.441453],[38.03078,37.441436],[38.031336,37.441406],[38.03245,37.441317],[38.033563,37.441204],[38.034674,37.441072],[38.035228,37.440998],[38.036297,37.440835],[38.03736,37.440651],[38.037889,37.440552],[38.038941,37.440335],[38.039462,37.440214],[38.039967,37.440084],[38.040469,37.439945],[38.041464,37.439647],[38.04245,37.43933],[38.042938,37.439164],[38.043902,37.438814],[38.044376,37.438626],[38.04484,37.438426],[38.045294,37.43821],[38.04574,37.437982],[38.046179,37.437745],[38.047045,37.437253],[38.04875,37.436234],[38.050436,37.435193],[38.05171,37.434375],[38.054263,37.432692],[38.055123,37.43214],[38.055558,37.43187],[38.056,37.431607],[38.056449,37.431353],[38.056918,37.431107],[38.057396,37.430872],[38.057881,37.430647],[38.058373,37.430432],[38.058871,37.430228],[38.059436,37.430017],[38.059158,37.428614],[38.05899,37.427771],[38.058821,37.426676],[38.058315,37.425496],[38.057051,37.424063],[38.056882,37.422798],[38.055955,37.420522],[38.054691,37.419258],[38.053005,37.413779],[38.051825,37.409058],[38.052921,37.404085],[38.055365,37.399533],[38.057978,37.390345],[38.06076,37.38318],[38.065649,37.370873],[38.067166,37.368344],[38.068768,37.365816],[38.071802,37.361601],[38.073151,37.357386],[38.073235,37.35393],[38.074415,37.349715],[38.07627,37.344742],[38.077871,37.341202],[38.08099,37.33901],[38.083098,37.338252],[38.086891,37.337746],[38.091021,37.336397],[38.094562,37.334627],[38.098355,37.332435],[38.117742,37.318695],[38.133674,37.305883],[38.139912,37.302174],[38.155759,37.297369],[38.159552,37.296442],[38.166464,37.294419],[38.169162,37.293913],[38.179867,37.288603],[38.186273,37.285737],[38.194955,37.281269],[38.207852,37.272671],[38.219063,37.265422],[38.225638,37.262387],[38.231792,37.259437],[38.237079,37.2561]]]}},{"type":"Feature","properties":{"id":"TR-D-63-007","parent_id":"TR-P-63","region_id":"TR-R-GDA","level":"district","municipality_type":null,"municipality_type_label":null,"is_metropolitan_municipality":null,"name":"Haliliye","name_ascii":"haliliye","slug":"haliliye-sanliurfa"},"geometry":{"type":"Polygon","coordinates":[[[39.499833,37.006262],[39.499245,37.005853],[39.496939,37.006358],[39.495032,37.00674],[39.493754,37.00674],[39.492362,37.00674],[39.488453,37.005786],[39.487091,37.005453],[39.484162,37.004737],[39.48073,37.003498],[39.477107,37.002926],[39.473293,37.003116],[39.472395,37.003258],[39.46967,37.003689],[39.469171,37.003822],[39.46681,37.004451],[39.462425,37.006453],[39.458896,37.007788],[39.456036,37.007788],[39.454052,37.007675],[39.452699,37.007598],[39.447932,37.008551],[39.44183,37.009218],[39.431246,37.01246],[39.428581,37.013302],[39.425812,37.014176],[39.421903,37.016504],[39.417326,37.01923],[39.413512,37.022853],[39.412464,37.023806],[39.408947,37.027513],[39.404264,37.031147],[39.402876,37.031668],[39.40045,37.032578],[39.398842,37.032953],[39.39759,37.033245],[39.393014,37.033913],[39.386149,37.034866],[39.381858,37.035057],[39.379011,37.034992],[39.377663,37.034962],[39.373468,37.034962],[39.369654,37.035343],[39.365555,37.03582],[39.361264,37.036773],[39.355448,37.037441],[39.350395,37.037345],[39.3462,37.036868],[39.343859,37.036012],[39.34229,37.035438],[39.340751,37.034767],[39.338572,37.033817],[39.334186,37.032578],[39.331306,37.032199],[39.330563,37.032101],[39.327062,37.03232],[39.324461,37.032483],[39.319122,37.03458],[39.315785,37.037155],[39.31491,37.037774],[39.311208,37.040396],[39.30892,37.042208],[39.306155,37.044401],[39.304042,37.046004],[39.30339,37.046498],[39.299576,37.04974],[39.296811,37.052409],[39.295,37.054984],[39.290137,37.061562],[39.289194,37.062749],[39.287181,37.065281],[39.28394,37.068141],[39.280412,37.070334],[39.276503,37.071192],[39.272403,37.072241],[39.271708,37.072322],[39.268303,37.072718],[39.264108,37.073004],[39.260104,37.073004],[39.257637,37.072948],[39.255909,37.072909],[39.25109,37.072824],[39.250474,37.072813],[39.24666,37.071192],[39.244774,37.070287],[39.244277,37.070048],[39.23949,37.067929],[39.236799,37.066842],[39.236129,37.066571],[39.232196,37.065784],[39.228334,37.065713],[39.225545,37.065713],[39.220325,37.066857],[39.219043,37.067189],[39.216464,37.067858],[39.211316,37.068788],[39.205523,37.069145],[39.201948,37.069074],[39.19587,37.06843],[39.194011,37.068359],[39.190006,37.067787],[39.188586,37.067399],[39.187646,37.067143],[39.184429,37.066213],[39.183153,37.065202],[39.182355,37.064568],[39.181589,37.06365],[39.180209,37.061994],[39.178604,37.060309],[39.177349,37.058991],[39.168339,37.050839],[39.164482,37.048326],[39.163619,37.047764],[39.162387,37.046857],[39.155754,37.041972],[39.153385,37.039572],[39.150248,37.036394],[39.14827,37.034851],[39.147316,37.034106],[39.141666,37.032676],[39.136902,37.032172],[39.132871,37.031746],[39.127937,37.031389],[39.122731,37.033168],[39.11957,37.034249],[39.115418,37.036797],[39.113278,37.038111],[39.108558,37.042759],[39.09962,37.051769],[39.093256,37.057704],[39.090896,37.060135],[39.088965,37.060778],[39.086105,37.060707],[39.083387,37.05992],[39.082997,37.059699],[39.081242,37.058705],[39.079698,37.057641],[39.078024,37.056488],[39.073806,37.05513],[39.070773,37.054014],[39.068943,37.053342],[39.067459,37.053302],[39.06358,37.053199],[39.05743,37.053627],[39.054078,37.054325],[39.050207,37.05513],[39.039267,37.059062],[39.034548,37.060993],[39.033206,37.061663],[39.031401,37.062566],[39.029256,37.064997],[39.027683,37.067071],[39.024789,37.068742],[39.024197,37.068887],[39.022406,37.069328],[39.020891,37.069951],[39.018352,37.070995],[39.016053,37.072068],[39.013456,37.073708],[39.01217,37.07452],[39.008951,37.077432],[39.008147,37.078549],[39.007112,37.079987],[39.00655,37.083052],[39.006642,37.088073],[39.006653,37.088672],[39.00558,37.09046],[39.004169,37.09187],[39.003792,37.092248],[39.002259,37.093117],[39.001189,37.093318],[38.999551,37.093627],[38.997252,37.094394],[38.995464,37.094649],[38.990457,37.095058],[38.986319,37.0947],[38.983356,37.094394],[38.978452,37.094394],[38.977079,37.094565],[38.973909,37.09496],[38.966804,37.096404],[38.96547,37.096676],[38.960679,37.097462],[38.951955,37.097605],[38.946378,37.095889],[38.940514,37.094531],[38.93805,37.094287],[38.935437,37.09403],[38.929073,37.09403],[38.92584,37.094175],[38.922709,37.094316],[38.915272,37.095531],[38.908881,37.096342],[38.905118,37.096819],[38.901256,37.097105],[38.897967,37.097033],[38.894106,37.096819],[38.890029,37.096533],[38.886311,37.096962],[38.883522,37.097963],[38.877243,37.09944],[38.872424,37.101161],[38.86785,37.103473],[38.862784,37.107112],[38.861112,37.109424],[38.859587,37.111243],[38.858493,37.112383],[38.853931,37.112325],[38.849899,37.112227],[38.844998,37.113861],[38.844481,37.11404],[38.844014,37.114435],[38.843962,37.115036],[38.843879,37.115555],[38.843754,37.115822],[38.843222,37.116385],[38.842966,37.116675],[38.842869,37.116946],[38.842816,37.117183],[38.842717,37.117651],[38.842647,37.118197],[38.842572,37.118792],[38.842447,37.119184],[38.842219,37.119642],[38.842033,37.119887],[38.841825,37.120161],[38.841542,37.120571],[38.841514,37.120887],[38.841656,37.121573],[38.841825,37.122361],[38.84188,37.122802],[38.841887,37.123253],[38.841576,37.123605],[38.841202,37.123854],[38.840746,37.124207],[38.840298,37.124558],[38.839895,37.124829],[38.839335,37.124954],[38.838663,37.125006],[38.838186,37.125212],[38.837882,37.125431],[38.837412,37.125784],[38.836991,37.126365],[38.8367,37.126884],[38.836326,37.127174],[38.835849,37.127257],[38.834895,37.127257],[38.834335,37.127299],[38.833853,37.127398],[38.833069,37.127693],[38.832197,37.128087],[38.83199,37.128336],[38.831865,37.128792],[38.831701,37.129265],[38.831492,37.129457],[38.831063,37.129742],[38.830455,37.1301],[38.829992,37.130411],[38.829604,37.130577],[38.829251,37.13066],[38.828604,37.130894],[38.82838,37.131137],[38.828089,37.131843],[38.827674,37.132693],[38.827057,37.133399],[38.826803,37.133689],[38.826201,37.134332],[38.825757,37.134419],[38.825413,37.134353],[38.824147,37.133917],[38.823275,37.133627],[38.822612,37.133627],[38.821803,37.133611],[38.82146,37.133619],[38.820537,37.133751],[38.819707,37.133959],[38.8185,37.134391],[38.817508,37.134747],[38.815267,37.135577],[38.813314,37.136421],[38.812818,37.136677],[38.812507,37.137009],[38.812126,37.137598],[38.811752,37.138323],[38.811594,37.138814],[38.811553,37.139447],[38.811422,37.139776],[38.81147,37.140184],[38.811675,37.140613],[38.811781,37.141013],[38.811646,37.141202],[38.811387,37.141262],[38.810963,37.141242],[38.810287,37.141055],[38.809789,37.140972],[38.809437,37.141014],[38.80878,37.141243],[38.808129,37.14147],[38.80648,37.142127],[38.805681,37.142445],[38.805183,37.142661],[38.804809,37.142964],[38.80454,37.143254],[38.80417,37.143463],[38.803129,37.144022],[38.802365,37.144562],[38.801033,37.145848],[38.800823,37.146326],[38.800888,37.147259],[38.801033,37.14757],[38.80124,37.147984],[38.801391,37.148451],[38.801541,37.148813],[38.801703,37.149169],[38.801813,37.14963],[38.800826,37.150039],[38.800047,37.15044],[38.799111,37.15083],[38.798279,37.151064],[38.798054,37.151251],[38.797863,37.151506],[38.797577,37.151766],[38.797109,37.152234],[38.796636,37.152691],[38.796329,37.152988],[38.795824,37.153587],[38.79521,37.154315],[38.794639,37.155043],[38.794193,37.156023],[38.793936,37.156473],[38.793546,37.156785],[38.79287,37.156993],[38.79248,37.157019],[38.790946,37.156915],[38.789412,37.156707],[38.787591,37.156655],[38.786941,37.156811],[38.786479,37.157031],[38.785849,37.157331],[38.785225,37.157513],[38.784289,37.157695],[38.784002,37.157825],[38.78395,37.158319],[38.78369,37.158865],[38.783378,37.159359],[38.78278,37.160009],[38.782468,37.160269],[38.781974,37.160165],[38.78122,37.159983],[38.780713,37.159918],[38.779322,37.160711],[38.777306,37.161802],[38.776591,37.162246],[38.775811,37.162636],[38.775335,37.162821],[38.774875,37.163],[38.773601,37.16339],[38.772963,37.162887],[38.772248,37.162324],[38.771728,37.161713],[38.771524,37.161272],[38.77087,37.16118],[38.770116,37.161362],[38.76957,37.161648],[38.76918,37.162168],[38.76879,37.16248],[38.768426,37.162636],[38.767984,37.162636],[38.767646,37.162428],[38.767282,37.162258],[38.766928,37.162514],[38.766475,37.16287],[38.765729,37.163453],[38.764681,37.164118],[38.763771,37.164482],[38.763186,37.16469],[38.762575,37.164716],[38.762185,37.164794],[38.761795,37.165106],[38.761249,37.165262],[38.759415,37.164549],[38.758341,37.164132],[38.756763,37.163414],[38.755729,37.162945],[38.753038,37.162153],[38.752135,37.161632],[38.75098,37.160966],[38.749848,37.160385],[38.748856,37.159875],[38.748797,37.160159],[38.748582,37.161194],[38.748969,37.162278],[38.74945,37.163626],[38.750103,37.165039],[38.750493,37.165884],[38.750907,37.167022],[38.751188,37.167795],[38.751239,37.168391],[38.751361,37.169792],[38.751882,37.17205],[38.752265,37.172608],[38.753967,37.175089],[38.755356,37.177434],[38.758135,37.178563],[38.759687,37.178934],[38.76213,37.179518],[38.766385,37.180647],[38.768859,37.181226],[38.770467,37.181603],[38.774469,37.182874],[38.777849,37.183947],[38.781317,37.184787],[38.783233,37.18525],[38.784131,37.185631],[38.786099,37.186466],[38.790815,37.187062],[38.793654,37.187421],[38.796562,37.187483],[38.797736,37.187508],[38.801904,37.188029],[38.807636,37.187074],[38.809284,37.186734],[38.810589,37.186466],[38.811804,37.186726],[38.813765,37.186661],[38.814409,37.186639],[38.816649,37.18667],[38.817775,37.18684],[38.819089,37.187039],[38.820107,37.187701],[38.820568,37.188001],[38.821478,37.189051],[38.821692,37.189335],[38.822491,37.190441],[38.822591,37.191247],[38.822712,37.192215],[38.822946,37.193216],[38.82323,37.194433],[38.823669,37.196109],[38.824043,37.197539],[38.824643,37.199015],[38.825004,37.199905],[38.825037,37.200841],[38.825078,37.202049],[38.824987,37.203006],[38.82493,37.203602],[38.823747,37.205524],[38.822047,37.207151],[38.82116,37.208038],[38.820228,37.209392],[38.818512,37.210256],[38.817419,37.210757],[38.816007,37.211294],[38.815142,37.211623],[38.814547,37.212065],[38.813182,37.21308],[38.81249,37.213876],[38.812271,37.214128],[38.812181,37.21513],[38.812141,37.215457],[38.812044,37.216269],[38.811383,37.217259],[38.810835,37.218401],[38.810495,37.219139],[38.809766,37.220095],[38.808445,37.221325],[38.806616,37.223353],[38.80635,37.223648],[38.805074,37.226199],[38.804937,37.227384],[38.804847,37.228158],[38.804847,37.229479],[38.80477,37.229941],[38.804664,37.230572],[38.80553,37.231847],[38.806532,37.232804],[38.808081,37.233806],[38.809288,37.234108],[38.810677,37.234398],[38.811953,37.234398],[38.813593,37.234562],[38.814686,37.234672],[38.816235,37.234763],[38.818285,37.234717],[38.819879,37.234763],[38.821337,37.234934],[38.823705,37.235537],[38.825552,37.235439],[38.826985,37.235355],[38.828509,37.235426],[38.829057,37.235464],[38.830355,37.235674],[38.831177,37.235863],[38.832132,37.236083],[38.833559,37.236675],[38.834992,37.237269],[38.835909,37.237575],[38.838528,37.237498],[38.839681,37.237443],[38.841034,37.237408],[38.843068,37.237356],[38.843981,37.237411],[38.845934,37.23753],[38.847931,37.238485],[38.848425,37.239012],[38.849234,37.239875],[38.850624,37.241611],[38.851034,37.241908],[38.852187,37.24274],[38.856268,37.245693],[38.859395,37.247256],[38.862086,37.248993],[38.862397,37.249372],[38.86365,37.250903],[38.864779,37.253162],[38.866082,37.259241],[38.865908,37.261759],[38.865665,37.263052],[38.865387,37.264538],[38.864345,37.267925],[38.86408,37.268345],[38.862868,37.27027],[38.861566,37.27218],[38.86035,37.272962],[38.858592,37.273656],[38.85705,37.274265],[38.855052,37.275828],[38.852621,37.278607],[38.851063,37.280907],[38.850797,37.281299],[38.849495,37.28486],[38.848945,37.286172],[38.847931,37.288594],[38.848033,37.290176],[38.848105,37.291286],[38.848105,37.294152],[38.848626,37.296149],[38.849234,37.298234],[38.850146,37.299905],[38.850276,37.300144],[38.851753,37.302662],[38.853142,37.304747],[38.853903,37.305698],[38.854184,37.306049],[38.85469,37.307018],[38.856182,37.309871],[38.858786,37.314386],[38.859455,37.315025],[38.860784,37.316297],[38.861978,37.317801],[38.863129,37.31925],[38.86669,37.322202],[38.869902,37.324981],[38.870527,37.325574],[38.870864,37.325894],[38.873289,37.328194],[38.877632,37.332363],[38.880605,37.335337],[38.882235,37.336966],[38.886924,37.340526],[38.888297,37.341442],[38.889529,37.342263],[38.890152,37.342424],[38.892221,37.342958],[38.896129,37.343913],[38.899455,37.344771],[38.901514,37.345302],[38.907332,37.347647],[38.910372,37.349037],[38.9122,37.350662],[38.912716,37.351121],[38.91316,37.351877],[38.914193,37.353639],[38.914574,37.354783],[38.914974,37.355984],[38.915843,37.358416],[38.91648,37.359736],[38.917059,37.360934],[38.9179,37.362576],[38.918796,37.364321],[38.921464,37.367142],[38.921835,37.367534],[38.922091,37.3678],[38.924093,37.369879],[38.928162,37.373871],[38.928696,37.374395],[38.934688,37.378129],[38.938683,37.380561],[38.944414,37.383079],[38.94684,37.384105],[38.947534,37.384398],[38.946913,37.384685],[38.946064,37.385077],[38.943285,37.388811],[38.942069,37.392285],[38.941963,37.393085],[38.941722,37.39489],[38.941201,37.397756],[38.940571,37.399571],[38.939481,37.402712],[38.944414,37.396703],[38.94827,37.391591],[38.953203,37.387017],[38.960916,37.384505],[38.970872,37.382443],[38.982352,37.381008],[38.991321,37.380649],[39.003249,37.380021],[39.009797,37.379842],[39.01473,37.380649],[39.022533,37.385851],[39.027107,37.391411],[39.029708,37.396255],[39.031143,37.401905],[39.033295,37.415807],[39.033923,37.422982],[39.035627,37.431323],[39.037242,37.436794],[39.040291,37.443341],[39.046031,37.451503],[39.052937,37.458409],[39.059305,37.465674],[39.067018,37.471055],[39.073207,37.472849],[39.084956,37.474374],[39.095988,37.473028],[39.108903,37.47258],[39.120831,37.470786],[39.128006,37.467647],[39.133388,37.466481],[39.143523,37.465853],[39.151505,37.465584],[39.160384,37.467109],[39.165765,37.468813],[39.170967,37.468903],[39.179936,37.468095],[39.18738,37.467198],[39.198053,37.468364],[39.205408,37.469799],[39.212224,37.471145],[39.21922,37.474284],[39.227202,37.477333],[39.232584,37.47841],[39.233315,37.478342],[39.237427,37.477961],[39.244422,37.475539],[39.246934,37.473477],[39.248638,37.471055],[39.25079,37.466391],[39.251149,37.463252],[39.250521,37.459665],[39.24792,37.453207],[39.242718,37.447018],[39.231597,37.441727],[39.225498,37.440651],[39.215901,37.439574],[39.207112,37.437422],[39.200834,37.436435],[39.195094,37.433386],[39.194107,37.431861],[39.192134,37.428722],[39.190789,37.42352],[39.189981,37.416614],[39.190161,37.413385],[39.192941,37.408901],[39.198233,37.406031],[39.200027,37.404237],[39.202179,37.400649],[39.205228,37.397421],[39.206663,37.393743],[39.206305,37.389438],[39.206305,37.384954],[39.20774,37.380469],[39.211776,37.37177],[39.21635,37.364953],[39.219937,37.357868],[39.225678,37.353114],[39.233301,37.349796],[39.243346,37.349078],[39.254468,37.350334],[39.2594,37.350872],[39.263706,37.350693],[39.269266,37.350424],[39.278325,37.346477],[39.283796,37.34298],[39.289895,37.338675],[39.292316,37.336432],[39.299312,37.325759],[39.300568,37.322082],[39.302182,37.318853],[39.304514,37.315445],[39.308729,37.312127],[39.315635,37.309974],[39.321465,37.309346],[39.329896,37.308539],[39.331869,37.308001],[39.334805,37.305643],[39.33911,37.302952],[39.34207,37.299275],[39.34512,37.293804],[39.346465,37.287167],[39.346555,37.280619],[39.346913,37.273624],[39.347093,37.266],[39.349783,37.25748],[39.352564,37.251381],[39.357497,37.243578],[39.361712,37.239811],[39.367631,37.238824],[39.371667,37.238107],[39.380188,37.236403],[39.383148,37.235685],[39.387453,37.23443],[39.391758,37.233443],[39.39696,37.231918],[39.402072,37.23147],[39.406915,37.231201],[39.410772,37.232815],[39.414897,37.235865],[39.419202,37.240349],[39.426826,37.24573],[39.431669,37.252098],[39.435167,37.260529],[39.439831,37.267525],[39.446109,37.272099],[39.450683,37.275238],[39.454181,37.27766],[39.459831,37.281606],[39.463509,37.283041],[39.468173,37.283131],[39.472836,37.282323],[39.476603,37.28053],[39.478845,37.278646],[39.479653,37.276404],[39.479294,37.267973],[39.478576,37.264475],[39.475796,37.256493],[39.471401,37.247255],[39.469338,37.24295],[39.466738,37.238466],[39.466199,37.234788],[39.466289,37.229676],[39.463867,37.223667],[39.46019,37.220707],[39.455616,37.21703],[39.453015,37.214429],[39.450683,37.212456],[39.448441,37.209586],[39.447813,37.206806],[39.447634,37.203487],[39.448979,37.201065],[39.450952,37.198285],[39.453374,37.194249],[39.455706,37.189765],[39.456244,37.183486],[39.455347,37.180975],[39.45445,37.177567],[39.453822,37.17389],[39.453822,37.170123],[39.452387,37.166804],[39.450773,37.163576],[39.44871,37.161333],[39.446737,37.160078],[39.443957,37.159719],[39.442432,37.158643],[39.441983,37.156311],[39.442791,37.154158],[39.445033,37.152634],[39.446199,37.151557],[39.447096,37.149315],[39.447634,37.147163],[39.448262,37.145817],[39.448082,37.143127],[39.447544,37.138821],[39.446378,37.135324],[39.444674,37.131019],[39.443508,37.127341],[39.443149,37.123933],[39.443688,37.119628],[39.445481,37.116041],[39.447724,37.113798],[39.453105,37.108596],[39.458845,37.104829],[39.467276,37.10169],[39.472926,37.099179],[39.475258,37.097744],[39.480011,37.095322],[39.486828,37.091107],[39.491581,37.086623],[39.497321,37.082856],[39.500909,37.07882],[39.502882,37.074515],[39.504496,37.069761],[39.505842,37.065097],[39.507277,37.060523],[39.508263,37.057025],[39.507994,37.053617],[39.507097,37.047967],[39.50658,37.045037],[39.506021,37.041868],[39.503689,37.035769],[39.500999,37.030388],[39.499743,37.024558],[39.499205,37.021329],[39.498756,37.016665],[39.499025,37.010298],[39.499833,37.006262]]]}},{"type":"Feature","properties":{"id":"TR-D-63-008","parent_id":"TR-P-63","region_id":"TR-R-GDA","level":"district","municipality_type":null,"municipality_type_label":null,"is_metropolitan_municipality":null,"name":"Harran","name_ascii":"harran","slug":"harran-sanliurfa"},"geometry":{"type":"Polygon","coordinates":[[[38.91559,36.940292],[38.920233,36.944342],[38.922603,36.949379],[38.926456,36.953726],[38.932086,36.957084],[38.938902,36.959257],[38.94394,36.959949],[38.949274,36.958467],[38.955497,36.954615],[38.961028,36.95096],[38.968338,36.94612],[38.975351,36.945231],[38.981278,36.947107],[38.990464,36.949281],[39.001922,36.951256],[39.01022,36.953133],[39.018319,36.955306],[39.023555,36.956887],[39.028296,36.956985],[39.032445,36.955405],[39.040248,36.951552],[39.044594,36.948688],[39.053682,36.945725],[39.059016,36.944539],[39.063362,36.944243],[39.069783,36.942662],[39.075117,36.941477],[39.081439,36.938711],[39.088551,36.935748],[39.09349,36.93397],[39.098824,36.933279],[39.108109,36.932192],[39.116604,36.931994],[39.123716,36.932093],[39.13468,36.932093],[39.143175,36.930118],[39.150089,36.925574],[39.156312,36.920042],[39.16214,36.915498],[39.169252,36.91135],[39.174191,36.909374],[39.180612,36.907497],[39.188909,36.907794],[39.195626,36.908288],[39.200071,36.910164],[39.207973,36.910856],[39.214789,36.91056],[39.222691,36.9073],[39.227927,36.90167],[39.232964,36.893471],[39.235532,36.890211],[39.23978,36.88626],[39.24541,36.882309],[39.254399,36.880333],[39.262696,36.879642],[39.270796,36.879247],[39.278797,36.879741],[39.28907,36.881618],[39.300133,36.884877],[39.314357,36.888631],[39.324828,36.890211],[39.331051,36.8911],[39.339249,36.890705],[39.348139,36.890409],[39.354066,36.889717],[39.362166,36.888532],[39.369574,36.887841],[39.373822,36.887446],[39.380242,36.885766],[39.387453,36.88389],[39.397133,36.882309],[39.402764,36.880136],[39.407703,36.877765],[39.416988,36.874604],[39.423211,36.872826],[39.436447,36.869468],[39.443109,36.867415],[39.452153,36.864628],[39.471513,36.855639],[39.480008,36.851589],[39.486528,36.848922],[39.494035,36.846255],[39.501147,36.846947],[39.508357,36.850799],[39.511222,36.854552],[39.516062,36.858504],[39.52189,36.859195],[39.528903,36.857219],[39.532262,36.853071],[39.532459,36.847045],[39.530681,36.839637],[39.529595,36.834402],[39.528805,36.829364],[39.529002,36.825314],[39.530187,36.820869],[39.533941,36.818103],[39.535917,36.817214],[39.539571,36.817116],[39.548659,36.820672],[39.556858,36.827092],[39.563476,36.833809],[39.570663,36.838834],[39.569917,36.831998],[39.568923,36.817952],[39.567804,36.802291],[39.566945,36.792192],[39.56681,36.790608],[39.566089,36.787998],[39.5642,36.781162],[39.560968,36.778864],[39.553013,36.773207],[39.551725,36.7728],[39.54829,36.771715],[39.541496,36.771715],[39.538098,36.771715],[39.529923,36.771462],[39.522001,36.771216],[39.518087,36.771094],[39.51737,36.771002],[39.513862,36.770553],[39.51324,36.770597],[39.511127,36.773331],[39.508019,36.775071],[39.502426,36.776438],[39.501714,36.776405],[39.494596,36.776066],[39.489002,36.774698],[39.484403,36.775071],[39.477816,36.778054],[39.471477,36.780043],[39.4675,36.780167],[39.46117,36.778815],[39.456087,36.776185],[39.455968,36.776124],[39.455416,36.775765],[39.452381,36.773792],[39.451364,36.773208],[39.445206,36.769667],[39.442378,36.768136],[39.437582,36.765541],[39.433726,36.764106],[39.425923,36.760787],[39.419644,36.757469],[39.413366,36.754689],[39.402514,36.752177],[39.397222,36.75146],[39.395929,36.751124],[39.394801,36.750832],[39.391613,36.749744],[39.387177,36.748231],[39.38045,36.745809],[39.373853,36.744655],[39.373275,36.744554],[39.364755,36.743747],[39.364476,36.743737],[39.357131,36.743477],[39.349418,36.74285],[39.341077,36.742222],[39.339675,36.742031],[39.333812,36.741235],[39.326099,36.739083],[39.319113,36.73695],[39.317579,36.736482],[39.312367,36.734409],[39.309686,36.733343],[39.299551,36.728499],[39.2913,36.723836],[39.286098,36.721055],[39.28251,36.719262],[39.281613,36.718813],[39.278205,36.717019],[39.272555,36.715046],[39.268143,36.714203],[39.266456,36.71388],[39.265558,36.713704],[39.261434,36.712894],[39.254797,36.712894],[39.248787,36.714598],[39.244124,36.717199],[39.238473,36.721324],[39.234437,36.72554],[39.230581,36.72832],[39.223764,36.7311],[39.22215,36.731639],[39.216589,36.732446],[39.215938,36.73238],[39.209504,36.731728],[39.20197,36.730831],[39.193898,36.729396],[39.187546,36.728932],[39.186543,36.728858],[39.179368,36.729576],[39.17318,36.730024],[39.163224,36.731908],[39.156318,36.733881],[39.146542,36.736033],[39.141071,36.737917],[39.135331,36.7398],[39.126004,36.741863],[39.109232,36.744464],[39.09829,36.747244],[39.083043,36.750742],[39.07524,36.753254],[39.072998,36.756841],[39.071293,36.763388],[39.071204,36.769218],[39.070397,36.773254],[39.067885,36.776573],[39.064746,36.778456],[39.057033,36.779712],[39.048782,36.779622],[39.043984,36.780317],[39.042593,36.780519],[39.033983,36.781505],[39.028422,36.781236],[39.02331,36.781326],[39.018915,36.781775],[39.016025,36.782362],[39.013624,36.782851],[39.009991,36.784106],[39.006359,36.785362],[39.004519,36.786055],[38.999453,36.787963],[38.992009,36.790474],[38.985372,36.793883],[38.980618,36.796394],[38.975057,36.804645],[38.972905,36.807874],[38.972013,36.809849],[38.971649,36.810654],[38.971391,36.811738],[38.970752,36.814421],[38.969855,36.816036],[38.968062,36.815946],[38.966089,36.815946],[38.964564,36.816663],[38.963398,36.817112],[38.962077,36.817479],[38.961784,36.81756],[38.959631,36.818547],[38.9578,36.818928],[38.953173,36.819892],[38.949586,36.821776],[38.946477,36.823271],[38.944922,36.824018],[38.939899,36.828054],[38.938857,36.830184],[38.937837,36.832269],[38.936596,36.834975],[38.935863,36.836574],[38.935481,36.838939],[38.934877,36.842673],[38.935236,36.851104],[38.935931,36.856127],[38.936043,36.856934],[38.935594,36.858997],[38.934159,36.861149],[38.93111,36.865454],[38.928778,36.869042],[38.927164,36.872181],[38.925908,36.87532],[38.925994,36.877203],[38.926087,36.879266],[38.92715,36.881605],[38.927881,36.883212],[38.929096,36.884105],[38.933621,36.887428],[38.937657,36.89254],[38.937799,36.892795],[38.940348,36.897383],[38.940691,36.89984],[38.940886,36.90124],[38.940358,36.902765],[38.940079,36.903572],[38.937388,36.905904],[38.930841,36.907428],[38.922141,36.910657],[38.918464,36.912003],[38.91676,36.912989],[38.916042,36.914962],[38.91658,36.91837],[38.917388,36.923931],[38.918105,36.926712],[38.917477,36.931555],[38.91667,36.93568],[38.915717,36.939752],[38.91559,36.940292]]]}},{"type":"Feature","properties":{"id":"TR-D-63-009","parent_id":"TR-P-63","region_id":"TR-R-GDA","level":"district","municipality_type":null,"municipality_type_label":null,"is_metropolitan_municipality":null,"name":"Hilvan","name_ascii":"hilvan","slug":"hilvan-sanliurfa"},"geometry":{"type":"Polygon","coordinates":[[[38.572268,37.557838],[38.573992,37.559484],[38.575434,37.560849],[38.57653,37.561862],[38.577655,37.562857],[38.578794,37.563841],[38.589101,37.572666],[38.596346,37.578883],[38.597117,37.57953],[38.5979,37.580167],[38.5983,37.580478],[38.598708,37.580781],[38.599127,37.581076],[38.599987,37.581645],[38.601307,37.582472],[38.612887,37.589521],[38.61511,37.59088],[38.616442,37.591704],[38.619547,37.593653],[38.632596,37.601878],[38.636381,37.604263],[38.638157,37.605374],[38.639053,37.605922],[38.639534,37.606204],[38.639962,37.606456],[38.640421,37.606714],[38.641352,37.607218],[38.643236,37.608203],[38.650851,37.612127],[38.651278,37.612347],[38.652611,37.613036],[38.653963,37.613735],[38.659314,37.616499],[38.660741,37.617218],[38.661706,37.617679],[38.662195,37.6179],[38.66269,37.61811],[38.663693,37.618512],[38.665216,37.619087],[38.672882,37.621893],[38.673015,37.621942],[38.679008,37.624157],[38.680543,37.624709],[38.681575,37.625054],[38.682095,37.625212],[38.682621,37.625356],[38.683153,37.625479],[38.683694,37.625578],[38.684243,37.625656],[38.684796,37.62572],[38.685353,37.625773],[38.686473,37.62586],[38.687597,37.625933],[38.694357,37.626332],[38.704488,37.626963],[38.70674,37.627093],[38.707865,37.627141],[38.708428,37.627156],[38.708991,37.627162],[38.709555,37.627157],[38.710684,37.627122],[38.711813,37.627068],[38.713506,37.626971],[38.724793,37.626276],[38.726485,37.626197],[38.727048,37.626182],[38.727611,37.626176],[38.728174,37.626183],[38.728726,37.626206],[38.729277,37.626241],[38.729828,37.626286],[38.731479,37.626452],[38.740831,37.627529],[38.743027,37.627799],[38.744119,37.627955],[38.744662,37.628045],[38.745743,37.628253],[38.746817,37.628486],[38.747084,37.628548],[38.748958,37.628983],[38.754988,37.630412],[38.756975,37.630883],[38.758574,37.631273],[38.759634,37.631547],[38.76016,37.631691],[38.761217,37.632004],[38.762788,37.632503],[38.765396,37.63336],[38.774253,37.636296],[38.774768,37.636462],[38.776072,37.636883],[38.776343,37.63697],[38.776744,37.63709],[38.782866,37.638299],[38.791753,37.639544],[38.803968,37.641279],[38.805635,37.641501],[38.80675,37.641631],[38.807308,37.641685],[38.808434,37.641767],[38.810128,37.64185],[38.81239,37.641934],[38.820312,37.642201],[38.822572,37.642294],[38.823698,37.642362],[38.824259,37.642407],[38.824818,37.642465],[38.825359,37.642534],[38.826435,37.642704],[38.827507,37.642898],[38.82911,37.643209],[38.834451,37.644274],[38.836057,37.644575],[38.837133,37.644756],[38.837673,37.644836],[38.838217,37.644907],[38.839311,37.645026],[38.840409,37.645128],[38.843709,37.645411],[38.844806,37.645521],[38.845353,37.645585],[38.845897,37.645658],[38.846438,37.645744],[38.846968,37.645844],[38.847494,37.645957],[38.848019,37.64608],[38.849063,37.646343],[38.850619,37.646766],[38.851642,37.647067],[38.852143,37.647226],[38.852634,37.647394],[38.853109,37.647575],[38.853563,37.647774],[38.853985,37.647998],[38.854365,37.648257],[38.854698,37.648561],[38.854988,37.648901],[38.855245,37.649266],[38.855479,37.649649],[38.855695,37.650046],[38.855896,37.650453],[38.856085,37.650866],[38.85626,37.651284],[38.856419,37.651704],[38.856558,37.652127],[38.85667,37.652552],[38.856745,37.652977],[38.856773,37.6534],[38.856758,37.65382],[38.8567,37.654233],[38.8566,37.654635],[38.85645,37.65502],[38.85624,37.655382],[38.855978,37.655698],[38.855666,37.655991],[38.855316,37.656268],[38.854939,37.656532],[38.854541,37.656786],[38.854128,37.657031],[38.853703,37.657269],[38.853385,37.657439],[38.85327,37.657501],[38.852828,37.657724],[38.852379,37.657939],[38.851895,37.658156],[38.850911,37.658566],[38.849915,37.658959],[38.846417,37.660294],[38.844914,37.660844],[38.843902,37.661183],[38.843391,37.661336],[38.842872,37.661472],[38.842345,37.661588],[38.841811,37.661688],[38.841272,37.661776],[38.840185,37.661927],[38.837996,37.662186],[38.83196,37.662857],[38.830321,37.66306],[38.829237,37.663221],[38.8287,37.663315],[38.828168,37.663423],[38.827642,37.663549],[38.827121,37.663689],[38.826603,37.66384],[38.826088,37.663998],[38.825063,37.664327],[38.822512,37.665184],[38.821495,37.665535],[38.820486,37.665895],[38.819493,37.666275],[38.819006,37.666479],[38.81853,37.666696],[38.818058,37.666935],[38.817597,37.667188],[38.816696,37.667722],[38.81537,37.668558],[38.814058,37.669411],[38.813196,37.669987],[38.81236,37.670577],[38.811959,37.67088],[38.811578,37.671194],[38.811222,37.671522],[38.810903,37.671868],[38.810638,37.672225],[38.810407,37.672601],[38.810201,37.672989],[38.810013,37.673387],[38.809838,37.673792],[38.809512,37.674615],[38.809359,37.675023],[38.809202,37.675446],[38.807684,37.679618],[38.8074,37.680453],[38.807269,37.680872],[38.807149,37.681292],[38.807046,37.681713],[38.806965,37.682137],[38.80691,37.682577],[38.806879,37.683019],[38.806865,37.683463],[38.806864,37.683909],[38.806886,37.684801],[38.806932,37.685695],[38.807002,37.686585],[38.807052,37.687029],[38.807115,37.687469],[38.807197,37.687907],[38.807306,37.688339],[38.807444,37.688755],[38.807607,37.689166],[38.80779,37.689574],[38.808193,37.690382],[38.808408,37.690784],[38.808858,37.69158],[38.80934,37.692365],[38.809597,37.692749],[38.809871,37.693127],[38.810149,37.693476],[38.810442,37.693819],[38.810746,37.694155],[38.81138,37.69481],[38.811708,37.695129],[38.812043,37.69544],[38.812387,37.695741],[38.812741,37.696028],[38.813109,37.696296],[38.813494,37.69654],[38.813904,37.696751],[38.814363,37.696929],[38.814848,37.69707],[38.815352,37.697185],[38.815869,37.69728],[38.816395,37.697361],[38.816929,37.69743],[38.817467,37.697491],[38.818551,37.697588],[38.819096,37.697623],[38.819641,37.697648],[38.820206,37.697659],[38.821337,37.697654],[38.822469,37.697628],[38.82586,37.697513],[38.828114,37.697418],[38.829237,37.697348],[38.829796,37.697302],[38.830352,37.697243],[38.830885,37.697171],[38.831416,37.697088],[38.831945,37.696997],[38.833001,37.696797],[38.83458,37.696476],[38.835313,37.696323],[38.839312,37.695491],[38.840894,37.69518],[38.841966,37.694989],[38.844146,37.694641],[38.850155,37.693736],[38.855619,37.692904],[38.856711,37.69275],[38.857258,37.692681],[38.857804,37.692621],[38.85835,37.692572],[38.858896,37.692539],[38.859441,37.692529],[38.859979,37.692547],[38.860517,37.692586],[38.861055,37.692641],[38.861592,37.692708],[38.86213,37.692782],[38.863062,37.692925],[38.863205,37.692947],[38.86643,37.693481],[38.868033,37.693767],[38.869087,37.693983],[38.869605,37.694107],[38.870114,37.694247],[38.87061,37.694408],[38.871074,37.694589],[38.871526,37.694791],[38.87197,37.695008],[38.872407,37.695236],[38.873269,37.695713],[38.874547,37.696457],[38.876239,37.697467],[38.876664,37.697728],[38.883567,37.693249],[38.885305,37.69213],[38.886626,37.691309],[38.88791,37.690558],[38.889212,37.689823],[38.890088,37.68934],[38.890971,37.688868],[38.89187,37.688417],[38.892328,37.688206],[38.892787,37.688011],[38.893252,37.68783],[38.893722,37.687661],[38.894197,37.687507],[38.894674,37.687369],[38.895155,37.687253],[38.895639,37.687163],[38.896125,37.687109],[38.896576,37.687098],[38.897026,37.68712],[38.897475,37.687172],[38.897919,37.68725],[38.898356,37.687355],[38.898783,37.687489],[38.899253,37.687675],[38.89971,37.687889],[38.900161,37.68812],[38.901061,37.688598],[38.90152,37.688827],[38.90199,37.689039],[38.902483,37.689229],[38.90299,37.689397],[38.903508,37.689548],[38.904033,37.689684],[38.904563,37.689808],[38.905096,37.689919],[38.905631,37.690016],[38.906166,37.690096],[38.906698,37.690153],[38.907225,37.690181],[38.907744,37.690167],[38.908262,37.690101],[38.908763,37.689986],[38.909243,37.689825],[38.909693,37.689617],[38.910095,37.689369],[38.910467,37.689084],[38.910814,37.688773],[38.91114,37.688441],[38.911444,37.688094],[38.911727,37.687734],[38.911983,37.687364],[38.912206,37.686982],[38.912389,37.686588],[38.912521,37.686186],[38.912616,37.685773],[38.912686,37.685354],[38.912853,37.684082],[38.912925,37.683661],[38.913022,37.683244],[38.913145,37.682855],[38.913293,37.682471],[38.913463,37.682092],[38.91365,37.681717],[38.913852,37.681347],[38.914068,37.680983],[38.914298,37.680624],[38.914544,37.680273],[38.914808,37.679932],[38.915096,37.679604],[38.915418,37.679285],[38.915762,37.67898],[38.916124,37.678686],[38.9165,37.6784],[38.916886,37.678121],[38.917683,37.677581],[38.918093,37.677322],[38.918512,37.677071],[38.91894,37.676831],[38.91938,37.676605],[38.919829,37.67639],[38.920286,37.676185],[38.921215,37.675798],[38.921687,37.675618],[38.922162,37.675449],[38.922642,37.675293],[38.923128,37.675156],[38.923619,37.675043],[38.92412,37.67496],[38.924625,37.674906],[38.925131,37.674877],[38.925636,37.674874],[38.926135,37.674899],[38.926625,37.674956],[38.9271,37.675052],[38.927575,37.6752],[38.928033,37.675389],[38.928477,37.675608],[38.928909,37.675851],[38.929329,37.676112],[38.929736,37.676388],[38.930129,37.676678],[38.930503,37.676984],[38.930853,37.677306],[38.931187,37.677661],[38.931497,37.678032],[38.931789,37.678414],[38.932069,37.678805],[38.93234,37.6792],[38.932866,37.680001],[38.934236,37.682157],[38.934406,37.682424],[38.934928,37.68323],[38.935465,37.684029],[38.935745,37.684423],[38.936036,37.684812],[38.936335,37.685186],[38.936646,37.685554],[38.936967,37.685915],[38.937298,37.686269],[38.937639,37.686614],[38.937993,37.686948],[38.93839,37.687286],[38.938749,37.687558],[38.939161,37.68782],[38.93961,37.688044],[38.940065,37.688221],[38.940574,37.688375],[38.941073,37.688479],[38.941577,37.688536],[38.941964,37.688541],[38.942345,37.688512],[38.942718,37.688449],[38.943077,37.688348],[38.943502,37.688166],[38.943905,37.687936],[38.944291,37.687671],[38.944665,37.687381],[38.94503,37.687074],[38.94539,37.686756],[38.946826,37.685456],[38.947195,37.685139],[38.947576,37.684833],[38.94797,37.684541],[38.948392,37.684261],[38.94883,37.683995],[38.94928,37.683742],[38.94974,37.683498],[38.95068,37.683034],[38.95116,37.682813],[38.951646,37.6826],[38.952149,37.68239],[38.952658,37.682187],[38.953688,37.681795],[38.956805,37.680648],[38.957819,37.680249],[38.958307,37.680038],[38.958774,37.679816],[38.959211,37.679577],[38.959603,37.679317],[38.959939,37.679031],[38.960199,37.678715],[38.96034,37.67844],[38.960428,37.678147],[38.960471,37.677841],[38.960469,37.677441],[38.960406,37.677036],[38.960283,37.676634],[38.96011,37.676268],[38.959888,37.675915],[38.95962,37.675576],[38.959316,37.67526],[38.958987,37.674955],[38.958367,37.674409],[38.958096,37.67416],[38.957842,37.673909],[38.957611,37.673653],[38.957376,37.673338],[38.957196,37.673018],[38.957083,37.672697],[38.957055,37.672376],[38.957135,37.672034],[38.957308,37.671696],[38.957548,37.671362],[38.957838,37.67103],[38.958161,37.670701],[38.958508,37.670374],[38.958871,37.670048],[38.959625,37.669397],[38.963473,37.666136],[38.964628,37.665171],[38.96537,37.664591],[38.965727,37.664331],[38.966089,37.664083],[38.96646,37.663849],[38.966842,37.663635],[38.967237,37.663446],[38.967649,37.663291],[38.968133,37.663164],[38.968638,37.663078],[38.969159,37.663021],[38.969691,37.662986],[38.970231,37.662966],[38.970776,37.662956],[38.973009,37.662952],[38.973563,37.662942],[38.974113,37.662921],[38.974653,37.662882],[38.97518,37.662817],[38.975689,37.662718],[38.976179,37.662574],[38.976641,37.662389],[38.97707,37.662171],[38.977458,37.661921],[38.977795,37.66164],[38.978063,37.661322],[38.978241,37.66099],[38.978361,37.66063],[38.97844,37.660249],[38.978491,37.659854],[38.978614,37.658157],[38.97869,37.65727],[38.978794,37.656382],[38.978862,37.65594],[38.978946,37.6555],[38.97905,37.655054],[38.979172,37.654611],[38.979308,37.654172],[38.979458,37.653739],[38.979622,37.653314],[38.979803,37.652899],[38.980006,37.652499],[38.980237,37.65212],[38.980507,37.651772],[38.980829,37.651465],[38.981178,37.651231],[38.981572,37.651034],[38.981999,37.650866],[38.982451,37.650724],[38.982921,37.650604],[38.983405,37.650506],[38.983898,37.650432],[38.984398,37.650385],[38.98492,37.650368],[38.985443,37.650382],[38.985964,37.650422],[38.986481,37.650487],[38.986988,37.65058],[38.987483,37.650704],[38.987928,37.650852],[38.988358,37.651028],[38.988774,37.651225],[38.989174,37.651442],[38.989556,37.651678],[38.989918,37.651932],[38.990253,37.652207],[38.990597,37.652547],[38.99091,37.652909],[38.991198,37.653288],[38.991468,37.653679],[38.991721,37.654078],[38.99196,37.654485],[38.992184,37.654898],[38.992391,37.655316],[38.992577,37.655734],[38.99291,37.656581],[38.993214,37.657436],[38.993647,37.658723],[38.994929,37.662586],[38.995485,37.664317],[38.995746,37.665187],[38.995984,37.666062],[38.996186,37.666927],[38.996471,37.668227],[38.996575,37.668656],[38.996691,37.66908],[38.996825,37.669497],[38.996985,37.669902],[38.997181,37.670291],[38.997397,37.670623],[38.997646,37.670936],[38.997926,37.67123],[38.998233,37.671502],[38.998569,37.671747],[38.998936,37.67196],[38.999369,37.672146],[38.999832,37.672296],[39.000318,37.672417],[39.000819,37.672517],[39.001331,37.672599],[39.00185,37.672665],[39.002374,37.672715],[39.0029,37.67275],[39.003428,37.672764],[39.003954,37.672754],[39.004491,37.672714],[39.005027,37.672651],[39.005561,37.672569],[39.006094,37.672476],[39.007157,37.672265],[39.008747,37.67192],[39.010325,37.67155],[39.011361,37.671277],[39.011871,37.671126],[39.012372,37.670959],[39.012851,37.670779],[39.01332,37.670583],[39.013782,37.670376],[39.014239,37.67016],[39.015134,37.66971],[39.015572,37.669476],[39.015999,37.669235],[39.016415,37.668987],[39.016812,37.668729],[39.017186,37.668459],[39.017529,37.66817],[39.017828,37.667859],[39.018079,37.667512],[39.018287,37.667141],[39.018464,37.666753],[39.018619,37.666353],[39.018761,37.665944],[39.019166,37.664701],[39.019458,37.663877],[39.019617,37.663469],[39.019789,37.663065],[39.019977,37.662667],[39.020178,37.66229],[39.020396,37.661921],[39.020629,37.661558],[39.020876,37.661203],[39.021139,37.660857],[39.021419,37.660523],[39.02172,37.660203],[39.022149,37.659819],[39.022463,37.659581],[39.022873,37.659307],[39.023304,37.659049],[39.023748,37.658802],[39.024203,37.658563],[39.024666,37.658332],[39.02561,37.65789],[39.02609,37.657681],[39.026576,37.657484],[39.027069,37.657301],[39.027572,37.657138],[39.02803,37.657014],[39.028496,37.656908],[39.028968,37.656817],[39.029444,37.656738],[39.029925,37.656673],[39.030408,37.65662],[39.030888,37.656582],[39.031371,37.656556],[39.031854,37.656542],[39.032338,37.65654],[39.032822,37.65655],[39.033374,37.656579],[39.033925,37.656623],[39.034474,37.656679],[39.03502,37.656746],[39.035562,37.656825],[39.036099,37.656916],[39.036627,37.657022],[39.037063,37.657126],[39.037489,37.657245],[39.037903,37.657384],[39.038302,37.657545],[39.038701,37.657742],[39.039084,37.657962],[39.039453,37.6582],[39.039812,37.658451],[39.040162,37.65871],[39.04087,37.659257],[39.041239,37.659532],[39.041623,37.659786],[39.042021,37.660003],[39.04244,37.660191],[39.042878,37.660348],[39.043333,37.660474],[39.043796,37.660564],[39.04427,37.660626],[39.044753,37.660668],[39.045329,37.660698],[39.045737,37.660711],[39.046235,37.660719],[39.047237,37.660719],[39.049458,37.660688],[39.053224,37.660613],[39.055005,37.660555],[39.056665,37.660474],[39.059428,37.660314],[39.060532,37.660239],[39.061633,37.660151],[39.062194,37.660097],[39.063312,37.659974],[39.064426,37.659834],[39.064981,37.659757],[39.066084,37.65958],[39.066631,37.659476],[39.067165,37.65936],[39.068223,37.659099],[39.068706,37.658968],[39.069801,37.658669],[39.075564,37.657033],[39.076612,37.656733],[39.077649,37.656422],[39.07816,37.656257],[39.078662,37.656084],[39.079152,37.655897],[39.079625,37.655691],[39.080074,37.65546],[39.080459,37.655221],[39.080822,37.654958],[39.081165,37.654677],[39.081491,37.654382],[39.0818,37.654074],[39.082092,37.653755],[39.082363,37.653424],[39.08261,37.653081],[39.082846,37.652699],[39.083057,37.652306],[39.083254,37.651906],[39.08383,37.650695],[39.084041,37.650297],[39.084264,37.649917],[39.084504,37.649543],[39.084988,37.648851],[39.085288,37.648445],[39.085846,37.647727],[39.086426,37.647019],[39.087387,37.645918],[39.089206,37.643916],[39.092988,37.639754],[39.093645,37.639042],[39.094331,37.638327],[39.094681,37.637983],[39.095041,37.637648],[39.095417,37.637326],[39.095813,37.637022],[39.096231,37.636742],[39.09667,37.63648],[39.097124,37.636232],[39.097589,37.635992],[39.098539,37.635532],[39.101927,37.633974],[39.102887,37.633519],[39.10383,37.633044],[39.10429,37.632794],[39.10471,37.63255],[39.105123,37.632297],[39.105931,37.631773],[39.10643,37.631428],[39.106718,37.631228],[39.107475,37.630668],[39.108198,37.630089],[39.108547,37.629792],[39.108884,37.629488],[39.109207,37.629175],[39.109511,37.628851],[39.109785,37.628526],[39.11004,37.62819],[39.110281,37.627847],[39.11051,37.627497],[39.110944,37.626771],[39.111352,37.626033],[39.111943,37.624913],[39.112352,37.624163],[39.112575,37.623792],[39.11282,37.623437],[39.113096,37.623102],[39.113434,37.622778],[39.113811,37.622482],[39.11422,37.622215],[39.114655,37.621977],[39.115115,37.621773],[39.115598,37.621612],[39.116099,37.6215],[39.116619,37.621428],[39.117151,37.621387],[39.117692,37.621372],[39.118237,37.62138],[39.118785,37.621409],[39.119337,37.62146],[39.119888,37.621528],[39.120989,37.621696],[39.122088,37.621885],[39.130826,37.623461],[39.132454,37.623765],[39.134614,37.624187],[39.139466,37.625155],[39.141618,37.625598],[39.143687,37.626048],[39.168314,37.624619],[39.192885,37.626017],[39.202644,37.624838],[39.204976,37.62404],[39.213918,37.621673],[39.219966,37.617903],[39.228207,37.610627],[39.233116,37.605192],[39.235921,37.601598],[39.238551,37.596601],[39.240129,37.585468],[39.242496,37.571091],[39.242496,37.565042],[39.241882,37.552419],[39.241795,37.546282],[39.241795,37.529363],[39.241006,37.516565],[39.240743,37.510341],[39.240129,37.502889],[39.238551,37.496665],[39.235746,37.486233],[39.233315,37.478342],[39.232584,37.47841],[39.227202,37.477333],[39.21922,37.474284],[39.212224,37.471145],[39.205408,37.469799],[39.198053,37.468364],[39.18738,37.467198],[39.179936,37.468095],[39.170967,37.468903],[39.165765,37.468813],[39.160384,37.467109],[39.151505,37.465584],[39.143523,37.465853],[39.133388,37.466481],[39.128006,37.467647],[39.120831,37.470786],[39.108903,37.47258],[39.095988,37.473028],[39.084956,37.474374],[39.073207,37.472849],[39.067018,37.471055],[39.059305,37.465674],[39.052937,37.458409],[39.046031,37.451503],[39.040291,37.443341],[39.037242,37.436794],[39.035627,37.431323],[39.033923,37.422982],[39.033295,37.415807],[39.031143,37.401905],[39.029708,37.396255],[39.027107,37.391411],[39.022533,37.385851],[39.01473,37.380649],[39.009797,37.379842],[39.003249,37.380021],[38.991321,37.380649],[38.982352,37.381008],[38.970872,37.382443],[38.960916,37.384505],[38.953203,37.387017],[38.94827,37.391591],[38.944414,37.396703],[38.939481,37.402712],[38.938763,37.405493],[38.939122,37.409529],[38.941185,37.414461],[38.943606,37.419036],[38.948629,37.425134],[38.952844,37.42926],[38.954459,37.431323],[38.957598,37.43509],[38.960109,37.437691],[38.963697,37.439843],[38.968899,37.441906],[38.973473,37.443879],[38.978137,37.445494],[38.982262,37.44944],[38.987016,37.453835],[38.989527,37.457333],[38.991142,37.460561],[38.991231,37.462983],[38.990424,37.467557],[38.989706,37.469979],[38.987733,37.474463],[38.984415,37.47814],[38.979303,37.483432],[38.975984,37.485405],[38.972397,37.487468],[38.970513,37.487917],[38.965221,37.48702],[38.961275,37.485495],[38.955804,37.481369],[38.944952,37.475809],[38.932485,37.470517],[38.9167,37.465853],[38.90504,37.46379],[38.897686,37.463342],[38.890421,37.464956],[38.88486,37.467288],[38.87912,37.46971],[38.872932,37.471683],[38.855084,37.474912],[38.849882,37.474104],[38.843873,37.473566],[38.839478,37.472311],[38.836249,37.470786],[38.832213,37.469172],[38.828357,37.469261],[38.824769,37.470427],[38.819029,37.47258],[38.811136,37.47536],[38.801091,37.477871],[38.796158,37.47823],[38.794185,37.477782],[38.78423,37.473387],[38.781898,37.471683],[38.775261,37.468095],[38.771763,37.466391],[38.768624,37.466391],[38.765843,37.468185],[38.763781,37.470607],[38.762884,37.473566],[38.761538,37.478051],[38.759745,37.482266],[38.757951,37.484508],[38.754363,37.487647],[38.751224,37.488993],[38.744946,37.489621],[38.738488,37.48989],[38.730416,37.489262],[38.716963,37.48989],[38.704227,37.489531],[38.696963,37.490248],[38.686379,37.491325],[38.678128,37.493029],[38.673105,37.494464],[38.670056,37.496796],[38.665571,37.500383],[38.659473,37.504688],[38.653194,37.508635],[38.649428,37.510159],[38.643867,37.512671],[38.638037,37.514554],[38.633284,37.515899],[38.627543,37.516348],[38.620548,37.51868],[38.612924,37.523613],[38.610413,37.525675],[38.608171,37.527649],[38.604763,37.531685],[38.600816,37.537694],[38.596601,37.542178],[38.591668,37.545766],[38.586081,37.549243],[38.572268,37.557838]]]}},{"type":"Feature","properties":{"id":"TR-D-63-010","parent_id":"TR-P-63","region_id":"TR-R-GDA","level":"district","municipality_type":null,"municipality_type_label":null,"is_metropolitan_municipality":null,"name":"Karaköprü","name_ascii":"karakopru","slug":"karakopru-sanliurfa"},"geometry":{"type":"Polygon","coordinates":[[[38.398077,37.091096],[38.399882,37.094617],[38.402031,37.097877],[38.405587,37.101507],[38.41018,37.105878],[38.412847,37.108915],[38.415292,37.111138],[38.417514,37.113731],[38.420033,37.116398],[38.422774,37.118843],[38.426701,37.122028],[38.432134,37.126868],[38.435492,37.129634],[38.44053,37.133882],[38.444283,37.138425],[38.445567,37.145636],[38.446851,37.15018],[38.447444,37.154131],[38.452679,37.164503],[38.453766,37.168651],[38.454161,37.171516],[38.454852,37.175862],[38.455445,37.180801],[38.454062,37.185839],[38.453074,37.18732],[38.449123,37.191568],[38.44616,37.194729],[38.443394,37.199668],[38.442999,37.202335],[38.44537,37.207372],[38.447839,37.209743],[38.458606,37.213694],[38.467397,37.213694],[38.473324,37.212608],[38.478856,37.209447],[38.480732,37.207866],[38.484288,37.203816],[38.487054,37.202532],[38.493178,37.202335],[38.50029,37.203915],[38.505624,37.208854],[38.510267,37.21241],[38.518268,37.214188],[38.525281,37.214583],[38.533974,37.214188],[38.542864,37.212213],[38.546321,37.211324],[38.553137,37.210632],[38.558866,37.210435],[38.566077,37.213003],[38.576053,37.219522],[38.582177,37.221596],[38.594031,37.225152],[38.610329,37.230486],[38.62317,37.236611],[38.630184,37.240167],[38.6369,37.243229],[38.641938,37.24639],[38.64421,37.24876],[38.645791,37.251427],[38.647371,37.256169],[38.647272,37.263972],[38.64668,37.271084],[38.646186,37.278591],[38.646186,37.283925],[38.638996,37.289296],[38.630192,37.293817],[38.615915,37.299052],[38.611156,37.301907],[38.615915,37.308332],[38.619722,37.317612],[38.601876,37.328319],[38.598783,37.338075],[38.601876,37.349496],[38.610204,37.353541],[38.614725,37.364725],[38.616391,37.372815],[38.619246,37.37924],[38.625671,37.376622],[38.62924,37.369246],[38.627574,37.358776],[38.622815,37.351638],[38.624005,37.342596],[38.625909,37.337599],[38.634475,37.332602],[38.645896,37.332602],[38.655176,37.33522],[38.664125,37.338103],[38.664262,37.339439],[38.664163,37.343785],[38.663373,37.347835],[38.661793,37.352971],[38.659817,37.357318],[38.656557,37.360478],[38.655471,37.364034],[38.655174,37.370554],[38.655668,37.376283],[38.658928,37.382901],[38.665052,37.390309],[38.671769,37.396928],[38.6774,37.399792],[38.689846,37.402854],[38.694686,37.403447],[38.699921,37.403348],[38.705749,37.402064],[38.712861,37.403052],[38.717405,37.406114],[38.718689,37.410855],[38.719183,37.414411],[38.718788,37.416387],[38.715429,37.41935],[38.707626,37.422709],[38.698736,37.425968],[38.688561,37.427944],[38.674634,37.427746],[38.664953,37.427055],[38.660113,37.426561],[38.654285,37.424388],[38.648951,37.419745],[38.643914,37.413819],[38.635814,37.405818],[38.629393,37.398508],[38.625047,37.394952],[38.621491,37.393865],[38.619516,37.392976],[38.616552,37.392581],[38.613786,37.393075],[38.609934,37.393964],[38.605785,37.394359],[38.602723,37.394162],[38.59897,37.392746],[38.588433,37.389585],[38.581716,37.388926],[38.574604,37.392614],[38.5696,37.396829],[38.567361,37.401833],[38.562224,37.407233],[38.554585,37.410921],[38.548469,37.414583],[38.526069,37.432267],[38.489816,37.463215],[38.469306,37.483383],[38.463117,37.489465],[38.467335,37.489729],[38.468452,37.489805],[38.469566,37.489892],[38.470674,37.490003],[38.471225,37.490074],[38.471777,37.490158],[38.472326,37.490254],[38.472873,37.490358],[38.473964,37.490582],[38.482126,37.492374],[38.483753,37.492742],[38.484829,37.493003],[38.485362,37.493143],[38.48589,37.493294],[38.48641,37.493459],[38.486916,37.493639],[38.487415,37.493834],[38.487908,37.494039],[38.488885,37.494468],[38.489854,37.494912],[38.49516,37.497396],[38.501439,37.50032],[38.5024,37.500775],[38.503354,37.501239],[38.504294,37.50172],[38.504755,37.50197],[38.505663,37.502487],[38.507007,37.503283],[38.515461,37.508397],[38.523036,37.512962],[38.523919,37.513507],[38.524786,37.514065],[38.525211,37.514351],[38.525626,37.514646],[38.526027,37.51495],[38.526418,37.515261],[38.527183,37.5159],[38.528305,37.516879],[38.533859,37.521823],[38.541649,37.528735],[38.542756,37.529726],[38.543852,37.53073],[38.546015,37.532777],[38.572268,37.557838],[38.586081,37.549243],[38.591668,37.545766],[38.596601,37.542178],[38.600816,37.537694],[38.604763,37.531685],[38.608171,37.527649],[38.610413,37.525675],[38.612924,37.523613],[38.620548,37.51868],[38.627543,37.516348],[38.633284,37.515899],[38.638037,37.514554],[38.643867,37.512671],[38.649428,37.510159],[38.653194,37.508635],[38.659473,37.504688],[38.665571,37.500383],[38.670056,37.496796],[38.673105,37.494464],[38.678128,37.493029],[38.686379,37.491325],[38.696963,37.490248],[38.704227,37.489531],[38.716963,37.48989],[38.730416,37.489262],[38.738488,37.48989],[38.744946,37.489621],[38.751224,37.488993],[38.754363,37.487647],[38.757951,37.484508],[38.759745,37.482266],[38.761538,37.478051],[38.762884,37.473566],[38.763781,37.470607],[38.765843,37.468185],[38.768624,37.466391],[38.771763,37.466391],[38.775261,37.468095],[38.781898,37.471683],[38.78423,37.473387],[38.794185,37.477782],[38.796158,37.47823],[38.801091,37.477871],[38.811136,37.47536],[38.819029,37.47258],[38.824769,37.470427],[38.828357,37.469261],[38.832213,37.469172],[38.836249,37.470786],[38.839478,37.472311],[38.843873,37.473566],[38.849882,37.474104],[38.855084,37.474912],[38.872932,37.471683],[38.87912,37.46971],[38.88486,37.467288],[38.890421,37.464956],[38.897686,37.463342],[38.90504,37.46379],[38.9167,37.465853],[38.932485,37.470517],[38.944952,37.475809],[38.955804,37.481369],[38.961275,37.485495],[38.965221,37.48702],[38.970513,37.487917],[38.972397,37.487468],[38.975984,37.485405],[38.979303,37.483432],[38.984415,37.47814],[38.987733,37.474463],[38.989706,37.469979],[38.990424,37.467557],[38.991231,37.462983],[38.991142,37.460561],[38.989527,37.457333],[38.987016,37.453835],[38.982262,37.44944],[38.978137,37.445494],[38.973473,37.443879],[38.968899,37.441906],[38.963697,37.439843],[38.960109,37.437691],[38.957598,37.43509],[38.954459,37.431323],[38.952844,37.42926],[38.948629,37.425134],[38.943606,37.419036],[38.941185,37.414461],[38.939122,37.409529],[38.938763,37.405493],[38.939481,37.402712],[38.940571,37.399571],[38.941201,37.397756],[38.941722,37.39489],[38.941963,37.393085],[38.942069,37.392285],[38.943285,37.388811],[38.946064,37.385077],[38.946913,37.384685],[38.947534,37.384398],[38.94684,37.384105],[38.944414,37.383079],[38.938683,37.380561],[38.934688,37.378129],[38.928696,37.374395],[38.928162,37.373871],[38.924093,37.369879],[38.922091,37.3678],[38.921835,37.367534],[38.921464,37.367142],[38.918796,37.364321],[38.9179,37.362576],[38.917059,37.360934],[38.91648,37.359736],[38.915843,37.358416],[38.914974,37.355984],[38.914574,37.354783],[38.914193,37.353639],[38.91316,37.351877],[38.912716,37.351121],[38.9122,37.350662],[38.910372,37.349037],[38.907332,37.347647],[38.901514,37.345302],[38.899455,37.344771],[38.896129,37.343913],[38.892221,37.342958],[38.890152,37.342424],[38.889529,37.342263],[38.888297,37.341442],[38.886924,37.340526],[38.882235,37.336966],[38.880605,37.335337],[38.877632,37.332363],[38.873289,37.328194],[38.870864,37.325894],[38.870527,37.325574],[38.869902,37.324981],[38.86669,37.322202],[38.863129,37.31925],[38.861978,37.317801],[38.860784,37.316297],[38.859455,37.315025],[38.858786,37.314386],[38.856182,37.309871],[38.85469,37.307018],[38.854184,37.306049],[38.853903,37.305698],[38.853142,37.304747],[38.851753,37.302662],[38.850276,37.300144],[38.850146,37.299905],[38.849234,37.298234],[38.848626,37.296149],[38.848105,37.294152],[38.848105,37.291286],[38.848033,37.290176],[38.847931,37.288594],[38.848945,37.286172],[38.849495,37.28486],[38.850797,37.281299],[38.851063,37.280907],[38.852621,37.278607],[38.855052,37.275828],[38.85705,37.274265],[38.858592,37.273656],[38.86035,37.272962],[38.861566,37.27218],[38.862868,37.27027],[38.86408,37.268345],[38.864345,37.267925],[38.865387,37.264538],[38.865665,37.263052],[38.865908,37.261759],[38.866082,37.259241],[38.864779,37.253162],[38.86365,37.250903],[38.862397,37.249372],[38.862086,37.248993],[38.859395,37.247256],[38.856268,37.245693],[38.852187,37.24274],[38.851034,37.241908],[38.850624,37.241611],[38.849234,37.239875],[38.848425,37.239012],[38.847931,37.238485],[38.845934,37.23753],[38.843981,37.237411],[38.843068,37.237356],[38.841034,37.237408],[38.839681,37.237443],[38.838528,37.237498],[38.835909,37.237575],[38.834992,37.237269],[38.833559,37.236675],[38.832132,37.236083],[38.831177,37.235863],[38.830355,37.235674],[38.829057,37.235464],[38.828509,37.235426],[38.826985,37.235355],[38.825552,37.235439],[38.823705,37.235537],[38.821337,37.234934],[38.819879,37.234763],[38.818285,37.234717],[38.816235,37.234763],[38.814686,37.234672],[38.813593,37.234562],[38.811953,37.234398],[38.810677,37.234398],[38.809288,37.234108],[38.808081,37.233806],[38.806532,37.232804],[38.80553,37.231847],[38.804664,37.230572],[38.80477,37.229941],[38.804847,37.229479],[38.804847,37.228158],[38.804937,37.227384],[38.805074,37.226199],[38.80635,37.223648],[38.806616,37.223353],[38.808445,37.221325],[38.809766,37.220095],[38.810495,37.219139],[38.810835,37.218401],[38.811383,37.217259],[38.812044,37.216269],[38.812141,37.215457],[38.812181,37.21513],[38.812271,37.214128],[38.81249,37.213876],[38.813182,37.21308],[38.814547,37.212065],[38.815142,37.211623],[38.816007,37.211294],[38.817419,37.210757],[38.818512,37.210256],[38.820228,37.209392],[38.82116,37.208038],[38.822047,37.207151],[38.823747,37.205524],[38.82493,37.203602],[38.824987,37.203006],[38.825078,37.202049],[38.825037,37.200841],[38.825004,37.199905],[38.824643,37.199015],[38.824043,37.197539],[38.823669,37.196109],[38.82323,37.194433],[38.822946,37.193216],[38.822712,37.192215],[38.822591,37.191247],[38.822491,37.190441],[38.821692,37.189335],[38.821478,37.189051],[38.820568,37.188001],[38.820107,37.187701],[38.819089,37.187039],[38.817775,37.18684],[38.816649,37.18667],[38.814409,37.186639],[38.813765,37.186661],[38.811804,37.186726],[38.810589,37.186466],[38.809284,37.186734],[38.807636,37.187074],[38.801904,37.188029],[38.797736,37.187508],[38.796562,37.187483],[38.793654,37.187421],[38.790815,37.187062],[38.786099,37.186466],[38.784131,37.185631],[38.783233,37.18525],[38.781317,37.184787],[38.777849,37.183947],[38.774469,37.182874],[38.770467,37.181603],[38.768859,37.181226],[38.766385,37.180647],[38.76213,37.179518],[38.759687,37.178934],[38.758135,37.178563],[38.755356,37.177434],[38.753967,37.175089],[38.752265,37.172608],[38.751882,37.17205],[38.751361,37.169792],[38.751239,37.168391],[38.751188,37.167795],[38.750907,37.167022],[38.750493,37.165884],[38.750103,37.165039],[38.74945,37.163626],[38.748969,37.162278],[38.748582,37.161194],[38.748797,37.160159],[38.748856,37.159875],[38.748052,37.159462],[38.744422,37.157544],[38.742195,37.156929],[38.739065,37.15613],[38.738474,37.155979],[38.735625,37.155663],[38.732934,37.154951],[38.731512,37.154282],[38.730243,37.153684],[38.729501,37.153096],[38.727947,37.151864],[38.727253,37.151368],[38.726285,37.150676],[38.725415,37.149727],[38.725363,37.149431],[38.725098,37.147906],[38.725019,37.145611],[38.724069,37.140861],[38.723113,37.138496],[38.722555,37.137131],[38.720112,37.134529],[38.7175,37.132393],[38.715679,37.131126],[38.713542,37.130097],[38.712213,37.129432],[38.710851,37.128752],[38.708397,37.127169],[38.70626,37.125586],[38.704336,37.124761],[38.70349,37.124398],[38.702869,37.12414],[38.701662,37.123637],[38.700641,37.123211],[38.697237,37.121549],[38.69415,37.119649],[38.690905,37.119174],[38.687027,37.118937],[38.679982,37.117592],[38.677731,37.117289],[38.674679,37.116879],[38.671355,37.116879],[38.668549,37.117311],[38.668268,37.117354],[38.667827,37.117777],[38.666289,37.119254],[38.665023,37.121549],[38.663123,37.124399],[38.659957,37.128514],[38.654971,37.132313],[38.654015,37.13264],[38.651725,37.133422],[38.64666,37.134055],[38.642465,37.134055],[38.640144,37.133051],[38.639536,37.132788],[38.637004,37.130256],[38.633284,37.12709],[38.628218,37.124161],[38.627794,37.123831],[38.626081,37.122499],[38.622915,37.12052],[38.62213,37.120077],[38.619828,37.118779],[38.617691,37.117117],[38.615316,37.1149],[38.614506,37.11328],[38.613892,37.112051],[38.612538,37.109022],[38.612229,37.108331],[38.611438,37.104769],[38.611218,37.103834],[38.610804,37.102078],[38.610013,37.10002],[38.608902,37.098196],[38.607243,37.096379],[38.605632,37.095067],[38.605106,37.094638],[38.602098,37.09258],[38.598695,37.09068],[38.596637,37.089335],[38.593694,37.087254],[38.592046,37.08609],[38.591759,37.085787],[38.589197,37.083082],[38.585793,37.079916],[38.581823,37.076104],[38.57954,37.07398],[38.579136,37.073398],[38.578808,37.072926],[38.578213,37.071853],[38.577987,37.070597],[38.578289,37.069873],[38.578536,37.069162],[38.578684,37.068738],[38.579523,37.06706],[38.580256,37.065834],[38.581447,37.064691],[38.581849,37.064351],[38.58273,37.063605],[38.584261,37.062322],[38.584634,37.061874],[38.585495,37.060841],[38.586728,37.058867],[38.587313,37.057721],[38.588012,37.05635],[38.588999,37.054327],[38.589147,37.052649],[38.588927,37.052045],[38.588752,37.051563],[38.587864,37.050428],[38.586778,37.049342],[38.586121,37.048842],[38.58431,37.047466],[38.583243,37.046429],[38.582583,37.045788],[38.580806,37.043518],[38.580378,37.043077],[38.579177,37.04184],[38.577154,37.040261],[38.575377,37.040113],[38.573008,37.040261],[38.569849,37.04105],[38.567974,37.042087],[38.567561,37.043029],[38.567283,37.043666],[38.567312,37.044615],[38.567332,37.045246],[38.568171,37.048602],[38.568319,37.050823],[38.568871,37.052442],[38.569109,37.053142],[38.569454,37.055758],[38.569257,37.056893],[38.568538,37.058545],[38.567233,37.059065],[38.565802,37.059509],[38.564676,37.059975],[38.564371,37.060101],[38.563186,37.061285],[38.562199,37.062766],[38.561656,37.065481],[38.561564,37.066112],[38.56141,37.067159],[38.560275,37.068689],[38.559744,37.069175],[38.55909,37.069775],[38.55814,37.069994],[38.556524,37.070367],[38.555915,37.070062],[38.555339,37.069775],[38.553957,37.069479],[38.551835,37.069133],[38.549878,37.069065],[38.547541,37.068985],[38.54641,37.068872],[38.545558,37.068761],[38.54532,37.068096],[38.545365,37.067405],[38.545419,37.066566],[38.545711,37.066006],[38.546011,37.065431],[38.546702,37.063309],[38.546942,37.062209],[38.54764,37.059015],[38.548133,37.056844],[38.548211,37.054715],[38.548232,37.054129],[38.547837,37.052402],[38.547003,37.05073],[38.545567,37.049342],[38.544336,37.048837],[38.543908,37.048661],[38.542793,37.048907],[38.542166,37.049045],[38.538459,37.050038],[38.537967,37.05017],[38.535928,37.050788],[38.535207,37.051283],[38.533158,37.052688],[38.531965,37.054072],[38.531179,37.054983],[38.529042,37.057595],[38.524689,37.061474],[38.519861,37.063453],[38.515191,37.064798],[38.511788,37.065036],[38.504031,37.066065],[38.499203,37.066065],[38.495483,37.065906],[38.491288,37.065036],[38.483769,37.062899],[38.477753,37.060762],[38.477346,37.060584],[38.472133,37.058308],[38.466519,37.054587],[38.465326,37.053796],[38.461448,37.050076],[38.457998,37.046081],[38.455378,37.047126],[38.451201,37.048791],[38.445082,37.050955],[38.441352,37.052597],[38.440904,37.05491],[38.440307,37.059088],[38.442098,37.066624],[38.441112,37.073014],[38.43777,37.080054],[38.434899,37.081862],[38.430832,37.083635],[38.425576,37.084783],[38.420386,37.085276],[38.412626,37.086918],[38.405165,37.088858],[38.398077,37.091096]]]}},{"type":"Feature","properties":{"id":"TR-D-63-011","parent_id":"TR-P-63","region_id":"TR-R-GDA","level":"district","municipality_type":null,"municipality_type_label":null,"is_metropolitan_municipality":null,"name":"Siverek","name_ascii":"siverek","slug":"siverek-sanliurfa"},"geometry":{"type":"Polygon","coordinates":[[[39.560995,37.863528],[39.562275,37.863317],[39.568963,37.861345],[39.577281,37.857229],[39.581997,37.853971],[39.585084,37.850969],[39.588686,37.847196],[39.591687,37.843938],[39.594945,37.841451],[39.597689,37.840079],[39.605492,37.836306],[39.611323,37.833477],[39.61261,37.832791],[39.622471,37.827474],[39.631217,37.822672],[39.642107,37.81787],[39.648881,37.813068],[39.655227,37.809981],[39.668089,37.806809],[39.678036,37.80698],[39.683867,37.809295],[39.688669,37.81384],[39.693299,37.818556],[39.699816,37.825159],[39.705904,37.83219],[39.710363,37.83725],[39.721425,37.845053],[39.729828,37.849512],[39.744663,37.856715],[39.755461,37.86109],[39.759214,37.861993],[39.765901,37.861814],[39.775834,37.862442],[39.783677,37.862128],[39.794133,37.860455],[39.800093,37.85805],[39.804171,37.855018],[39.811392,37.845377],[39.812404,37.844024],[39.813862,37.839393],[39.815234,37.831933],[39.816521,37.820014],[39.814977,37.808695],[39.81189,37.794632],[39.808889,37.782627],[39.806488,37.774138],[39.806317,37.765649],[39.806145,37.762905],[39.80666,37.75836],[39.807238,37.755466],[39.808846,37.752122],[39.811097,37.748649],[39.814248,37.745369],[39.818043,37.741125],[39.822416,37.735465],[39.824795,37.73135],[39.82621,37.727941],[39.827561,37.724661],[39.828911,37.718037],[39.828783,37.712828],[39.828718,37.708133],[39.827561,37.701509],[39.827432,37.694049],[39.827818,37.689868],[39.827818,37.687039],[39.828333,37.685109],[39.832063,37.679321],[39.83322,37.676234],[39.83367,37.673598],[39.834892,37.66633],[39.836629,37.657777],[39.836693,37.655783],[39.837529,37.649995],[39.837465,37.647487],[39.837401,37.643564],[39.836693,37.637905],[39.836564,37.635139],[39.836757,37.632052],[39.838237,37.625299],[39.840423,37.617196],[39.842353,37.610894],[39.845182,37.605684],[39.849555,37.59816],[39.855408,37.587613],[39.857273,37.584783],[39.859267,37.58176],[39.862225,37.578416],[39.865955,37.574043],[39.868463,37.570506],[39.8702,37.565554],[39.8702,37.562403],[39.85888,37.563117],[39.850725,37.562073],[39.841717,37.558849],[39.834795,37.556384],[39.823415,37.553349],[39.813079,37.551358],[39.793924,37.54766],[39.782735,37.5451],[39.772114,37.542729],[39.758744,37.538936],[39.74708,37.535143],[39.73608,37.530686],[39.732477,37.529453],[39.73058,37.528126],[39.728589,37.526419],[39.726218,37.524048],[39.724037,37.522436],[39.72233,37.520634],[39.71958,37.518548],[39.716735,37.517884],[39.712563,37.5176],[39.709054,37.516746],[39.706779,37.516462],[39.705065,37.516901],[39.70452,37.516886],[39.701257,37.516761],[39.699375,37.516259],[39.696865,37.514627],[39.694355,37.514627],[39.691218,37.514753],[39.689461,37.514],[39.687453,37.512619],[39.684943,37.511239],[39.68281,37.510737],[39.680928,37.509733],[39.680175,37.507474],[39.679422,37.505592],[39.677916,37.502455],[39.676284,37.5012],[39.673774,37.500949],[39.671641,37.501074],[39.669633,37.5012],[39.667751,37.501074],[39.665868,37.500823],[39.663986,37.499694],[39.662606,37.49756],[39.661225,37.496431],[39.658213,37.495804],[39.656959,37.494925],[39.655453,37.492917],[39.654574,37.49116],[39.654574,37.489905],[39.653319,37.488776],[39.652315,37.488023],[39.650809,37.48727],[39.650433,37.48589],[39.650684,37.484007],[39.650433,37.480117],[39.650684,37.477984],[39.651311,37.476352],[39.651437,37.475097],[39.650684,37.473968],[39.649304,37.473089],[39.647296,37.472086],[39.645288,37.470203],[39.642634,37.468507],[39.639452,37.467152],[39.633573,37.466678],[39.629779,37.465445],[39.625512,37.462885],[39.623142,37.460135],[39.622004,37.455868],[39.622004,37.452928],[39.622193,37.451411],[39.623616,37.44667],[39.625417,37.442687],[39.625986,37.437756],[39.625797,37.433299],[39.623711,37.427894],[39.619918,37.423247],[39.616883,37.420403],[39.613659,37.41642],[39.611288,37.413101],[39.608918,37.407886],[39.60759,37.403049],[39.604176,37.396317],[39.601806,37.393472],[39.600478,37.392429],[39.598961,37.390627],[39.597728,37.390058],[39.594599,37.389394],[39.591944,37.389205],[39.590521,37.389394],[39.589573,37.389299],[39.589004,37.388731],[39.588625,37.387213],[39.588625,37.386265],[39.589099,37.385222],[39.589383,37.384653],[39.589478,37.3838],[39.589478,37.383041],[39.588625,37.382282],[39.587487,37.382188],[39.586064,37.381808],[39.58559,37.381144],[39.584927,37.380006],[39.583599,37.378963],[39.582082,37.3783],[39.579901,37.377162],[39.577246,37.375265],[39.575539,37.373369],[39.573547,37.370429],[39.572409,37.367964],[39.571746,37.364739],[39.570608,37.360567],[39.569849,37.357627],[39.568332,37.354783],[39.565866,37.353265],[39.562832,37.348809],[39.56103,37.345774],[39.55847,37.339326],[39.555246,37.331266],[39.552496,37.326524],[39.551358,37.321498],[39.551832,37.315619],[39.553539,37.310024],[39.555246,37.307559],[39.560236,37.304945],[39.56141,37.304412],[39.56317,37.302972],[39.56461,37.300731],[39.564877,37.299878],[39.565037,37.298651],[39.565037,37.297638],[39.56573,37.297051],[39.567117,37.295931],[39.569037,37.294384],[39.570157,37.293637],[39.570477,37.293104],[39.570211,37.292464],[39.569464,37.29209],[39.56797,37.29193],[39.566477,37.291717],[39.565303,37.29161],[39.564397,37.291344],[39.56381,37.290864],[39.56397,37.289957],[39.56413,37.28873],[39.562903,37.286116],[39.559857,37.282951],[39.556538,37.280202],[39.550184,37.276029],[39.540607,37.270529],[39.535107,37.266736],[39.526952,37.260857],[39.522305,37.25659],[39.514624,37.247676],[39.505995,37.241512],[39.501823,37.238383],[39.496133,37.239142],[39.493194,37.239711],[39.491013,37.241986],[39.489306,37.24559],[39.48978,37.250236],[39.490918,37.252891],[39.493668,37.256305],[39.498978,37.259245],[39.504952,37.260952],[39.508556,37.262184],[39.512918,37.265788],[39.513581,37.269202],[39.513297,37.272995],[39.510926,37.279917],[39.508745,37.284279],[39.503625,37.288546],[39.497745,37.289305],[39.493288,37.28902],[39.48684,37.285701],[39.481814,37.281814],[39.478845,37.278646],[39.476603,37.28053],[39.472836,37.282323],[39.468173,37.283131],[39.463509,37.283041],[39.459831,37.281606],[39.454181,37.27766],[39.450683,37.275238],[39.446109,37.272099],[39.439831,37.267525],[39.435167,37.260529],[39.431669,37.252098],[39.426826,37.24573],[39.419202,37.240349],[39.414897,37.235865],[39.410772,37.232815],[39.406915,37.231201],[39.402072,37.23147],[39.39696,37.231918],[39.391758,37.233443],[39.387453,37.23443],[39.383148,37.235685],[39.380188,37.236403],[39.371667,37.238107],[39.367631,37.238824],[39.361712,37.239811],[39.357497,37.243578],[39.352564,37.251381],[39.349783,37.25748],[39.347093,37.266],[39.346913,37.273624],[39.346555,37.280619],[39.346465,37.287167],[39.34512,37.293804],[39.34207,37.299275],[39.33911,37.302952],[39.334805,37.305643],[39.331869,37.308001],[39.329896,37.308539],[39.321465,37.309346],[39.315635,37.309974],[39.308729,37.312127],[39.304514,37.315445],[39.302182,37.318853],[39.300568,37.322082],[39.299312,37.325759],[39.292316,37.336432],[39.289895,37.338675],[39.283796,37.34298],[39.278325,37.346477],[39.269266,37.350424],[39.263706,37.350693],[39.2594,37.350872],[39.254468,37.350334],[39.243346,37.349078],[39.233301,37.349796],[39.225678,37.353114],[39.219937,37.357868],[39.21635,37.364953],[39.211776,37.37177],[39.20774,37.380469],[39.206305,37.384954],[39.206305,37.389438],[39.206663,37.393743],[39.205228,37.397421],[39.202179,37.400649],[39.200027,37.404237],[39.198233,37.406031],[39.192941,37.408901],[39.190161,37.413385],[39.189981,37.416614],[39.190789,37.42352],[39.192134,37.428722],[39.194107,37.431861],[39.195094,37.433386],[39.200834,37.436435],[39.207112,37.437422],[39.215901,37.439574],[39.225498,37.440651],[39.231597,37.441727],[39.242718,37.447018],[39.24792,37.453207],[39.250521,37.459665],[39.251149,37.463252],[39.25079,37.466391],[39.248638,37.471055],[39.246934,37.473477],[39.244422,37.475539],[39.237427,37.477961],[39.233315,37.478342],[39.235746,37.486233],[39.238551,37.496665],[39.240129,37.502889],[39.240743,37.510341],[39.241006,37.516565],[39.241795,37.529363],[39.241795,37.546282],[39.241882,37.552419],[39.242496,37.565042],[39.242496,37.571091],[39.240129,37.585468],[39.238551,37.596601],[39.235921,37.601598],[39.233116,37.605192],[39.228207,37.610627],[39.219966,37.617903],[39.213918,37.621673],[39.204976,37.62404],[39.202644,37.624838],[39.192885,37.626017],[39.168314,37.624619],[39.143687,37.626048],[39.141618,37.625598],[39.139466,37.625155],[39.134614,37.624187],[39.132454,37.623765],[39.130826,37.623461],[39.122088,37.621885],[39.120989,37.621696],[39.119888,37.621528],[39.119337,37.62146],[39.118785,37.621409],[39.118237,37.62138],[39.117692,37.621372],[39.117151,37.621387],[39.116619,37.621428],[39.116099,37.6215],[39.115598,37.621612],[39.115115,37.621773],[39.114655,37.621977],[39.11422,37.622215],[39.113811,37.622482],[39.113434,37.622778],[39.113096,37.623102],[39.11282,37.623437],[39.112575,37.623792],[39.112352,37.624163],[39.111943,37.624913],[39.111352,37.626033],[39.110944,37.626771],[39.11051,37.627497],[39.110281,37.627847],[39.11004,37.62819],[39.109785,37.628526],[39.109511,37.628851],[39.109207,37.629175],[39.108884,37.629488],[39.108547,37.629792],[39.108198,37.630089],[39.107475,37.630668],[39.106718,37.631228],[39.10643,37.631428],[39.105931,37.631773],[39.105123,37.632297],[39.10471,37.63255],[39.10429,37.632794],[39.10383,37.633044],[39.102887,37.633519],[39.101927,37.633974],[39.098539,37.635532],[39.097589,37.635992],[39.097124,37.636232],[39.09667,37.63648],[39.096231,37.636742],[39.095813,37.637022],[39.095417,37.637326],[39.095041,37.637648],[39.094681,37.637983],[39.094331,37.638327],[39.093645,37.639042],[39.092988,37.639754],[39.089206,37.643916],[39.087387,37.645918],[39.086426,37.647019],[39.085846,37.647727],[39.085288,37.648445],[39.084988,37.648851],[39.084504,37.649543],[39.084264,37.649917],[39.084041,37.650297],[39.08383,37.650695],[39.083254,37.651906],[39.083057,37.652306],[39.082846,37.652699],[39.08261,37.653081],[39.082363,37.653424],[39.082092,37.653755],[39.0818,37.654074],[39.081491,37.654382],[39.081165,37.654677],[39.080822,37.654958],[39.080459,37.655221],[39.080074,37.65546],[39.079625,37.655691],[39.079152,37.655897],[39.078662,37.656084],[39.07816,37.656257],[39.077649,37.656422],[39.076612,37.656733],[39.075564,37.657033],[39.069801,37.658669],[39.068706,37.658968],[39.068223,37.659099],[39.067165,37.65936],[39.066631,37.659476],[39.066084,37.65958],[39.064981,37.659757],[39.064426,37.659834],[39.063312,37.659974],[39.062194,37.660097],[39.061633,37.660151],[39.060532,37.660239],[39.059428,37.660314],[39.056665,37.660474],[39.055005,37.660555],[39.053224,37.660613],[39.049458,37.660688],[39.047237,37.660719],[39.046235,37.660719],[39.045737,37.660711],[39.045329,37.660698],[39.044753,37.660668],[39.04427,37.660626],[39.043796,37.660564],[39.043333,37.660474],[39.042878,37.660348],[39.04244,37.660191],[39.042021,37.660003],[39.041623,37.659786],[39.041239,37.659532],[39.04087,37.659257],[39.040162,37.65871],[39.039812,37.658451],[39.039453,37.6582],[39.039084,37.657962],[39.038701,37.657742],[39.038302,37.657545],[39.037903,37.657384],[39.037489,37.657245],[39.037063,37.657126],[39.036627,37.657022],[39.036099,37.656916],[39.035562,37.656825],[39.03502,37.656746],[39.034474,37.656679],[39.033925,37.656623],[39.033374,37.656579],[39.032822,37.65655],[39.032338,37.65654],[39.031854,37.656542],[39.031371,37.656556],[39.030888,37.656582],[39.030408,37.65662],[39.029925,37.656673],[39.029444,37.656738],[39.028968,37.656817],[39.028496,37.656908],[39.02803,37.657014],[39.027572,37.657138],[39.027069,37.657301],[39.026576,37.657484],[39.02609,37.657681],[39.02561,37.65789],[39.024666,37.658332],[39.024203,37.658563],[39.023748,37.658802],[39.023304,37.659049],[39.022873,37.659307],[39.022463,37.659581],[39.022149,37.659819],[39.02172,37.660203],[39.021419,37.660523],[39.021139,37.660857],[39.020876,37.661203],[39.020629,37.661558],[39.020396,37.661921],[39.020178,37.66229],[39.019977,37.662667],[39.019789,37.663065],[39.019617,37.663469],[39.019458,37.663877],[39.019166,37.664701],[39.018761,37.665944],[39.018619,37.666353],[39.018464,37.666753],[39.018287,37.667141],[39.018079,37.667512],[39.017828,37.667859],[39.017529,37.66817],[39.017186,37.668459],[39.016812,37.668729],[39.016415,37.668987],[39.015999,37.669235],[39.015572,37.669476],[39.015134,37.66971],[39.014239,37.67016],[39.013782,37.670376],[39.01332,37.670583],[39.012851,37.670779],[39.012372,37.670959],[39.011871,37.671126],[39.011361,37.671277],[39.010325,37.67155],[39.008747,37.67192],[39.007157,37.672265],[39.006094,37.672476],[39.005561,37.672569],[39.005027,37.672651],[39.004491,37.672714],[39.003954,37.672754],[39.003428,37.672764],[39.0029,37.67275],[39.002374,37.672715],[39.00185,37.672665],[39.001331,37.672599],[39.000819,37.672517],[39.000318,37.672417],[38.999832,37.672296],[38.999369,37.672146],[38.998936,37.67196],[38.998569,37.671747],[38.998233,37.671502],[38.997926,37.67123],[38.997646,37.670936],[38.997397,37.670623],[38.997181,37.670291],[38.996985,37.669902],[38.996825,37.669497],[38.996691,37.66908],[38.996575,37.668656],[38.996471,37.668227],[38.996186,37.666927],[38.995984,37.666062],[38.995746,37.665187],[38.995485,37.664317],[38.994929,37.662586],[38.993647,37.658723],[38.993214,37.657436],[38.99291,37.656581],[38.992577,37.655734],[38.992391,37.655316],[38.992184,37.654898],[38.99196,37.654485],[38.991721,37.654078],[38.991468,37.653679],[38.991198,37.653288],[38.99091,37.652909],[38.990597,37.652547],[38.990253,37.652207],[38.989918,37.651932],[38.989556,37.651678],[38.989174,37.651442],[38.988774,37.651225],[38.988358,37.651028],[38.987928,37.650852],[38.987483,37.650704],[38.986988,37.65058],[38.986481,37.650487],[38.985964,37.650422],[38.985443,37.650382],[38.98492,37.650368],[38.984398,37.650385],[38.983898,37.650432],[38.983405,37.650506],[38.982921,37.650604],[38.982451,37.650724],[38.981999,37.650866],[38.981572,37.651034],[38.981178,37.651231],[38.980829,37.651465],[38.980507,37.651772],[38.980237,37.65212],[38.980006,37.652499],[38.979803,37.652899],[38.979622,37.653314],[38.979458,37.653739],[38.979308,37.654172],[38.979172,37.654611],[38.97905,37.655054],[38.978946,37.6555],[38.978862,37.65594],[38.978794,37.656382],[38.97869,37.65727],[38.978614,37.658157],[38.978491,37.659854],[38.97844,37.660249],[38.978361,37.66063],[38.978241,37.66099],[38.978063,37.661322],[38.977795,37.66164],[38.977458,37.661921],[38.97707,37.662171],[38.976641,37.662389],[38.976179,37.662574],[38.975689,37.662718],[38.97518,37.662817],[38.974653,37.662882],[38.974113,37.662921],[38.973563,37.662942],[38.973009,37.662952],[38.970776,37.662956],[38.970231,37.662966],[38.969691,37.662986],[38.969159,37.663021],[38.968638,37.663078],[38.968133,37.663164],[38.967649,37.663291],[38.967237,37.663446],[38.966842,37.663635],[38.96646,37.663849],[38.966089,37.664083],[38.965727,37.664331],[38.96537,37.664591],[38.964628,37.665171],[38.963473,37.666136],[38.959625,37.669397],[38.958871,37.670048],[38.958508,37.670374],[38.958161,37.670701],[38.957838,37.67103],[38.957548,37.671362],[38.957308,37.671696],[38.957135,37.672034],[38.957055,37.672376],[38.957083,37.672697],[38.957196,37.673018],[38.957376,37.673338],[38.957611,37.673653],[38.957842,37.673909],[38.958096,37.67416],[38.958367,37.674409],[38.958987,37.674955],[38.959316,37.67526],[38.95962,37.675576],[38.959888,37.675915],[38.96011,37.676268],[38.960283,37.676634],[38.960406,37.677036],[38.960469,37.677441],[38.960471,37.677841],[38.960428,37.678147],[38.96034,37.67844],[38.960199,37.678715],[38.959939,37.679031],[38.959603,37.679317],[38.959211,37.679577],[38.958774,37.679816],[38.958307,37.680038],[38.957819,37.680249],[38.956805,37.680648],[38.953688,37.681795],[38.952658,37.682187],[38.952149,37.68239],[38.951646,37.6826],[38.95116,37.682813],[38.95068,37.683034],[38.94974,37.683498],[38.94928,37.683742],[38.94883,37.683995],[38.948392,37.684261],[38.94797,37.684541],[38.947576,37.684833],[38.947195,37.685139],[38.946826,37.685456],[38.94539,37.686756],[38.94503,37.687074],[38.944665,37.687381],[38.944291,37.687671],[38.943905,37.687936],[38.943502,37.688166],[38.943077,37.688348],[38.942718,37.688449],[38.942345,37.688512],[38.941964,37.688541],[38.941577,37.688536],[38.941073,37.688479],[38.940574,37.688375],[38.940065,37.688221],[38.93961,37.688044],[38.939161,37.68782],[38.938749,37.687558],[38.93839,37.687286],[38.937993,37.686948],[38.937639,37.686614],[38.937298,37.686269],[38.936967,37.685915],[38.936646,37.685554],[38.936335,37.685186],[38.936036,37.684812],[38.935745,37.684423],[38.935465,37.684029],[38.934928,37.68323],[38.934406,37.682424],[38.934236,37.682157],[38.932866,37.680001],[38.93234,37.6792],[38.932069,37.678805],[38.931789,37.678414],[38.931497,37.678032],[38.931187,37.677661],[38.930853,37.677306],[38.930503,37.676984],[38.930129,37.676678],[38.929736,37.676388],[38.929329,37.676112],[38.928909,37.675851],[38.928477,37.675608],[38.928033,37.675389],[38.927575,37.6752],[38.9271,37.675052],[38.926625,37.674956],[38.926135,37.674899],[38.925636,37.674874],[38.925131,37.674877],[38.924625,37.674906],[38.92412,37.67496],[38.923619,37.675043],[38.923128,37.675156],[38.922642,37.675293],[38.922162,37.675449],[38.921687,37.675618],[38.921215,37.675798],[38.920286,37.676185],[38.919829,37.67639],[38.91938,37.676605],[38.91894,37.676831],[38.918512,37.677071],[38.918093,37.677322],[38.917683,37.677581],[38.916886,37.678121],[38.9165,37.6784],[38.916124,37.678686],[38.915762,37.67898],[38.915418,37.679285],[38.915096,37.679604],[38.914808,37.679932],[38.914544,37.680273],[38.914298,37.680624],[38.914068,37.680983],[38.913852,37.681347],[38.91365,37.681717],[38.913463,37.682092],[38.913293,37.682471],[38.913145,37.682855],[38.913022,37.683244],[38.912925,37.683661],[38.912853,37.684082],[38.912686,37.685354],[38.912616,37.685773],[38.912521,37.686186],[38.912389,37.686588],[38.912206,37.686982],[38.911983,37.687364],[38.911727,37.687734],[38.911444,37.688094],[38.91114,37.688441],[38.910814,37.688773],[38.910467,37.689084],[38.910095,37.689369],[38.909693,37.689617],[38.909243,37.689825],[38.908763,37.689986],[38.908262,37.690101],[38.907744,37.690167],[38.907225,37.690181],[38.906698,37.690153],[38.906166,37.690096],[38.905631,37.690016],[38.905096,37.689919],[38.904563,37.689808],[38.904033,37.689684],[38.903508,37.689548],[38.90299,37.689397],[38.902483,37.689229],[38.90199,37.689039],[38.90152,37.688827],[38.901061,37.688598],[38.900161,37.68812],[38.89971,37.687889],[38.899253,37.687675],[38.898783,37.687489],[38.898356,37.687355],[38.897919,37.68725],[38.897475,37.687172],[38.897026,37.68712],[38.896576,37.687098],[38.896125,37.687109],[38.895639,37.687163],[38.895155,37.687253],[38.894674,37.687369],[38.894197,37.687507],[38.893722,37.687661],[38.893252,37.68783],[38.892787,37.688011],[38.892328,37.688206],[38.89187,37.688417],[38.890971,37.688868],[38.890088,37.68934],[38.889212,37.689823],[38.88791,37.690558],[38.886626,37.691309],[38.885305,37.69213],[38.883567,37.693249],[38.876664,37.697728],[38.877454,37.698213],[38.878234,37.698718],[38.878615,37.698977],[38.878987,37.699245],[38.879387,37.699553],[38.879777,37.699871],[38.880536,37.700524],[38.882758,37.702527],[38.883512,37.703183],[38.883898,37.703502],[38.884294,37.703813],[38.884703,37.704111],[38.885132,37.704397],[38.885575,37.70467],[38.886487,37.705192],[38.887419,37.705697],[38.889305,37.706687],[38.890727,37.70742],[38.89168,37.707898],[38.892432,37.708252],[38.892644,37.708352],[38.893134,37.708564],[38.893632,37.708758],[38.894141,37.70893],[38.894663,37.709074],[38.895197,37.709196],[38.895738,37.7093],[38.896286,37.709393],[38.897391,37.709556],[38.898505,37.709703],[38.901858,37.710123],[38.903533,37.710348],[38.904646,37.710515],[38.905201,37.710609],[38.906864,37.710914],[38.909077,37.711349],[38.910175,37.711577],[38.910717,37.711697],[38.911251,37.711824],[38.911774,37.711961],[38.912278,37.712114],[38.912758,37.712288],[38.913201,37.712492],[38.913595,37.712739],[38.913911,37.713018],[38.914183,37.713335],[38.914421,37.713681],[38.914634,37.714046],[38.914829,37.714427],[38.91501,37.714818],[38.91518,37.715216],[38.91549,37.716025],[38.915628,37.716434],[38.915751,37.716844],[38.915855,37.717256],[38.915933,37.717668],[38.915975,37.718082],[38.915974,37.718517],[38.915935,37.718953],[38.915869,37.719389],[38.915783,37.719825],[38.915683,37.720262],[38.915573,37.720698],[38.915329,37.721566],[38.915055,37.722424],[38.914903,37.722846],[38.914735,37.72326],[38.914546,37.723664],[38.914326,37.724052],[38.914066,37.72442],[38.913763,37.724757],[38.913422,37.725074],[38.913051,37.725376],[38.91266,37.725669],[38.912256,37.725955],[38.910597,37.727076],[38.910192,37.727362],[38.909801,37.727654],[38.90943,37.727956],[38.909087,37.728272],[38.908782,37.728607],[38.908532,37.728955],[38.908318,37.729321],[38.908132,37.729701],[38.907967,37.730091],[38.907816,37.730489],[38.907678,37.730891],[38.907548,37.731298],[38.90731,37.732119],[38.907102,37.732947],[38.907013,37.733363],[38.906935,37.733791],[38.906867,37.734219],[38.906753,37.73508],[38.906614,37.736373],[38.906543,37.737235],[38.906517,37.737666],[38.906502,37.738096],[38.906501,37.738525],[38.90652,37.738954],[38.906565,37.73939],[38.90663,37.739825],[38.906713,37.740258],[38.906808,37.74069],[38.906916,37.74112],[38.907036,37.741547],[38.90717,37.741971],[38.90732,37.74239],[38.907491,37.742802],[38.907691,37.743205],[38.907919,37.743588],[38.90809,37.743838],[38.908174,37.743961],[38.908449,37.744328],[38.908738,37.744689],[38.909346,37.745399],[38.909981,37.746095],[38.910307,37.746435],[38.910642,37.746768],[38.910986,37.747091],[38.911344,37.747401],[38.911719,37.747691],[38.91212,37.747956],[38.912565,37.748198],[38.913036,37.748413],[38.913526,37.748608],[38.914029,37.748789],[38.91506,37.749125],[38.916109,37.749444],[38.921376,37.750991],[38.921913,37.751149],[38.92297,37.751438],[38.923501,37.751572],[38.924034,37.751694],[38.92457,37.751799],[38.925111,37.751881],[38.925648,37.751934],[38.926189,37.751965],[38.926734,37.75198],[38.927281,37.751982],[38.928379,37.751964],[38.929481,37.751931],[38.935547,37.751702],[38.938855,37.751592],[38.941088,37.751538],[38.946277,37.751428],[38.947234,37.751407],[38.948913,37.751386],[38.950031,37.751394],[38.950596,37.75141],[38.951723,37.751466],[38.952845,37.751551],[38.953402,37.751608],[38.953954,37.751678],[38.9545,37.751766],[38.955036,37.751879],[38.955537,37.752015],[38.956028,37.752173],[38.956513,37.752347],[38.956993,37.752535],[38.957468,37.752732],[38.958401,37.753149],[38.958856,37.753368],[38.959302,37.753596],[38.959354,37.753625],[38.959732,37.753834],[38.960143,37.754086],[38.960525,37.754357],[38.96087,37.754652],[38.961174,37.754983],[38.961438,37.75534],[38.961672,37.755715],[38.961883,37.756104],[38.962075,37.756503],[38.962219,37.756837],[38.962251,37.75691],[38.96241,37.757321],[38.962551,37.757737],[38.962671,37.758158],[38.962764,37.758581],[38.962824,37.759011],[38.962858,37.759443],[38.962871,37.759877],[38.962868,37.760312],[38.962852,37.760747],[38.962824,37.761182],[38.962783,37.761616],[38.962727,37.762047],[38.962653,37.762476],[38.962556,37.762901],[38.962435,37.763305],[38.962294,37.763705],[38.962137,37.764102],[38.961969,37.764497],[38.961411,37.765703],[38.958969,37.770725],[38.958193,37.77238],[38.957845,37.773123],[38.957301,37.774326],[38.956959,37.77513],[38.956801,37.775534],[38.956654,37.77594],[38.956525,37.776348],[38.956419,37.77676],[38.956338,37.777199],[38.956282,37.777641],[38.956245,37.778087],[38.956206,37.778982],[38.956192,37.780331],[38.956197,37.784834],[38.956165,37.790194],[38.956153,37.794666],[38.956123,37.795905],[38.956066,37.796725],[38.956017,37.797131],[38.955947,37.797534],[38.955924,37.797625],[38.955849,37.797931],[38.955706,37.79835],[38.955531,37.798763],[38.955333,37.799172],[38.955118,37.799577],[38.95489,37.799979],[38.954405,37.800776],[38.953887,37.801558],[38.953613,37.80194],[38.953323,37.802312],[38.953013,37.80267],[38.952675,37.803009],[38.952306,37.803322],[38.951909,37.803615],[38.95149,37.803892],[38.951055,37.804153],[38.950606,37.804401],[38.950144,37.804633],[38.949669,37.804846],[38.949179,37.805037],[38.948715,37.805189],[38.94824,37.805321],[38.947757,37.805438],[38.947267,37.805542],[38.946773,37.805635],[38.946274,37.805718],[38.945773,37.80579],[38.945218,37.805856],[38.944661,37.805911],[38.944102,37.805957],[38.942984,37.806024],[38.942426,37.806044],[38.941869,37.806052],[38.941313,37.806044],[38.94076,37.806016],[38.940233,37.805965],[38.939709,37.805895],[38.939357,37.805838],[38.939186,37.805811],[38.938665,37.805716],[38.938145,37.805613],[38.93711,37.80539],[38.936082,37.805146],[38.935572,37.805015],[38.935065,37.804876],[38.934564,37.804727],[38.934062,37.804563],[38.933866,37.804494],[38.933565,37.804388],[38.93258,37.804019],[38.931604,37.803634],[38.927234,37.801861],[38.925284,37.80108],[38.918391,37.79838],[38.915968,37.797441],[38.914507,37.796888],[38.913713,37.7966],[38.913526,37.796533],[38.912533,37.796202],[38.911532,37.795909],[38.910517,37.795642],[38.908977,37.795273],[38.90794,37.795051],[38.907418,37.79495],[38.906904,37.794862],[38.905871,37.794707],[38.90483,37.794577],[38.903788,37.794474],[38.903268,37.794438],[38.902751,37.794416],[38.902257,37.794413],[38.90177,37.794428],[38.901294,37.794462],[38.900831,37.794518],[38.900389,37.794602],[38.899975,37.794721],[38.899599,37.794883],[38.899245,37.795115],[38.898939,37.795397],[38.898674,37.795716],[38.898448,37.796064],[38.898262,37.796433],[38.898121,37.796821],[38.898032,37.797209],[38.897981,37.797607],[38.897961,37.798012],[38.897965,37.79842],[38.897992,37.798831],[38.898039,37.799241],[38.898109,37.799649],[38.898205,37.800055],[38.898335,37.800473],[38.898491,37.800886],[38.898664,37.801296],[38.899047,37.802109],[38.899251,37.802511],[38.899677,37.803309],[38.90013,37.804095],[38.900371,37.804482],[38.900625,37.804862],[38.900898,37.805237],[38.901185,37.805606],[38.901482,37.80597],[38.902406,37.807048],[38.903984,37.808824],[38.905258,37.810236],[38.905905,37.810936],[38.906191,37.811232],[38.90657,37.811622],[38.906914,37.811958],[38.907281,37.812297],[38.907657,37.81263],[38.907824,37.812772],[38.908426,37.813284],[38.909208,37.813929],[38.913953,37.817767],[38.918685,37.821618],[38.919483,37.822251],[38.920298,37.822868],[38.920716,37.823165],[38.921146,37.823451],[38.921564,37.823708],[38.921992,37.823954],[38.922429,37.82419],[38.923323,37.824641],[38.923779,37.824855],[38.924241,37.825061],[38.92471,37.825257],[38.9252,37.825446],[38.926198,37.825797],[38.927209,37.826125],[38.928267,37.82645],[38.928739,37.826595],[38.929765,37.826891],[38.930799,37.827162],[38.93132,37.827281],[38.931846,37.827385],[38.932382,37.827471],[38.932923,37.82754],[38.933467,37.827598],[38.934561,37.827691],[38.93566,37.827768],[38.937864,37.827905],[38.939515,37.827996],[38.940615,37.828042],[38.941163,37.828056],[38.94171,37.82806],[38.942256,37.82805],[38.942799,37.828021],[38.942837,37.828018],[38.943348,37.827968],[38.943896,37.827896],[38.944441,37.82781],[38.944985,37.827713],[38.946614,37.827388],[38.951906,37.826258],[38.952034,37.826231],[38.954185,37.825787],[38.959418,37.824767],[38.960993,37.824469],[38.962046,37.824281],[38.962574,37.824193],[38.963679,37.824027],[38.964789,37.823878],[38.9659,37.823748],[38.966456,37.823693],[38.967012,37.823648],[38.967566,37.823616],[38.968119,37.823604],[38.96867,37.823618],[38.969187,37.823661],[38.969701,37.823728],[38.970213,37.823815],[38.970722,37.823916],[38.971227,37.82403],[38.971728,37.824155],[38.972222,37.824293],[38.972708,37.824443],[38.97318,37.82461],[38.973636,37.824797],[38.974068,37.825012],[38.974493,37.825273],[38.974892,37.825563],[38.975269,37.825875],[38.97563,37.826203],[38.975975,37.826542],[38.976305,37.826891],[38.976617,37.827247],[38.976908,37.827611],[38.977169,37.827982],[38.977391,37.828363],[38.97756,37.828756],[38.977667,37.829166],[38.97772,37.829588],[38.977735,37.830019],[38.977723,37.830455],[38.977692,37.830895],[38.977647,37.831338],[38.977536,37.832227],[38.976965,37.836239],[38.976722,37.838052],[38.976072,37.842904],[38.975812,37.844677],[38.975573,37.845999],[38.975301,37.847315],[38.973948,37.853454],[38.973776,37.854333],[38.973701,37.854774],[38.973638,37.855214],[38.973592,37.855656],[38.973568,37.856089],[38.973562,37.856522],[38.973572,37.856954],[38.973597,37.857387],[38.973639,37.857818],[38.973698,37.858248],[38.973777,37.858669],[38.973875,37.859088],[38.97399,37.859503],[38.974122,37.859913],[38.974273,37.860318],[38.974447,37.860716],[38.974528,37.860872],[38.97465,37.861104],[38.974882,37.861473],[38.975141,37.861831],[38.975421,37.862183],[38.975715,37.862528],[38.976337,37.863205],[38.976993,37.863864],[38.977333,37.864185],[38.977683,37.864499],[38.978045,37.864804],[38.97842,37.865096],[38.978805,37.86538],[38.979199,37.865659],[38.980793,37.866754],[38.981568,37.867317],[38.98194,37.867611],[38.982316,37.867932],[38.98268,37.868263],[38.983381,37.868945],[38.984061,37.869643],[38.985398,37.871056],[38.986719,37.87248],[38.987366,37.873199],[38.987682,37.873562],[38.987989,37.873929],[38.988285,37.874302],[38.988567,37.874682],[38.988838,37.875067],[38.989357,37.875848],[38.990103,37.877035],[38.990583,37.877832],[38.991039,37.878635],[38.991251,37.879039],[38.991446,37.879447],[38.991618,37.879859],[38.991758,37.880277],[38.991855,37.880684],[38.991922,37.881097],[38.991967,37.881514],[38.991995,37.881934],[38.992017,37.882779],[38.992006,37.883626],[38.991988,37.884049],[38.99196,37.88447],[38.991918,37.884889],[38.991857,37.885303],[38.991786,37.885638],[38.991771,37.88571],[38.99165,37.886109],[38.991478,37.886514],[38.991264,37.886906],[38.991016,37.887286],[38.990736,37.887651],[38.990424,37.887997],[38.990076,37.888321],[38.989695,37.888614],[38.989284,37.888885],[38.988851,37.88914],[38.988401,37.889383],[38.98794,37.889615],[38.98747,37.889838],[38.986992,37.890053],[38.986507,37.890258],[38.986015,37.890453],[38.985515,37.890633],[38.985012,37.890795],[38.984502,37.890944],[38.983467,37.891215],[38.982421,37.891466],[38.981369,37.891705],[38.979781,37.89205],[38.978181,37.892373],[38.977644,37.892473],[38.975603,37.892829],[38.975104,37.892926],[38.974616,37.893032],[38.974145,37.893153],[38.973698,37.893295],[38.973284,37.893465],[38.972908,37.893675],[38.972589,37.893922],[38.972338,37.894205],[38.972164,37.894538],[38.972064,37.8949],[38.972027,37.895282],[38.972044,37.895675],[38.972113,37.896071],[38.972238,37.896465],[38.972426,37.896857],[38.972662,37.89724],[38.972937,37.897613],[38.973242,37.897977],[38.973574,37.89833],[38.973931,37.898669],[38.974305,37.898988],[38.974579,37.899202],[38.974697,37.899294],[38.975102,37.899592],[38.975934,37.900171],[38.976781,37.900736],[38.97976,37.902681],[38.981043,37.903498],[38.981914,37.904024],[38.98236,37.90428],[38.983263,37.904777],[38.985096,37.905743],[38.992001,37.909326],[38.992926,37.909797],[38.993858,37.910258],[38.994805,37.910698],[38.995716,37.911083],[38.997108,37.911625],[38.998045,37.911972],[38.998988,37.912309],[38.999939,37.912631],[39.001458,37.913104],[39.004012,37.91385],[39.006063,37.91443],[39.007093,37.914706],[39.00813,37.914958],[39.008654,37.915068],[39.009196,37.915166],[39.009742,37.915251],[39.010291,37.915323],[39.010842,37.915383],[39.011395,37.915431],[39.011949,37.915463],[39.01251,37.915479],[39.013072,37.915481],[39.013635,37.915471],[39.014761,37.915425],[39.015887,37.915348],[39.016421,37.915298],[39.018557,37.915072],[39.019093,37.915021],[39.019629,37.914978],[39.020179,37.914946],[39.020729,37.914925],[39.021279,37.914913],[39.021829,37.914911],[39.022377,37.914919],[39.022922,37.914939],[39.023463,37.914975],[39.023996,37.915033],[39.024474,37.915108],[39.024942,37.915207],[39.025397,37.915329],[39.025834,37.915477],[39.026248,37.915656],[39.026676,37.915896],[39.027068,37.916175],[39.027426,37.91649],[39.027757,37.91683],[39.028068,37.917188],[39.028364,37.91756],[39.028652,37.917939],[39.029208,37.918714],[39.031384,37.921848],[39.033574,37.924962],[39.034387,37.926131],[39.034913,37.926916],[39.035166,37.927312],[39.035409,37.927711],[39.0358,37.928409],[39.035855,37.928508],[39.036273,37.929315],[39.036876,37.930535],[39.039791,37.936585],[39.039826,37.936656],[39.040255,37.937574],[39.040955,37.93907],[39.04241,37.942269],[39.042933,37.943474],[39.043258,37.944283],[39.043416,37.944709],[39.043854,37.945996],[39.044685,37.948582],[39.04498,37.949439],[39.045139,37.949865],[39.04531,37.950287],[39.045495,37.950704],[39.045693,37.951117],[39.045902,37.951526],[39.046123,37.951931],[39.046354,37.952332],[39.046598,37.952727],[39.046858,37.953114],[39.047138,37.953491],[39.047429,37.953839],[39.04774,37.954177],[39.048069,37.954505],[39.048413,37.954823],[39.048773,37.955131],[39.049126,37.955412],[39.04949,37.955685],[39.050238,37.956218],[39.050606,37.956474],[39.050743,37.956569],[39.051373,37.957009],[39.052198,37.957609],[39.0526,37.957916],[39.052993,37.958229],[39.053374,37.958549],[39.053737,37.958879],[39.054079,37.959223],[39.054381,37.959568],[39.054661,37.959925],[39.054925,37.960291],[39.055175,37.960665],[39.055413,37.961044],[39.05564,37.961429],[39.055856,37.961818],[39.056058,37.962211],[39.056254,37.962627],[39.056437,37.963046],[39.056776,37.963894],[39.05709,37.964747],[39.057378,37.965605],[39.057509,37.966036],[39.057627,37.966469],[39.057726,37.966903],[39.057803,37.967333],[39.057863,37.967765],[39.057947,37.968634],[39.05802,37.969942],[39.058048,37.971246],[39.058059,37.973849],[39.058072,37.974716],[39.058099,37.975585],[39.058159,37.976888],[39.058247,37.97819],[39.058333,37.979055],[39.058392,37.979486],[39.058541,37.98031],[39.058724,37.98113],[39.059039,37.982355],[39.059278,37.983165],[39.059409,37.983567],[39.059554,37.983966],[39.059714,37.98436],[39.059889,37.984739],[39.06008,37.985114],[39.060497,37.985852],[39.060947,37.986579],[39.061183,37.986937],[39.061653,37.987606],[39.061889,37.987914],[39.062137,37.988216],[39.0624,37.988509],[39.062743,37.988851],[39.063106,37.989182],[39.063485,37.989504],[39.063874,37.989819],[39.064671,37.990438],[39.06628,37.991639],[39.066302,37.991655],[39.068364,37.993157],[39.07005,37.994339],[39.084893,38.004602],[39.086172,38.005475],[39.087469,38.006329],[39.088153,38.006754],[39.088324,38.006861],[39.089189,38.007382],[39.090934,38.00841],[39.093122,38.009688],[39.094886,38.010694],[39.095782,38.011178],[39.096238,38.011411],[39.097171,38.011856],[39.098599,38.012487],[39.101486,38.01371],[39.103051,38.014363],[39.104383,38.014919],[39.105354,38.015313],[39.106332,38.015694],[39.10782,38.016231],[39.109321,38.016745],[39.112334,38.017757],[39.114347,38.018425],[39.115358,38.018751],[39.116409,38.019076],[39.117465,38.019393],[39.118523,38.019699],[39.119586,38.019988],[39.12012,38.020122],[39.120656,38.020244],[39.121195,38.02035],[39.121739,38.020434],[39.122272,38.02049],[39.122809,38.020526],[39.123349,38.020546],[39.123891,38.020555],[39.124435,38.020557],[39.125527,38.020546],[39.128003,38.020492],[39.128809,38.020474],[39.130995,38.020409],[39.132085,38.020355],[39.132277,38.020341],[39.132252,38.020119],[39.132026,38.016137],[39.131996,38.015619],[39.13198,38.015324],[39.131677,38.011817],[39.133189,38.007402],[39.134641,38.00462],[39.136273,38.003048],[39.140567,38.000569],[39.146131,37.997847],[39.153509,37.995113],[39.164142,37.996057],[39.169802,37.997086],[39.175547,37.998801],[39.178805,38.000687],[39.182321,38.002574],[39.187037,38.003174],[39.191325,38.003002],[39.196727,38.001888],[39.200586,38.000258],[39.203587,37.9982],[39.20736,37.991683],[39.211647,37.984566],[39.216621,37.978049],[39.223052,37.969217],[39.230341,37.960814],[39.234971,37.955497],[39.240545,37.951381],[39.248005,37.948037],[39.255293,37.945379],[39.260353,37.944779],[39.26747,37.944607],[39.275959,37.945808],[39.285134,37.95121],[39.293023,37.95584],[39.301941,37.959613],[39.317119,37.963386],[39.325093,37.964158],[39.343958,37.964501],[39.35279,37.964072],[39.363166,37.963386],[39.373198,37.961757],[39.38366,37.959785],[39.391892,37.956955],[39.400981,37.953354],[39.412128,37.946494],[39.424476,37.938691],[39.432794,37.933974],[39.441369,37.93003],[39.450458,37.927114],[39.458004,37.925571],[39.465036,37.924542],[39.469837,37.923513],[39.473868,37.922141],[39.475668,37.921026],[39.477469,37.91914],[39.481757,37.91511],[39.48613,37.911508],[39.49299,37.908335],[39.49822,37.904734],[39.50448,37.899761],[39.509196,37.896759],[39.518457,37.890585],[39.522573,37.887756],[39.527804,37.882182],[39.528919,37.878152],[39.534835,37.871892],[39.538094,37.868891],[39.541524,37.866576],[39.545725,37.865547],[39.548984,37.865118],[39.554986,37.864518],[39.560995,37.863528]]]}},{"type":"Feature","properties":{"id":"TR-D-63-012","parent_id":"TR-P-63","region_id":"TR-R-GDA","level":"district","municipality_type":null,"municipality_type_label":null,"is_metropolitan_municipality":null,"name":"Suruç","name_ascii":"suruc","slug":"suruc-sanliurfa"},"geometry":{"type":"Polygon","coordinates":[[[38.568168,36.825521],[38.567789,36.825801],[38.567256,36.826198],[38.566517,36.826978],[38.566203,36.827279],[38.565751,36.827853],[38.563107,36.832883],[38.559821,36.839202],[38.559637,36.8396],[38.559363,36.84019],[38.558479,36.841459],[38.557933,36.842102],[38.557176,36.842664],[38.556874,36.842889],[38.556063,36.843481],[38.555621,36.843804],[38.554224,36.844591],[38.550739,36.845956],[38.548065,36.846891],[38.5478,36.846984],[38.545648,36.847739],[38.543865,36.848301],[38.538244,36.850357],[38.536806,36.850881],[38.533796,36.851979],[38.526825,36.8545],[38.52387,36.855496],[38.523114,36.855746],[38.520803,36.856508],[38.51743,36.857761],[38.513434,36.859184],[38.511119,36.860009],[38.510981,36.860056],[38.507088,36.861374],[38.501884,36.863286],[38.498753,36.864394],[38.49846,36.864504],[38.497516,36.864859],[38.495396,36.865591],[38.49016,36.867397],[38.485037,36.869266],[38.483512,36.869822],[38.481809,36.870545],[38.480508,36.870994],[38.477088,36.872151],[38.473474,36.873388],[38.472233,36.873808],[38.471483,36.874062],[38.468961,36.874881],[38.459293,36.878238],[38.455439,36.879555],[38.449625,36.881626],[38.445208,36.883313],[38.438174,36.88577],[38.431204,36.888259],[38.426049,36.890106],[38.419625,36.892274],[38.404978,36.89743],[38.401927,36.898474],[38.397831,36.899935],[38.395454,36.900754],[38.393625,36.901388],[38.392949,36.901622],[38.391423,36.902055],[38.390219,36.90236],[38.389127,36.902505],[38.388388,36.902569],[38.386332,36.902682],[38.384598,36.902698],[38.383875,36.902567],[38.383441,36.902489],[38.381659,36.90228],[38.377582,36.901929],[38.372713,36.901509],[38.36865,36.901108],[38.363158,36.900594],[38.358361,36.900318],[38.352064,36.900162],[38.352028,36.899932],[38.351997,36.899739],[38.348028,36.899726],[38.345233,36.899717],[38.344855,36.899939],[38.34045,36.899873],[38.334687,36.900763],[38.328747,36.901764],[38.324319,36.902476],[38.318134,36.903566],[38.315419,36.904034],[38.310791,36.904834],[38.300779,36.906503],[38.298888,36.906815],[38.293993,36.907749],[38.292192,36.908231],[38.288545,36.909053],[38.284477,36.909915],[38.279707,36.911077],[38.274657,36.91236],[38.268905,36.913763],[38.267561,36.914091],[38.263934,36.915136],[38.262911,36.915581],[38.262377,36.915959],[38.260087,36.91743],[38.257882,36.918733],[38.256159,36.919835],[38.254235,36.920516],[38.253441,36.920674],[38.252431,36.920981],[38.251521,36.921206],[38.248784,36.922079],[38.245758,36.923021],[38.244636,36.923322],[38.243533,36.923582],[38.242397,36.923769],[38.241173,36.92388],[38.239883,36.923747],[38.238615,36.923391],[38.237569,36.922946],[38.237537,36.922927],[38.236354,36.922215],[38.236272,36.922293],[38.236263,36.922301],[38.235133,36.923572],[38.224443,36.929763],[38.212591,36.936273],[38.201491,36.941781],[38.194564,36.945537],[38.188388,36.950044],[38.184883,36.9543],[38.180292,36.961311],[38.178623,36.965651],[38.178373,36.971159],[38.177288,36.982676],[38.176286,36.987267],[38.175869,36.992775],[38.176119,36.999201],[38.176119,37.005878],[38.176119,37.009801],[38.174784,37.015226],[38.174033,37.018147],[38.17228,37.023321],[38.17228,37.025491],[38.172651,37.026326],[38.172948,37.026994],[38.178122,37.032502],[38.181628,37.035757],[38.185467,37.039346],[38.189139,37.045271],[38.190233,37.047423],[38.191643,37.050196],[38.192394,37.058124],[38.192811,37.064801],[38.194147,37.066721],[38.194382,37.066971],[38.198069,37.070894],[38.206499,37.078071],[38.209086,37.079907],[38.218704,37.086184],[38.225945,37.087419],[38.231036,37.087502],[38.240984,37.087903],[38.241385,37.087919],[38.247311,37.089171],[38.254572,37.092593],[38.256639,37.093926],[38.260915,37.096683],[38.266301,37.102232],[38.266423,37.102358],[38.270346,37.108284],[38.277273,37.117631],[38.280361,37.122973],[38.286381,37.129892],[38.291878,37.134323],[38.294411,37.135589],[38.294645,37.135707],[38.29488,37.135824],[38.295215,37.135991],[38.295884,37.136326],[38.299443,37.137024],[38.300141,37.137161],[38.3064,37.137077],[38.311241,37.136577],[38.317439,37.135847],[38.318335,37.135742],[38.319921,37.135755],[38.319934,37.135755],[38.328601,37.135825],[38.330195,37.136318],[38.335361,37.137912],[38.337616,37.139321],[38.340035,37.140833],[38.343978,37.145872],[38.344101,37.146029],[38.344542,37.146592],[38.345145,37.147825],[38.346378,37.150347],[38.3484,37.152697],[38.349466,37.153936],[38.352682,37.149347],[38.360018,37.143049],[38.372187,37.129596],[38.375694,37.12594],[38.380544,37.120269],[38.387557,37.111689],[38.390392,37.107511],[38.39181,37.101915],[38.39375,37.095424],[38.395764,37.092812],[38.398077,37.091096],[38.405165,37.088858],[38.412626,37.086918],[38.420386,37.085276],[38.425576,37.084783],[38.430832,37.083635],[38.434899,37.081862],[38.43777,37.080054],[38.441112,37.073014],[38.442098,37.066624],[38.440307,37.059088],[38.440904,37.05491],[38.441352,37.052597],[38.445082,37.050955],[38.451201,37.048791],[38.455378,37.047126],[38.457998,37.046081],[38.463735,37.043793],[38.472241,37.039987],[38.490595,37.033198],[38.50313,37.029318],[38.516635,37.024468],[38.537004,37.017231],[38.547822,37.014769],[38.561103,37.011337],[38.562819,37.01074],[38.566251,37.009098],[38.56834,37.007531],[38.571176,37.004995],[38.573041,37.002234],[38.574459,36.999623],[38.576025,36.995817],[38.575802,36.993803],[38.575652,36.992161],[38.574906,36.991341],[38.570653,36.987834],[38.56752,36.985073],[38.564088,36.981119],[38.563118,36.979403],[38.561625,36.975672],[38.56073,36.971419],[38.561327,36.96463],[38.563326,36.960067],[38.567669,36.956348],[38.578562,36.945977],[38.58095,36.943142],[38.586098,36.9368],[38.590425,36.931875],[38.594753,36.927249],[38.604378,36.914118],[38.607437,36.906955],[38.611093,36.897554],[38.613853,36.891063],[38.6146,36.885094],[38.614408,36.884315],[38.61363,36.88114],[38.612958,36.879274],[38.611018,36.877782],[38.606019,36.876365],[38.59908,36.873828],[38.592664,36.870694],[38.587665,36.868232],[38.587516,36.868088],[38.583561,36.864277],[38.580875,36.860696],[38.57917,36.858636],[38.577759,36.856931],[38.575951,36.853459],[38.575949,36.853386],[38.575876,36.850698],[38.576212,36.846606],[38.576463,36.843001],[38.57798,36.837663],[38.57804,36.834134],[38.577068,36.832774],[38.576548,36.832045],[38.574235,36.83018],[38.573265,36.829434],[38.568848,36.826088],[38.568289,36.825664],[38.568168,36.825521]]]}},{"type":"Feature","properties":{"id":"TR-D-63-013","parent_id":"TR-P-63","region_id":"TR-R-GDA","level":"district","municipality_type":null,"municipality_type_label":null,"is_metropolitan_municipality":null,"name":"Viranşehir","name_ascii":"viransehir","slug":"viransehir-sanliurfa"},"geometry":{"type":"Polygon","coordinates":[[[40.117445,37.116619],[40.113292,37.11275],[40.112986,37.112465],[40.11197,37.111553],[40.107486,37.107525],[40.092104,37.099042],[40.087537,37.096991],[40.080545,37.093448],[40.067028,37.088321],[40.044096,37.08133],[40.022749,37.077135],[40.008,37.074299],[39.996088,37.072008],[39.992266,37.071635],[39.984901,37.068932],[39.977351,37.06716],[39.968868,37.066415],[39.964766,37.065203],[39.96169,37.061754],[39.956288,37.059319],[39.955071,37.058771],[39.953067,37.057873],[39.946122,37.054762],[39.920114,37.04255],[39.887859,37.027076],[39.877605,37.024186],[39.869215,37.022881],[39.866874,37.023008],[39.865766,37.023067],[39.8598,37.022562],[39.854766,37.022135],[39.849732,37.021576],[39.842088,37.019898],[39.829317,37.016822],[39.817199,37.013652],[39.807559,37.01022],[39.804894,37.009271],[39.802526,37.008321],[39.790724,37.003584],[39.781495,37.00172],[39.776834,37.001067],[39.771055,37.000311],[39.769004,37.000042],[39.768646,37.000034],[39.760241,36.999856],[39.753336,37.000688],[39.752504,37.000788],[39.751459,37.001028],[39.742343,37.003118],[39.735445,37.005728],[39.730877,37.007966],[39.727801,37.010576],[39.725936,37.012347],[39.722441,37.013961],[39.722301,37.014025],[39.722255,37.014048],[39.717547,37.016356],[39.71186,37.018872],[39.708318,37.020084],[39.70403,37.020644],[39.703676,37.020604],[39.697318,37.019898],[39.694055,37.018593],[39.689487,37.015423],[39.685386,37.014491],[39.680259,37.014678],[39.674013,37.01505],[39.667954,37.015237],[39.665985,37.015878],[39.659937,37.017847],[39.656751,37.01856],[39.652852,37.019432],[39.645021,37.018382],[39.64381,37.01822],[39.642505,37.017459],[39.639335,37.01561],[39.635513,37.012067],[39.633183,37.008991],[39.630852,37.005449],[39.629944,37.003678],[39.628988,37.001813],[39.625911,36.998457],[39.624187,36.997665],[39.622462,36.996873],[39.616589,36.996873],[39.607267,36.997618],[39.60683,36.997647],[39.600183,36.998084],[39.592166,36.997898],[39.586651,36.99739],[39.580732,36.996717],[39.575014,36.995036],[39.557353,36.985334],[39.55257,36.984258],[39.54085,36.984617],[39.529729,36.985215],[39.520042,36.987367],[39.510057,36.990745],[39.505931,36.995409],[39.501537,37.001329],[39.499833,37.006262],[39.499025,37.010298],[39.498756,37.016665],[39.499205,37.021329],[39.499743,37.024558],[39.500999,37.030388],[39.503689,37.035769],[39.506021,37.041868],[39.50658,37.045037],[39.507097,37.047967],[39.507994,37.053617],[39.508263,37.057025],[39.507277,37.060523],[39.505842,37.065097],[39.504496,37.069761],[39.502882,37.074515],[39.500909,37.07882],[39.497321,37.082856],[39.491581,37.086623],[39.486828,37.091107],[39.480011,37.095322],[39.475258,37.097744],[39.472926,37.099179],[39.467276,37.10169],[39.458845,37.104829],[39.453105,37.108596],[39.447724,37.113798],[39.445481,37.116041],[39.443688,37.119628],[39.443149,37.123933],[39.443508,37.127341],[39.444674,37.131019],[39.446378,37.135324],[39.447544,37.138821],[39.448082,37.143127],[39.448262,37.145817],[39.447634,37.147163],[39.447096,37.149315],[39.446199,37.151557],[39.445033,37.152634],[39.442791,37.154158],[39.441983,37.156311],[39.442432,37.158643],[39.443957,37.159719],[39.446737,37.160078],[39.44871,37.161333],[39.450773,37.163576],[39.452387,37.166804],[39.453822,37.170123],[39.453822,37.17389],[39.45445,37.177567],[39.455347,37.180975],[39.456244,37.183486],[39.455706,37.189765],[39.453374,37.194249],[39.450952,37.198285],[39.448979,37.201065],[39.447634,37.203487],[39.447813,37.206806],[39.448441,37.209586],[39.450683,37.212456],[39.453015,37.214429],[39.455616,37.21703],[39.46019,37.220707],[39.463867,37.223667],[39.466289,37.229676],[39.466199,37.234788],[39.466738,37.238466],[39.469338,37.24295],[39.471401,37.247255],[39.475796,37.256493],[39.478576,37.264475],[39.479294,37.267973],[39.479653,37.276404],[39.478845,37.278646],[39.481814,37.281814],[39.48684,37.285701],[39.493288,37.28902],[39.497745,37.289305],[39.503625,37.288546],[39.508745,37.284279],[39.510926,37.279917],[39.513297,37.272995],[39.513581,37.269202],[39.512918,37.265788],[39.508556,37.262184],[39.504952,37.260952],[39.498978,37.259245],[39.493668,37.256305],[39.490918,37.252891],[39.48978,37.250236],[39.489306,37.24559],[39.491013,37.241986],[39.493194,37.239711],[39.496133,37.239142],[39.501823,37.238383],[39.505995,37.241512],[39.514624,37.247676],[39.522305,37.25659],[39.526952,37.260857],[39.535107,37.266736],[39.540607,37.270529],[39.550184,37.276029],[39.556538,37.280202],[39.559857,37.282951],[39.562903,37.286116],[39.56413,37.28873],[39.56397,37.289957],[39.56381,37.290864],[39.564397,37.291344],[39.565303,37.29161],[39.566477,37.291717],[39.56797,37.29193],[39.569464,37.29209],[39.570211,37.292464],[39.570477,37.293104],[39.570157,37.293637],[39.569037,37.294384],[39.567117,37.295931],[39.56573,37.297051],[39.565037,37.297638],[39.565037,37.298651],[39.564877,37.299878],[39.56461,37.300731],[39.56317,37.302972],[39.56141,37.304412],[39.560236,37.304945],[39.555246,37.307559],[39.553539,37.310024],[39.551832,37.315619],[39.551358,37.321498],[39.552496,37.326524],[39.555246,37.331266],[39.55847,37.339326],[39.56103,37.345774],[39.562832,37.348809],[39.565866,37.353265],[39.568332,37.354783],[39.569849,37.357627],[39.570608,37.360567],[39.571746,37.364739],[39.572409,37.367964],[39.573547,37.370429],[39.575539,37.373369],[39.577246,37.375265],[39.579901,37.377162],[39.582082,37.3783],[39.583599,37.378963],[39.584927,37.380006],[39.58559,37.381144],[39.586064,37.381808],[39.587487,37.382188],[39.588625,37.382282],[39.589478,37.383041],[39.589478,37.3838],[39.589383,37.384653],[39.589099,37.385222],[39.588625,37.386265],[39.588625,37.387213],[39.589004,37.388731],[39.589573,37.389299],[39.590521,37.389394],[39.591944,37.389205],[39.594599,37.389394],[39.597728,37.390058],[39.598961,37.390627],[39.600478,37.392429],[39.601806,37.393472],[39.604176,37.396317],[39.60759,37.403049],[39.608918,37.407886],[39.611288,37.413101],[39.613659,37.41642],[39.616883,37.420403],[39.619918,37.423247],[39.623711,37.427894],[39.625797,37.433299],[39.625986,37.437756],[39.625417,37.442687],[39.623616,37.44667],[39.622193,37.451411],[39.622004,37.452928],[39.622004,37.455868],[39.623142,37.460135],[39.625512,37.462885],[39.629779,37.465445],[39.633573,37.466678],[39.639452,37.467152],[39.642634,37.468507],[39.645288,37.470203],[39.647296,37.472086],[39.649304,37.473089],[39.650684,37.473968],[39.651437,37.475097],[39.651311,37.476352],[39.650684,37.477984],[39.650433,37.480117],[39.650684,37.484007],[39.650433,37.48589],[39.650809,37.48727],[39.652315,37.488023],[39.653319,37.488776],[39.654574,37.489905],[39.654574,37.49116],[39.655453,37.492917],[39.656959,37.494925],[39.658213,37.495804],[39.661225,37.496431],[39.662606,37.49756],[39.663986,37.499694],[39.665868,37.500823],[39.667751,37.501074],[39.669633,37.5012],[39.671641,37.501074],[39.673774,37.500949],[39.676284,37.5012],[39.677916,37.502455],[39.679422,37.505592],[39.680175,37.507474],[39.680928,37.509733],[39.68281,37.510737],[39.684943,37.511239],[39.687453,37.512619],[39.689461,37.514],[39.691218,37.514753],[39.694355,37.514627],[39.696865,37.514627],[39.699375,37.516259],[39.701257,37.516761],[39.70452,37.516886],[39.705065,37.516901],[39.706779,37.516462],[39.709054,37.516746],[39.712563,37.5176],[39.716735,37.517884],[39.71958,37.518548],[39.72233,37.520634],[39.724037,37.522436],[39.726218,37.524048],[39.728589,37.526419],[39.73058,37.528126],[39.732477,37.529453],[39.73608,37.530686],[39.74708,37.535143],[39.758744,37.538936],[39.772114,37.542729],[39.782735,37.5451],[39.793924,37.54766],[39.813079,37.551358],[39.823415,37.553349],[39.834795,37.556384],[39.841717,37.558849],[39.850725,37.562073],[39.85888,37.563117],[39.8702,37.562403],[39.865312,37.550248],[39.862096,37.544395],[39.860231,37.5379],[39.859104,37.533611],[39.860344,37.527205],[39.863341,37.510776],[39.866854,37.500547],[39.873777,37.490317],[39.883489,37.481328],[39.890722,37.473578],[39.898058,37.466036],[39.903948,37.460146],[39.906738,37.457046],[39.911697,37.44847],[39.915624,37.442684],[39.918827,37.438654],[39.922547,37.435451],[39.932466,37.429252],[39.941145,37.423362],[39.944836,37.420471],[39.945021,37.420193],[39.945206,37.419915],[39.946256,37.418742],[39.94854,37.417322],[39.949836,37.415902],[39.950639,37.41547],[39.95138,37.415038],[39.952306,37.413742],[39.952306,37.412507],[39.952182,37.410963],[39.951997,37.409358],[39.952244,37.408556],[39.952429,37.407691],[39.952059,37.40658],[39.95175,37.405284],[39.951503,37.404049],[39.951318,37.40158],[39.951009,37.400036],[39.950268,37.397814],[39.950268,37.396826],[39.950577,37.396085],[39.950762,37.395097],[39.950454,37.394356],[39.949342,37.393554],[39.948725,37.392998],[39.948632,37.392813],[39.94854,37.392628],[39.948725,37.391887],[39.949157,37.390591],[39.948972,37.389603],[39.948848,37.388924],[39.948848,37.387813],[39.949466,37.386825],[39.950515,37.384849],[39.951133,37.383985],[39.951627,37.382935],[39.951812,37.38238],[39.951812,37.382133],[39.951812,37.381886],[39.951873,37.381022],[39.95212,37.380836],[39.952367,37.380651],[39.952923,37.380096],[39.954405,37.379046],[39.955516,37.378058],[39.95601,37.377503],[39.956504,37.376453],[39.957059,37.375527],[39.957924,37.374107],[39.95885,37.373613],[39.960393,37.373058],[39.961628,37.372502],[39.962492,37.371699],[39.962492,37.370835],[39.962369,37.369662],[39.962245,37.368674],[39.962616,37.367995],[39.96348,37.367316],[39.965394,37.366637],[39.966258,37.366143],[39.96669,37.365341],[39.967431,37.364415],[39.967987,37.363303],[39.968233,37.361883],[39.96811,37.360278],[39.968233,37.358673],[39.968295,37.35713],[39.967863,37.356389],[39.966937,37.355586],[39.966752,37.354352],[39.966814,37.353549],[39.967246,37.352808],[39.967925,37.352314],[39.968604,37.351944],[39.968789,37.351265],[39.968357,37.350648],[39.967554,37.349907],[39.966999,37.349228],[39.966814,37.348549],[39.966937,37.347869],[39.967153,37.347623],[39.967369,37.347376],[39.968048,37.346696],[39.968295,37.34648],[39.968542,37.346264],[39.969098,37.345523],[39.969468,37.344844],[39.969653,37.343857],[39.969592,37.342869],[39.969653,37.342066],[39.969715,37.341819],[39.969777,37.341572],[39.970456,37.341202],[39.971382,37.340708],[39.971938,37.340276],[39.972092,37.339998],[39.972246,37.33972],[39.97274,37.3383],[39.973172,37.33651],[39.973728,37.335831],[39.973944,37.335738],[39.97416,37.335646],[39.974378,37.335588],[39.975333,37.335337],[39.975642,37.335152],[39.97595,37.334967],[39.976506,37.333979],[39.976753,37.332374],[39.977185,37.331695],[39.977988,37.330954],[39.978975,37.33009],[39.978975,37.329873],[39.978975,37.329657],[39.978852,37.329225],[39.978111,37.328917],[39.977247,37.328793],[39.977093,37.328577],[39.976938,37.328361],[39.977,37.32762],[39.97737,37.326756],[39.977679,37.325892],[39.977679,37.325027],[39.977494,37.323854],[39.977494,37.322496],[39.977679,37.322311],[39.977864,37.322126],[39.978729,37.32194],[39.979716,37.321755],[39.980272,37.3212],[39.981198,37.319903],[39.982124,37.318792],[39.982865,37.318113],[39.983544,37.317619],[39.984161,37.316693],[39.984408,37.315952],[39.984408,37.314656],[39.984285,37.312248],[39.983853,37.31089],[39.984038,37.310087],[39.98484,37.309285],[39.98589,37.308482],[39.986446,37.306939],[39.986507,37.304901],[39.986322,37.303914],[39.985705,37.303296],[39.984593,37.302494],[39.984038,37.301876],[39.983791,37.301197],[39.983853,37.300518],[39.984408,37.299716],[39.985458,37.298913],[39.986137,37.297987],[39.986322,37.29774],[39.986507,37.297493],[39.986754,37.296814],[39.987125,37.296073],[39.987495,37.295981],[39.987865,37.295888],[39.988791,37.295826],[39.989841,37.296135],[39.990952,37.296135],[39.992125,37.296011],[39.992866,37.295518],[39.99373,37.294345],[39.99373,37.29348],[39.993669,37.293172],[39.993607,37.292863],[39.993298,37.291875],[39.993422,37.290949],[39.994903,37.290208],[39.995644,37.289529],[39.996694,37.28848],[39.997373,37.286813],[39.997805,37.285516],[39.998299,37.284652],[39.999101,37.283664],[39.999719,37.282676],[40.001262,37.278725],[40.001324,37.277861],[40.001386,37.277059],[40.001602,37.276812],[40.001818,37.276565],[40.002806,37.276194],[40.003361,37.275577],[40.003608,37.274774],[40.004225,37.273601],[40.005028,37.273169],[40.006324,37.272552],[40.008053,37.271255],[40.008609,37.270082],[40.008917,37.268971],[40.008362,37.268292],[40.007991,37.267675],[40.007312,37.266625],[40.00725,37.265946],[40.007312,37.26573],[40.007374,37.265514],[40.007991,37.265143],[40.00935,37.26465],[40.010337,37.263909],[40.010955,37.262983],[40.011202,37.26218],[40.01151,37.260452],[40.012004,37.259032],[40.011757,37.257797],[40.011202,37.256254],[40.009967,37.255513],[40.007497,37.254463],[40.005275,37.253352],[40.004472,37.252302],[40.004287,37.2515],[40.004658,37.250883],[40.005522,37.250389],[40.006571,37.250265],[40.007991,37.249895],[40.008979,37.249401],[40.009905,37.24829],[40.010337,37.246684],[40.010399,37.244771],[40.010708,37.243474],[40.011263,37.242795],[40.012868,37.240079],[40.01293,37.239276],[40.012436,37.237424],[40.011819,37.236004],[40.011881,37.233843],[40.012128,37.232979],[40.01293,37.231683],[40.013856,37.230942],[40.014967,37.230571],[40.015832,37.23051],[40.01756,37.230325],[40.018239,37.229954],[40.019351,37.229213],[40.019783,37.228472],[40.019474,37.227546],[40.018548,37.226929],[40.01682,37.226126],[40.014967,37.225509],[40.013486,37.224953],[40.012436,37.224892],[40.011387,37.224645],[40.01151,37.223225],[40.012251,37.221743],[40.013424,37.220632],[40.014844,37.219953],[40.01577,37.219089],[40.016943,37.217792],[40.018239,37.217545],[40.020215,37.217051],[40.021635,37.216866],[40.02287,37.216434],[40.023302,37.215199],[40.023549,37.213471],[40.023549,37.211927],[40.022499,37.210013],[40.02145,37.208717],[40.019845,37.20705],[40.019721,37.206186],[40.019598,37.203161],[40.019783,37.201926],[40.021079,37.199827],[40.022684,37.198407],[40.025771,37.196802],[40.027562,37.195444],[40.031019,37.192666],[40.032068,37.191863],[40.032562,37.190814],[40.032624,37.190135],[40.032377,37.189023],[40.03176,37.187974],[40.031389,37.186924],[40.031574,37.186183],[40.032994,37.18606],[40.035217,37.186616],[40.037439,37.188282],[40.039168,37.189641],[40.039847,37.190628],[40.041884,37.191369],[40.042749,37.191987],[40.043736,37.192666],[40.044045,37.192604],[40.044354,37.192542],[40.045033,37.191863],[40.046021,37.191061],[40.047379,37.19032],[40.048243,37.189888],[40.049972,37.189147],[40.050774,37.188406],[40.050774,37.187418],[40.050589,37.186369],[40.049046,37.184208],[40.046947,37.182726],[40.046329,37.182109],[40.046329,37.181306],[40.047317,37.180257],[40.048984,37.179948],[40.051392,37.179639],[40.054478,37.179392],[40.056454,37.179578],[40.058647,37.17857],[40.059525,37.178176],[40.060455,37.177362],[40.06121,37.176316],[40.063593,37.17463],[40.06894,37.172654],[40.073822,37.170969],[40.08039,37.168935],[40.082831,37.1669],[40.084807,37.165099],[40.08533,37.16196],[40.087074,37.153765],[40.089806,37.147372],[40.092014,37.141443],[40.095792,37.136387],[40.096685,37.135778],[40.096973,37.135576],[40.097261,37.135375],[40.098064,37.135622],[40.098743,37.136177],[40.099607,37.136177],[40.10078,37.13593],[40.10183,37.135869],[40.102817,37.136177],[40.103805,37.13698],[40.104978,37.137968],[40.105904,37.138338],[40.107077,37.138462],[40.108188,37.138462],[40.109423,37.138215],[40.110041,37.137227],[40.110041,37.136301],[40.110041,37.135251],[40.109176,37.134017],[40.108127,37.133461],[40.107139,37.13272],[40.106769,37.131979],[40.107077,37.131239],[40.10788,37.130621],[40.108991,37.130621],[40.110164,37.130683],[40.111152,37.130313],[40.111306,37.130066],[40.11146,37.129819],[40.111479,37.129659],[40.111584,37.128769],[40.111924,37.128615],[40.112263,37.12846],[40.112723,37.128428],[40.113127,37.128399],[40.113374,37.128275],[40.113621,37.128152],[40.1143,37.127287],[40.115041,37.126115],[40.11535,37.125497],[40.115412,37.123645],[40.115535,37.122596],[40.117078,37.120743],[40.117264,37.120064],[40.117202,37.119848],[40.11714,37.119632],[40.116646,37.118398],[40.116646,37.117657],[40.116893,37.116916],[40.117445,37.116619]]]}}]}