{"type":"FeatureCollection","province":"Sivas","province_id":"TR-P-58","features":[{"type":"Feature","properties":{"id":"TR-D-58-001","parent_id":"TR-P-58","region_id":"TR-R-ICA","level":"district","municipality_type":null,"municipality_type_label":null,"is_metropolitan_municipality":null,"name":"Akıncılar","name_ascii":"akincilar","slug":"akincilar-sivas"},"geometry":{"type":"Polygon","coordinates":[[[38.325389,40.166821],[38.325876,40.166776],[38.326393,40.166758],[38.326917,40.166761],[38.327445,40.16678],[38.327975,40.166808],[38.329152,40.166889],[38.333276,40.167218],[38.335038,40.167348],[38.336209,40.167415],[38.336792,40.167437],[38.337374,40.167446],[38.337953,40.167439],[38.338529,40.167408],[38.339068,40.167351],[38.339602,40.167273],[38.339963,40.167208],[38.340134,40.167177],[38.340662,40.167067],[38.341186,40.166945],[38.341706,40.166811],[38.34222,40.166666],[38.342727,40.166507],[38.343224,40.166331],[38.343709,40.166136],[38.344185,40.165927],[38.344653,40.165705],[38.345576,40.165241],[38.346487,40.164761],[38.347842,40.164024],[38.348735,40.163524],[38.349612,40.16301],[38.350041,40.162745],[38.35046,40.162471],[38.35088,40.162179],[38.35129,40.161877],[38.352089,40.161256],[38.352152,40.161205],[38.352874,40.160621],[38.355206,40.158701],[38.356381,40.157754],[38.359147,40.155573],[38.360744,40.154342],[38.361558,40.153741],[38.361973,40.153449],[38.362397,40.153166],[38.362833,40.152894],[38.363284,40.152635],[38.363746,40.152388],[38.364694,40.151916],[38.366147,40.151238],[38.370551,40.149251],[38.372517,40.148379],[38.373514,40.147953],[38.375031,40.147327],[38.377063,40.146505],[38.378594,40.145899],[38.379622,40.145509],[38.380141,40.145323],[38.380664,40.145147],[38.381194,40.144983],[38.381715,40.14484],[38.382243,40.14471],[38.38331,40.144476],[38.384387,40.14427],[38.384927,40.144177],[38.385469,40.144093],[38.386011,40.144018],[38.386553,40.143958],[38.387095,40.143916],[38.387638,40.143899],[38.38819,40.143913],[38.388741,40.143952],[38.389292,40.14401],[38.389843,40.144081],[38.390394,40.144163],[38.390945,40.144253],[38.391812,40.144407],[38.392044,40.144449],[38.393137,40.144666],[38.39368,40.144784],[38.39422,40.144911],[38.39477,40.145052],[38.395116,40.145147],[38.401141,40.143832],[38.403054,40.143415],[38.407017,40.139029],[38.412684,40.135826],[38.415444,40.134017],[38.422583,40.131352],[38.430482,40.130781],[38.43065,40.130793],[38.43467,40.131067],[38.438116,40.132187],[38.438477,40.132304],[38.438572,40.132369],[38.440571,40.133732],[38.443807,40.137824],[38.447995,40.142679],[38.449328,40.144392],[38.450755,40.14639],[38.453801,40.150959],[38.456371,40.154576],[38.458465,40.158954],[38.460273,40.161905],[38.461986,40.163999],[38.463985,40.166283],[38.46646,40.168282],[38.46903,40.169519],[38.474455,40.172089],[38.477881,40.172755],[38.478625,40.172631],[38.478134,40.167016],[38.477943,40.162543],[38.47861,40.155309],[38.479656,40.15055],[38.48137,40.143602],[38.483654,40.137796],[38.486414,40.134084],[38.488413,40.130658],[38.49241,40.127708],[38.495551,40.125043],[38.501262,40.121045],[38.504688,40.11857],[38.506973,40.116096],[38.508115,40.113431],[38.50821,40.110099],[38.509733,40.104198],[38.511065,40.099344],[38.511732,40.094776],[38.511922,40.09154],[38.512303,40.087161],[38.512398,40.084972],[38.512398,40.082212],[38.512969,40.0785],[38.515063,40.071647],[38.517252,40.068602],[38.519251,40.066127],[38.522677,40.06251],[38.525342,40.060131],[38.527436,40.057751],[38.528197,40.055943],[38.527436,40.052992],[38.52677,40.051755],[38.525057,40.049947],[38.522201,40.047282],[38.519536,40.045283],[38.517728,40.043379],[38.516681,40.042237],[38.515729,40.040714],[38.512779,40.038049],[38.509733,40.03567],[38.507734,40.034528],[38.505735,40.033576],[38.502594,40.033195],[38.499263,40.033386],[38.496408,40.033386],[38.494504,40.033386],[38.493172,40.0331],[38.491363,40.031958],[38.490792,40.031006],[38.489269,40.029864],[38.486985,40.027104],[38.485653,40.024249],[38.484606,40.021012],[38.482607,40.017396],[38.480513,40.014636],[38.477087,40.010733],[38.473755,40.008354],[38.471376,40.005879],[38.469377,40.003785],[38.467664,40.002072],[38.466046,39.998741],[38.465285,39.996742],[38.465094,39.994934],[38.464999,39.993601],[38.464904,39.991888],[38.464904,39.989413],[38.46557,39.986368],[38.466522,39.983893],[38.46795,39.980564],[38.467753,39.980564],[38.467359,39.980564],[38.461743,39.980469],[38.457175,39.980374],[38.452606,39.978946],[38.446134,39.976852],[38.442707,39.972569],[38.439757,39.969428],[38.438139,39.966192],[38.435283,39.961624],[38.429668,39.956389],[38.42015,39.950868],[38.406349,39.942398],[38.396927,39.937258],[38.390169,39.935069],[38.386457,39.934593],[38.38284,39.934688],[38.375416,39.936306],[38.371038,39.937829],[38.367802,39.937829],[38.366755,39.937829],[38.354585,39.942332],[38.350587,39.943855],[38.345733,39.945187],[38.342783,39.945663],[38.335835,39.947186],[38.331361,39.948043],[38.327078,39.948519],[38.323462,39.948804],[38.32013,39.948804],[38.316704,39.948899],[38.312706,39.949375],[38.310993,39.950422],[38.307947,39.952611],[38.304902,39.955181],[38.303379,39.957561],[38.30119,39.960892],[38.298239,39.963367],[38.294051,39.965746],[38.291291,39.967459],[38.288721,39.969077],[38.286152,39.970124],[38.284629,39.970886],[38.28244,39.971552],[38.278061,39.97298],[38.27454,39.973931],[38.271209,39.974883],[38.265498,39.976025],[38.262167,39.976787],[38.258359,39.977929],[38.253886,39.979928],[38.251126,39.980784],[38.249222,39.982497],[38.246177,39.985067],[38.241798,39.987352],[38.243797,39.990588],[38.247224,39.995442],[38.251221,40.000772],[38.253315,40.002961],[38.256741,40.005911],[38.259406,40.008386],[38.262262,40.012193],[38.264356,40.01562],[38.265974,40.018856],[38.268448,40.023139],[38.26921,40.025233],[38.268924,40.027422],[38.268829,40.029516],[38.268258,40.030848],[38.265783,40.032752],[38.263309,40.034655],[38.260168,40.037415],[38.257693,40.039604],[38.255504,40.041413],[38.251887,40.043316],[38.248461,40.04522],[38.243988,40.049408],[38.241894,40.051692],[38.239609,40.054262],[38.238658,40.056546],[38.238467,40.058545],[38.238467,40.060924],[38.238658,40.064922],[38.239133,40.070442],[38.239419,40.073202],[38.239419,40.076439],[38.239419,40.079484],[38.239038,40.08234],[38.238753,40.083767],[38.238467,40.086908],[38.238372,40.091477],[38.238467,40.093666],[38.238562,40.096902],[38.239704,40.100233],[38.241513,40.102422],[38.243797,40.10404],[38.246653,40.104421],[38.251602,40.104992],[38.255219,40.105182],[38.257693,40.106134],[38.263118,40.109751],[38.267782,40.113273],[38.271304,40.117365],[38.274825,40.122886],[38.277871,40.126502],[38.28025,40.128311],[38.283201,40.129643],[38.285485,40.130785],[38.287103,40.130881],[38.289197,40.13069],[38.292243,40.130119],[38.294432,40.129834],[38.298996,40.129525],[38.303197,40.130508],[38.306593,40.131759],[38.307268,40.132153],[38.311142,40.13285],[38.315031,40.134872],[38.315123,40.13525],[38.31524,40.135611],[38.315415,40.136025],[38.315625,40.136431],[38.315866,40.136828],[38.316135,40.137215],[38.316434,40.137589],[38.316742,40.137927],[38.317071,40.138255],[38.317416,40.138575],[38.317772,40.138891],[38.31998,40.140753],[38.320669,40.141364],[38.32131,40.141966],[38.321928,40.14258],[38.322501,40.143187],[38.322765,40.143487],[38.323019,40.143791],[38.323258,40.1441],[38.323479,40.144417],[38.323708,40.144789],[38.323914,40.14517],[38.324101,40.145558],[38.324274,40.145951],[38.324433,40.146347],[38.32458,40.146746],[38.324682,40.147054],[38.324831,40.147554],[38.324929,40.147962],[38.325008,40.148387],[38.325068,40.148815],[38.325114,40.149244],[38.325151,40.149675],[38.325205,40.150539],[38.325298,40.152703],[38.325327,40.153675],[38.325338,40.154002],[38.325355,40.155258],[38.325343,40.15949],[38.325377,40.166709],[38.325389,40.166821]]]}},{"type":"Feature","properties":{"id":"TR-D-58-002","parent_id":"TR-P-58","region_id":"TR-R-ICA","level":"district","municipality_type":null,"municipality_type_label":null,"is_metropolitan_municipality":null,"name":"Altınyayla","name_ascii":"altinyayla","slug":"altinyayla-sivas"},"geometry":{"type":"Polygon","coordinates":[[[36.931834,39.215847],[36.930596,39.211183],[36.927836,39.204902],[36.925171,39.200714],[36.919746,39.194908],[36.913084,39.189197],[36.907754,39.18558],[36.902043,39.182725],[36.896142,39.179013],[36.891383,39.175396],[36.887481,39.17178],[36.884054,39.167592],[36.879676,39.161691],[36.875678,39.154172],[36.872728,39.148842],[36.870634,39.136849],[36.869873,39.129711],[36.869777,39.125808],[36.869302,39.121049],[36.86835,39.116766],[36.86597,39.114292],[36.862639,39.111627],[36.859498,39.109152],[36.855691,39.107058],[36.8496,39.104393],[36.846839,39.102966],[36.838749,39.097731],[36.835799,39.095732],[36.830659,39.091735],[36.828089,39.08945],[36.825329,39.086309],[36.820475,39.082026],[36.817524,39.080599],[36.812956,39.079076],[36.809434,39.077838],[36.805893,39.07603],[36.801229,39.077839],[36.794757,39.079742],[36.789808,39.081646],[36.787048,39.083359],[36.784192,39.085548],[36.781718,39.088308],[36.781242,39.090688],[36.780576,39.093448],[36.779719,39.096208],[36.778101,39.098016],[36.775246,39.100872],[36.772581,39.103346],[36.768964,39.107249],[36.766394,39.111246],[36.764205,39.114006],[36.761159,39.120288],[36.759732,39.125808],[36.75897,39.129996],[36.757923,39.131614],[36.755734,39.134184],[36.754116,39.135897],[36.749738,39.13999],[36.746121,39.143131],[36.741648,39.146748],[36.73765,39.150269],[36.733653,39.152363],[36.72956,39.153601],[36.724325,39.154838],[36.71338,39.155885],[36.706051,39.155504],[36.69739,39.155314],[36.693963,39.155123],[36.687206,39.154648],[36.679211,39.154172],[36.668741,39.153125],[36.653608,39.150364],[36.634857,39.147128],[36.634612,39.154396],[36.634422,39.15925],[36.634232,39.166103],[36.635183,39.17229],[36.635374,39.181046],[36.635279,39.184187],[36.635564,39.190374],[36.636706,39.194942],[36.638895,39.19894],[36.640513,39.20189],[36.64137,39.204841],[36.642131,39.208172],[36.642893,39.215406],[36.643274,39.219974],[36.642322,39.225304],[36.64156,39.228159],[36.640799,39.231395],[36.639371,39.233394],[36.637658,39.238153],[36.63604,39.243578],[36.635755,39.248242],[36.63604,39.25262],[36.637563,39.255952],[36.639847,39.258902],[36.643274,39.261757],[36.64651,39.265089],[36.64908,39.268705],[36.651459,39.272322],[36.652601,39.276225],[36.653934,39.283553],[36.6546,39.290501],[36.655647,39.299543],[36.656028,39.306777],[36.655456,39.31401],[36.6546,39.317818],[36.652696,39.32705],[36.65222,39.332094],[36.65203,39.33495],[36.65203,39.338376],[36.6522,39.341007],[36.657149,39.341007],[36.666667,39.343957],[36.673615,39.345861],[36.68199,39.349478],[36.686369,39.351381],[36.696457,39.355855],[36.70312,39.360138],[36.708069,39.363279],[36.71911,39.368323],[36.725582,39.370607],[36.730817,39.372796],[36.739669,39.375842],[36.747854,39.380125],[36.753565,39.383361],[36.758419,39.384694],[36.760798,39.385455],[36.766794,39.386502],[36.771268,39.386693],[36.774599,39.386502],[36.778787,39.38517],[36.783546,39.383837],[36.789732,39.383361],[36.797251,39.382981],[36.80163,39.383076],[36.808007,39.384789],[36.814574,39.387168],[36.82314,39.392594],[36.827518,39.396496],[36.830278,39.399637],[36.832658,39.40154],[36.836465,39.403634],[36.838369,39.404776],[36.8404,39.405284],[36.841034,39.405443],[36.845126,39.405728],[36.854263,39.405728],[36.862734,39.405538],[36.870349,39.405633],[36.877772,39.403539],[36.880818,39.401445],[36.883102,39.398685],[36.886338,39.392403],[36.888337,39.386883],[36.890146,39.382695],[36.893477,39.378507],[36.898997,39.373748],[36.906421,39.368038],[36.914416,39.362327],[36.921745,39.35852],[36.930025,39.35595],[36.935926,39.352714],[36.93802,39.350049],[36.939734,39.345575],[36.939734,39.341197],[36.939163,39.3372],[36.938496,39.333202],[36.937164,39.329585],[36.93526,39.327587],[36.931358,39.32416],[36.926599,39.318735],[36.925742,39.314071],[36.924695,39.305696],[36.92441,39.301222],[36.923458,39.29751],[36.921555,39.293798],[36.917557,39.289325],[36.912513,39.282377],[36.911561,39.279997],[36.91118,39.275524],[36.911941,39.269623],[36.913274,39.260296],[36.915939,39.252491],[36.917938,39.247732],[36.921174,39.240974],[36.926884,39.232694],[36.928883,39.229077],[36.931072,39.223081],[36.931834,39.215847]]]}},{"type":"Feature","properties":{"id":"TR-D-58-003","parent_id":"TR-P-58","region_id":"TR-R-ICA","level":"district","municipality_type":null,"municipality_type_label":null,"is_metropolitan_municipality":null,"name":"Divriği","name_ascii":"divrigi","slug":"divrigi-sivas"},"geometry":{"type":"Polygon","coordinates":[[[38.102705,39.658199],[38.103682,39.657717],[38.106252,39.65667],[38.108727,39.656099],[38.112439,39.656194],[38.117007,39.65667],[38.12129,39.657717],[38.126335,39.658764],[38.131569,39.659621],[38.138137,39.660382],[38.140707,39.660287],[38.143467,39.659716],[38.146608,39.65905],[38.149558,39.657812],[38.151271,39.656194],[38.152794,39.652863],[38.154127,39.650008],[38.15584,39.64601],[38.157172,39.642965],[38.15841,39.640014],[38.158791,39.638682],[38.159552,39.636397],[38.160028,39.634208],[38.161551,39.630401],[38.162407,39.628688],[38.16374,39.626879],[38.166024,39.624595],[38.170878,39.620598],[38.175447,39.618504],[38.184869,39.613554],[38.192484,39.61127],[38.19848,39.610033],[38.20381,39.608795],[38.207807,39.607558],[38.209806,39.606892],[38.213899,39.605274],[38.216945,39.603275],[38.220085,39.600991],[38.221608,39.598897],[38.225415,39.594709],[38.22789,39.592139],[38.230555,39.588903],[38.232459,39.58738],[38.233988,39.58585],[38.235568,39.582043],[38.236246,39.57759],[38.237569,39.576062],[38.238022,39.576091],[38.239841,39.57619],[38.240816,39.576229],[38.241372,39.576241],[38.241923,39.57624],[38.24247,39.576222],[38.243009,39.576181],[38.243553,39.576108],[38.244083,39.576006],[38.244594,39.575877],[38.24508,39.575723],[38.245531,39.575539],[38.245937,39.575321],[38.24631,39.575027],[38.246505,39.574811],[38.24669,39.574535],[38.246848,39.574241],[38.246999,39.573909],[38.247268,39.57332],[38.247422,39.573021],[38.247596,39.572738],[38.2478,39.572478],[38.248045,39.572249],[38.248416,39.572017],[38.248848,39.571834],[38.249326,39.571685],[38.249922,39.571546],[38.250369,39.571458],[38.250806,39.571386],[38.251478,39.571286],[38.252571,39.571146],[38.25331,39.571061],[38.254352,39.570941],[38.256449,39.570708],[38.258109,39.570535],[38.259211,39.57044],[38.259761,39.570405],[38.26031,39.570383],[38.26081,39.570378],[38.261308,39.570388],[38.261803,39.570418],[38.262293,39.57047],[38.262756,39.570544],[38.263216,39.570635],[38.264591,39.570942],[38.265053,39.571033],[38.265468,39.571098],[38.266125,39.57118],[38.266665,39.57122],[38.267207,39.571236],[38.267747,39.571224],[38.268249,39.571182],[38.268812,39.571109],[38.269342,39.571019],[38.26987,39.570915],[38.270922,39.570675],[38.271967,39.570405],[38.272356,39.570295],[38.272998,39.570105],[38.273541,39.569928],[38.273978,39.569774],[38.274445,39.569599],[38.275368,39.569234],[38.277142,39.568503],[38.278127,39.568107],[38.278715,39.567885],[38.279061,39.567754],[38.279532,39.56759],[38.280007,39.567437],[38.280487,39.5673],[38.280975,39.567183],[38.28145,39.567093],[38.281931,39.567024],[38.282418,39.566969],[38.282908,39.566927],[38.283401,39.566895],[38.284249,39.566862],[38.284333,39.566858],[38.284159,39.566521],[38.283284,39.563207],[38.283141,39.562739],[38.283117,39.562662],[38.282623,39.561045],[38.282388,39.560275],[38.282237,39.55978],[38.279381,39.555116],[38.279157,39.554645],[38.278644,39.553565],[38.277573,39.551309],[38.276907,39.548454],[38.276907,39.546265],[38.277192,39.544552],[38.278144,39.539507],[38.280238,39.535034],[38.281475,39.532274],[38.285853,39.526182],[38.29185,39.518568],[38.295276,39.514666],[38.299654,39.510383],[38.302224,39.506385],[38.305079,39.501341],[38.311837,39.49049],[38.319071,39.476309],[38.321736,39.473358],[38.326209,39.469741],[38.334775,39.464602],[38.341533,39.461366],[38.351907,39.45813],[38.360188,39.456512],[38.36409,39.455941],[38.36923,39.455941],[38.375226,39.455845],[38.380651,39.454227],[38.385886,39.452704],[38.390359,39.45042],[38.394262,39.448231],[38.396546,39.445756],[38.39864,39.443187],[38.402352,39.438904],[38.405397,39.434621],[38.406159,39.432431],[38.407587,39.42891],[38.408158,39.426626],[38.408348,39.42377],[38.408443,39.421486],[38.409014,39.41844],[38.40949,39.411968],[38.40949,39.410636],[38.408824,39.409303],[38.407777,39.40759],[38.405969,39.405591],[38.401495,39.403307],[38.397402,39.401118],[38.39055,39.397977],[38.381412,39.392647],[38.378843,39.3916],[38.376273,39.390267],[38.374179,39.388554],[38.372085,39.385699],[38.370467,39.382272],[38.367992,39.378275],[38.365708,39.375895],[38.359997,39.369899],[38.357237,39.367425],[38.35362,39.36514],[38.347053,39.362856],[38.34277,39.360762],[38.3402,39.357907],[38.33468,39.354861],[38.332396,39.352957],[38.330206,39.350102],[38.330111,39.347532],[38.331158,39.345343],[38.333062,39.342107],[38.335536,39.339157],[38.337059,39.336872],[38.338392,39.33278],[38.340295,39.328972],[38.343341,39.322786],[38.345435,39.318122],[38.347624,39.313934],[38.348957,39.311079],[38.349528,39.308509],[38.350004,39.304512],[38.350099,39.301371],[38.350099,39.297183],[38.350004,39.293756],[38.35086,39.291187],[38.352954,39.285666],[38.354477,39.281669],[38.356381,39.278813],[38.357903,39.276148],[38.359807,39.271865],[38.360283,39.268915],[38.361139,39.264727],[38.361996,39.261491],[38.362662,39.259587],[38.362758,39.257303],[38.362377,39.254828],[38.361806,39.252449],[38.361235,39.249689],[38.359712,39.246738],[38.358379,39.244454],[38.356095,39.240076],[38.354572,39.23703],[38.352954,39.233794],[38.350765,39.230177],[38.349242,39.22875],[38.347434,39.226941],[38.343627,39.224181],[38.340837,39.222428],[38.340295,39.222087],[38.336964,39.219517],[38.33487,39.217519],[38.333538,39.215996],[38.332491,39.213521],[38.331825,39.211808],[38.330778,39.207144],[38.330016,39.204574],[38.329255,39.200862],[38.328208,39.197721],[38.327066,39.194771],[38.324972,39.192201],[38.323354,39.190202],[38.323163,39.188204],[38.323449,39.185824],[38.323544,39.183064],[38.32383,39.180209],[38.32383,39.177258],[38.322973,39.174879],[38.32164,39.173165],[38.319356,39.171643],[38.317548,39.17031],[38.31612,39.169644],[38.313645,39.168692],[38.311932,39.167645],[38.310219,39.165361],[38.309743,39.163838],[38.309458,39.161554],[38.309648,39.157746],[38.310048,39.156578],[38.310885,39.15413],[38.311179,39.153427],[38.312598,39.150037],[38.313649,39.148386],[38.314338,39.14751],[38.309503,39.145552],[38.303126,39.143743],[38.299033,39.142696],[38.29456,39.141935],[38.288278,39.141173],[38.280664,39.140698],[38.273811,39.140507],[38.268481,39.139936],[38.265816,39.13908],[38.263151,39.137557],[38.258487,39.136415],[38.255156,39.135368],[38.251539,39.135082],[38.248874,39.134511],[38.243734,39.133274],[38.238976,39.130418],[38.23336,39.127658],[38.231266,39.127087],[38.228887,39.125945],[38.225651,39.125088],[38.22289,39.124708],[38.220321,39.124232],[38.218923,39.123617],[38.217941,39.123185],[38.212135,39.119758],[38.208899,39.11776],[38.206139,39.11519],[38.203569,39.112525],[38.202141,39.110526],[38.200904,39.108527],[38.198905,39.106338],[38.198049,39.10491],[38.196907,39.101484],[38.195289,39.099771],[38.193861,39.099105],[38.192433,39.098534],[38.190339,39.098058],[38.188721,39.098248],[38.186247,39.098629],[38.183296,39.099009],[38.180917,39.099485],[38.178918,39.099485],[38.176443,39.099485],[38.173112,39.099105],[38.170257,39.098153],[38.167116,39.09663],[38.163404,39.095393],[38.160073,39.093394],[38.158359,39.091395],[38.156456,39.090063],[38.154457,39.088349],[38.151316,39.085209],[38.148556,39.083305],[38.146748,39.082163],[38.142845,39.081782],[38.138753,39.082163],[38.135707,39.082544],[38.132281,39.0834],[38.128283,39.085113],[38.124476,39.086636],[38.122382,39.088064],[38.11848,39.090443],[38.115148,39.092537],[38.111056,39.095012],[38.108296,39.097391],[38.104013,39.099676],[38.100586,39.100627],[38.096589,39.10177],[38.093924,39.101865],[38.090878,39.101674],[38.088879,39.100913],[38.08412,39.099105],[38.080884,39.097962],[38.078029,39.096725],[38.07603,39.095773],[38.07089,39.094441],[38.067654,39.094346],[38.06537,39.094251],[38.061658,39.093679],[38.06023,39.093299],[38.057946,39.091586],[38.055852,39.08873],[38.05452,39.087017],[38.054139,39.084828],[38.051855,39.080354],[38.049951,39.077785],[38.047572,39.076071],[38.045668,39.074453],[38.044819,39.073745],[38.043955,39.073026],[38.042242,39.072074],[38.040148,39.071217],[38.037007,39.070932],[38.031772,39.071313],[38.027204,39.072074],[38.024158,39.073121],[38.019875,39.07512],[38.013974,39.078165],[38.008549,39.080354],[38.004551,39.08083],[37.999697,39.081021],[37.996461,39.08083],[37.992178,39.079879],[37.987419,39.078832],[37.982946,39.07807],[37.978663,39.076833],[37.976473,39.075786],[37.972952,39.074168],[37.96924,39.072835],[37.964291,39.071979],[37.958294,39.070456],[37.954011,39.068743],[37.950109,39.06722],[37.946302,39.066363],[37.94259,39.066458],[37.939544,39.067125],[37.936784,39.067505],[37.934119,39.067791],[37.930407,39.067886],[37.927171,39.067601],[37.92384,39.067029],[37.920972,39.0664],[37.921396,39.072826],[37.922347,39.079393],[37.92349,39.083962],[37.924822,39.086246],[37.926726,39.088435],[37.927868,39.090339],[37.927963,39.091957],[37.927677,39.094241],[37.927011,39.097097],[37.926059,39.099571],[37.925298,39.102807],[37.924061,39.107852],[37.921491,39.112801],[37.920539,39.115561],[37.919492,39.119844],[37.919111,39.122509],[37.918731,39.125555],[37.91835,39.127744],[37.917874,39.130409],[37.916351,39.135073],[37.914638,39.138404],[37.91302,39.141355],[37.912068,39.143258],[37.911307,39.145067],[37.910069,39.149159],[37.909594,39.153157],[37.909879,39.155822],[37.909213,39.158582],[37.908261,39.161152],[37.90769,39.163817],[37.907595,39.166958],[37.907214,39.168385],[37.905882,39.170098],[37.904168,39.171526],[37.901884,39.17343],[37.900171,39.175143],[37.899505,39.177047],[37.899505,39.178569],[37.899505,39.181425],[37.900076,39.183614],[37.901218,39.185993],[37.902455,39.189039],[37.902741,39.191704],[37.902265,39.194655],[37.900742,39.197986],[37.897982,39.202078],[37.896649,39.204363],[37.89446,39.206266],[37.892081,39.207599],[37.887417,39.209407],[37.883134,39.21093],[37.87571,39.212453],[37.871332,39.21369],[37.868191,39.214356],[37.86229,39.215879],[37.854485,39.217688],[37.851059,39.219115],[37.8463,39.221209],[37.842207,39.223208],[37.837924,39.225492],[37.830881,39.22968],[37.828501,39.231298],[37.827169,39.232345],[37.825361,39.233392],[37.823751,39.234079],[37.822138,39.234703],[37.819295,39.236181],[37.815998,39.238569],[37.812929,39.240615],[37.809177,39.241752],[37.806562,39.243003],[37.806562,39.244708],[37.807358,39.2463],[37.807017,39.248119],[37.805766,39.250847],[37.803265,39.255168],[37.801446,39.258806],[37.800082,39.260397],[37.798035,39.263353],[37.795989,39.265059],[37.795193,39.266082],[37.794738,39.269038],[37.794852,39.271425],[37.794624,39.273017],[37.793601,39.275632],[37.792351,39.278361],[37.790873,39.279725],[37.788485,39.281544],[37.786666,39.282226],[37.785188,39.283022],[37.783483,39.285296],[37.782119,39.286091],[37.780186,39.287115],[37.778594,39.288593],[37.777457,39.289957],[37.776434,39.291208],[37.774956,39.292913],[37.773819,39.294391],[37.771773,39.295528],[37.771318,39.296551],[37.770408,39.297461],[37.769385,39.297915],[37.766429,39.297574],[37.765065,39.297574],[37.764042,39.297688],[37.762791,39.29837],[37.762564,39.299393],[37.761654,39.301553],[37.759721,39.303486],[37.758471,39.305419],[37.756311,39.306215],[37.754378,39.307352],[37.753127,39.308489],[37.751877,39.31008],[37.750967,39.311331],[37.750513,39.312127],[37.748694,39.313036],[37.74642,39.314173],[37.744714,39.315083],[37.74335,39.316333],[37.742782,39.317356],[37.741872,39.318607],[37.740508,39.319403],[37.738689,39.319744],[37.73596,39.321449],[37.7338,39.323041],[37.730503,39.324519],[37.729139,39.325201],[37.728457,39.326452],[37.728522,39.327234],[37.729516,39.330379],[37.730373,39.333996],[37.731134,39.338755],[37.731324,39.343133],[37.730658,39.347701],[37.730658,39.350366],[37.731039,39.354269],[37.731229,39.356648],[37.732466,39.359979],[37.733513,39.363406],[37.733894,39.366261],[37.733704,39.368831],[37.732562,39.371877],[37.731324,39.37378],[37.72923,39.376636],[37.724186,39.37873],[37.714478,39.381871],[37.70258,39.383108],[37.696203,39.383774],[37.692301,39.384631],[37.690017,39.385868],[37.688113,39.386629],[37.685163,39.387676],[37.678691,39.389009],[37.673932,39.389675],[37.668031,39.390437],[37.662796,39.391198],[37.657085,39.391864],[37.652517,39.393387],[37.650232,39.395291],[37.648043,39.397575],[37.645664,39.401287],[37.644807,39.40557],[37.644331,39.407759],[37.642808,39.411376],[37.641,39.415754],[37.636622,39.423273],[37.63567,39.425082],[37.6331,39.428603],[37.630626,39.430602],[37.628912,39.433172],[37.627675,39.435075],[37.625105,39.43755],[37.622535,39.439453],[37.618633,39.441452],[37.615968,39.442499],[37.61435,39.443356],[37.619955,39.445653],[37.62519,39.446985],[37.628331,39.447842],[37.632233,39.448889],[37.636707,39.449745],[37.640609,39.450316],[37.643845,39.450792],[37.647747,39.450792],[37.65184,39.450792],[37.65736,39.450887],[37.662595,39.451173],[37.671447,39.452981],[37.67592,39.454124],[37.677824,39.454504],[37.685057,39.455932],[37.690958,39.458216],[37.695527,39.46031],[37.698953,39.463737],[37.701618,39.467544],[37.702189,39.471446],[37.703046,39.475634],[37.703998,39.478489],[37.705711,39.481059],[37.706758,39.482677],[37.708281,39.48401],[37.709994,39.485247],[37.713706,39.485723],[37.716847,39.485532],[37.721035,39.484866],[37.72408,39.484866],[37.726365,39.484676],[37.729506,39.484581],[37.732075,39.485152],[37.737501,39.48715],[37.740166,39.489054],[37.742069,39.490767],[37.745781,39.495241],[37.750445,39.500475],[37.754252,39.504378],[37.757298,39.507899],[37.761105,39.511802],[37.765578,39.516561],[37.770528,39.521034],[37.776048,39.52446],[37.781283,39.528077],[37.785185,39.53217],[37.789087,39.536453],[37.792704,39.540546],[37.797939,39.545971],[37.802793,39.552824],[37.805268,39.558058],[37.808789,39.563198],[37.811645,39.5671],[37.814595,39.570812],[37.819354,39.574715],[37.8224,39.576523],[37.826112,39.577475],[37.82811,39.577475],[37.832489,39.575666],[37.837152,39.57243],[37.84096,39.569194],[37.843339,39.56691],[37.846575,39.565292],[37.85181,39.563959],[37.85714,39.563388],[37.864373,39.563198],[37.87056,39.563579],[37.874177,39.56415],[37.878841,39.564435],[37.883028,39.564531],[37.887692,39.564245],[37.891309,39.564245],[37.894926,39.564245],[37.898543,39.564435],[37.901208,39.564435],[37.904919,39.56415],[37.908917,39.563674],[37.912439,39.563674],[37.916341,39.563674],[37.920529,39.563864],[37.92386,39.56434],[37.929285,39.564816],[37.934139,39.565768],[37.938708,39.567195],[37.943467,39.56986],[37.947655,39.57205],[37.954888,39.575286],[37.959362,39.577094],[37.962407,39.578236],[37.96374,39.579093],[37.965453,39.580711],[37.967071,39.582329],[37.970022,39.584804],[37.973258,39.586897],[37.975827,39.587849],[37.981919,39.588611],[37.987344,39.588611],[37.992674,39.587944],[37.998194,39.587088],[38.003334,39.586136],[38.015326,39.585089],[38.025035,39.584232],[38.032554,39.584328],[38.036932,39.58547],[38.039597,39.586707],[38.041976,39.589562],[38.043023,39.59118],[38.04369,39.593941],[38.04407,39.597367],[38.043975,39.601745],[38.043594,39.60679],[38.043594,39.61212],[38.043404,39.619544],[38.043309,39.62297],[38.043499,39.626777],[38.044356,39.631631],[38.045308,39.634677],[38.046735,39.637628],[38.048068,39.639817],[38.04902,39.641054],[38.051304,39.642006],[38.055111,39.642101],[38.05711,39.642101],[38.060441,39.641815],[38.063772,39.642101],[38.068246,39.642291],[38.071482,39.642672],[38.074052,39.644004],[38.076717,39.645432],[38.079857,39.64705],[38.08414,39.649144],[38.088233,39.650191],[38.09185,39.650286],[38.094896,39.650667],[38.098037,39.651619],[38.099845,39.652761],[38.101177,39.65495],[38.102705,39.658199]]]}},{"type":"Feature","properties":{"id":"TR-D-58-004","parent_id":"TR-P-58","region_id":"TR-R-ICA","level":"district","municipality_type":null,"municipality_type_label":null,"is_metropolitan_municipality":null,"name":"Doğanşar","name_ascii":"dogansar","slug":"dogansar-sivas"},"geometry":{"type":"Polygon","coordinates":[[[37.3918,40.157812],[37.395893,40.157717],[37.400271,40.158573],[37.40246,40.159525],[37.404364,40.161048],[37.405411,40.162952],[37.406077,40.164665],[37.406838,40.167615],[37.407409,40.169138],[37.408361,40.170471],[37.410265,40.171898],[37.413215,40.173802],[37.416261,40.174944],[37.419878,40.17542],[37.42121,40.175515],[37.422352,40.175325],[37.42378,40.174754],[37.425493,40.173231],[37.425969,40.172089],[37.427111,40.169709],[37.428634,40.16771],[37.430252,40.166378],[37.432632,40.165045],[37.435106,40.163999],[37.43701,40.163332],[37.439675,40.162856],[37.442721,40.162856],[37.444719,40.163618],[37.447765,40.165521],[37.450906,40.167235],[37.455094,40.169804],[37.457664,40.17285],[37.4609,40.175991],[37.462898,40.17799],[37.465278,40.182749],[37.46642,40.184462],[37.467657,40.18589],[37.468419,40.187317],[37.468799,40.188459],[37.46918,40.190839],[37.468895,40.193218],[37.467848,40.195788],[37.46661,40.196645],[37.464041,40.197121],[37.461376,40.197596],[37.45833,40.198548],[37.453952,40.200452],[37.451382,40.202641],[37.449478,40.204164],[37.447575,40.205782],[37.4451,40.208256],[37.442054,40.211683],[37.440436,40.213586],[37.438723,40.216061],[37.438152,40.218441],[37.438818,40.222819],[37.43996,40.225293],[37.440383,40.225927],[37.442816,40.229576],[37.444529,40.232813],[37.447384,40.237286],[37.450906,40.240617],[37.457949,40.246518],[37.461661,40.249469],[37.464516,40.250896],[37.466039,40.251372],[37.468419,40.251182],[37.473463,40.251087],[37.477746,40.250706],[37.481934,40.250135],[37.488121,40.248993],[37.493355,40.248898],[37.498305,40.249659],[37.50373,40.252324],[37.507727,40.253466],[37.510202,40.253561],[37.513914,40.253942],[37.515913,40.254418],[37.517245,40.254989],[37.519339,40.256607],[37.520957,40.25813],[37.522575,40.259843],[37.524574,40.261366],[37.526573,40.262984],[37.530285,40.265459],[37.532855,40.266696],[37.535044,40.268029],[37.536091,40.269361],[37.537518,40.271455],[37.537899,40.275262],[37.538565,40.277737],[37.538851,40.27964],[37.539422,40.28221],[37.540088,40.286017],[37.540945,40.287921],[37.541801,40.291633],[37.543039,40.29306],[37.544994,40.291634],[37.549563,40.288969],[37.555845,40.285257],[37.558891,40.282877],[37.561746,40.280403],[37.563554,40.278214],[37.56641,40.275739],[37.570883,40.273645],[37.575642,40.271932],[37.57745,40.271646],[37.580591,40.271837],[37.585445,40.272217],[37.589728,40.272217],[37.592108,40.271456],[37.593726,40.269743],[37.594963,40.267268],[37.596391,40.264889],[37.597438,40.263271],[37.599341,40.262033],[37.603339,40.26032],[37.605813,40.259559],[37.608859,40.258988],[37.612476,40.258226],[37.616093,40.256608],[37.618853,40.255085],[37.621994,40.253943],[37.624564,40.253277],[37.626372,40.252516],[37.62799,40.250897],[37.629227,40.248613],[37.629989,40.246139],[37.63075,40.243569],[37.631607,40.239286],[37.632463,40.233575],[37.63313,40.2311],[37.634081,40.227198],[37.635509,40.224343],[37.639411,40.21749],[37.640363,40.213397],[37.64122,40.209971],[37.642172,40.206449],[37.64398,40.201785],[37.645217,40.199787],[37.648549,40.19636],[37.651975,40.194076],[37.654545,40.193315],[37.658923,40.192172],[37.663617,40.191925],[37.663815,40.189267],[37.663815,40.186391],[37.664678,40.182748],[37.665541,40.179394],[37.666595,40.175272],[37.666691,40.172971],[37.666116,40.168466],[37.665733,40.163961],[37.664774,40.161277],[37.662569,40.155718],[37.661707,40.153609],[37.661132,40.151117],[37.660269,40.146132],[37.660173,40.141435],[37.660173,40.136067],[37.659214,40.131562],[37.657681,40.12907],[37.655476,40.127057],[37.651834,40.125523],[37.646178,40.124469],[37.640044,40.123127],[37.634292,40.121977],[37.626336,40.121593],[37.62116,40.121306],[37.618476,40.120922],[37.609083,40.118526],[37.603236,40.117472],[37.598634,40.115842],[37.59135,40.111433],[37.584831,40.105394],[37.581285,40.101752],[37.579655,40.099355],[37.578793,40.097534],[37.578218,40.095904],[37.577355,40.093508],[37.575917,40.090824],[37.574767,40.089003],[37.571987,40.086223],[37.56892,40.083539],[37.567098,40.081622],[37.564127,40.077405],[37.561922,40.073474],[37.559526,40.06849],[37.559143,40.066669],[37.558951,40.064368],[37.55713,40.059959],[37.5555,40.057659],[37.554158,40.056221],[37.551091,40.053441],[37.549557,40.052099],[37.547257,40.050661],[37.543806,40.048073],[37.541314,40.044526],[37.535336,40.046937],[37.528483,40.049126],[37.522296,40.050839],[37.518204,40.052362],[37.515158,40.053314],[37.512969,40.053599],[37.50821,40.054456],[37.504593,40.054741],[37.502309,40.055217],[37.498882,40.05693],[37.495075,40.05912],[37.49241,40.061214],[37.488889,40.063879],[37.486224,40.066543],[37.483559,40.067971],[37.480798,40.069113],[37.477753,40.070351],[37.474897,40.071493],[37.472899,40.072445],[37.47109,40.073967],[37.469567,40.07549],[37.46576,40.077489],[37.461763,40.078631],[37.45767,40.079297],[37.455766,40.079868],[37.449865,40.084342],[37.445773,40.087483],[37.442346,40.089577],[37.436636,40.092622],[37.431972,40.094526],[37.427213,40.096239],[37.42312,40.098428],[37.417885,40.10214],[37.414269,40.104996],[37.410081,40.108232],[37.409319,40.11004],[37.408463,40.113181],[37.407701,40.117178],[37.40713,40.119748],[37.405703,40.121652],[37.403989,40.123936],[37.401895,40.125744],[37.39923,40.126887],[37.397422,40.127743],[37.396661,40.128505],[37.395614,40.130218],[37.394281,40.133073],[37.393901,40.135833],[37.393805,40.138118],[37.39371,40.141639],[37.393234,40.143828],[37.392949,40.145732],[37.392473,40.148778],[37.392187,40.151728],[37.391997,40.155821],[37.3918,40.157812]]]}},{"type":"Feature","properties":{"id":"TR-D-58-005","parent_id":"TR-P-58","region_id":"TR-R-ICA","level":"district","municipality_type":null,"municipality_type_label":null,"is_metropolitan_municipality":null,"name":"Gemerek","name_ascii":"gemerek","slug":"gemerek-sivas"},"geometry":{"type":"Polygon","coordinates":[[[36.062821,39.475403],[36.065024,39.478349],[36.066833,39.480443],[36.068831,39.48149],[36.072162,39.483394],[36.073781,39.484631],[36.077207,39.48682],[36.080443,39.489105],[36.081255,39.489815],[36.084415,39.488908],[36.08927,39.488337],[36.096122,39.486338],[36.102214,39.485196],[36.108876,39.484435],[36.11373,39.484149],[36.119631,39.482722],[36.120869,39.48177],[36.125342,39.47644],[36.128293,39.473204],[36.133337,39.467588],[36.136668,39.464257],[36.137715,39.462449],[36.139619,39.459117],[36.140571,39.455596],[36.140666,39.453502],[36.141142,39.447315],[36.142189,39.441509],[36.143997,39.4338],[36.144759,39.430088],[36.146377,39.426186],[36.149327,39.418381],[36.153229,39.410481],[36.157417,39.405342],[36.16151,39.400392],[36.165317,39.395633],[36.166745,39.392492],[36.169124,39.388495],[36.169791,39.385925],[36.170933,39.38326],[36.173217,39.379358],[36.175977,39.376598],[36.179404,39.373266],[36.182925,39.369174],[36.184638,39.366509],[36.185685,39.361464],[36.187684,39.353279],[36.18835,39.350804],[36.188541,39.34852],[36.187874,39.346521],[36.185685,39.342143],[36.183591,39.337194],[36.181973,39.332435],[36.181117,39.326534],[36.180641,39.322632],[36.180831,39.31892],[36.181402,39.314446],[36.18302,39.310068],[36.18578,39.303881],[36.187494,39.300169],[36.188255,39.298551],[36.189778,39.296267],[36.191967,39.293507],[36.194061,39.290652],[36.197107,39.288272],[36.200819,39.285988],[36.203674,39.283799],[36.205863,39.281419],[36.208147,39.278183],[36.210146,39.274186],[36.211098,39.27095],[36.21481,39.260861],[36.215762,39.258005],[36.216999,39.253913],[36.219188,39.250581],[36.222615,39.246489],[36.227088,39.243062],[36.23061,39.240873],[36.236796,39.238399],[36.241555,39.236876],[36.246314,39.235353],[36.252976,39.234877],[36.258402,39.234496],[36.271251,39.234782],[36.278579,39.235543],[36.287717,39.236495],[36.291429,39.237447],[36.296283,39.239065],[36.298662,39.239541],[36.305705,39.240683],[36.307799,39.240302],[36.310084,39.239065],[36.312749,39.236971],[36.313891,39.235353],[36.317412,39.229166],[36.320172,39.222885],[36.322266,39.216603],[36.32398,39.21251],[36.326549,39.208513],[36.328738,39.205562],[36.332165,39.201469],[36.335115,39.197662],[36.337114,39.195473],[36.339398,39.193189],[36.343586,39.188715],[36.345775,39.185575],[36.347774,39.181958],[36.349012,39.179483],[36.349773,39.176628],[36.35082,39.172154],[36.351772,39.168538],[36.353199,39.164445],[36.355579,39.161685],[36.358815,39.159115],[36.36405,39.156926],[36.366524,39.15626],[36.371283,39.154546],[36.374329,39.153024],[36.37766,39.150549],[36.382038,39.146361],[36.383847,39.145409],[36.38813,39.142935],[36.391366,39.140555],[36.394697,39.137985],[36.398219,39.134369],[36.400884,39.131894],[36.403073,39.12999],[36.404786,39.128087],[36.406309,39.125517],[36.40873,39.121834],[36.406429,39.12124],[36.404335,39.120098],[36.402051,39.117147],[36.399386,39.114006],[36.396245,39.111151],[36.393961,39.109247],[36.391486,39.106773],[36.38825,39.104679],[36.385395,39.104108],[36.381017,39.104013],[36.376067,39.103346],[36.371023,39.10268],[36.36674,39.101348],[36.363694,39.10011],[36.359887,39.098016],[36.356365,39.096303],[36.351606,39.0944],[36.34799,39.093448],[36.345623,39.09315],[36.335521,39.09183],[36.328668,39.091449],[36.322006,39.091449],[36.316676,39.091735],[36.31363,39.092306],[36.31087,39.092972],[36.306206,39.094114],[36.301923,39.095732],[36.29764,39.097826],[36.293928,39.098873],[36.288884,39.100491],[36.286124,39.101062],[36.282031,39.10249],[36.279366,39.103251],[36.272703,39.104013],[36.26823,39.104584],[36.264899,39.104488],[36.259093,39.103442],[36.253858,39.101919],[36.248814,39.100015],[36.243579,39.098397],[36.24177,39.098016],[36.234347,39.097255],[36.225685,39.096779],[36.223782,39.096779],[36.21474,39.096493],[36.208172,39.096208],[36.203889,39.095637],[36.200504,39.095323],[36.194657,39.093924],[36.189803,39.09202],[36.183712,39.08945],[36.176478,39.087071],[36.172956,39.086024],[36.164105,39.085072],[36.153921,39.08412],[36.146878,39.084311],[36.142595,39.083835],[36.136884,39.082312],[36.131839,39.080884],[36.128698,39.080123],[36.12156,39.079266],[36.114517,39.07879],[36.1109,39.0786],[36.107569,39.077743],[36.104047,39.075745],[36.101287,39.075554],[36.098432,39.075649],[36.090342,39.077648],[36.084631,39.080599],[36.079967,39.083359],[36.076255,39.088213],[36.075684,39.090117],[36.073114,39.09478],[36.071687,39.098492],[36.07064,39.100967],[36.068926,39.10249],[36.065119,39.104679],[36.057886,39.108962],[36.053793,39.112008],[36.050652,39.114292],[36.047321,39.116957],[36.043894,39.120003],[36.04161,39.122382],[36.040944,39.124095],[36.040944,39.125142],[36.042372,39.12914],[36.042848,39.131805],[36.043133,39.133613],[36.042467,39.136564],[36.040944,39.140942],[36.03866,39.144178],[36.034377,39.149698],[36.029523,39.154267],[36.021147,39.159692],[36.017816,39.161024],[36.012581,39.162262],[36.008393,39.163785],[36.004015,39.165593],[35.999161,39.167401],[35.99326,39.170923],[35.988691,39.174064],[35.978697,39.180441],[35.969275,39.186056],[35.965277,39.188817],[35.960804,39.191767],[35.951857,39.19862],[35.943101,39.202903],[35.940531,39.204997],[35.928443,39.21737],[35.925302,39.220797],[35.919591,39.226031],[35.915118,39.231266],[35.911406,39.235644],[35.906742,39.239737],[35.904268,39.243163],[35.902935,39.245828],[35.901888,39.249255],[35.901698,39.252301],[35.901222,39.256679],[35.898843,39.262009],[35.895987,39.26515],[35.892846,39.267434],[35.888373,39.270194],[35.883519,39.27343],[35.877142,39.276857],[35.8681,39.281996],[35.860962,39.287993],[35.85744,39.290943],[35.855727,39.293513],[35.851729,39.300651],[35.851444,39.304173],[35.852338,39.307097],[35.854014,39.311692],[35.855632,39.314642],[35.859344,39.318545],[35.866196,39.323304],[35.869528,39.325588],[35.872764,39.328443],[35.876476,39.332631],[35.879045,39.335867],[35.880473,39.3372],[35.88171,39.338056],[35.884851,39.339579],[35.886469,39.340721],[35.888183,39.342339],[35.888373,39.343862],[35.889515,39.347765],[35.889325,39.351001],[35.889515,39.35338],[35.890181,39.356331],[35.890943,39.359091],[35.890943,39.362041],[35.890467,39.364611],[35.889705,39.3668],[35.889515,39.368894],[35.889325,39.370893],[35.889801,39.372796],[35.891228,39.374986],[35.892656,39.376794],[35.89456,39.381553],[35.895797,39.386407],[35.898557,39.390976],[35.899318,39.393641],[35.899414,39.396115],[35.899509,39.398685],[35.899128,39.402397],[35.897986,39.408584],[35.897034,39.412771],[35.896082,39.417245],[35.896844,39.424954],[35.899699,39.437232],[35.902174,39.443609],[35.904268,39.449034],[35.905981,39.452746],[35.907599,39.455792],[35.910074,39.458457],[35.914357,39.461217],[35.917307,39.46255],[35.921685,39.463121],[35.927111,39.463026],[35.933963,39.46274],[35.937485,39.462074],[35.941863,39.460361],[35.946051,39.45998],[35.950715,39.459409],[35.954046,39.459219],[35.956901,39.459028],[35.960423,39.459028],[35.963945,39.458457],[35.967942,39.456458],[35.971749,39.454079],[35.976508,39.450748],[35.978697,39.449225],[35.981553,39.447512],[35.984408,39.445989],[35.988977,39.444085],[35.993831,39.442848],[35.996305,39.443038],[35.999065,39.443038],[36.00154,39.442657],[36.00392,39.442086],[36.006585,39.441039],[36.008774,39.438946],[36.010106,39.437423],[36.010963,39.436756],[36.012676,39.434853],[36.015531,39.433425],[36.020956,39.431712],[36.024764,39.431331],[36.031141,39.431236],[36.033996,39.431807],[36.035328,39.432473],[36.036185,39.43352],[36.037137,39.434567],[36.038184,39.435138],[36.03904,39.435995],[36.039516,39.437137],[36.039992,39.438755],[36.040849,39.440278],[36.043419,39.445227],[36.045227,39.447987],[36.047702,39.450462],[36.049796,39.452366],[36.051414,39.453984],[36.053127,39.456078],[36.054364,39.458743],[36.056173,39.463406],[36.056744,39.4655],[36.058076,39.467975],[36.060075,39.470925],[36.062821,39.475403]]]}},{"type":"Feature","properties":{"id":"TR-D-58-006","parent_id":"TR-P-58","region_id":"TR-R-ICA","level":"district","municipality_type":null,"municipality_type_label":null,"is_metropolitan_municipality":null,"name":"Gölova","name_ascii":"golova","slug":"golova-sivas"},"geometry":{"type":"Polygon","coordinates":[[[38.478625,40.172631],[38.480737,40.172279],[38.485971,40.171518],[38.488732,40.170851],[38.491016,40.169424],[38.494347,40.166949],[38.497583,40.16457],[38.500914,40.16238],[38.503294,40.161143],[38.506244,40.160191],[38.511194,40.158859],[38.516809,40.156384],[38.520807,40.155432],[38.523757,40.155052],[38.526327,40.154195],[38.527354,40.153233],[38.52785,40.152767],[38.528231,40.150007],[38.528135,40.146771],[38.52785,40.141156],[38.527564,40.137063],[38.52766,40.135445],[38.527374,40.13297],[38.526422,40.130686],[38.525946,40.129354],[38.525946,40.127831],[38.526517,40.125832],[38.527089,40.124119],[38.528135,40.121739],[38.528992,40.120407],[38.529944,40.11936],[38.531181,40.117932],[38.534132,40.116314],[38.536416,40.115362],[38.543364,40.112126],[38.549265,40.110318],[38.556403,40.110128],[38.559354,40.111174],[38.561829,40.111555],[38.566112,40.112221],[38.570585,40.112317],[38.574678,40.112317],[38.577057,40.11165],[38.580293,40.111174],[38.58372,40.110984],[38.585909,40.110984],[38.588954,40.11146],[38.591619,40.11165],[38.594094,40.111841],[38.598377,40.110984],[38.603898,40.109366],[38.607705,40.108509],[38.611512,40.108509],[38.617698,40.109842],[38.62122,40.110984],[38.624551,40.110984],[38.627026,40.110984],[38.629405,40.110699],[38.634926,40.1087],[38.638828,40.108129],[38.642921,40.107558],[38.646537,40.107272],[38.651106,40.107463],[38.653771,40.107558],[38.656246,40.107843],[38.66148,40.106035],[38.670713,40.103179],[38.675662,40.100895],[38.679469,40.098706],[38.683372,40.095375],[38.685941,40.093471],[38.688797,40.091282],[38.694031,40.088808],[38.699552,40.085381],[38.705358,40.083287],[38.709926,40.082145],[38.711925,40.081955],[38.718016,40.081098],[38.721443,40.080717],[38.724679,40.081003],[38.729819,40.081764],[38.733055,40.08205],[38.735624,40.082145],[38.738385,40.082145],[38.741335,40.082145],[38.745142,40.083097],[38.748188,40.083858],[38.753804,40.08462],[38.759038,40.084429],[38.763131,40.083382],[38.765986,40.082145],[38.768461,40.07929],[38.76981,40.077574],[38.768957,40.077057],[38.768735,40.077039],[38.768514,40.07702],[38.767791,40.076626],[38.767693,40.076396],[38.767594,40.076166],[38.767988,40.075312],[38.768711,40.074655],[38.769433,40.074064],[38.769433,40.07367],[38.769401,40.073506],[38.769368,40.073341],[38.768908,40.073013],[38.768579,40.073013],[38.768251,40.073013],[38.767713,40.073102],[38.767068,40.07321],[38.766674,40.07321],[38.76628,40.07321],[38.765426,40.072553],[38.764112,40.071765],[38.763587,40.071042],[38.763587,40.070385],[38.763784,40.070122],[38.763981,40.069859],[38.765032,40.069071],[38.766083,40.068808],[38.767134,40.068414],[38.767495,40.068414],[38.767857,40.068414],[38.768579,40.068743],[38.768842,40.06894],[38.769105,40.069137],[38.769762,40.069203],[38.770058,40.06917],[38.770353,40.069137],[38.771141,40.068611],[38.771667,40.068283],[38.771864,40.068119],[38.772061,40.067954],[38.772193,40.067494],[38.772061,40.067035],[38.771798,40.066936],[38.771536,40.066838],[38.770813,40.066772],[38.769893,40.066772],[38.768842,40.06664],[38.768645,40.066509],[38.768448,40.066378],[38.768251,40.065984],[38.768218,40.065721],[38.768185,40.065458],[38.768317,40.064998],[38.768382,40.064801],[38.768448,40.064604],[38.768579,40.063684],[38.768317,40.06329],[38.768152,40.063191],[38.767988,40.063093],[38.767463,40.062699],[38.767298,40.062469],[38.767134,40.062239],[38.767134,40.061648],[38.767397,40.060662],[38.767528,40.05994],[38.768054,40.059151],[38.768514,40.058363],[38.768908,40.057443],[38.768908,40.056918],[38.768711,40.056753],[38.768514,40.056589],[38.767594,40.056195],[38.766871,40.055867],[38.766411,40.055144],[38.76628,40.054553],[38.76628,40.054323],[38.76628,40.054093],[38.766641,40.053567],[38.767003,40.053107],[38.766871,40.052319],[38.766806,40.051399],[38.766674,40.05002],[38.766674,40.048574],[38.766691,40.048352],[38.766702,40.048212],[38.76674,40.04772],[38.766937,40.046801],[38.766806,40.046078],[38.766346,40.045421],[38.766336,40.045392],[38.766187,40.044943],[38.765952,40.044239],[38.765426,40.042596],[38.765426,40.041939],[38.76559,40.041841],[38.765755,40.041742],[38.766214,40.041479],[38.76628,40.041184],[38.766346,40.040888],[38.76628,40.039443],[38.766257,40.039194],[38.766149,40.037998],[38.76582,40.036355],[38.765426,40.035304],[38.764835,40.034516],[38.764375,40.03353],[38.764506,40.032414],[38.764574,40.031703],[38.765508,40.029817],[38.764971,40.028179],[38.764965,40.028162],[38.764088,40.025487],[38.764085,40.025479],[38.763538,40.025128],[38.763173,40.024882],[38.762759,40.024585],[38.762322,40.024245],[38.761845,40.023832],[38.761399,40.023393],[38.76101,40.022943],[38.760705,40.022499],[38.760515,40.022103],[38.760392,40.021699],[38.760387,40.021673],[38.760316,40.021338],[38.760267,40.020939],[38.760266,40.020932],[38.760251,40.020551],[38.760263,40.020289],[38.760268,40.020165],[38.760291,40.01996],[38.760299,40.01989],[38.760305,40.019834],[38.760373,40.01939],[38.760451,40.019002],[38.76074,40.017823],[38.760827,40.017428],[38.760892,40.017035],[38.76092,40.016644],[38.760905,40.016295],[38.760853,40.015948],[38.760768,40.015606],[38.760649,40.015271],[38.760496,40.014944],[38.760299,40.014617],[38.760067,40.014302],[38.759804,40.014001],[38.759511,40.013717],[38.759189,40.013452],[38.75882,40.0132],[38.758423,40.012971],[38.758003,40.012764],[38.757562,40.01258],[38.757097,40.012418],[38.756618,40.012278],[38.756127,40.012156],[38.755627,40.012052],[38.755132,40.011965],[38.754632,40.011893],[38.754128,40.011833],[38.753623,40.011785],[38.753115,40.01175],[38.752608,40.01173],[38.752031,40.011728],[38.751457,40.011745],[38.750885,40.011779],[38.750317,40.011829],[38.749757,40.011899],[38.749206,40.011991],[38.748669,40.012112],[38.748195,40.012252],[38.747737,40.01242],[38.747295,40.012612],[38.746777,40.012886],[38.746682,40.012943],[38.746442,40.013087],[38.746033,40.013368],[38.745642,40.013667],[38.745268,40.013982],[38.744962,40.014259],[38.743427,40.015758],[38.743058,40.016098],[38.742625,40.016476],[38.742571,40.01652],[38.742288,40.016755],[38.741884,40.017064],[38.741871,40.017074],[38.74153,40.017316],[38.741512,40.017328],[38.741077,40.017614],[38.740644,40.017871],[38.74022,40.018097],[38.739784,40.018308],[38.739337,40.018509],[38.738882,40.0187],[38.737954,40.019061],[38.737008,40.019399],[38.736323,40.019625],[38.73624,40.019653],[38.736187,40.01967],[38.735566,40.019864],[38.735078,40.020003],[38.734471,40.020161],[38.734414,40.020175],[38.733971,40.020282],[38.732851,40.020531],[38.73116,40.020882],[38.727207,40.021678],[38.725934,40.021929],[38.725512,40.022012],[38.72438,40.022223],[38.723243,40.022411],[38.722672,40.022489],[38.722215,40.022539],[38.722115,40.02255],[38.722112,40.02255],[38.721546,40.022601],[38.72098,40.022642],[38.719846,40.022708],[38.719489,40.022724],[38.715039,40.022897],[38.714961,40.0229],[38.712954,40.023028],[38.712945,40.023028],[38.712647,40.023201],[38.712296,40.023356],[38.711852,40.023517],[38.711335,40.023665],[38.710775,40.023778],[38.710769,40.023779],[38.709917,40.023856],[38.709891,40.023857],[38.709761,40.023859],[38.709369,40.023865],[38.708685,40.023822],[38.708054,40.023735],[38.707498,40.023616],[38.706957,40.023479],[38.706421,40.023328],[38.706291,40.023287],[38.705899,40.023163],[38.704957,40.022866],[38.704467,40.022718],[38.704,40.02259],[38.703528,40.022474],[38.703052,40.02237],[38.702574,40.022281],[38.702092,40.022208],[38.701606,40.022156],[38.701116,40.022127],[38.700624,40.022117],[38.700129,40.022124],[38.699634,40.022144],[38.699138,40.022176],[38.698642,40.022218],[38.698091,40.022277],[38.696991,40.02242],[38.693691,40.022912],[38.69259,40.023063],[38.690934,40.023262],[38.68983,40.023366],[38.689278,40.023401],[38.688726,40.023421],[38.688232,40.023422],[38.68774,40.023408],[38.687249,40.023378],[38.686762,40.023332],[38.68628,40.023269],[38.685804,40.023184],[38.685302,40.023069],[38.6848,40.022927],[38.684792,40.022925],[38.684322,40.022773],[38.68374,40.022559],[38.683276,40.022372],[38.68022,40.017137],[38.678605,40.013532],[38.677996,40.012371],[38.677061,40.011201],[38.677059,40.011199],[38.67625,40.010187],[38.676208,40.010131],[38.674156,40.007332],[38.671396,40.005619],[38.667589,40.003525],[38.663305,40.002383],[38.659498,40.002288],[38.656643,40.001907],[38.651408,40.001621],[38.646744,40.001621],[38.642081,40.001241],[38.637417,40.000384],[38.632087,39.998956],[38.626186,39.996672],[38.623521,39.995435],[38.621046,39.993912],[38.619048,39.992484],[38.617715,39.990771],[38.616383,39.988201],[38.614764,39.985727],[38.611624,39.984489],[38.608768,39.983347],[38.606008,39.98249],[38.603819,39.98211],[38.599536,39.981634],[38.595919,39.980777],[38.59392,39.97935],[38.591922,39.978017],[38.590304,39.976494],[38.588781,39.974591],[38.587353,39.973258],[38.585545,39.971926],[38.584307,39.971545],[38.581166,39.971926],[38.578406,39.972021],[38.576693,39.972402],[38.573076,39.973639],[38.56946,39.974686],[38.566795,39.975257],[38.562226,39.975352],[38.557086,39.97421],[38.555563,39.973353],[38.553945,39.97183],[38.550709,39.970498],[38.547093,39.969927],[38.543857,39.969832],[38.540716,39.970212],[38.537194,39.970498],[38.533672,39.970498],[38.530627,39.970308],[38.525608,39.971141],[38.523895,39.971617],[38.516376,39.974663],[38.510665,39.977804],[38.506001,39.979612],[38.502384,39.98085],[38.497149,39.982372],[38.492486,39.983039],[38.490297,39.983039],[38.487632,39.983039],[38.483158,39.982087],[38.476781,39.980945],[38.472022,39.980564],[38.46795,39.980564],[38.466522,39.983893],[38.46557,39.986368],[38.464904,39.989413],[38.464904,39.991888],[38.464999,39.993601],[38.465094,39.994934],[38.465285,39.996742],[38.466046,39.998741],[38.467664,40.002072],[38.469377,40.003785],[38.471376,40.005879],[38.473755,40.008354],[38.477087,40.010733],[38.480513,40.014636],[38.482607,40.017396],[38.484606,40.021012],[38.485653,40.024249],[38.486985,40.027104],[38.489269,40.029864],[38.490792,40.031006],[38.491363,40.031958],[38.493172,40.0331],[38.494504,40.033386],[38.496408,40.033386],[38.499263,40.033386],[38.502594,40.033195],[38.505735,40.033576],[38.507734,40.034528],[38.509733,40.03567],[38.512779,40.038049],[38.515729,40.040714],[38.516681,40.042237],[38.517728,40.043379],[38.519536,40.045283],[38.522201,40.047282],[38.525057,40.049947],[38.52677,40.051755],[38.527436,40.052992],[38.528197,40.055943],[38.527436,40.057751],[38.525342,40.060131],[38.522677,40.06251],[38.519251,40.066127],[38.517252,40.068602],[38.515063,40.071647],[38.512969,40.0785],[38.512398,40.082212],[38.512398,40.084972],[38.512303,40.087161],[38.511922,40.09154],[38.511732,40.094776],[38.511065,40.099344],[38.509733,40.104198],[38.50821,40.110099],[38.508115,40.113431],[38.506973,40.116096],[38.504688,40.11857],[38.501262,40.121045],[38.495551,40.125043],[38.49241,40.127708],[38.488413,40.130658],[38.486414,40.134084],[38.483654,40.137796],[38.48137,40.143602],[38.479656,40.15055],[38.47861,40.155309],[38.477943,40.162543],[38.478134,40.167016],[38.478625,40.172631]]]}},{"type":"Feature","properties":{"id":"TR-D-58-007","parent_id":"TR-P-58","region_id":"TR-R-ICA","level":"district","municipality_type":null,"municipality_type_label":null,"is_metropolitan_municipality":null,"name":"Gürün","name_ascii":"gurun","slug":"gurun-sivas"},"geometry":{"type":"Polygon","coordinates":[[[37.5021,38.977128],[37.502675,38.976134],[37.504579,38.973088],[37.505626,38.970614],[37.506387,38.968044],[37.507053,38.965379],[37.508291,38.963285],[37.510099,38.961572],[37.512954,38.959573],[37.51581,38.957479],[37.517428,38.955861],[37.519141,38.953386],[37.521045,38.951388],[37.523043,38.949674],[37.525137,38.948152],[37.526946,38.946153],[37.527897,38.944916],[37.52904,38.942917],[37.532656,38.938729],[37.533513,38.937206],[37.535892,38.933684],[37.539509,38.929497],[37.54265,38.925118],[37.543412,38.922549],[37.543221,38.920835],[37.541603,38.918075],[37.53989,38.916172],[37.537891,38.914268],[37.5318,38.908653],[37.527612,38.904941],[37.524376,38.900848],[37.522092,38.89685],[37.51876,38.89114],[37.512859,38.883335],[37.510289,38.879813],[37.509147,38.875245],[37.508195,38.87277],[37.50791,38.869058],[37.50772,38.865346],[37.507815,38.862777],[37.510956,38.857066],[37.51343,38.853735],[37.51619,38.850784],[37.520949,38.8485],[37.52371,38.846596],[37.525994,38.844693],[37.529611,38.841266],[37.533037,38.837269],[37.53456,38.835651],[37.535417,38.832605],[37.536083,38.828988],[37.538938,38.822421],[37.540842,38.819851],[37.545696,38.815663],[37.551311,38.811095],[37.55312,38.808906],[37.555594,38.805955],[37.558545,38.802243],[37.56121,38.79796],[37.562066,38.794343],[37.561971,38.789584],[37.561686,38.786539],[37.559592,38.782446],[37.55864,38.778163],[37.556927,38.774832],[37.555023,38.771215],[37.553405,38.766266],[37.552453,38.762554],[37.551121,38.758651],[37.548932,38.755415],[37.543316,38.751608],[37.540175,38.75018],[37.534655,38.750561],[37.532276,38.750656],[37.528944,38.751513],[37.52647,38.752655],[37.523995,38.753988],[37.521045,38.755606],[37.51876,38.757128],[37.516762,38.757224],[37.514382,38.756748],[37.512288,38.755606],[37.509433,38.754559],[37.507244,38.753797],[37.504769,38.753512],[37.500486,38.752084],[37.494871,38.74999],[37.488398,38.746183],[37.484211,38.742471],[37.480594,38.738474],[37.476025,38.733048],[37.474026,38.730954],[37.471552,38.727623],[37.469553,38.725339],[37.467174,38.724482],[37.464413,38.724006],[37.459179,38.72315],[37.454134,38.722103],[37.448995,38.720294],[37.445187,38.718391],[37.442046,38.716107],[37.43881,38.713156],[37.437192,38.710586],[37.435289,38.706018],[37.434337,38.703543],[37.434147,38.701449],[37.434147,38.698879],[37.433576,38.69393],[37.432909,38.69136],[37.432529,38.689837],[37.431291,38.686696],[37.43053,38.684698],[37.429293,38.681271],[37.42815,38.677654],[37.427675,38.675465],[37.427103,38.672705],[37.425866,38.671182],[37.424534,38.669564],[37.42282,38.667375],[37.421393,38.663187],[37.420346,38.659856],[37.42006,38.657191],[37.419394,38.654621],[37.418062,38.652432],[37.416824,38.650243],[37.415016,38.649101],[37.412922,38.647673],[37.410828,38.647102],[37.402262,38.64577],[37.401786,38.644628],[37.40112,38.64339],[37.400834,38.641487],[37.400834,38.640249],[37.401215,38.638822],[37.401405,38.637775],[37.401976,38.636347],[37.402357,38.634729],[37.402167,38.633206],[37.401881,38.631874],[37.401215,38.630827],[37.399787,38.62978],[37.397503,38.627591],[37.396075,38.626258],[37.395028,38.624259],[37.39322,38.621309],[37.392649,38.619881],[37.391221,38.617787],[37.388461,38.61398],[37.386938,38.61141],[37.386082,38.610173],[37.384654,38.60865],[37.382941,38.607698],[37.380085,38.606556],[37.376373,38.60589],[37.373804,38.605319],[37.370567,38.604082],[37.367141,38.601892],[37.365618,38.600084],[37.363334,38.597229],[37.361526,38.595706],[37.360003,38.594944],[37.358099,38.593993],[37.356005,38.593136],[37.351722,38.591232],[37.346011,38.58733],[37.343061,38.585522],[37.339254,38.582762],[37.336398,38.579621],[37.334971,38.577336],[37.332591,38.570769],[37.331544,38.568009],[37.32907,38.564963],[37.326119,38.562298],[37.323169,38.56049],[37.320694,38.559062],[37.317839,38.557444],[37.315411,38.556638],[37.315031,38.558541],[37.312746,38.561016],[37.301325,38.566917],[37.299041,38.567869],[37.297613,38.56844],[37.29333,38.569582],[37.286667,38.57139],[37.280481,38.572057],[37.27458,38.573103],[37.26411,38.574055],[37.256496,38.574341],[37.249833,38.574817],[37.24517,38.574817],[37.235557,38.575673],[37.224992,38.575197],[37.216045,38.574817],[37.204338,38.574055],[37.190252,38.571866],[37.180068,38.570819],[37.163126,38.570724],[37.154369,38.571581],[37.146755,38.572152],[37.139807,38.573199],[37.132669,38.574626],[37.12534,38.576149],[37.117155,38.577577],[37.102973,38.580052],[37.098309,38.581194],[37.091456,38.583097],[37.08546,38.58481],[37.078702,38.586143],[37.074039,38.586619],[37.068328,38.587095],[37.064902,38.58719],[37.061666,38.587285],[37.056145,38.587856],[37.051577,38.58738],[37.047865,38.586904],[37.043677,38.586333],[37.038156,38.583954],[37.034349,38.581479],[37.029781,38.578433],[37.023785,38.577101],[37.019882,38.576149],[37.015885,38.575483],[37.01341,38.575102],[37.009984,38.575007],[37.006081,38.574817],[37.000942,38.574817],[36.995517,38.574626],[36.980478,38.572913],[36.966582,38.572152],[36.961157,38.572152],[36.955922,38.572152],[36.952877,38.572247],[36.947261,38.572342],[36.941455,38.572342],[36.934888,38.572247],[36.932413,38.572152],[36.929272,38.571676],[36.924799,38.570438],[36.921848,38.569772],[36.913949,38.569011],[36.907857,38.56844],[36.905002,38.567678],[36.90386,38.567298],[36.902908,38.566727],[36.901956,38.566346],[36.901671,38.566346],[36.901385,38.566346],[36.900338,38.566251],[36.900243,38.565965],[36.900148,38.56568],[36.899006,38.565299],[36.898054,38.565775],[36.897768,38.565727],[36.897483,38.56568],[36.89596,38.564633],[36.894913,38.56349],[36.893866,38.563015],[36.892629,38.562729],[36.891582,38.562443],[36.889583,38.562348],[36.888346,38.562443],[36.887679,38.562634],[36.887346,38.562586],[36.887013,38.562539],[36.886252,38.562253],[36.885205,38.562158],[36.883967,38.562348],[36.882349,38.562348],[36.880827,38.562158],[36.878066,38.561872],[36.870167,38.561872],[36.860173,38.561301],[36.856842,38.561492],[36.848847,38.561492],[36.844088,38.561206],[36.842374,38.560825],[36.829906,38.557018],[36.816962,38.553021],[36.804874,38.550165],[36.792215,38.546929],[36.785267,38.545597],[36.779081,38.543979],[36.774141,38.542435],[36.775912,38.548646],[36.777149,38.552263],[36.778958,38.560353],[36.781147,38.568824],[36.782955,38.575772],[36.784573,38.580246],[36.785906,38.583482],[36.787809,38.586242],[36.788951,38.588431],[36.789618,38.591477],[36.790093,38.593856],[36.789998,38.597568],[36.788951,38.600804],[36.786667,38.60404],[36.784573,38.605849],[36.781432,38.607847],[36.779243,38.60937],[36.775817,38.61213],[36.772866,38.615938],[36.770582,38.62003],[36.769535,38.622886],[36.767727,38.628025],[36.766394,38.631452],[36.764966,38.635639],[36.762587,38.639827],[36.760588,38.644777],[36.757733,38.655437],[36.756971,38.657911],[36.755924,38.660576],[36.752308,38.665811],[36.749928,38.668476],[36.748025,38.670951],[36.744884,38.674187],[36.743075,38.675805],[36.739173,38.679326],[36.736413,38.682087],[36.733272,38.684847],[36.731654,38.686465],[36.730512,38.68932],[36.730226,38.693127],[36.731559,38.696078],[36.732891,38.698552],[36.733557,38.700837],[36.733748,38.703882],[36.733748,38.708737],[36.732986,38.712068],[36.732723,38.714094],[36.730321,38.717588],[36.728132,38.720824],[36.726134,38.722728],[36.72404,38.724441],[36.720423,38.727867],[36.716996,38.731484],[36.71357,38.735577],[36.711666,38.738147],[36.711571,38.739574],[36.711381,38.74243],[36.711476,38.744904],[36.712333,38.747284],[36.714236,38.751091],[36.715474,38.753375],[36.719186,38.759467],[36.720708,38.763559],[36.722517,38.767271],[36.72442,38.770698],[36.726419,38.772982],[36.730702,38.775076],[36.740981,38.779073],[36.749167,38.781929],[36.755544,38.783737],[36.760778,38.784499],[36.766013,38.785546],[36.769725,38.786497],[36.772961,38.787925],[36.775341,38.789638],[36.777815,38.792208],[36.780861,38.794397],[36.784383,38.79592],[36.787714,38.797633],[36.800087,38.803534],[36.805417,38.80677],[36.809605,38.809911],[36.81227,38.812481],[36.816077,38.815622],[36.820075,38.818763],[36.822835,38.821047],[36.826356,38.824474],[36.828736,38.826472],[36.832733,38.830755],[36.835874,38.83323],[36.838254,38.834372],[36.841871,38.83599],[36.844536,38.837323],[36.850151,38.839226],[36.853863,38.841225],[36.856433,38.84389],[36.857575,38.84646],[36.860335,38.852456],[36.861192,38.855121],[36.863666,38.859404],[36.866046,38.863782],[36.867283,38.866923],[36.867664,38.868922],[36.867283,38.870159],[36.866427,38.871968],[36.864618,38.873966],[36.863286,38.875584],[36.862048,38.878059],[36.861382,38.879677],[36.861192,38.882818],[36.861382,38.885673],[36.862239,38.889576],[36.863476,38.891955],[36.865665,38.895381],[36.867569,38.898142],[36.870614,38.903281],[36.873089,38.908326],[36.874422,38.910229],[36.876325,38.911371],[36.878705,38.912418],[36.882036,38.912799],[36.885367,38.912799],[36.889365,38.912799],[36.895361,38.913656],[36.903165,38.914893],[36.904403,38.915654],[36.905545,38.918034],[36.906402,38.921556],[36.906782,38.923649],[36.907544,38.925934],[36.908876,38.927076],[36.912207,38.92917],[36.915824,38.930978],[36.919251,38.932787],[36.924105,38.934309],[36.930291,38.934595],[36.933813,38.934214],[36.936097,38.933834],[36.938762,38.932882],[36.940571,38.932691],[36.941903,38.932977],[36.946693,38.927105],[36.95012,38.922346],[36.951452,38.919396],[36.95269,38.915874],[36.953737,38.912924],[36.954403,38.912067],[36.955735,38.911401],[36.957068,38.910925],[36.958876,38.91083],[36.962017,38.91083],[36.968584,38.911496],[36.973629,38.911782],[36.980196,38.912353],[36.988191,38.912924],[36.995234,38.915589],[37.00104,38.918825],[37.007512,38.920824],[37.013223,38.921871],[37.014556,38.921966],[37.017982,38.92149],[37.023598,38.919872],[37.028832,38.918444],[37.036637,38.916065],[37.042157,38.915018],[37.046631,38.915208],[37.050057,38.915779],[37.05434,38.917112],[37.058528,38.919396],[37.066428,38.923108],[37.070235,38.926154],[37.076612,38.932531],[37.08375,38.94005],[37.089175,38.945189],[37.094505,38.947474],[37.097932,38.947759],[37.103833,38.948711],[37.11278,38.949758],[37.122488,38.950139],[37.133909,38.952233],[37.13962,38.953565],[37.146283,38.954136],[37.151232,38.954136],[37.156086,38.954517],[37.161035,38.954993],[37.164652,38.955944],[37.167412,38.956801],[37.177025,38.959371],[37.182736,38.962131],[37.18778,38.966414],[37.191587,38.970221],[37.195395,38.973933],[37.199582,38.977455],[37.206245,38.984403],[37.210718,38.989352],[37.212622,38.992207],[37.220331,39.002677],[37.2249,39.009149],[37.229754,39.015526],[37.233847,39.021713],[37.236702,39.026852],[37.239082,39.03342],[37.241175,39.040463],[37.242889,39.045412],[37.246315,39.050647],[37.251931,39.055406],[37.261448,39.06045],[37.269443,39.06283],[37.275154,39.063877],[37.279152,39.063686],[37.282864,39.062068],[37.286195,39.059594],[37.288479,39.057405],[37.290478,39.054835],[37.29143,39.052646],[37.293048,39.048077],[37.293904,39.045698],[37.295522,39.043128],[37.298092,39.039797],[37.299805,39.038464],[37.305611,39.034752],[37.309989,39.03361],[37.317604,39.030564],[37.325028,39.02828],[37.332737,39.02533],[37.337401,39.02276],[37.340256,39.020951],[37.343683,39.018762],[37.347109,39.016383],[37.350821,39.012195],[37.353296,39.008007],[37.356246,39.004676],[37.362147,39.000583],[37.370523,38.99611],[37.375758,38.99335],[37.381659,38.990494],[37.388321,38.987544],[37.395365,38.986306],[37.398981,38.986592],[37.404311,38.987163],[37.410212,38.989257],[37.4144,38.99116],[37.416875,38.991922],[37.419635,38.991922],[37.426583,38.990685],[37.43277,38.989447],[37.442478,38.987544],[37.450187,38.98564],[37.453519,38.984117],[37.45704,38.982214],[37.461704,38.979929],[37.465606,38.979263],[37.470365,38.97774],[37.473792,38.976693],[37.481596,38.975361],[37.4914,38.974885],[37.495492,38.975075],[37.5021,38.977128]]]}},{"type":"Feature","properties":{"id":"TR-D-58-008","parent_id":"TR-P-58","region_id":"TR-R-ICA","level":"district","municipality_type":null,"municipality_type_label":null,"is_metropolitan_municipality":null,"name":"Hafik","name_ascii":"hafik","slug":"hafik-sivas"},"geometry":{"type":"Polygon","coordinates":[[[37.487782,39.516562],[37.484812,39.517976],[37.479292,39.521592],[37.476722,39.52321],[37.474723,39.52578],[37.471011,39.528921],[37.468727,39.531301],[37.465205,39.534537],[37.461874,39.537297],[37.460256,39.541294],[37.459399,39.545387],[37.456925,39.551098],[37.454736,39.556237],[37.454355,39.560996],[37.453784,39.566041],[37.453118,39.568801],[37.452356,39.572132],[37.451119,39.577177],[37.450262,39.579937],[37.449501,39.582507],[37.449311,39.58441],[37.449215,39.587551],[37.450358,39.591453],[37.450453,39.59231],[37.450453,39.593452],[37.450167,39.596403],[37.449501,39.599163],[37.447217,39.605825],[37.445218,39.609442],[37.443505,39.611536],[37.44084,39.613725],[37.43846,39.61639],[37.437033,39.618865],[37.435129,39.622672],[37.43275,39.626765],[37.431893,39.628383],[37.429418,39.632475],[37.427705,39.637996],[37.427324,39.641041],[37.427039,39.642945],[37.425802,39.648751],[37.423517,39.652653],[37.421614,39.65646],[37.420757,39.660267],[37.4199,39.662932],[37.419329,39.665597],[37.41714,39.671784],[37.414951,39.675496],[37.413333,39.678351],[37.410192,39.682825],[37.409145,39.684633],[37.407908,39.686346],[37.40648,39.687869],[37.40391,39.689487],[37.401817,39.690915],[37.399627,39.692533],[37.3982,39.694532],[37.396391,39.697768],[37.394393,39.700242],[37.392204,39.703383],[37.389824,39.708713],[37.388301,39.711378],[37.386398,39.714043],[37.384018,39.716899],[37.381734,39.719183],[37.378783,39.721943],[37.377356,39.723561],[37.375357,39.726988],[37.372882,39.728986],[37.370217,39.730509],[37.367267,39.731175],[37.362222,39.73089],[37.360795,39.730699],[37.354989,39.729653],[37.348993,39.729081],[37.345756,39.728891],[37.34214,39.729272],[37.336239,39.731746],[37.327006,39.735649],[37.322343,39.738219],[37.317393,39.742311],[37.311016,39.748593],[37.309589,39.750306],[37.307685,39.7524],[37.304639,39.754684],[37.301974,39.756398],[37.2995,39.75773],[37.296359,39.760966],[37.294836,39.763346],[37.293599,39.767058],[37.291885,39.770199],[37.290553,39.773149],[37.288459,39.774672],[37.283224,39.776671],[37.27818,39.777622],[37.270851,39.778574],[37.263903,39.778479],[37.255813,39.778289],[37.240584,39.778194],[37.233731,39.778765],[37.231447,39.778765],[37.229068,39.779145],[37.220406,39.780192],[37.212983,39.782191],[37.209556,39.783809],[37.20651,39.785808],[37.20356,39.789425],[37.202418,39.792946],[37.200609,39.796658],[37.199658,39.798562],[37.196421,39.801607],[37.188617,39.807128],[37.18519,39.809507],[37.181859,39.813029],[37.17948,39.817312],[37.177291,39.825307],[37.176339,39.831018],[37.175863,39.835205],[37.175673,39.837299],[37.175006,39.839869],[37.172627,39.84301],[37.172151,39.845009],[37.171961,39.846056],[37.171865,39.847008],[37.171961,39.84853],[37.172722,39.850148],[37.174055,39.851671],[37.178718,39.854146],[37.182335,39.855098],[37.19052,39.857287],[37.194803,39.858714],[37.199562,39.86157],[37.202703,39.863473],[37.204988,39.865567],[37.206986,39.868137],[37.207748,39.871754],[37.207462,39.875656],[37.205844,39.880034],[37.204797,39.885745],[37.204226,39.888886],[37.203179,39.894311],[37.202608,39.898785],[37.201276,39.906875],[37.200671,39.909136],[37.198577,39.914941],[37.196769,39.919224],[37.196198,39.923222],[37.195151,39.927505],[37.193438,39.932264],[37.19201,39.9355],[37.191439,39.937879],[37.191249,39.941306],[37.19182,39.945494],[37.1922,39.948254],[37.1922,39.950348],[37.191344,39.953489],[37.190297,39.956249],[37.18668,39.963482],[37.184776,39.966909],[37.183158,39.970145],[37.18154,39.973191],[37.179161,39.977664],[37.178399,39.979568],[37.176781,39.982328],[37.176401,39.985278],[37.176401,39.987848],[37.17621,39.992131],[37.176306,39.995367],[37.177162,40.000697],[37.177733,40.002601],[37.179066,40.008121],[37.180113,40.010025],[37.182207,40.012975],[37.185919,40.016402],[37.188964,40.018591],[37.194389,40.020685],[37.201623,40.023445],[37.20562,40.024873],[37.205655,40.024887],[37.209047,40.0263],[37.211997,40.027918],[37.214472,40.029727],[37.215805,40.030869],[37.217042,40.032677],[37.21847,40.034866],[37.219517,40.037436],[37.219992,40.041148],[37.219802,40.046478],[37.219231,40.049143],[37.218374,40.05295],[37.216756,40.056948],[37.215138,40.059898],[37.213615,40.06361],[37.21076,40.066656],[37.207429,40.069131],[37.203051,40.071986],[37.198292,40.074461],[37.193723,40.076459],[37.191534,40.078268],[37.190392,40.079505],[37.188584,40.08236],[37.186109,40.088547],[37.183634,40.093687],[37.183063,40.097018],[37.182111,40.100349],[37.180684,40.105965],[37.179161,40.111104],[37.176781,40.115482],[37.17345,40.120337],[37.171451,40.123573],[37.169929,40.125857],[37.167644,40.129283],[37.166597,40.131948],[37.166502,40.134708],[37.166502,40.138325],[37.166502,40.141561],[37.166502,40.145368],[37.166407,40.147938],[37.165646,40.150032],[37.164123,40.152126],[37.162314,40.154125],[37.158507,40.155648],[37.154034,40.15679],[37.147847,40.157075],[37.140614,40.157456],[37.137092,40.157646],[37.132999,40.157361],[37.127479,40.156599],[37.121197,40.156124],[37.114344,40.155362],[37.110157,40.155457],[37.105683,40.156124],[37.100734,40.157646],[37.097593,40.159169],[37.095309,40.159931],[37.092453,40.160883],[37.086838,40.163452],[37.083507,40.16469],[37.081127,40.16507],[37.07475,40.166879],[37.07218,40.167735],[37.070467,40.169353],[37.06942,40.171162],[37.068754,40.173256],[37.067432,40.178085],[37.070858,40.178942],[37.075808,40.182558],[37.079805,40.18627],[37.081994,40.189126],[37.082756,40.193885],[37.082756,40.196835],[37.082946,40.201784],[37.083422,40.207114],[37.083803,40.211017],[37.084945,40.215871],[37.086468,40.22082],[37.086848,40.222057],[37.088657,40.224913],[37.09294,40.227673],[37.098365,40.230528],[37.106931,40.23405],[37.115783,40.237],[37.119875,40.236905],[37.125491,40.236524],[37.128917,40.235953],[37.13282,40.235478],[37.137388,40.234526],[37.141766,40.234335],[37.144717,40.23405],[37.14919,40.233955],[37.154044,40.233003],[37.160897,40.231385],[37.166132,40.231004],[37.171081,40.230814],[37.174508,40.230814],[37.179457,40.231004],[37.182312,40.23148],[37.185834,40.233098],[37.188023,40.233955],[37.192401,40.234526],[37.195637,40.233859],[37.202205,40.231194],[37.206392,40.229576],[37.210104,40.228244],[37.214292,40.225579],[37.216101,40.223866],[37.218195,40.221867],[37.221526,40.220439],[37.224381,40.219392],[37.230853,40.21806],[37.23447,40.217584],[37.238277,40.216727],[37.241799,40.21568],[37.24532,40.215395],[37.248747,40.215109],[37.252269,40.214824],[37.254743,40.213967],[37.25836,40.212635],[37.260263,40.211683],[37.262928,40.210731],[37.266069,40.209875],[37.269496,40.209494],[37.273779,40.209494],[37.277586,40.208637],[37.280632,40.20721],[37.284534,40.205972],[37.289293,40.205972],[37.294528,40.206638],[37.301,40.206638],[37.304331,40.206448],[37.307472,40.205972],[37.310232,40.205591],[37.31461,40.204545],[37.321463,40.202641],[37.327459,40.199595],[37.330124,40.197977],[37.335169,40.195883],[37.336597,40.195312],[37.341546,40.192552],[37.345543,40.189887],[37.348589,40.188079],[37.352301,40.185699],[37.354681,40.183986],[37.356489,40.182463],[37.358107,40.180369],[37.360962,40.175991],[37.363913,40.170661],[37.366007,40.167425],[37.369148,40.163808],[37.371337,40.162476],[37.374287,40.161334],[37.376667,40.159715],[37.379237,40.158478],[37.382853,40.157907],[37.388183,40.157812],[37.3918,40.157812],[37.391997,40.155821],[37.392187,40.151728],[37.392473,40.148778],[37.392949,40.145732],[37.393234,40.143828],[37.39371,40.141639],[37.393805,40.138118],[37.393901,40.135833],[37.394281,40.133073],[37.395614,40.130218],[37.396661,40.128505],[37.397422,40.127743],[37.39923,40.126887],[37.401895,40.125744],[37.403989,40.123936],[37.405703,40.121652],[37.40713,40.119748],[37.407701,40.117178],[37.408463,40.113181],[37.409319,40.11004],[37.410081,40.108232],[37.414269,40.104996],[37.417885,40.10214],[37.42312,40.098428],[37.427213,40.096239],[37.431972,40.094526],[37.436636,40.092622],[37.442346,40.089577],[37.445773,40.087483],[37.449865,40.084342],[37.455766,40.079868],[37.45767,40.079297],[37.461763,40.078631],[37.46576,40.077489],[37.469567,40.07549],[37.47109,40.073967],[37.472899,40.072445],[37.474897,40.071493],[37.477753,40.070351],[37.480798,40.069113],[37.483559,40.067971],[37.486224,40.066543],[37.488889,40.063879],[37.49241,40.061214],[37.495075,40.05912],[37.498882,40.05693],[37.502309,40.055217],[37.504593,40.054741],[37.50821,40.054456],[37.512969,40.053599],[37.515158,40.053314],[37.518204,40.052362],[37.522296,40.050839],[37.528483,40.049126],[37.535336,40.046937],[37.541314,40.044526],[37.539492,40.037913],[37.539013,40.034366],[37.537767,40.028806],[37.537288,40.024685],[37.537096,40.020946],[37.536233,40.01692],[37.535466,40.014236],[37.534795,40.010498],[37.533549,40.007718],[37.533166,40.006664],[37.532591,40.002255],[37.53192,39.996791],[37.531632,39.99449],[37.531057,39.992765],[37.529236,39.989506],[37.52799,39.987781],[37.52636,39.985097],[37.525593,39.982413],[37.525114,39.979633],[37.525306,39.975607],[37.525881,39.973211],[37.52684,39.970239],[37.527894,39.967843],[37.529524,39.962954],[37.530099,39.958449],[37.530099,39.954519],[37.530003,39.952315],[37.529236,39.94896],[37.529044,39.945605],[37.529811,39.940908],[37.531153,39.935923],[37.532591,39.931227],[37.533837,39.925667],[37.536808,39.915315],[37.537479,39.911193],[37.538821,39.905346],[37.539301,39.897965],[37.539397,39.89346],[37.540643,39.8879],[37.543135,39.880424],[37.545627,39.874673],[37.547257,39.868059],[37.548503,39.862787],[37.549365,39.857419],[37.550132,39.852338],[37.550707,39.848408],[37.55157,39.841028],[37.551282,39.833934],[37.550995,39.828854],[37.550803,39.825595],[37.550324,39.81994],[37.550228,39.816106],[37.551666,39.810163],[37.553391,39.806808],[37.555308,39.803836],[37.560868,39.797606],[37.562977,39.795689],[37.566619,39.794251],[37.569016,39.793771],[37.572658,39.793484],[37.577067,39.792717],[37.580806,39.791759],[37.583106,39.790704],[37.584544,39.789362],[37.586173,39.787349],[37.588186,39.78294],[37.589624,39.780448],[37.590103,39.777285],[37.589912,39.774025],[37.589337,39.769616],[37.588474,39.763098],[37.587324,39.759647],[37.583585,39.755142],[37.580518,39.753225],[37.574479,39.750062],[37.569207,39.748624],[37.562689,39.746611],[37.55828,39.744311],[37.553583,39.739326],[37.553391,39.736738],[37.553871,39.734821],[37.554637,39.732041],[37.555979,39.729741],[37.557801,39.727824],[37.559238,39.726673],[37.566907,39.722935],[37.572179,39.720251],[37.575438,39.718238],[37.580997,39.714787],[37.583585,39.712583],[37.587324,39.70942],[37.5925,39.705585],[37.597293,39.701751],[37.601031,39.699259],[37.605728,39.697054],[37.609562,39.694658],[37.613971,39.691303],[37.616751,39.689194],[37.619051,39.687757],[37.620585,39.685839],[37.622119,39.683827],[37.623557,39.681526],[37.624899,39.679321],[37.627678,39.674241],[37.629691,39.670982],[37.632567,39.666669],[37.635347,39.663793],[37.639277,39.659767],[37.642919,39.655933],[37.645028,39.652386],[37.647616,39.643664],[37.647808,39.638392],[37.64752,39.633886],[37.646753,39.629669],[37.64637,39.623534],[37.64522,39.618262],[37.643015,39.614236],[37.640715,39.609539],[37.639085,39.606568],[37.636593,39.602446],[37.631608,39.596216],[37.627774,39.591327],[37.623461,39.587014],[37.619818,39.584138],[37.616847,39.581837],[37.61445,39.580496],[37.610616,39.57992],[37.605248,39.579345],[37.601989,39.579058],[37.59758,39.578866],[37.594992,39.57877],[37.591158,39.578483],[37.585886,39.578003],[37.582627,39.577332],[37.57793,39.57647],[37.574383,39.576278],[37.570357,39.576182],[37.566907,39.575703],[37.564319,39.57484],[37.559718,39.573211],[37.556075,39.572731],[37.552337,39.572348],[37.546394,39.572252],[37.541218,39.571389],[37.535562,39.569952],[37.53077,39.568514],[37.527031,39.566501],[37.523005,39.564392],[37.52013,39.5619],[37.517254,39.558545],[37.513803,39.551931],[37.51227,39.548193],[37.51179,39.545125],[37.510928,39.541195],[37.510257,39.538895],[37.50786,39.535827],[37.505176,39.533719],[37.500671,39.53046],[37.495687,39.526338],[37.491661,39.521353],[37.487782,39.516562]]]}},{"type":"Feature","properties":{"id":"TR-D-58-009","parent_id":"TR-P-58","region_id":"TR-R-ICA","level":"district","municipality_type":null,"municipality_type_label":null,"is_metropolitan_municipality":null,"name":"İmranlı","name_ascii":"imranli","slug":"imranli-sivas"},"geometry":{"type":"Polygon","coordinates":[[[37.99913,39.983455],[37.999747,39.984179],[38.000604,39.985512],[38.002603,39.986559],[38.007076,39.988367],[38.011359,39.990176],[38.014786,39.991222],[38.023161,39.994839],[38.027349,39.997124],[38.034012,40.002358],[38.040579,40.008069],[38.044196,40.010544],[38.047812,40.011305],[38.053333,40.010924],[38.05714,40.009211],[38.065611,40.006641],[38.074272,40.006356],[38.084361,40.003881],[38.092832,40.002263],[38.101208,40.000835],[38.103397,40.00036],[38.107585,39.999027],[38.111963,39.997314],[38.11577,39.99522],[38.120529,39.992936],[38.124146,39.991413],[38.128143,39.989224],[38.131379,39.98713],[38.13433,39.985512],[38.137375,39.984084],[38.142325,39.981514],[38.143086,39.980182],[38.144323,39.978373],[38.146322,39.976375],[38.149653,39.974471],[38.153556,39.973805],[38.158124,39.973614],[38.163549,39.972758],[38.168499,39.970664],[38.170878,39.969141],[38.173067,39.967713],[38.177826,39.96581],[38.180777,39.965334],[38.183442,39.965144],[38.19058,39.966286],[38.198575,39.967904],[38.20657,39.970474],[38.212186,39.972853],[38.216659,39.974281],[38.219514,39.975899],[38.223607,39.977517],[38.227319,39.979516],[38.231317,39.981705],[38.234838,39.983989],[38.238836,39.986083],[38.241798,39.987352],[38.246177,39.985067],[38.249222,39.982497],[38.251126,39.980784],[38.253886,39.979928],[38.258359,39.977929],[38.262167,39.976787],[38.265498,39.976025],[38.271209,39.974883],[38.27454,39.973931],[38.278061,39.97298],[38.28244,39.971552],[38.284629,39.970886],[38.286152,39.970124],[38.288721,39.969077],[38.291291,39.967459],[38.294051,39.965746],[38.298239,39.963367],[38.30119,39.960892],[38.303379,39.957561],[38.304902,39.955181],[38.307947,39.952611],[38.310993,39.950422],[38.312706,39.949375],[38.316704,39.948899],[38.32013,39.948804],[38.323462,39.948804],[38.327078,39.948519],[38.331361,39.948043],[38.335835,39.947186],[38.342783,39.945663],[38.345733,39.945187],[38.350587,39.943855],[38.354585,39.942332],[38.366755,39.937829],[38.365898,39.936877],[38.364851,39.934403],[38.363804,39.931833],[38.362377,39.929834],[38.360093,39.92793],[38.357808,39.92517],[38.355714,39.922791],[38.355429,39.921078],[38.355524,39.91946],[38.356666,39.917937],[38.358855,39.914891],[38.361711,39.912416],[38.364947,39.910513],[38.370086,39.908228],[38.376082,39.905373],[38.383506,39.901566],[38.386457,39.899853],[38.389312,39.896617],[38.394166,39.891096],[38.402828,39.88215],[38.411013,39.876724],[38.41501,39.874916],[38.419484,39.873964],[38.429858,39.87149],[38.436521,39.870157],[38.442041,39.867968],[38.445372,39.866064],[38.445453,39.865999],[38.448513,39.863495],[38.450607,39.86102],[38.452987,39.857689],[38.454985,39.854262],[38.45501,39.854171],[38.455517,39.85226],[38.455748,39.851389],[38.455976,39.850527],[38.456223,39.849599],[38.456171,39.847617],[38.457382,39.836367],[38.455028,39.831229],[38.454606,39.830859],[38.45413,39.830414],[38.4541,39.830386],[38.453875,39.830174],[38.453466,39.829771],[38.453444,39.829749],[38.45281,39.829124],[38.452344,39.828655],[38.45234,39.828651],[38.44966,39.825953],[38.446501,39.822793],[38.437705,39.814031],[38.437007,39.813327],[38.436321,39.812618],[38.435657,39.811897],[38.435478,39.811691],[38.43543,39.811635],[38.435409,39.81161],[38.435052,39.811178],[38.434438,39.81037],[38.433718,39.809369],[38.432295,39.807331],[38.432261,39.807281],[38.431695,39.80647],[38.430985,39.805495],[38.430493,39.804859],[38.429982,39.804238],[38.42967,39.803883],[38.429447,39.80363],[38.429111,39.803271],[38.428764,39.802919],[38.428407,39.802572],[38.42804,39.802231],[38.427776,39.802002],[38.427748,39.801978],[38.427282,39.801574],[38.4265,39.800932],[38.425706,39.800298],[38.424605,39.79943],[38.42455,39.799387],[38.423455,39.798525],[38.423446,39.798517],[38.422808,39.798016],[38.422728,39.797952],[38.420107,39.795888],[38.413327,39.790519],[38.412652,39.79],[38.412636,39.789988],[38.412114,39.789586],[38.41138,39.789051],[38.411333,39.789017],[38.410857,39.788688],[38.410854,39.788686],[38.410432,39.788412],[38.409555,39.787875],[38.408659,39.787354],[38.407755,39.78684],[38.405194,39.785407],[38.405156,39.785386],[38.404036,39.78476],[38.403967,39.784721],[38.403828,39.784644],[38.403405,39.784407],[38.402298,39.783788],[38.401866,39.783551],[38.401795,39.783512],[38.400924,39.783036],[38.399986,39.782539],[38.398122,39.781592],[38.398082,39.781571],[38.397577,39.781315],[38.391768,39.778407],[38.390622,39.77784],[38.389742,39.777405],[38.389658,39.777365],[38.388845,39.776977],[38.388349,39.77675],[38.387782,39.776502],[38.387686,39.776461],[38.387439,39.776353],[38.386515,39.775976],[38.385578,39.775617],[38.384464,39.775216],[38.384326,39.775166],[38.384157,39.775105],[38.383752,39.774967],[38.38357,39.774905],[38.382728,39.774618],[38.38177,39.774305],[38.380805,39.774007],[38.380321,39.773867],[38.379833,39.773735],[38.379343,39.773614],[38.378848,39.773506],[38.378368,39.773417],[38.377885,39.773343],[38.377399,39.773281],[38.376911,39.773232],[38.376421,39.773195],[38.375929,39.773172],[38.375357,39.773163],[38.374605,39.773171],[38.374604,39.773171],[38.373645,39.773181],[38.37308,39.773176],[38.37252,39.773151],[38.371968,39.773095],[38.37149,39.773013],[38.371021,39.772904],[38.370558,39.772771],[38.370104,39.772617],[38.369618,39.772429],[38.3696,39.772421],[38.369177,39.77224],[38.368724,39.772031],[38.368277,39.771812],[38.367828,39.77158],[38.367384,39.77134],[38.366508,39.770845],[38.365213,39.770068],[38.364357,39.769533],[38.363505,39.768986],[38.362858,39.768556],[38.362759,39.768491],[38.362241,39.768138],[38.361421,39.76755],[38.361022,39.767247],[38.360631,39.766938],[38.360251,39.766622],[38.359885,39.766298],[38.359572,39.766001],[38.359562,39.765992],[38.359551,39.765981],[38.359193,39.765617],[38.358874,39.765262],[38.358575,39.764897],[38.358234,39.764422],[38.358176,39.764334],[38.35815,39.764295],[38.358029,39.764112],[38.357779,39.763708],[38.357307,39.762887],[38.356855,39.762052],[38.356632,39.761641],[38.355983,39.760388],[38.355579,39.75955],[38.355394,39.759129],[38.355209,39.758648],[38.355203,39.75863],[38.355191,39.758591],[38.355089,39.75828],[38.354985,39.75785],[38.354927,39.75742],[38.354904,39.756985],[38.354907,39.756548],[38.354923,39.756233],[38.354924,39.756217],[38.354926,39.756163],[38.355007,39.755226],[38.35511,39.754341],[38.35551,39.751238],[38.355694,39.74991],[38.355834,39.749028],[38.355916,39.748589],[38.35601,39.748151],[38.35621,39.747381],[38.356323,39.746998],[38.356568,39.746234],[38.357021,39.744952],[38.357496,39.743674],[38.357982,39.742398],[38.358316,39.741549],[38.358665,39.740704],[38.35883,39.740332],[38.358886,39.740206],[38.359018,39.739906],[38.359581,39.738716],[38.360179,39.737537],[38.360539,39.736879],[38.360983,39.736064],[38.361007,39.736018],[38.361111,39.735813],[38.361124,39.735788],[38.361301,39.735412],[38.361447,39.735049],[38.361572,39.734683],[38.361678,39.734313],[38.361764,39.733941],[38.361828,39.733566],[38.361869,39.733159],[38.361884,39.732752],[38.361876,39.732344],[38.361845,39.731936],[38.36179,39.731531],[38.361713,39.731154],[38.361615,39.730781],[38.361495,39.730411],[38.361354,39.730046],[38.361169,39.729651],[38.360951,39.729258],[38.360756,39.728943],[38.360708,39.72887],[38.360588,39.728688],[38.360301,39.728283],[38.360243,39.728204],[38.35988,39.727717],[38.358724,39.726249],[38.358701,39.726219],[38.35704,39.724108],[38.357022,39.724085],[38.356966,39.724014],[38.356115,39.722902],[38.3554,39.721925],[38.354947,39.721266],[38.354731,39.720934],[38.354324,39.720263],[38.354137,39.719923],[38.353965,39.719582],[38.353807,39.719237],[38.353667,39.71889],[38.353536,39.718503],[38.353526,39.718467],[38.353448,39.718184],[38.353373,39.717794],[38.35333,39.717453],[38.353328,39.717432],[38.353327,39.717426],[38.353295,39.717003],[38.353281,39.716603],[38.353285,39.716142],[38.353285,39.716128],[38.353288,39.715796],[38.353327,39.714955],[38.353331,39.714879],[38.353422,39.712955],[38.353449,39.711748],[38.353435,39.710947],[38.353416,39.710548],[38.353385,39.710149],[38.353343,39.709763],[38.353289,39.709377],[38.353156,39.708611],[38.353156,39.70861],[38.352984,39.70781],[38.352778,39.706982],[38.35233,39.705331],[38.351972,39.704097],[38.351748,39.703382],[38.351744,39.70337],[38.351731,39.70333],[38.351429,39.702467],[38.351351,39.702269],[38.351338,39.702236],[38.351311,39.702169],[38.350972,39.701376],[38.350637,39.700655],[38.350225,39.699818],[38.347453,39.6944],[38.344915,39.689384],[38.34447,39.688558],[38.344236,39.688151],[38.343988,39.687751],[38.343731,39.687371],[38.343454,39.687002],[38.343153,39.686647],[38.342823,39.686311],[38.34246,39.685998],[38.342068,39.685705],[38.341655,39.685426],[38.341223,39.68516],[38.340797,39.684916],[38.339987,39.684486],[38.339964,39.684473],[38.339941,39.684461],[38.339019,39.684004],[38.337655,39.683361],[38.335168,39.68222],[38.334187,39.681753],[38.333705,39.681512],[38.333232,39.681263],[38.332771,39.681003],[38.332328,39.680728],[38.33192,39.680443],[38.331528,39.680145],[38.331236,39.679907],[38.331196,39.679875],[38.331172,39.679855],[38.330777,39.679518],[38.330052,39.678868],[38.328633,39.67754],[38.326476,39.675478],[38.324339,39.673232],[38.324334,39.673227],[38.322986,39.671809],[38.323181,39.67154],[38.325213,39.668907],[38.325901,39.667997],[38.326456,39.66723],[38.326716,39.666846],[38.326959,39.666461],[38.327177,39.666075],[38.327361,39.665686],[38.3275,39.665294],[38.327575,39.664898],[38.327578,39.66453],[38.327528,39.664159],[38.327439,39.663785],[38.32732,39.663409],[38.327216,39.663129],[38.327198,39.663081],[38.327024,39.662656],[38.326677,39.661903],[38.32649,39.661527],[38.326117,39.660822],[38.325532,39.65977],[38.32453,39.65801],[38.323933,39.656969],[38.323929,39.656963],[38.323522,39.656253],[38.322888,39.655173],[38.322867,39.655137],[38.322863,39.65513],[38.322493,39.654516],[38.322069,39.653837],[38.321631,39.653164],[38.321177,39.652506],[38.320698,39.651869],[38.320446,39.651558],[38.320183,39.651253],[38.319846,39.650895],[38.31949,39.65055],[38.319115,39.65022],[38.318752,39.649935],[38.318735,39.649922],[38.318323,39.649633],[38.317914,39.649374],[38.317499,39.649129],[38.31671,39.648688],[38.316316,39.64845],[38.316276,39.648422],[38.316039,39.648256],[38.315776,39.648008],[38.315579,39.64772],[38.315443,39.647402],[38.315353,39.64706],[38.315299,39.646701],[38.315273,39.646328],[38.315268,39.645946],[38.315282,39.645556],[38.315287,39.645486],[38.31531,39.645164],[38.315359,39.644725],[38.31539,39.644499],[38.315391,39.644487],[38.315404,39.644391],[38.315562,39.643398],[38.315822,39.641935],[38.315829,39.641896],[38.31635,39.638958],[38.316433,39.638521],[38.316516,39.638087],[38.316517,39.638081],[38.316612,39.637635],[38.316806,39.636859],[38.316922,39.636477],[38.317057,39.636101],[38.317216,39.635733],[38.317392,39.635399],[38.317593,39.635075],[38.317818,39.634761],[38.318068,39.63446],[38.318342,39.634172],[38.318696,39.633859],[38.319082,39.633567],[38.319496,39.633296],[38.319935,39.633047],[38.320365,39.632836],[38.320812,39.632641],[38.32127,39.632458],[38.323141,39.63178],[38.323595,39.631601],[38.324026,39.631412],[38.324437,39.631206],[38.324821,39.630979],[38.325172,39.630727],[38.325476,39.630454],[38.325748,39.630157],[38.325996,39.629842],[38.326223,39.629513],[38.326435,39.629174],[38.326667,39.62877],[38.326886,39.628358],[38.327304,39.627521],[38.329504,39.62286],[38.330096,39.621588],[38.330337,39.621051],[38.330343,39.621037],[38.330477,39.620737],[38.330837,39.619883],[38.331176,39.619024],[38.331845,39.617269],[38.331851,39.617253],[38.331997,39.616872],[38.332342,39.616019],[38.332527,39.615597],[38.332725,39.61518],[38.332941,39.614772],[38.333181,39.614371],[38.333447,39.613982],[38.333741,39.613607],[38.334066,39.61325],[38.334405,39.61293],[38.334768,39.612622],[38.335916,39.611703],[38.3363,39.611381],[38.336676,39.611053],[38.337042,39.610717],[38.337401,39.610366],[38.337746,39.610007],[38.337955,39.609774],[38.338016,39.609707],[38.33846,39.609172],[38.338531,39.609081],[38.33868,39.608886],[38.338956,39.608502],[38.339222,39.608113],[38.339733,39.607325],[38.34023,39.60653],[38.342434,39.602938],[38.344652,39.599351],[38.345133,39.598551],[38.345377,39.598124],[38.345445,39.598006],[38.345593,39.597746],[38.345808,39.59734],[38.346008,39.59693],[38.346187,39.596515],[38.34635,39.596061],[38.346365,39.596016],[38.346466,39.595692],[38.346581,39.595275],[38.346782,39.594434],[38.347047,39.593162],[38.347289,39.591887],[38.347431,39.591037],[38.34749,39.590613],[38.347537,39.590189],[38.347566,39.589767],[38.347571,39.589347],[38.347538,39.5889],[38.347533,39.588872],[38.347531,39.588857],[38.347476,39.588523],[38.347377,39.58812],[38.347252,39.58772],[38.347106,39.587321],[38.346938,39.586909],[38.346756,39.586499],[38.346388,39.585729],[38.346378,39.585707],[38.345953,39.584878],[38.345737,39.584479],[38.345513,39.584086],[38.345278,39.5837],[38.345047,39.58335],[38.345038,39.583337],[38.344761,39.582961],[38.344465,39.582617],[38.344133,39.5823],[38.343776,39.582027],[38.343388,39.581776],[38.342976,39.581542],[38.34255,39.581318],[38.341675,39.580875],[38.341247,39.580644],[38.340837,39.580396],[38.340473,39.580139],[38.34013,39.579864],[38.339805,39.579573],[38.339495,39.57927],[38.339173,39.578927],[38.338863,39.578573],[38.338267,39.577848],[38.33741,39.576734],[38.336857,39.575982],[38.336589,39.575604],[38.336331,39.575223],[38.336086,39.57484],[38.335864,39.574461],[38.335645,39.574032],[38.335625,39.573986],[38.335527,39.57376],[38.335497,39.573692],[38.335348,39.57319],[38.335202,39.57124],[38.334457,39.571405],[38.334252,39.57145],[38.330907,39.57219],[38.325684,39.573356],[38.32456,39.573596],[38.323432,39.573815],[38.322865,39.573911],[38.322295,39.573992],[38.321728,39.574053],[38.32116,39.574097],[38.320591,39.574124],[38.320023,39.574135],[38.319459,39.574126],[38.318831,39.574084],[38.318763,39.574076],[38.318346,39.574028],[38.317813,39.573928],[38.317288,39.573799],[38.316939,39.573698],[38.316853,39.573673],[38.316254,39.573482],[38.315745,39.573302],[38.31524,39.573112],[38.314742,39.572912],[38.314251,39.572702],[38.314005,39.572588],[38.313888,39.572534],[38.313303,39.572245],[38.312854,39.57199],[38.312437,39.57172],[38.312039,39.571431],[38.311822,39.571258],[38.311816,39.571254],[38.31174,39.571193],[38.311293,39.570811],[38.310988,39.570529],[38.310102,39.569662],[38.309802,39.569378],[38.309435,39.56905],[38.309053,39.568737],[38.308653,39.568442],[38.30823,39.568172],[38.307814,39.567949],[38.307378,39.567752],[38.306924,39.56758],[38.306455,39.567433],[38.305924,39.567303],[38.305379,39.567199],[38.304825,39.567114],[38.304265,39.567044],[38.303699,39.566987],[38.30313,39.56694],[38.302559,39.566905],[38.301994,39.566882],[38.301429,39.566868],[38.300296,39.566855],[38.296136,39.566859],[38.293503,39.566861],[38.289301,39.566846],[38.287698,39.56684],[38.286717,39.566837],[38.285586,39.566838],[38.284333,39.566858],[38.284249,39.566862],[38.283401,39.566895],[38.282908,39.566927],[38.282418,39.566969],[38.281931,39.567024],[38.28145,39.567093],[38.280975,39.567183],[38.280487,39.5673],[38.280007,39.567437],[38.279532,39.56759],[38.279061,39.567754],[38.278715,39.567885],[38.278127,39.568107],[38.277142,39.568503],[38.275368,39.569234],[38.274445,39.569599],[38.273978,39.569774],[38.273541,39.569928],[38.272998,39.570105],[38.272356,39.570295],[38.271967,39.570405],[38.270922,39.570675],[38.26987,39.570915],[38.269342,39.571019],[38.268812,39.571109],[38.268249,39.571182],[38.267747,39.571224],[38.267207,39.571236],[38.266665,39.57122],[38.266125,39.57118],[38.265468,39.571098],[38.265053,39.571033],[38.264591,39.570942],[38.263216,39.570635],[38.262756,39.570544],[38.262293,39.57047],[38.261803,39.570418],[38.261308,39.570388],[38.26081,39.570378],[38.26031,39.570383],[38.259761,39.570405],[38.259211,39.57044],[38.258109,39.570535],[38.256449,39.570708],[38.254352,39.570941],[38.25331,39.571061],[38.252571,39.571146],[38.251478,39.571286],[38.250806,39.571386],[38.250369,39.571458],[38.249922,39.571546],[38.249326,39.571685],[38.248848,39.571834],[38.248416,39.572017],[38.248045,39.572249],[38.2478,39.572478],[38.247596,39.572738],[38.247422,39.573021],[38.247268,39.57332],[38.246999,39.573909],[38.246848,39.574241],[38.24669,39.574535],[38.246505,39.574811],[38.24631,39.575027],[38.245937,39.575321],[38.245531,39.575539],[38.24508,39.575723],[38.244594,39.575877],[38.244083,39.576006],[38.243553,39.576108],[38.243009,39.576181],[38.24247,39.576222],[38.241923,39.57624],[38.241372,39.576241],[38.240816,39.576229],[38.239841,39.57619],[38.238022,39.576091],[38.237569,39.576062],[38.236246,39.57759],[38.235568,39.582043],[38.233988,39.58585],[38.232459,39.58738],[38.230555,39.588903],[38.22789,39.592139],[38.225415,39.594709],[38.221608,39.598897],[38.220085,39.600991],[38.216945,39.603275],[38.213899,39.605274],[38.209806,39.606892],[38.207807,39.607558],[38.20381,39.608795],[38.19848,39.610033],[38.192484,39.61127],[38.184869,39.613554],[38.175447,39.618504],[38.170878,39.620598],[38.166024,39.624595],[38.16374,39.626879],[38.162407,39.628688],[38.161551,39.630401],[38.160028,39.634208],[38.159552,39.636397],[38.158791,39.638682],[38.15841,39.640014],[38.157172,39.642965],[38.15584,39.64601],[38.154127,39.650008],[38.152794,39.652863],[38.151271,39.656194],[38.149558,39.657812],[38.146608,39.65905],[38.143467,39.659716],[38.140707,39.660287],[38.138137,39.660382],[38.131569,39.659621],[38.126335,39.658764],[38.12129,39.657717],[38.117007,39.65667],[38.112439,39.656194],[38.108727,39.656099],[38.106252,39.65667],[38.103682,39.657717],[38.102705,39.658199],[38.096734,39.661144],[38.090167,39.664856],[38.085693,39.668568],[38.081791,39.671423],[38.079031,39.673517],[38.074272,39.679799],[38.071512,39.683986],[38.069799,39.686937],[38.068085,39.690459],[38.067514,39.69379],[38.066753,39.698358],[38.066372,39.700738],[38.064374,39.702737],[38.061994,39.703784],[38.059044,39.704926],[38.050668,39.706639],[38.045243,39.708162],[38.039246,39.709399],[38.026302,39.712159],[38.018973,39.714919],[38.013929,39.716633],[38.008599,39.72044],[38.005268,39.723295],[38.00384,39.724723],[38.003079,39.727007],[38.002603,39.729958],[38.002603,39.732718],[38.002793,39.734621],[38.003174,39.736239],[38.004601,39.738524],[38.005648,39.740522],[38.006219,39.742521],[38.006791,39.745472],[38.007076,39.748613],[38.007171,39.751849],[38.006886,39.756322],[38.006029,39.760891],[38.005553,39.76327],[38.004126,39.765078],[38.001746,39.766982],[37.9987,39.768695],[37.993561,39.771075],[37.988802,39.773645],[37.986613,39.775929],[37.984424,39.778975],[37.982901,39.78183],[37.981283,39.785542],[37.980331,39.788968],[37.979379,39.792871],[37.979284,39.794393],[37.979284,39.795916],[37.97995,39.797249],[37.981473,39.798962],[37.983186,39.80039],[37.986708,39.802484],[37.992514,39.804958],[37.996226,39.806481],[37.999652,39.808956],[38.001841,39.811716],[38.003459,39.814191],[38.004221,39.817617],[38.004601,39.820377],[38.003174,39.822757],[37.998986,39.825898],[37.995179,39.828563],[37.989563,39.832465],[37.984709,39.83532],[37.981663,39.838366],[37.978523,39.843125],[37.97738,39.847217],[37.976238,39.849787],[37.974144,39.856545],[37.972907,39.860257],[37.971765,39.864635],[37.96929,39.86968],[37.965959,39.876247],[37.965198,39.877199],[37.962437,39.879578],[37.959011,39.881862],[37.956156,39.88348],[37.9533,39.88567],[37.951397,39.887954],[37.95054,39.889953],[37.950635,39.89119],[37.950921,39.894236],[37.951397,39.897472],[37.951968,39.900327],[37.953015,39.903849],[37.954252,39.90737],[37.95568,39.910797],[37.957012,39.915365],[37.957488,39.917364],[37.957964,39.919458],[37.958725,39.920886],[37.9612,39.923836],[37.962152,39.924978],[37.965483,39.928881],[37.969481,39.932688],[37.974049,39.936971],[37.978523,39.940683],[37.982425,39.944775],[37.983948,39.947631],[37.98509,39.950962],[37.985471,39.953341],[37.985851,39.955721],[37.987089,39.959623],[37.987945,39.961622],[37.989183,39.963526],[37.991562,39.966857],[37.994132,39.970854],[37.995274,39.974757],[37.996416,39.978849],[37.997558,39.981609],[37.99913,39.983455]]]}},{"type":"Feature","properties":{"id":"TR-D-58-010","parent_id":"TR-P-58","region_id":"TR-R-ICA","level":"district","municipality_type":null,"municipality_type_label":null,"is_metropolitan_municipality":null,"name":"Kangal","name_ascii":"kangal","slug":"kangal-sivas"},"geometry":{"type":"Polygon","coordinates":[[[37.748236,38.969472],[37.748426,38.967758],[37.748045,38.964427],[37.74776,38.962333],[37.746332,38.96043],[37.744904,38.958716],[37.743762,38.957669],[37.741954,38.956908],[37.738622,38.957003],[37.733578,38.958145],[37.729771,38.959287],[37.725298,38.962238],[37.721681,38.963951],[37.719016,38.96595],[37.713971,38.968805],[37.709117,38.970899],[37.705786,38.971661],[37.703121,38.972803],[37.700932,38.974231],[37.696649,38.977752],[37.693413,38.980132],[37.689701,38.982892],[37.688083,38.984319],[37.687036,38.986033],[37.685989,38.988222],[37.684466,38.991839],[37.682562,38.994408],[37.67866,38.996693],[37.674377,38.999167],[37.668381,39.001261],[37.659815,39.00326],[37.654675,39.004688],[37.651725,39.005449],[37.647537,39.00602],[37.642683,39.007257],[37.639161,39.008209],[37.63583,39.009637],[37.633831,39.011255],[37.629643,39.012683],[37.623076,39.014015],[37.613844,39.014586],[37.612035,39.014872],[37.605087,39.014777],[37.600709,39.01373],[37.594142,39.012683],[37.591477,39.01154],[37.587098,39.010874],[37.583958,39.010779],[37.576153,39.010779],[37.570442,39.010398],[37.567016,39.009922],[37.560258,39.007638],[37.552453,39.005735],[37.54522,39.004592],[37.538462,39.004688],[37.533894,39.005925],[37.529896,39.007638],[37.526946,39.009256],[37.518951,39.012778],[37.511812,39.013634],[37.507529,39.013825],[37.505245,39.013158],[37.50239,39.01154],[37.498868,39.00878],[37.497155,39.002023],[37.496489,38.997644],[37.496584,38.994313],[37.49725,38.988317],[37.498868,38.983653],[37.501628,38.977942],[37.5021,38.977128],[37.495492,38.975075],[37.4914,38.974885],[37.481596,38.975361],[37.473792,38.976693],[37.470365,38.97774],[37.465606,38.979263],[37.461704,38.979929],[37.45704,38.982214],[37.453519,38.984117],[37.450187,38.98564],[37.442478,38.987544],[37.43277,38.989447],[37.426583,38.990685],[37.419635,38.991922],[37.416875,38.991922],[37.4144,38.99116],[37.410212,38.989257],[37.404311,38.987163],[37.398981,38.986592],[37.395365,38.986306],[37.388321,38.987544],[37.381659,38.990494],[37.375758,38.99335],[37.370523,38.99611],[37.362147,39.000583],[37.356246,39.004676],[37.353296,39.008007],[37.350821,39.012195],[37.347109,39.016383],[37.343683,39.018762],[37.340256,39.020951],[37.337401,39.02276],[37.332737,39.02533],[37.325028,39.02828],[37.317604,39.030564],[37.309989,39.03361],[37.305611,39.034752],[37.299805,39.038464],[37.298092,39.039797],[37.295522,39.043128],[37.293904,39.045698],[37.293048,39.048077],[37.29143,39.052646],[37.290478,39.054835],[37.288479,39.057405],[37.286195,39.059594],[37.282864,39.062068],[37.279152,39.063686],[37.275154,39.063877],[37.269443,39.06283],[37.261448,39.06045],[37.251931,39.055406],[37.246315,39.050647],[37.242889,39.045412],[37.241175,39.040463],[37.239082,39.03342],[37.236702,39.026852],[37.233847,39.021713],[37.229754,39.015526],[37.2249,39.009149],[37.220331,39.002677],[37.212622,38.992207],[37.210718,38.989352],[37.206245,38.984403],[37.199582,38.977455],[37.195395,38.973933],[37.191587,38.970221],[37.18778,38.966414],[37.182736,38.962131],[37.177025,38.959371],[37.167412,38.956801],[37.164652,38.955944],[37.161035,38.954993],[37.156086,38.954517],[37.151232,38.954136],[37.146283,38.954136],[37.13962,38.953565],[37.133909,38.952233],[37.122488,38.950139],[37.11278,38.949758],[37.103833,38.948711],[37.097932,38.947759],[37.094505,38.947474],[37.089175,38.945189],[37.08375,38.94005],[37.076612,38.932531],[37.070235,38.926154],[37.066428,38.923108],[37.058528,38.919396],[37.05434,38.917112],[37.050057,38.915779],[37.046631,38.915208],[37.042157,38.915018],[37.036637,38.916065],[37.028832,38.918444],[37.023598,38.919872],[37.017982,38.92149],[37.014556,38.921966],[37.013223,38.921871],[37.007512,38.920824],[37.00104,38.918825],[36.995234,38.915589],[36.988191,38.912924],[36.980196,38.912353],[36.973629,38.911782],[36.968584,38.911496],[36.962017,38.91083],[36.958876,38.91083],[36.957068,38.910925],[36.955735,38.911401],[36.954403,38.912067],[36.953737,38.912924],[36.95269,38.915874],[36.951452,38.919396],[36.95012,38.922346],[36.946693,38.927105],[36.941903,38.932977],[36.944473,38.9345],[36.946948,38.937165],[36.948851,38.939925],[36.950088,38.942209],[36.951611,38.946016],[36.954276,38.950204],[36.956751,38.954107],[36.961034,38.958961],[36.964651,38.962958],[36.966935,38.966385],[36.969505,38.970382],[36.971123,38.974094],[36.971599,38.976854],[36.971599,38.9799],[36.970457,38.98523],[36.9696,38.989513],[36.967792,38.994938],[36.963699,39.005313],[36.959035,39.010833],[36.954847,39.014354],[36.949232,39.019209],[36.94295,39.025871],[36.939904,39.031582],[36.937525,39.037197],[36.936478,39.041195],[36.935431,39.045097],[36.933813,39.048048],[36.928388,39.054234],[36.92144,39.057946],[36.911731,39.060516],[36.903927,39.061753],[36.893457,39.062991],[36.886129,39.063276],[36.879847,39.06242],[36.87642,39.061373],[36.8709,39.057946],[36.863381,39.054139],[36.857099,39.052236],[36.847676,39.048428],[36.844155,39.047286],[36.842632,39.047001],[36.840824,39.047001],[36.837778,39.048904],[36.834732,39.052331],[36.832353,39.05471],[36.830354,39.058803],[36.82807,39.062039],[36.825785,39.064609],[36.823216,39.066132],[36.818647,39.06813],[36.815411,39.069748],[36.81227,39.071747],[36.80932,39.073746],[36.805893,39.07603],[36.809434,39.077838],[36.812956,39.079076],[36.817524,39.080599],[36.820475,39.082026],[36.825329,39.086309],[36.828089,39.08945],[36.830659,39.091735],[36.835799,39.095732],[36.838749,39.097731],[36.846839,39.102966],[36.8496,39.104393],[36.855691,39.107058],[36.859498,39.109152],[36.862639,39.111627],[36.86597,39.114292],[36.86835,39.116766],[36.869302,39.121049],[36.869777,39.125808],[36.869873,39.129711],[36.870634,39.136849],[36.872728,39.148842],[36.875678,39.154172],[36.879676,39.161691],[36.884054,39.167592],[36.887481,39.17178],[36.891383,39.175396],[36.896142,39.179013],[36.902043,39.182725],[36.907754,39.18558],[36.913084,39.189197],[36.919746,39.194908],[36.925171,39.200714],[36.927836,39.204902],[36.930596,39.211183],[36.931834,39.215847],[36.935686,39.21479],[36.939018,39.213172],[36.942539,39.210792],[36.94568,39.209174],[36.949392,39.208223],[36.954341,39.208223],[36.959671,39.208508],[36.964716,39.208984],[36.969475,39.210221],[36.973853,39.211935],[36.981087,39.214028],[36.98832,39.215932],[36.993269,39.216122],[36.998314,39.216598],[37.005928,39.218121],[37.013828,39.22031],[37.020586,39.222499],[37.025249,39.224498],[37.030579,39.226307],[37.034958,39.227734],[37.038765,39.229257],[37.042096,39.231636],[37.046379,39.235253],[37.049234,39.238299],[37.051423,39.240678],[37.056182,39.245628],[37.058371,39.248102],[37.060751,39.252576],[37.062083,39.255526],[37.065224,39.259809],[37.068175,39.262189],[37.069222,39.264092],[37.071601,39.270279],[37.073219,39.27637],[37.075028,39.279702],[37.078264,39.284461],[37.084165,39.290362],[37.090161,39.293978],[37.095777,39.294835],[37.101963,39.295787],[37.105485,39.296643],[37.108055,39.298261],[37.110053,39.299404],[37.111957,39.300165],[37.114717,39.300641],[37.120237,39.301402],[37.123188,39.302164],[37.126234,39.304353],[37.128423,39.306352],[37.131183,39.308921],[37.134133,39.31073],[37.140701,39.313966],[37.143842,39.315774],[37.146316,39.318725],[37.148886,39.322437],[37.151361,39.325958],[37.152979,39.327576],[37.156025,39.329385],[37.160593,39.331384],[37.165733,39.333287],[37.171063,39.333858],[37.173918,39.333953],[37.177535,39.334524],[37.181152,39.336047],[37.185054,39.339378],[37.1881,39.343852],[37.19105,39.346136],[37.194667,39.348611],[37.202091,39.35337],[37.205137,39.354797],[37.208468,39.355464],[37.211989,39.35613],[37.21513,39.357367],[37.218366,39.360127],[37.221793,39.363173],[37.224077,39.367551],[37.22579,39.370787],[37.228646,39.374309],[37.231787,39.377831],[37.234927,39.380781],[37.238449,39.38297],[37.246634,39.386301],[37.252345,39.389728],[37.255676,39.391631],[37.258341,39.393059],[37.261482,39.393821],[37.265004,39.394201],[37.269001,39.394868],[37.272523,39.395534],[37.280708,39.396486],[37.283754,39.396486],[37.287561,39.397437],[37.290797,39.398484],[37.295651,39.400007],[37.299554,39.401054],[37.30279,39.402006],[37.306121,39.402863],[37.31088,39.403719],[37.316591,39.403814],[37.319922,39.403814],[37.323253,39.404385],[37.326584,39.405337],[37.332295,39.406574],[37.336768,39.407241],[37.342098,39.407431],[37.348571,39.407907],[37.352378,39.408193],[37.356565,39.409049],[37.362847,39.410572],[37.366464,39.412],[37.369034,39.413522],[37.37208,39.414379],[37.375316,39.415236],[37.379599,39.416473],[37.384262,39.418091],[37.391496,39.422469],[37.394637,39.424278],[37.399872,39.426276],[37.404345,39.427704],[37.406534,39.42837],[37.410436,39.430274],[37.412816,39.431226],[37.415671,39.431511],[37.418336,39.431511],[37.42557,39.431416],[37.432613,39.431416],[37.442036,39.430559],[37.447556,39.429988],[37.452886,39.429322],[37.460976,39.429037],[37.465259,39.428941],[37.471065,39.428941],[37.476681,39.429893],[37.47906,39.430559],[37.482867,39.433034],[37.485627,39.435128],[37.488007,39.436936],[37.491909,39.439125],[37.49486,39.440839],[37.496573,39.442076],[37.498286,39.444551],[37.502189,39.44931],[37.504473,39.453117],[37.506376,39.456067],[37.50847,39.458827],[37.511135,39.461017],[37.515228,39.464157],[37.52151,39.469963],[37.52427,39.472533],[37.531028,39.478244],[37.535595,39.48202],[37.53697,39.481142],[37.541729,39.47781],[37.547249,39.475145],[37.551056,39.473813],[37.556386,39.471719],[37.561431,39.469911],[37.570949,39.467246],[37.57961,39.463724],[37.58513,39.462106],[37.590555,39.459631],[37.595695,39.457537],[37.598646,39.456015],[37.602262,39.453635],[37.605403,39.45116],[37.608354,39.4484],[37.610638,39.446497],[37.61435,39.443356],[37.615968,39.442499],[37.618633,39.441452],[37.622535,39.439453],[37.625105,39.43755],[37.627675,39.435075],[37.628912,39.433172],[37.630626,39.430602],[37.6331,39.428603],[37.63567,39.425082],[37.636622,39.423273],[37.641,39.415754],[37.642808,39.411376],[37.644331,39.407759],[37.644807,39.40557],[37.645664,39.401287],[37.648043,39.397575],[37.650232,39.395291],[37.652517,39.393387],[37.657085,39.391864],[37.662796,39.391198],[37.668031,39.390437],[37.673932,39.389675],[37.678691,39.389009],[37.685163,39.387676],[37.688113,39.386629],[37.690017,39.385868],[37.692301,39.384631],[37.696203,39.383774],[37.70258,39.383108],[37.714478,39.381871],[37.724186,39.37873],[37.72923,39.376636],[37.731324,39.37378],[37.732562,39.371877],[37.733704,39.368831],[37.733894,39.366261],[37.733513,39.363406],[37.732466,39.359979],[37.731229,39.356648],[37.731039,39.354269],[37.730658,39.350366],[37.730658,39.347701],[37.731324,39.343133],[37.731134,39.338755],[37.730373,39.333996],[37.729516,39.330379],[37.728522,39.327234],[37.728457,39.326452],[37.729139,39.325201],[37.730503,39.324519],[37.7338,39.323041],[37.73596,39.321449],[37.738689,39.319744],[37.740508,39.319403],[37.741872,39.318607],[37.742782,39.317356],[37.74335,39.316333],[37.744714,39.315083],[37.74642,39.314173],[37.748694,39.313036],[37.750513,39.312127],[37.750967,39.311331],[37.751877,39.31008],[37.753127,39.308489],[37.754378,39.307352],[37.756311,39.306215],[37.758471,39.305419],[37.759721,39.303486],[37.761654,39.301553],[37.762564,39.299393],[37.762791,39.29837],[37.764042,39.297688],[37.765065,39.297574],[37.766429,39.297574],[37.769385,39.297915],[37.770408,39.297461],[37.771318,39.296551],[37.771773,39.295528],[37.773819,39.294391],[37.774956,39.292913],[37.776434,39.291208],[37.777457,39.289957],[37.778594,39.288593],[37.780186,39.287115],[37.782119,39.286091],[37.783483,39.285296],[37.785188,39.283022],[37.786666,39.282226],[37.788485,39.281544],[37.790873,39.279725],[37.792351,39.278361],[37.793601,39.275632],[37.794624,39.273017],[37.794852,39.271425],[37.794738,39.269038],[37.795193,39.266082],[37.795989,39.265059],[37.798035,39.263353],[37.800082,39.260397],[37.801446,39.258806],[37.803265,39.255168],[37.805766,39.250847],[37.807017,39.248119],[37.807358,39.2463],[37.806562,39.244708],[37.806562,39.243003],[37.809177,39.241752],[37.812929,39.240615],[37.815998,39.238569],[37.819295,39.236181],[37.822138,39.234703],[37.823751,39.234079],[37.825361,39.233392],[37.827169,39.232345],[37.828501,39.231298],[37.830881,39.22968],[37.837924,39.225492],[37.842207,39.223208],[37.8463,39.221209],[37.851059,39.219115],[37.854485,39.217688],[37.86229,39.215879],[37.868191,39.214356],[37.871332,39.21369],[37.87571,39.212453],[37.883134,39.21093],[37.887417,39.209407],[37.892081,39.207599],[37.89446,39.206266],[37.896649,39.204363],[37.897982,39.202078],[37.900742,39.197986],[37.902265,39.194655],[37.902741,39.191704],[37.902455,39.189039],[37.901218,39.185993],[37.900076,39.183614],[37.899505,39.181425],[37.899505,39.178569],[37.899505,39.177047],[37.900171,39.175143],[37.901884,39.17343],[37.904168,39.171526],[37.905882,39.170098],[37.907214,39.168385],[37.907595,39.166958],[37.90769,39.163817],[37.908261,39.161152],[37.909213,39.158582],[37.909879,39.155822],[37.909594,39.153157],[37.910069,39.149159],[37.911307,39.145067],[37.912068,39.143258],[37.91302,39.141355],[37.914638,39.138404],[37.916351,39.135073],[37.917874,39.130409],[37.91835,39.127744],[37.918731,39.125555],[37.919111,39.122509],[37.919492,39.119844],[37.920539,39.115561],[37.921491,39.112801],[37.924061,39.107852],[37.925298,39.102807],[37.926059,39.099571],[37.927011,39.097097],[37.927677,39.094241],[37.927963,39.091957],[37.927868,39.090339],[37.926726,39.088435],[37.924822,39.086246],[37.92349,39.083962],[37.922347,39.079393],[37.921396,39.072826],[37.920972,39.0664],[37.919937,39.066173],[37.917272,39.065602],[37.913846,39.065507],[37.909373,39.065507],[37.903662,39.066363],[37.897666,39.068172],[37.893478,39.069504],[37.888148,39.070932],[37.884626,39.072169],[37.876917,39.07512],[37.872253,39.076833],[37.866257,39.078546],[37.861117,39.078736],[37.858643,39.078736],[37.856834,39.078736],[37.852932,39.079307],[37.849791,39.080926],[37.848173,39.081782],[37.845603,39.085304],[37.842748,39.089016],[37.839321,39.09149],[37.834562,39.093394],[37.829803,39.093679],[37.826663,39.093679],[37.81981,39.092632],[37.808198,39.088635],[37.803058,39.087493],[37.797062,39.084828],[37.792969,39.082829],[37.788496,39.08045],[37.784784,39.078641],[37.781358,39.077785],[37.77203,39.075976],[37.763369,39.074073],[37.757849,39.072931],[37.754232,39.072264],[37.750996,39.070646],[37.749758,39.06979],[37.748902,39.068457],[37.74795,39.065411],[37.74795,39.062366],[37.747855,39.058368],[37.748807,39.054561],[37.749663,39.048946],[37.750615,39.044948],[37.752328,39.041807],[37.755564,39.03524],[37.756706,39.033336],[37.757658,39.031813],[37.760704,39.027911],[37.764225,39.023247],[37.767271,39.020011],[37.770127,39.015633],[37.77203,39.012302],[37.773363,39.010113],[37.774124,39.008495],[37.7746,39.006591],[37.7746,39.005544],[37.774505,39.004592],[37.773363,39.003165],[37.772506,39.001927],[37.769365,39.000309],[37.76689,39.000119],[37.762607,39.000595],[37.760038,39.001452],[37.75842,39.002118],[37.755564,39.004688],[37.752994,39.006401],[37.750044,39.007924],[37.746903,39.009161],[37.744428,39.009732],[37.741383,39.009732],[37.737956,39.009066],[37.735862,39.008019],[37.734815,39.006496],[37.733959,39.004688],[37.733483,39.002689],[37.733007,39.000309],[37.732912,38.998025],[37.733292,38.992124],[37.73472,38.989554],[37.736433,38.985937],[37.738622,38.982892],[37.741002,38.980322],[37.743477,38.978133],[37.746142,38.974992],[37.747284,38.972612],[37.748236,38.969472]]]}},{"type":"Feature","properties":{"id":"TR-D-58-011","parent_id":"TR-P-58","region_id":"TR-R-ICA","level":"district","municipality_type":null,"municipality_type_label":null,"is_metropolitan_municipality":null,"name":"Koyulhisar","name_ascii":"koyulhisar","slug":"koyulhisar-sivas"},"geometry":{"type":"Polygon","coordinates":[[[38.043109,40.506619],[38.046247,40.50607],[38.050759,40.503348],[38.052243,40.502453],[38.052561,40.502222],[38.055765,40.499883],[38.058906,40.498265],[38.066044,40.497313],[38.070518,40.497028],[38.07737,40.497028],[38.077999,40.497085],[38.083652,40.497599],[38.090315,40.498551],[38.092376,40.498726],[38.094788,40.498931],[38.097453,40.498931],[38.101736,40.498741],[38.103847,40.498516],[38.106209,40.498265],[38.110112,40.497028],[38.114204,40.494934],[38.118392,40.493221],[38.123817,40.491508],[38.127244,40.489985],[38.129052,40.488462],[38.129592,40.487092],[38.129894,40.486326],[38.13029,40.485321],[38.130004,40.48199],[38.128481,40.479229],[38.126102,40.474851],[38.124103,40.471235],[38.123056,40.468474],[38.123342,40.46619],[38.124008,40.461907],[38.12515,40.458766],[38.126768,40.457434],[38.127815,40.456006],[38.129719,40.453246],[38.131051,40.448868],[38.130861,40.444299],[38.130956,40.441444],[38.131527,40.436685],[38.132384,40.434305],[38.128752,40.432699],[38.12742,40.430891],[38.125897,40.428511],[38.125231,40.426417],[38.124564,40.423752],[38.12209,40.418898],[38.120567,40.41728],[38.118378,40.416138],[38.115998,40.415377],[38.113143,40.414996],[38.106195,40.41433],[38.100484,40.412712],[38.096772,40.41195],[38.093155,40.411284],[38.086969,40.409856],[38.083828,40.409095],[38.082115,40.408429],[38.078498,40.406716],[38.074025,40.404241],[38.070598,40.401766],[38.068219,40.398816],[38.066886,40.397007],[38.065649,40.395009],[38.064887,40.393391],[38.064031,40.390821],[38.063365,40.388156],[38.062984,40.385967],[38.062603,40.383682],[38.062508,40.381874],[38.062318,40.379875],[38.061271,40.376163],[38.060604,40.37464],[38.058225,40.370738],[38.055941,40.366265],[38.05299,40.362553],[38.05042,40.359126],[38.048707,40.357032],[38.046232,40.354938],[38.042901,40.352273],[38.040427,40.35018],[38.03424,40.346087],[38.030909,40.344183],[38.026245,40.340852],[38.023104,40.338473],[38.021486,40.336188],[38.018726,40.33181],[38.017679,40.329621],[38.016442,40.325814],[38.016442,40.322673],[38.016442,40.319913],[38.017964,40.315439],[38.019868,40.310966],[38.022247,40.306207],[38.023961,40.302876],[38.025579,40.300592],[38.02615,40.298402],[38.026245,40.297165],[38.026245,40.296309],[38.025769,40.293548],[38.025579,40.29174],[38.024912,40.288314],[38.024341,40.286029],[38.024056,40.283745],[38.023675,40.282032],[38.023009,40.280319],[38.022533,40.278605],[38.022057,40.276892],[38.021867,40.274227],[38.021296,40.27061],[38.021296,40.268802],[38.021296,40.266137],[38.021581,40.263662],[38.022247,40.260712],[38.022723,40.257856],[38.023199,40.255572],[38.023199,40.252622],[38.023199,40.249386],[38.023104,40.247768],[38.022914,40.245103],[38.022533,40.242913],[38.021676,40.24082],[38.02101,40.239297],[38.019392,40.23587],[38.017964,40.234062],[38.01587,40.231873],[38.014728,40.230255],[38.01311,40.228732],[38.01035,40.226162],[38.008161,40.223497],[38.006733,40.221689],[38.005782,40.220261],[38.00521,40.219119],[38.004925,40.217215],[38.00483,40.215121],[38.004735,40.213313],[38.004449,40.211505],[38.003688,40.20903],[38.001689,40.203224],[38.000071,40.199227],[37.998548,40.196371],[37.997596,40.194277],[37.995312,40.190565],[37.993218,40.188471],[37.990077,40.185521],[37.987793,40.183903],[37.985413,40.181809],[37.980559,40.176098],[37.977514,40.172006],[37.973231,40.167437],[37.971232,40.164201],[37.969899,40.162868],[37.968757,40.162107],[37.967044,40.161726],[37.964284,40.160299],[37.962571,40.158966],[37.961143,40.156777],[37.960001,40.154302],[37.95943,40.152684],[37.957716,40.150686],[37.956289,40.149543],[37.953338,40.146688],[37.951149,40.144023],[37.948199,40.141834],[37.946485,40.13955],[37.945058,40.137075],[37.942488,40.134886],[37.940394,40.133173],[37.9383,40.131364],[37.936682,40.130127],[37.935159,40.128223],[37.933446,40.12651],[37.932018,40.124892],[37.929258,40.123274],[37.924404,40.120704],[37.91955,40.117754],[37.917646,40.116041],[37.912371,40.111995],[37.911812,40.112984],[37.91086,40.114412],[37.908481,40.118409],[37.907339,40.120122],[37.906482,40.121455],[37.906197,40.123549],[37.905911,40.126404],[37.905721,40.131258],[37.905721,40.133542],[37.905435,40.136683],[37.905054,40.139348],[37.904293,40.141347],[37.902389,40.144012],[37.898963,40.149342],[37.896393,40.151817],[37.893633,40.153625],[37.891063,40.155243],[37.888113,40.1561],[37.885448,40.156766],[37.880498,40.156576],[37.876786,40.155814],[37.872408,40.155148],[37.868792,40.154958],[37.866698,40.155338],[37.864604,40.15648],[37.856038,40.160002],[37.852611,40.16162],[37.846234,40.165903],[37.844902,40.16714],[37.843379,40.167997],[37.84119,40.168949],[37.837097,40.171519],[37.834432,40.174279],[37.833004,40.176849],[37.831291,40.179894],[37.830435,40.181893],[37.829197,40.184748],[37.827674,40.189983],[37.826818,40.1936],[37.826437,40.196931],[37.826056,40.199691],[37.824438,40.202356],[37.821488,40.205497],[37.818157,40.208448],[37.816348,40.209495],[37.81473,40.210066],[37.812922,40.210256],[37.808734,40.210542],[37.802833,40.210542],[37.798074,40.210161],[37.794267,40.210256],[37.789984,40.210351],[37.784654,40.210256],[37.777515,40.210542],[37.769901,40.210923],[37.76124,40.212445],[37.755815,40.213968],[37.752293,40.215206],[37.748676,40.216253],[37.744584,40.217109],[37.742014,40.217395],[37.736969,40.218061],[37.728213,40.218346],[37.722597,40.218156],[37.715459,40.217871],[37.710415,40.21749],[37.704894,40.216348],[37.696423,40.214159],[37.690713,40.210827],[37.685192,40.208448],[37.683765,40.207306],[37.681861,40.205117],[37.680909,40.203118],[37.679577,40.200548],[37.678911,40.199025],[37.678054,40.197312],[37.675865,40.195313],[37.674056,40.193695],[37.671391,40.192743],[37.669583,40.192172],[37.664348,40.191887],[37.663617,40.191925],[37.658923,40.192172],[37.654545,40.193315],[37.651975,40.194076],[37.648549,40.19636],[37.645217,40.199787],[37.64398,40.201785],[37.642172,40.206449],[37.64122,40.209971],[37.640363,40.213397],[37.639411,40.21749],[37.635509,40.224343],[37.634081,40.227198],[37.63313,40.2311],[37.632463,40.233575],[37.631607,40.239286],[37.63075,40.243569],[37.629989,40.246139],[37.629227,40.248613],[37.62799,40.250897],[37.626372,40.252516],[37.624564,40.253277],[37.621994,40.253943],[37.618853,40.255085],[37.616093,40.256608],[37.612476,40.258226],[37.608859,40.258988],[37.605813,40.259559],[37.603339,40.26032],[37.599341,40.262033],[37.597438,40.263271],[37.596391,40.264889],[37.594963,40.267268],[37.593726,40.269743],[37.592108,40.271456],[37.589728,40.272217],[37.585445,40.272217],[37.580591,40.271837],[37.57745,40.271646],[37.575642,40.271932],[37.570883,40.273645],[37.56641,40.275739],[37.563554,40.278214],[37.561746,40.280403],[37.558891,40.282877],[37.555845,40.285257],[37.549563,40.288969],[37.544994,40.291634],[37.543039,40.29306],[37.548654,40.297724],[37.553889,40.30334],[37.557601,40.305624],[37.564454,40.308479],[37.571687,40.311906],[37.576351,40.315618],[37.580824,40.323422],[37.583299,40.326087],[37.587487,40.331608],[37.589105,40.333606],[37.592722,40.338556],[37.594625,40.340174],[37.59691,40.342077],[37.598718,40.343981],[37.600051,40.34617],[37.600717,40.349025],[37.601002,40.351881],[37.600336,40.355688],[37.599194,40.358924],[37.596148,40.363397],[37.590913,40.37006],[37.588153,40.374438],[37.58644,40.376913],[37.585774,40.378911],[37.585203,40.382528],[37.585393,40.385098],[37.585869,40.386716],[37.590247,40.386431],[37.596053,40.386145],[37.603287,40.38605],[37.614613,40.385003],[37.619372,40.384622],[37.62394,40.38367],[37.627938,40.382243],[37.63184,40.380149],[37.634791,40.378911],[37.639169,40.377103],[37.643452,40.374914],[37.646878,40.373772],[37.652113,40.372154],[37.657919,40.371202],[37.66087,40.370726],[37.663915,40.369774],[37.666961,40.367776],[37.66934,40.365015],[37.670673,40.363112],[37.672101,40.360161],[37.673623,40.356449],[37.676384,40.351119],[37.678668,40.347978],[37.683141,40.345313],[37.686663,40.344457],[37.691993,40.341887],[37.697037,40.339603],[37.702558,40.33532],[37.711314,40.330085],[37.716359,40.327991],[37.723973,40.325421],[37.731397,40.323137],[37.736156,40.322661],[37.740534,40.323327],[37.743389,40.325136],[37.750813,40.333321],[37.75462,40.340174],[37.756048,40.347598],[37.756238,40.352071],[37.756524,40.355498],[37.755667,40.359971],[37.754715,40.363968],[37.75443,40.367871],[37.75424,40.374057],[37.753954,40.377008],[37.754144,40.380434],[37.755477,40.383194],[37.757285,40.384717],[37.759665,40.386335],[37.761854,40.386906],[37.764804,40.388049],[37.768421,40.38862],[37.770134,40.388905],[37.773942,40.389],[37.777939,40.388239],[37.781746,40.386621],[37.784697,40.384146],[37.787933,40.380434],[37.790503,40.377198],[37.792977,40.372534],[37.796118,40.368061],[37.798498,40.364539],[37.800401,40.359876],[37.802971,40.352833],[37.806683,40.347883],[37.809919,40.344742],[37.814773,40.339508],[37.822768,40.338365],[37.830858,40.338651],[37.838758,40.339983],[37.846563,40.342553],[37.849704,40.343695],[37.853035,40.344076],[37.856081,40.34341],[37.860078,40.342458],[37.865789,40.342173],[37.869596,40.341697],[37.87426,40.341316],[37.877496,40.342268],[37.882064,40.344266],[37.885395,40.346456],[37.891677,40.351405],[37.898911,40.355307],[37.904622,40.356925],[37.909856,40.358448],[37.916519,40.360637],[37.921849,40.362636],[37.925561,40.363873],[37.931747,40.36768],[37.937268,40.372915],[37.943264,40.381291],[37.948499,40.387763],[37.952877,40.392998],[37.954876,40.397376],[37.955828,40.402706],[37.955828,40.406228],[37.952496,40.413842],[37.949736,40.416221],[37.948118,40.41803],[37.944692,40.42079],[37.938029,40.425644],[37.935174,40.427167],[37.932794,40.429166],[37.931747,40.43145],[37.931557,40.434115],[37.932223,40.438303],[37.932985,40.440206],[37.934222,40.442681],[37.936316,40.445536],[37.938124,40.448297],[37.939552,40.452008],[37.939933,40.456101],[37.939933,40.460099],[37.938981,40.464477],[37.938315,40.467523],[37.938315,40.469521],[37.939076,40.471425],[37.94136,40.474471],[37.942598,40.476945],[37.942693,40.47961],[37.943074,40.483037],[37.943454,40.48475],[37.94393,40.487034],[37.944406,40.489414],[37.946215,40.491508],[37.948689,40.493506],[37.951449,40.494648],[37.952782,40.494648],[37.955066,40.494268],[37.957921,40.49265],[37.959539,40.491222],[37.963537,40.488271],[37.966107,40.48751],[37.97296,40.485321],[37.980859,40.483417],[37.99171,40.48218],[37.996374,40.482561],[37.99999,40.483988],[38.001608,40.485416],[38.002179,40.487605],[38.002179,40.490175],[38.003131,40.491983],[38.004559,40.493982],[38.007319,40.496076],[38.01065,40.496838],[38.014838,40.49798],[38.017598,40.498741],[38.020739,40.500359],[38.022548,40.501787],[38.024927,40.503405],[38.028068,40.504928],[38.031685,40.505975],[38.036253,40.506546],[38.040917,40.506736],[38.04244,40.506736],[38.043109,40.506619]]]}},{"type":"Feature","properties":{"id":"TR-D-58-012","parent_id":"TR-P-58","region_id":"TR-R-ICA","level":"district","municipality_type":null,"municipality_type_label":null,"is_metropolitan_municipality":null,"name":"Sivas","name_ascii":"sivas","slug":"sivas-sivas"},"geometry":{"type":"Polygon","coordinates":[[[36.6522,39.341007],[36.642206,39.343481],[36.636876,39.345385],[36.636114,39.351191],[36.634972,39.362612],[36.63364,39.373177],[36.632973,39.380696],[36.632593,39.385836],[36.632688,39.390785],[36.632498,39.395734],[36.631546,39.400493],[36.630975,39.405633],[36.629928,39.409631],[36.626311,39.41458],[36.623075,39.419624],[36.619648,39.42267],[36.616698,39.425049],[36.606324,39.434472],[36.601184,39.440278],[36.597853,39.445322],[36.592142,39.455697],[36.588811,39.460837],[36.585384,39.466642],[36.582339,39.4734],[36.582053,39.476446],[36.582053,39.477778],[36.582339,39.483679],[36.5831,39.487486],[36.584908,39.49729],[36.586336,39.499764],[36.589477,39.504333],[36.592332,39.508711],[36.594045,39.513946],[36.594426,39.520704],[36.593665,39.524796],[36.591761,39.529175],[36.590143,39.53222],[36.589287,39.535266],[36.588811,39.538883],[36.587764,39.542595],[36.587097,39.544594],[36.583766,39.551637],[36.582243,39.554492],[36.580435,39.557443],[36.578531,39.559727],[36.577484,39.56163],[36.576913,39.563534],[36.576057,39.567722],[36.574819,39.571053],[36.573868,39.574194],[36.571869,39.577335],[36.569585,39.579905],[36.566063,39.583331],[36.563017,39.586377],[36.558925,39.590565],[36.557021,39.592468],[36.555403,39.594086],[36.55369,39.594848],[36.550168,39.596466],[36.543791,39.59875],[36.536938,39.601796],[36.528848,39.60665],[36.522118,39.609374],[36.522206,39.609463],[36.522343,39.609601],[36.522726,39.609983],[36.523052,39.610307],[36.523384,39.610639],[36.524095,39.611314],[36.52445,39.611632],[36.524453,39.611634],[36.524461,39.611642],[36.524473,39.611651],[36.524838,39.611959],[36.52514,39.61219],[36.525221,39.612253],[36.52523,39.61226],[36.525642,39.612539],[36.525828,39.612646],[36.526073,39.612787],[36.526308,39.612902],[36.526525,39.613008],[36.526751,39.613101],[36.526995,39.613202],[36.527186,39.613267],[36.527482,39.613368],[36.527984,39.613501],[36.528164,39.613534],[36.528486,39.613593],[36.528999,39.613655],[36.529292,39.613675],[36.529519,39.613691],[36.530044,39.613703],[36.530153,39.613701],[36.530571,39.613694],[36.530841,39.613678],[36.531097,39.613664],[36.531413,39.613632],[36.531621,39.613612],[36.531913,39.613569],[36.532141,39.613537],[36.532567,39.613453],[36.532661,39.613434],[36.533176,39.613313],[36.534688,39.612912],[36.534725,39.612903],[36.535181,39.61279],[36.535666,39.612688],[36.536142,39.612616],[36.536406,39.612599],[36.536605,39.612587],[36.537051,39.612617],[36.537112,39.612632],[36.537501,39.612727],[36.537864,39.612874],[36.537933,39.612902],[36.538446,39.613317],[36.538482,39.613346],[36.53858,39.6134],[36.539451,39.613882],[36.539492,39.613913],[36.539783,39.614141],[36.539958,39.614277],[36.540632,39.61483],[36.542302,39.616241],[36.544278,39.617928],[36.545401,39.618887],[36.545794,39.619213],[36.546034,39.619403],[36.546162,39.619503],[36.546194,39.619529],[36.546301,39.619607],[36.546605,39.61983],[36.547002,39.620089],[36.547033,39.620109],[36.547485,39.620358],[36.547583,39.620401],[36.547905,39.620544],[36.548062,39.620602],[36.548345,39.620705],[36.548649,39.620798],[36.548801,39.620845],[36.54924,39.620959],[36.54927,39.620966],[36.549345,39.620983],[36.549812,39.621085],[36.550363,39.621189],[36.55092,39.621283],[36.553026,39.621621],[36.553428,39.621692],[36.553727,39.621745],[36.554232,39.621844],[36.554837,39.621963],[36.555959,39.622204],[36.557047,39.622437],[36.558423,39.622744],[36.558828,39.622834],[36.559203,39.622918],[36.560632,39.623236],[36.561548,39.623441],[36.563117,39.62379],[36.567217,39.624686],[36.568118,39.624883],[36.568273,39.62492],[36.5692,39.62514],[36.569722,39.625278],[36.569825,39.625309],[36.570223,39.625427],[36.57067,39.625583],[36.571121,39.625777],[36.57127,39.625865],[36.571286,39.625874],[36.571301,39.625883],[36.571488,39.625994],[36.571615,39.626108],[36.571774,39.626252],[36.571859,39.626392],[36.57192,39.626494],[36.571956,39.626554],[36.572059,39.626895],[36.572104,39.627267],[36.572105,39.62766],[36.57208,39.628009],[36.572076,39.628068],[36.572067,39.628138],[36.572024,39.628488],[36.571977,39.62879],[36.571958,39.628914],[36.571662,39.630537],[36.571652,39.630607],[36.571604,39.630935],[36.571582,39.63115],[36.571563,39.631333],[36.571551,39.631684],[36.571546,39.631822],[36.571547,39.631877],[36.571552,39.632126],[36.571586,39.632516],[36.571652,39.632899],[36.571672,39.632971],[36.571755,39.633273],[36.571817,39.633424],[36.571892,39.633611],[36.571961,39.633741],[36.572066,39.633936],[36.57215,39.634061],[36.57215,39.634062],[36.572274,39.634246],[36.572517,39.634537],[36.572649,39.634663],[36.572797,39.634804],[36.573148,39.635065],[36.573439,39.635236],[36.573538,39.635295],[36.57396,39.635496],[36.574104,39.635552],[36.574406,39.635669],[36.574689,39.635755],[36.574858,39.635806],[36.57504,39.635849],[36.575326,39.635916],[36.575805,39.635999],[36.576293,39.636053],[36.576737,39.636073],[36.576775,39.636075],[36.577261,39.636071],[36.577748,39.636046],[36.578235,39.636002],[36.578719,39.635941],[36.579199,39.635863],[36.579936,39.635713],[36.5807,39.635557],[36.581238,39.635471],[36.581738,39.635421],[36.582277,39.635404],[36.582609,39.635418],[36.582806,39.635426],[36.583042,39.635456],[36.583321,39.635492],[36.583488,39.635532],[36.583812,39.63561],[36.584034,39.635695],[36.584266,39.635784],[36.584697,39.636005],[36.584719,39.636019],[36.585111,39.63626],[36.585513,39.63654],[36.585638,39.636634],[36.585773,39.636737],[36.585905,39.636837],[36.586073,39.636971],[36.586292,39.637146],[36.587037,39.637777],[36.587341,39.638035],[36.587431,39.638111],[36.59195,39.642053],[36.59235,39.642414],[36.592992,39.642994],[36.593327,39.643309],[36.59356,39.643528],[36.593658,39.643619],[36.59379,39.643744],[36.593868,39.643821],[36.594021,39.643974],[36.594139,39.644091],[36.594156,39.644109],[36.594474,39.644444],[36.594674,39.644672],[36.594719,39.644724],[36.594782,39.644795],[36.594985,39.645041],[36.59508,39.645167],[36.595106,39.645201],[36.595218,39.645348],[36.59525,39.645395],[36.59532,39.645496],[36.595429,39.645656],[36.595434,39.645662],[36.595494,39.645762],[36.595627,39.645983],[36.59579,39.646301],[36.595811,39.646342],[36.59591,39.646573],[36.595969,39.64671],[36.596049,39.646926],[36.596106,39.64708],[36.596107,39.647085],[36.596112,39.6471],[36.596228,39.647464],[36.596293,39.647696],[36.596299,39.647718],[36.596301,39.647726],[36.596335,39.647847],[36.596439,39.648279],[36.596613,39.649151],[36.596702,39.649671],[36.596764,39.650028],[36.597107,39.652189],[36.597393,39.653985],[36.597576,39.65519],[36.597577,39.655194],[36.59766,39.655743],[36.597721,39.656212],[36.597762,39.656536],[36.597801,39.65691],[36.597804,39.656932],[36.597836,39.657329],[36.597849,39.6576],[36.597855,39.657726],[36.59786,39.658124],[36.59785,39.658523],[36.597826,39.658921],[36.597802,39.659179],[36.597788,39.659319],[36.597736,39.659717],[36.59767,39.660107],[36.597433,39.661287],[36.597399,39.661456],[36.597357,39.661667],[36.597294,39.662046],[36.597291,39.662062],[36.59724,39.662457],[36.597208,39.662851],[36.597205,39.663038],[36.597202,39.663242],[36.597227,39.663611],[36.597228,39.663631],[36.597254,39.663782],[36.59729,39.663994],[36.597308,39.66406],[36.597386,39.664352],[36.597512,39.664703],[36.597669,39.665046],[36.597772,39.665229],[36.597857,39.665379],[36.598069,39.665687],[36.598309,39.665981],[36.598575,39.666262],[36.59864,39.666323],[36.598864,39.666528],[36.599029,39.666658],[36.599178,39.666775],[36.599416,39.666931],[36.599567,39.66703],[36.599606,39.667052],[36.599985,39.667258],[36.600313,39.667406],[36.600427,39.667457],[36.600892,39.667624],[36.60142,39.667766],[36.601767,39.667836],[36.601967,39.667876],[36.602528,39.667964],[36.60311,39.668036],[36.603257,39.668051],[36.603673,39.668095],[36.604667,39.668182],[36.604833,39.668197],[36.60594,39.66828],[36.608328,39.668461],[36.610069,39.668586],[36.610405,39.668605],[36.610436,39.668607],[36.610692,39.668622],[36.611226,39.668653],[36.611802,39.668675],[36.612376,39.668684],[36.612947,39.668676],[36.613515,39.668643],[36.614078,39.668579],[36.614636,39.66849],[36.61519,39.66838],[36.615741,39.668254],[36.616287,39.668114],[36.616829,39.66796],[36.617083,39.66788],[36.617364,39.667792],[36.617713,39.667671],[36.617841,39.667627],[36.61878,39.667268],[36.619322,39.667045],[36.619722,39.66688],[36.620985,39.666338],[36.622616,39.665638],[36.623293,39.665363],[36.623531,39.665266],[36.623629,39.665229],[36.624016,39.665082],[36.624329,39.664973],[36.624507,39.66491],[36.625005,39.664755],[36.625485,39.664626],[36.626046,39.6645],[36.62634,39.664443],[36.626464,39.664419],[36.62696,39.664341],[36.627461,39.664282],[36.627964,39.664244],[36.62853,39.664231],[36.629098,39.664243],[36.629288,39.664254],[36.629667,39.664275],[36.630142,39.664316],[36.630237,39.664324],[36.630804,39.664388],[36.631369,39.664469],[36.631647,39.664518],[36.631928,39.664568],[36.632329,39.664655],[36.632421,39.664675],[36.632906,39.664798],[36.633384,39.664937],[36.63385,39.665091],[36.63428,39.665254],[36.63431,39.665265],[36.634753,39.665458],[36.634935,39.665551],[36.635173,39.665671],[36.635446,39.665838],[36.635562,39.665909],[36.635792,39.666084],[36.635891,39.666159],[36.63595,39.666204],[36.636049,39.666299],[36.636291,39.666529],[36.636582,39.66688],[36.636631,39.666958],[36.636715,39.667092],[36.636816,39.667254],[36.636968,39.667604],[36.637049,39.667879],[36.637068,39.66794],[36.637076,39.667968],[36.637146,39.668342],[36.637182,39.668723],[36.637187,39.669108],[36.637166,39.669415],[36.637159,39.669524],[36.637124,39.669789],[36.637104,39.669942],[36.637091,39.670015],[36.63703,39.670361],[36.636939,39.670773],[36.636844,39.671201],[36.636632,39.672039],[36.636544,39.672364],[36.636324,39.673179],[36.636065,39.674104],[36.635941,39.674547],[36.635485,39.676124],[36.635398,39.676442],[36.635273,39.676899],[36.635173,39.677316],[36.635085,39.677684],[36.635005,39.678077],[36.634936,39.678471],[36.634882,39.678865],[36.634849,39.679255],[36.634833,39.679658],[36.63484,39.680025],[36.634841,39.680052],[36.634847,39.680129],[36.634873,39.680444],[36.634936,39.680831],[36.635031,39.6812],[36.635158,39.681563],[36.635223,39.681711],[36.635314,39.681919],[36.635424,39.682124],[36.635434,39.682144],[36.635439,39.682152],[36.635499,39.682265],[36.635608,39.682434],[36.635678,39.682541],[36.635716,39.6826],[36.636004,39.682966],[36.636127,39.683099],[36.63633,39.683315],[36.636473,39.683448],[36.636687,39.683647],[36.637075,39.683961],[36.637251,39.684086],[36.637395,39.684188],[36.637878,39.684498],[36.638308,39.684744],[36.638509,39.684848],[36.638754,39.684974],[36.639054,39.685114],[36.639199,39.685182],[36.639603,39.685356],[36.639961,39.6855],[36.640119,39.685563],[36.640179,39.685586],[36.640209,39.685597],[36.64059,39.68574],[36.641077,39.685907],[36.641543,39.686066],[36.642026,39.686217],[36.642513,39.686359],[36.643017,39.686494],[36.643063,39.686506],[36.643617,39.686642],[36.644175,39.686768],[36.644689,39.686874],[36.644735,39.686884],[36.645297,39.686987],[36.645861,39.687074],[36.646306,39.687125],[36.646426,39.687139],[36.646998,39.687179],[36.647276,39.687186],[36.64757,39.687193],[36.647731,39.68719],[36.64814,39.687183],[36.648704,39.687148],[36.64926,39.687084],[36.649769,39.68699],[36.649804,39.686983],[36.649962,39.686941],[36.650287,39.686854],[36.650758,39.686696],[36.65122,39.686515],[36.651673,39.686315],[36.652018,39.68615],[36.652157,39.686083],[36.653107,39.685586],[36.653488,39.685375],[36.654045,39.685067],[36.6557,39.684124],[36.656835,39.683477],[36.658212,39.682672],[36.659082,39.682136],[36.659491,39.681867],[36.659889,39.68159],[36.660273,39.681302],[36.660544,39.681078],[36.660667,39.680976],[36.660855,39.680806],[36.661044,39.680637],[36.66141,39.680288],[36.66212,39.679572],[36.66316,39.678497],[36.663522,39.678122],[36.664243,39.677416],[36.664615,39.677071],[36.664647,39.677043],[36.664962,39.676767],[36.665179,39.676588],[36.665331,39.676462],[36.665783,39.676114],[36.666202,39.675826],[36.666619,39.675571],[36.666852,39.675448],[36.667054,39.675341],[36.667213,39.67527],[36.667507,39.675139],[36.667733,39.675058],[36.667979,39.674971],[36.668492,39.674839],[36.668826,39.67478],[36.669023,39.674746],[36.669482,39.674693],[36.670111,39.674651],[36.670659,39.674646],[36.671037,39.674664],[36.671204,39.674672],[36.671472,39.674704],[36.671739,39.674736],[36.672218,39.674834],[36.672682,39.674966],[36.673127,39.67513],[36.673313,39.675217],[36.673547,39.675326],[36.673926,39.675557],[36.673957,39.675575],[36.674021,39.675614],[36.67435,39.675856],[36.674482,39.675974],[36.674694,39.676166],[36.674747,39.676226],[36.674869,39.676364],[36.67495,39.676455],[36.674992,39.676503],[36.675,39.676514],[36.675115,39.676681],[36.675212,39.676823],[36.675394,39.677159],[36.675544,39.677508],[36.675627,39.677761],[36.675662,39.677867],[36.67575,39.678233],[36.675767,39.67835],[36.675793,39.67853],[36.675838,39.679025],[36.675848,39.679426],[36.675843,39.679829],[36.675807,39.680652],[36.675773,39.68143],[36.675773,39.681581],[36.675774,39.681827],[36.675795,39.682222],[36.675809,39.682325],[36.675853,39.682665],[36.675938,39.683105],[36.675962,39.683202],[36.676045,39.683544],[36.676204,39.684085],[36.676295,39.684397],[36.676739,39.685724],[36.677692,39.688419],[36.678123,39.689636],[36.678526,39.690744],[36.678595,39.690934],[36.678934,39.69179],[36.679119,39.692211],[36.679321,39.692625],[36.679417,39.692797],[36.67951,39.692965],[36.679546,39.693029],[36.679697,39.693258],[36.679802,39.693419],[36.680094,39.693787],[36.680304,39.694014],[36.680476,39.6942],[36.680578,39.694302],[36.680763,39.694487],[36.680863,39.69458],[36.681126,39.694825],[36.681261,39.694946],[36.681499,39.695159],[36.681922,39.695522],[36.682036,39.69562],[36.682102,39.695677],[36.682267,39.695818],[36.683464,39.696812],[36.683719,39.697024],[36.683772,39.697068],[36.683991,39.69725],[36.684029,39.697282],[36.684233,39.697451],[36.685433,39.698415],[36.685841,39.698726],[36.685922,39.698786],[36.686059,39.698886],[36.686116,39.698927],[36.686256,39.699029],[36.686682,39.699318],[36.686917,39.699461],[36.687027,39.699529],[36.687052,39.699544],[36.687123,39.699588],[36.687585,39.699831],[36.687932,39.699979],[36.688077,39.700041],[36.688288,39.700115],[36.688591,39.700222],[36.68912,39.700377],[36.6892,39.700396],[36.689661,39.700508],[36.690181,39.700609],[36.690211,39.700615],[36.690768,39.700695],[36.690783,39.700697],[36.691329,39.700742],[36.691888,39.70075],[36.692448,39.700725],[36.693009,39.700675],[36.693385,39.700625],[36.693567,39.700602],[36.694119,39.700507],[36.694664,39.700389],[36.695142,39.700259],[36.695196,39.700244],[36.695263,39.700221],[36.695672,39.700083],[36.695832,39.700018],[36.696133,39.699897],[36.696408,39.699768],[36.696578,39.699688],[36.696817,39.699558],[36.697005,39.699456],[36.697315,39.69926],[36.697439,39.699182],[36.697618,39.699054],[36.697852,39.698885],[36.698059,39.698719],[36.698245,39.698571],[36.698617,39.69824],[36.698911,39.697955],[36.698986,39.697875],[36.699189,39.69766],[36.69945,39.697358],[36.699694,39.697047],[36.699915,39.696729],[36.700119,39.69639],[36.700158,39.696312],[36.700294,39.696042],[36.70033,39.695957],[36.700442,39.695689],[36.700557,39.695331],[36.700636,39.694969],[36.700674,39.694591],[36.700673,39.694446],[36.700671,39.694212],[36.700632,39.693833],[36.700559,39.693457],[36.70045,39.693086],[36.700337,39.692803],[36.700308,39.692732],[36.700287,39.69269],[36.700226,39.692568],[36.700134,39.692385],[36.700119,39.692359],[36.700027,39.692207],[36.699932,39.692047],[36.699702,39.69172],[36.699647,39.691653],[36.699506,39.691482],[36.699471,39.69144],[36.699041,39.691006],[36.698906,39.690893],[36.69867,39.690695],[36.698344,39.690455],[36.697912,39.690189],[36.697886,39.690176],[36.697605,39.690033],[36.697489,39.689974],[36.697359,39.689919],[36.697045,39.689784],[36.697042,39.689783],[36.697004,39.68977],[36.696578,39.689614],[36.696398,39.689557],[36.696099,39.689464],[36.695706,39.689359],[36.695553,39.689318],[36.693653,39.688887],[36.693322,39.688812],[36.692778,39.688667],[36.69225,39.688498],[36.692054,39.688421],[36.691792,39.688318],[36.691356,39.688111],[36.690985,39.687902],[36.690945,39.687879],[36.690942,39.687877],[36.690783,39.68777],[36.690563,39.687622],[36.690501,39.687571],[36.690249,39.687366],[36.689971,39.687099],[36.689962,39.687091],[36.689702,39.686801],[36.689652,39.686735],[36.689511,39.686552],[36.689476,39.686507],[36.68947,39.686499],[36.689392,39.686377],[36.689269,39.686185],[36.689267,39.686181],[36.68918,39.686009],[36.689116,39.685885],[36.689093,39.68584],[36.689086,39.685821],[36.688957,39.685487],[36.688933,39.685393],[36.688866,39.68514],[36.688864,39.685133],[36.68884,39.684944],[36.68882,39.684781],[36.688833,39.684435],[36.688877,39.684255],[36.688922,39.684072],[36.688963,39.683985],[36.689084,39.68373],[36.689266,39.68348],[36.689314,39.683414],[36.689611,39.683137],[36.689935,39.68293],[36.690339,39.682738],[36.6905,39.682681],[36.690763,39.682587],[36.691204,39.682465],[36.691216,39.682461],[36.691231,39.682458],[36.691751,39.682347],[36.692304,39.682255],[36.692869,39.682178],[36.693156,39.682147],[36.694019,39.682053],[36.69518,39.681948],[36.698655,39.681655],[36.699928,39.681543],[36.700956,39.681453],[36.707859,39.680812],[36.709074,39.680713],[36.709568,39.680679],[36.710662,39.680617],[36.71088,39.680608],[36.711209,39.680594],[36.711752,39.680577],[36.711927,39.680575],[36.712291,39.68057],[36.712743,39.680575],[36.712823,39.680575],[36.712976,39.680582],[36.713343,39.680598],[36.713781,39.680638],[36.713847,39.680644],[36.713912,39.680655],[36.714327,39.680723],[36.714446,39.680755],[36.714773,39.680845],[36.715182,39.681023],[36.715351,39.681129],[36.71554,39.681249],[36.715765,39.681448],[36.715775,39.681457],[36.715841,39.681515],[36.715927,39.681628],[36.716006,39.681731],[36.716073,39.681817],[36.716115,39.681908],[36.716217,39.68213],[36.716296,39.682461],[36.7163,39.682534],[36.716316,39.682807],[36.716279,39.683157],[36.716219,39.683372],[36.716181,39.683505],[36.716035,39.683821],[36.715853,39.684115],[36.715844,39.68413],[36.715616,39.684432],[36.715357,39.684726],[36.715192,39.684893],[36.715073,39.685013],[36.714714,39.685337],[36.714623,39.685412],[36.714333,39.685652],[36.713148,39.686585],[36.71276,39.686903],[36.712696,39.686958],[36.712385,39.687227],[36.712127,39.687471],[36.712033,39.68756],[36.712006,39.687589],[36.711699,39.687916],[36.711454,39.68822],[36.711208,39.688576],[36.711147,39.688665],[36.710944,39.689058],[36.710818,39.689418],[36.71075,39.689727],[36.710737,39.689787],[36.710696,39.690161],[36.710695,39.690538],[36.710734,39.690915],[36.710822,39.69132],[36.71084,39.691377],[36.710948,39.691723],[36.711027,39.691932],[36.711101,39.692125],[36.711273,39.692526],[36.711409,39.692819],[36.711459,39.692926],[36.711535,39.693077],[36.71206,39.694123],[36.713258,39.696409],[36.71352,39.696908],[36.714079,39.697937],[36.714133,39.698035],[36.714192,39.698137],[36.714433,39.698556],[36.714568,39.698789],[36.714929,39.699375],[36.71496,39.699425],[36.715036,39.699542],[36.715214,39.699815],[36.715298,39.699934],[36.715455,39.700157],[36.715675,39.70047],[36.715726,39.700537],[36.715919,39.700791],[36.716172,39.701107],[36.716396,39.701369],[36.716437,39.701417],[36.716772,39.701778],[36.717119,39.702122],[36.717289,39.702273],[36.717569,39.702525],[36.717886,39.702785],[36.71809,39.702935],[36.718109,39.702949],[36.718143,39.702974],[36.718278,39.703073],[36.718461,39.703193],[36.718688,39.703342],[36.718986,39.703513],[36.719117,39.703589],[36.719323,39.703691],[36.719565,39.70381],[36.719839,39.703921],[36.720049,39.704005],[36.720209,39.704058],[36.720551,39.70417],[36.721066,39.704306],[36.721229,39.704339],[36.72159,39.704411],[36.722119,39.704483],[36.722654,39.704512],[36.723201,39.704493],[36.723433,39.704468],[36.72375,39.704434],[36.723918,39.704408],[36.7243,39.704347],[36.724851,39.704239],[36.725402,39.704117],[36.725639,39.704061],[36.725953,39.703986],[36.726267,39.703905],[36.727237,39.703657],[36.729118,39.704021],[36.730256,39.704242],[36.730933,39.704385],[36.731242,39.70445],[36.735482,39.7107],[36.735189,39.714601],[36.735097,39.715835],[36.734371,39.717164],[36.734041,39.717767],[36.734065,39.718043],[36.734206,39.719692],[36.73461,39.723969],[36.734682,39.724736],[36.734723,39.725837],[36.734872,39.729876],[36.734968,39.735587],[36.73473,39.738053],[36.734492,39.740536],[36.73373,39.747484],[36.733613,39.749281],[36.73335,39.75329],[36.732493,39.757002],[36.732493,39.760333],[36.732456,39.76186],[36.732398,39.764235],[36.732398,39.76663],[36.732398,39.7669],[36.732484,39.76731],[36.733254,39.770993],[36.733591,39.771801],[36.734206,39.773277],[36.734454,39.773568],[36.735361,39.774636],[36.735824,39.775181],[36.737487,39.776524],[36.738299,39.777179],[36.739132,39.777609],[36.74144,39.778798],[36.744249,39.779825],[36.745342,39.780225],[36.749911,39.782034],[36.752956,39.783461],[36.756002,39.786031],[36.756439,39.786503],[36.758382,39.788601],[36.760062,39.791745],[36.761332,39.794121],[36.762189,39.796977],[36.763339,39.798915],[36.763997,39.800022],[36.765947,39.801782],[36.766961,39.802697],[36.767358,39.803055],[36.767899,39.803544],[36.770615,39.805091],[36.774752,39.807446],[36.779098,39.808998],[36.781415,39.809826],[36.786459,39.810873],[36.791313,39.811444],[36.795882,39.811349],[36.800238,39.811282],[36.802068,39.811253],[36.802855,39.811473],[36.806161,39.812396],[36.806438,39.812491],[36.811967,39.814394],[36.815679,39.816488],[36.817006,39.817501],[36.817963,39.818231],[36.819296,39.819248],[36.81978,39.819975],[36.820023,39.820339],[36.820819,39.821533],[36.821961,39.823436],[36.823579,39.824483],[36.82691,39.825911],[36.827835,39.826446],[36.831569,39.828605],[36.83481,39.830479],[36.840235,39.833335],[36.845184,39.83638],[36.849848,39.840092],[36.851912,39.842221],[36.852894,39.843233],[36.855749,39.84666],[36.856701,39.848944],[36.856701,39.850657],[36.856355,39.851638],[36.855559,39.853893],[36.854509,39.855798],[36.852989,39.858557],[36.851899,39.859838],[36.849182,39.86303],[36.847754,39.865791],[36.847627,39.866329],[36.846993,39.869027],[36.846993,39.870074],[36.846881,39.872875],[36.846707,39.877212],[36.846521,39.880465],[36.846517,39.880543],[36.846517,39.880582],[36.846517,39.883303],[36.846136,39.887872],[36.844994,39.893488],[36.844518,39.896533],[36.842948,39.903831],[36.8429,39.904052],[36.842899,39.904057],[36.842519,39.906813],[36.84258,39.909013],[36.842614,39.910239],[36.842725,39.911633],[36.8429,39.913856],[36.843138,39.91463],[36.843661,39.91633],[36.844727,39.91935],[36.844785,39.919514],[36.844804,39.919566],[36.845566,39.921564],[36.846802,39.924801],[36.849087,39.931844],[36.849848,39.935652],[36.850038,39.939554],[36.848801,39.942695],[36.847135,39.946027],[36.846707,39.946883],[36.844669,39.949867],[36.844042,39.950785],[36.843971,39.950901],[36.841663,39.954687],[36.840901,39.958685],[36.840654,39.962315],[36.840616,39.962873],[36.840616,39.963671],[36.840616,39.965157],[36.84073,39.967434],[36.840806,39.968964],[36.84033,39.972676],[36.839378,39.976864],[36.839367,39.977123],[36.839283,39.979053],[36.839251,39.98039],[36.839188,39.982955],[36.839794,39.98644],[36.839949,39.987333],[36.841189,39.990521],[36.841282,39.99076],[36.844708,39.995138],[36.847675,39.998223],[36.849467,40.000087],[36.851245,40.002921],[36.852513,40.004941],[36.853109,40.005836],[36.853586,40.006551],[36.854417,40.007797],[36.855992,40.010395],[36.857246,40.012466],[36.859101,40.015526],[36.860127,40.01722],[36.863173,40.02293],[36.86465,40.026461],[36.865362,40.028165],[36.866552,40.031369],[36.866599,40.031496],[36.868027,40.039301],[36.868234,40.040488],[36.868408,40.04149],[36.86936,40.043965],[36.869605,40.044186],[36.871263,40.045678],[36.87313,40.046922],[36.873262,40.04701],[36.873643,40.047331],[36.874011,40.047641],[36.876879,40.050056],[36.877207,40.050329],[36.878021,40.051008],[36.878157,40.051225],[36.879449,40.053292],[36.880164,40.055],[36.882399,40.060335],[36.884398,40.065094],[36.886682,40.072804],[36.887253,40.074422],[36.888118,40.076691],[36.888776,40.078419],[36.889291,40.079607],[36.890013,40.081275],[36.890676,40.082269],[36.891339,40.083263],[36.891342,40.083267],[36.891346,40.083273],[36.891888,40.084216],[36.893154,40.086414],[36.895724,40.091744],[36.895819,40.091922],[36.896392,40.09299],[36.897152,40.094409],[36.899817,40.097455],[36.902196,40.101357],[36.9022,40.101362],[36.905027,40.104975],[36.905623,40.105735],[36.9057,40.105848],[36.907717,40.108781],[36.909715,40.112493],[36.911616,40.117158],[36.911809,40.117633],[36.912571,40.120203],[36.913016,40.120846],[36.913037,40.120876],[36.913427,40.12144],[36.913702,40.121736],[36.91445,40.122542],[36.914569,40.12267],[36.914665,40.122772],[36.915619,40.123979],[36.919709,40.129149],[36.92022,40.129813],[36.922334,40.132562],[36.923516,40.134099],[36.923946,40.134597],[36.925082,40.135914],[36.926478,40.137532],[36.927704,40.138953],[36.931466,40.144328],[36.931701,40.144663],[36.936658,40.153254],[36.937327,40.154415],[36.937412,40.154562],[36.939982,40.159797],[36.942266,40.16408],[36.942462,40.164371],[36.945598,40.169029],[36.948738,40.175787],[36.94969,40.178071],[36.952831,40.184829],[36.953431,40.186821],[36.955683,40.194301],[36.956644,40.193885],[36.961594,40.192171],[36.966352,40.191315],[36.973967,40.189982],[36.982152,40.187698],[36.988053,40.185699],[36.997857,40.183415],[37.008421,40.182273],[37.020223,40.181321],[37.033644,40.179893],[37.040401,40.179608],[37.045541,40.179417],[37.051252,40.178942],[37.054773,40.178466],[37.059723,40.177895],[37.064386,40.177799],[37.067432,40.178085],[37.068754,40.173256],[37.06942,40.171162],[37.070467,40.169353],[37.07218,40.167735],[37.07475,40.166879],[37.081127,40.16507],[37.083507,40.16469],[37.086838,40.163452],[37.092453,40.160883],[37.095309,40.159931],[37.097593,40.159169],[37.100734,40.157646],[37.105683,40.156124],[37.110157,40.155457],[37.114344,40.155362],[37.121197,40.156124],[37.127479,40.156599],[37.132999,40.157361],[37.137092,40.157646],[37.140614,40.157456],[37.147847,40.157075],[37.154034,40.15679],[37.158507,40.155648],[37.162314,40.154125],[37.164123,40.152126],[37.165646,40.150032],[37.166407,40.147938],[37.166502,40.145368],[37.166502,40.141561],[37.166502,40.138325],[37.166502,40.134708],[37.166597,40.131948],[37.167644,40.129283],[37.169929,40.125857],[37.171451,40.123573],[37.17345,40.120337],[37.176781,40.115482],[37.179161,40.111104],[37.180684,40.105965],[37.182111,40.100349],[37.183063,40.097018],[37.183634,40.093687],[37.186109,40.088547],[37.188584,40.08236],[37.190392,40.079505],[37.191534,40.078268],[37.193723,40.076459],[37.198292,40.074461],[37.203051,40.071986],[37.207429,40.069131],[37.21076,40.066656],[37.213615,40.06361],[37.215138,40.059898],[37.216756,40.056948],[37.218374,40.05295],[37.219231,40.049143],[37.219802,40.046478],[37.219992,40.041148],[37.219517,40.037436],[37.21847,40.034866],[37.217042,40.032677],[37.215805,40.030869],[37.214472,40.029727],[37.211997,40.027918],[37.209047,40.0263],[37.205655,40.024887],[37.20562,40.024873],[37.201623,40.023445],[37.194389,40.020685],[37.188964,40.018591],[37.185919,40.016402],[37.182207,40.012975],[37.180113,40.010025],[37.179066,40.008121],[37.177733,40.002601],[37.177162,40.000697],[37.176306,39.995367],[37.17621,39.992131],[37.176401,39.987848],[37.176401,39.985278],[37.176781,39.982328],[37.178399,39.979568],[37.179161,39.977664],[37.18154,39.973191],[37.183158,39.970145],[37.184776,39.966909],[37.18668,39.963482],[37.190297,39.956249],[37.191344,39.953489],[37.1922,39.950348],[37.1922,39.948254],[37.19182,39.945494],[37.191249,39.941306],[37.191439,39.937879],[37.19201,39.9355],[37.193438,39.932264],[37.195151,39.927505],[37.196198,39.923222],[37.196769,39.919224],[37.198577,39.914941],[37.200671,39.909136],[37.201276,39.906875],[37.202608,39.898785],[37.203179,39.894311],[37.204226,39.888886],[37.204797,39.885745],[37.205844,39.880034],[37.207462,39.875656],[37.207748,39.871754],[37.206986,39.868137],[37.204988,39.865567],[37.202703,39.863473],[37.199562,39.86157],[37.194803,39.858714],[37.19052,39.857287],[37.182335,39.855098],[37.178718,39.854146],[37.174055,39.851671],[37.172722,39.850148],[37.171961,39.84853],[37.171865,39.847008],[37.171961,39.846056],[37.172151,39.845009],[37.172627,39.84301],[37.175006,39.839869],[37.175673,39.837299],[37.175863,39.835205],[37.176339,39.831018],[37.177291,39.825307],[37.17948,39.817312],[37.181859,39.813029],[37.18519,39.809507],[37.188617,39.807128],[37.196421,39.801607],[37.199658,39.798562],[37.200609,39.796658],[37.202418,39.792946],[37.20356,39.789425],[37.20651,39.785808],[37.209556,39.783809],[37.212983,39.782191],[37.220406,39.780192],[37.229068,39.779145],[37.231447,39.778765],[37.233731,39.778765],[37.240584,39.778194],[37.255813,39.778289],[37.263903,39.778479],[37.270851,39.778574],[37.27818,39.777622],[37.283224,39.776671],[37.288459,39.774672],[37.290553,39.773149],[37.291885,39.770199],[37.293599,39.767058],[37.294836,39.763346],[37.296359,39.760966],[37.2995,39.75773],[37.301974,39.756398],[37.304639,39.754684],[37.307685,39.7524],[37.309589,39.750306],[37.311016,39.748593],[37.317393,39.742311],[37.322343,39.738219],[37.327006,39.735649],[37.336239,39.731746],[37.34214,39.729272],[37.345756,39.728891],[37.348993,39.729081],[37.354989,39.729653],[37.360795,39.730699],[37.362222,39.73089],[37.367267,39.731175],[37.370217,39.730509],[37.372882,39.728986],[37.375357,39.726988],[37.377356,39.723561],[37.378783,39.721943],[37.381734,39.719183],[37.384018,39.716899],[37.386398,39.714043],[37.388301,39.711378],[37.389824,39.708713],[37.392204,39.703383],[37.394393,39.700242],[37.396391,39.697768],[37.3982,39.694532],[37.399627,39.692533],[37.401817,39.690915],[37.40391,39.689487],[37.40648,39.687869],[37.407908,39.686346],[37.409145,39.684633],[37.410192,39.682825],[37.413333,39.678351],[37.414951,39.675496],[37.41714,39.671784],[37.419329,39.665597],[37.4199,39.662932],[37.420757,39.660267],[37.421614,39.65646],[37.423517,39.652653],[37.425802,39.648751],[37.427039,39.642945],[37.427324,39.641041],[37.427705,39.637996],[37.429418,39.632475],[37.431893,39.628383],[37.43275,39.626765],[37.435129,39.622672],[37.437033,39.618865],[37.43846,39.61639],[37.44084,39.613725],[37.443505,39.611536],[37.445218,39.609442],[37.447217,39.605825],[37.449501,39.599163],[37.450167,39.596403],[37.450453,39.593452],[37.450453,39.59231],[37.450358,39.591453],[37.449215,39.587551],[37.449311,39.58441],[37.449501,39.582507],[37.450262,39.579937],[37.451119,39.577177],[37.452356,39.572132],[37.453118,39.568801],[37.453784,39.566041],[37.454355,39.560996],[37.454736,39.556237],[37.456925,39.551098],[37.459399,39.545387],[37.460256,39.541294],[37.461874,39.537297],[37.465205,39.534537],[37.459663,39.532601],[37.455951,39.53103],[37.453095,39.530174],[37.44767,39.528603],[37.442102,39.527318],[37.437534,39.526747],[37.433322,39.525891],[37.430324,39.525248],[37.426564,39.523844],[37.421615,39.52156],[37.417903,39.520037],[37.413334,39.518038],[37.410289,39.517087],[37.407529,39.51642],[37.403245,39.515564],[37.399438,39.514612],[37.396583,39.51347],[37.392681,39.511661],[37.387351,39.509758],[37.384115,39.50852],[37.377167,39.50538],[37.372884,39.502619],[37.368601,39.499764],[37.364698,39.497765],[37.359178,39.494244],[37.356323,39.492721],[37.354133,39.491198],[37.350136,39.489199],[37.347185,39.488438],[37.343473,39.487867],[37.339952,39.487867],[37.33643,39.487867],[37.332338,39.487867],[37.329197,39.487486],[37.319393,39.486629],[37.315205,39.48682],[37.310447,39.486249],[37.305688,39.486249],[37.302737,39.485868],[37.300453,39.486058],[37.29893,39.486915],[37.297693,39.488438],[37.295789,39.490722],[37.293314,39.494244],[37.291887,39.496147],[37.290364,39.49767],[37.288651,39.499383],[37.286462,39.501477],[37.283511,39.503],[37.281036,39.503666],[37.274564,39.503952],[37.26695,39.504428],[37.262381,39.504904],[37.258003,39.50538],[37.255148,39.505475],[37.25115,39.505189],[37.247058,39.505094],[37.238587,39.505475],[37.227165,39.507188],[37.21917,39.509187],[37.21346,39.510805],[37.207083,39.512328],[37.200991,39.512994],[37.197755,39.512613],[37.19233,39.511471],[37.187095,39.509472],[37.184621,39.508806],[37.180528,39.508045],[37.175388,39.50833],[37.167108,39.509282],[37.160445,39.510995],[37.151594,39.513089],[37.140839,39.51623],[37.132463,39.518038],[37.127418,39.519656],[37.123326,39.522036],[37.117139,39.525843],[37.111809,39.530792],[37.107336,39.534695],[37.105908,39.536503],[37.102577,39.542118],[37.099341,39.547639],[37.095629,39.553254],[37.094772,39.555158],[37.092012,39.558965],[37.089157,39.561916],[37.082018,39.567721],[37.0725,39.575145],[37.066123,39.580475],[37.060603,39.584187],[37.054988,39.587138],[37.053179,39.587709],[37.050514,39.588756],[37.047944,39.589517],[37.045089,39.590184],[37.042614,39.590184],[37.039664,39.589422],[37.038807,39.588661],[37.03738,39.587328],[37.035952,39.586281],[37.034905,39.585805],[37.032621,39.585329],[37.029385,39.585234],[37.022532,39.584854],[37.016535,39.583331],[37.012919,39.582379],[37.00835,39.579904],[37.00559,39.578096],[37.004543,39.576383],[37.003877,39.573147],[37.003401,39.56934],[37.002925,39.565818],[37.002354,39.562106],[37.001307,39.559346],[36.999403,39.556871],[36.992931,39.549162],[36.98979,39.546497],[36.987125,39.543641],[36.984651,39.541167],[36.981986,39.538407],[36.97894,39.535361],[36.975418,39.531934],[36.971897,39.52946],[36.967899,39.52708],[36.964378,39.526224],[36.95743,39.525177],[36.951719,39.524701],[36.945723,39.523939],[36.943248,39.523844],[36.934492,39.522607],[36.929638,39.520989],[36.924688,39.517087],[36.922499,39.515183],[36.917931,39.50852],[36.916408,39.504809],[36.91517,39.501763],[36.913648,39.498432],[36.912601,39.495671],[36.910412,39.491959],[36.907937,39.489009],[36.904701,39.486629],[36.902702,39.485678],[36.896706,39.48425],[36.892042,39.482061],[36.888235,39.479777],[36.886617,39.478159],[36.88557,39.475969],[36.884142,39.4734],[36.882619,39.470354],[36.88043,39.467594],[36.877861,39.465881],[36.875005,39.464072],[36.870722,39.461883],[36.865678,39.459884],[36.862061,39.456934],[36.859015,39.453603],[36.856541,39.450652],[36.854351,39.445703],[36.853685,39.443704],[36.853876,39.440658],[36.854066,39.437613],[36.854066,39.435804],[36.853209,39.433044],[36.852067,39.429808],[36.850449,39.426953],[36.848355,39.423336],[36.847023,39.421432],[36.845405,39.418482],[36.843596,39.415341],[36.841407,39.40963],[36.8404,39.405284],[36.838369,39.404776],[36.836465,39.403634],[36.832658,39.40154],[36.830278,39.399637],[36.827518,39.396496],[36.82314,39.392594],[36.814574,39.387168],[36.808007,39.384789],[36.80163,39.383076],[36.797251,39.382981],[36.789732,39.383361],[36.783546,39.383837],[36.778787,39.38517],[36.774599,39.386502],[36.771268,39.386693],[36.766794,39.386502],[36.760798,39.385455],[36.758419,39.384694],[36.753565,39.383361],[36.747854,39.380125],[36.739669,39.375842],[36.730817,39.372796],[36.725582,39.370607],[36.71911,39.368323],[36.708069,39.363279],[36.70312,39.360138],[36.696457,39.355855],[36.686369,39.351381],[36.68199,39.349478],[36.673615,39.345861],[36.666667,39.343957],[36.657149,39.341007],[36.6522,39.341007]]]}},{"type":"Feature","properties":{"id":"TR-D-58-013","parent_id":"TR-P-58","region_id":"TR-R-ICA","level":"district","municipality_type":null,"municipality_type_label":null,"is_metropolitan_municipality":null,"name":"Suşehri","name_ascii":"susehri","slug":"susehri-sivas"},"geometry":{"type":"Polygon","coordinates":[[[38.241798,39.987352],[38.238836,39.986083],[38.234838,39.983989],[38.231317,39.981705],[38.227319,39.979516],[38.223607,39.977517],[38.219514,39.975899],[38.216659,39.974281],[38.212186,39.972853],[38.20657,39.970474],[38.198575,39.967904],[38.19058,39.966286],[38.183442,39.965144],[38.180777,39.965334],[38.177826,39.96581],[38.173067,39.967713],[38.170878,39.969141],[38.168499,39.970664],[38.163549,39.972758],[38.158124,39.973614],[38.153556,39.973805],[38.149653,39.974471],[38.146322,39.976375],[38.144323,39.978373],[38.143086,39.980182],[38.142325,39.981514],[38.137375,39.984084],[38.13433,39.985512],[38.131379,39.98713],[38.128143,39.989224],[38.124146,39.991413],[38.120529,39.992936],[38.11577,39.99522],[38.111963,39.997314],[38.107585,39.999027],[38.103397,40.00036],[38.101208,40.000835],[38.092832,40.002263],[38.084361,40.003881],[38.074272,40.006356],[38.065611,40.006641],[38.05714,40.009211],[38.053333,40.010924],[38.047812,40.011305],[38.044196,40.010544],[38.040579,40.008069],[38.034012,40.002358],[38.027349,39.997124],[38.023161,39.994839],[38.014786,39.991222],[38.011359,39.990176],[38.007076,39.988367],[38.002603,39.986559],[38.000604,39.985512],[37.999747,39.984179],[37.99913,39.983455],[37.992333,39.985159],[37.987955,39.986968],[37.98253,39.988681],[37.975867,39.992583],[37.973678,39.994867],[37.971108,39.997437],[37.967492,39.999055],[37.960734,40.002291],[37.95588,40.0041],[37.949217,40.006955],[37.944839,40.008383],[37.941127,40.010001],[37.938272,40.011714],[37.934655,40.014094],[37.931704,40.018281],[37.930277,40.021803],[37.929515,40.023516],[37.928564,40.025896],[37.92685,40.029037],[37.925613,40.032082],[37.925042,40.035509],[37.925327,40.037507],[37.925803,40.039792],[37.925803,40.043123],[37.925708,40.045407],[37.926089,40.047311],[37.927421,40.049881],[37.928564,40.05226],[37.930277,40.054925],[37.931419,40.056638],[37.932942,40.059208],[37.933608,40.06292],[37.933989,40.064633],[37.932942,40.069487],[37.930657,40.07377],[37.927992,40.077863],[37.925994,40.08129],[37.925042,40.083193],[37.923519,40.086429],[37.922377,40.088904],[37.919046,40.094329],[37.916571,40.096899],[37.915239,40.099469],[37.914287,40.102419],[37.913811,40.10537],[37.913621,40.10813],[37.913049,40.110795],[37.912371,40.111995],[37.917646,40.116041],[37.91955,40.117754],[37.924404,40.120704],[37.929258,40.123274],[37.932018,40.124892],[37.933446,40.12651],[37.935159,40.128223],[37.936682,40.130127],[37.9383,40.131364],[37.940394,40.133173],[37.942488,40.134886],[37.945058,40.137075],[37.946485,40.13955],[37.948199,40.141834],[37.951149,40.144023],[37.953338,40.146688],[37.956289,40.149543],[37.957716,40.150686],[37.95943,40.152684],[37.960001,40.154302],[37.961143,40.156777],[37.962571,40.158966],[37.964284,40.160299],[37.967044,40.161726],[37.968757,40.162107],[37.969899,40.162868],[37.971232,40.164201],[37.973231,40.167437],[37.977514,40.172006],[37.980559,40.176098],[37.985413,40.181809],[37.987793,40.183903],[37.990077,40.185521],[37.993218,40.188471],[37.995312,40.190565],[37.997596,40.194277],[37.998548,40.196371],[38.000071,40.199227],[38.001689,40.203224],[38.003688,40.20903],[38.004449,40.211505],[38.004735,40.213313],[38.00483,40.215121],[38.004925,40.217215],[38.00521,40.219119],[38.005782,40.220261],[38.006733,40.221689],[38.008161,40.223497],[38.01035,40.226162],[38.01311,40.228732],[38.014728,40.230255],[38.01587,40.231873],[38.017964,40.234062],[38.019392,40.23587],[38.02101,40.239297],[38.021676,40.24082],[38.022533,40.242913],[38.022914,40.245103],[38.023104,40.247768],[38.023199,40.249386],[38.023199,40.252622],[38.023199,40.255572],[38.022723,40.257856],[38.022247,40.260712],[38.021581,40.263662],[38.021296,40.266137],[38.021296,40.268802],[38.021296,40.27061],[38.021867,40.274227],[38.022057,40.276892],[38.022533,40.278605],[38.023009,40.280319],[38.023675,40.282032],[38.024056,40.283745],[38.024341,40.286029],[38.024912,40.288314],[38.025579,40.29174],[38.025769,40.293548],[38.026245,40.296309],[38.026245,40.297165],[38.02615,40.298402],[38.025579,40.300592],[38.023961,40.302876],[38.022247,40.306207],[38.019868,40.310966],[38.017964,40.315439],[38.016442,40.319913],[38.016442,40.322673],[38.016442,40.325814],[38.017679,40.329621],[38.018726,40.33181],[38.021486,40.336188],[38.023104,40.338473],[38.026245,40.340852],[38.030909,40.344183],[38.03424,40.346087],[38.040427,40.35018],[38.042901,40.352273],[38.046232,40.354938],[38.048707,40.357032],[38.05042,40.359126],[38.05299,40.362553],[38.055941,40.366265],[38.058225,40.370738],[38.060604,40.37464],[38.061271,40.376163],[38.062318,40.379875],[38.062508,40.381874],[38.062603,40.383682],[38.062984,40.385967],[38.063365,40.388156],[38.064031,40.390821],[38.064887,40.393391],[38.065649,40.395009],[38.066886,40.397007],[38.068219,40.398816],[38.070598,40.401766],[38.074025,40.404241],[38.078498,40.406716],[38.082115,40.408429],[38.083828,40.409095],[38.086969,40.409856],[38.093155,40.411284],[38.096772,40.41195],[38.100484,40.412712],[38.106195,40.41433],[38.113143,40.414996],[38.115998,40.415377],[38.118378,40.416138],[38.120567,40.41728],[38.12209,40.418898],[38.124564,40.423752],[38.125231,40.426417],[38.125897,40.428511],[38.12742,40.430891],[38.128752,40.432699],[38.132384,40.434305],[38.133716,40.430213],[38.13581,40.426596],[38.137428,40.422884],[38.140379,40.418315],[38.142568,40.414318],[38.147612,40.408036],[38.14923,40.404229],[38.150753,40.400802],[38.151514,40.397471],[38.152561,40.389],[38.152657,40.385764],[38.152657,40.381672],[38.153037,40.378626],[38.153418,40.375675],[38.153513,40.371773],[38.154179,40.367871],[38.15475,40.364254],[38.155417,40.360542],[38.155702,40.357211],[38.155988,40.354451],[38.156273,40.351214],[38.155607,40.347788],[38.154846,40.344647],[38.15475,40.342648],[38.154655,40.340364],[38.155607,40.337699],[38.156273,40.335415],[38.159414,40.330085],[38.161508,40.328562],[38.165315,40.325802],[38.168361,40.323803],[38.172073,40.321328],[38.173405,40.320186],[38.173596,40.318568],[38.173786,40.315713],[38.173215,40.312572],[38.172549,40.309622],[38.171978,40.306671],[38.171692,40.304006],[38.171692,40.301722],[38.172644,40.300865],[38.175595,40.298866],[38.177784,40.296868],[38.180544,40.295725],[38.183209,40.294107],[38.184446,40.292585],[38.184636,40.290491],[38.184636,40.286779],[38.184732,40.283543],[38.184922,40.280307],[38.185112,40.277642],[38.184636,40.274691],[38.18397,40.272312],[38.183875,40.268219],[38.183875,40.265268],[38.18359,40.262794],[38.182257,40.260414],[38.180353,40.257178],[38.179211,40.25537],[38.177022,40.250421],[38.174928,40.246042],[38.173786,40.24233],[38.171883,40.235668],[38.171026,40.230528],[38.170836,40.227292],[38.17074,40.223961],[38.171502,40.221201],[38.174452,40.217774],[38.177117,40.216156],[38.182352,40.213491],[38.189491,40.211493],[38.193678,40.21035],[38.199865,40.209018],[38.204909,40.208923],[38.208146,40.208447],[38.211382,40.208256],[38.215189,40.207019],[38.219948,40.205401],[38.224326,40.203878],[38.22899,40.202926],[38.233463,40.202736],[38.236889,40.203117],[38.240411,40.204069],[38.244218,40.204354],[38.24774,40.203878],[38.251832,40.202546],[38.254117,40.201689],[38.257067,40.199976],[38.259066,40.198643],[38.261636,40.198263],[38.265062,40.197882],[38.268489,40.197596],[38.271439,40.197692],[38.276769,40.197977],[38.279149,40.197977],[38.281243,40.197501],[38.284859,40.195693],[38.287429,40.194646],[38.289713,40.193504],[38.295043,40.191124],[38.29847,40.189126],[38.300564,40.186556],[38.301896,40.185509],[38.30361,40.184747],[38.309606,40.182463],[38.313413,40.181702],[38.313692,40.181659],[38.317791,40.181035],[38.318966,40.1809],[38.320041,40.180102],[38.321313,40.176778],[38.321687,40.173913],[38.321412,40.173558],[38.321173,40.173191],[38.320972,40.172813],[38.320815,40.172425],[38.32071,40.17203],[38.320667,40.171637],[38.320672,40.17124],[38.320716,40.170841],[38.32079,40.170443],[38.320892,40.170048],[38.32102,40.169659],[38.321175,40.169281],[38.321361,40.168918],[38.321586,40.168577],[38.321861,40.168265],[38.322192,40.167991],[38.322571,40.167749],[38.322986,40.167533],[38.323428,40.167341],[38.323891,40.167172],[38.324281,40.167054],[38.32437,40.167027],[38.324862,40.166909],[38.325366,40.166823],[38.325389,40.166821],[38.325377,40.166709],[38.325343,40.15949],[38.325355,40.155258],[38.325338,40.154002],[38.325327,40.153675],[38.325298,40.152703],[38.325205,40.150539],[38.325151,40.149675],[38.325114,40.149244],[38.325068,40.148815],[38.325008,40.148387],[38.324929,40.147962],[38.324831,40.147554],[38.324682,40.147054],[38.32458,40.146746],[38.324433,40.146347],[38.324274,40.145951],[38.324101,40.145558],[38.323914,40.14517],[38.323708,40.144789],[38.323479,40.144417],[38.323258,40.1441],[38.323019,40.143791],[38.322765,40.143487],[38.322501,40.143187],[38.321928,40.14258],[38.32131,40.141966],[38.320669,40.141364],[38.31998,40.140753],[38.317772,40.138891],[38.317416,40.138575],[38.317071,40.138255],[38.316742,40.137927],[38.316434,40.137589],[38.316135,40.137215],[38.315866,40.136828],[38.315625,40.136431],[38.315415,40.136025],[38.31524,40.135611],[38.315123,40.13525],[38.315031,40.134872],[38.311142,40.13285],[38.307268,40.132153],[38.306593,40.131759],[38.303197,40.130508],[38.298996,40.129525],[38.294432,40.129834],[38.292243,40.130119],[38.289197,40.13069],[38.287103,40.130881],[38.285485,40.130785],[38.283201,40.129643],[38.28025,40.128311],[38.277871,40.126502],[38.274825,40.122886],[38.271304,40.117365],[38.267782,40.113273],[38.263118,40.109751],[38.257693,40.106134],[38.255219,40.105182],[38.251602,40.104992],[38.246653,40.104421],[38.243797,40.10404],[38.241513,40.102422],[38.239704,40.100233],[38.238562,40.096902],[38.238467,40.093666],[38.238372,40.091477],[38.238467,40.086908],[38.238753,40.083767],[38.239038,40.08234],[38.239419,40.079484],[38.239419,40.076439],[38.239419,40.073202],[38.239133,40.070442],[38.238658,40.064922],[38.238467,40.060924],[38.238467,40.058545],[38.238658,40.056546],[38.239609,40.054262],[38.241894,40.051692],[38.243988,40.049408],[38.248461,40.04522],[38.251887,40.043316],[38.255504,40.041413],[38.257693,40.039604],[38.260168,40.037415],[38.263309,40.034655],[38.265783,40.032752],[38.268258,40.030848],[38.268829,40.029516],[38.268924,40.027422],[38.26921,40.025233],[38.268448,40.023139],[38.265974,40.018856],[38.264356,40.01562],[38.262262,40.012193],[38.259406,40.008386],[38.256741,40.005911],[38.253315,40.002961],[38.251221,40.000772],[38.247224,39.995442],[38.243797,39.990588],[38.241798,39.987352]]]}},{"type":"Feature","properties":{"id":"TR-D-58-014","parent_id":"TR-P-58","region_id":"TR-R-ICA","level":"district","municipality_type":null,"municipality_type_label":null,"is_metropolitan_municipality":null,"name":"Şarkışla","name_ascii":"sarkisla","slug":"sarkisla-sivas"},"geometry":{"type":"Polygon","coordinates":[[[36.634857,39.147128],[36.63105,39.145701],[36.626733,39.143728],[36.616678,39.139133],[36.609635,39.136278],[36.605257,39.134375],[36.601831,39.132471],[36.600117,39.130187],[36.598404,39.126951],[36.596976,39.124666],[36.594311,39.121621],[36.589362,39.1161],[36.586792,39.112959],[36.58308,39.110294],[36.580415,39.108486],[36.579083,39.107915],[36.574229,39.107153],[36.56947,39.106582],[36.563283,39.106107],[36.559095,39.105631],[36.555669,39.104679],[36.54796,39.102204],[36.540345,39.100872],[36.53216,39.099444],[36.526068,39.099349],[36.517122,39.099444],[36.509888,39.099539],[36.501512,39.099063],[36.494374,39.099063],[36.483524,39.10011],[36.474577,39.102299],[36.466296,39.104298],[36.460871,39.104774],[36.454875,39.105345],[36.44964,39.105916],[36.444786,39.106487],[36.441931,39.107439],[36.438124,39.109818],[36.431937,39.114482],[36.428035,39.117528],[36.423847,39.120193],[36.422038,39.120574],[36.41728,39.12143],[36.413092,39.122001],[36.40938,39.122001],[36.40873,39.121834],[36.406309,39.125517],[36.404786,39.128087],[36.403073,39.12999],[36.400884,39.131894],[36.398219,39.134369],[36.394697,39.137985],[36.391366,39.140555],[36.38813,39.142935],[36.383847,39.145409],[36.382038,39.146361],[36.37766,39.150549],[36.374329,39.153024],[36.371283,39.154546],[36.366524,39.15626],[36.36405,39.156926],[36.358815,39.159115],[36.355579,39.161685],[36.353199,39.164445],[36.351772,39.168538],[36.35082,39.172154],[36.349773,39.176628],[36.349012,39.179483],[36.347774,39.181958],[36.345775,39.185575],[36.343586,39.188715],[36.339398,39.193189],[36.337114,39.195473],[36.335115,39.197662],[36.332165,39.201469],[36.328738,39.205562],[36.326549,39.208513],[36.32398,39.21251],[36.322266,39.216603],[36.320172,39.222885],[36.317412,39.229166],[36.313891,39.235353],[36.312749,39.236971],[36.310084,39.239065],[36.307799,39.240302],[36.305705,39.240683],[36.298662,39.239541],[36.296283,39.239065],[36.291429,39.237447],[36.287717,39.236495],[36.278579,39.235543],[36.271251,39.234782],[36.258402,39.234496],[36.252976,39.234877],[36.246314,39.235353],[36.241555,39.236876],[36.236796,39.238399],[36.23061,39.240873],[36.227088,39.243062],[36.222615,39.246489],[36.219188,39.250581],[36.216999,39.253913],[36.215762,39.258005],[36.21481,39.260861],[36.211098,39.27095],[36.210146,39.274186],[36.208147,39.278183],[36.205863,39.281419],[36.203674,39.283799],[36.200819,39.285988],[36.197107,39.288272],[36.194061,39.290652],[36.191967,39.293507],[36.189778,39.296267],[36.188255,39.298551],[36.187494,39.300169],[36.18578,39.303881],[36.18302,39.310068],[36.181402,39.314446],[36.180831,39.31892],[36.180641,39.322632],[36.181117,39.326534],[36.181973,39.332435],[36.183591,39.337194],[36.185685,39.342143],[36.187874,39.346521],[36.188541,39.34852],[36.18835,39.350804],[36.187684,39.353279],[36.185685,39.361464],[36.184638,39.366509],[36.182925,39.369174],[36.179404,39.373266],[36.175977,39.376598],[36.173217,39.379358],[36.170933,39.38326],[36.169791,39.385925],[36.169124,39.388495],[36.166745,39.392492],[36.165317,39.395633],[36.16151,39.400392],[36.157417,39.405342],[36.153229,39.410481],[36.149327,39.418381],[36.146377,39.426186],[36.144759,39.430088],[36.143997,39.4338],[36.142189,39.441509],[36.141142,39.447315],[36.140666,39.453502],[36.140571,39.455596],[36.139619,39.459117],[36.137715,39.462449],[36.136668,39.464257],[36.133337,39.467588],[36.128293,39.473204],[36.125342,39.47644],[36.120869,39.48177],[36.119631,39.482722],[36.11373,39.484149],[36.108876,39.484435],[36.102214,39.485196],[36.096122,39.486338],[36.08927,39.488337],[36.084415,39.488908],[36.081255,39.489815],[36.081966,39.490437],[36.083489,39.493673],[36.08425,39.495481],[36.08425,39.497575],[36.085107,39.500336],[36.086915,39.502715],[36.089675,39.504714],[36.095005,39.50814],[36.099574,39.511567],[36.103762,39.514993],[36.10538,39.516801],[36.106236,39.51861],[36.106903,39.520418],[36.107569,39.522036],[36.109092,39.523749],[36.111947,39.526034],[36.115278,39.528604],[36.121179,39.53479],[36.122512,39.536123],[36.123749,39.537741],[36.125082,39.539739],[36.126414,39.541453],[36.128318,39.542785],[36.131173,39.544879],[36.1346,39.546212],[36.136408,39.546878],[36.138026,39.54783],[36.138787,39.548496],[36.139739,39.549448],[36.140405,39.550875],[36.140405,39.552874],[36.139739,39.560584],[36.140025,39.565438],[36.14012,39.568864],[36.140215,39.5721],[36.14031,39.576098],[36.13993,39.578572],[36.139263,39.581237],[36.138597,39.584664],[36.138502,39.586567],[36.138502,39.588661],[36.139168,39.59085],[36.141833,39.594657],[36.14526,39.597322],[36.147639,39.599512],[36.150399,39.603033],[36.152969,39.606745],[36.154777,39.61179],[36.155634,39.617595],[36.155729,39.62264],[36.156205,39.62521],[36.156681,39.627684],[36.158109,39.629969],[36.15868,39.63311],[36.158775,39.637488],[36.158775,39.639106],[36.158394,39.64139],[36.157062,39.643484],[36.155824,39.644436],[36.153255,39.645959],[36.151922,39.647101],[36.15097,39.648433],[36.150494,39.650146],[36.149733,39.651669],[36.148876,39.656333],[36.148115,39.660045],[36.147258,39.666327],[36.147353,39.667945],[36.148305,39.670039],[36.15059,39.673084],[36.152303,39.674607],[36.153921,39.675845],[36.154873,39.676511],[36.155539,39.677272],[36.155824,39.678605],[36.155634,39.680223],[36.154682,39.682317],[36.152969,39.686409],[36.151922,39.688408],[36.150875,39.689836],[36.149257,39.691264],[36.147068,39.692977],[36.14526,39.69469],[36.145069,39.696022],[36.145069,39.698212],[36.146306,39.701257],[36.148496,39.703637],[36.150018,39.705064],[36.152158,39.70662],[36.153093,39.708163],[36.153271,39.708074],[36.156415,39.706487],[36.156444,39.706473],[36.158823,39.70514],[36.161774,39.70219],[36.164249,39.699525],[36.167104,39.697431],[36.170245,39.695527],[36.174139,39.69345],[36.175956,39.692481],[36.177193,39.691887],[36.180715,39.690197],[36.186425,39.687818],[36.192802,39.686104],[36.199084,39.685819],[36.205461,39.685533],[36.214693,39.685819],[36.22088,39.687247],[36.22621,39.687913],[36.230493,39.687532],[36.238202,39.686104],[36.241438,39.685438],[36.243627,39.684391],[36.250766,39.680203],[36.255049,39.677824],[36.259237,39.675064],[36.261711,39.674112],[36.265138,39.672113],[36.270849,39.669448],[36.279605,39.666498],[36.28503,39.664689],[36.288837,39.662405],[36.298558,39.656665],[36.300925,39.655267],[36.30359,39.653458],[36.305018,39.652031],[36.309872,39.648033],[36.314821,39.645273],[36.321483,39.642608],[36.325386,39.641466],[36.328431,39.64099],[36.334047,39.640609],[36.339758,39.639943],[36.345183,39.638706],[36.349371,39.637088],[36.359174,39.634137],[36.368977,39.632138],[36.38097,39.63052],[36.39677,39.630615],[36.404955,39.631282],[36.408001,39.631758],[36.41571,39.631472],[36.421421,39.629188],[36.424181,39.627379],[36.426465,39.624905],[36.427322,39.621764],[36.428083,39.614435],[36.428083,39.608344],[36.428083,39.602252],[36.42894,39.596351],[36.429511,39.59321],[36.431415,39.588356],[36.432199,39.586827],[36.433068,39.583374],[36.432744,39.579923],[36.433152,39.579976],[36.433717,39.580032],[36.434284,39.580074],[36.434854,39.580104],[36.435424,39.58012],[36.435995,39.58012],[36.436566,39.580103],[36.437137,39.58007],[36.437706,39.580023],[36.438274,39.579965],[36.438837,39.579893],[36.439396,39.579806],[36.439949,39.5797],[36.440438,39.579585],[36.44092,39.579453],[36.441395,39.579306],[36.441863,39.579144],[36.442336,39.578962],[36.442801,39.578768],[36.44326,39.578563],[36.443712,39.578349],[36.444164,39.578123],[36.445047,39.577649],[36.445478,39.577401],[36.445905,39.57714],[36.44632,39.57687],[36.446721,39.576591],[36.447104,39.576298],[36.447473,39.575982],[36.447815,39.575651],[36.448129,39.575305],[36.448407,39.574943],[36.448625,39.5746],[36.448813,39.574245],[36.448976,39.57388],[36.449116,39.573507],[36.449233,39.573128],[36.449334,39.572717],[36.449572,39.571469],[36.449658,39.571056],[36.449763,39.57065],[36.449897,39.570253],[36.450051,39.569908],[36.450237,39.569576],[36.450453,39.56926],[36.450701,39.568963],[36.450983,39.56869],[36.451337,39.568423],[36.45173,39.568192],[36.452155,39.567999],[36.452609,39.567848],[36.453052,39.567751],[36.453511,39.56769],[36.45398,39.567659],[36.454456,39.567656],[36.454933,39.567681],[36.455407,39.567734],[36.45589,39.567822],[36.456362,39.56794],[36.456821,39.568085],[36.457262,39.56826],[36.457706,39.568477],[36.457834,39.568553],[36.458123,39.568723],[36.45851,39.568996],[36.458862,39.569295],[36.458878,39.569311],[36.459136,39.569576],[36.459162,39.569608],[36.459381,39.569875],[36.459597,39.570187],[36.459785,39.570511],[36.459943,39.570846],[36.460077,39.571219],[36.46018,39.571601],[36.460258,39.571989],[36.460317,39.572382],[36.460359,39.572777],[36.460388,39.573178],[36.46046,39.574381],[36.460501,39.57478],[36.460559,39.575171],[36.460635,39.575559],[36.460729,39.575944],[36.460842,39.576326],[36.460975,39.576703],[36.461154,39.577124],[36.461355,39.57754],[36.46149,39.577794],[36.461573,39.577952],[36.461704,39.57818],[36.462041,39.578769],[36.462439,39.579427],[36.462532,39.579581],[36.462905,39.580183],[36.464289,39.582421],[36.46579,39.584874],[36.466258,39.585619],[36.466699,39.586283],[36.466929,39.586603],[36.466966,39.586651],[36.467166,39.586911],[36.467416,39.587204],[36.467513,39.587305],[36.467677,39.587476],[36.467952,39.587722],[36.468165,39.587877],[36.468241,39.587932],[36.468324,39.587976],[36.468549,39.588097],[36.468879,39.588203],[36.469273,39.588242],[36.469694,39.588213],[36.470135,39.588136],[36.470592,39.588027],[36.47201,39.587633],[36.472485,39.587512],[36.472968,39.587404],[36.473458,39.587317],[36.473954,39.587255],[36.474455,39.587216],[36.47496,39.587195],[36.475469,39.587187],[36.475979,39.587191],[36.476515,39.587206],[36.477587,39.587259],[36.478725,39.587342],[36.479853,39.587453],[36.480409,39.587525],[36.480956,39.587613],[36.481492,39.587722],[36.482012,39.58786],[36.482448,39.588011],[36.482869,39.588186],[36.483277,39.588382],[36.483672,39.588596],[36.483979,39.588782],[36.484052,39.588827],[36.484182,39.588915],[36.484417,39.589074],[36.484822,39.589384],[36.485208,39.589711],[36.48542,39.589905],[36.48558,39.590051],[36.485944,39.590399],[36.486653,39.591111],[36.489731,39.594323],[36.490421,39.595031],[36.491122,39.595731],[36.491825,39.596407],[36.492901,39.597406],[36.493631,39.598063],[36.494379,39.598705],[36.494531,39.598829],[36.494763,39.599017],[36.495157,39.59932],[36.495566,39.599608],[36.495663,39.59967],[36.495999,39.599885],[36.496274,39.600044],[36.496448,39.600145],[36.496909,39.600392],[36.49738,39.600626],[36.497861,39.600846],[36.498351,39.601049],[36.498852,39.601232],[36.499366,39.601388],[36.499897,39.601514],[36.500441,39.601615],[36.500992,39.601699],[36.503239,39.601983],[36.504941,39.60222],[36.507774,39.602647],[36.512305,39.603349],[36.513428,39.603537],[36.513983,39.603639],[36.514531,39.603749],[36.515069,39.603873],[36.515593,39.604014],[36.516097,39.604179],[36.516573,39.604379],[36.517006,39.604615],[36.517413,39.604884],[36.5178,39.605176],[36.518173,39.605487],[36.518536,39.605809],[36.519244,39.606479],[36.519938,39.607165],[36.519993,39.607221],[36.522118,39.609374],[36.528848,39.60665],[36.536938,39.601796],[36.543791,39.59875],[36.550168,39.596466],[36.55369,39.594848],[36.555403,39.594086],[36.557021,39.592468],[36.558925,39.590565],[36.563017,39.586377],[36.566063,39.583331],[36.569585,39.579905],[36.571869,39.577335],[36.573868,39.574194],[36.574819,39.571053],[36.576057,39.567722],[36.576913,39.563534],[36.577484,39.56163],[36.578531,39.559727],[36.580435,39.557443],[36.582243,39.554492],[36.583766,39.551637],[36.587097,39.544594],[36.587764,39.542595],[36.588811,39.538883],[36.589287,39.535266],[36.590143,39.53222],[36.591761,39.529175],[36.593665,39.524796],[36.594426,39.520704],[36.594045,39.513946],[36.592332,39.508711],[36.589477,39.504333],[36.586336,39.499764],[36.584908,39.49729],[36.5831,39.487486],[36.582339,39.483679],[36.582053,39.477778],[36.582053,39.476446],[36.582339,39.4734],[36.585384,39.466642],[36.588811,39.460837],[36.592142,39.455697],[36.597853,39.445322],[36.601184,39.440278],[36.606324,39.434472],[36.616698,39.425049],[36.619648,39.42267],[36.623075,39.419624],[36.626311,39.41458],[36.629928,39.409631],[36.630975,39.405633],[36.631546,39.400493],[36.632498,39.395734],[36.632688,39.390785],[36.632593,39.385836],[36.632973,39.380696],[36.63364,39.373177],[36.634972,39.362612],[36.636114,39.351191],[36.636876,39.345385],[36.642206,39.343481],[36.6522,39.341007],[36.65203,39.338376],[36.65203,39.33495],[36.65222,39.332094],[36.652696,39.32705],[36.6546,39.317818],[36.655456,39.31401],[36.656028,39.306777],[36.655647,39.299543],[36.6546,39.290501],[36.653934,39.283553],[36.652601,39.276225],[36.651459,39.272322],[36.64908,39.268705],[36.64651,39.265089],[36.643274,39.261757],[36.639847,39.258902],[36.637563,39.255952],[36.63604,39.25262],[36.635755,39.248242],[36.63604,39.243578],[36.637658,39.238153],[36.639371,39.233394],[36.640799,39.231395],[36.64156,39.228159],[36.642322,39.225304],[36.643274,39.219974],[36.642893,39.215406],[36.642131,39.208172],[36.64137,39.204841],[36.640513,39.20189],[36.638895,39.19894],[36.636706,39.194942],[36.635564,39.190374],[36.635279,39.184187],[36.635374,39.181046],[36.635183,39.17229],[36.634232,39.166103],[36.634422,39.15925],[36.634612,39.154396],[36.634857,39.147128]]]}},{"type":"Feature","properties":{"id":"TR-D-58-015","parent_id":"TR-P-58","region_id":"TR-R-ICA","level":"district","municipality_type":null,"municipality_type_label":null,"is_metropolitan_municipality":null,"name":"Ulaş","name_ascii":"ulas","slug":"ulas-sivas"},"geometry":{"type":"Polygon","coordinates":[[[37.465205,39.534537],[37.468727,39.531301],[37.471011,39.528921],[37.474723,39.52578],[37.476722,39.52321],[37.479292,39.521592],[37.484812,39.517976],[37.487782,39.516562],[37.48881,39.516072],[37.495187,39.513788],[37.502135,39.511408],[37.506322,39.510171],[37.509368,39.508458],[37.512319,39.506269],[37.515269,39.502176],[37.517078,39.497798],[37.51822,39.495418],[37.520314,39.492944],[37.523645,39.489803],[37.529451,39.48571],[37.533543,39.483331],[37.535595,39.48202],[37.531028,39.478244],[37.52427,39.472533],[37.52151,39.469963],[37.515228,39.464157],[37.511135,39.461017],[37.50847,39.458827],[37.506376,39.456067],[37.504473,39.453117],[37.502189,39.44931],[37.498286,39.444551],[37.496573,39.442076],[37.49486,39.440839],[37.491909,39.439125],[37.488007,39.436936],[37.485627,39.435128],[37.482867,39.433034],[37.47906,39.430559],[37.476681,39.429893],[37.471065,39.428941],[37.465259,39.428941],[37.460976,39.429037],[37.452886,39.429322],[37.447556,39.429988],[37.442036,39.430559],[37.432613,39.431416],[37.42557,39.431416],[37.418336,39.431511],[37.415671,39.431511],[37.412816,39.431226],[37.410436,39.430274],[37.406534,39.42837],[37.404345,39.427704],[37.399872,39.426276],[37.394637,39.424278],[37.391496,39.422469],[37.384262,39.418091],[37.379599,39.416473],[37.375316,39.415236],[37.37208,39.414379],[37.369034,39.413522],[37.366464,39.412],[37.362847,39.410572],[37.356565,39.409049],[37.352378,39.408193],[37.348571,39.407907],[37.342098,39.407431],[37.336768,39.407241],[37.332295,39.406574],[37.326584,39.405337],[37.323253,39.404385],[37.319922,39.403814],[37.316591,39.403814],[37.31088,39.403719],[37.306121,39.402863],[37.30279,39.402006],[37.299554,39.401054],[37.295651,39.400007],[37.290797,39.398484],[37.287561,39.397437],[37.283754,39.396486],[37.280708,39.396486],[37.272523,39.395534],[37.269001,39.394868],[37.265004,39.394201],[37.261482,39.393821],[37.258341,39.393059],[37.255676,39.391631],[37.252345,39.389728],[37.246634,39.386301],[37.238449,39.38297],[37.234927,39.380781],[37.231787,39.377831],[37.228646,39.374309],[37.22579,39.370787],[37.224077,39.367551],[37.221793,39.363173],[37.218366,39.360127],[37.21513,39.357367],[37.211989,39.35613],[37.208468,39.355464],[37.205137,39.354797],[37.202091,39.35337],[37.194667,39.348611],[37.19105,39.346136],[37.1881,39.343852],[37.185054,39.339378],[37.181152,39.336047],[37.177535,39.334524],[37.173918,39.333953],[37.171063,39.333858],[37.165733,39.333287],[37.160593,39.331384],[37.156025,39.329385],[37.152979,39.327576],[37.151361,39.325958],[37.148886,39.322437],[37.146316,39.318725],[37.143842,39.315774],[37.140701,39.313966],[37.134133,39.31073],[37.131183,39.308921],[37.128423,39.306352],[37.126234,39.304353],[37.123188,39.302164],[37.120237,39.301402],[37.114717,39.300641],[37.111957,39.300165],[37.110053,39.299404],[37.108055,39.298261],[37.105485,39.296643],[37.101963,39.295787],[37.095777,39.294835],[37.090161,39.293978],[37.084165,39.290362],[37.078264,39.284461],[37.075028,39.279702],[37.073219,39.27637],[37.071601,39.270279],[37.069222,39.264092],[37.068175,39.262189],[37.065224,39.259809],[37.062083,39.255526],[37.060751,39.252576],[37.058371,39.248102],[37.056182,39.245628],[37.051423,39.240678],[37.049234,39.238299],[37.046379,39.235253],[37.042096,39.231636],[37.038765,39.229257],[37.034958,39.227734],[37.030579,39.226307],[37.025249,39.224498],[37.020586,39.222499],[37.013828,39.22031],[37.005928,39.218121],[36.998314,39.216598],[36.993269,39.216122],[36.98832,39.215932],[36.981087,39.214028],[36.973853,39.211935],[36.969475,39.210221],[36.964716,39.208984],[36.959671,39.208508],[36.954341,39.208223],[36.949392,39.208223],[36.94568,39.209174],[36.942539,39.210792],[36.939018,39.213172],[36.935686,39.21479],[36.931834,39.215847],[36.931072,39.223081],[36.928883,39.229077],[36.926884,39.232694],[36.921174,39.240974],[36.917938,39.247732],[36.915939,39.252491],[36.913274,39.260296],[36.911941,39.269623],[36.91118,39.275524],[36.911561,39.279997],[36.912513,39.282377],[36.917557,39.289325],[36.921555,39.293798],[36.923458,39.29751],[36.92441,39.301222],[36.924695,39.305696],[36.925742,39.314071],[36.926599,39.318735],[36.931358,39.32416],[36.93526,39.327587],[36.937164,39.329585],[36.938496,39.333202],[36.939163,39.3372],[36.939734,39.341197],[36.939734,39.345575],[36.93802,39.350049],[36.935926,39.352714],[36.930025,39.35595],[36.921745,39.35852],[36.914416,39.362327],[36.906421,39.368038],[36.898997,39.373748],[36.893477,39.378507],[36.890146,39.382695],[36.888337,39.386883],[36.886338,39.392403],[36.883102,39.398685],[36.880818,39.401445],[36.877772,39.403539],[36.870349,39.405633],[36.862734,39.405538],[36.854263,39.405728],[36.845126,39.405728],[36.841034,39.405443],[36.8404,39.405284],[36.841407,39.40963],[36.843596,39.415341],[36.845405,39.418482],[36.847023,39.421432],[36.848355,39.423336],[36.850449,39.426953],[36.852067,39.429808],[36.853209,39.433044],[36.854066,39.435804],[36.854066,39.437613],[36.853876,39.440658],[36.853685,39.443704],[36.854351,39.445703],[36.856541,39.450652],[36.859015,39.453603],[36.862061,39.456934],[36.865678,39.459884],[36.870722,39.461883],[36.875005,39.464072],[36.877861,39.465881],[36.88043,39.467594],[36.882619,39.470354],[36.884142,39.4734],[36.88557,39.475969],[36.886617,39.478159],[36.888235,39.479777],[36.892042,39.482061],[36.896706,39.48425],[36.902702,39.485678],[36.904701,39.486629],[36.907937,39.489009],[36.910412,39.491959],[36.912601,39.495671],[36.913648,39.498432],[36.91517,39.501763],[36.916408,39.504809],[36.917931,39.50852],[36.922499,39.515183],[36.924688,39.517087],[36.929638,39.520989],[36.934492,39.522607],[36.943248,39.523844],[36.945723,39.523939],[36.951719,39.524701],[36.95743,39.525177],[36.964378,39.526224],[36.967899,39.52708],[36.971897,39.52946],[36.975418,39.531934],[36.97894,39.535361],[36.981986,39.538407],[36.984651,39.541167],[36.987125,39.543641],[36.98979,39.546497],[36.992931,39.549162],[36.999403,39.556871],[37.001307,39.559346],[37.002354,39.562106],[37.002925,39.565818],[37.003401,39.56934],[37.003877,39.573147],[37.004543,39.576383],[37.00559,39.578096],[37.00835,39.579904],[37.012919,39.582379],[37.016535,39.583331],[37.022532,39.584854],[37.029385,39.585234],[37.032621,39.585329],[37.034905,39.585805],[37.035952,39.586281],[37.03738,39.587328],[37.038807,39.588661],[37.039664,39.589422],[37.042614,39.590184],[37.045089,39.590184],[37.047944,39.589517],[37.050514,39.588756],[37.053179,39.587709],[37.054988,39.587138],[37.060603,39.584187],[37.066123,39.580475],[37.0725,39.575145],[37.082018,39.567721],[37.089157,39.561916],[37.092012,39.558965],[37.094772,39.555158],[37.095629,39.553254],[37.099341,39.547639],[37.102577,39.542118],[37.105908,39.536503],[37.107336,39.534695],[37.111809,39.530792],[37.117139,39.525843],[37.123326,39.522036],[37.127418,39.519656],[37.132463,39.518038],[37.140839,39.51623],[37.151594,39.513089],[37.160445,39.510995],[37.167108,39.509282],[37.175388,39.50833],[37.180528,39.508045],[37.184621,39.508806],[37.187095,39.509472],[37.19233,39.511471],[37.197755,39.512613],[37.200991,39.512994],[37.207083,39.512328],[37.21346,39.510805],[37.21917,39.509187],[37.227165,39.507188],[37.238587,39.505475],[37.247058,39.505094],[37.25115,39.505189],[37.255148,39.505475],[37.258003,39.50538],[37.262381,39.504904],[37.26695,39.504428],[37.274564,39.503952],[37.281036,39.503666],[37.283511,39.503],[37.286462,39.501477],[37.288651,39.499383],[37.290364,39.49767],[37.291887,39.496147],[37.293314,39.494244],[37.295789,39.490722],[37.297693,39.488438],[37.29893,39.486915],[37.300453,39.486058],[37.302737,39.485868],[37.305688,39.486249],[37.310447,39.486249],[37.315205,39.48682],[37.319393,39.486629],[37.329197,39.487486],[37.332338,39.487867],[37.33643,39.487867],[37.339952,39.487867],[37.343473,39.487867],[37.347185,39.488438],[37.350136,39.489199],[37.354133,39.491198],[37.356323,39.492721],[37.359178,39.494244],[37.364698,39.497765],[37.368601,39.499764],[37.372884,39.502619],[37.377167,39.50538],[37.384115,39.50852],[37.387351,39.509758],[37.392681,39.511661],[37.396583,39.51347],[37.399438,39.514612],[37.403245,39.515564],[37.407529,39.51642],[37.410289,39.517087],[37.413334,39.518038],[37.417903,39.520037],[37.421615,39.52156],[37.426564,39.523844],[37.430324,39.525248],[37.433322,39.525891],[37.437534,39.526747],[37.442102,39.527318],[37.44767,39.528603],[37.453095,39.530174],[37.455951,39.53103],[37.459663,39.532601],[37.465205,39.534537]]]}},{"type":"Feature","properties":{"id":"TR-D-58-016","parent_id":"TR-P-58","region_id":"TR-R-ICA","level":"district","municipality_type":null,"municipality_type_label":null,"is_metropolitan_municipality":null,"name":"Yıldızeli","name_ascii":"yildizeli","slug":"yildizeli-sivas"},"geometry":{"type":"Polygon","coordinates":[[[36.785161,40.194153],[36.786576,40.195012],[36.787227,40.195407],[36.789968,40.19655],[36.791795,40.197311],[36.795126,40.197977],[36.799505,40.198453],[36.804359,40.199024],[36.809308,40.200166],[36.814067,40.201499],[36.819683,40.20464],[36.82259,40.206604],[36.823204,40.207019],[36.825108,40.209589],[36.827773,40.212349],[36.829581,40.215109],[36.832341,40.217298],[36.834721,40.218441],[36.836339,40.218631],[36.839194,40.218441],[36.843382,40.217108],[36.847379,40.215871],[36.851853,40.215205],[36.858706,40.214348],[36.86099,40.214729],[36.861117,40.214806],[36.862703,40.215776],[36.864749,40.21699],[36.865749,40.217584],[36.868128,40.219717],[36.868509,40.220059],[36.873553,40.221772],[36.878122,40.222153],[36.882976,40.222533],[36.889543,40.222819],[36.902583,40.222438],[36.909245,40.222343],[36.917621,40.222153],[36.918002,40.222105],[36.918383,40.222057],[36.920476,40.22082],[36.922951,40.219392],[36.926473,40.217203],[36.93047,40.213206],[36.934087,40.209494],[36.940654,40.20483],[36.945413,40.200928],[36.948649,40.198168],[36.953789,40.195122],[36.955683,40.194301],[36.953431,40.186821],[36.952831,40.184829],[36.94969,40.178071],[36.948738,40.175787],[36.945598,40.169029],[36.942462,40.164371],[36.942266,40.16408],[36.939982,40.159797],[36.937412,40.154562],[36.937327,40.154415],[36.936658,40.153254],[36.931701,40.144663],[36.931466,40.144328],[36.927704,40.138953],[36.926478,40.137532],[36.925082,40.135914],[36.923946,40.134597],[36.923516,40.134099],[36.922334,40.132562],[36.92022,40.129813],[36.919709,40.129149],[36.915619,40.123979],[36.914665,40.122772],[36.914569,40.12267],[36.91445,40.122542],[36.913702,40.121736],[36.913427,40.12144],[36.913037,40.120876],[36.913016,40.120846],[36.912571,40.120203],[36.911809,40.117633],[36.911616,40.117158],[36.909715,40.112493],[36.907717,40.108781],[36.9057,40.105848],[36.905623,40.105735],[36.905027,40.104975],[36.9022,40.101362],[36.902196,40.101357],[36.899817,40.097455],[36.897152,40.094409],[36.896392,40.09299],[36.895819,40.091922],[36.895724,40.091744],[36.893154,40.086414],[36.891888,40.084216],[36.891346,40.083273],[36.891342,40.083267],[36.891339,40.083263],[36.890676,40.082269],[36.890013,40.081275],[36.889291,40.079607],[36.888776,40.078419],[36.888118,40.076691],[36.887253,40.074422],[36.886682,40.072804],[36.884398,40.065094],[36.882399,40.060335],[36.880164,40.055],[36.879449,40.053292],[36.878157,40.051225],[36.878021,40.051008],[36.877207,40.050329],[36.876879,40.050056],[36.874011,40.047641],[36.873643,40.047331],[36.873262,40.04701],[36.87313,40.046922],[36.871263,40.045678],[36.869605,40.044186],[36.86936,40.043965],[36.868408,40.04149],[36.868234,40.040488],[36.868027,40.039301],[36.866599,40.031496],[36.866552,40.031369],[36.865362,40.028165],[36.86465,40.026461],[36.863173,40.02293],[36.860127,40.01722],[36.859101,40.015526],[36.857246,40.012466],[36.855992,40.010395],[36.854417,40.007797],[36.853586,40.006551],[36.853109,40.005836],[36.852513,40.004941],[36.851245,40.002921],[36.849467,40.000087],[36.847675,39.998223],[36.844708,39.995138],[36.841282,39.99076],[36.841189,39.990521],[36.839949,39.987333],[36.839794,39.98644],[36.839188,39.982955],[36.839251,39.98039],[36.839283,39.979053],[36.839367,39.977123],[36.839378,39.976864],[36.84033,39.972676],[36.840806,39.968964],[36.84073,39.967434],[36.840616,39.965157],[36.840616,39.963671],[36.840616,39.962873],[36.840654,39.962315],[36.840901,39.958685],[36.841663,39.954687],[36.843971,39.950901],[36.844042,39.950785],[36.844669,39.949867],[36.846707,39.946883],[36.847135,39.946027],[36.848801,39.942695],[36.850038,39.939554],[36.849848,39.935652],[36.849087,39.931844],[36.846802,39.924801],[36.845566,39.921564],[36.844804,39.919566],[36.844785,39.919514],[36.844727,39.91935],[36.843661,39.91633],[36.843138,39.91463],[36.8429,39.913856],[36.842725,39.911633],[36.842614,39.910239],[36.84258,39.909013],[36.842519,39.906813],[36.842899,39.904057],[36.8429,39.904052],[36.842948,39.903831],[36.844518,39.896533],[36.844994,39.893488],[36.846136,39.887872],[36.846517,39.883303],[36.846517,39.880582],[36.846517,39.880543],[36.846521,39.880465],[36.846707,39.877212],[36.846881,39.872875],[36.846993,39.870074],[36.846993,39.869027],[36.847627,39.866329],[36.847754,39.865791],[36.849182,39.86303],[36.851899,39.859838],[36.852989,39.858557],[36.854509,39.855798],[36.855559,39.853893],[36.856355,39.851638],[36.856701,39.850657],[36.856701,39.848944],[36.855749,39.84666],[36.852894,39.843233],[36.851912,39.842221],[36.849848,39.840092],[36.845184,39.83638],[36.840235,39.833335],[36.83481,39.830479],[36.831569,39.828605],[36.827835,39.826446],[36.82691,39.825911],[36.823579,39.824483],[36.821961,39.823436],[36.820819,39.821533],[36.820023,39.820339],[36.81978,39.819975],[36.819296,39.819248],[36.817963,39.818231],[36.817006,39.817501],[36.815679,39.816488],[36.811967,39.814394],[36.806438,39.812491],[36.806161,39.812396],[36.802855,39.811473],[36.802068,39.811253],[36.800238,39.811282],[36.795882,39.811349],[36.791313,39.811444],[36.786459,39.810873],[36.781415,39.809826],[36.779098,39.808998],[36.774752,39.807446],[36.770615,39.805091],[36.767899,39.803544],[36.767358,39.803055],[36.766961,39.802697],[36.765947,39.801782],[36.763997,39.800022],[36.763339,39.798915],[36.762189,39.796977],[36.761332,39.794121],[36.760062,39.791745],[36.758382,39.788601],[36.756439,39.786503],[36.756002,39.786031],[36.752956,39.783461],[36.749911,39.782034],[36.745342,39.780225],[36.744249,39.779825],[36.74144,39.778798],[36.739132,39.777609],[36.738299,39.777179],[36.737487,39.776524],[36.735824,39.775181],[36.735361,39.774636],[36.734454,39.773568],[36.734206,39.773277],[36.733591,39.771801],[36.733254,39.770993],[36.732484,39.76731],[36.732398,39.7669],[36.732398,39.76663],[36.732398,39.764235],[36.732456,39.76186],[36.732493,39.760333],[36.732493,39.757002],[36.73335,39.75329],[36.733613,39.749281],[36.73373,39.747484],[36.734492,39.740536],[36.73473,39.738053],[36.734968,39.735587],[36.734872,39.729876],[36.734723,39.725837],[36.734682,39.724736],[36.73461,39.723969],[36.734206,39.719692],[36.734065,39.718043],[36.734041,39.717767],[36.734371,39.717164],[36.735097,39.715835],[36.735189,39.714601],[36.735482,39.7107],[36.731242,39.70445],[36.730933,39.704385],[36.730256,39.704242],[36.729118,39.704021],[36.727237,39.703657],[36.726267,39.703905],[36.725953,39.703986],[36.725639,39.704061],[36.725402,39.704117],[36.724851,39.704239],[36.7243,39.704347],[36.723918,39.704408],[36.72375,39.704434],[36.723433,39.704468],[36.723201,39.704493],[36.722654,39.704512],[36.722119,39.704483],[36.72159,39.704411],[36.721229,39.704339],[36.721066,39.704306],[36.720551,39.70417],[36.720209,39.704058],[36.720049,39.704005],[36.719839,39.703921],[36.719565,39.70381],[36.719323,39.703691],[36.719117,39.703589],[36.718986,39.703513],[36.718688,39.703342],[36.718461,39.703193],[36.718278,39.703073],[36.718143,39.702974],[36.718109,39.702949],[36.71809,39.702935],[36.717886,39.702785],[36.717569,39.702525],[36.717289,39.702273],[36.717119,39.702122],[36.716772,39.701778],[36.716437,39.701417],[36.716396,39.701369],[36.716172,39.701107],[36.715919,39.700791],[36.715726,39.700537],[36.715675,39.70047],[36.715455,39.700157],[36.715298,39.699934],[36.715214,39.699815],[36.715036,39.699542],[36.71496,39.699425],[36.714929,39.699375],[36.714568,39.698789],[36.714433,39.698556],[36.714192,39.698137],[36.714133,39.698035],[36.714079,39.697937],[36.71352,39.696908],[36.713258,39.696409],[36.71206,39.694123],[36.711535,39.693077],[36.711459,39.692926],[36.711409,39.692819],[36.711273,39.692526],[36.711101,39.692125],[36.711027,39.691932],[36.710948,39.691723],[36.71084,39.691377],[36.710822,39.69132],[36.710734,39.690915],[36.710695,39.690538],[36.710696,39.690161],[36.710737,39.689787],[36.71075,39.689727],[36.710818,39.689418],[36.710944,39.689058],[36.711147,39.688665],[36.711208,39.688576],[36.711454,39.68822],[36.711699,39.687916],[36.712006,39.687589],[36.712033,39.68756],[36.712127,39.687471],[36.712385,39.687227],[36.712696,39.686958],[36.71276,39.686903],[36.713148,39.686585],[36.714333,39.685652],[36.714623,39.685412],[36.714714,39.685337],[36.715073,39.685013],[36.715192,39.684893],[36.715357,39.684726],[36.715616,39.684432],[36.715844,39.68413],[36.715853,39.684115],[36.716035,39.683821],[36.716181,39.683505],[36.716219,39.683372],[36.716279,39.683157],[36.716316,39.682807],[36.7163,39.682534],[36.716296,39.682461],[36.716217,39.68213],[36.716115,39.681908],[36.716073,39.681817],[36.716006,39.681731],[36.715927,39.681628],[36.715841,39.681515],[36.715775,39.681457],[36.715765,39.681448],[36.71554,39.681249],[36.715351,39.681129],[36.715182,39.681023],[36.714773,39.680845],[36.714446,39.680755],[36.714327,39.680723],[36.713912,39.680655],[36.713847,39.680644],[36.713781,39.680638],[36.713343,39.680598],[36.712976,39.680582],[36.712823,39.680575],[36.712743,39.680575],[36.712291,39.68057],[36.711927,39.680575],[36.711752,39.680577],[36.711209,39.680594],[36.71088,39.680608],[36.710662,39.680617],[36.709568,39.680679],[36.709074,39.680713],[36.707859,39.680812],[36.700956,39.681453],[36.699928,39.681543],[36.698655,39.681655],[36.69518,39.681948],[36.694019,39.682053],[36.693156,39.682147],[36.692869,39.682178],[36.692304,39.682255],[36.691751,39.682347],[36.691231,39.682458],[36.691216,39.682461],[36.691204,39.682465],[36.690763,39.682587],[36.6905,39.682681],[36.690339,39.682738],[36.689935,39.68293],[36.689611,39.683137],[36.689314,39.683414],[36.689266,39.68348],[36.689084,39.68373],[36.688963,39.683985],[36.688922,39.684072],[36.688877,39.684255],[36.688833,39.684435],[36.68882,39.684781],[36.68884,39.684944],[36.688864,39.685133],[36.688866,39.68514],[36.688933,39.685393],[36.688957,39.685487],[36.689086,39.685821],[36.689093,39.68584],[36.689116,39.685885],[36.68918,39.686009],[36.689267,39.686181],[36.689269,39.686185],[36.689392,39.686377],[36.68947,39.686499],[36.689476,39.686507],[36.689511,39.686552],[36.689652,39.686735],[36.689702,39.686801],[36.689962,39.687091],[36.689971,39.687099],[36.690249,39.687366],[36.690501,39.687571],[36.690563,39.687622],[36.690783,39.68777],[36.690942,39.687877],[36.690945,39.687879],[36.690985,39.687902],[36.691356,39.688111],[36.691792,39.688318],[36.692054,39.688421],[36.69225,39.688498],[36.692778,39.688667],[36.693322,39.688812],[36.693653,39.688887],[36.695553,39.689318],[36.695706,39.689359],[36.696099,39.689464],[36.696398,39.689557],[36.696578,39.689614],[36.697004,39.68977],[36.697042,39.689783],[36.697045,39.689784],[36.697359,39.689919],[36.697489,39.689974],[36.697605,39.690033],[36.697886,39.690176],[36.697912,39.690189],[36.698344,39.690455],[36.69867,39.690695],[36.698906,39.690893],[36.699041,39.691006],[36.699471,39.69144],[36.699506,39.691482],[36.699647,39.691653],[36.699702,39.69172],[36.699932,39.692047],[36.700027,39.692207],[36.700119,39.692359],[36.700134,39.692385],[36.700226,39.692568],[36.700287,39.69269],[36.700308,39.692732],[36.700337,39.692803],[36.70045,39.693086],[36.700559,39.693457],[36.700632,39.693833],[36.700671,39.694212],[36.700673,39.694446],[36.700674,39.694591],[36.700636,39.694969],[36.700557,39.695331],[36.700442,39.695689],[36.70033,39.695957],[36.700294,39.696042],[36.700158,39.696312],[36.700119,39.69639],[36.699915,39.696729],[36.699694,39.697047],[36.69945,39.697358],[36.699189,39.69766],[36.698986,39.697875],[36.698911,39.697955],[36.698617,39.69824],[36.698245,39.698571],[36.698059,39.698719],[36.697852,39.698885],[36.697618,39.699054],[36.697439,39.699182],[36.697315,39.69926],[36.697005,39.699456],[36.696817,39.699558],[36.696578,39.699688],[36.696408,39.699768],[36.696133,39.699897],[36.695832,39.700018],[36.695672,39.700083],[36.695263,39.700221],[36.695196,39.700244],[36.695142,39.700259],[36.694664,39.700389],[36.694119,39.700507],[36.693567,39.700602],[36.693385,39.700625],[36.693009,39.700675],[36.692448,39.700725],[36.691888,39.70075],[36.691329,39.700742],[36.690783,39.700697],[36.690768,39.700695],[36.690211,39.700615],[36.690181,39.700609],[36.689661,39.700508],[36.6892,39.700396],[36.68912,39.700377],[36.688591,39.700222],[36.688288,39.700115],[36.688077,39.700041],[36.687932,39.699979],[36.687585,39.699831],[36.687123,39.699588],[36.687052,39.699544],[36.687027,39.699529],[36.686917,39.699461],[36.686682,39.699318],[36.686256,39.699029],[36.686116,39.698927],[36.686059,39.698886],[36.685922,39.698786],[36.685841,39.698726],[36.685433,39.698415],[36.684233,39.697451],[36.684029,39.697282],[36.683991,39.69725],[36.683772,39.697068],[36.683719,39.697024],[36.683464,39.696812],[36.682267,39.695818],[36.682102,39.695677],[36.682036,39.69562],[36.681922,39.695522],[36.681499,39.695159],[36.681261,39.694946],[36.681126,39.694825],[36.680863,39.69458],[36.680763,39.694487],[36.680578,39.694302],[36.680476,39.6942],[36.680304,39.694014],[36.680094,39.693787],[36.679802,39.693419],[36.679697,39.693258],[36.679546,39.693029],[36.67951,39.692965],[36.679417,39.692797],[36.679321,39.692625],[36.679119,39.692211],[36.678934,39.69179],[36.678595,39.690934],[36.678526,39.690744],[36.678123,39.689636],[36.677692,39.688419],[36.676739,39.685724],[36.676295,39.684397],[36.676204,39.684085],[36.676045,39.683544],[36.675962,39.683202],[36.675938,39.683105],[36.675853,39.682665],[36.675809,39.682325],[36.675795,39.682222],[36.675774,39.681827],[36.675773,39.681581],[36.675773,39.68143],[36.675807,39.680652],[36.675843,39.679829],[36.675848,39.679426],[36.675838,39.679025],[36.675793,39.67853],[36.675767,39.67835],[36.67575,39.678233],[36.675662,39.677867],[36.675627,39.677761],[36.675544,39.677508],[36.675394,39.677159],[36.675212,39.676823],[36.675115,39.676681],[36.675,39.676514],[36.674992,39.676503],[36.67495,39.676455],[36.674869,39.676364],[36.674747,39.676226],[36.674694,39.676166],[36.674482,39.675974],[36.67435,39.675856],[36.674021,39.675614],[36.673957,39.675575],[36.673926,39.675557],[36.673547,39.675326],[36.673313,39.675217],[36.673127,39.67513],[36.672682,39.674966],[36.672218,39.674834],[36.671739,39.674736],[36.671472,39.674704],[36.671204,39.674672],[36.671037,39.674664],[36.670659,39.674646],[36.670111,39.674651],[36.669482,39.674693],[36.669023,39.674746],[36.668826,39.67478],[36.668492,39.674839],[36.667979,39.674971],[36.667733,39.675058],[36.667507,39.675139],[36.667213,39.67527],[36.667054,39.675341],[36.666852,39.675448],[36.666619,39.675571],[36.666202,39.675826],[36.665783,39.676114],[36.665331,39.676462],[36.665179,39.676588],[36.664962,39.676767],[36.664647,39.677043],[36.664615,39.677071],[36.664243,39.677416],[36.663522,39.678122],[36.66316,39.678497],[36.66212,39.679572],[36.66141,39.680288],[36.661044,39.680637],[36.660855,39.680806],[36.660667,39.680976],[36.660544,39.681078],[36.660273,39.681302],[36.659889,39.68159],[36.659491,39.681867],[36.659082,39.682136],[36.658212,39.682672],[36.656835,39.683477],[36.6557,39.684124],[36.654045,39.685067],[36.653488,39.685375],[36.653107,39.685586],[36.652157,39.686083],[36.652018,39.68615],[36.651673,39.686315],[36.65122,39.686515],[36.650758,39.686696],[36.650287,39.686854],[36.649962,39.686941],[36.649804,39.686983],[36.649769,39.68699],[36.64926,39.687084],[36.648704,39.687148],[36.64814,39.687183],[36.647731,39.68719],[36.64757,39.687193],[36.647276,39.687186],[36.646998,39.687179],[36.646426,39.687139],[36.646306,39.687125],[36.645861,39.687074],[36.645297,39.686987],[36.644735,39.686884],[36.644689,39.686874],[36.644175,39.686768],[36.643617,39.686642],[36.643063,39.686506],[36.643017,39.686494],[36.642513,39.686359],[36.642026,39.686217],[36.641543,39.686066],[36.641077,39.685907],[36.64059,39.68574],[36.640209,39.685597],[36.640179,39.685586],[36.640119,39.685563],[36.639961,39.6855],[36.639603,39.685356],[36.639199,39.685182],[36.639054,39.685114],[36.638754,39.684974],[36.638509,39.684848],[36.638308,39.684744],[36.637878,39.684498],[36.637395,39.684188],[36.637251,39.684086],[36.637075,39.683961],[36.636687,39.683647],[36.636473,39.683448],[36.63633,39.683315],[36.636127,39.683099],[36.636004,39.682966],[36.635716,39.6826],[36.635678,39.682541],[36.635608,39.682434],[36.635499,39.682265],[36.635439,39.682152],[36.635434,39.682144],[36.635424,39.682124],[36.635314,39.681919],[36.635223,39.681711],[36.635158,39.681563],[36.635031,39.6812],[36.634936,39.680831],[36.634873,39.680444],[36.634847,39.680129],[36.634841,39.680052],[36.63484,39.680025],[36.634833,39.679658],[36.634849,39.679255],[36.634882,39.678865],[36.634936,39.678471],[36.635005,39.678077],[36.635085,39.677684],[36.635173,39.677316],[36.635273,39.676899],[36.635398,39.676442],[36.635485,39.676124],[36.635941,39.674547],[36.636065,39.674104],[36.636324,39.673179],[36.636544,39.672364],[36.636632,39.672039],[36.636844,39.671201],[36.636939,39.670773],[36.63703,39.670361],[36.637091,39.670015],[36.637104,39.669942],[36.637124,39.669789],[36.637159,39.669524],[36.637166,39.669415],[36.637187,39.669108],[36.637182,39.668723],[36.637146,39.668342],[36.637076,39.667968],[36.637068,39.66794],[36.637049,39.667879],[36.636968,39.667604],[36.636816,39.667254],[36.636715,39.667092],[36.636631,39.666958],[36.636582,39.66688],[36.636291,39.666529],[36.636049,39.666299],[36.63595,39.666204],[36.635891,39.666159],[36.635792,39.666084],[36.635562,39.665909],[36.635446,39.665838],[36.635173,39.665671],[36.634935,39.665551],[36.634753,39.665458],[36.63431,39.665265],[36.63428,39.665254],[36.63385,39.665091],[36.633384,39.664937],[36.632906,39.664798],[36.632421,39.664675],[36.632329,39.664655],[36.631928,39.664568],[36.631647,39.664518],[36.631369,39.664469],[36.630804,39.664388],[36.630237,39.664324],[36.630142,39.664316],[36.629667,39.664275],[36.629288,39.664254],[36.629098,39.664243],[36.62853,39.664231],[36.627964,39.664244],[36.627461,39.664282],[36.62696,39.664341],[36.626464,39.664419],[36.62634,39.664443],[36.626046,39.6645],[36.625485,39.664626],[36.625005,39.664755],[36.624507,39.66491],[36.624329,39.664973],[36.624016,39.665082],[36.623629,39.665229],[36.623531,39.665266],[36.623293,39.665363],[36.622616,39.665638],[36.620985,39.666338],[36.619722,39.66688],[36.619322,39.667045],[36.61878,39.667268],[36.617841,39.667627],[36.617713,39.667671],[36.617364,39.667792],[36.617083,39.66788],[36.616829,39.66796],[36.616287,39.668114],[36.615741,39.668254],[36.61519,39.66838],[36.614636,39.66849],[36.614078,39.668579],[36.613515,39.668643],[36.612947,39.668676],[36.612376,39.668684],[36.611802,39.668675],[36.611226,39.668653],[36.610692,39.668622],[36.610436,39.668607],[36.610405,39.668605],[36.610069,39.668586],[36.608328,39.668461],[36.60594,39.66828],[36.604833,39.668197],[36.604667,39.668182],[36.603673,39.668095],[36.603257,39.668051],[36.60311,39.668036],[36.602528,39.667964],[36.601967,39.667876],[36.601767,39.667836],[36.60142,39.667766],[36.600892,39.667624],[36.600427,39.667457],[36.600313,39.667406],[36.599985,39.667258],[36.599606,39.667052],[36.599567,39.66703],[36.599416,39.666931],[36.599178,39.666775],[36.599029,39.666658],[36.598864,39.666528],[36.59864,39.666323],[36.598575,39.666262],[36.598309,39.665981],[36.598069,39.665687],[36.597857,39.665379],[36.597772,39.665229],[36.597669,39.665046],[36.597512,39.664703],[36.597386,39.664352],[36.597308,39.66406],[36.59729,39.663994],[36.597254,39.663782],[36.597228,39.663631],[36.597227,39.663611],[36.597202,39.663242],[36.597205,39.663038],[36.597208,39.662851],[36.59724,39.662457],[36.597291,39.662062],[36.597294,39.662046],[36.597357,39.661667],[36.597399,39.661456],[36.597433,39.661287],[36.59767,39.660107],[36.597736,39.659717],[36.597788,39.659319],[36.597802,39.659179],[36.597826,39.658921],[36.59785,39.658523],[36.59786,39.658124],[36.597855,39.657726],[36.597849,39.6576],[36.597836,39.657329],[36.597804,39.656932],[36.597801,39.65691],[36.597762,39.656536],[36.597721,39.656212],[36.59766,39.655743],[36.597577,39.655194],[36.597576,39.65519],[36.597393,39.653985],[36.597107,39.652189],[36.596764,39.650028],[36.596702,39.649671],[36.596613,39.649151],[36.596439,39.648279],[36.596335,39.647847],[36.596301,39.647726],[36.596299,39.647718],[36.596293,39.647696],[36.596228,39.647464],[36.596112,39.6471],[36.596107,39.647085],[36.596106,39.64708],[36.596049,39.646926],[36.595969,39.64671],[36.59591,39.646573],[36.595811,39.646342],[36.59579,39.646301],[36.595627,39.645983],[36.595494,39.645762],[36.595434,39.645662],[36.595429,39.645656],[36.59532,39.645496],[36.59525,39.645395],[36.595218,39.645348],[36.595106,39.645201],[36.59508,39.645167],[36.594985,39.645041],[36.594782,39.644795],[36.594719,39.644724],[36.594674,39.644672],[36.594474,39.644444],[36.594156,39.644109],[36.594139,39.644091],[36.594021,39.643974],[36.593868,39.643821],[36.59379,39.643744],[36.593658,39.643619],[36.59356,39.643528],[36.593327,39.643309],[36.592992,39.642994],[36.59235,39.642414],[36.59195,39.642053],[36.587431,39.638111],[36.587341,39.638035],[36.587037,39.637777],[36.586292,39.637146],[36.586073,39.636971],[36.585905,39.636837],[36.585773,39.636737],[36.585638,39.636634],[36.585513,39.63654],[36.585111,39.63626],[36.584719,39.636019],[36.584697,39.636005],[36.584266,39.635784],[36.584034,39.635695],[36.583812,39.63561],[36.583488,39.635532],[36.583321,39.635492],[36.583042,39.635456],[36.582806,39.635426],[36.582609,39.635418],[36.582277,39.635404],[36.581738,39.635421],[36.581238,39.635471],[36.5807,39.635557],[36.579936,39.635713],[36.579199,39.635863],[36.578719,39.635941],[36.578235,39.636002],[36.577748,39.636046],[36.577261,39.636071],[36.576775,39.636075],[36.576737,39.636073],[36.576293,39.636053],[36.575805,39.635999],[36.575326,39.635916],[36.57504,39.635849],[36.574858,39.635806],[36.574689,39.635755],[36.574406,39.635669],[36.574104,39.635552],[36.57396,39.635496],[36.573538,39.635295],[36.573439,39.635236],[36.573148,39.635065],[36.572797,39.634804],[36.572649,39.634663],[36.572517,39.634537],[36.572274,39.634246],[36.57215,39.634062],[36.57215,39.634061],[36.572066,39.633936],[36.571961,39.633741],[36.571892,39.633611],[36.571817,39.633424],[36.571755,39.633273],[36.571672,39.632971],[36.571652,39.632899],[36.571586,39.632516],[36.571552,39.632126],[36.571547,39.631877],[36.571546,39.631822],[36.571551,39.631684],[36.571563,39.631333],[36.571582,39.63115],[36.571604,39.630935],[36.571652,39.630607],[36.571662,39.630537],[36.571958,39.628914],[36.571977,39.62879],[36.572024,39.628488],[36.572067,39.628138],[36.572076,39.628068],[36.57208,39.628009],[36.572105,39.62766],[36.572104,39.627267],[36.572059,39.626895],[36.571956,39.626554],[36.57192,39.626494],[36.571859,39.626392],[36.571774,39.626252],[36.571615,39.626108],[36.571488,39.625994],[36.571301,39.625883],[36.571286,39.625874],[36.57127,39.625865],[36.571121,39.625777],[36.57067,39.625583],[36.570223,39.625427],[36.569825,39.625309],[36.569722,39.625278],[36.5692,39.62514],[36.568273,39.62492],[36.568118,39.624883],[36.567217,39.624686],[36.563117,39.62379],[36.561548,39.623441],[36.560632,39.623236],[36.559203,39.622918],[36.558828,39.622834],[36.558423,39.622744],[36.557047,39.622437],[36.555959,39.622204],[36.554837,39.621963],[36.554232,39.621844],[36.553727,39.621745],[36.553428,39.621692],[36.553026,39.621621],[36.55092,39.621283],[36.550363,39.621189],[36.549812,39.621085],[36.549345,39.620983],[36.54927,39.620966],[36.54924,39.620959],[36.548801,39.620845],[36.548649,39.620798],[36.548345,39.620705],[36.548062,39.620602],[36.547905,39.620544],[36.547583,39.620401],[36.547485,39.620358],[36.547033,39.620109],[36.547002,39.620089],[36.546605,39.61983],[36.546301,39.619607],[36.546194,39.619529],[36.546162,39.619503],[36.546034,39.619403],[36.545794,39.619213],[36.545401,39.618887],[36.544278,39.617928],[36.542302,39.616241],[36.540632,39.61483],[36.539958,39.614277],[36.539783,39.614141],[36.539492,39.613913],[36.539451,39.613882],[36.53858,39.6134],[36.538482,39.613346],[36.538446,39.613317],[36.537933,39.612902],[36.537864,39.612874],[36.537501,39.612727],[36.537112,39.612632],[36.537051,39.612617],[36.536605,39.612587],[36.536406,39.612599],[36.536142,39.612616],[36.535666,39.612688],[36.535181,39.61279],[36.534725,39.612903],[36.534688,39.612912],[36.533176,39.613313],[36.532661,39.613434],[36.532567,39.613453],[36.532141,39.613537],[36.531913,39.613569],[36.531621,39.613612],[36.531413,39.613632],[36.531097,39.613664],[36.530841,39.613678],[36.530571,39.613694],[36.530153,39.613701],[36.530044,39.613703],[36.529519,39.613691],[36.529292,39.613675],[36.528999,39.613655],[36.528486,39.613593],[36.528164,39.613534],[36.527984,39.613501],[36.527482,39.613368],[36.527186,39.613267],[36.526995,39.613202],[36.526751,39.613101],[36.526525,39.613008],[36.526308,39.612902],[36.526073,39.612787],[36.525828,39.612646],[36.525642,39.612539],[36.52523,39.61226],[36.525221,39.612253],[36.52514,39.61219],[36.524838,39.611959],[36.524473,39.611651],[36.524461,39.611642],[36.524453,39.611634],[36.52445,39.611632],[36.524095,39.611314],[36.523384,39.610639],[36.523052,39.610307],[36.522726,39.609983],[36.522343,39.609601],[36.522206,39.609463],[36.522118,39.609374],[36.519993,39.607221],[36.519938,39.607165],[36.519244,39.606479],[36.518536,39.605809],[36.518173,39.605487],[36.5178,39.605176],[36.517413,39.604884],[36.517006,39.604615],[36.516573,39.604379],[36.516097,39.604179],[36.515593,39.604014],[36.515069,39.603873],[36.514531,39.603749],[36.513983,39.603639],[36.513428,39.603537],[36.512305,39.603349],[36.507774,39.602647],[36.504941,39.60222],[36.503239,39.601983],[36.500992,39.601699],[36.500441,39.601615],[36.499897,39.601514],[36.499366,39.601388],[36.498852,39.601232],[36.498351,39.601049],[36.497861,39.600846],[36.49738,39.600626],[36.496909,39.600392],[36.496448,39.600145],[36.496274,39.600044],[36.495999,39.599885],[36.495663,39.59967],[36.495566,39.599608],[36.495157,39.59932],[36.494763,39.599017],[36.494531,39.598829],[36.494379,39.598705],[36.493631,39.598063],[36.492901,39.597406],[36.491825,39.596407],[36.491122,39.595731],[36.490421,39.595031],[36.489731,39.594323],[36.486653,39.591111],[36.485944,39.590399],[36.48558,39.590051],[36.48542,39.589905],[36.485208,39.589711],[36.484822,39.589384],[36.484417,39.589074],[36.484182,39.588915],[36.484052,39.588827],[36.483979,39.588782],[36.483672,39.588596],[36.483277,39.588382],[36.482869,39.588186],[36.482448,39.588011],[36.482012,39.58786],[36.481492,39.587722],[36.480956,39.587613],[36.480409,39.587525],[36.479853,39.587453],[36.478725,39.587342],[36.477587,39.587259],[36.476515,39.587206],[36.475979,39.587191],[36.475469,39.587187],[36.47496,39.587195],[36.474455,39.587216],[36.473954,39.587255],[36.473458,39.587317],[36.472968,39.587404],[36.472485,39.587512],[36.47201,39.587633],[36.470592,39.588027],[36.470135,39.588136],[36.469694,39.588213],[36.469273,39.588242],[36.468879,39.588203],[36.468549,39.588097],[36.468324,39.587976],[36.468241,39.587932],[36.468165,39.587877],[36.467952,39.587722],[36.467677,39.587476],[36.467513,39.587305],[36.467416,39.587204],[36.467166,39.586911],[36.466966,39.586651],[36.466929,39.586603],[36.466699,39.586283],[36.466258,39.585619],[36.46579,39.584874],[36.464289,39.582421],[36.462905,39.580183],[36.462532,39.579581],[36.462439,39.579427],[36.462041,39.578769],[36.461704,39.57818],[36.461573,39.577952],[36.46149,39.577794],[36.461355,39.57754],[36.461154,39.577124],[36.460975,39.576703],[36.460842,39.576326],[36.460729,39.575944],[36.460635,39.575559],[36.460559,39.575171],[36.460501,39.57478],[36.46046,39.574381],[36.460388,39.573178],[36.460359,39.572777],[36.460317,39.572382],[36.460258,39.571989],[36.46018,39.571601],[36.460077,39.571219],[36.459943,39.570846],[36.459785,39.570511],[36.459597,39.570187],[36.459381,39.569875],[36.459162,39.569608],[36.459136,39.569576],[36.458878,39.569311],[36.458862,39.569295],[36.45851,39.568996],[36.458123,39.568723],[36.457834,39.568553],[36.457706,39.568477],[36.457262,39.56826],[36.456821,39.568085],[36.456362,39.56794],[36.45589,39.567822],[36.455407,39.567734],[36.454933,39.567681],[36.454456,39.567656],[36.45398,39.567659],[36.453511,39.56769],[36.453052,39.567751],[36.452609,39.567848],[36.452155,39.567999],[36.45173,39.568192],[36.451337,39.568423],[36.450983,39.56869],[36.450701,39.568963],[36.450453,39.56926],[36.450237,39.569576],[36.450051,39.569908],[36.449897,39.570253],[36.449763,39.57065],[36.449658,39.571056],[36.449572,39.571469],[36.449334,39.572717],[36.449233,39.573128],[36.449116,39.573507],[36.448976,39.57388],[36.448813,39.574245],[36.448625,39.5746],[36.448407,39.574943],[36.448129,39.575305],[36.447815,39.575651],[36.447473,39.575982],[36.447104,39.576298],[36.446721,39.576591],[36.44632,39.57687],[36.445905,39.57714],[36.445478,39.577401],[36.445047,39.577649],[36.444164,39.578123],[36.443712,39.578349],[36.44326,39.578563],[36.442801,39.578768],[36.442336,39.578962],[36.441863,39.579144],[36.441395,39.579306],[36.44092,39.579453],[36.440438,39.579585],[36.439949,39.5797],[36.439396,39.579806],[36.438837,39.579893],[36.438274,39.579965],[36.437706,39.580023],[36.437137,39.58007],[36.436566,39.580103],[36.435995,39.58012],[36.435424,39.58012],[36.434854,39.580104],[36.434284,39.580074],[36.433717,39.580032],[36.433152,39.579976],[36.432744,39.579923],[36.433068,39.583374],[36.432199,39.586827],[36.431415,39.588356],[36.429511,39.59321],[36.42894,39.596351],[36.428083,39.602252],[36.428083,39.608344],[36.428083,39.614435],[36.427322,39.621764],[36.426465,39.624905],[36.424181,39.627379],[36.421421,39.629188],[36.41571,39.631472],[36.408001,39.631758],[36.404955,39.631282],[36.39677,39.630615],[36.38097,39.63052],[36.368977,39.632138],[36.359174,39.634137],[36.349371,39.637088],[36.345183,39.638706],[36.339758,39.639943],[36.334047,39.640609],[36.328431,39.64099],[36.325386,39.641466],[36.321483,39.642608],[36.314821,39.645273],[36.309872,39.648033],[36.305018,39.652031],[36.30359,39.653458],[36.300925,39.655267],[36.298558,39.656665],[36.288837,39.662405],[36.28503,39.664689],[36.279605,39.666498],[36.270849,39.669448],[36.265138,39.672113],[36.261711,39.674112],[36.259237,39.675064],[36.255049,39.677824],[36.250766,39.680203],[36.243627,39.684391],[36.241438,39.685438],[36.238202,39.686104],[36.230493,39.687532],[36.22621,39.687913],[36.22088,39.687247],[36.214693,39.685819],[36.205461,39.685533],[36.199084,39.685819],[36.192802,39.686104],[36.186425,39.687818],[36.180715,39.690197],[36.177193,39.691887],[36.175956,39.692481],[36.174139,39.69345],[36.170245,39.695527],[36.167104,39.697431],[36.164249,39.699525],[36.161774,39.70219],[36.158823,39.70514],[36.156444,39.706473],[36.156415,39.706487],[36.153271,39.708074],[36.153093,39.708163],[36.153299,39.708503],[36.15335,39.708586],[36.15354,39.710775],[36.15354,39.71344],[36.153255,39.715153],[36.151732,39.716676],[36.148876,39.720579],[36.145831,39.722387],[36.142309,39.724386],[36.138407,39.72667],[36.137645,39.726782],[36.135171,39.727146],[36.131839,39.727622],[36.128794,39.728002],[36.12432,39.728859],[36.119657,39.730477],[36.114422,39.733903],[36.110329,39.736759],[36.106427,39.740566],[36.102905,39.743421],[36.097099,39.746848],[36.085202,39.75332],[36.08168,39.754652],[36.074542,39.757222],[36.068355,39.759697],[36.061788,39.760934],[36.055601,39.762457],[36.049891,39.765122],[36.048593,39.766715],[36.047797,39.767692],[36.047563,39.769794],[36.047511,39.770262],[36.047448,39.770706],[36.047226,39.77226],[36.04688,39.775627],[36.046845,39.775972],[36.045988,39.777305],[36.045132,39.778066],[36.04418,39.778923],[36.043704,39.780065],[36.043686,39.780219],[36.043514,39.781683],[36.04365,39.781846],[36.044466,39.782825],[36.044656,39.784158],[36.04418,39.785903],[36.044085,39.786252],[36.044034,39.786713],[36.043894,39.787965],[36.043405,39.789189],[36.043323,39.789393],[36.043305,39.789565],[36.043133,39.791201],[36.043133,39.791867],[36.042181,39.793485],[36.041661,39.794154],[36.041515,39.794342],[36.04161,39.795484],[36.042562,39.797197],[36.04418,39.798244],[36.046473,39.799498],[36.050271,39.801575],[36.050815,39.802092],[36.055982,39.807001],[36.058552,39.809856],[36.060675,39.81135],[36.061122,39.811664],[36.063025,39.812616],[36.066452,39.81452],[36.068247,39.815118],[36.069593,39.815567],[36.072543,39.816138],[36.074271,39.816701],[36.076921,39.817565],[36.079967,39.819659],[36.081871,39.821277],[36.083394,39.82386],[36.08406,39.824989],[36.084821,39.827369],[36.086249,39.832604],[36.086439,39.836696],[36.08682,39.840123],[36.086344,39.845833],[36.085012,39.848118],[36.083108,39.850307],[36.077207,39.853828],[36.075018,39.855446],[36.067689,39.857255],[36.063977,39.859349],[36.05998,39.860967],[36.054935,39.862394],[36.049415,39.864298],[36.043323,39.865821],[36.039543,39.867317],[36.038755,39.867629],[36.037042,39.869057],[36.03371,39.872103],[36.031712,39.874197],[36.028095,39.877337],[36.025811,39.880098],[36.022003,39.884285],[36.019053,39.888283],[36.017435,39.891043],[36.015627,39.893423],[36.012676,39.898467],[36.008203,39.904939],[36.006822,39.907414],[36.005442,39.909888],[36.004526,39.911506],[36.002206,39.915599],[36.00154,39.917979],[36.007335,39.918914],[36.011362,39.919264],[36.011713,39.919295],[36.013236,39.919295],[36.016472,39.918628],[36.018988,39.917895],[36.02104,39.917296],[36.026477,39.916017],[36.027512,39.915773],[36.032652,39.915583],[36.040171,39.915202],[36.046548,39.91425],[36.048826,39.913974],[36.049689,39.91387],[36.053877,39.912156],[36.059873,39.909206],[36.063585,39.907017],[36.067202,39.904732],[36.070152,39.901972],[36.076434,39.895976],[36.078433,39.894834],[36.083382,39.892645],[36.088395,39.89083],[36.088902,39.890646],[36.090076,39.890341],[36.096231,39.888742],[36.101847,39.888552],[36.108081,39.889185],[36.108414,39.889218],[36.108737,39.889247],[36.112697,39.889599],[36.119264,39.89255],[36.119625,39.89293],[36.122691,39.896166],[36.126122,39.899688],[36.126308,39.899878],[36.131923,39.903876],[36.136682,39.905304],[36.137888,39.905494],[36.143916,39.906446],[36.149341,39.906446],[36.153719,39.906922],[36.157336,39.907112],[36.162666,39.908254],[36.165426,39.910158],[36.168376,39.911776],[36.171327,39.912823],[36.174849,39.913679],[36.181511,39.913298],[36.18903,39.913394],[36.194741,39.912823],[36.207019,39.911014],[36.210445,39.910824],[36.217013,39.912632],[36.2212,39.913679],[36.226816,39.916915],[36.227625,39.917552],[36.231289,39.920437],[36.233288,39.922531],[36.234335,39.925957],[36.234525,39.928813],[36.235572,39.934999],[36.235382,39.937855],[36.235572,39.941091],[36.236619,39.945278],[36.238333,39.947658],[36.239496,39.948684],[36.239951,39.949086],[36.239992,39.949117],[36.241569,39.950323],[36.243758,39.951751],[36.246328,39.953273],[36.24766,39.954511],[36.249278,39.955082],[36.249405,39.955193],[36.25004,39.955748],[36.251562,39.956605],[36.253466,39.956605],[36.25556,39.956034],[36.258035,39.954606],[36.260128,39.953559],[36.261937,39.953273],[36.264602,39.952131],[36.266981,39.95118],[36.270408,39.950704],[36.273549,39.949752],[36.275833,39.949181],[36.278688,39.949086],[36.281924,39.950133],[36.285065,39.950799],[36.289158,39.951655],[36.294012,39.952988],[36.297629,39.953749],[36.30115,39.953845],[36.304958,39.95394],[36.307147,39.95394],[36.310097,39.953464],[36.313619,39.951655],[36.315998,39.950133],[36.317711,39.949086],[36.318854,39.948895],[36.320376,39.948419],[36.32228,39.947658],[36.324279,39.947753],[36.325421,39.948229],[36.326658,39.948039],[36.328562,39.947372],[36.330656,39.947372],[36.332179,39.948134],[36.333701,39.94899],[36.335415,39.949466],[36.335922,39.949847],[36.336937,39.950608],[36.338161,39.951587],[36.338365,39.951751],[36.33846,39.951819],[36.339698,39.952702],[36.34103,39.953369],[36.343124,39.953464],[36.345599,39.953083],[36.347026,39.952798],[36.349311,39.952798],[36.351785,39.953559],[36.35407,39.954225],[36.355783,39.954796],[36.358162,39.955177],[36.36254,39.955938],[36.366252,39.956129],[36.369393,39.956605],[36.374533,39.957937],[36.37834,39.959841],[36.382623,39.961935],[36.385288,39.963933],[36.388048,39.966027],[36.389095,39.967074],[36.390142,39.968121],[36.393093,39.970977],[36.39452,39.971532],[36.394806,39.971643],[36.399184,39.972595],[36.40499,39.97288],[36.409463,39.973071],[36.4127,39.973451],[36.415079,39.973642],[36.415971,39.974236],[36.416507,39.974593],[36.420123,39.97526],[36.422122,39.975355],[36.42374,39.974879],[36.425168,39.973546],[36.428499,39.969359],[36.430688,39.965266],[36.43183,39.96203],[36.433068,39.959841],[36.439349,39.95689],[36.444108,39.956129],[36.452484,39.95651],[36.457433,39.957652],[36.464477,39.960412],[36.470663,39.963838],[36.478182,39.968597],[36.478485,39.968845],[36.481894,39.971643],[36.485225,39.975164],[36.485498,39.975653],[36.487034,39.978401],[36.490175,39.98078],[36.494648,39.983255],[36.498836,39.984397],[36.501691,39.985158],[36.504261,39.985634],[36.50883,39.986205],[36.511495,39.986396],[36.513208,39.986205],[36.515302,39.985729],[36.517015,39.984587],[36.519109,39.983255],[36.522821,39.980114],[36.525486,39.978496],[36.531577,39.975545],[36.536431,39.974022],[36.539096,39.972595],[36.544236,39.970786],[36.548329,39.969549],[36.551374,39.968312],[36.556324,39.96755],[36.561844,39.96755],[36.568126,39.968121],[36.571172,39.968216],[36.574503,39.968216],[36.579547,39.968312],[36.584497,39.968312],[36.588399,39.968502],[36.591635,39.968692],[36.592118,39.968904],[36.595537,39.970406],[36.599777,39.972084],[36.600106,39.972214],[36.605425,39.976069],[36.606673,39.976973],[36.606985,39.977211],[36.608672,39.978496],[36.609572,39.978964],[36.611051,39.979733],[36.614287,39.981351],[36.61485,39.981697],[36.615525,39.982113],[36.617781,39.984506],[36.618666,39.985444],[36.619808,39.988394],[36.620188,39.990107],[36.620284,39.992201],[36.620569,39.995247],[36.622282,39.997246],[36.625233,39.999625],[36.627137,40.000482],[36.628755,40.001148],[36.629992,40.002386],[36.630373,40.004004],[36.630468,40.005622],[36.630563,40.008287],[36.630563,40.011237],[36.630277,40.01533],[36.629802,40.019137],[36.628945,40.023515],[36.628279,40.027227],[36.627612,40.031415],[36.62647,40.035412],[36.625709,40.037887],[36.625043,40.041694],[36.624662,40.04455],[36.625233,40.048737],[36.62628,40.05283],[36.627517,40.0554],[36.629088,40.057167],[36.629802,40.05797],[36.632371,40.061872],[36.634465,40.065298],[36.635607,40.067583],[36.636559,40.070343],[36.638082,40.072913],[36.63832,40.073235],[36.6397,40.075102],[36.642175,40.077291],[36.643126,40.078005],[36.64484,40.07929],[36.647314,40.079956],[36.650931,40.081384],[36.654453,40.082526],[36.655381,40.083557],[36.656166,40.084429],[36.657498,40.08738],[36.659402,40.090521],[36.66121,40.095946],[36.661686,40.098706],[36.663209,40.101371],[36.665113,40.103846],[36.665606,40.104163],[36.667778,40.105559],[36.668482,40.105854],[36.670728,40.106796],[36.674059,40.108224],[36.677676,40.109366],[36.681198,40.110128],[36.686623,40.112317],[36.691192,40.114506],[36.697283,40.117551],[36.701376,40.120026],[36.705278,40.121739],[36.709371,40.123072],[36.713654,40.124404],[36.715081,40.12488],[36.716643,40.126004],[36.717461,40.126593],[36.720316,40.129163],[36.721688,40.130476],[36.722505,40.131257],[36.726769,40.134607],[36.727835,40.135445],[36.728419,40.135908],[36.730595,40.137634],[36.732642,40.139726],[36.734879,40.142012],[36.737544,40.145121],[36.738876,40.146676],[36.739343,40.147208],[36.741636,40.149817],[36.746585,40.155432],[36.74887,40.158002],[36.750092,40.159943],[36.750488,40.160572],[36.750821,40.161238],[36.75182,40.163237],[36.753914,40.165807],[36.755437,40.169328],[36.756423,40.171548],[36.756579,40.171898],[36.756659,40.172094],[36.757817,40.174944],[36.758292,40.176657],[36.760957,40.179703],[36.763432,40.182273],[36.76486,40.183225],[36.767715,40.185318],[36.769809,40.186841],[36.77314,40.187983],[36.776471,40.189411],[36.779898,40.190839],[36.782563,40.192552],[36.784086,40.193495],[36.784562,40.193789],[36.784678,40.19386],[36.785161,40.194153]]]}},{"type":"Feature","properties":{"id":"TR-D-58-017","parent_id":"TR-P-58","region_id":"TR-R-ICA","level":"district","municipality_type":null,"municipality_type_label":null,"is_metropolitan_municipality":null,"name":"Zara","name_ascii":"zara","slug":"zara-sivas"},"geometry":{"type":"Polygon","coordinates":[[[37.535595,39.48202],[37.533543,39.483331],[37.529451,39.48571],[37.523645,39.489803],[37.520314,39.492944],[37.51822,39.495418],[37.517078,39.497798],[37.515269,39.502176],[37.512319,39.506269],[37.509368,39.508458],[37.506322,39.510171],[37.502135,39.511408],[37.495187,39.513788],[37.48881,39.516072],[37.487782,39.516562],[37.491661,39.521353],[37.495687,39.526338],[37.500671,39.53046],[37.505176,39.533719],[37.50786,39.535827],[37.510257,39.538895],[37.510928,39.541195],[37.51179,39.545125],[37.51227,39.548193],[37.513803,39.551931],[37.517254,39.558545],[37.52013,39.5619],[37.523005,39.564392],[37.527031,39.566501],[37.53077,39.568514],[37.535562,39.569952],[37.541218,39.571389],[37.546394,39.572252],[37.552337,39.572348],[37.556075,39.572731],[37.559718,39.573211],[37.564319,39.57484],[37.566907,39.575703],[37.570357,39.576182],[37.574383,39.576278],[37.57793,39.57647],[37.582627,39.577332],[37.585886,39.578003],[37.591158,39.578483],[37.594992,39.57877],[37.59758,39.578866],[37.601989,39.579058],[37.605248,39.579345],[37.610616,39.57992],[37.61445,39.580496],[37.616847,39.581837],[37.619818,39.584138],[37.623461,39.587014],[37.627774,39.591327],[37.631608,39.596216],[37.636593,39.602446],[37.639085,39.606568],[37.640715,39.609539],[37.643015,39.614236],[37.64522,39.618262],[37.64637,39.623534],[37.646753,39.629669],[37.64752,39.633886],[37.647808,39.638392],[37.647616,39.643664],[37.645028,39.652386],[37.642919,39.655933],[37.639277,39.659767],[37.635347,39.663793],[37.632567,39.666669],[37.629691,39.670982],[37.627678,39.674241],[37.624899,39.679321],[37.623557,39.681526],[37.622119,39.683827],[37.620585,39.685839],[37.619051,39.687757],[37.616751,39.689194],[37.613971,39.691303],[37.609562,39.694658],[37.605728,39.697054],[37.601031,39.699259],[37.597293,39.701751],[37.5925,39.705585],[37.587324,39.70942],[37.583585,39.712583],[37.580997,39.714787],[37.575438,39.718238],[37.572179,39.720251],[37.566907,39.722935],[37.559238,39.726673],[37.557801,39.727824],[37.555979,39.729741],[37.554637,39.732041],[37.553871,39.734821],[37.553391,39.736738],[37.553583,39.739326],[37.55828,39.744311],[37.562689,39.746611],[37.569207,39.748624],[37.574479,39.750062],[37.580518,39.753225],[37.583585,39.755142],[37.587324,39.759647],[37.588474,39.763098],[37.589337,39.769616],[37.589912,39.774025],[37.590103,39.777285],[37.589624,39.780448],[37.588186,39.78294],[37.586173,39.787349],[37.584544,39.789362],[37.583106,39.790704],[37.580806,39.791759],[37.577067,39.792717],[37.572658,39.793484],[37.569016,39.793771],[37.566619,39.794251],[37.562977,39.795689],[37.560868,39.797606],[37.555308,39.803836],[37.553391,39.806808],[37.551666,39.810163],[37.550228,39.816106],[37.550324,39.81994],[37.550803,39.825595],[37.550995,39.828854],[37.551282,39.833934],[37.55157,39.841028],[37.550707,39.848408],[37.550132,39.852338],[37.549365,39.857419],[37.548503,39.862787],[37.547257,39.868059],[37.545627,39.874673],[37.543135,39.880424],[37.540643,39.8879],[37.539397,39.89346],[37.539301,39.897965],[37.538821,39.905346],[37.537479,39.911193],[37.536808,39.915315],[37.533837,39.925667],[37.532591,39.931227],[37.531153,39.935923],[37.529811,39.940908],[37.529044,39.945605],[37.529236,39.94896],[37.530003,39.952315],[37.530099,39.954519],[37.530099,39.958449],[37.529524,39.962954],[37.527894,39.967843],[37.52684,39.970239],[37.525881,39.973211],[37.525306,39.975607],[37.525114,39.979633],[37.525593,39.982413],[37.52636,39.985097],[37.52799,39.987781],[37.529236,39.989506],[37.531057,39.992765],[37.531632,39.99449],[37.53192,39.996791],[37.532591,40.002255],[37.533166,40.006664],[37.533549,40.007718],[37.534795,40.010498],[37.535466,40.014236],[37.536233,40.01692],[37.537096,40.020946],[37.537288,40.024685],[37.537767,40.028806],[37.539013,40.034366],[37.539492,40.037913],[37.541314,40.044526],[37.543806,40.048073],[37.547257,40.050661],[37.549557,40.052099],[37.551091,40.053441],[37.554158,40.056221],[37.5555,40.057659],[37.55713,40.059959],[37.558951,40.064368],[37.559143,40.066669],[37.559526,40.06849],[37.561922,40.073474],[37.564127,40.077405],[37.567098,40.081622],[37.56892,40.083539],[37.571987,40.086223],[37.574767,40.089003],[37.575917,40.090824],[37.577355,40.093508],[37.578218,40.095904],[37.578793,40.097534],[37.579655,40.099355],[37.581285,40.101752],[37.584831,40.105394],[37.59135,40.111433],[37.598634,40.115842],[37.603236,40.117472],[37.609083,40.118526],[37.618476,40.120922],[37.62116,40.121306],[37.626336,40.121593],[37.634292,40.121977],[37.640044,40.123127],[37.646178,40.124469],[37.651834,40.125523],[37.655476,40.127057],[37.657681,40.12907],[37.659214,40.131562],[37.660173,40.136067],[37.660173,40.141435],[37.660269,40.146132],[37.661132,40.151117],[37.661707,40.153609],[37.662569,40.155718],[37.664774,40.161277],[37.665733,40.163961],[37.666116,40.168466],[37.666691,40.172971],[37.666595,40.175272],[37.665541,40.179394],[37.664678,40.182748],[37.663815,40.186391],[37.663815,40.189267],[37.663617,40.191925],[37.664348,40.191887],[37.669583,40.192172],[37.671391,40.192743],[37.674056,40.193695],[37.675865,40.195313],[37.678054,40.197312],[37.678911,40.199025],[37.679577,40.200548],[37.680909,40.203118],[37.681861,40.205117],[37.683765,40.207306],[37.685192,40.208448],[37.690713,40.210827],[37.696423,40.214159],[37.704894,40.216348],[37.710415,40.21749],[37.715459,40.217871],[37.722597,40.218156],[37.728213,40.218346],[37.736969,40.218061],[37.742014,40.217395],[37.744584,40.217109],[37.748676,40.216253],[37.752293,40.215206],[37.755815,40.213968],[37.76124,40.212445],[37.769901,40.210923],[37.777515,40.210542],[37.784654,40.210256],[37.789984,40.210351],[37.794267,40.210256],[37.798074,40.210161],[37.802833,40.210542],[37.808734,40.210542],[37.812922,40.210256],[37.81473,40.210066],[37.816348,40.209495],[37.818157,40.208448],[37.821488,40.205497],[37.824438,40.202356],[37.826056,40.199691],[37.826437,40.196931],[37.826818,40.1936],[37.827674,40.189983],[37.829197,40.184748],[37.830435,40.181893],[37.831291,40.179894],[37.833004,40.176849],[37.834432,40.174279],[37.837097,40.171519],[37.84119,40.168949],[37.843379,40.167997],[37.844902,40.16714],[37.846234,40.165903],[37.852611,40.16162],[37.856038,40.160002],[37.864604,40.15648],[37.866698,40.155338],[37.868792,40.154958],[37.872408,40.155148],[37.876786,40.155814],[37.880498,40.156576],[37.885448,40.156766],[37.888113,40.1561],[37.891063,40.155243],[37.893633,40.153625],[37.896393,40.151817],[37.898963,40.149342],[37.902389,40.144012],[37.904293,40.141347],[37.905054,40.139348],[37.905435,40.136683],[37.905721,40.133542],[37.905721,40.131258],[37.905911,40.126404],[37.906197,40.123549],[37.906482,40.121455],[37.907339,40.120122],[37.908481,40.118409],[37.91086,40.114412],[37.911812,40.112984],[37.912371,40.111995],[37.913049,40.110795],[37.913621,40.10813],[37.913811,40.10537],[37.914287,40.102419],[37.915239,40.099469],[37.916571,40.096899],[37.919046,40.094329],[37.922377,40.088904],[37.923519,40.086429],[37.925042,40.083193],[37.925994,40.08129],[37.927992,40.077863],[37.930657,40.07377],[37.932942,40.069487],[37.933989,40.064633],[37.933608,40.06292],[37.932942,40.059208],[37.931419,40.056638],[37.930277,40.054925],[37.928564,40.05226],[37.927421,40.049881],[37.926089,40.047311],[37.925708,40.045407],[37.925803,40.043123],[37.925803,40.039792],[37.925327,40.037507],[37.925042,40.035509],[37.925613,40.032082],[37.92685,40.029037],[37.928564,40.025896],[37.929515,40.023516],[37.930277,40.021803],[37.931704,40.018281],[37.934655,40.014094],[37.938272,40.011714],[37.941127,40.010001],[37.944839,40.008383],[37.949217,40.006955],[37.95588,40.0041],[37.960734,40.002291],[37.967492,39.999055],[37.971108,39.997437],[37.973678,39.994867],[37.975867,39.992583],[37.98253,39.988681],[37.987955,39.986968],[37.992333,39.985159],[37.99913,39.983455],[37.997558,39.981609],[37.996416,39.978849],[37.995274,39.974757],[37.994132,39.970854],[37.991562,39.966857],[37.989183,39.963526],[37.987945,39.961622],[37.987089,39.959623],[37.985851,39.955721],[37.985471,39.953341],[37.98509,39.950962],[37.983948,39.947631],[37.982425,39.944775],[37.978523,39.940683],[37.974049,39.936971],[37.969481,39.932688],[37.965483,39.928881],[37.962152,39.924978],[37.9612,39.923836],[37.958725,39.920886],[37.957964,39.919458],[37.957488,39.917364],[37.957012,39.915365],[37.95568,39.910797],[37.954252,39.90737],[37.953015,39.903849],[37.951968,39.900327],[37.951397,39.897472],[37.950921,39.894236],[37.950635,39.89119],[37.95054,39.889953],[37.951397,39.887954],[37.9533,39.88567],[37.956156,39.88348],[37.959011,39.881862],[37.962437,39.879578],[37.965198,39.877199],[37.965959,39.876247],[37.96929,39.86968],[37.971765,39.864635],[37.972907,39.860257],[37.974144,39.856545],[37.976238,39.849787],[37.97738,39.847217],[37.978523,39.843125],[37.981663,39.838366],[37.984709,39.83532],[37.989563,39.832465],[37.995179,39.828563],[37.998986,39.825898],[38.003174,39.822757],[38.004601,39.820377],[38.004221,39.817617],[38.003459,39.814191],[38.001841,39.811716],[37.999652,39.808956],[37.996226,39.806481],[37.992514,39.804958],[37.986708,39.802484],[37.983186,39.80039],[37.981473,39.798962],[37.97995,39.797249],[37.979284,39.795916],[37.979284,39.794393],[37.979379,39.792871],[37.980331,39.788968],[37.981283,39.785542],[37.982901,39.78183],[37.984424,39.778975],[37.986613,39.775929],[37.988802,39.773645],[37.993561,39.771075],[37.9987,39.768695],[38.001746,39.766982],[38.004126,39.765078],[38.005553,39.76327],[38.006029,39.760891],[38.006886,39.756322],[38.007171,39.751849],[38.007076,39.748613],[38.006791,39.745472],[38.006219,39.742521],[38.005648,39.740522],[38.004601,39.738524],[38.003174,39.736239],[38.002793,39.734621],[38.002603,39.732718],[38.002603,39.729958],[38.003079,39.727007],[38.00384,39.724723],[38.005268,39.723295],[38.008599,39.72044],[38.013929,39.716633],[38.018973,39.714919],[38.026302,39.712159],[38.039246,39.709399],[38.045243,39.708162],[38.050668,39.706639],[38.059044,39.704926],[38.061994,39.703784],[38.064374,39.702737],[38.066372,39.700738],[38.066753,39.698358],[38.067514,39.69379],[38.068085,39.690459],[38.069799,39.686937],[38.071512,39.683986],[38.074272,39.679799],[38.079031,39.673517],[38.081791,39.671423],[38.085693,39.668568],[38.090167,39.664856],[38.096734,39.661144],[38.102705,39.658199],[38.101177,39.65495],[38.099845,39.652761],[38.098037,39.651619],[38.094896,39.650667],[38.09185,39.650286],[38.088233,39.650191],[38.08414,39.649144],[38.079857,39.64705],[38.076717,39.645432],[38.074052,39.644004],[38.071482,39.642672],[38.068246,39.642291],[38.063772,39.642101],[38.060441,39.641815],[38.05711,39.642101],[38.055111,39.642101],[38.051304,39.642006],[38.04902,39.641054],[38.048068,39.639817],[38.046735,39.637628],[38.045308,39.634677],[38.044356,39.631631],[38.043499,39.626777],[38.043309,39.62297],[38.043404,39.619544],[38.043594,39.61212],[38.043594,39.60679],[38.043975,39.601745],[38.04407,39.597367],[38.04369,39.593941],[38.043023,39.59118],[38.041976,39.589562],[38.039597,39.586707],[38.036932,39.58547],[38.032554,39.584328],[38.025035,39.584232],[38.015326,39.585089],[38.003334,39.586136],[37.998194,39.587088],[37.992674,39.587944],[37.987344,39.588611],[37.981919,39.588611],[37.975827,39.587849],[37.973258,39.586897],[37.970022,39.584804],[37.967071,39.582329],[37.965453,39.580711],[37.96374,39.579093],[37.962407,39.578236],[37.959362,39.577094],[37.954888,39.575286],[37.947655,39.57205],[37.943467,39.56986],[37.938708,39.567195],[37.934139,39.565768],[37.929285,39.564816],[37.92386,39.56434],[37.920529,39.563864],[37.916341,39.563674],[37.912439,39.563674],[37.908917,39.563674],[37.904919,39.56415],[37.901208,39.564435],[37.898543,39.564435],[37.894926,39.564245],[37.891309,39.564245],[37.887692,39.564245],[37.883028,39.564531],[37.878841,39.564435],[37.874177,39.56415],[37.87056,39.563579],[37.864373,39.563198],[37.85714,39.563388],[37.85181,39.563959],[37.846575,39.565292],[37.843339,39.56691],[37.84096,39.569194],[37.837152,39.57243],[37.832489,39.575666],[37.82811,39.577475],[37.826112,39.577475],[37.8224,39.576523],[37.819354,39.574715],[37.814595,39.570812],[37.811645,39.5671],[37.808789,39.563198],[37.805268,39.558058],[37.802793,39.552824],[37.797939,39.545971],[37.792704,39.540546],[37.789087,39.536453],[37.785185,39.53217],[37.781283,39.528077],[37.776048,39.52446],[37.770528,39.521034],[37.765578,39.516561],[37.761105,39.511802],[37.757298,39.507899],[37.754252,39.504378],[37.750445,39.500475],[37.745781,39.495241],[37.742069,39.490767],[37.740166,39.489054],[37.737501,39.48715],[37.732075,39.485152],[37.729506,39.484581],[37.726365,39.484676],[37.72408,39.484866],[37.721035,39.484866],[37.716847,39.485532],[37.713706,39.485723],[37.709994,39.485247],[37.708281,39.48401],[37.706758,39.482677],[37.705711,39.481059],[37.703998,39.478489],[37.703046,39.475634],[37.702189,39.471446],[37.701618,39.467544],[37.698953,39.463737],[37.695527,39.46031],[37.690958,39.458216],[37.685057,39.455932],[37.677824,39.454504],[37.67592,39.454124],[37.671447,39.452981],[37.662595,39.451173],[37.65736,39.450887],[37.65184,39.450792],[37.647747,39.450792],[37.643845,39.450792],[37.640609,39.450316],[37.636707,39.449745],[37.632233,39.448889],[37.628331,39.447842],[37.62519,39.446985],[37.619955,39.445653],[37.61435,39.443356],[37.610638,39.446497],[37.608354,39.4484],[37.605403,39.45116],[37.602262,39.453635],[37.598646,39.456015],[37.595695,39.457537],[37.590555,39.459631],[37.58513,39.462106],[37.57961,39.463724],[37.570949,39.467246],[37.561431,39.469911],[37.556386,39.471719],[37.551056,39.473813],[37.547249,39.475145],[37.541729,39.47781],[37.53697,39.481142],[37.535595,39.48202]]]}}]}