{"type":"FeatureCollection","province":"Zonguldak","province_id":"TR-P-67","features":[{"type":"Feature","properties":{"id":"TR-D-67-001","parent_id":"TR-P-67","region_id":"TR-R-KAR","level":"district","municipality_type":null,"municipality_type_label":null,"is_metropolitan_municipality":null,"name":"Alaplı","name_ascii":"alapli","slug":"alapli-zonguldak"},"geometry":{"type":"Polygon","coordinates":[[[31.277899,41.114871],[31.279824,41.115111],[31.284618,41.116155],[31.290632,41.11801],[31.293324,41.118514],[31.296305,41.119057],[31.299807,41.119277],[31.300752,41.11968],[31.302772,41.12078],[31.304537,41.121821],[31.307228,41.12321],[31.30861,41.123932],[31.312858,41.12637],[31.316478,41.128252],[31.321115,41.129371],[31.326475,41.13119],[31.330048,41.132333],[31.334319,41.134818],[31.336829,41.137938],[31.340259,41.142655],[31.341775,41.144719],[31.345427,41.147085],[31.34403,41.1483],[31.344903,41.152881],[31.345991,41.155097],[31.346475,41.156264],[31.347357,41.158424],[31.350596,41.161179],[31.354201,41.163823],[31.358076,41.166459],[31.362324,41.168634],[31.366357,41.170889],[31.370907,41.174835],[31.372772,41.176391],[31.37683,41.179282],[31.380022,41.181529],[31.381308,41.18218],[31.382817,41.182967],[31.383301,41.18322],[31.384595,41.183879],[31.384389,41.184855],[31.38373,41.18615],[31.383684,41.186751],[31.383634,41.187404],[31.384198,41.189389],[31.385055,41.190786],[31.386016,41.192128],[31.389157,41.194061],[31.392406,41.196298],[31.392504,41.196454],[31.392512,41.196536],[31.392467,41.19659],[31.392409,41.196642],[31.392504,41.196633],[31.392614,41.196668],[31.393005,41.197057],[31.393521,41.197548],[31.39359,41.197633],[31.39365,41.197742],[31.393714,41.197896],[31.39384,41.198039],[31.393908,41.198128],[31.394786,41.198634],[31.3954,41.199056],[31.396001,41.19942],[31.396231,41.19961],[31.396485,41.199706],[31.397494,41.200309],[31.3977,41.200508],[31.398422,41.201008],[31.399243,41.201643],[31.399542,41.201929],[31.399764,41.202072],[31.400145,41.202484],[31.400376,41.202627],[31.40044,41.202683],[31.400527,41.202593],[31.400589,41.202531],[31.400709,41.202418],[31.402986,41.199697],[31.406681,41.196902],[31.409761,41.194581],[31.412413,41.192781],[31.414735,41.191644],[31.418098,41.191455],[31.422314,41.192023],[31.425346,41.192734],[31.43141,41.193728],[31.438089,41.195055],[31.442163,41.195529],[31.447848,41.196144],[31.45178,41.19676],[31.454954,41.19695],[31.457749,41.196287],[31.462154,41.194202],[31.465613,41.191455],[31.46746,41.188802],[31.469971,41.186196],[31.472387,41.184443],[31.474992,41.183496],[31.476935,41.183212],[31.480819,41.183117],[31.486172,41.182691],[31.489393,41.182738],[31.492141,41.18217],[31.497257,41.180748],[31.500905,41.179327],[31.504505,41.177717],[31.506969,41.176011],[31.508579,41.173216],[31.5091,41.171558],[31.509811,41.168621],[31.510332,41.167437],[31.512132,41.164689],[31.512843,41.162605],[31.514927,41.155925],[31.515638,41.153036],[31.516538,41.15043],[31.518148,41.147493],[31.520517,41.145788],[31.523217,41.145693],[31.52606,41.147067],[31.52767,41.148441],[31.529376,41.149388],[31.531697,41.149672],[31.534397,41.149293],[31.537097,41.148962],[31.542924,41.14773],[31.546193,41.146167],[31.550172,41.143561],[31.55453,41.14034],[31.555572,41.139061],[31.556567,41.13674],[31.55851,41.134418],[31.559978,41.132902],[31.561068,41.131623],[31.562394,41.128971],[31.56301,41.125654],[31.564431,41.123523],[31.565379,41.122338],[31.566373,41.12177],[31.569168,41.121912],[31.571016,41.122338],[31.573716,41.123049],[31.576322,41.123854],[31.579117,41.124944],[31.581201,41.125797],[31.582812,41.126507],[31.583617,41.126744],[31.58447,41.12646],[31.585464,41.12627],[31.58608,41.126507],[31.586933,41.127076],[31.588023,41.127502],[31.58897,41.128023],[31.590107,41.129207],[31.590723,41.129681],[31.591623,41.129729],[31.592807,41.129586],[31.594086,41.129776],[31.595176,41.130392],[31.595602,41.13096],[31.596123,41.131671],[31.596597,41.13205],[31.597592,41.132144],[31.59835,41.132381],[31.598966,41.133045],[31.599534,41.133613],[31.600908,41.133708],[31.602376,41.13366],[31.603324,41.133139],[31.604034,41.132334],[31.60465,41.132002],[31.605834,41.131813],[31.606877,41.131766],[31.607777,41.131908],[31.608393,41.132192],[31.60953,41.132192],[31.610903,41.131955],[31.611851,41.13186],[31.612798,41.13186],[31.613225,41.131766],[31.614077,41.131387],[31.614551,41.131339],[31.615498,41.131339],[31.616209,41.13096],[31.617251,41.130771],[31.617867,41.130581],[31.618767,41.129539],[31.61943,41.128449],[31.619762,41.127834],[31.620236,41.126886],[31.62052,41.125891],[31.620804,41.12466],[31.621183,41.124328],[31.621799,41.124186],[31.622746,41.123949],[31.623315,41.12357],[31.623552,41.122623],[31.623741,41.122054],[31.624215,41.121201],[31.624594,41.119543],[31.625068,41.118028],[31.625162,41.117127],[31.625162,41.116227],[31.625399,41.115043],[31.625589,41.114569],[31.626205,41.113906],[31.626963,41.113385],[31.62791,41.112911],[31.629,41.112627],[31.630326,41.112343],[31.631605,41.112674],[31.632221,41.112722],[31.633547,41.112627],[31.635679,41.11258],[31.637337,41.112911],[31.639279,41.113338],[31.640985,41.113811],[31.643077,41.113527],[31.645098,41.113022],[31.646298,41.112643],[31.647498,41.11239],[31.648762,41.110938],[31.650909,41.107843],[31.653183,41.104621],[31.655394,41.101589],[31.657162,41.09881],[31.658994,41.095652],[31.661331,41.092936],[31.664805,41.090852],[31.670048,41.087567],[31.675353,41.085672],[31.679143,41.084977],[31.683943,41.084346],[31.68887,41.083651],[31.693355,41.084409],[31.696197,41.085356],[31.698534,41.085546],[31.701566,41.08542],[31.705886,41.084674],[31.705886,41.082663],[31.706334,41.081627],[31.707123,41.079801],[31.708979,41.077249],[31.710681,41.072222],[31.713852,41.062787],[31.71594,41.057297],[31.717345,41.054341],[31.718182,41.052579],[31.718829,41.051577],[31.719729,41.050182],[31.721894,41.046547],[31.723596,41.043067],[31.724447,41.039277],[31.724601,41.03572],[31.724984,41.029891],[31.712258,41.031661],[31.69397,41.032588],[31.679559,41.032756],[31.67366,41.03293],[31.670963,41.033009],[31.667004,41.033513],[31.656384,41.034863],[31.65158,41.035537],[31.639107,41.036127],[31.62891,41.036296],[31.623263,41.036296],[31.603796,41.036296],[31.593851,41.035706],[31.586014,41.035874],[31.578935,41.035622],[31.568653,41.035369],[31.563681,41.034947],[31.558624,41.035032],[31.544213,41.033852],[31.540536,41.033652],[31.53646,41.03343],[31.520363,41.031745],[31.519183,41.031612],[31.515138,41.031155],[31.509913,41.029891],[31.505868,41.027531],[31.502843,41.025172],[31.501654,41.024244],[31.501444,41.024064],[31.498705,41.021716],[31.494878,41.019962],[31.494659,41.019862],[31.490193,41.019694],[31.486822,41.019441],[31.48185,41.019862],[31.478731,41.020705],[31.475697,41.02239],[31.472748,41.024582],[31.467438,41.029217],[31.464742,41.032503],[31.462213,41.03697],[31.460528,41.040088],[31.457157,41.044892],[31.454881,41.047252],[31.451057,41.049759],[31.449741,41.050623],[31.448619,41.051208],[31.443926,41.053657],[31.439543,41.055595],[31.434993,41.057617],[31.429599,41.059472],[31.426902,41.06023],[31.422267,41.060314],[31.415862,41.060863],[31.410468,41.061326],[31.407123,41.061799],[31.402125,41.062505],[31.39926,41.062843],[31.387124,41.065371],[31.380888,41.066803],[31.37482,41.069416],[31.37246,41.071186],[31.370522,41.073124],[31.367825,41.074641],[31.365128,41.075905],[31.362432,41.078349],[31.360915,41.081636],[31.358808,41.083406],[31.357291,41.084923],[31.353498,41.087367],[31.351139,41.088462],[31.345492,41.089811],[31.336812,41.090822],[31.322148,41.091075],[31.31549,41.090653],[31.305293,41.089979],[31.301669,41.090316],[31.297118,41.09217],[31.290376,41.096384],[31.288943,41.097733],[31.286078,41.101441],[31.28178,41.107087],[31.279147,41.111422],[31.278533,41.112774],[31.278247,41.113516],[31.277899,41.114871]]]}},{"type":"Feature","properties":{"id":"TR-D-67-002","parent_id":"TR-P-67","region_id":"TR-R-KAR","level":"district","municipality_type":null,"municipality_type_label":null,"is_metropolitan_municipality":null,"name":"Çaycuma","name_ascii":"caycuma","slug":"caycuma-zonguldak"},"geometry":{"type":"Polygon","coordinates":[[[32.051642,41.320095],[32.050073,41.320013],[32.047584,41.320232],[32.046998,41.320891],[32.046266,41.323454],[32.045094,41.325943],[32.044142,41.328433],[32.042824,41.330996],[32.042532,41.33246],[32.042165,41.334144],[32.040994,41.336341],[32.039017,41.339782],[32.035502,41.343223],[32.03089,41.347543],[32.022616,41.354572],[32.018296,41.359624],[32.013463,41.367825],[32.010022,41.372657],[32.005849,41.376026],[32.003139,41.377344],[31.998673,41.378661],[31.993035,41.380419],[31.989521,41.381883],[31.985933,41.383787],[31.981613,41.386569],[31.979636,41.388546],[31.97949,41.390011],[31.980807,41.393964],[31.982272,41.398138],[31.982272,41.400993],[31.980368,41.407437],[31.978538,41.413001],[31.978464,41.413302],[31.977511,41.413133],[31.973852,41.413194],[31.971412,41.412889],[31.970224,41.412651],[31.967753,41.412157],[31.966417,41.411988],[31.963962,41.415059],[31.962439,41.415439],[31.955776,41.41582],[31.957299,41.416391],[31.964913,41.418675],[31.972337,41.420389],[31.976707,41.424497],[31.971005,41.425719],[31.965865,41.429526],[31.965865,41.432191],[31.965865,41.435046],[31.965865,41.440376],[31.966056,41.444945],[31.968721,41.449132],[31.967388,41.452559],[31.960535,41.452369],[31.956918,41.455985],[31.954824,41.466455],[31.955776,41.472546],[31.95787,41.476163],[31.964723,41.476925],[31.973479,41.477115],[31.983188,41.479209],[31.992083,41.479265],[31.996476,41.480876],[32.001602,41.484024],[32.005043,41.487978],[32.008997,41.493177],[32.010169,41.495447],[32.015221,41.503794],[32.018149,41.51075],[32.021884,41.518511],[32.022323,41.520341],[32.021957,41.524295],[32.02181,41.526785],[32.020785,41.528981],[32.019248,41.531178],[32.015514,41.534326],[32.013903,41.536596],[32.012072,41.540916],[32.009802,41.544284],[32.007313,41.548531],[32.004735,41.551488],[32.006159,41.552448],[32.008727,41.554179],[32.010293,41.554601],[32.01288,41.556699],[32.015339,41.558692],[32.016497,41.559707],[32.016506,41.559714],[32.016918,41.560075],[32.022971,41.565667],[32.02593,41.568232],[32.029045,41.570688],[32.029671,41.571295],[32.032073,41.573624],[32.032288,41.573832],[32.03585,41.576633],[32.040167,41.578625],[32.04396,41.580091],[32.048366,41.581271],[32.051892,41.582537],[32.052853,41.582861],[32.053377,41.582949],[32.05777,41.58366],[32.062899,41.585232],[32.073272,41.586787],[32.073362,41.586799],[32.079304,41.587587],[32.088075,41.588612],[32.088992,41.588777],[32.089005,41.588753],[32.090008,41.58753],[32.090845,41.586509],[32.090852,41.586502],[32.09355,41.583881],[32.095246,41.582031],[32.09833,41.580026],[32.101259,41.578485],[32.105036,41.576403],[32.107657,41.574707],[32.111049,41.572241],[32.11254,41.571346],[32.116445,41.569003],[32.120454,41.566999],[32.121225,41.566459],[32.122381,41.564609],[32.12346,41.562913],[32.124925,41.561602],[32.126467,41.56114],[32.129473,41.560215],[32.13194,41.559598],[32.136103,41.560292],[32.138107,41.559906],[32.139803,41.558827],[32.14173,41.557054],[32.145507,41.555744],[32.148514,41.55451],[32.149593,41.552814],[32.152214,41.549808],[32.155375,41.546185],[32.156608,41.543949],[32.156608,41.542947],[32.156377,41.539941],[32.155375,41.536163],[32.154604,41.532926],[32.153756,41.529765],[32.15445,41.52699],[32.156531,41.525217],[32.157918,41.524369],[32.158381,41.523058],[32.159383,41.520515],[32.159306,41.517123],[32.158998,41.515658],[32.158304,41.51427],[32.157841,41.512806],[32.157841,41.511958],[32.158073,41.509491],[32.159306,41.507024],[32.160848,41.50502],[32.162852,41.503941],[32.165936,41.502707],[32.16848,41.502553],[32.172026,41.503324],[32.175109,41.504557],[32.177807,41.506562],[32.179811,41.508797],[32.182587,41.511033],[32.186826,41.513114],[32.189525,41.515195],[32.190141,41.517277],[32.190372,41.52144],[32.189987,41.524677],[32.189139,41.526604],[32.188445,41.527607],[32.187289,41.528686],[32.186826,41.529842],[32.186672,41.532232],[32.186749,41.53439],[32.187674,41.536009],[32.188599,41.537397],[32.191375,41.540943],[32.193996,41.543101],[32.199238,41.545876],[32.202398,41.547958],[32.20525,41.54896],[32.208565,41.55027],[32.210801,41.55081],[32.214886,41.551427],[32.216968,41.551273],[32.21928,41.551196],[32.220437,41.550656],[32.221516,41.549962],[32.222364,41.547881],[32.222749,41.546108],[32.221901,41.545106],[32.220976,41.544026],[32.219897,41.542639],[32.218124,41.541405],[32.21743,41.540172],[32.21743,41.539016],[32.218355,41.537011],[32.21982,41.535161],[32.227143,41.529071],[32.228685,41.527452],[32.229071,41.525679],[32.228762,41.524446],[32.227606,41.522133],[32.225833,41.520129],[32.223289,41.518125],[32.219126,41.515812],[32.216891,41.514116],[32.216351,41.512574],[32.216737,41.510339],[32.218895,41.506562],[32.221362,41.502091],[32.222981,41.499624],[32.223983,41.497851],[32.225293,41.495076],[32.229533,41.490373],[32.232617,41.485671],[32.233927,41.482356],[32.234698,41.477808],[32.234004,41.475881],[32.231846,41.47218],[32.230998,41.469328],[32.231075,41.467401],[32.232154,41.464317],[32.237088,41.461157],[32.241713,41.458613],[32.246107,41.455992],[32.249653,41.452523],[32.256822,41.449285],[32.264878,41.447384],[32.273615,41.445945],[32.27639,41.444506],[32.278343,41.442142],[32.279576,41.438031],[32.278857,41.43248],[32.278137,41.427135],[32.276801,41.423949],[32.274848,41.419941],[32.273101,41.413671],[32.271867,41.410587],[32.271867,41.406065],[32.272998,41.400617],[32.273923,41.397431],[32.276287,41.394964],[32.278343,41.392394],[32.280193,41.39003],[32.288107,41.384686],[32.290368,41.382527],[32.291088,41.380677],[32.291396,41.377799],[32.290779,41.373893],[32.290677,41.371015],[32.289647,41.367854],[32.28932,41.367881],[32.286078,41.368154],[32.281139,41.368401],[32.280864,41.368414],[32.274999,41.36861],[32.271741,41.369435],[32.270111,41.369848],[32.267602,41.370206],[32.265093,41.370565],[32.261965,41.371542],[32.25799,41.372325],[32.252841,41.371999],[32.248344,41.371412],[32.245542,41.371151],[32.239025,41.371542],[32.238419,41.371451],[32.230357,41.370239],[32.228598,41.369653],[32.225796,41.368349],[32.224036,41.366459],[32.222602,41.363135],[32.220191,41.359942],[32.218366,41.358313],[32.217891,41.357961],[32.216606,41.357009],[32.213543,41.355576],[32.21304,41.355398],[32.212436,41.355185],[32.210611,41.354533],[32.209438,41.35323],[32.207026,41.350036],[32.205528,41.348537],[32.205087,41.348034],[32.204615,41.347495],[32.202195,41.346889],[32.201226,41.346647],[32.197577,41.34593],[32.193601,41.346256],[32.187866,41.347755],[32.182588,41.349254],[32.18186,41.34933],[32.176331,41.349906],[32.17468,41.349927],[32.171248,41.349971],[32.166816,41.348733],[32.165818,41.348254],[32.165187,41.347951],[32.163359,41.345607],[32.162645,41.344692],[32.162059,41.343584],[32.161027,41.342466],[32.159713,41.341043],[32.157692,41.339153],[32.156977,41.33863],[32.15502,41.337198],[32.153456,41.336807],[32.148112,41.336546],[32.145571,41.336546],[32.143225,41.336546],[32.141756,41.337141],[32.13897,41.339413],[32.137724,41.340403],[32.135596,41.342639],[32.135561,41.342676],[32.133142,41.344472],[32.130795,41.345535],[32.128009,41.346012],[32.123757,41.346672],[32.119761,41.346892],[32.114739,41.347735],[32.112466,41.348211],[32.1099,41.349678],[32.107884,41.351621],[32.106308,41.353894],[32.106013,41.354499],[32.104036,41.357208],[32.100375,41.359551],[32.097007,41.361162],[32.093273,41.361821],[32.091939,41.36192],[32.091296,41.361967],[32.088367,41.361235],[32.08661,41.360723],[32.085227,41.360486],[32.084047,41.360283],[32.082363,41.359771],[32.081967,41.359092],[32.08185,41.358892],[32.08185,41.35816],[32.081885,41.358062],[32.082217,41.357135],[32.082656,41.355378],[32.082654,41.355342],[32.082583,41.35362],[32.082087,41.352712],[32.081704,41.35201],[32.080952,41.351333],[32.08024,41.350692],[32.07973,41.35025],[32.079141,41.34974],[32.079001,41.349289],[32.078775,41.348568],[32.078482,41.346738],[32.078409,41.344688],[32.078922,41.343882],[32.080386,41.343443],[32.080825,41.34293],[32.080825,41.342052],[32.08076,41.341751],[32.080459,41.340368],[32.080093,41.337439],[32.080158,41.33686],[32.081378,41.336686],[32.081858,41.336062],[32.081858,41.33539],[32.078702,41.333998],[32.076579,41.333412],[32.072844,41.331874],[32.065303,41.328067],[32.058274,41.323893],[32.056809,41.323015],[32.056004,41.321916],[32.054247,41.320525],[32.052856,41.320159],[32.051702,41.320098],[32.051642,41.320095]]]}},{"type":"Feature","properties":{"id":"TR-D-67-003","parent_id":"TR-P-67","region_id":"TR-R-KAR","level":"district","municipality_type":null,"municipality_type_label":null,"is_metropolitan_municipality":null,"name":"Devrek","name_ascii":"devrek","slug":"devrek-zonguldak"},"geometry":{"type":"Polygon","coordinates":[[[32.047584,41.320232],[32.050073,41.320013],[32.051642,41.320095],[32.053687,41.318324],[32.055777,41.316488],[32.058562,41.315032],[32.062804,41.314398],[32.068122,41.314398],[32.069704,41.314398],[32.072996,41.315981],[32.075782,41.317564],[32.080277,41.31978],[32.081859,41.319906],[32.083442,41.319463],[32.085025,41.319273],[32.086544,41.318957],[32.087684,41.31807],[32.087684,41.316804],[32.087177,41.315728],[32.087051,41.314968],[32.08724,41.314209],[32.087874,41.313512],[32.08876,41.312816],[32.090406,41.31117],[32.091989,41.309207],[32.092875,41.308321],[32.093318,41.307688],[32.093698,41.306738],[32.094204,41.306295],[32.094901,41.305852],[32.095914,41.305409],[32.09699,41.305219],[32.097686,41.304776],[32.098066,41.304206],[32.098509,41.30351],[32.098952,41.303066],[32.099649,41.30275],[32.100155,41.302307],[32.101105,41.300977],[32.103447,41.297305],[32.105093,41.29452],[32.105916,41.291924],[32.106866,41.290658],[32.107815,41.289772],[32.109335,41.288759],[32.110158,41.287746],[32.111487,41.281732],[32.110918,41.278186],[32.110664,41.275528],[32.109651,41.271539],[32.108892,41.26869],[32.108449,41.266285],[32.108132,41.263056],[32.108449,41.260524],[32.108702,41.257485],[32.109651,41.255269],[32.111741,41.250648],[32.113576,41.247419],[32.116868,41.241088],[32.120097,41.236403],[32.122376,41.234314],[32.127061,41.229313],[32.134911,41.221463],[32.142381,41.215892],[32.147207,41.213433],[32.147023,41.211503],[32.147023,41.207275],[32.14638,41.200565],[32.145552,41.197256],[32.145185,41.193487],[32.144909,41.190914],[32.144633,41.188524],[32.144541,41.186961],[32.144817,41.184296],[32.145552,41.179976],[32.146104,41.17731],[32.147391,41.171704],[32.14785,41.168854],[32.149597,41.16527],[32.151895,41.160031],[32.152722,41.156905],[32.153365,41.152769],[32.153457,41.148817],[32.153733,41.14321],[32.153549,41.139625],[32.151803,41.135949],[32.149229,41.132456],[32.144633,41.127585],[32.140865,41.12354],[32.136729,41.119129],[32.131398,41.113797],[32.128548,41.111408],[32.125975,41.109753],[32.122298,41.107455],[32.114118,41.104055],[32.109798,41.101941],[32.106948,41.097712],[32.103548,41.091462],[32.102353,41.086223],[32.102169,41.083558],[32.102812,41.077951],[32.104099,41.073998],[32.106397,41.069035],[32.110073,41.064439],[32.114577,41.061222],[32.118897,41.057913],[32.122666,41.05488],[32.126342,41.051571],[32.129284,41.047711],[32.131581,41.044034],[32.133604,41.039531],[32.13535,41.034291],[32.137832,41.023262],[32.138751,41.020228],[32.139854,41.016552],[32.141233,41.012967],[32.139197,41.011098],[32.134814,41.008991],[32.130853,41.009243],[32.127061,41.009833],[32.12428,41.009833],[32.121583,41.009412],[32.117116,41.009412],[32.110964,41.008906],[32.104222,41.008822],[32.09925,41.008822],[32.089137,41.009581],[32.079951,41.01135],[32.072029,41.01253],[32.06318,41.013963],[32.057871,41.015733],[32.054837,41.017334],[32.047926,41.020115],[32.045482,41.021801],[32.03419,41.022728],[32.019273,41.025509],[32.010593,41.02711],[32.004188,41.030059],[32.000901,41.031239],[31.998036,41.031998],[31.993148,41.031745],[31.98767,41.031239],[31.981012,41.029217],[31.973174,41.02711],[31.964747,41.025846],[31.955392,41.025172],[31.947049,41.023655],[31.943762,41.023065],[31.940897,41.02239],[31.937105,41.019946],[31.932806,41.01784],[31.926064,41.01548],[31.91907,41.013794],[31.911063,41.012277],[31.903732,41.01135],[31.903588,41.011302],[31.899518,41.009918],[31.89228,41.00821],[31.892017,41.008148],[31.891817,41.008111],[31.891414,41.008038],[31.888458,41.007501],[31.887788,41.007379],[31.887748,41.007372],[31.887727,41.007368],[31.886455,41.007137],[31.881651,41.00503],[31.874657,41.004524],[31.865386,41.004356],[31.861425,41.004187],[31.858939,41.004229],[31.857759,41.005325],[31.85738,41.00621],[31.856453,41.006125],[31.85561,41.005788],[31.854346,41.005788],[31.852703,41.006378],[31.851734,41.006968],[31.850975,41.006547],[31.849543,41.005872],[31.848447,41.005788],[31.847267,41.006378],[31.846509,41.007305],[31.845919,41.007811],[31.844655,41.007979],[31.842632,41.007221],[31.840188,41.0068],[31.839092,41.007137],[31.838165,41.007727],[31.836396,41.007811],[31.834373,41.008316],[31.832603,41.008232],[31.831002,41.007979],[31.830075,41.008232],[31.829064,41.008485],[31.828474,41.007642],[31.827336,41.006294],[31.826198,41.006378],[31.825103,41.006462],[31.82308,41.006631],[31.822153,41.007137],[31.821142,41.007895],[31.820299,41.008485],[31.819372,41.009243],[31.816675,41.009749],[31.808922,41.010171],[31.801337,41.011013],[31.800629,41.011169],[31.80026,41.01125],[31.798522,41.011679],[31.79518,41.012069],[31.794897,41.012103],[31.789876,41.012952],[31.779088,41.01489],[31.777656,41.015143],[31.773948,41.017502],[31.769818,41.019104],[31.769459,41.019197],[31.76928,41.019243],[31.762655,41.020958],[31.744283,41.02475],[31.724984,41.029891],[31.724601,41.03572],[31.724447,41.039277],[31.723596,41.043067],[31.721894,41.046547],[31.719729,41.050182],[31.718829,41.051577],[31.718182,41.052579],[31.717345,41.054341],[31.71594,41.057297],[31.713852,41.062787],[31.710681,41.072222],[31.708979,41.077249],[31.707123,41.079801],[31.706334,41.081627],[31.705886,41.082663],[31.705886,41.084674],[31.705998,41.086625],[31.706118,41.088695],[31.706814,41.090628],[31.70983,41.094495],[31.711918,41.095748],[31.71331,41.096583],[31.715708,41.09813],[31.717254,41.10045],[31.717873,41.101455],[31.718492,41.103698],[31.719342,41.107565],[31.721198,41.110194],[31.723983,41.112824],[31.726921,41.114835],[31.727377,41.115462],[31.729783,41.118779],[31.731541,41.121139],[31.732722,41.122723],[31.734956,41.124506],[31.739991,41.128523],[31.742621,41.131075],[31.744399,41.13471],[31.746101,41.137494],[31.747836,41.13893],[31.748343,41.13935],[31.753602,41.142908],[31.75917,41.146078],[31.764253,41.149917],[31.76644,41.151569],[31.773632,41.156983],[31.779101,41.161236],[31.781289,41.162938],[31.783454,41.166263],[31.785851,41.170207],[31.788171,41.173919],[31.789933,41.175965],[31.790569,41.176703],[31.791574,41.177554],[31.793662,41.178173],[31.796088,41.179354],[31.796678,41.179642],[31.797258,41.180056],[31.798302,41.180802],[31.798408,41.181203],[31.798689,41.182272],[31.799423,41.183877],[31.799926,41.184978],[31.801473,41.187608],[31.802479,41.189],[31.804335,41.190237],[31.807196,41.191784],[31.809825,41.192867],[31.811682,41.194413],[31.814815,41.197623],[31.8181,41.200987],[31.821426,41.203491],[31.824674,41.205936],[31.825905,41.207007],[31.83001,41.210577],[31.831574,41.212261],[31.833026,41.213825],[31.833782,41.214791],[31.83496,41.216299],[31.836042,41.217691],[31.838517,41.219857],[31.83995,41.220899],[31.840219,41.221094],[31.841592,41.222022],[31.84308,41.223028],[31.846019,41.225038],[31.849112,41.22674],[31.850427,41.227236],[31.852592,41.228054],[31.853109,41.22875],[31.854603,41.230761],[31.855454,41.23254],[31.855538,41.232843],[31.85584,41.233932],[31.856304,41.23602],[31.856691,41.237489],[31.857078,41.238959],[31.857774,41.240351],[31.858238,41.241279],[31.858571,41.242445],[31.859321,41.245068],[31.860541,41.247284],[31.861409,41.248858],[31.862027,41.25257],[31.861795,41.258215],[31.861022,41.26301],[31.860481,41.2668],[31.860171,41.270821],[31.859965,41.27251],[31.859785,41.273992],[31.859735,41.274937],[31.85963,41.276931],[31.859089,41.27956],[31.859011,41.281184],[31.858857,41.283118],[31.858857,41.283994],[31.858857,41.284432],[31.858934,41.285515],[31.859011,41.286598],[31.859011,41.288144],[31.85963,41.289691],[31.860249,41.291315],[31.860954,41.292408],[31.861597,41.293403],[31.862108,41.294012],[31.862815,41.294853],[31.865425,41.296129],[31.866572,41.296745],[31.867803,41.297405],[31.870297,41.298797],[31.871107,41.299152],[31.873081,41.300015],[31.874996,41.301056],[31.875749,41.301465],[31.877726,41.302171],[31.878997,41.302625],[31.883927,41.304771],[31.887988,41.306802],[31.891468,41.309238],[31.894368,41.311442],[31.89634,41.31237],[31.897732,41.312883],[31.898544,41.313182],[31.899743,41.313517],[31.902488,41.314284],[31.903822,41.315328],[31.907302,41.317822],[31.908346,41.318474],[31.908694,41.318692],[31.910782,41.31933],[31.912828,41.319953],[31.91345,41.320142],[31.914784,41.321101],[31.915306,41.321476],[31.916756,41.322926],[31.917859,41.324434],[31.918617,41.325331],[31.919135,41.325942],[31.920179,41.32716],[31.920295,41.327284],[31.921861,41.328958],[31.922847,41.330582],[31.923083,41.331032],[31.923427,41.331684],[31.924935,41.333018],[31.925437,41.333434],[31.926965,41.3347],[31.928589,41.335687],[31.930155,41.336847],[31.931431,41.336963],[31.933693,41.336789],[31.934776,41.336518],[31.935317,41.336383],[31.93622,41.335716],[31.936651,41.335396],[31.937753,41.333946],[31.939493,41.332438],[31.942161,41.331974],[31.943785,41.33238],[31.945815,41.332206],[31.947498,41.331452],[31.949412,41.330176],[31.950456,41.328436],[31.950514,41.32629],[31.950456,41.32426],[31.950222,41.323623],[31.949586,41.321882],[31.948373,41.319614],[31.947788,41.318518],[31.94657,41.315618],[31.946105,41.313762],[31.94657,41.312196],[31.949064,41.311442],[31.952022,41.311442],[31.956314,41.312544],[31.957648,41.313762],[31.95846,41.315734],[31.959852,41.317474],[31.961599,41.319533],[31.96238,41.319877],[31.962687,41.320011],[31.963057,41.320161],[31.964514,41.320751],[31.965775,41.321491],[31.967341,41.321578],[31.968865,41.321493],[31.968908,41.321491],[31.971344,41.321795],[31.97304,41.322056],[31.973859,41.321824],[31.974903,41.322114],[31.976702,41.322114],[31.977479,41.321818],[31.97792,41.32165],[31.978442,41.321244],[31.979602,41.319446],[31.98024,41.318228],[31.98169,41.31759],[31.98314,41.317242],[31.983475,41.317084],[31.985228,41.316256],[31.98749,41.315096],[31.990216,41.313588],[31.991376,41.312718],[31.992072,41.311906],[31.993116,41.310804],[31.99358,41.31005],[31.99358,41.309122],[31.993696,41.307556],[31.99474,41.305293],[31.995668,41.304191],[31.997292,41.303205],[31.998568,41.302509],[31.999295,41.302449],[31.99996,41.302393],[32.002048,41.302683],[32.003034,41.303064],[32.004601,41.303669],[32.007443,41.305815],[32.010691,41.308658],[32.013359,41.310253],[32.016027,41.311848],[32.017245,41.312486],[32.019681,41.313762],[32.022581,41.314466],[32.025655,41.315212],[32.030162,41.316181],[32.031861,41.316546],[32.032238,41.316655],[32.034472,41.3173],[32.03637,41.31768],[32.036792,41.317764],[32.039054,41.317764],[32.040325,41.317902],[32.041722,41.318054],[32.042302,41.318634],[32.043288,41.319214],[32.044564,41.31933],[32.045492,41.319214],[32.04613,41.319214],[32.046275,41.319274],[32.046826,41.319504],[32.047584,41.320232]]]}},{"type":"Feature","properties":{"id":"TR-D-67-004","parent_id":"TR-P-67","region_id":"TR-R-KAR","level":"district","municipality_type":null,"municipality_type_label":null,"is_metropolitan_municipality":null,"name":"Ereğli","name_ascii":"eregli","slug":"eregli-zonguldak"},"geometry":{"type":"Polygon","coordinates":[[[31.40044,41.202683],[31.400987,41.203159],[31.401328,41.203469],[31.401773,41.203898],[31.402403,41.204407],[31.402639,41.204634],[31.402827,41.204778],[31.402936,41.204903],[31.403077,41.205034],[31.40331,41.205247],[31.403554,41.205472],[31.403857,41.205682],[31.404211,41.206057],[31.404343,41.206259],[31.404691,41.206596],[31.405015,41.206847],[31.405375,41.207261],[31.405537,41.207403],[31.405841,41.207786],[31.406195,41.208162],[31.406316,41.208344],[31.406456,41.208686],[31.406701,41.208963],[31.407052,41.209347],[31.407342,41.209605],[31.40743,41.209711],[31.407514,41.209982],[31.407683,41.210207],[31.408007,41.21048],[31.408098,41.210652],[31.408229,41.210976],[31.408521,41.211398],[31.408715,41.211735],[31.408855,41.212149],[31.409203,41.212833],[31.409346,41.213499],[31.409452,41.213775],[31.409471,41.213973],[31.409626,41.214253],[31.409626,41.214468],[31.409641,41.21456],[31.409784,41.214716],[31.409844,41.215006],[31.409912,41.215208],[31.409958,41.21549],[31.409952,41.215923],[31.40997,41.216151],[31.410013,41.216243],[31.410038,41.21647],[31.409982,41.216546],[31.409999,41.216881],[31.410086,41.217337],[31.410078,41.217521],[31.410044,41.217594],[31.410008,41.217633],[31.409587,41.217662],[31.409569,41.217637],[31.409474,41.217606],[31.409258,41.217686],[31.409228,41.217717],[31.40924,41.217753],[31.409272,41.217819],[31.40936,41.217818],[31.409595,41.217721],[31.409596,41.217694],[31.410062,41.217656],[31.410096,41.218296],[31.410033,41.218333],[31.410019,41.218602],[31.409806,41.219255],[31.409694,41.219599],[31.409593,41.219719],[31.409382,41.219921],[31.409287,41.220058],[31.409172,41.220188],[31.409038,41.220292],[31.408889,41.220346],[31.408782,41.220347],[31.408717,41.220341],[31.408643,41.220335],[31.408548,41.220306],[31.408447,41.220246],[31.408341,41.220236],[31.408058,41.220314],[31.407937,41.220356],[31.40788,41.220378],[31.4078,41.220267],[31.407779,41.220281],[31.407832,41.220377],[31.40742,41.220735],[31.40717,41.220905],[31.40676,41.221153],[31.406102,41.221457],[31.405419,41.221783],[31.404864,41.22197],[31.404683,41.222005],[31.404264,41.222177],[31.403915,41.222359],[31.40355,41.222526],[31.403307,41.222617],[31.403156,41.222692],[31.403034,41.222784],[31.402609,41.222935],[31.402366,41.222996],[31.402306,41.223087],[31.402291,41.223087],[31.402275,41.223133],[31.402215,41.223254],[31.402139,41.223467],[31.402033,41.2238],[31.401972,41.224074],[31.401911,41.224241],[31.401774,41.224726],[31.401729,41.224908],[31.401683,41.22509],[31.401516,41.225515],[31.40135,41.226047],[31.401167,41.226593],[31.400985,41.227033],[31.40094,41.227488],[31.400773,41.228278],[31.400697,41.228672],[31.400803,41.228657],[31.400955,41.228733],[31.401325,41.228733],[31.401866,41.228733],[31.401881,41.228794],[31.401299,41.228829],[31.400864,41.228854],[31.400955,41.229158],[31.401209,41.229193],[31.401501,41.229234],[31.401516,41.229325],[31.401562,41.229553],[31.401532,41.229598],[31.401532,41.22975],[31.401486,41.229871],[31.401486,41.229947],[31.401456,41.230023],[31.401471,41.230054],[31.401471,41.230084],[31.401471,41.230114],[31.400983,41.230136],[31.400105,41.230175],[31.400075,41.230281],[31.400956,41.230273],[31.401774,41.230266],[31.402366,41.230266],[31.403134,41.230177],[31.403234,41.230222],[31.403022,41.230237],[31.40299,41.23027],[31.402843,41.23027],[31.402484,41.23027],[31.402533,41.2304],[31.402598,41.230677],[31.402517,41.230857],[31.402158,41.230889],[31.401979,41.23084],[31.401474,41.230873],[31.401115,41.230955],[31.400824,41.23097],[31.400512,41.230987],[31.40017,41.230824],[31.399974,41.230808],[31.399729,41.23084],[31.399452,41.231036],[31.399469,41.231215],[31.399664,41.231574],[31.399664,41.231786],[31.399681,41.232014],[31.39986,41.232047],[31.399941,41.23221],[31.399827,41.232291],[31.399713,41.232356],[31.399615,41.232519],[31.399599,41.23278],[31.399697,41.232911],[31.399719,41.233074],[31.399729,41.233188],[31.399681,41.233285],[31.399338,41.233334],[31.398964,41.233709],[31.398996,41.23384],[31.398784,41.233954],[31.398605,41.234361],[31.398491,41.234557],[31.398442,41.234964],[31.398687,41.235225],[31.398663,41.235321],[31.398507,41.235942],[31.398572,41.236203],[31.398475,41.236936],[31.398328,41.238289],[31.398246,41.238729],[31.398442,41.238957],[31.398784,41.238892],[31.398887,41.238625],[31.398724,41.238429],[31.398887,41.237372],[31.398953,41.236623],[31.399147,41.236119],[31.398936,41.235875],[31.398952,41.235615],[31.399408,41.235598],[31.399391,41.234996],[31.399212,41.234947],[31.399147,41.234752],[31.399326,41.234703],[31.39931,41.234541],[31.399147,41.234476],[31.399294,41.234362],[31.39931,41.234183],[31.399163,41.234166],[31.399408,41.233792],[31.399583,41.233742],[31.399941,41.233872],[31.400137,41.234003],[31.400284,41.234133],[31.400186,41.23428],[31.400186,41.234948],[31.400202,41.235323],[31.400186,41.235747],[31.400235,41.236317],[31.400365,41.236317],[31.400398,41.236398],[31.400479,41.236415],[31.400479,41.236284],[31.400705,41.23629],[31.401099,41.236301],[31.401115,41.236431],[31.401262,41.23648],[31.401278,41.236904],[31.401441,41.236887],[31.401474,41.23648],[31.401881,41.236382],[31.402093,41.23648],[31.40237,41.23648],[31.402598,41.236398],[31.402712,41.236398],[31.402778,41.236594],[31.403022,41.236659],[31.403071,41.236529],[31.403446,41.236529],[31.40369,41.23661],[31.40387,41.236725],[31.403804,41.237002],[31.403922,41.237324],[31.40389,41.237421],[31.403885,41.237728],[31.403891,41.237806],[31.403878,41.237956],[31.403897,41.238112],[31.403941,41.238362],[31.403966,41.238486],[31.403991,41.238586],[31.404022,41.238717],[31.404047,41.238836],[31.404072,41.239017],[31.40411,41.239204],[31.404103,41.239273],[31.404097,41.239398],[31.404122,41.239541],[31.40411,41.239629],[31.40411,41.239766],[31.404153,41.239954],[31.404209,41.240122],[31.404234,41.240284],[31.40415,41.240377],[31.404031,41.240387],[31.403714,41.240278],[31.403615,41.240298],[31.403545,41.240298],[31.403466,41.240407],[31.403526,41.240605],[31.403387,41.240654],[31.403278,41.240625],[31.403218,41.240526],[31.402971,41.240545],[31.402723,41.240654],[31.402356,41.240654],[31.40188,41.240605],[31.401781,41.240426],[31.401394,41.240535],[31.401384,41.240585],[31.401493,41.240744],[31.401454,41.240962],[31.401533,41.241527],[31.401553,41.241854],[31.401721,41.241894],[31.401741,41.24238],[31.401483,41.242386],[31.400928,41.2424],[31.400819,41.241963],[31.400888,41.241934],[31.400759,41.241031],[31.40071,41.240992],[31.400631,41.240476],[31.400422,41.240397],[31.400165,41.240773],[31.400174,41.240972],[31.400065,41.241934],[31.399927,41.242449],[31.399808,41.242568],[31.399599,41.242647],[31.399619,41.242707],[31.398945,41.242895],[31.398886,41.242945],[31.398648,41.242974],[31.39841,41.242955],[31.398132,41.242727],[31.397299,41.241815],[31.395643,41.24001],[31.395158,41.239484],[31.395138,41.239336],[31.394979,41.239306],[31.394811,41.239385],[31.394791,41.239693],[31.394949,41.239891],[31.395872,41.240932],[31.396476,41.241577],[31.397349,41.242538],[31.397934,41.243163],[31.398301,41.243341],[31.398876,41.243312],[31.399262,41.243203],[31.399847,41.243014],[31.399887,41.243064],[31.400016,41.243322],[31.400244,41.24348],[31.400571,41.24352],[31.401176,41.243589],[31.401665,41.24365],[31.402058,41.243698],[31.402534,41.243797],[31.402802,41.243857],[31.403218,41.243768],[31.403314,41.243964],[31.403359,41.244126],[31.403461,41.244241],[31.403492,41.244276],[31.403626,41.24446],[31.403658,41.244564],[31.403793,41.244786],[31.403862,41.244905],[31.402999,41.245607],[31.402755,41.245798],[31.402755,41.24585],[31.402796,41.245908],[31.402975,41.246157],[31.403161,41.246349],[31.403236,41.246366],[31.403277,41.246453],[31.403288,41.246505],[31.403497,41.24676],[31.403711,41.246795],[31.403966,41.247009],[31.404216,41.246917],[31.404326,41.246917],[31.404465,41.246917],[31.404616,41.246888],[31.404662,41.246888],[31.40472,41.246911],[31.404743,41.246963],[31.404789,41.247015],[31.404777,41.247086],[31.404772,41.247132],[31.404859,41.247289],[31.404975,41.247481],[31.40505,41.24751],[31.405085,41.24755],[31.40512,41.247608],[31.405172,41.247724],[31.405201,41.247783],[31.40523,41.247806],[31.405259,41.247829],[31.405335,41.247852],[31.405399,41.247864],[31.405561,41.247893],[31.405805,41.247934],[31.405962,41.247986],[31.406165,41.248067],[31.406293,41.248102],[31.406357,41.248102],[31.406534,41.247989],[31.406586,41.247989],[31.406609,41.247995],[31.406661,41.247971],[31.4068,41.247986],[31.406916,41.247981],[31.407117,41.248002],[31.407221,41.247931],[31.407434,41.248002],[31.407977,41.248236],[31.408223,41.248311],[31.408498,41.248487],[31.40859,41.248574],[31.408853,41.248691],[31.409074,41.248741],[31.40912,41.24872],[31.409175,41.248779],[31.409241,41.248791],[31.408832,41.249526],[31.40763,41.249225],[31.407551,41.249138],[31.407534,41.249042],[31.407459,41.248958],[31.40733,41.248883],[31.407146,41.248933],[31.406996,41.249004],[31.405322,41.248658],[31.405005,41.248662],[31.404203,41.248516],[31.404182,41.248436],[31.403748,41.248336],[31.403335,41.248357],[31.402955,41.248441],[31.402675,41.248557],[31.402629,41.248653],[31.402655,41.248758],[31.403047,41.248695],[31.403185,41.248658],[31.403398,41.248695],[31.403544,41.24877],[31.403759,41.24898],[31.404024,41.249245],[31.40445,41.249723],[31.404894,41.250317],[31.405211,41.250789],[31.405579,41.251279],[31.405908,41.25182],[31.406006,41.252022],[31.406281,41.252627],[31.406386,41.253036],[31.406415,41.253393],[31.406392,41.253595],[31.406311,41.253947],[31.405295,41.255517],[31.405126,41.255632],[31.404917,41.255834],[31.404497,41.25596],[31.404396,41.25606],[31.404354,41.25622],[31.40448,41.256354],[31.403775,41.25659],[31.403734,41.256447],[31.403702,41.256251],[31.403702,41.256093],[31.403636,41.255976],[31.403488,41.255914],[31.403478,41.25591],[31.40343,41.255707],[31.403435,41.255592],[31.403437,41.255543],[31.403425,41.25553],[31.40338,41.255483],[31.403285,41.255426],[31.403177,41.25542],[31.403089,41.255429],[31.403007,41.255505],[31.402994,41.255638],[31.403146,41.256432],[31.403683,41.259325],[31.403987,41.261017],[31.40411,41.261595],[31.404395,41.262127],[31.404733,41.262512],[31.405119,41.262825],[31.405574,41.263101],[31.405827,41.263221],[31.406026,41.263274],[31.406191,41.263341],[31.406283,41.263442],[31.406371,41.263597],[31.406377,41.263723],[31.40632,41.263793],[31.40584,41.264637],[31.405087,41.265978],[31.404129,41.267689],[31.403709,41.2684],[31.403414,41.268992],[31.403259,41.269444],[31.403139,41.269877],[31.403098,41.270136],[31.40307,41.27043],[31.403057,41.270958],[31.403048,41.271499],[31.403032,41.272454],[31.402981,41.272761],[31.402949,41.273008],[31.402937,41.273185],[31.402991,41.273321],[31.403089,41.273396],[31.403272,41.273422],[31.403376,41.273365],[31.403478,41.273238],[31.403475,41.273099],[31.403392,41.273001],[31.403323,41.27297],[31.403307,41.272884],[31.40334,41.272423],[31.403361,41.272339],[31.403344,41.272],[31.403369,41.271288],[31.403411,41.270605],[31.403424,41.270283],[31.40344,41.270065],[31.403503,41.269725],[31.4036,41.269399],[31.403725,41.26913],[31.403956,41.268695],[31.404035,41.268607],[31.404073,41.268594],[31.404689,41.268795],[31.404475,41.269206],[31.404764,41.26929],[31.406498,41.26624],[31.406301,41.266165],[31.406243,41.266286],[31.406117,41.266253],[31.405887,41.266676],[31.405271,41.266487],[31.405262,41.266387],[31.405895,41.265281],[31.406503,41.264171],[31.406867,41.263521],[31.406916,41.263469],[31.408058,41.263921],[31.407951,41.264182],[31.410405,41.264965],[31.410521,41.264765],[31.410566,41.264781],[31.41072,41.264712],[31.411981,41.265134],[31.413145,41.265509],[31.412067,41.267462],[31.41022,41.270733],[31.410172,41.270916],[31.410249,41.270964],[31.410326,41.271002],[31.410404,41.271],[31.410482,41.270958],[31.410544,41.270902],[31.410606,41.270815],[31.410646,41.27073],[31.41064,41.270657],[31.410615,41.270617],[31.410747,41.270364],[31.410975,41.269959],[31.41129,41.269413],[31.411614,41.268861],[31.412008,41.268113],[31.412464,41.267325],[31.412706,41.266889],[31.413457,41.265569],[31.413623,41.265327],[31.413716,41.26515],[31.413739,41.265082],[31.413848,41.264893],[31.413941,41.264716],[31.41404,41.264533],[31.414099,41.264454],[31.414101,41.264398],[31.414194,41.264271],[31.414256,41.264218],[31.414284,41.264173],[31.414358,41.264103],[31.414422,41.264041],[31.414462,41.263982],[31.414513,41.263959],[31.414572,41.263923],[31.414645,41.263889],[31.414732,41.26383],[31.414814,41.263782],[31.414895,41.263754],[31.414991,41.263695],[31.41512,41.26383],[31.416472,41.263081],[31.416817,41.26289],[31.416713,41.262783],[31.416789,41.262701],[31.416817,41.262656],[31.416862,41.26265],[31.41691,41.262639],[31.416941,41.262608],[31.416968,41.262593],[31.41711,41.262515],[31.417245,41.262499],[31.417408,41.262496],[31.417479,41.262465],[31.417524,41.262417],[31.417574,41.262414],[31.417617,41.262417],[31.417678,41.262414],[31.417729,41.262403],[31.417757,41.262414],[31.417791,41.262437],[31.417825,41.26242],[31.417875,41.262453],[31.417951,41.262563],[31.417988,41.262665],[31.418005,41.262743],[31.41801,41.262797],[31.417996,41.262864],[31.418005,41.262904],[31.417839,41.263135],[31.417889,41.263247],[31.418069,41.262971],[31.418083,41.263],[31.418112,41.26309],[31.418148,41.263135],[31.418174,41.263202],[31.418058,41.263281],[31.418053,41.263272],[31.418019,41.263281],[31.41803,41.263312],[31.418067,41.263304],[31.418064,41.263292],[31.418182,41.263216],[31.418247,41.263425],[31.418289,41.263503],[31.418354,41.263709],[31.41841,41.263866],[31.418337,41.263883],[31.41832,41.263861],[31.41821,41.263883],[31.41819,41.263861],[31.418155,41.26387],[31.4181,41.263883],[31.419542,41.267597],[31.419237,41.267913],[31.418724,41.268443],[31.415203,41.268424],[31.415213,41.26854],[31.415209,41.268664],[31.414798,41.268649],[31.41479,41.268714],[31.414548,41.268722],[31.414506,41.268741],[31.414491,41.268791],[31.414521,41.268834],[31.414567,41.268849],[31.419629,41.268884],[31.41984,41.268937],[31.419998,41.268984],[31.420105,41.269045],[31.420174,41.26913],[31.420255,41.269218],[31.420301,41.269299],[31.42032,41.269345],[31.420436,41.269372],[31.420532,41.269372],[31.420681,41.269356],[31.420709,41.269353],[31.420852,41.269354],[31.420821,41.269594],[31.420793,41.269626],[31.420783,41.269647],[31.420751,41.269709],[31.420733,41.269789],[31.420733,41.269916],[31.420741,41.270051],[31.420748,41.270216],[31.420736,41.270316],[31.420693,41.270406],[31.420663,41.270473],[31.420598,41.270631],[31.420588,41.270719],[31.420563,41.270846],[31.420561,41.270961],[31.420608,41.271146],[31.420661,41.271238],[31.420698,41.271328],[31.420723,41.271411],[31.420731,41.271551],[31.420726,41.271663],[31.420692,41.271754],[31.420661,41.271773],[31.420493,41.271951],[31.420448,41.272006],[31.420428,41.272073],[31.420426,41.272163],[31.420443,41.272608],[31.420411,41.272631],[31.420378,41.272656],[31.420348,41.272703],[31.420341,41.272753],[31.420351,41.272801],[31.420371,41.272841],[31.420416,41.272868],[31.420453,41.272898],[31.420511,41.274294],[31.420533,41.274818],[31.420428,41.274908],[31.420418,41.274863],[31.420356,41.274868],[31.420363,41.274973],[31.420296,41.27505],[31.420253,41.275133],[31.420233,41.27519],[31.420231,41.275258],[31.420238,41.275323],[31.420261,41.275387],[31.420298,41.275442],[31.420338,41.275485],[31.420341,41.275525],[31.420326,41.27557],[31.420388,41.275582],[31.420406,41.275548],[31.420483,41.275655],[31.420298,41.276137],[31.420213,41.276372],[31.420226,41.276387],[31.420268,41.276388],[31.420281,41.276477],[31.420313,41.276555],[31.420348,41.276595],[31.420386,41.276605],[31.420421,41.276632],[31.420461,41.276662],[31.420476,41.276765],[31.420543,41.2768],[31.420588,41.276845],[31.420628,41.276875],[31.420706,41.276915],[31.420783,41.27693],[31.420815,41.276928],[31.420813,41.277038],[31.420689,41.276984],[31.420592,41.276958],[31.420506,41.276911],[31.420457,41.276892],[31.420364,41.276967],[31.42033,41.277006],[31.420291,41.277026],[31.420157,41.277055],[31.420039,41.277097],[31.420034,41.277143],[31.420117,41.277177],[31.420159,41.277226],[31.420188,41.277292],[31.420215,41.277363],[31.420257,41.277439],[31.420272,41.277522],[31.420286,41.277671],[31.420291,41.277781],[31.420294,41.277925],[31.420276,41.278033],[31.420244,41.278128],[31.420225,41.278272],[31.420239,41.278316],[31.42025,41.278446],[31.420257,41.27849],[31.420166,41.278688],[31.420071,41.278851],[31.419941,41.27902],[31.419797,41.279176],[31.419661,41.279313],[31.419553,41.279409],[31.419529,41.27943],[31.419299,41.279604],[31.419125,41.279709],[31.418808,41.279895],[31.41869,41.279851],[31.418666,41.279863],[31.417726,41.280293],[31.417602,41.280349],[31.417171,41.280547],[31.417003,41.280625],[31.416816,41.280709],[31.416682,41.280773],[31.416553,41.280837],[31.416532,41.280815],[31.416558,41.280798],[31.416555,41.280727],[31.416473,41.280708],[31.416399,41.280745],[31.416401,41.280808],[31.416491,41.280835],[31.416512,41.280822],[31.416535,41.280843],[31.416371,41.280941],[31.416339,41.280903],[31.416286,41.280903],[31.416283,41.280941],[31.416318,41.280969],[31.416177,41.281061],[31.416143,41.281027],[31.416099,41.281027],[31.416092,41.281059],[31.416126,41.281093],[31.415968,41.281197],[31.415942,41.28117],[31.415963,41.281151],[31.415939,41.281094],[31.415864,41.281075],[31.415804,41.281117],[31.415822,41.281175],[31.415894,41.2812],[31.415919,41.281184],[31.415945,41.281209],[31.415748,41.281361],[31.4157,41.2814],[31.415721,41.281442],[31.415744,41.281506],[31.415716,41.281511],[31.415679,41.281541],[31.415656,41.281527],[31.415628,41.281553],[31.415651,41.281575],[31.415654,41.281603],[31.415622,41.281635],[31.415576,41.281652],[31.415531,41.28164],[31.415518,41.281658],[31.415525,41.281679],[31.415513,41.281698],[31.415492,41.281704],[31.415472,41.281716],[31.415469,41.281746],[31.415448,41.281776],[31.415418,41.281804],[31.415345,41.281852],[31.415311,41.281878],[31.415283,41.281894],[31.415223,41.281917],[31.4152,41.281947],[31.415223,41.281967],[31.4152,41.281988],[31.415133,41.282027],[31.4151,41.282027],[31.415079,41.28205],[31.415052,41.28205],[31.415045,41.282057],[31.415004,41.282032],[31.414997,41.282043],[31.415026,41.282064],[31.414964,41.282108],[31.415024,41.282152],[31.415017,41.282157],[31.414973,41.282136],[31.414948,41.282157],[31.414934,41.282184],[31.414921,41.282196],[31.414886,41.282223],[31.41481,41.282256],[31.414801,41.282265],[31.414768,41.282235],[31.414761,41.282242],[31.414791,41.282279],[31.414798,41.282304],[31.414794,41.282325],[31.414757,41.282325],[31.414724,41.282334],[31.414699,41.282353],[31.414669,41.282383],[31.414692,41.282412],[31.414679,41.282419],[31.414655,41.282417],[31.414637,41.282412],[31.414605,41.282436],[31.414591,41.282454],[31.41457,41.282477],[31.414587,41.282496],[31.414556,41.282523],[31.414531,41.282518],[31.414496,41.282548],[31.414473,41.282558],[31.414471,41.282579],[31.414436,41.282592],[31.414406,41.282611],[31.414355,41.282655],[31.414331,41.282666],[31.414282,41.282701],[31.414271,41.282737],[31.414257,41.282767],[31.414224,41.282795],[31.414217,41.282809],[31.414181,41.282832],[31.414148,41.282853],[31.414148,41.28288],[31.41413,41.282897],[31.414053,41.282945],[31.414026,41.282968],[31.413996,41.283008],[31.413978,41.283024],[31.413968,41.283026],[31.413955,41.283047],[31.413922,41.283058],[31.413865,41.283097],[31.413841,41.283123],[31.413825,41.283146],[31.413797,41.283157],[31.413781,41.283169],[31.413765,41.283192],[31.413736,41.28322],[31.41371,41.283256],[31.413685,41.283275],[31.413652,41.283277],[31.413622,41.2833],[31.413613,41.283326],[31.413609,41.283346],[31.413593,41.28336],[31.413593,41.283378],[31.413578,41.283402],[31.41356,41.283422],[31.413547,41.283443],[31.413544,41.283464],[31.413466,41.28351],[31.41341,41.28353],[31.413378,41.283528],[31.413343,41.283551],[31.413198,41.283572],[31.413149,41.283577],[31.413101,41.28357],[31.413018,41.283542],[31.413005,41.283519],[31.412984,41.283508],[31.412947,41.283501],[31.412926,41.283506],[31.412901,41.283501],[31.412884,41.28348],[31.412882,41.283466],[31.412894,41.283439],[31.41288,41.283443],[31.412864,41.283473],[31.412831,41.283464],[31.412764,41.283433],[31.412771,41.283393],[31.412741,41.283373],[31.412704,41.283358],[31.412653,41.283363],[31.412606,41.283403],[31.412555,41.283428],[31.412445,41.283398],[31.412345,41.283365],[31.412284,41.283353],[31.412234,41.283315],[31.412194,41.283267],[31.412184,41.283237],[31.412289,41.283137],[31.412139,41.282836],[31.411584,41.281664],[31.411597,41.281644],[31.411637,41.281611],[31.41262,41.281205],[31.412781,41.281167],[31.412844,41.281167],[31.412891,41.281187],[31.412932,41.281257],[31.413155,41.281255],[31.413195,41.28126],[31.413266,41.28126],[31.413321,41.281247],[31.413424,41.281205],[31.413491,41.281139],[31.413491,41.281067],[31.413456,41.281001],[31.413384,41.280951],[31.413288,41.280924],[31.41317,41.280909],[31.412891,41.280916],[31.412741,41.280934],[31.41262,41.280944],[31.412096,41.281172],[31.411787,41.28128],[31.411549,41.281385],[31.41122,41.281518],[31.411143,41.281521],[31.4111,41.281471],[31.41107,41.281493],[31.41103,41.281559],[31.410992,41.281609],[31.410932,41.281641],[31.410837,41.281677],[31.410734,41.281707],[31.410696,41.281709],[31.410636,41.281737],[31.410611,41.281759],[31.410578,41.281794],[31.410533,41.281804],[31.41052,41.281784],[31.410533,41.281752],[31.410553,41.281724],[31.410518,41.281712],[31.410478,41.281712],[31.410425,41.281744],[31.410357,41.281759],[31.410189,41.281752],[31.410139,41.281734],[31.409098,41.281769],[31.408992,41.281794],[31.408912,41.281817],[31.408821,41.281862],[31.408721,41.281902],[31.408651,41.28194],[31.408573,41.282],[31.40849,41.282068],[31.408462,41.282123],[31.408473,41.282191],[31.40849,41.282226],[31.408508,41.282246],[31.40857,41.282299],[31.408628,41.282321],[31.408633,41.282344],[31.409128,41.282284],[31.40916,41.282259],[31.40917,41.282236],[31.409165,41.282211],[31.409133,41.282166],[31.408869,41.282163],[31.408849,41.282151],[31.408829,41.282136],[31.408829,41.282116],[31.408837,41.282073],[31.408869,41.282048],[31.409163,41.281988],[31.41045,41.282003],[31.41044,41.282055],[31.410641,41.282096],[31.410736,41.282138],[31.411449,41.283639],[31.411203,41.283709],[31.410157,41.283566],[31.410129,41.283717],[31.411208,41.28387],[31.411622,41.283757],[31.411655,41.283767],[31.411672,41.283787],[31.41171,41.283847],[31.411818,41.284048],[31.411918,41.284264],[31.411983,41.284422],[31.412031,41.28465],[31.411466,41.285466],[31.411313,41.285408],[31.411088,41.285774],[31.411062,41.285821],[31.410927,41.28607],[31.410959,41.286093],[31.411,41.286053],[31.411203,41.286118],[31.411153,41.286239],[31.411148,41.286269],[31.411097,41.286349],[31.411014,41.286351],[31.410985,41.286364],[31.410952,41.286374],[31.410827,41.286329],[31.410791,41.286326],[31.410756,41.286341],[31.41074,41.286371],[31.410734,41.286382],[31.410734,41.286401],[31.41074,41.286422],[31.410757,41.286437],[31.410848,41.28645],[31.410876,41.286463],[31.410901,41.286481],[31.410915,41.286501],[31.410918,41.286516],[31.410295,41.287347],[31.409957,41.287795],[31.40995,41.287838],[31.409953,41.287856],[31.409976,41.287977],[31.409954,41.287982],[31.409934,41.288001],[31.409871,41.288035],[31.409832,41.288064],[31.409794,41.288098],[31.409719,41.288131],[31.409662,41.288171],[31.409637,41.288191],[31.409587,41.288218],[31.409555,41.288229],[31.409447,41.288302],[31.409374,41.288334],[31.409312,41.288384],[31.409023,41.288357],[31.407994,41.28826],[31.407759,41.288276],[31.407474,41.288539],[31.407425,41.28858],[31.407364,41.288655],[31.40727,41.288719],[31.407248,41.288752],[31.407215,41.288796],[31.407182,41.288804],[31.407173,41.288823],[31.4071,41.288891],[31.406891,41.28908],[31.406666,41.289301],[31.406652,41.289293],[31.406435,41.289492],[31.406441,41.289503],[31.406415,41.289521],[31.406405,41.289512],[31.406339,41.289561],[31.406264,41.289594],[31.406179,41.289617],[31.406134,41.289602],[31.406099,41.289583],[31.406044,41.289567],[31.405974,41.289536],[31.405766,41.289461],[31.405312,41.289304],[31.405222,41.289263],[31.405088,41.289217],[31.404737,41.289089],[31.404592,41.289034],[31.403708,41.288702],[31.40344,41.288601],[31.402607,41.288293],[31.401765,41.287972],[31.402471,41.286944],[31.402351,41.286888],[31.401632,41.287922],[31.400689,41.287566],[31.39956,41.287136],[31.399584,41.287087],[31.399461,41.287044],[31.399432,41.287081],[31.399404,41.287069],[31.399367,41.28706],[31.399349,41.287026],[31.399349,41.286998],[31.399351,41.286962],[31.399403,41.286798],[31.399429,41.286752],[31.399441,41.28668],[31.399453,41.286628],[31.399475,41.286568],[31.399489,41.286522],[31.399487,41.286489],[31.399492,41.286451],[31.399532,41.286404],[31.399547,41.28637],[31.399547,41.286336],[31.399577,41.286232],[31.399583,41.286174],[31.399586,41.286138],[31.399617,41.286067],[31.399625,41.285991],[31.39969,41.285787],[31.3997,41.285772],[31.399718,41.285745],[31.399709,41.285714],[31.399716,41.285689],[31.39973,41.285659],[31.399728,41.285615],[31.399725,41.285567],[31.399746,41.285536],[31.399759,41.285503],[31.399764,41.28547],[31.399779,41.285359],[31.399794,41.285327],[31.399819,41.285269],[31.399846,41.285176],[31.399868,41.285125],[31.399941,41.284889],[31.399934,41.284859],[31.400219,41.28486],[31.400246,41.284877],[31.401446,41.284903],[31.401449,41.284807],[31.40025,41.284786],[31.400216,41.284799],[31.399946,41.284798],[31.400015,41.284753],[31.400041,41.284729],[31.400069,41.284697],[31.400082,41.284655],[31.40009,41.284609],[31.400169,41.284436],[31.400182,41.284386],[31.400174,41.284356],[31.400148,41.284307],[31.400124,41.284291],[31.400106,41.284258],[31.400105,41.284194],[31.400139,41.28403],[31.40016,41.28396],[31.40017,41.283914],[31.400184,41.283786],[31.400231,41.283678],[31.400242,41.283636],[31.400248,41.283589],[31.400262,41.283535],[31.40028,41.283484],[31.400285,41.283416],[31.400285,41.283376],[31.400299,41.283318],[31.400322,41.283306],[31.400353,41.283272],[31.400357,41.28322],[31.400352,41.283181],[31.400365,41.283141],[31.400386,41.283109],[31.400398,41.283074],[31.400402,41.283037],[31.400399,41.283008],[31.400399,41.282965],[31.400405,41.282921],[31.400417,41.282874],[31.400429,41.282829],[31.400436,41.28277],[31.40045,41.282723],[31.400499,41.282635],[31.400505,41.282535],[31.400503,41.282477],[31.40052,41.282393],[31.400572,41.282266],[31.400587,41.282138],[31.400593,41.282107],[31.400628,41.282027],[31.400654,41.281972],[31.400661,41.281919],[31.400674,41.281861],[31.400691,41.281803],[31.400692,41.281751],[31.40072,41.281679],[31.400821,41.281244],[31.400896,41.280984],[31.400923,41.280948],[31.400948,41.280886],[31.400962,41.280773],[31.400966,41.280695],[31.40095,41.280686],[31.400954,41.280585],[31.400985,41.280591],[31.401,41.280566],[31.400999,41.28049],[31.400997,41.280431],[31.400984,41.280393],[31.400945,41.280381],[31.400887,41.280365],[31.400842,41.280364],[31.4008,41.280368],[31.400754,41.280382],[31.400731,41.280397],[31.400666,41.280467],[31.400641,41.280507],[31.400637,41.28056],[31.400664,41.280609],[31.400689,41.280646],[31.400705,41.280709],[31.40071,41.280781],[31.400667,41.280979],[31.40064,41.28112],[31.400597,41.281248],[31.400535,41.281451],[31.400512,41.28162],[31.400483,41.281728],[31.400459,41.28181],[31.400415,41.281897],[31.40037,41.282012],[31.400366,41.282096],[31.400352,41.282169],[31.400326,41.282302],[31.40029,41.282387],[31.400255,41.282492],[31.40018,41.282842],[31.40015,41.283013],[31.400103,41.283147],[31.400079,41.283247],[31.400046,41.283343],[31.400002,41.28345],[31.399958,41.283626],[31.399862,41.28403],[31.399827,41.284211],[31.399789,41.284296],[31.399736,41.284419],[31.39972,41.284541],[31.399678,41.284631],[31.399657,41.28469],[31.399644,41.284748],[31.399598,41.284849],[31.399573,41.285006],[31.399492,41.285283],[31.399448,41.285481],[31.399387,41.285719],[31.399308,41.285952],[31.39929,41.286144],[31.399258,41.286237],[31.399177,41.2864],[31.399145,41.28656],[31.39913,41.286634],[31.399099,41.286698],[31.399067,41.286767],[31.399044,41.286919],[31.399047,41.286989],[31.398947,41.287374],[31.398952,41.287434],[31.398973,41.287486],[31.398952,41.287539],[31.39891,41.287578],[31.398894,41.287594],[31.398857,41.287612],[31.398805,41.2876],[31.398775,41.287586],[31.398751,41.287668],[31.398702,41.287738],[31.398507,41.28774],[31.398499,41.28777],[31.398391,41.287808],[31.398346,41.287788],[31.398209,41.287825],[31.398159,41.287788],[31.397859,41.287703],[31.397731,41.287689],[31.39759,41.287654],[31.397588,41.287522],[31.397469,41.287511],[31.397467,41.287527],[31.397212,41.287496],[31.396954,41.287466],[31.396587,41.287373],[31.396433,41.287313],[31.396377,41.287274],[31.396356,41.287251],[31.396334,41.287239],[31.396274,41.287231],[31.396013,41.287254],[31.395954,41.287262],[31.39592,41.287266],[31.39586,41.287274],[31.395811,41.287281],[31.395712,41.287312],[31.395656,41.28734],[31.395584,41.28735],[31.39552,41.28734],[31.395492,41.287323],[31.395436,41.287323],[31.39542,41.287367],[31.395438,41.287416],[31.39553,41.287465],[31.395611,41.287532],[31.395626,41.287568],[31.395638,41.287637],[31.395636,41.287817],[31.395617,41.287892],[31.395346,41.288052],[31.395267,41.288069],[31.395249,41.288131],[31.395284,41.288201],[31.39531,41.28824],[31.395306,41.28831],[31.395218,41.288301],[31.395135,41.288301],[31.395052,41.288319],[31.3951,41.288385],[31.395188,41.288415],[31.395214,41.288516],[31.395201,41.288564],[31.395078,41.288547],[31.395047,41.288521],[31.395034,41.288486],[31.394947,41.288481],[31.394894,41.288516],[31.394942,41.288613],[31.395047,41.288713],[31.395126,41.288779],[31.395188,41.288827],[31.395218,41.288873],[31.395231,41.288893],[31.395152,41.288994],[31.395138,41.289002],[31.395052,41.289051],[31.394916,41.289068],[31.394754,41.28909],[31.39468,41.289147],[31.394614,41.289244],[31.394521,41.28927],[31.394495,41.289388],[31.394499,41.28952],[31.39453,41.289581],[31.394504,41.289787],[31.394294,41.289932],[31.39425,41.289993],[31.394241,41.290125],[31.394254,41.290252],[31.394224,41.290379],[31.394176,41.290456],[31.394158,41.290484],[31.394127,41.290558],[31.394149,41.290681],[31.394184,41.290729],[31.394158,41.290812],[31.394097,41.290861],[31.394097,41.290997],[31.394124,41.291044],[31.394162,41.291111],[31.394202,41.291198],[31.394154,41.291334],[31.394075,41.291439],[31.393965,41.291557],[31.393861,41.291651],[31.393819,41.291688],[31.393803,41.291702],[31.393706,41.291812],[31.393597,41.291921],[31.393501,41.291943],[31.393435,41.291991],[31.393444,41.292105],[31.393395,41.292219],[31.393334,41.292333],[31.393159,41.292495],[31.393018,41.292513],[31.392944,41.292636],[31.39294,41.292688],[31.392869,41.292719],[31.392821,41.292819],[31.39276,41.292872],[31.392642,41.292903],[31.392401,41.292903],[31.392348,41.292938],[31.392309,41.292973],[31.392326,41.293078],[31.392409,41.293122],[31.392502,41.293087],[31.392589,41.293144],[31.392624,41.293385],[31.392611,41.293508],[31.392492,41.293832],[31.392427,41.293898],[31.392387,41.293911],[31.392339,41.293998],[31.392317,41.294082],[31.39237,41.294169],[31.392445,41.294209],[31.392541,41.294222],[31.392545,41.29431],[31.392383,41.29431],[31.392269,41.294349],[31.392252,41.294375],[31.392041,41.29452],[31.392041,41.294713],[31.391914,41.294805],[31.391792,41.294862],[31.391564,41.294879],[31.39145,41.294901],[31.391397,41.294923],[31.391419,41.29505],[31.391533,41.295125],[31.391643,41.295168],[31.391814,41.29516],[31.391949,41.295203],[31.392072,41.295234],[31.39226,41.295234],[31.392409,41.295212],[31.392492,41.295234],[31.392484,41.295322],[31.392458,41.29537],[31.392492,41.295466],[31.392536,41.295545],[31.392567,41.295628],[31.39258,41.295725],[31.392563,41.295799],[31.392567,41.295918],[31.392563,41.295983],[31.392649,41.295994],[31.392712,41.296001],[31.392778,41.296062],[31.392817,41.296128],[31.392835,41.296194],[31.392782,41.296255],[31.392616,41.296295],[31.392488,41.296325],[31.392449,41.296448],[31.392479,41.296549],[31.392506,41.296636],[31.392581,41.296635],[31.392707,41.296632],[31.392891,41.29661],[31.393018,41.296566],[31.39304,41.296606],[31.392791,41.296698],[31.392681,41.296715],[31.392589,41.296794],[31.392576,41.296912],[31.392589,41.296983],[31.392716,41.296961],[31.392782,41.296996],[31.392677,41.297031],[31.392585,41.297026],[31.392567,41.297097],[31.39258,41.297145],[31.392681,41.297289],[31.392707,41.297381],[31.392611,41.297491],[31.392585,41.297592],[31.392663,41.297723],[31.392694,41.297876],[31.392773,41.297977],[31.392992,41.298179],[31.39304,41.298293],[31.393141,41.298345],[31.393246,41.298376],[31.393281,41.298477],[31.393308,41.298578],[31.393395,41.298657],[31.393501,41.298731],[31.393566,41.298819],[31.393649,41.298871],[31.393645,41.29895],[31.393562,41.299007],[31.393571,41.299143],[31.393615,41.299279],[31.393825,41.299432],[31.393768,41.299542],[31.393641,41.299546],[31.393641,41.299647],[31.39368,41.299809],[31.39372,41.299919],[31.393816,41.300006],[31.393982,41.30005],[31.394009,41.300173],[31.393838,41.300317],[31.393728,41.300436],[31.393575,41.300629],[31.393492,41.30076],[31.393387,41.300839],[31.393211,41.301027],[31.39318,41.301159],[31.393102,41.301299],[31.392957,41.301483],[31.392861,41.301522],[31.39283,41.301606],[31.39283,41.301707],[31.392795,41.30179],[31.392734,41.301785],[31.392532,41.301461],[31.392418,41.301465],[31.392396,41.301466],[31.392291,41.301509],[31.392238,41.301632],[31.39226,41.301772],[31.39241,41.301914],[31.392418,41.301921],[31.392411,41.301966],[31.392401,41.302026],[31.392352,41.302162],[31.392405,41.302254],[31.392414,41.302257],[31.39251,41.302289],[31.392642,41.302303],[31.39272,41.302338],[31.392734,41.302434],[31.392593,41.302605],[31.392615,41.302692],[31.392563,41.30282],[31.392458,41.302863],[31.392492,41.303034],[31.392589,41.303126],[31.392668,41.303223],[31.39269,41.303328],[31.392589,41.30342],[31.392576,41.303538],[31.392602,41.303643],[31.392672,41.303687],[31.392786,41.303683],[31.392795,41.303779],[31.392782,41.303845],[31.392725,41.303976],[31.39255,41.304174],[31.392548,41.304215],[31.392545,41.304275],[31.392567,41.30441],[31.392514,41.304529],[31.392484,41.304616],[31.392484,41.304892],[31.392585,41.305024],[31.392729,41.305147],[31.392799,41.305256],[31.392844,41.305267],[31.392913,41.305282],[31.392979,41.305388],[31.392996,41.305471],[31.393027,41.30555],[31.392929,41.305484],[31.392869,41.305445],[31.392615,41.305427],[31.392523,41.305431],[31.392545,41.305523],[31.39255,41.305607],[31.392545,41.30569],[31.392528,41.30576],[31.392629,41.305826],[31.392611,41.305914],[31.392821,41.305962],[31.39283,41.306049],[31.39294,41.30608],[31.39304,41.30608],[31.393045,41.305914],[31.393036,41.305795],[31.393039,41.305747],[31.393045,41.305659],[31.393111,41.305659],[31.393159,41.305686],[31.393295,41.305664],[31.393387,41.305686],[31.393544,41.305677],[31.393785,41.305712],[31.393882,41.305703],[31.394035,41.305707],[31.394162,41.305764],[31.394263,41.305848],[31.394351,41.305988],[31.394473,41.306102],[31.394447,41.306242],[31.394666,41.306452],[31.394745,41.306575],[31.394885,41.306584],[31.395008,41.306676],[31.395135,41.306781],[31.395183,41.306895],[31.395258,41.306961],[31.395358,41.306974],[31.395416,41.307062],[31.395534,41.30714],[31.3956,41.307241],[31.395595,41.307351],[31.395617,41.307474],[31.395832,41.307614],[31.39638,41.307903],[31.39652,41.308078],[31.396572,41.308227],[31.396638,41.30835],[31.396697,41.308388],[31.396748,41.30842],[31.396805,41.308481],[31.396767,41.308532],[31.396717,41.3086],[31.39687,41.308746],[31.396923,41.308797],[31.397015,41.309029],[31.397186,41.309112],[31.397339,41.309165],[31.397392,41.3092],[31.397611,41.309669],[31.397813,41.310274],[31.397778,41.310497],[31.397848,41.310563],[31.397869,41.310659],[31.397861,41.310782],[31.397856,41.31079],[31.39776,41.310953],[31.397681,41.311207],[31.397659,41.311439],[31.397703,41.311812],[31.397651,41.312066],[31.397536,41.312241],[31.397317,41.312482],[31.397243,41.312592],[31.397147,41.312688],[31.397081,41.312728],[31.396949,41.312763],[31.396936,41.312859],[31.396942,41.312948],[31.396945,41.312999],[31.396927,41.313043],[31.396638,41.313043],[31.396616,41.313096],[31.396616,41.313192],[31.396629,41.313324],[31.396783,41.313372],[31.396932,41.313359],[31.397151,41.313389],[31.397274,41.313388],[31.397501,41.313385],[31.397725,41.313446],[31.398062,41.31363],[31.398211,41.31374],[31.398321,41.313889],[31.398369,41.314165],[31.39843,41.31427],[31.398514,41.314345],[31.39872,41.314463],[31.398843,41.314603],[31.39914,41.314669],[31.399337,41.314743],[31.39946,41.314919],[31.399618,41.315037],[31.399785,41.315076],[31.399934,41.31516],[31.399986,41.315252],[31.400223,41.315361],[31.40035,41.315449],[31.400442,41.315594],[31.400478,41.315713],[31.400481,41.315725],[31.400538,41.315839],[31.400674,41.315918],[31.400915,41.316001],[31.401128,41.316023],[31.401261,41.316036],[31.401423,41.316071],[31.401717,41.316194],[31.401881,41.316334],[31.401897,41.316347],[31.402072,41.316422],[31.402195,41.316457],[31.402231,41.316461],[31.402409,41.316479],[31.402747,41.31647],[31.402913,41.31654],[31.403081,41.316706],[31.403404,41.317027],[31.403601,41.317053],[31.403728,41.317053],[31.403864,41.317018],[31.403983,41.316965],[31.404188,41.316921],[31.404329,41.316871],[31.404543,41.316794],[31.404732,41.316777],[31.405087,41.31686],[31.405105,41.316869],[31.405188,41.316913],[31.405315,41.316961],[31.40538,41.317035],[31.405534,41.317049],[31.405635,41.317092],[31.405718,41.317193],[31.405836,41.317224],[31.406025,41.317237],[31.406196,41.317206],[31.406353,41.317193],[31.40641,41.317145],[31.406479,41.317033],[31.406599,41.316983],[31.406923,41.317009],[31.407037,41.3169],[31.40712,41.316777],[31.407142,41.316663],[31.407265,41.31658],[31.407449,41.316545],[31.407751,41.316378],[31.407962,41.316343],[31.408053,41.316277],[31.408111,41.316155],[31.408286,41.316084],[31.408448,41.316067],[31.408623,41.316027],[31.408759,41.315948],[31.408855,41.315724],[31.408864,41.315703],[31.408948,41.315681],[31.409009,41.315576],[31.409,41.315379],[31.409114,41.315256],[31.409267,41.315204],[31.409531,41.315168],[31.409807,41.31509],[31.410245,41.314875],[31.410289,41.314787],[31.410398,41.314691],[31.410613,41.314643],[31.411034,41.314406],[31.411099,41.314323],[31.41127,41.31424],[31.411524,41.314178],[31.411818,41.314139],[31.412861,41.314121],[31.413308,41.314161],[31.413466,41.3142],[31.414202,41.31431],[31.415205,41.314739],[31.417077,41.31519],[31.417243,41.315199],[31.417418,41.315256],[31.417629,41.315282],[31.41776,41.315318],[31.417836,41.315349],[31.417948,41.315396],[31.418316,41.315458],[31.418987,41.315572],[31.419206,41.315585],[31.420288,41.315489],[31.420473,41.315423],[31.420692,41.315405],[31.42219,41.315712],[31.42241,41.315913],[31.422515,41.316054],[31.422879,41.316343],[31.423422,41.316698],[31.423463,41.316743],[31.423545,41.316834],[31.423663,41.316935],[31.423987,41.317127],[31.424228,41.317408],[31.424471,41.317509],[31.424741,41.317531],[31.425485,41.317509],[31.425688,41.317576],[31.426297,41.317914],[31.427108,41.318591],[31.427266,41.318794],[31.427358,41.319085],[31.427781,41.319612],[31.428714,41.320777],[31.429729,41.322003],[31.433345,41.3249],[31.436954,41.326924],[31.437533,41.327248],[31.442291,41.328136],[31.44597,41.327691],[31.446838,41.327586],[31.447047,41.32774],[31.450497,41.330272],[31.454874,41.331309],[31.459569,41.331309],[31.46293,41.329523],[31.463312,41.329321],[31.468049,41.329342],[31.47027,41.33226],[31.471539,41.335602],[31.472687,41.337617],[31.473611,41.339239],[31.476593,41.342559],[31.489367,41.352647],[31.494061,41.354656],[31.498079,41.355883],[31.503514,41.35639],[31.508675,41.357173],[31.513391,41.358716],[31.517366,41.360874],[31.521977,41.362904],[31.525276,41.363982],[31.530309,41.365632],[31.535173,41.366922],[31.537478,41.366964],[31.540175,41.366915],[31.54433,41.366457],[31.549173,41.368381],[31.553783,41.369946],[31.55704,41.370623],[31.558309,41.370856],[31.562835,41.372399],[31.567931,41.373795],[31.572246,41.374662],[31.576306,41.375339],[31.581212,41.376734],[31.585907,41.376353],[31.590496,41.375655],[31.593415,41.378193],[31.595445,41.381598],[31.600129,41.38182],[31.604814,41.380541],[31.609561,41.380879],[31.61212,41.381376],[31.614045,41.381757],[31.616625,41.382772],[31.619036,41.383734],[31.623285,41.384847],[31.623337,41.38486],[31.623372,41.384905],[31.625667,41.387779],[31.628902,41.390607],[31.633184,41.392796],[31.637394,41.395027],[31.641116,41.397836],[31.642978,41.401103],[31.646981,41.403596],[31.651758,41.402437],[31.656551,41.403613],[31.656884,41.403214],[31.656957,41.402848],[31.65704,41.401247],[31.65704,41.400054],[31.657457,41.399101],[31.658352,41.39761],[31.659067,41.395881],[31.659544,41.394451],[31.660856,41.392722],[31.661511,41.39153],[31.661094,41.390218],[31.658888,41.385449],[31.655967,41.381514],[31.651258,41.375493],[31.648277,41.371857],[31.647323,41.369592],[31.647323,41.36834],[31.647621,41.367147],[31.648456,41.366015],[31.649886,41.365538],[31.65239,41.365299],[31.654059,41.363213],[31.654775,41.361305],[31.654656,41.359517],[31.654477,41.356596],[31.654954,41.35439],[31.65555,41.352184],[31.656623,41.348965],[31.658113,41.345984],[31.659723,41.343242],[31.661511,41.341334],[31.662405,41.339844],[31.663479,41.335492],[31.664075,41.331975],[31.664194,41.329233],[31.664194,41.325537],[31.663419,41.319337],[31.663121,41.312958],[31.662882,41.310216],[31.663121,41.309501],[31.664969,41.306341],[31.666638,41.304731],[31.669619,41.302645],[31.673851,41.301035],[31.680528,41.299485],[31.682913,41.299128],[31.684463,41.298174],[31.686311,41.297458],[31.687503,41.29716],[31.688934,41.296624],[31.691795,41.295372],[31.693882,41.294597],[31.695611,41.293822],[31.697399,41.293464],[31.69883,41.293643],[31.700082,41.294239],[31.701095,41.294716],[31.702168,41.295193],[31.703837,41.295372],[31.705149,41.295134],[31.707414,41.295253],[31.711051,41.295372],[31.714926,41.295551],[31.719635,41.295253],[31.723748,41.295372],[31.726252,41.295432],[31.72816,41.295372],[31.731916,41.294418],[31.73585,41.293643],[31.739665,41.293226],[31.746104,41.291914],[31.749025,41.29102],[31.751648,41.290007],[31.752423,41.288814],[31.754211,41.28643],[31.754748,41.284641],[31.754867,41.281363],[31.754688,41.279395],[31.754748,41.277249],[31.755821,41.274626],[31.756357,41.273434],[31.758682,41.270871],[31.761782,41.269321],[31.765061,41.268248],[31.771738,41.267055],[31.776447,41.265982],[31.782349,41.264909],[31.786022,41.264442],[31.786719,41.264354],[31.789384,41.264015],[31.792662,41.263657],[31.79922,41.264134],[31.802976,41.264909],[31.806791,41.266876],[31.811501,41.268963],[31.814004,41.270274],[31.819668,41.273374],[31.824616,41.276892],[31.828014,41.279395],[31.830756,41.282078],[31.833856,41.284641],[31.838267,41.287324],[31.8425,41.288874],[31.84715,41.289709],[31.850369,41.290126],[31.855496,41.290245],[31.85963,41.289691],[31.859011,41.288144],[31.859011,41.286598],[31.858934,41.285515],[31.858857,41.284432],[31.858857,41.283994],[31.858857,41.283118],[31.859011,41.281184],[31.859089,41.27956],[31.85963,41.276931],[31.859735,41.274937],[31.859785,41.273992],[31.859965,41.27251],[31.860171,41.270821],[31.860481,41.2668],[31.861022,41.26301],[31.861795,41.258215],[31.862027,41.25257],[31.861409,41.248858],[31.860541,41.247284],[31.859321,41.245068],[31.858571,41.242445],[31.858238,41.241279],[31.857774,41.240351],[31.857078,41.238959],[31.856691,41.237489],[31.856304,41.23602],[31.85584,41.233932],[31.855538,41.232843],[31.855454,41.23254],[31.854603,41.230761],[31.853109,41.22875],[31.852592,41.228054],[31.850427,41.227236],[31.849112,41.22674],[31.846019,41.225038],[31.84308,41.223028],[31.841592,41.222022],[31.840219,41.221094],[31.83995,41.220899],[31.838517,41.219857],[31.836042,41.217691],[31.83496,41.216299],[31.833782,41.214791],[31.833026,41.213825],[31.831574,41.212261],[31.83001,41.210577],[31.825905,41.207007],[31.824674,41.205936],[31.821426,41.203491],[31.8181,41.200987],[31.814815,41.197623],[31.811682,41.194413],[31.809825,41.192867],[31.807196,41.191784],[31.804335,41.190237],[31.802479,41.189],[31.801473,41.187608],[31.799926,41.184978],[31.799423,41.183877],[31.798689,41.182272],[31.798408,41.181203],[31.798302,41.180802],[31.797258,41.180056],[31.796678,41.179642],[31.796088,41.179354],[31.793662,41.178173],[31.791574,41.177554],[31.790569,41.176703],[31.789933,41.175965],[31.788171,41.173919],[31.785851,41.170207],[31.783454,41.166263],[31.781289,41.162938],[31.779101,41.161236],[31.773632,41.156983],[31.76644,41.151569],[31.764253,41.149917],[31.75917,41.146078],[31.753602,41.142908],[31.748343,41.13935],[31.747836,41.13893],[31.746101,41.137494],[31.744399,41.13471],[31.742621,41.131075],[31.739991,41.128523],[31.734956,41.124506],[31.732722,41.122723],[31.731541,41.121139],[31.729783,41.118779],[31.727377,41.115462],[31.726921,41.114835],[31.723983,41.112824],[31.721198,41.110194],[31.719342,41.107565],[31.718492,41.103698],[31.717873,41.101455],[31.717254,41.10045],[31.715708,41.09813],[31.71331,41.096583],[31.711918,41.095748],[31.70983,41.094495],[31.706814,41.090628],[31.706118,41.088695],[31.705998,41.086625],[31.705886,41.084674],[31.701566,41.08542],[31.698534,41.085546],[31.696197,41.085356],[31.693355,41.084409],[31.68887,41.083651],[31.683943,41.084346],[31.679143,41.084977],[31.675353,41.085672],[31.670048,41.087567],[31.664805,41.090852],[31.661331,41.092936],[31.658994,41.095652],[31.657162,41.09881],[31.655394,41.101589],[31.653183,41.104621],[31.650909,41.107843],[31.648762,41.110938],[31.647498,41.11239],[31.646298,41.112643],[31.645098,41.113022],[31.643077,41.113527],[31.640985,41.113811],[31.639279,41.113338],[31.637337,41.112911],[31.635679,41.11258],[31.633547,41.112627],[31.632221,41.112722],[31.631605,41.112674],[31.630326,41.112343],[31.629,41.112627],[31.62791,41.112911],[31.626963,41.113385],[31.626205,41.113906],[31.625589,41.114569],[31.625399,41.115043],[31.625162,41.116227],[31.625162,41.117127],[31.625068,41.118028],[31.624594,41.119543],[31.624215,41.121201],[31.623741,41.122054],[31.623552,41.122623],[31.623315,41.12357],[31.622746,41.123949],[31.621799,41.124186],[31.621183,41.124328],[31.620804,41.12466],[31.62052,41.125891],[31.620236,41.126886],[31.619762,41.127834],[31.61943,41.128449],[31.618767,41.129539],[31.617867,41.130581],[31.617251,41.130771],[31.616209,41.13096],[31.615498,41.131339],[31.614551,41.131339],[31.614077,41.131387],[31.613225,41.131766],[31.612798,41.13186],[31.611851,41.13186],[31.610903,41.131955],[31.60953,41.132192],[31.608393,41.132192],[31.607777,41.131908],[31.606877,41.131766],[31.605834,41.131813],[31.60465,41.132002],[31.604034,41.132334],[31.603324,41.133139],[31.602376,41.13366],[31.600908,41.133708],[31.599534,41.133613],[31.598966,41.133045],[31.59835,41.132381],[31.597592,41.132144],[31.596597,41.13205],[31.596123,41.131671],[31.595602,41.13096],[31.595176,41.130392],[31.594086,41.129776],[31.592807,41.129586],[31.591623,41.129729],[31.590723,41.129681],[31.590107,41.129207],[31.58897,41.128023],[31.588023,41.127502],[31.586933,41.127076],[31.58608,41.126507],[31.585464,41.12627],[31.58447,41.12646],[31.583617,41.126744],[31.582812,41.126507],[31.581201,41.125797],[31.579117,41.124944],[31.576322,41.123854],[31.573716,41.123049],[31.571016,41.122338],[31.569168,41.121912],[31.566373,41.12177],[31.565379,41.122338],[31.564431,41.123523],[31.56301,41.125654],[31.562394,41.128971],[31.561068,41.131623],[31.559978,41.132902],[31.55851,41.134418],[31.556567,41.13674],[31.555572,41.139061],[31.55453,41.14034],[31.550172,41.143561],[31.546193,41.146167],[31.542924,41.14773],[31.537097,41.148962],[31.534397,41.149293],[31.531697,41.149672],[31.529376,41.149388],[31.52767,41.148441],[31.52606,41.147067],[31.523217,41.145693],[31.520517,41.145788],[31.518148,41.147493],[31.516538,41.15043],[31.515638,41.153036],[31.514927,41.155925],[31.512843,41.162605],[31.512132,41.164689],[31.510332,41.167437],[31.509811,41.168621],[31.5091,41.171558],[31.508579,41.173216],[31.506969,41.176011],[31.504505,41.177717],[31.500905,41.179327],[31.497257,41.180748],[31.492141,41.18217],[31.489393,41.182738],[31.486172,41.182691],[31.480819,41.183117],[31.476935,41.183212],[31.474992,41.183496],[31.472387,41.184443],[31.469971,41.186196],[31.46746,41.188802],[31.465613,41.191455],[31.462154,41.194202],[31.457749,41.196287],[31.454954,41.19695],[31.45178,41.19676],[31.447848,41.196144],[31.442163,41.195529],[31.438089,41.195055],[31.43141,41.193728],[31.425346,41.192734],[31.422314,41.192023],[31.418098,41.191455],[31.414735,41.191644],[31.412413,41.192781],[31.409761,41.194581],[31.406681,41.196902],[31.402986,41.199697],[31.400709,41.202418],[31.400589,41.202531],[31.400527,41.202593],[31.40044,41.202683]]]}},{"type":"Feature","properties":{"id":"TR-D-67-005","parent_id":"TR-P-67","region_id":"TR-R-KAR","level":"district","municipality_type":null,"municipality_type_label":null,"is_metropolitan_municipality":null,"name":"Gökçebey","name_ascii":"gokcebey","slug":"gokcebey-zonguldak"},"geometry":{"type":"Polygon","coordinates":[[[32.051642,41.320095],[32.051702,41.320098],[32.052856,41.320159],[32.054247,41.320525],[32.056004,41.321916],[32.056809,41.323015],[32.058274,41.323893],[32.065303,41.328067],[32.072844,41.331874],[32.076579,41.333412],[32.078702,41.333998],[32.081858,41.33539],[32.081858,41.336062],[32.081378,41.336686],[32.080158,41.33686],[32.080093,41.337439],[32.080459,41.340368],[32.08076,41.341751],[32.080825,41.342052],[32.080825,41.34293],[32.080386,41.343443],[32.078922,41.343882],[32.078409,41.344688],[32.078482,41.346738],[32.078775,41.348568],[32.079001,41.349289],[32.079141,41.34974],[32.07973,41.35025],[32.08024,41.350692],[32.080952,41.351333],[32.081704,41.35201],[32.082087,41.352712],[32.082583,41.35362],[32.082654,41.355342],[32.082656,41.355378],[32.082217,41.357135],[32.081885,41.358062],[32.08185,41.35816],[32.08185,41.358892],[32.081967,41.359092],[32.082363,41.359771],[32.084047,41.360283],[32.085227,41.360486],[32.08661,41.360723],[32.088367,41.361235],[32.091296,41.361967],[32.091939,41.36192],[32.093273,41.361821],[32.097007,41.361162],[32.100375,41.359551],[32.104036,41.357208],[32.106013,41.354499],[32.106308,41.353894],[32.107884,41.351621],[32.1099,41.349678],[32.112466,41.348211],[32.114739,41.347735],[32.119761,41.346892],[32.123757,41.346672],[32.128009,41.346012],[32.130795,41.345535],[32.133142,41.344472],[32.135561,41.342676],[32.135596,41.342639],[32.137724,41.340403],[32.13897,41.339413],[32.141756,41.337141],[32.143225,41.336546],[32.145571,41.336546],[32.148112,41.336546],[32.153456,41.336807],[32.15502,41.337198],[32.156977,41.33863],[32.157692,41.339153],[32.159713,41.341043],[32.161027,41.342466],[32.162059,41.343584],[32.162645,41.344692],[32.163359,41.345607],[32.165187,41.347951],[32.165818,41.348254],[32.166816,41.348733],[32.171248,41.349971],[32.17468,41.349927],[32.176331,41.349906],[32.18186,41.34933],[32.182588,41.349254],[32.187866,41.347755],[32.193601,41.346256],[32.197577,41.34593],[32.201226,41.346647],[32.202195,41.346889],[32.204615,41.347495],[32.205087,41.348034],[32.205528,41.348537],[32.207026,41.350036],[32.209438,41.35323],[32.210611,41.354533],[32.212436,41.355185],[32.21304,41.355398],[32.213543,41.355576],[32.216606,41.357009],[32.217891,41.357961],[32.218366,41.358313],[32.220191,41.359942],[32.222602,41.363135],[32.224036,41.366459],[32.225796,41.368349],[32.228598,41.369653],[32.230357,41.370239],[32.238419,41.371451],[32.239025,41.371542],[32.245542,41.371151],[32.248344,41.371412],[32.252841,41.371999],[32.25799,41.372325],[32.261965,41.371542],[32.265093,41.370565],[32.267602,41.370206],[32.270111,41.369848],[32.271741,41.369435],[32.274999,41.36861],[32.280864,41.368414],[32.281139,41.368401],[32.286078,41.368154],[32.28932,41.367881],[32.289647,41.367854],[32.289238,41.366596],[32.287182,41.360737],[32.285846,41.357242],[32.283687,41.353234],[32.280707,41.348095],[32.279884,41.344189],[32.279987,41.340386],[32.281529,41.335041],[32.282865,41.331546],[32.284304,41.327949],[32.287799,41.326202],[32.303936,41.321988],[32.309897,41.320549],[32.322951,41.32024],[32.320282,41.315642],[32.317525,41.312792],[32.312377,41.308197],[32.308241,41.306267],[32.30337,41.302958],[32.295373,41.29873],[32.293167,41.296983],[32.291605,41.294685],[32.287285,41.288987],[32.282138,41.28485],[32.272578,41.281082],[32.262744,41.278692],[32.252541,41.276486],[32.242155,41.27428],[32.234434,41.272993],[32.229562,41.272258],[32.226345,41.271982],[32.221382,41.271431],[32.215132,41.270879],[32.207503,41.270052],[32.20208,41.268949],[32.199139,41.26849],[32.196105,41.267111],[32.190315,41.264445],[32.187557,41.262791],[32.184157,41.260493],[32.181123,41.258103],[32.177906,41.254611],[32.173311,41.249555],[32.168255,41.24496],[32.163752,41.238526],[32.159248,41.234114],[32.15695,41.231632],[32.153089,41.22483],[32.150424,41.220878],[32.148769,41.217201],[32.147207,41.213433],[32.142381,41.215892],[32.134911,41.221463],[32.127061,41.229313],[32.122376,41.234314],[32.120097,41.236403],[32.116868,41.241088],[32.113576,41.247419],[32.111741,41.250648],[32.109651,41.255269],[32.108702,41.257485],[32.108449,41.260524],[32.108132,41.263056],[32.108449,41.266285],[32.108892,41.26869],[32.109651,41.271539],[32.110664,41.275528],[32.110918,41.278186],[32.111487,41.281732],[32.110158,41.287746],[32.109335,41.288759],[32.107815,41.289772],[32.106866,41.290658],[32.105916,41.291924],[32.105093,41.29452],[32.103447,41.297305],[32.101105,41.300977],[32.100155,41.302307],[32.099649,41.30275],[32.098952,41.303066],[32.098509,41.30351],[32.098066,41.304206],[32.097686,41.304776],[32.09699,41.305219],[32.095914,41.305409],[32.094901,41.305852],[32.094204,41.306295],[32.093698,41.306738],[32.093318,41.307688],[32.092875,41.308321],[32.091989,41.309207],[32.090406,41.31117],[32.08876,41.312816],[32.087874,41.313512],[32.08724,41.314209],[32.087051,41.314968],[32.087177,41.315728],[32.087684,41.316804],[32.087684,41.31807],[32.086544,41.318957],[32.085025,41.319273],[32.083442,41.319463],[32.081859,41.319906],[32.080277,41.31978],[32.075782,41.317564],[32.072996,41.315981],[32.069704,41.314398],[32.068122,41.314398],[32.062804,41.314398],[32.058562,41.315032],[32.055777,41.316488],[32.053687,41.318324],[32.051642,41.320095]]]}},{"type":"Feature","properties":{"id":"TR-D-67-006","parent_id":"TR-P-67","region_id":"TR-R-KAR","level":"district","municipality_type":null,"municipality_type_label":null,"is_metropolitan_municipality":null,"name":"Kilimli","name_ascii":"kilimli","slug":"kilimli-zonguldak"},"geometry":{"type":"Polygon","coordinates":[[[31.822991,41.482157],[31.823807,41.482289],[31.826128,41.482664],[31.827832,41.482939],[31.83155,41.485516],[31.831652,41.487903],[31.831656,41.487996],[31.831699,41.489925],[31.833077,41.492575],[31.838289,41.496394],[31.841221,41.499417],[31.844944,41.501662],[31.853932,41.505608],[31.857186,41.508181],[31.862406,41.511138],[31.868414,41.513518],[31.87365,41.51513],[31.883572,41.515208],[31.887566,41.516126],[31.891075,41.516931],[31.895314,41.518161],[31.900304,41.519867],[31.906032,41.522432],[31.9084,41.523644],[31.910196,41.524563],[31.914689,41.526309],[31.91937,41.527424],[31.922479,41.529883],[31.926815,41.531664],[31.931055,41.533624],[31.935845,41.534717],[31.941208,41.535628],[31.951616,41.537056],[31.956286,41.538517],[31.964035,41.543344],[31.968421,41.544225],[31.973136,41.544425],[31.977924,41.545231],[31.982813,41.546435],[31.987192,41.54754],[31.989116,41.547733],[31.992487,41.548072],[31.997129,41.549005],[32.003163,41.550916],[32.003404,41.551004],[32.008089,41.554007],[32.008727,41.554179],[32.006159,41.552448],[32.004735,41.551488],[32.007313,41.548531],[32.009802,41.544284],[32.012072,41.540916],[32.013903,41.536596],[32.015514,41.534326],[32.019248,41.531178],[32.020785,41.528981],[32.02181,41.526785],[32.021957,41.524295],[32.022323,41.520341],[32.021884,41.518511],[32.018149,41.51075],[32.015221,41.503794],[32.010169,41.495447],[32.008997,41.493177],[32.005043,41.487978],[32.001602,41.484024],[31.996476,41.480876],[31.992083,41.479265],[31.983188,41.479209],[31.973479,41.477115],[31.964723,41.476925],[31.95787,41.476163],[31.955776,41.472546],[31.954824,41.466455],[31.956918,41.455985],[31.960535,41.452369],[31.967388,41.452559],[31.968721,41.449132],[31.966056,41.444945],[31.965865,41.440376],[31.965865,41.435046],[31.965865,41.432191],[31.956347,41.426861],[31.953111,41.425147],[31.948543,41.422673],[31.944545,41.422292],[31.943403,41.429335],[31.943974,41.434665],[31.942832,41.445135],[31.937502,41.449323],[31.930649,41.455224],[31.924558,41.460554],[31.916182,41.457318],[31.90971,41.459221],[31.903428,41.459792],[31.897908,41.455985],[31.898288,41.448371],[31.896766,41.446467],[31.891816,41.444374],[31.881727,41.444945],[31.875065,41.443993],[31.870166,41.443533],[31.869927,41.443749],[31.86847,41.445633],[31.867853,41.446432],[31.866206,41.449299],[31.865135,41.45176],[31.864377,41.453568],[31.86342,41.454525],[31.86273,41.455215],[31.862161,41.455734],[31.861327,41.456496],[31.859819,41.457159],[31.858278,41.457959],[31.858029,41.458072],[31.855716,41.459118],[31.854191,41.459667],[31.85258,41.459891],[31.851996,41.459972],[31.850044,41.459972],[31.847117,41.459911],[31.844372,41.45985],[31.84114,41.460094],[31.839493,41.460094],[31.838971,41.460318],[31.837359,41.461009],[31.835041,41.4629],[31.834195,41.463913],[31.833455,41.465278],[31.83254,41.467657],[31.831626,41.469791],[31.830724,41.471784],[31.830467,41.472353],[31.829735,41.474182],[31.829596,41.475015],[31.829491,41.475646],[31.829064,41.476561],[31.827783,41.477171],[31.826407,41.477611],[31.826137,41.477821],[31.825954,41.477964],[31.825703,41.478497],[31.825466,41.479001],[31.824856,41.479977],[31.824446,41.480488],[31.823668,41.481424],[31.822991,41.482157]]]}},{"type":"Feature","properties":{"id":"TR-D-67-007","parent_id":"TR-P-67","region_id":"TR-R-KAR","level":"district","municipality_type":null,"municipality_type_label":null,"is_metropolitan_municipality":null,"name":"Kozlu","name_ascii":"kozlu","slug":"kozlu-zonguldak"},"geometry":{"type":"Polygon","coordinates":[[[31.656551,41.403613],[31.657201,41.404053],[31.660582,41.405958],[31.664459,41.40787],[31.669713,41.40958],[31.679427,41.410013],[31.683926,41.411131],[31.686703,41.411809],[31.689883,41.41376],[31.691812,41.414968],[31.692702,41.415456],[31.695776,41.416982],[31.697446,41.417337],[31.697472,41.417342],[31.69904,41.41766],[31.700552,41.417993],[31.70288,41.420259],[31.704507,41.421843],[31.708994,41.423767],[31.709661,41.423891],[31.713826,41.424666],[31.718505,41.42556],[31.722519,41.427929],[31.725148,41.430727],[31.728372,41.433875],[31.728389,41.433887],[31.731627,41.436226],[31.736094,41.438716],[31.741225,41.439735],[31.745563,41.441654],[31.750004,41.444828],[31.752344,41.447739],[31.752617,41.448079],[31.752545,41.449055],[31.752691,41.449188],[31.752774,41.449142],[31.754677,41.448143],[31.755172,41.447869],[31.755448,41.448086],[31.755894,41.447864],[31.755971,41.448123],[31.755734,41.448429],[31.755753,41.448709],[31.756048,41.448629],[31.756892,41.448314],[31.757306,41.448743],[31.757735,41.448857],[31.758535,41.448857],[31.75865,41.4486],[31.758799,41.448327],[31.759169,41.448264],[31.759764,41.448086],[31.760279,41.448086],[31.760675,41.448064],[31.760593,41.447628],[31.760542,41.447297],[31.760736,41.447],[31.761046,41.446851],[31.761451,41.446656],[31.761822,41.446428],[31.761822,41.446028],[31.76168,41.445685],[31.76168,41.445399],[31.761994,41.44517],[31.762337,41.444999],[31.76248,41.444513],[31.762709,41.444227],[31.763012,41.443987],[31.763252,41.443798],[31.763738,41.443141],[31.764767,41.442312],[31.765338,41.441997],[31.76569,41.441941],[31.766155,41.441816],[31.766625,41.441511],[31.766889,41.441391],[31.768703,41.441557],[31.76934,41.441626],[31.771141,41.441997],[31.77137,41.441797],[31.771541,41.441368],[31.771804,41.441151],[31.77233,41.440928],[31.77297,41.440854],[31.773142,41.440282],[31.773342,41.439539],[31.773771,41.438824],[31.774285,41.437995],[31.775107,41.437663],[31.775629,41.437452],[31.777172,41.436881],[31.778973,41.437109],[31.779774,41.437224],[31.780537,41.437202],[31.780817,41.437192],[31.78186,41.437109],[31.78322,41.437502],[31.783871,41.437699],[31.784461,41.437881],[31.784912,41.437721],[31.785833,41.437395],[31.786462,41.437252],[31.787041,41.436864],[31.787977,41.436195],[31.788949,41.435766],[31.789835,41.434708],[31.79045,41.433889],[31.791746,41.433203],[31.792775,41.433393],[31.793461,41.434079],[31.794071,41.434308],[31.794947,41.43408],[31.79571,41.433775],[31.796586,41.433317],[31.797081,41.432669],[31.797768,41.432174],[31.798107,41.431613],[31.798644,41.43084],[31.798971,41.430426],[31.799216,41.430116],[31.799811,41.429471],[31.80013,41.429125],[31.800689,41.428671],[31.801002,41.428385],[31.801312,41.428096],[31.801693,41.42741],[31.801655,41.426647],[31.801388,41.426152],[31.801165,41.425688],[31.801579,41.425161],[31.801928,41.425017],[31.802226,41.424894],[31.802715,41.424837],[31.803523,41.424475],[31.803789,41.423713],[31.804018,41.422836],[31.804628,41.422112],[31.8049,41.421636],[31.804666,41.421273],[31.804284,41.421105],[31.803713,41.420854],[31.802113,41.419978],[31.801274,41.418568],[31.801205,41.418201],[31.801045,41.417348],[31.800639,41.416756],[31.799292,41.416205],[31.798787,41.416025],[31.798111,41.415785],[31.797688,41.415401],[31.797272,41.415023],[31.796967,41.413994],[31.797081,41.412889],[31.797501,41.412012],[31.797595,41.411598],[31.797691,41.411174],[31.797691,41.409954],[31.797348,41.408696],[31.796738,41.407972],[31.795848,41.40696],[31.795099,41.406867],[31.793156,41.406867],[31.791784,41.407096],[31.791304,41.407206],[31.790793,41.407324],[31.789078,41.407362],[31.787477,41.407286],[31.785686,41.407096],[31.785216,41.407178],[31.784161,41.407362],[31.782904,41.407515],[31.779835,41.407947],[31.777447,41.407947],[31.776337,41.407843],[31.775262,41.407744],[31.77463,41.40746],[31.773788,41.407083],[31.772772,41.406117],[31.771552,41.405457],[31.770638,41.405304],[31.769621,41.404796],[31.769557,41.40422],[31.76952,41.403882],[31.768707,41.402306],[31.768513,41.401983],[31.767944,41.401036],[31.76708,41.400172],[31.766334,41.399134],[31.766166,41.398901],[31.766217,41.397377],[31.766217,41.396157],[31.76581,41.394582],[31.76584,41.394272],[31.766013,41.392447],[31.766623,41.390567],[31.767436,41.38823],[31.768656,41.386807],[31.771197,41.384571],[31.774297,41.381674],[31.775696,41.380753],[31.77638,41.380302],[31.778514,41.37893],[31.780055,41.377895],[31.781691,41.376796],[31.784672,41.374447],[31.787292,41.37246],[31.791447,41.368846],[31.791815,41.368545],[31.792441,41.368032],[31.794519,41.365684],[31.795332,41.364532],[31.796687,41.362613],[31.799849,41.358818],[31.801566,41.355024],[31.80274,41.3515],[31.803282,41.349694],[31.803553,41.34884],[31.803914,41.347706],[31.806624,41.344815],[31.808973,41.343008],[31.809911,41.342478],[31.811051,41.341834],[31.813581,41.340117],[31.816257,41.33811],[31.816833,41.337678],[31.818126,41.336282],[31.819091,41.335239],[31.820235,41.333912],[31.82135,41.332619],[31.821954,41.331612],[31.822977,41.329908],[31.823399,41.329063],[31.823699,41.328463],[31.823248,41.325753],[31.822366,41.324997],[31.821982,41.324669],[31.820537,41.323585],[31.818911,41.322681],[31.818369,41.321326],[31.817736,41.320513],[31.816878,41.320299],[31.816291,41.320152],[31.814484,41.320062],[31.812587,41.320242],[31.811413,41.3197],[31.810419,41.318074],[31.809299,41.316456],[31.808793,41.315725],[31.807347,41.314822],[31.805269,41.313467],[31.802668,41.311683],[31.802107,41.311298],[31.800196,41.310312],[31.799307,41.309853],[31.796958,41.308317],[31.796133,41.307864],[31.795151,41.307324],[31.794248,41.30642],[31.793435,41.304162],[31.793164,41.301361],[31.792893,41.299464],[31.792621,41.297296],[31.791989,41.294224],[31.791176,41.292327],[31.790634,41.289797],[31.790363,41.286726],[31.790634,41.282841],[31.790671,41.2823],[31.790815,41.280221],[31.790671,41.278836],[31.790544,41.277601],[31.789651,41.275407],[31.788726,41.274146],[31.787303,41.273062],[31.786083,41.271639],[31.785676,41.269877],[31.785677,41.268251],[31.786022,41.264442],[31.782349,41.264909],[31.776447,41.265982],[31.771738,41.267055],[31.765061,41.268248],[31.761782,41.269321],[31.758682,41.270871],[31.756357,41.273434],[31.755821,41.274626],[31.754748,41.277249],[31.754688,41.279395],[31.754867,41.281363],[31.754748,41.284641],[31.754211,41.28643],[31.752423,41.288814],[31.751648,41.290007],[31.749025,41.29102],[31.746104,41.291914],[31.739665,41.293226],[31.73585,41.293643],[31.731916,41.294418],[31.72816,41.295372],[31.726252,41.295432],[31.723748,41.295372],[31.719635,41.295253],[31.714926,41.295551],[31.711051,41.295372],[31.707414,41.295253],[31.705149,41.295134],[31.703837,41.295372],[31.702168,41.295193],[31.701095,41.294716],[31.700082,41.294239],[31.69883,41.293643],[31.697399,41.293464],[31.695611,41.293822],[31.693882,41.294597],[31.691795,41.295372],[31.688934,41.296624],[31.687503,41.29716],[31.686311,41.297458],[31.684463,41.298174],[31.682913,41.299128],[31.680528,41.299485],[31.673851,41.301035],[31.669619,41.302645],[31.666638,41.304731],[31.664969,41.306341],[31.663121,41.309501],[31.662882,41.310216],[31.663121,41.312958],[31.663419,41.319337],[31.664194,41.325537],[31.664194,41.329233],[31.664075,41.331975],[31.663479,41.335492],[31.662405,41.339844],[31.661511,41.341334],[31.659723,41.343242],[31.658113,41.345984],[31.656623,41.348965],[31.65555,41.352184],[31.654954,41.35439],[31.654477,41.356596],[31.654656,41.359517],[31.654775,41.361305],[31.654059,41.363213],[31.65239,41.365299],[31.649886,41.365538],[31.648456,41.366015],[31.647621,41.367147],[31.647323,41.36834],[31.647323,41.369592],[31.648277,41.371857],[31.651258,41.375493],[31.655967,41.381514],[31.658888,41.385449],[31.661094,41.390218],[31.661511,41.39153],[31.660856,41.392722],[31.659544,41.394451],[31.659067,41.395881],[31.658352,41.39761],[31.657457,41.399101],[31.65704,41.400054],[31.65704,41.401247],[31.656957,41.402848],[31.656884,41.403214],[31.656551,41.403613]]]}},{"type":"Feature","properties":{"id":"TR-D-67-008","parent_id":"TR-P-67","region_id":"TR-R-KAR","level":"district","municipality_type":null,"municipality_type_label":null,"is_metropolitan_municipality":null,"name":"Zonguldak","name_ascii":"zonguldak","slug":"zonguldak-zonguldak"},"geometry":{"type":"Polygon","coordinates":[[[31.752691,41.449188],[31.754707,41.451026],[31.755858,41.452437],[31.75581,41.454135],[31.755795,41.454686],[31.757937,41.455233],[31.758995,41.455485],[31.759169,41.4555],[31.760828,41.455641],[31.761133,41.455649],[31.761585,41.455563],[31.761749,41.455422],[31.761858,41.455376],[31.762311,41.455461],[31.76241,41.455443],[31.762577,41.455463],[31.762745,41.455529],[31.762943,41.455595],[31.763535,41.455724],[31.763761,41.455716],[31.763874,41.455747],[31.763943,41.455806],[31.764083,41.45587],[31.764118,41.45588],[31.764242,41.455919],[31.764518,41.455887],[31.764623,41.455893],[31.764719,41.455926],[31.764942,41.455887],[31.765067,41.455911],[31.765182,41.456042],[31.765355,41.456102],[31.765454,41.456141],[31.765543,41.456172],[31.765636,41.456165],[31.765852,41.456063],[31.765927,41.456042],[31.766032,41.455922],[31.766334,41.455784],[31.766412,41.455808],[31.766469,41.455757],[31.766343,41.45556],[31.766295,41.455485],[31.766298,41.455371],[31.766415,41.455234],[31.766583,41.45512],[31.766749,41.455014],[31.766823,41.454958],[31.766875,41.454897],[31.766939,41.45486],[31.767039,41.454894],[31.767111,41.454822],[31.767298,41.454863],[31.767568,41.454954],[31.767733,41.45503],[31.767949,41.455088],[31.768015,41.455111],[31.768045,41.455121],[31.768159,41.455124],[31.768273,41.455094],[31.768445,41.455098],[31.768664,41.454929],[31.768704,41.454908],[31.768949,41.454783],[31.768985,41.454826],[31.769029,41.454879],[31.769114,41.454853],[31.769183,41.454778],[31.769496,41.454738],[31.769581,41.454776],[31.769663,41.454745],[31.769743,41.454614],[31.769747,41.454609],[31.769749,41.454613],[31.769818,41.454739],[31.769936,41.454719],[31.77,41.454577],[31.770062,41.454532],[31.770087,41.454514],[31.770223,41.45449],[31.770245,41.454486],[31.770347,41.454518],[31.770509,41.454486],[31.770853,41.454431],[31.770879,41.454339],[31.771154,41.454392],[31.771348,41.454416],[31.772077,41.454372],[31.772179,41.454324],[31.772155,41.454213],[31.772222,41.454116],[31.772338,41.454199],[31.772449,41.454353],[31.772604,41.454426],[31.772836,41.454397],[31.772807,41.454271],[31.772874,41.45417],[31.772947,41.454232],[31.772947,41.454348],[31.773072,41.454363],[31.773266,41.454305],[31.773329,41.454324],[31.773382,41.454247],[31.773542,41.45437],[31.773745,41.454405],[31.77377,41.454216],[31.773904,41.454147],[31.773998,41.454008],[31.774147,41.453939],[31.774468,41.453984],[31.774538,41.453929],[31.774643,41.453897],[31.774934,41.454041],[31.774979,41.454139],[31.774983,41.454225],[31.775069,41.45427],[31.775163,41.454258],[31.775294,41.454348],[31.775536,41.454422],[31.775757,41.454385],[31.775926,41.454254],[31.775901,41.454168],[31.775975,41.454115],[31.776003,41.454009],[31.776417,41.453951],[31.776614,41.453942],[31.776995,41.454012],[31.777467,41.454102],[31.777736,41.454188],[31.777971,41.454225],[31.778419,41.454406],[31.778529,41.454442],[31.77964,41.45499],[31.78036,41.455504],[31.780885,41.456039],[31.781091,41.456389],[31.781193,41.456718],[31.781008,41.457016],[31.781029,41.45714],[31.781183,41.457222],[31.781348,41.457171],[31.781379,41.457037],[31.781574,41.45678],[31.782027,41.456564],[31.782294,41.456399],[31.781661,41.455348],[31.783066,41.454671],[31.785859,41.453274],[31.786708,41.45285],[31.786903,41.452788],[31.787209,41.453364],[31.787345,41.453447],[31.787067,41.453838],[31.786965,41.453981],[31.786029,41.455288],[31.786564,41.455473],[31.787426,41.454323],[31.788435,41.452977],[31.788522,41.453016],[31.788709,41.453136],[31.787713,41.454485],[31.787581,41.454664],[31.787212,41.455165],[31.787222,41.455298],[31.787726,41.455864],[31.787829,41.456101],[31.787726,41.457047],[31.787531,41.457109],[31.787315,41.457311],[31.787547,41.457255],[31.787551,41.457316],[31.787542,41.45751],[31.787457,41.457775],[31.787452,41.457856],[31.787409,41.457993],[31.7874,41.458125],[31.787362,41.458258],[31.787286,41.458527],[31.787362,41.458627],[31.78748,41.459034],[31.787604,41.459043],[31.787528,41.459124],[31.787551,41.459185],[31.787495,41.459261],[31.787589,41.459403],[31.787698,41.459412],[31.787703,41.459521],[31.787807,41.459569],[31.787987,41.45981],[31.788077,41.460099],[31.788138,41.460288],[31.788119,41.460411],[31.788157,41.460501],[31.788067,41.460628],[31.787944,41.460676],[31.78775,41.460865],[31.787632,41.460905],[31.787688,41.460974],[31.787438,41.461214],[31.787257,41.46131],[31.787151,41.46129],[31.787069,41.461244],[31.786512,41.46069],[31.786344,41.460539],[31.786262,41.460496],[31.786051,41.460302],[31.785988,41.460236],[31.785797,41.460055],[31.785899,41.459996],[31.785664,41.459782],[31.78556,41.459837],[31.785003,41.45933],[31.785064,41.45926],[31.784918,41.459183],[31.784839,41.459152],[31.784239,41.459099],[31.783839,41.459098],[31.78353,41.459057],[31.783185,41.459058],[31.782714,41.458989],[31.782285,41.458989],[31.781453,41.458933],[31.780899,41.458905],[31.780511,41.45885],[31.78004,41.458794],[31.779596,41.458462],[31.779291,41.458393],[31.779147,41.458505],[31.779193,41.458705],[31.779594,41.458924],[31.780031,41.459079],[31.780332,41.459079],[31.780615,41.459125],[31.781444,41.459161],[31.781964,41.45917],[31.78273,41.459216],[31.783167,41.459234],[31.783505,41.459261],[31.783787,41.45927],[31.784221,41.459301],[31.784382,41.459349],[31.78464,41.459554],[31.784762,41.459677],[31.784876,41.459703],[31.785117,41.459821],[31.7852,41.459904],[31.785261,41.460014],[31.785349,41.460066],[31.785454,41.460162],[31.785659,41.460316],[31.785703,41.460416],[31.785865,41.460517],[31.786075,41.460753],[31.786171,41.460823],[31.786294,41.460941],[31.786438,41.461033],[31.786539,41.461112],[31.786578,41.461212],[31.78674,41.461282],[31.786792,41.461374],[31.786735,41.461532],[31.786722,41.461645],[31.786779,41.461764],[31.786862,41.461812],[31.7869,41.461921],[31.786998,41.461956],[31.787084,41.46194],[31.787197,41.461964],[31.787299,41.462021],[31.787326,41.462086],[31.78739,41.462174],[31.787431,41.462296],[31.787409,41.462384],[31.787414,41.462456],[31.787378,41.462597],[31.787321,41.462709],[31.787216,41.462774],[31.787012,41.462776],[31.786929,41.462784],[31.786843,41.462759],[31.786687,41.462829],[31.786661,41.462929],[31.786659,41.463023],[31.786683,41.463132],[31.786766,41.463187],[31.786838,41.463183],[31.786879,41.463178],[31.786931,41.46323],[31.786953,41.463307],[31.786924,41.463383],[31.786929,41.463481],[31.786891,41.46357],[31.786881,41.463642],[31.786903,41.463732],[31.7869,41.463847],[31.786871,41.463938],[31.786881,41.464074],[31.786874,41.464196],[31.786869,41.464249],[31.786868,41.464367],[31.786795,41.464454],[31.786812,41.464555],[31.786857,41.464626],[31.786917,41.464674],[31.787039,41.464717],[31.787106,41.46477],[31.787335,41.464853],[31.7875,41.464947],[31.787579,41.465042],[31.787663,41.465116],[31.787739,41.46519],[31.787878,41.465258],[31.788052,41.46536],[31.788239,41.465428],[31.788336,41.465441],[31.78843,41.465428],[31.788561,41.465462],[31.788731,41.465576],[31.788816,41.465576],[31.78899,41.465542],[31.789057,41.465487],[31.789159,41.465475],[31.789287,41.465559],[31.789456,41.465657],[31.789643,41.465721],[31.789715,41.465789],[31.789807,41.465813],[31.789862,41.46589],[31.789972,41.465968],[31.790045,41.466007],[31.790186,41.46601],[31.790256,41.466026],[31.790312,41.466035],[31.790415,41.466151],[31.790582,41.46618],[31.790718,41.466174],[31.790798,41.466165],[31.790889,41.466176],[31.790922,41.466193],[31.790952,41.466222],[31.791024,41.466295],[31.79108,41.466306],[31.791137,41.466321],[31.791232,41.466317],[31.791327,41.466327],[31.791427,41.466441],[31.791498,41.466519],[31.791754,41.466572],[31.791828,41.46662],[31.791929,41.466661],[31.792111,41.466623],[31.792174,41.466664],[31.7923,41.466683],[31.792404,41.466783],[31.792467,41.466854],[31.792601,41.466917],[31.792731,41.46695],[31.792844,41.466965],[31.792953,41.467017],[31.79302,41.467039],[31.793025,41.466888],[31.793072,41.466789],[31.793114,41.466615],[31.793119,41.466483],[31.792897,41.466204],[31.792798,41.46603],[31.792539,41.465827],[31.792525,41.465643],[31.792647,41.465492],[31.792692,41.465468],[31.792841,41.465388],[31.793086,41.465403],[31.793147,41.465478],[31.793086,41.465521],[31.793157,41.465577],[31.793298,41.465487],[31.793501,41.46553],[31.793676,41.465563],[31.793732,41.465638],[31.793827,41.465643],[31.79391,41.465697],[31.794048,41.465704],[31.794195,41.465742],[31.794303,41.465775],[31.794426,41.46587],[31.794572,41.465822],[31.794671,41.465719],[31.794732,41.465719],[31.794836,41.465761],[31.794968,41.465742],[31.795171,41.465738],[31.79543,41.465728],[31.795497,41.465639],[31.795501,41.465582],[31.795567,41.465478],[31.795808,41.465549],[31.795907,41.465676],[31.795973,41.465634],[31.795953,41.465568],[31.79606,41.465552],[31.796114,41.465574],[31.796169,41.465599],[31.796268,41.465601],[31.796322,41.465656],[31.796388,41.465659],[31.796494,41.465713],[31.796593,41.465812],[31.796686,41.465973],[31.796809,41.465973],[31.796864,41.466055],[31.796937,41.466088],[31.797028,41.466036],[31.797137,41.466069],[31.797129,41.466165],[31.797088,41.466203],[31.797061,41.46629],[31.797036,41.466449],[31.797167,41.466564],[31.797227,41.466728],[31.797323,41.466769],[31.797457,41.466802],[31.797564,41.466804],[31.797643,41.466837],[31.797747,41.466895],[31.797859,41.466906],[31.797977,41.466914],[31.798052,41.466927],[31.798134,41.466879],[31.798218,41.466861],[31.798313,41.466858],[31.798385,41.466899],[31.7985,41.466879],[31.798639,41.46692],[31.798675,41.466986],[31.798759,41.467035],[31.798841,41.467114],[31.798744,41.467283],[31.79879,41.467371],[31.798877,41.467401],[31.798979,41.467394],[31.79902,41.467475],[31.799146,41.467465],[31.799338,41.467412],[31.799446,41.467432],[31.799543,41.46747],[31.799638,41.467483],[31.799871,41.467593],[31.799953,41.467691],[31.799992,41.467786],[31.800032,41.468083],[31.80004,41.468434],[31.799956,41.468662],[31.799789,41.468846],[31.799707,41.468892],[31.799633,41.468895],[31.799584,41.468857],[31.799456,41.468759],[31.79941,41.468805],[31.799266,41.468746],[31.799151,41.468757],[31.799077,41.468834],[31.798969,41.468852],[31.798898,41.468887],[31.79891,41.468967],[31.798657,41.469167],[31.798705,41.469251],[31.798805,41.469282],[31.798816,41.469351],[31.798749,41.469313],[31.798694,41.469343],[31.798782,41.469449],[31.79887,41.469549],[31.799053,41.46959],[31.798994,41.469726],[31.799117,41.469702],[31.799265,41.46982],[31.799471,41.469773],[31.799553,41.469808],[31.799647,41.469791],[31.799665,41.469567],[31.799712,41.469449],[31.799848,41.469384],[31.800007,41.469378],[31.800113,41.469396],[31.800289,41.469314],[31.800448,41.469314],[31.800631,41.469425],[31.800743,41.469561],[31.800855,41.469596],[31.800884,41.469679],[31.800857,41.469757],[31.80081,41.469822],[31.800712,41.469848],[31.800664,41.469931],[31.800534,41.470007],[31.800592,41.47008],[31.800719,41.470175],[31.800839,41.470274],[31.800867,41.470189],[31.801199,41.470182],[31.801249,41.470097],[31.801404,41.47014],[31.801461,41.47026],[31.801461,41.47038],[31.801595,41.470486],[31.801765,41.470564],[31.801871,41.470536],[31.802098,41.470628],[31.802253,41.47067],[31.802508,41.470706],[31.80267,41.470932],[31.802784,41.47113],[31.802925,41.471448],[31.802982,41.471724],[31.80296,41.472014],[31.802869,41.472177],[31.802748,41.472212],[31.802564,41.472198],[31.802424,41.472211],[31.802337,41.472219],[31.802218,41.47223],[31.802027,41.472247],[31.801977,41.472283],[31.8019,41.472417],[31.80179,41.472578],[31.801779,41.472594],[31.801758,41.472721],[31.801822,41.472799],[31.801808,41.47287],[31.801673,41.473153],[31.80156,41.473372],[31.801518,41.473577],[31.801567,41.473669],[31.801645,41.473704],[31.801751,41.473711],[31.801878,41.473704],[31.801984,41.473747],[31.802126,41.473825],[31.802204,41.473839],[31.802281,41.473817],[31.802381,41.473789],[31.802423,41.473832],[31.802564,41.473817],[31.802664,41.47381],[31.802762,41.473782],[31.802918,41.473754],[31.803045,41.47374],[31.803137,41.47374],[31.803272,41.473789],[31.803569,41.473839],[31.80376,41.473952],[31.803944,41.474115],[31.80434,41.474192],[31.804573,41.47427],[31.804757,41.47427],[31.804891,41.474291],[31.805054,41.474277],[31.805196,41.474277],[31.805316,41.47427],[31.805317,41.47427],[31.80545,41.474221],[31.805493,41.474143],[31.805613,41.474143],[31.805648,41.474256],[31.80569,41.474341],[31.805641,41.474381],[31.80562,41.474397],[31.805606,41.474482],[31.80562,41.474567],[31.805931,41.474666],[31.806073,41.474673],[31.806172,41.474716],[31.806256,41.474801],[31.806391,41.474822],[31.806532,41.474801],[31.806683,41.474722],[31.806695,41.474716],[31.80678,41.474702],[31.80685,41.474574],[31.80719,41.474547],[31.807537,41.474567],[31.807797,41.47459],[31.808286,41.474635],[31.808489,41.474666],[31.808635,41.474708],[31.808773,41.474753],[31.808934,41.474829],[31.809002,41.474884],[31.809107,41.475056],[31.809141,41.475089],[31.809177,41.475125],[31.809214,41.475161],[31.809297,41.475201],[31.809437,41.475224],[31.809668,41.475273],[31.809815,41.475303],[31.809932,41.475365],[31.810089,41.475359],[31.81019,41.475392],[31.810315,41.475482],[31.810554,41.475455],[31.810739,41.475389],[31.810874,41.475438],[31.811005,41.475487],[31.811168,41.475574],[31.811401,41.475612],[31.81158,41.475612],[31.811825,41.475743],[31.813802,41.476036],[31.814432,41.47621],[31.814867,41.476438],[31.815149,41.476657],[31.815516,41.476886],[31.815752,41.477024],[31.81582,41.477076],[31.815961,41.477198],[31.816056,41.477287],[31.8161,41.477328],[31.816135,41.477375],[31.81623,41.477499],[31.816322,41.477661],[31.816386,41.477829],[31.816388,41.477869],[31.816392,41.477955],[31.816417,41.478047],[31.816424,41.478228],[31.816338,41.478279],[31.816383,41.478393],[31.816376,41.478786],[31.816443,41.478827],[31.816541,41.478838],[31.816659,41.478807],[31.817011,41.478933],[31.817316,41.479064],[31.817441,41.479139],[31.817559,41.479227],[31.817691,41.479284],[31.817779,41.479298],[31.817885,41.479311],[31.818265,41.479401],[31.820192,41.480053],[31.820227,41.480065],[31.822991,41.482157],[31.823668,41.481424],[31.824446,41.480488],[31.824856,41.479977],[31.825466,41.479001],[31.825703,41.478497],[31.825954,41.477964],[31.826137,41.477821],[31.826407,41.477611],[31.827783,41.477171],[31.829064,41.476561],[31.829491,41.475646],[31.829596,41.475015],[31.829735,41.474182],[31.830467,41.472353],[31.830724,41.471784],[31.831626,41.469791],[31.83254,41.467657],[31.833455,41.465278],[31.834195,41.463913],[31.835041,41.4629],[31.837359,41.461009],[31.838971,41.460318],[31.839493,41.460094],[31.84114,41.460094],[31.844372,41.45985],[31.847117,41.459911],[31.850044,41.459972],[31.851996,41.459972],[31.85258,41.459891],[31.854191,41.459667],[31.855716,41.459118],[31.858029,41.458072],[31.858278,41.457959],[31.859819,41.457159],[31.861327,41.456496],[31.862161,41.455734],[31.86273,41.455215],[31.86342,41.454525],[31.864377,41.453568],[31.865135,41.45176],[31.866206,41.449299],[31.867853,41.446432],[31.86847,41.445633],[31.869927,41.443749],[31.870166,41.443533],[31.875065,41.443993],[31.881727,41.444945],[31.891816,41.444374],[31.896766,41.446467],[31.898288,41.448371],[31.897908,41.455985],[31.903428,41.459792],[31.90971,41.459221],[31.916182,41.457318],[31.924558,41.460554],[31.930649,41.455224],[31.937502,41.449323],[31.942832,41.445135],[31.943974,41.434665],[31.943403,41.429335],[31.944545,41.422292],[31.948543,41.422673],[31.953111,41.425147],[31.956347,41.426861],[31.965865,41.432191],[31.965865,41.429526],[31.971005,41.425719],[31.976707,41.424497],[31.972337,41.420389],[31.964913,41.418675],[31.957299,41.416391],[31.955776,41.41582],[31.962439,41.415439],[31.963962,41.415059],[31.966417,41.411988],[31.967753,41.412157],[31.970224,41.412651],[31.971412,41.412889],[31.973852,41.413194],[31.977511,41.413133],[31.978464,41.413302],[31.978538,41.413001],[31.980368,41.407437],[31.982272,41.400993],[31.982272,41.398138],[31.980807,41.393964],[31.97949,41.390011],[31.979636,41.388546],[31.981613,41.386569],[31.985933,41.383787],[31.989521,41.381883],[31.993035,41.380419],[31.998673,41.378661],[32.003139,41.377344],[32.005849,41.376026],[32.010022,41.372657],[32.013463,41.367825],[32.018296,41.359624],[32.022616,41.354572],[32.03089,41.347543],[32.035502,41.343223],[32.039017,41.339782],[32.040994,41.336341],[32.042165,41.334144],[32.042532,41.33246],[32.042824,41.330996],[32.044142,41.328433],[32.045094,41.325943],[32.046266,41.323454],[32.046998,41.320891],[32.047584,41.320232],[32.046826,41.319504],[32.046275,41.319274],[32.04613,41.319214],[32.045492,41.319214],[32.044564,41.31933],[32.043288,41.319214],[32.042302,41.318634],[32.041722,41.318054],[32.040325,41.317902],[32.039054,41.317764],[32.036792,41.317764],[32.03637,41.31768],[32.034472,41.3173],[32.032238,41.316655],[32.031861,41.316546],[32.030162,41.316181],[32.025655,41.315212],[32.022581,41.314466],[32.019681,41.313762],[32.017245,41.312486],[32.016027,41.311848],[32.013359,41.310253],[32.010691,41.308658],[32.007443,41.305815],[32.004601,41.303669],[32.003034,41.303064],[32.002048,41.302683],[31.99996,41.302393],[31.999295,41.302449],[31.998568,41.302509],[31.997292,41.303205],[31.995668,41.304191],[31.99474,41.305293],[31.993696,41.307556],[31.99358,41.309122],[31.99358,41.31005],[31.993116,41.310804],[31.992072,41.311906],[31.991376,41.312718],[31.990216,41.313588],[31.98749,41.315096],[31.985228,41.316256],[31.983475,41.317084],[31.98314,41.317242],[31.98169,41.31759],[31.98024,41.318228],[31.979602,41.319446],[31.978442,41.321244],[31.97792,41.32165],[31.977479,41.321818],[31.976702,41.322114],[31.974903,41.322114],[31.973859,41.321824],[31.97304,41.322056],[31.971344,41.321795],[31.968908,41.321491],[31.968865,41.321493],[31.967341,41.321578],[31.965775,41.321491],[31.964514,41.320751],[31.963057,41.320161],[31.962687,41.320011],[31.96238,41.319877],[31.961599,41.319533],[31.959852,41.317474],[31.95846,41.315734],[31.957648,41.313762],[31.956314,41.312544],[31.952022,41.311442],[31.949064,41.311442],[31.94657,41.312196],[31.946105,41.313762],[31.94657,41.315618],[31.947788,41.318518],[31.948373,41.319614],[31.949586,41.321882],[31.950222,41.323623],[31.950456,41.32426],[31.950514,41.32629],[31.950456,41.328436],[31.949412,41.330176],[31.947498,41.331452],[31.945815,41.332206],[31.943785,41.33238],[31.942161,41.331974],[31.939493,41.332438],[31.937753,41.333946],[31.936651,41.335396],[31.93622,41.335716],[31.935317,41.336383],[31.934776,41.336518],[31.933693,41.336789],[31.931431,41.336963],[31.930155,41.336847],[31.928589,41.335687],[31.926965,41.3347],[31.925437,41.333434],[31.924935,41.333018],[31.923427,41.331684],[31.923083,41.331032],[31.922847,41.330582],[31.921861,41.328958],[31.920295,41.327284],[31.920179,41.32716],[31.919135,41.325942],[31.918617,41.325331],[31.917859,41.324434],[31.916756,41.322926],[31.915306,41.321476],[31.914784,41.321101],[31.91345,41.320142],[31.912828,41.319953],[31.910782,41.31933],[31.908694,41.318692],[31.908346,41.318474],[31.907302,41.317822],[31.903822,41.315328],[31.902488,41.314284],[31.899743,41.313517],[31.898544,41.313182],[31.897732,41.312883],[31.89634,41.31237],[31.894368,41.311442],[31.891468,41.309238],[31.887988,41.306802],[31.883927,41.304771],[31.878997,41.302625],[31.877726,41.302171],[31.875749,41.301465],[31.874996,41.301056],[31.873081,41.300015],[31.871107,41.299152],[31.870297,41.298797],[31.867803,41.297405],[31.866572,41.296745],[31.865425,41.296129],[31.862815,41.294853],[31.862108,41.294012],[31.861597,41.293403],[31.860954,41.292408],[31.860249,41.291315],[31.85963,41.289691],[31.855496,41.290245],[31.850369,41.290126],[31.84715,41.289709],[31.8425,41.288874],[31.838267,41.287324],[31.833856,41.284641],[31.830756,41.282078],[31.828014,41.279395],[31.824616,41.276892],[31.819668,41.273374],[31.814004,41.270274],[31.811501,41.268963],[31.806791,41.266876],[31.802976,41.264909],[31.79922,41.264134],[31.792662,41.263657],[31.789384,41.264015],[31.786719,41.264354],[31.786022,41.264442],[31.785677,41.268251],[31.785676,41.269877],[31.786083,41.271639],[31.787303,41.273062],[31.788726,41.274146],[31.789651,41.275407],[31.790544,41.277601],[31.790671,41.278836],[31.790815,41.280221],[31.790671,41.2823],[31.790634,41.282841],[31.790363,41.286726],[31.790634,41.289797],[31.791176,41.292327],[31.791989,41.294224],[31.792621,41.297296],[31.792893,41.299464],[31.793164,41.301361],[31.793435,41.304162],[31.794248,41.30642],[31.795151,41.307324],[31.796133,41.307864],[31.796958,41.308317],[31.799307,41.309853],[31.800196,41.310312],[31.802107,41.311298],[31.802668,41.311683],[31.805269,41.313467],[31.807347,41.314822],[31.808793,41.315725],[31.809299,41.316456],[31.810419,41.318074],[31.811413,41.3197],[31.812587,41.320242],[31.814484,41.320062],[31.816291,41.320152],[31.816878,41.320299],[31.817736,41.320513],[31.818369,41.321326],[31.818911,41.322681],[31.820537,41.323585],[31.821982,41.324669],[31.822366,41.324997],[31.823248,41.325753],[31.823699,41.328463],[31.823399,41.329063],[31.822977,41.329908],[31.821954,41.331612],[31.82135,41.332619],[31.820235,41.333912],[31.819091,41.335239],[31.818126,41.336282],[31.816833,41.337678],[31.816257,41.33811],[31.813581,41.340117],[31.811051,41.341834],[31.809911,41.342478],[31.808973,41.343008],[31.806624,41.344815],[31.803914,41.347706],[31.803553,41.34884],[31.803282,41.349694],[31.80274,41.3515],[31.801566,41.355024],[31.799849,41.358818],[31.796687,41.362613],[31.795332,41.364532],[31.794519,41.365684],[31.792441,41.368032],[31.791815,41.368545],[31.791447,41.368846],[31.787292,41.37246],[31.784672,41.374447],[31.781691,41.376796],[31.780055,41.377895],[31.778514,41.37893],[31.77638,41.380302],[31.775696,41.380753],[31.774297,41.381674],[31.771197,41.384571],[31.768656,41.386807],[31.767436,41.38823],[31.766623,41.390567],[31.766013,41.392447],[31.76584,41.394272],[31.76581,41.394582],[31.766217,41.396157],[31.766217,41.397377],[31.766166,41.398901],[31.766334,41.399134],[31.76708,41.400172],[31.767944,41.401036],[31.768513,41.401983],[31.768707,41.402306],[31.76952,41.403882],[31.769557,41.40422],[31.769621,41.404796],[31.770638,41.405304],[31.771552,41.405457],[31.772772,41.406117],[31.773788,41.407083],[31.77463,41.40746],[31.775262,41.407744],[31.776337,41.407843],[31.777447,41.407947],[31.779835,41.407947],[31.782904,41.407515],[31.784161,41.407362],[31.785216,41.407178],[31.785686,41.407096],[31.787477,41.407286],[31.789078,41.407362],[31.790793,41.407324],[31.791304,41.407206],[31.791784,41.407096],[31.793156,41.406867],[31.795099,41.406867],[31.795848,41.40696],[31.796738,41.407972],[31.797348,41.408696],[31.797691,41.409954],[31.797691,41.411174],[31.797595,41.411598],[31.797501,41.412012],[31.797081,41.412889],[31.796967,41.413994],[31.797272,41.415023],[31.797688,41.415401],[31.798111,41.415785],[31.798787,41.416025],[31.799292,41.416205],[31.800639,41.416756],[31.801045,41.417348],[31.801205,41.418201],[31.801274,41.418568],[31.802113,41.419978],[31.803713,41.420854],[31.804284,41.421105],[31.804666,41.421273],[31.8049,41.421636],[31.804628,41.422112],[31.804018,41.422836],[31.803789,41.423713],[31.803523,41.424475],[31.802715,41.424837],[31.802226,41.424894],[31.801928,41.425017],[31.801579,41.425161],[31.801165,41.425688],[31.801388,41.426152],[31.801655,41.426647],[31.801693,41.42741],[31.801312,41.428096],[31.801002,41.428385],[31.800689,41.428671],[31.80013,41.429125],[31.799811,41.429471],[31.799216,41.430116],[31.798971,41.430426],[31.798644,41.43084],[31.798107,41.431613],[31.797768,41.432174],[31.797081,41.432669],[31.796586,41.433317],[31.79571,41.433775],[31.794947,41.43408],[31.794071,41.434308],[31.793461,41.434079],[31.792775,41.433393],[31.791746,41.433203],[31.79045,41.433889],[31.789835,41.434708],[31.788949,41.435766],[31.787977,41.436195],[31.787041,41.436864],[31.786462,41.437252],[31.785833,41.437395],[31.784912,41.437721],[31.784461,41.437881],[31.783871,41.437699],[31.78322,41.437502],[31.78186,41.437109],[31.780817,41.437192],[31.780537,41.437202],[31.779774,41.437224],[31.778973,41.437109],[31.777172,41.436881],[31.775629,41.437452],[31.775107,41.437663],[31.774285,41.437995],[31.773771,41.438824],[31.773342,41.439539],[31.773142,41.440282],[31.77297,41.440854],[31.77233,41.440928],[31.771804,41.441151],[31.771541,41.441368],[31.77137,41.441797],[31.771141,41.441997],[31.76934,41.441626],[31.768703,41.441557],[31.766889,41.441391],[31.766625,41.441511],[31.766155,41.441816],[31.76569,41.441941],[31.765338,41.441997],[31.764767,41.442312],[31.763738,41.443141],[31.763252,41.443798],[31.763012,41.443987],[31.762709,41.444227],[31.76248,41.444513],[31.762337,41.444999],[31.761994,41.44517],[31.76168,41.445399],[31.76168,41.445685],[31.761822,41.446028],[31.761822,41.446428],[31.761451,41.446656],[31.761046,41.446851],[31.760736,41.447],[31.760542,41.447297],[31.760593,41.447628],[31.760675,41.448064],[31.760279,41.448086],[31.759764,41.448086],[31.759169,41.448264],[31.758799,41.448327],[31.75865,41.4486],[31.758535,41.448857],[31.757735,41.448857],[31.757306,41.448743],[31.756892,41.448314],[31.756048,41.448629],[31.755753,41.448709],[31.755734,41.448429],[31.755971,41.448123],[31.755894,41.447864],[31.755448,41.448086],[31.755172,41.447869],[31.754677,41.448143],[31.752774,41.449142],[31.752691,41.449188]]]}}]}